Rank,Name,Symbol,marketcap,price (USD),country
1,NVIDIA,NVDA,5009871732736,206.84,United States
2,Apple,AAPL,4891182891008,333.02,United States
3,Alphabet (Google),GOOG,3902449909760,319.09,United States
4,Microsoft,MSFT,2835433652224,381.7,United States
5,Amazon,AMZN,2496832733184,232.11,United States
6,Broadcom,AVGO,1817015091200,381.92,United States
7,SpaceX,SPCX,1515953717248,115.07,United States
8,Meta Platforms (Facebook),META,1510844137472,595.19,United States
9,Tesla,TSLA,1236326809600,313.03,United States
10,Berkshire Hathaway,BRK-B,1067491590144,494.93,United States
11,Eli Lilly,LLY,1066549444608,1196.03,United States
12,Micron Technology,MU,1040114647040,920.95,United States
13,JPMorgan Chase,JPM,938902814720,353.21,United States
14,Walmart,WMT,871170899968,109.47,United States
15,AMD,AMD,851091980288,521.95,United States
16,Visa,V,676526292992,355.74,United States
17,Exxon Mobil,XOM,650508042240,156.94,United States
18,Johnson & Johnson,JNJ,634060931072,263.4,United States
19,Mastercard,MA,476834856960,539.66,United States
20,Intel,INTC,464000319488,92.32,United States
21,AbbVie,ABBV,458235346944,259.36,United States
22,Cisco,CSCO,449993572352,114.17,United States
23,Bank of America,BAC,435464896512,62.05,United States
24,Applied Materials,AMAT,425760751616,536.25,United States
25,Costco,COST,414665998336,935.03,United States
26,Caterpillar,CAT,409341886464,888.73,United States
27,Chevron,CVX,387943301120,194.79,United States
28,UnitedHealth,UNH,382092673024,420.74,United States
29,Lam Research,LRCX,381686775808,305.21,United States
30,General Electric,GE,367017000960,353.73,United States
31,Coca-Cola,KO,353879195648,82.25,United States
32,Procter & Gamble,PG,343258791936,147.41,United States
33,Morgan Stanley,MS,337162567680,214.48,United States
34,Home Depot,HD,332019924992,332.98,United States
35,Oracle,ORCL,331225366528,114.99,United States
36,Merck,MRK,323719921664,131.07,United States
37,Goldman Sachs,GS,313070714880,1061.23,United States
38,Philip Morris International,PM,300801851392,193.0,United States
39,Palantir,PLTR,294677577728,122.92,United States
40,Netflix,NFLX,291850518528,70.09,United States
41,RTX,RTX,286560747520,212.79,United States
42,Dell,DELL,282687307776,437.5,United States
43,KLA,KLAC,274997051392,210.52,United States
44,GE Vernova,GEV,270262009856,1014.75,United States
45,Palo Alto Networks,PANW,263888863232,323.79,United States
46,Wells Fargo,WFC,261391155200,86.31,United States
47,Texas Instruments,TXN,255282479104,279.58,United States
48,American Express,AXP,222554439680,326.17,United States
49,Citigroup,C,221735518208,132.19,United States
50,Arista Networks,ANET,219082899456,173.99,United States
51,Sandisk,SNDK,212739833856,1436.56,United States
52,Thermo Fisher Scientific,TMO,211177619456,568.26,United States
53,Amgen,AMGN,202951901184,376.04,United States
54,IBM,IBM,201795764224,214.19,United States
55,Verizon,VZ,193662418944,46.38,United States
56,T-Mobile US,TMUS,193177419776,180.09,United States
57,McDonald,MCD,188113534976,264.76,United States
58,Amphenol,APH,187819900928,152.67,United States
59,Nextera Energy,NEE,187245641728,89.78,United States
60,Pepsico,PEP,186650247168,136.64,United States
61,CrowdStrike,CRWD,186626555904,183.28,United States
62,Union Pacific Corporation,UNP,182459957248,307.32,United States
63,Analog Devices,ADI,181128183808,371.86,United States
64,Abbott Laboratories,ABT,179511263232,103.06,United States
65,Western Digital,WDC,179165773824,519.8,United States
66,Welltower,WELL,177939857408,252.07,United States
67,Charles Schwab,SCHW,177339645952,101.97,United States
68,QUALCOMM,QCOM,175986376704,166.97,United States
69,Marvell Technology,MRVL,174330052608,194.23,United States
70,BlackRock,BLK,171654397952,1055.67,United States
71,TJX Companies,TJX,170367516672,154.22,United States
72,Deere &amp; Company (John Deere),DE,169670590464,628.16,United States
73,AT&T,T,165348065280,24.13,United States
74,Boeing,BA,165165105152,209.52,United States
75,Walt Disney,DIS,164708106240,94.85,United States
76,Blackstone Group,BX,161798963200,130.0,United States
77,Gilead Sciences,GILD,160547405824,129.31,United States
78,Interactive Brokers,IBKR,155611414528,91.74,United States
79,ConocoPhillips,COP,146512035840,120.26,United States
80,Prologis,PLD,140853198848,147.63,United States
81,Southern Copper,SCCO,140569165824,179.29,United States
82,Pfizer,PFE,139864358912,24.54,United States
83,Booking Holdings (Booking.com),BKNG,137509945344,177.46,United States
84,CVS Health,CVS,137468411904,107.74,United States
85,Danaher,DHR,134621831168,191.5,United States
86,Uber,UBER,134227402752,65.94,United States
87,Salesforce,CRM,134037544960,163.66,United States
88,Lockheed Martin,LMT,133997993984,582.6,United States
89,AppLovin,APP,131681574912,391.98,United States
90,Bristol-Myers Squibb,BMY,126792204288,62.09,United States
91,Stryker Corporation,SYK,126604894208,330.25,United States
92,S&P Global,SPGI,126214397952,426.4,United States
93,Corning,GLW,126212530176,146.65,United States
94,Parker-Hannifin,PH,124515352576,987.54,United States
95,Capital One,COF,124442345472,202.84,United States
96,Progressive,PGR,124320759808,213.83,United States
97,Altria Group,MO,121885351936,72.99,United States
98,Vertex Pharmaceuticals,VRTX,121156550656,477.36,United States
99,Intuitive Surgical,ISRG,120918843392,337.5,United States
100,Starbucks,SBUX,117674024960,103.25,United States
101,Lowe's Companies,LOW,116486037504,207.64,United States
102,Howmet Aerospace,HWM,115735093248,289.26,United States
103,Fortinet,FTNT,111633629184,152.37,United States
104,Vertiv Holdings,VRT,111529828352,290.36,United States
105,Southern Company,SO,109630029824,97.25,United States
106,Equinix,EQIX,106932355072,1084.24,United States
107,General Dynamics,GD,104588869632,386.75,United States
108,ServiceNow,NOW,102124888064,98.78,United States
109,Duke Energy,DUK,101752905728,130.52,United States
110,PNC Financial Services,PNC,100145012736,250.99,United States
111,Automatic Data Processing,ADP,99969540096,250.09,United States
112,U.S. Bancorp,USB,99648102400,63.97,United States
113,Newmont,NEM,99485245440,93.19,United States
114,Marriott International,MAR,98732933120,374.43,United States
115,CSX Corporation,CSX,98607235072,53.23,United States
116,McKesson,MCK,98450677760,840.9,United States
117,Constellation Energy,CEG,97970937856,274.35,United States
118,United Parcel Service,UPS,97572216832,114.79,United States
119,Waste Management,WM,95876210688,238.75,United States
120,BNY Mellon (Bank of New York Mellon),BK,94143750144,137.16,United States
121,Quanta Services,PWR,93913645056,625.84,United States
122,Cloudflare,NET,93047398400,262.15,United States
123,Snowflake,SNOW,92909592576,268.06,United States
124,KKR & Co.,KKR,92647391232,99.36,United States
125,CME Group,CME,92249309184,255.31,United States
126,Cummins,CMI,91714437120,664.65,United States
127,Monster Beverage,MNST,91433975808,93.49,United States
128,Williams Companies,WMB,90501873664,74.0,United States
129,Marathon Petroleum,MPC,90278486016,309.24,United States
130,Freeport-McMoRan,FCX,89991241728,62.6,United States
131,Cadence Design Systems,CDNS,89982205952,326.24,United States
132,Valero Energy,VLO,89822158848,302.5,United States
133,Adobe,ADBE,89481224192,225.11,United States
134,3M,MMM,89024004096,172.62,United States
135,Datadog,DDOG,87872331776,246.86,United States
136,Simon Property Group,SPG,87311712256,229.78,United States
137,Marsh & McLennan Companies,MRSH,86251167744,180.74,United States
138,Robinhood,HOOD,85466939392,94.91,United States
139,HCA Healthcare,HCA,84784955392,382.19,United States
140,Enterprise Products,EPD,83793059840,38.73,United States
141,Airbnb,ABNB,83743547392,141.1,United States
142,Phillips 66,PSX,82901336064,206.77,United States
143,Emerson,EMR,82861187072,147.94,United States
144,Intercontinental Exchange,ICE,82446065664,145.79,United States
145,Cintas,CTAS,82394275840,205.91,United States
146,Moody's,MCO,82359934976,471.5,United States
147,Elevance Health,ELV,81907195904,377.68,United States
148,Illinois Tool Works,ITW,81424850944,283.02,United States
149,Intuit,INTU,81057210368,296.33,United States
150,The Travelers Companies,TRV,80772767744,387.26,United States
151,Comcast,CMCSA,79642836992,22.295,United States
152,Norfolk Southern,NSC,78761172992,350.66,United States
153,Royal Caribbean Group,RCL,78725955584,293.54,United States
154,SLB (Schlumberger),SLB,78370922496,52.42,United States
155,Sherwin-Williams,SHW,78309277696,317.51,United States
156,EOG Resources,EOG,77971488768,146.39,United States
157,Mondelez International,MDLZ,77686489088,60.52,United States
158,American Tower,AMT,77650395136,166.67,United States
159,Honeywell,HON,77036380160,243.15,United States
160,Northrop Grumman,NOC,77032251392,542.24,United States
161,Ross Stores,ROST,76631392256,238.89,United States
162,The Cigna Group,CI,76600647680,289.57,United States
163,Ecolab,ECL,75636326400,268.75,United States
164,DoorDash,DASH,75340128256,172.91,United States
165,Digital Realty,DLR,74907631616,199.08,United States
166,General Motors,GM,74743873536,82.64,United States
167,FedEx,FDX,74513604608,314.96,United States
168,Hilton Worldwide,HLT,73978888192,324.97,United States
169,American Electric Power,AEP,73747988480,135.54,United States
170,Kinder Morgan,KMI,73107775488,32.86,United States
171,Colgate-Palmolive,CL,72617181184,90.75,United States
172,O'Reilly Automotive,ORLY,72429699072,87.4,United States
173,Synopsys,SNPS,71511785472,373.47,United States
174,United Rentals,URI,71055400960,1141.59,United States
175,Apollo Global Management,APO,70686810112,122.61,United States
176,Energy Transfer LP,ET,70062006272,20.36,United States
177,Paccar,PCAR,69596094464,132.24,United States
178,Motorola Solutions,MSI,69357936640,417.83,United States
179,TransDigm Group,TDG,69173616640,1236.71,United States
180,Medline,MDLN,69043593216,38.75,United States
181,Regeneron Pharmaceuticals,REGN,68775452672,656.01,United States
182,Allstate,ALL,66921717760,259.97,United States
183,Republic Services,RSG,66735419392,216.91,United States
184,Air Products and Chemicals,APD,66329894912,297.87,United States
185,Carvana,CVNA,66314686464,60.46,United States
186,Boston Scientific,BSX,65771216896,44.25,United States
187,Monolithic Power Systems,MPWR,65530089472,1333.81,United States
188,W. W. Grainger,GWW,65276858368,1382.6,United States
189,Honeywell Aerospace,HONA,64677896192,204.07,United States
190,Warner Bros. Discovery,WBD,64608915456,25.77,United States
191,Aflac,AFL,63928500224,125.6,United States
192,Arthur J. Gallagher & Co.,AJG,63662522368,247.77,United States
193,Truist Financial Corporation,TFC,63231356928,51.76,United States
194,Hewlett Packard Enterprise,HPE,63151263744,47.69,United States
195,Dominion Energy,D,62533337088,71.1,United States
196,Target,TGT,62124257280,136.78,United States
197,Nike,NKE,61861900288,41.7,United States
198,Realty Income,O,61171511296,65.6,United States
199,MetLife,MET,61017112576,94.83,United States
200,Comfort Systems USA,FIX,60994924544,1733.6,United States
201,Sempra,SRE,60781715456,92.98,United States
202,Targa Resources,TRGP,60385767424,281.33,United States
203,Cencora,COR,60292530176,309.89,United States
204,Public Storage,PSA,60221767680,322.48,United States
205,Corteva,CTVA,59692183552,89.25,United States
206,MPLX,MPLX,59514134528,58.65,United States
207,Lumentum,LITE,59360620544,762.99,United States
208,Oneok,OKE,58693861376,93.16,United States
209,Diamondback Energy,FANG,57579204608,204.68,United States
210,Ford,F,57260036096,14.37,United States
211,Carrier Global,CARR,57210376192,68.88,United States
212,Occidental Petroleum,OXY,56992567296,57.3,United States
213,Baker Hughes,BKR,56795930624,57.25,United States
214,Cheniere Energy,LNG,56520331264,269.72,United States
215,Nucor,NUE,56379547648,247.56,United States
216,Delta Air Lines,DAL,55937413120,85.06,United States
217,L3Harris Technologies,LHX,55927603200,300.21,United States
218,Ametek,AME,55460253696,241.97,United States
219,Ciena,CIEN,55341531136,390.96,United States
220,Coherent Corp.,COHR,55246594048,282.39,United States
221,Vistra,VST,55088873472,163.38,United States
222,Teradyne,TER,54777233408,349.92,United States
223,Keysight,KEYS,54459228160,318.67,United States
224,Entergy,ETR,54101700608,115.95,United States
225,Fastenal,FAST,53955338240,47.02,United States
226,Cardinal Health,CAH,53405962240,228.03,United States
227,Bloom Energy,BE,52590825472,184.89,United States
228,Electronic Arts,EA,52422107136,209.06,United States
229,Nasdaq,NDAQ,52080648192,92.09,United States
230,Fifth Third Bank,FITB,52046356480,57.41,United States
231,Devon Energy,DVN,51949277184,45.04,United States
232,Rockwell Automation,ROK,51426369536,462.16,United States
233,Wabtec,WAB,51095531520,302.5,United States
234,Xcel Energy,XEL,50984095744,81.67,United States
235,State Street Corporation,STT,50929852416,185.4,United States
236,Astera Labs,ALAB,49979121664,291.58,United States
237,PayPal,PYPL,49530224640,56.15,United States
238,Ventas,VTR,48874643456,100.53,United States
239,HEICO,HEI,48853700608,349.61,United States
240,Exelon Corporation,EXC,48633081856,47.53,United States
241,eBay,EBAY,48569159680,109.39,United States
242,Old Dominion Freight Line,ODFL,48454533120,232.99,United States
243,AutoZone,AZO,48280768512,2957.41,United States
244,PG&amp;E Corporation,PCG,47839973376,17.85,United States
245,Edwards Lifesciences,EW,47578353664,82.63,United States
246,Ameriprise Financial,AMP,46754762752,528.9,United States
247,Humana,HUM,46742343680,389.32,United States
248,Block,XYZ,45918216192,77.15,United States
249,Cerebras Systems,CBRS,44374003712,199.12,United States
250,Autodesk,ADSK,44287717376,209.75,United States
251,Becton Dickinson,BDX,43083501568,156.36,United States
252,Take-Two Interactive,TTWO,43009679360,231.65,United States
253,IDEXX Laboratories,IDXX,42937593856,544.32,United States
254,Microchip Technology,MCHP,42821640192,78.86,United States
255,Waste Connections,WCN,42750119936,169.61,United States
256,American International Group,AIG,41918103552,79.06,United States
257,Ares Management,ARES,41728897024,126.51,United States
258,Coinbase,COIN,41703202816,158.29,United States
259,Prudential Financial,PRU,41665122304,119.96,United States
260,Consolidated Edison,ED,41647542272,113.01,United States
261,Archer Daniels Midland (ADM),ADM,41409703936,85.92,United States
262,Live Nation,LYV,41246019584,177.24,United States
263,D. R. Horton,DHI,41199964160,146.76,United States
264,Grayscale Bitcoin Trust,GBTC,41085235200,59.34,United States
265,Yum! Brands,YUM,41045512192,148.92,United States
266,CBRE Group,CBRE,40836202496,139.46,United States
267,Chipotle Mexican Grill,CMG,40778113024,31.79,United States
268,Axon Enterprise,AXON,40489648128,502.34,United States
269,Paychex,PAYX,40387788800,113.55,United States
270,Keurig Dr Pepper,KDP,40381407232,29.68,United States
271,Revolution Medicines,RVMD,40229629952,189.23,United States
272,MSCI,MSCI,40042430464,550.79,United States
273,Rocket Lab,RKLB,39932166144,63.91,United States
274,PSEG,PEG,39771029504,79.81,United States
275,Credo Technology,CRDO,39747764224,213.15,United States
276,Sysco,SYY,39741755392,83.11,United States
277,CoreWeave,CRWV,39215595520,71.88,United States
278,Agilent Technologies,A,39136595968,138.57,United States
279,The Hartford,HIG,38523604992,140.53,United States
280,United Airlines Holdings,UAL,38386860032,118.27,United States
281,Iron Mountain,IRM,38175391744,128.31,United States
282,WEC Energy Group,WEC,37709258752,115.77,United States
283,Natera,NTRA,37520994304,261.99,United States
284,Kenvue,KVUE,37017767936,19.28,United States
285,Rocket Companies,RKT,36924059648,13.05,United States
286,Waters Corporation,WAT,36788277248,374.68,United States
287,Kimberly-Clark,KMB,36413853696,109.7,United States
288,Roper Technologies,ROP,36329926656,367.34,United States
289,Vulcan Materials,VMC,36292444160,279.7,United States
290,Alnylam Pharmaceuticals,ALNY,36284710912,271.77,United States
291,M&T Bank,MTB,36175273984,249.6,United States
292,Carnival Corporation,CCL,36062863360,26.33,United States
293,Steel Dynamics,STLD,35636420608,247.11,United States
294,Venture Global,VG,35551166464,14.31,United States
295,The Hershey Company,HSY,35355602944,174.3,United States
296,Huntington Bancshares,HBAN,35074404352,17.36,United States
297,Kroger,KR,34841251840,56.87,United States
298,IQVIA,IQV,34723545088,208.05,United States
299,TKO Group Holdings,TKO,34521227264,180.62,United States
300,Roblox,RBLX,34044788736,47.55,United States
301,BeOne Medicines,ONC,33812520960,325.9,United States
302,ON Semiconductor,ON,33785200640,86.81,United States
303,Martin Marietta Materials,MLM,33601683456,559.6,United States
304,"Strategy 
 (MicroStrategy)",MSTR,33488848896,91.67,United States
305,Workday,WDAY,33425389568,135.34,United States
306,EQT Corporation,EQT,33170954240,53.03,United States
307,Emcor,EME,33170081792,744.85,United States
308,NetApp,NTAP,32863608832,167.74,United States
309,Jabil,JBL,32755394560,312.59,United States
310,Crown Castle,CCI,32731299840,74.9,United States
311,Extra Space Storage,EXR,32598700032,147.71,United States
312,Raymond James Financial,RJF,32522530816,169.3,United States
313,Reddit,RDDT,32482050048,168.73,United States
314,Casey's General Stores,CASY,31884541952,861.63,United States
315,Ubiquiti,UI,31816460288,525.7,United States
316,"Cheniere Energy
Partners",CQP,31773310976,65.64,United States
317,Zoetis,ZTS,31588839424,75.35,United States
318,Ameren,AEE,31488798720,113.78,United States
319,Centene,CNC,31311667200,63.41,United States
320,Expedia Group,EXPE,31198539776,259.94,United States
321,DTE Energy,DTE,31091914752,149.46,United States
322,Edison International,EIX,30687318016,79.75,United States
323,Las Vegas Sands,LVS,30534328320,46.08,United States
324,Kraft Heinz,KHC,30438912000,25.67,United States
325,Citizens Financial Group,CFG,30382069760,71.88,United States
326,Teledyne Technologies,TDY,30361798656,655.35,United States
327,Veeva Systems,VEEV,30253441024,186.24,United States
328,Carpenter Technology,CRS,29994706944,603.69,United States
329,Atmos Energy,ATO,29915371520,179.22,United States
330,Biogen,BIIB,29850748928,202.19,United States
331,Cboe Global Markets,CBOE,29833654272,285.07,United States
332,NRG Energy,NRG,29755420672,141.03,United States
333,VICI Properties,VICI,29431873536,26.73,United States
334,GlobalFoundries,GFS,29371957248,53.53,United States
335,Illumina,ILMN,29365817344,194.09,United States
336,CenterPoint Energy,CNP,29149792256,44.56,United States
337,Twilio,TWLO,29058623488,191.46,United States
338,Estee Lauder,EL,29048514560,80.29,United States
339,Texas Pacific Land Corporation,TPL,28930635776,419.44,United States
340,FirstEnergy,FE,28875282432,49.92,United States
341,Tapestry,TPR,28811577344,142.6,United States
342,Fair Isaac (FICO),FICO,28695732224,1237.37,United States
343,Xylem,XYL,28463794176,119.75,United States
344,ResMed,RMD,28325160960,195.27,United States
345,Cincinnati Financial,CINF,28278282240,182.81,United States
346,Qnity Electronics,Q,28273352704,135.06,United States
347,Eversource Energy,ES,28172156928,74.91,United States
348,W. R. Berkley,WRB,28000034816,75.46,United States
349,Halliburton,HAL,27868870656,33.36,United States
350,Coupang,CPNG,27823495168,15.5,United States
351,Curtiss-Wright,CW,27712892928,750.19,United States
352,DexCom,DXCM,27605354496,71.54,United States
353,Otis Worldwide,OTIS,27600697344,71.93,United States
354,GE HealthCare Technologies,GEHC,27557345280,60.58,United States
355,PPL,PPL,27250130944,36.22,United States
356,Dover Corporation,DOV,27232339968,202.2,United States
357,Fiserv,FISV,27206619136,51.02,United States
358,AvalonBay Communities,AVB,27111135232,189.61,United States
359,J. B. Hunt,JBHT,27071369216,288.3,United States
360,ATI Inc.,ATI,26993852416,197.8,United States
361,Copart,CPRT,26914838528,27.94,United States
362,Mettler Toledo,MTD,26819123200,1327.18,United States
363,Williams-Sonoma,WSM,26697867264,226.74,United States
364,MasTec,MTZ,26695630848,337.84,United States
365,Verisk Analytics,VRSK,26379937792,201.34,United States
366,Regions Financial,RF,26335293440,30.86,United States
367,United Therapeutics,UTHR,26318925824,528.47,United States
368,American Water,AWK,26296475648,134.66,United States
369,LPL Financial,LPLA,26290368512,328.7,United States
370,Equity Residential,EQR,26219474944,67.86,United States
371,Dollar General,DG,25859373056,117.23,United States
372,PPG Industries,PPG,25856399360,116.0,United States
373,Zoom,ZM,25801502720,87.99,United States
374,Hubbell,HUBB,25685858304,486.09,United States
375,VeriSign,VRSN,25479999488,280.0,United States
376,EchoStar,ECHO,25468809216,87.88,United States
377,Quest Diagnostics,DGX,25064599552,227.86,United States
378,XPO Logistics,XPO,25009500160,213.01,United States
379,Woodward,WWD,24965218304,419.0,United States
380,T. Rowe Price,TROW,24962060288,116.5,United States
381,Markel Group,MKL,24961097728,1994.7,United States
382,Everpure,P,24784111616,74.56,United States
383,Coterra Energy,CTRA,24724652032,32.56,United States
384,First Citizens BancShares,FCNCA,24610680832,2160.65,United States
385,PulteGroup,PHM,24525117440,128.75,United States
386,LabCorp,LH,24335138816,296.77,United States
387,Formula One Group,FWONK,24321284096,97.05,United States
388,Okta,OKTA,24285483008,138.5,United States
389,KeyCorp (KeyBank),KEY,24281591808,22.65,United States
390,Loews Corporation,L,24260151296,117.9,United States
391,Symbotic,SYM,24235896832,40.15,United States
392,Corpay,CPAY,24221818880,370.58,United States
393,MongoDB,MDB,23986409472,298.22,United States
394,Synchrony Financial,SYF,23714369536,72.9,United States
395,Principal Financial Group,PFG,23631755264,109.4,United States
396,Bunge Global SA,BG,23579021312,121.53,United States
397,HP,HPQ,23548958720,25.75,United States
398,Affirm,AFRM,23519926272,70.23,United States
399,Incyte,INCY,23508367360,117.67,United States
400,Insmed,INSM,23175172096,106.92,United States
401,Dollar Tree,DLTR,23147429888,120.45,United States
402,Church & Dwight,CHD,23135172608,97.64,United States
403,West Pharmaceutical Services,WST,23105280000,328.2,United States
404,CMS Energy,CMS,23076294656,74.7,United States
405,Zscaler,ZS,23014500352,142.32,United States
406,Brown &amp; Brown,BRO,22933211136,67.66,United States
407,Expeditors International,EXPD,22927685632,175.3,United States
408,Rivian,RIVN,22926317568,15.84,United States
409,Omnicom Group,OMC,22703595520,79.66,United States
410,Packaging Corporation of America,PKG,22665805824,254.39,United States
411,Veralto,VLTO,22600042496,92.02,United States
412,Darden Restaurants,DRI,22484365312,196.31,United States
413,NiSource,NI,22380224512,46.68,United States
414,International Paper,IP,22324434944,42.16,United States
415,MKS Instruments,MKSI,22234175488,329.18,United States
416,Ralph Lauren,RL,22234114048,373.58,United States
417,Constellation Brands,STZ,22231896064,130.16,United States
418,Northern Trust,NTRS,22173585408,180.52,United States
419,FTAI Aviation,FTAI,22155870208,215.98,United States
420,Global Payments,GPN,22135140352,80.92,United States
421,F5,FFIV,22128193536,392.21,United States
422,Southwest Airlines,LUV,22033920000,45.08,United States
423,Burlington Stores,BURL,21988710400,349.97,United States
424,C. H. Robinson,CHRW,21983911936,186.505,United States
425,Expand Energy,EXE,21894223872,91.52,United States
426,AST SpaceMobile,ASTS,21812600832,56.2,United States
427,First Solar,FSLR,21793691648,202.82,United States
428,Tradeweb,TW,21765537792,99.83,United States
429,Dow,DOW,21554647040,29.84,United States
430,Cognizant Technology Solutions,CTSH,21497849856,45.45,United States
431,Fidelity National Information Services,FIS,21455652864,41.51,United States
432,Moderna,MRNA,21454233600,54.07,United States
433,US Foods,USFD,21398939648,97.17,United States
434,SoFi,SOFI,21113919488,16.46,United States
435,Roku,ROKU,21060136960,141.97,United States
436,SharkNinja,SN,21029928960,148.6,United States
437,Snap-on,SNA,20903964672,404.12,United States
438,Reliance,RS,20819118080,407.83,United States
439,Fox Corporation,FOX,20747290624,49.41,United States
440,ULTA Beauty,ULTA,20435398656,475.36,United States
441,Lennar,LEN,20389363712,84.64,United States
442,MACOM Technology Solutions,MTSI,20370208768,266.99,United States
443,Sterling Infrastructure,STRL,20281421824,660.935,United States
444,Equifax,EFX,20270843904,172.54,United States
445,Tyson Foods,TSN,20229834752,57.45,United States
446,Essex Property Trust,ESS,20227080192,293.46,United States
447,Evergy,EVRG,20096124928,87.18,United States
448,Tenet Healthcare,THC,20087148544,233.2,United States
449,Viatris,VTRS,20076888064,17.24,United States
450,Exact Sciences,EXAS,20026083328,104.91,United States
451,Entegris,ENTG,19669544960,129.15,United States
452,Western Midstream,WES,19613208576,47.47,United States
453,Guardant Health,GH,19535947776,147.33,United States
454,Supermicro,SMCI,19470878720,30.1,United States
455,LyondellBasell,LYB,19470376960,60.32,United States
456,TD Synnex,SNX,19423580160,242.92,United States
457,International Flavors & Fragrances,IFF,19387746304,75.94,United States
458,Alliant Energy,LNT,19355281408,74.94,United States
459,Charter Communications,CHTR,19320008704,123.31,United States
460,Samsara,IOT,19293530112,33.11,United States
461,General Mills,GIS,19229511680,36.03,United States
462,CF Industries,CF,19214413824,125.07,United States
463,Fortive,FTV,18995890176,62.31,United States
464,Lennox,LII,18831306752,541.13,United States
465,RBC Bearings,RBC,18825254912,595.07,United States
466,Dupont De Nemours,DD,18592172032,137.7,United States
467,Rollins,ROL,18565238784,38.56,United States
468,Dick's Sporting Goods,DKS,18441101312,206.04,United States
469,SBA Communications,SBAC,18409359360,173.57,United States
470,Permian Resources,PR,18393796608,21.35,United States
471,Best Buy,BBY,18005835776,85.43,United States
472,East West Bancorp,EWBC,17946509312,131.0,United States
473,SS&C Technologies,SSNC,17792817152,73.88,United States
474,Ovintiv,OVV,17740703744,63.13,United States
475,Invitation Homes,INVH,17690570752,29.78,United States
476,Neurocrine Biosciences,NBIX,17673670656,175.77,United States
477,Zimmer Biomet,ZBH,17672798208,91.35,United States
478,Hyatt Hotels,H,17620461568,187.13,United States
479,Kimco Realty,KIM,17601572864,26.1,United States
480,ITT,ITT,17596028928,195.86,United States
481,Lattice Semiconductor,LSCC,17594548224,128.42,United States
482,Performance Food Group,PFGC,17513947136,111.49,United States
483,Madison Air Solutions,MAIR,17410748416,34.73,United States
484,"Arxis, Inc.",ARXS,17398192128,42.4,United States
485,Plains All American Pipeline,PAA,17356081152,24.6,United States
486,Weyerhaeuser,WY,17261760512,23.94,United States
487,UL Solutions,ULS,17225584640,85.46,United States
488,Broadridge Financial Solutions,BR,17223833600,148.92,United States
489,Talen Energy,TLN,17201422336,359.9,United States
490,NVR,NVR,17179467776,6414.67,United States
491,APi Group,APG,17142832128,39.57,United States
492,Genuine Parts Company,GPC,17123560448,124.21,United States
493,CDW Corporation,CDW,17095967744,133.82,United States
494,W. P. Carey,WPC,17081862144,76.69,United States
495,Royal Gold,RGLD,17054792704,200.96,United States
496,Host Hotels & Resorts,HST,16997273600,24.5,United States
497,Ball Corporation,BALL,16997177344,63.84,United States
498,Hologic,HOLX,16968846336,76.01,United States
499,Franklin Resources,BEN,16883011584,32.49,United States
500,Annaly Capital Management,NLY,16850394112,22.45,United States
501,Toast,TOST,16843200512,29.04,United States
502,Medpace,MEDP,16784879616,601.38,United States
503,Akamai,AKAM,16773120000,115.37,United States
504,Circle Internet Group,CRCL,16668247040,62.36,United States
505,Textron,TXT,16611613696,95.53,United States
506,SiTime,SITM,16609138688,554.46,United States
507,IDEX,IEX,16525341696,223.27,United States
508,Nordson,NDSN,16479696896,295.77,United States
509,TPG Inc.,TPG,16460098560,42.83,United States
510,BridgeBio Pharma,BBIO,16456261632,84.02,United States
511,News Corp,NWS,16360182784,30.19,United States
512,Carlyle Group,CG,16342839296,45.4,United States
513,Tractor Supply,TSCO,16268427264,31.02,United States
514,Viper Energy,VNOM,16247968768,45.13,United States
515,WESCO International,WCC,16193402880,332.48,United States
516,Lamar Advertising,LAMR,16181220352,159.46,United States
517,Omega Healthcare Investors,OHI,16126109696,51.72,United States
518,Amkor Technology,AMKR,16101797888,64.96,United States
519,Clean Harbors,CLH,16051452928,303.74,United States
520,Masco,MAS,15991487488,79.27,United States
521,BWX Technologies,BWXT,15988588544,174.52,United States
522,Mid-America Apartment Communities,MAA,15975451648,133.88,United States
523,HF Sinclair,DINO,15918321664,88.3,United States
524,Jacobs Engineering,J,15888962560,134.56,United States
525,Reinsurance Group of America,RGA,15652405248,238.92,United States
526,Coeur Mining,CDE,15591987200,15.13,United States
527,Sun Communities,SUI,15577282560,121.83,United States
528,Gen Digital,GEN,15566891008,25.84,United States
529,Pinnacle Financial Partners,PNFP,15492599808,102.6,United States
530,Nextpower,NXT,15360816128,100.03,United States
531,Regency Centers,REG,15356708864,82.15,United States
532,Healthpeak Properties,DOC,15353377792,22.27,United States
533,DaVita,DVA,15111716864,235.44,United States
534,Jones Lang LaSalle,JLL,15098789888,325.45,United States
535,Rubrik,RBRK,15074883584,73.24,United States
536,Somnigroup International,SGI,15053753344,71.56,United States
537,Aramark,ARMK,15035684864,57.18,United States
538,Watsco,WSO,14910569472,362.01,United States
539,Nutanix,NTNX,14878441472,55.04,United States
540,DT Midstream,DTM,14862437376,145.69,United States
541,TransUnion,TRU,14751128576,76.51,United States
542,Blue Owl Capital,OWL,14733025280,9.45,United States
543,UDR Apartments,UDR,14668715008,39.59,United States
544,CNA Financial,CNA,14516716544,53.66,United States
545,DigitalOcean,DOCN,14442826752,123.54,United States
546,BrightSpring Health Services,BTSG,14309201920,72.91,United States
547,Penske Automotive Group,PAG,14290600960,217.35,United States
548,Stanley Black &amp; Decker,SWK,14186875904,91.26,United States
549,"QXO, Inc.",QXO,14186799104,13.67,United States
550,Sunoco,SUN,14170463232,75.21,United States
551,Regal Rexnord,RRX,14162011136,212.74,United States
552,Mueller Industries,MLI,14130500608,63.91,United States
553,Leidos,LDOS,14105581568,112.14,United States
554,Corebridge Financial,CRBG,14095723520,31.29,United States
555,Toll Brothers,TOL,14008498176,149.87,United States
556,U-Haul,UHAL,13964151808,71.43,United States
557,Hormel Foods,HRL,13927693312,25.31,United States
558,Exelixis,EXEL,13917531136,55.37,United States
559,Fidelity National Financial,FNF,13893911552,51.62,United States
560,Warner Music Group,WMG,13848891392,26.55,United States
561,Lincoln Electric,LECO,13777314816,251.47,United States
562,Unum,UNM,13775907840,86.22,United States
563,Assurant,AIZ,13721722880,276.94,United States
564,Cooper Companies,COO,13712603136,70.31,United States
565,RPM International,RPM,13704097792,107.0,United States
566,PTC,PTC,13689746432,118.52,United States
567,AMH (American Homes 4 Rent),AMH,13680098304,33.37,United States
568,TTM Technologies,TTMI,13646936064,131.41,United States
569,Carlisle Companies,CSL,13597884416,336.04,United States
570,Pershing Square Inc.,PS,13588000768,33.97,United States
571,Onto Innovation,ONTO,13561091072,272.62,United States
572,Albemarle,ALB,13544794112,114.85,United States
573,Solventum,SOLV,13509360640,78.01,United States
574,Ares Capital,ARCC,13484469248,18.78,United States
575,Globe Life,GL,13469812736,173.48,United States
576,McCormick & Company,MKC,13431823360,49.96,United States
577,Deckers Brands,DECK,13338127360,96.04,United States
578,Invesco,IVZ,13267868672,29.93,United States
579,Equity LifeStyle Properties,ELS,13235354624,66.05,United States
580,BorgWarner,BWA,13207351296,64.39,United States
581,Gaming and Leisure Properties,GLPI,13164650496,45.17,United States
582,Evercore,EVR,13137732608,339.63,United States
583,Equitable Holdings,EQH,13101990912,48.0,United States
584,Ally Financial,ALLY,13070985216,42.92,United States
585,Crane Company,CR,13058610176,226.14,United States
586,Dycom Industries,DY,12902294528,429.81,United States
587,Graco,GGG,12875328512,79.5,United States
588,Virtu Financial,VIRT,12854739968,59.74,United States
589,Pinnacle West Capital,PNW,12853110784,106.06,United States
590,Modine Manufacturing,MOD,12840784896,241.79,United States
591,Leonardo DRS,DRS,12831255552,48.1,United States
592,Applied Industrial Technologies,AIT,12827177984,347.06,United States
593,Crown Holdings,CCK,12821379072,117.88,United States
594,APA Corporation,APA,12777950208,36.15,United States
595,Texas Roadhouse,TXRH,12703562752,193.27,United States
596,J.M. Smucker Company,SJM,12646122496,118.32,United States
597,Hasbro,HAS,12562958336,88.79,United States
598,Madrigal Pharmaceuticals,MDGL,12554037248,544.51,United States
599,Penumbra,PEN,12536104960,318.73,United States
600,Unity Software,U,12493632512,28.62,United States
601,IES Holdings,IESC,12473748480,626.07,United States
602,Elanco,ELAN,12441288704,24.91,United States
603,Axsome Therapeutics,AXSM,12401804288,241.0,United States
604,Pinterest,PINS,12396280832,22.13,United States
605,Zebra Technologies,ZBRA,12380871680,259.92,United States
606,GoDaddy,GDDY,12335301632,93.16,United States
607,Trimble,TRMB,12333930496,52.91,United States
608,AGNC Investment,AGNC,12328129536,10.59,United States
609,Webster Financial,WBS,12325925888,76.07,United States
610,Revvity,RVTY,12324008960,110.47,United States
611,"BXP, Inc.",BXP,12323102720,69.11,United States
612,Avery Dennison,AVY,12307302400,160.9,United States
613,Coca-Cola Consolidated,COKE,12294425600,184.7,United States
614,IonQ,IONQ,12258185216,32.84,United States
615,Brown Forman,BF-A,12256264192,26.71,United States
616,Stifel,SF,12251422720,80.82,United States
617,Pershing Square Holdings,PSHZF,12225084416,56.685,United States
618,Tyler Technologies,TYL,12224915456,297.15,United States
619,Advanced Energy,AEIS,12162838528,303.99,United States
620,Dynatrace,DT,12131220480,41.62,United States
621,First Horizon Corporation,FHN,12116993024,25.53,United States
622,Arrowhead Pharmaceuticals,ARWR,12057361408,85.6,United States
623,Align Technology,ALGN,11961302016,167.015,United States
624,American Financial Group,AFG,11944454144,143.76,United States
625,SEI Investments,SEIC,11904117760,99.22,United States
626,Generac,GNRC,11892062208,202.01,United States
627,BJ's Wholesale Club,BJ,11867735040,92.94,United States
628,Knight-Swift Transportation,KNX,11780814848,72.5,United States
629,Semtech,SMTC,11729595392,125.92,United States
630,Erie Indemnity,ERIE,11689400320,223.55,United States
631,Alcoa,AA,11674582016,44.24,United States
632,Aurora Innovation,AUR,11669157888,5.95,United States
633,MGM Resorts,MGM,11651465216,45.54,United States
634,New York Times,NYT,11597462528,71.65,United States
635,Baxter,BAX,11568905216,22.4,United States
636,Clorox,CLX,11554035712,95.55,United States
637,Guidewire Software,GWRE,11508527104,138.23,United States
638,Watts Water Technologies,WTS,11501492224,344.45,United States
639,BioMarin Pharmaceutical,BMRN,11467566080,59.33,United States
640,Owens Corning,OC,11462401024,142.34,United States
641,EastGroup Properties,EGP,11459093504,213.1,United States
642,DraftKings,DKNG,11415924736,23.01,United States
643,Jefferies Financial Group,JEF,11361477632,55.86,United States
644,Service Corporation International,SCI,11359152128,82.33,United States
645,Huntington Ingalls Industries,HII,11332204544,287.59,United States
646,Murphy USA,MUSA,11325300736,613.15,United States
647,Insulet,PODD,11308149760,163.26,United States
648,CoStar Group,CSGP,11295119360,27.66,United States
649,Saia,SAIA,11270702080,423.68,United States
650,Camden Property Trust,CPT,11269573632,113.73,United States
651,Avidity Biosciences,RNAM,11249150976,72.82,United States
652,Five Below,FIVE,11235463168,203.19,United States
653,Essential Utilities,WTRG,11234703360,39.61,United States
654,Encompass Health,EHC,11198583808,112.89,United States
655,Dayforce,DAY,11180042240,69.86,United States
656,Dutch Bros,BROS,11179738112,64.0,United States
657,Sanmina,SANM,11171376128,208.43,United States
658,Figma,FIG,11159313408,21.12,United States
659,Bio-Techne,TECH,11156042752,71.6,United States
660,Confluent,CFLT,11133729792,30.99,United States
661,Wayfair,W,11111464960,84.18,United States
662,American Healthcare REIT,AHR,11069968384,57.44,United States
663,Ryan Specialty,RYAN,11021040640,41.75,United States
664,SPX Technologies,SPXC,11017769984,220.07,United States
665,Domino's Pizza,DPZ,11015225344,332.97,United States
666,"Popular, Inc. (Banco Popular de Puerto Rico)",BPOP,10967824384,171.73,United States
667,Cytokinetics,CYTK,10962117632,80.74,United States
668,Federal Realty Investment Trust,FRT,10958671872,126.08,United States
669,Antero Resources,AR,10931013632,35.28,United States
670,Forgent Power Solutions,FPS,10925953024,35.89,United States
671,Charles River Laboratories,CRL,10913844224,226.58,United States
672,Advanced Drainage Systems,WMS,10864335872,141.84,United States
673,Arrow Electronics,ARW,10854202368,212.27,United States
674,Antero Midstream,AM,10805794816,22.75,United States
675,Donaldson Company,DCI,10755387392,92.79,United States
676,CACI International Inc,CACI,10753383424,486.77,United States
677,UMB Financial,UMBF,10728196096,141.2,United States
678,Wintrust Financial,WTFC,10702476288,158.66,United States
679,Jack Henry &amp; Associates,JKHY,10698826752,150.58,United States
680,AES,AES,10583260160,14.84,United States
681,HubSpot,HUBS,10488464384,204.89,United States
682,Lineage,LINE,10385975296,41.42,United States
683,Globus Medical,GMED,10383106048,76.49,United States
684,Rambus,RMBS,10382230528,96.01,United States
685,Ryder,R,10356810752,267.68,United States
686,South State Corp,SSB,10352812032,106.0,United States
687,Smithfield Foods,SFD,10332712960,26.26,United States
688,Cognex,CGNX,10326327296,62.05,United States
689,Cullen/Frost Bankers,CFR,10313158656,164.23,United States
690,Molina Healthcare,MOH,10312110080,197.55,United States
691,OGE Energy,OGE,10308397056,49.95,United States
692,Old Republic International,ORI,10299900928,42.29,United States
693,Littelfuse,LFUS,10238465024,404.86,United States
694,Corcept Therapeutics,CORT,10237047808,95.36,United States
695,CareTrust REIT,CTRE,10217390080,43.25,United States
696,Globalstar,GSAT,10165310464,78.93,United States
697,Hecla Mining,HL,10154586112,15.14,United States
698,Allison Transmission,ALSN,10146387968,122.34,United States
699,Old National Bank,ONB,10133404672,26.49,United States
700,Zions Bancorporation,ZION,10112113664,69.29,United States
701,The Ensign Group,ENSG,10110470144,172.99,United States
702,Apogee Therapeutics,APGE,10095669248,134.28,United States
703,Wynn Resorts,WYNN,10059009024,96.92,United States
704,Chart Industries,GTLS,10047718400,209.9,United States
705,Sirius XM,SIRI,10031273984,29.8,United States
706,Brixmor Property Group,BRX,9953778688,32.44,United States
707,TopBuild,BLD,9935550464,354.53,United States
708,Darling Ingredients,DAR,9932959744,62.5,United States
709,Instacart (Maplebear Inc.),CART,9920608256,42.21,United States
710,Acuity Brands,AYI,9882921984,330.14,United States
711,Krystal Biotech,KRYS,9881319424,335.19,United States
712,Timken Company,TKR,9819574272,141.3,United States
713,Primerica,PRI,9810177024,314.59,United States
714,Nuvalent,NUVL,9792580608,123.96,United States
715,ViaSat,VSAT,9791993856,71.7,United States
716,VIAVI Solutions,VIAV,9749016576,39.52,United States
717,Henry Schein,HSIC,9736465408,85.47,United States
718,Halozyme Therapeutics,HALO,9717962752,81.93,United States
719,Agree Realty,ADC,9711922176,80.63,United States
720,JFrog,FROG,9708957696,80.16,United States
721,Houlihan Lokey,HLI,9684197376,140.23,United States
722,Oshkosh Corporation,OSK,9673182208,155.14,United States
723,DocuSign,DOCU,9631245312,50.44,United States
724,Vicor,VICR,9618132992,211.01,United States
725,Solstice Advanced Materials,SOLS,9616308224,60.54,United States
726,American Airlines,AAL,9582014464,14.475,United States
727,CubeSmart,CUBE,9580035072,42.09,United States
728,Madison Square Garden Sports,MSGS,9543769088,396.4,United States
729,StandardAero,SARO,9541945344,28.7,United States
730,Bentley Systems,BSY,9539215360,31.4,United States
731,Bitmine Immersion Technologies,BMNR,9524943872,15.79,United States
732,GameStop,GME,9498793984,21.17,United States
733,Cipher Mining,CIFR,9469488128,23.15,United States
734,Affiliated Managers Group,AMG,9463185408,358.29,United States
735,Westlake Corporation,WLK,9458035712,73.82,United States
736,Levi Strauss &amp; Co.,LEVI,9444233216,24.54,United States
737,Valmont Industries,VMI,9438141440,486.16,United States
738,Universal Health Services,UHS,9428536320,155.75,United States
739,Masimo,MASI,9423817728,179.95,United States
740,Life Time Group,LTH,9422774272,42.33,United States
741,Gartner,IT,9406740480,140.5,United States
742,NNN REIT,NNN,9394455552,49.38,United States
743,Ionis Pharmaceuticals,IONS,9345597440,56.55,United States
744,Flowserve,FLS,9253228544,72.4,United States
745,Bruker,BRKR,9202039808,60.45,United States
746,Paramount Skydance,PSKY,9188411392,8.21,United States
747,First Industrial Realty Trust,FR,9178731520,66.99,United States
748,TeraWulf,WULF,9147532288,18.46,United States
749,Element Solutions,ESI,9123605504,37.44,United States
750,Range Resources,RRC,9106491392,38.97,United States
751,Kymera Therapeutics,KYMR,9095221248,110.57,United States
752,Western Alliance Bancorporation,WAL,9074395136,83.11,United States
753,Praxis Precision Medicines,PRAX,9068964864,325.3,United States
754,AECOM,ACM,9068576768,70.56,United States
755,Skyworks Solutions,SWKS,9055943680,60.21,United States
756,FactSet,FDS,9046452224,254.36,United States
757,Rexford Industrial,REXR,9023214592,39.0,United States
758,Glaukos,GKOS,9020354560,153.58,United States
759,Columbia Banking System,COLB,9017624576,31.15,United States
760,Manhattan Associates,MANH,8973494272,151.67,United States
761,Voya Financial,VOYA,8938790912,98.59,United States
762,The Toro Company,TTC,8928721920,93.76,United States
763,Norwegian Cruise Line,NCLH,8892963840,19.37,United States
764,Kratos Defense &amp; Security Solutions,KTOS,8879071232,47.35,United States
765,Alexandria Real Estate Equities,ARE,8877286400,50.94,United States
766,Dillard's,DDS,8871265280,568.05,United States
767,Spyre Therapeutics,SYRE,8869097472,102.13,United States
768,Crinetics Pharmaceuticals,CRNX,8862003200,83.73,United States
769,Match Group,MTCH,8843133952,37.91,United States
770,StoneX Group,SNEX,8827825152,74.26,United States
771,Liberty Live Holdings,LLYVA,8800224256,95.65,United States
772,AGCO,AGCO,8776637440,121.21,United States
773,Prosperity Bancshares,PB,8767370240,73.15,United States
774,Protagonist Therapeutics,PTGX,8753421312,136.11,United States
775,Booz Allen Hamilton,BAH,8698815488,72.53,United States
776,BOK Financial,BOKF,8644931584,142.28,United States
777,TG Therapeutics,TGTX,8578804224,56.04,United States
778,Allegro MicroSystems,ALGM,8575805440,46.03,United States
779,FirstCash,FCFS,8550784000,195.06,United States
780,Chewy,CHWY,8540589056,20.86,United States
781,Riot Platforms,RIOT,8519747584,22.53,United States
782,Commerce Bancshares,CBSH,8502704128,59.09,United States
783,Oscar Health,OSCR,8499087360,28.19,United States
784,ESCO Technologies,ESE,8491852800,327.78,United States
785,SailPoint,SAIL,8479385600,14.95,United States
786,Powell Industries,POWL,8459793408,232.21,United States
787,AptarGroup,ATR,8447257088,132.36,United States
788,Core &amp; Main,CNM,8442215936,43.62,United States
789,Kinetik,KNTK,8429875712,50.43,United States
790,Bio-Rad Laboratories,BIO,8415451648,314.46,United States
791,Aaon,AAON,8409875456,102.67,United States
792,Ryman Hospitality Properties,RHP,8399212544,133.09,United States
793,Hess Midstream,HESM,8397612544,40.64,United States
794,A. O. Smith,AOS,8377223680,60.78,United States
795,Jackson Financial,JXN,8318957568,119.28,United States
796,Hexcel,HXL,8318109696,110.28,United States
797,CarMax,KMX,8271998464,58.29,United States
798,Compass,COMP,8270983680,11.07,United States
799,Primo Brands,PRMB,8237116928,22.7,United States
800,Idacorp,IDA,8232002048,148.57,United States
801,Tetra Tech,TTEK,8229528064,31.71,United States
802,Vornado Realty Trust,VNO,8134339072,39.72,United States
803,The Trade Desk,TTD,8128174080,17.29,United States
804,FormFactor,FORM,8110414336,104.04,United States
805,Zurn Elkay Water Solutions,ZWS,8105696768,48.38,United States
806,Immunovant,IMVT,8091224064,39.41,United States
807,Kinsale Capital Group,KNSL,8051230720,349.1,United States
808,Applied Optoelectronics,AAOI,8036313088,100.15,United States
809,STAG Industrial,STAG,8024853504,41.11,United States
810,Brinker International,EAT,8019159040,186.98,United States
811,UGI Corporation,UGI,8003317760,37.33,United States
812,Macerich,MAC,7982254592,25.83,United States
813,Simpson Manufacturing Company,SSD,7975898624,193.88,United States
814,Argan,AGX,7975830016,568.92,United States
815,Terex,TEX,7975743488,69.83,United States
816,SM Energy,SM,7957259264,33.19,United States
817,Kirby Corporation,KEX,7948612608,148.65,United States
818,HealthEquity,HQY,7933295616,94.635,United States
819,Valley Bank,VLY,7931011072,14.34,United States
820,Lincoln National Corporation,LNC,7908578304,41.36,United States
821,Vaxcyte,PCVX,7892776960,54.66,United States
822,Galaxy Digital Holdings,7LX.F,7887111260,22.3715,United States
823,Chime Financial,CHYM,7883286016,20.69,United States
824,National Fuel Gas,NFG,7839466496,82.49,United States
825,Builders FirstSource,BLDR,7836812288,72.86,United States
826,Avantor,AVTR,7810721280,11.44,United States
827,Eastman Chemical,EMN,7798666752,68.2,United States
828,Chord Energy,CHRD,7789555200,138.36,United States
829,Lithia Motors,LAD,7775644672,340.95,United States
830,Ralliant Corporation,RAL,7771518976,69.43,United States
831,Applied Digital,APLD,7770073600,27.19,United States
832,Clearway Energy,CWEN,7704705536,32.09,United States
833,Tempus AI,TEM,7686788608,42.69,United States
834,Terreno Realty,TRNO,7683539456,72.68,United States
835,Central Bancompany,CBC,7682171904,32.04,United States
836,Molson Coors,TAP,7680228352,40.95,United States
837,Liquidia Corporation,LQDA,7667380736,86.22,United States
838,First American Financial Corporation,FAF,7655746560,75.13,United States
839,Etsy,ETSY,7650534400,80.62,United States
840,Qorvo,QRVO,7631739904,86.51,United States
841,Hanover Insurance Group,THG,7630968320,218.11,United States
842,Commercial Metals Company,CMC,7627547648,68.95,United States
843,AeroVironment,AVAV,7566406656,149.51,United States
844,Healthcare Realty Trust,HR,7506092544,21.4,United States
845,NOV,NOV,7450524672,20.76,United States
846,Repligen,RGEN,7443565568,131.96,United States
847,ImmunityBio,IBRX,7436213248,7.1,United States
848,PACS Group,PACS,7415060992,46.85,United States
849,MP Materials,MP,7352316416,41.3,United States
850,Avnet,AVT,7334593024,89.42,United States
851,Clearwater Analytics,CWAN,7330872320,24.56,United States
852,Planet Labs,PL,7295559680,20.47,United States
853,Ozon,OZON.ME,7293699320,35.1,United States
854,PBF Energy,PBF,7291350016,61.63,United States
855,Fluor Corporation,FLR,7289371136,52.19,United States
856,Air Lease Corporation,AL,7282301440,65.0,United States
857,Rush Street Interactive,RSI,7278379008,31.43,United States
858,Federal Signal,FSS,7252558336,118.89,United States
859,Core Scientific,CORZ,7231889920,22.75,United States
860,CAVA Group,CAVA,7222543360,62.01,United States
861,Snap,SNAP,7208650240,4.35,United States
862,Lear Corporation,LEA,7193656832,143.6,United States
863,Fannie Mae,FNMA,7191723520,6.21,United States
864,NewMarket Corp,NEU,7168292352,779.33,United States
865,Silicon Labs,SLAB,7153098240,216.88,United States
866,JBT Marel Corporation,JBTM,7140579840,137.14,United States
867,Arcosa,ACA,7120486912,145.0,United States
868,The Mosaic Company,MOS,7087980032,22.3,United States
869,Fervo Energy Company,FRVO,7075898368,24.015,United States
870,Conagra Brands,CAG,7068414464,14.77,United States
871,EnPro Industries,NPO,7053770752,333.88,United States
872,Sprouts Farmers Market,SFM,7042977792,74.89,United States
873,Zillow,Z,7037943808,30.76,United States
874,Light &amp; Wonder,LNW,7028988928,86.22,United States
875,MSC Industrial Direct,MSM,7016528384,125.64,United States
876,Essential Properties Realty Trust,EPRT,7011917824,32.34,United States
877,Axalta,AXTA,7011259904,32.76,United States
878,Rhythm Pharmaceuticals,RYTM,7003403776,102.1,United States
879,Oklo,OKLO,7003137536,40.25,United States
880,CLEAR Secure,YOU,6982466048,52.24,United States
881,AutoNation,AN,6966013952,208.18,United States
882,EnerSys,ENS,6954006528,190.75,United States
883,Celsius Holdings,CELH,6932966400,27.12,United States
884,Mohawk Industries,MHK,6904162304,113.27,United States
885,OneMain Financial,OMF,6901819392,59.74,United States
886,PJT Partners,PJT,6897735680,169.07,United States
887,Mirum Pharmaceuticals,MIRM,6892708352,113.03,United States
888,Armstrong World Industries,AWI,6858915840,160.71,United States
889,Lamb Weston,LW,6845649920,49.58,United States
890,Gap Inc.,GAP,6843200000,19.01,United States
891,Lantheus Holdings,LNTH,6824419328,104.82,United States
892,Pilgrim's Pride,PPC,6823601152,28.68,United States
893,Joby Aviation,JOBY,6816645120,6.93,United States
894,Dropbox,DBX,6810046464,29.19,United States
895,Plexus,PLXS,6808171008,254.45,United States
896,Gates Industrial Corp,GTES,6807234560,26.89,United States
897,Cleveland-Cliffs,CLF,6805046784,11.93,United States
898,Landstar System,LSTR,6795141632,200.28,United States
899,Cogent Biosciences,COGT,6793711616,39.76,United States
900,Chemed,CHE,6784793088,511.13,United States
901,Ingram Micro Holding Corporation,INGM,6784289280,29.44,United States
902,F.N.B. Corporation,FNB,6781112832,19.05,United States
903,Paycom,PAYC,6777248768,145.35,United States
904,MSA Safety,MSA,6741817856,174.64,United States
905,Cirrus Logic,CRUS,6740987904,133.61,United States
906,Southwest Gas,SWX,6735929344,93.07,United States
907,Arcellx,ACLX,6732325376,115.07,United States
908,ServiceTitan,TTAN,6723621376,70.48,United States
909,Paylocity,PCTY,6707463680,125.27,United States
910,POOLCORP,POOL,6697131008,183.77,United States
911,Crocs,CROX,6694189568,134.72,United States
912,VF Corporation,VFC,6681670144,17.03,United States
913,InterDigital,IDCC,6675770368,258.3,United States
914,Janus Living,JAN,6665924096,31.41,United States
915,Taylor Morrison,TMHC,6665396224,72.45,United States
916,Sensata Technologies,ST,6647698944,45.71,United States
917,Loar Holdings,LOAR,6637038592,70.89,United States
918,Erasca,ERAS,6633604608,19.11,United States
919,Eagle Materials,EXP,6597729792,213.55,United States
920,Schneider National,SNDR,6586425344,37.61,United States
921,LKQ Corporation,LKQ,6578699264,25.82,United States
922,Morningstar,MORN,6564015616,172.61,United States
923,GATX,GATX,6554874880,184.63,United States
924,United Bankshares,UBSI,6545834496,47.8,United States
925,Glacier Bancorp,GBCI,6542271488,50.27,United States
926,Lumen Technologies,LUMN,6532172288,6.34,United States
927,Enact Holdings,ACT,6527730688,46.76,United States
928,Rayonier,RYN,6526441984,21.58,United States
929,Campbell's,CPB,6512824320,21.84,United States
930,Hims &amp; Hers Health,HIMS,6501646848,28.09,United States
931,Red Rock Resorts,RRR,6476564480,63.92,United States
932,Boyd Gaming,BYD,6469697024,87.04,United States
933,TXNM Energy,TXNM,6465304064,58.4,United States
934,Procore,PCOR,6462627840,42.83,United States
935,MaxLinear,MXL,6410594816,71.59,United States
936,National Storage Affiliates Trust,NSA,6391416320,43.41,United States
937,Ingredion,INGR,6376532480,101.12,United States
938,Matson,MATX,6372538880,210.57,United States
939,PTC Therapeutics,PTCT,6372168192,76.82,United States
940,Weatherford International,WFRD,6357064704,88.68,United States
941,Archrock,AROC,6333954048,36.14,United States
942,Matador Resources,MTDR,6309495808,50.81,United States
943,Starwood Property Trust,STWD,6283358720,16.52,United States
944,Parsons,PSN,6282848256,58.73,United States
945,MGIC Investment,MTG,6270686720,29.65,United States
946,Sealed Air,SEE,6211799552,42.15,United States
947,Home BancShares,HOMB,6210250752,30.98,United States
948,Mercury Systems,MRCY,6200669696,103.27,United States
949,SentinelOne,S,6194485248,18.14,United States
950,Plains GP,PAGP,6162861568,26.45,United States
951,Macy's,M,6149827072,23.38,United States
952,Belite Bio,BLTE,6147449856,153.36,United States
953,Elastic NV,ESTC,6146816512,58.68,United States
954,Magnolia Oil &amp; Gas,MGY,6142323712,25.33,United States
955,Hancock Whitney,HWC,6131890176,76.2,United States
956,Acushnet Holdings,GOLF,6128267264,104.66,United States
957,Installed Building Products,IBP,6127125504,227.43,United States
958,Terns Pharmaceuticals,TERN,6116845568,52.95,United States
959,Fortune Brands Innovations,FBIN,6116173312,51.27,United States
960,Brookfield Renewable,BEPC,6115254272,33.53,United States
961,CG Oncology,CGON,6114195456,69.32,United States
962,Ormat Technologies,ORA,6108483584,99.4,United States
963,WEX,WEX,6106793472,176.15,United States
964,Caesars Entertainment,CZR,6098585600,29.94,United States
965,Kite Realty,KRG,6094022144,29.31,United States
966,Victory Capital,VCTR,6078023168,97.2,United States
967,GXO Logistics,GXO,6064210944,52.71,United States
968,New Jersey Resources,NJR,6060340736,60.05,United States
969,Middleby,MIDD,6053317120,133.88,United States
970,Phillips Edison &amp; Company,PECO,6038175232,43.53,United States
971,Churchill Downs,CHDN,6028783104,86.5,United States
972,Portland General Electric,POR,6023747072,52.05,United States
973,Ligand Pharmaceuticals,LGND,6022939648,300.53,United States
974,Credit Acceptance,CACC,6004917760,574.08,United States
975,Atlantic Union Bankshares,AUB,5993457152,42.23,United States
976,Urban Outfitters,URBN,5991886848,69.97,United States
977,Kodiak Gas Services,KGS,5962289664,59.08,United States
978,Rush Enterprises,RUSHA,5950429696,76.57,United States
979,Mercury General,MCY,5942091776,107.28,United States
980,Enova International,ENVA,5904439296,237.27,United States
981,MYR Group,MYRG,5904070144,379.17,United States
982,Ameris Bancorp,ABCB,5903571456,87.73,United States
983,Navan,NAVN,5900485632,23.2,United States
984,OneStream,OS,5900146688,24.0,United States
985,Commvault,CVLT,5894720512,142.31,United States
986,LandBridge,LB,5878708224,76.33,United States
987,10x Genomics,TXG,5874263040,46.27,United States
988,Vishay Intertechnology,VSH,5860569600,38.21,United States
989,Teleflex,TFX,5848095232,132.1,United States
990,Construction Partners,ROAD,5839473664,103.29,United States
991,AppFolio,APPF,5835926016,165.05,United States
992,ACM Research,ACMR,5827312128,84.32,United States
993,Associated Banc-Corp,ASB,5820532736,30.81,United States
994,Floor &amp; Decor,FND,5810060800,53.75,United States
995,BillionToOne,BLLN,5799110656,126.08,United States
996,Flagstar Bank,FLG,5772889600,13.85,United States
997,Selective Insurance,SIGI,5767230976,96.33,United States
998,Sonoco,SON,5757123584,58.23,United States
999,Hinge Health,HNGE,5750117376,74.31,United States
1000,SOLV Energy,MWH,5748200960,27.27,United States
1001,PriceSmart,PSMT,5747464192,186.24,United States
1002,Black Hills,BKH,5731686400,75.29,United States
1003,Definium Therapeutics,DFTX,5730526208,43.17,United States
1004,ACI Worldwide,ACIW,5724562944,56.31,United States
1005,Amneal Pharmaceuticals,AMRX,5722418176,17.92,United States
1006,Scholar Rock Holding,SRRK,5712216576,47.67,United States
1007,Duolingo,DUOL,5695542272,122.24,United States
1008,Casella Waste Systems,CWST,5686092288,89.39,United States
1009,RLI Corp.,RLI,5682584064,61.92,United States
1010,Outfront Media,OUT,5639313920,32.03,United States
1011,Sabra Health Care REIT,SBRA,5638970880,22.36,United States
1012,Avis Budget Group,CAR,5633628160,159.48,United States
1013,Twist Bioscience,TWST,5621231104,90.27,United States
1014,UiPath,PATH,5616423424,10.84,United States
1015,Nexstar Media Group,NXST,5598097408,183.31,United States
1016,Murphy Oil,MUR,5583465984,38.95,United States
1017,BGC Group,BGC,5581009920,11.65,United States
1018,Amdocs,DOX,5531144192,52.1,United States
1019,Amentum,AMTM,5509332992,22.55,United States
1020,Wyndham Hotels &amp; Resorts,WH,5504491008,73.53,United States
1021,Perimeter Solutions,PRM,5502275584,33.73,United States
1022,Bank OZK,OZK,5494318592,50.33,United States
1023,VSE Corporation,VSEC,5482928640,195.42,United States
1024,Axos Financial,AX,5451254784,95.83,United States
1025,Granite Construction,GVA,5445151744,124.47,United States
1026,Herc Holdings,HRI,5429376000,162.59,United States
1027,Albertsons,ACI,5402255872,11.03,United States
1028,Reynolds Consumer Products,REYN,5397752832,25.61,United States
1029,Sensient Technologies,SXT,5397318656,126.79,United States
1030,Lyft,LYFT,5391491584,14.2,United States
1031,Varonis Systems,VRNS,5372059136,45.74,United States
1032,StepStone Group,STEP,5370398720,42.61,United States
1033,Blue Owl Capital Corporation,OBDC,5345209344,10.77,United States
1034,Travere Therapeutics,TVTX,5334072832,57.36,United States
1035,UniFirst,UNF,5322895360,294.34,United States
1036,Cousins Properties,CUZ,5290775552,32.15,United States
1037,GitLab,GTLB,5283192320,31.28,United States
1038,Oceaneering International,OII,5259567104,52.73,United States
1039,Apellis Pharmaceuticals,APLS,5252712960,41.03,United States
1040,ESAB,ESAB,5246761472,84.44,United States
1041,Balchem,BCPC,5231058432,162.81,United States
1042,Resideo Technologies,REZI,5230262784,34.54,United States
1043,Louisiana-Pacific,LPX,5203536384,74.48,United States
1044,Brunswick Corporation,BC,5192757248,79.92,United States
1045,Vail Resorts,MTN,5192517632,145.72,United States
1046,Solaris Energy Infrastructure,SEI,5191085568,54.03,United States
1047,Laureate Education,LAUR,5179196416,37.0,United States
1048,H&amp;R Block,HRB,5175619584,40.83,United States
1049,Sezzle,SEZL,5174862336,153.89,United States
1050,Icahn Enterprises,IEP,5168068608,7.69,United States
1051,ADT,ADT,5162060800,7.04,United States
1052,AAR,AIR,5148123648,129.05,United States
1053,Alaska Airlines,ALK,5146584576,46.13,United States
1054,Radian Group,RDN,5143480832,38.68,United States
1055,Piper Sandler,PIPR,5141966336,76.09,United States
1056,Dave Inc.,DAVE,5121425920,402.81,United States
1057,First National of Nebraska,FINN,5107624960,18901.0,United States
1058,TFS Financial,TFSL,5101060608,18.19,United States
1059,Alliance Laundry Holdings,ALH,5094311936,25.65,United States
1060,Rithm Capital,RITM,5091756544,9.12,United States
1061,Celanese,CE,5091631616,46.43,United States
1062,ONE Gas,OGS,5054266880,80.53,United States
1063,Novanta,NOVT,5040706560,141.54,United States
1064,SAIC (Science Applications International Corp),SAIC,5030518784,118.99,United States
1065,Choice Hotels International,CHH,5028161536,110.52,United States
1066,Brink's,BCO,5024085504,122.0,United States
1067,Frontdoor,FTDR,5021094400,71.49,United States
1068,Materion,MTRN,5013573632,241.02,United States
1069,Tanger Inc.,SKT,5012259840,41.93,United States
1070,Versant Media Group,VSNT,5006199808,35.38,United States
1071,Moelis &amp; Company,MC,4983213568,67.0,United States
1072,Graham Holdings,GHC,4974164992,1154.88,United States
1073,Main Street Capital,MAIN,4972166656,53.47,United States
1074,First Financial Bankshares,FFIN,4970331648,34.68,United States
1075,CNO Financial Group,CNO,4968941056,53.23,United States
1076,Valvoline,VVV,4968805376,38.96,United States
1077,UFP Industries,UFPI,4966871552,87.94,United States
1078,Sotera Health,SHC,4947647488,17.35,United States
1079,Eastern Bankshares,EBC,4927341056,22.92,United States
1080,Spire Inc.,SR,4923246592,83.28,United States
1081,Global Business Travel Group,GBTG,4914706432,9.41,United States
1082,Klaviyo,KVYO,4908188672,16.4,United States
1083,Silgan Holdings,SLGN,4906711040,46.43,United States
1084,HASI (HA Sustainable Infrastructure Capita),HASI,4903726592,38.37,United States
1085,EquipmentShare.com,EQPT,4891029504,19.38,United States
1086,Gentex,GNTX,4876597248,22.9,United States
1087,Meritage Homes,MTH,4873108480,72.95,United States
1088,EPR Properties,EPR,4860531712,63.53,United States
1089,CNX Resources,CNX,4851267072,34.29,United States
1090,Iridium Communications,IRDM,4850866176,45.78,United States
1091,Qualys,QLYS,4841634304,137.48,United States
1092,RadNet,RDNT,4841509888,61.57,United States
1093,Enphase Energy,ENPH,4836995072,36.7,United States
1094,FTI Consulting,FCN,4816716800,159.79,United States
1095,WillScot,WSC,4796358656,26.5,United States
1096,Shift4 Payments,FOUR,4792932864,48.35,United States
1097,Nelnet,NNI,4792161280,133.36,United States
1098,Indivior PLC,INDV,4790240768,40.525,United States
1099,ServisFirst Bancshares,SFBS,4789728256,87.61,United States
1100,International Bancshares Corp,IBOC,4774897664,76.79,United States
1101,Zeta Global,ZETA,4768297984,19.13,United States
1102,Xometry,XMTR,4768269824,86.31,United States
1103,California Resources Corporation,CRC,4747863552,53.47,United States
1104,Remitly,RELY,4743941120,22.53,United States
1105,Millrose Properties,MRP,4735686656,28.52,United States
1106,MiniMed Group,MMED,4726585344,16.83,United States
1107,Fermi Inc.,FRMI,4721816576,7.4,United States
1108,Dolby,DLB,4716661760,49.86,United States
1109,CSW Industrials,CSW,4712553984,289.18,United States
1110,Fulton Financial,FULT,4704196608,24.57,United States
1111,Rigetti Computing,RGTI,4703442944,14.15,United States
1112,EPAM Systems,EPAM,4694163968,89.85,United States
1113,Primoris Services Corporation,PRIM,4693594624,86.51,United States
1114,KBR,KBR,4682353152,36.93,United States
1115,Franklin Electric,FELE,4665201664,105.59,United States
1116,Uranium Energy,UEC,4661999616,9.51,United States
1117,Netskope,NTSK,4657239552,11.53,United States
1118,Cabot Corporation,CBT,4653670912,90.15,United States
1119,Kilroy Realty,KRC,4628395520,39.42,United States
1120,MARA Holdings,MARA,4620998144,12.12,United States
1121,Lemonade,LMND,4620002304,60.14,United States
1122,Hamilton Lane,HLNE,4618192384,83.16,United States
1123,Kontoor Brands,KTB,4617453056,83.54,United States
1124,SLM Corporation (Sallie Mae),SLM,4580923904,24.29,United States
1125,Tutor Perini Corporation,TPC,4580713984,86.77,United States
1126,Aura Minerals,AUGO,4576634880,54.81,United States
1127,Veradermics,MANE,4575184384,109.51,United States
1128,Century Aluminum,CENX,4573590528,46.21,United States
1129,International Seaways,INSW,4568293376,92.28,United States
1130,e.l.f. Beauty,ELF,4559369216,77.36,United States
1131,Amicus Therapeutics,FOLD,4549870080,14.49,United States
1132,Boot Barn Holdings,BOOT,4549147648,149.98,United States
1133,Travel + Leisure,TNL,4537938432,74.05,United States
1134,Veracyte,VCYT,4517061632,56.61,United States
1135,Seaboard Corporation,SEB,4515476992,4714.45,United States
1136,Trex,TREX,4512321536,43.43,United States
1137,AZZ,AZZ,4504719872,149.9,United States
1138,NorthWestern Energy,NWE,4481474048,72.86,United States
1139,Champion Homes,SKY,4481019904,81.63,United States
1140,Broadstone Net Lease,BNL,4473398784,22.36,United States
1141,Greif,GEF,4466885632,78.62,United States
1142,Brady Corporation,BRC,4452158976,94.5,United States
1143,Ondas Holdings,ONDS,4444741120,7.8,United States
1144,MDU Resources,MDU,4441377792,21.25,United States
1145,Merit Medical,MMSI,4433548800,74.32,United States
1146,Knife River Corporation,KNF,4430205952,78.06,United States
1147,SiteOne Landscape Supply,SITE,4425062912,99.87,United States
1148,CECO Environmental,CECO,4417020928,75.63,United States
1149,Synaptics,SYNA,4414082560,113.0,United States
1150,Pegasystems,PEGA,4409340416,26.82,United States
1151,Pattern Group,PTRN,4400056320,22.17,United States
1152,Excelerate Energy,EE,4398381568,38.63,United States
1153,Federated Hermes,FHI,4396860928,57.92,United States
1154,COPT Defense Properties,CDP,4392118272,38.03,United States
1155,Cavco Industries,CVCO,4391520256,569.77,United States
1156,Caris Life Sciences,CAI,4387204608,15.52,United States
1157,PennyMac Financial Services,PFSI,4379863040,84.35,United States
1158,Atmus Filtration Technologies,ATMU,4374375424,53.56,United States
1159,BETA Technologies,BETA,4356878848,18.21,United States
1160,CommScope,COMM,4337923584,19.58,United States
1161,Tango Therapeutics,TNGX,4335754240,26.63,United States
1162,Vontier,VNT,4333824000,30.78,United States
1163,Bill.com,BILL,4333453312,43.51,United States
1164,Waystar,WAY,4317708288,22.51,United States
1165,Texas Capital Bancshares,TCBI,4314830848,99.25,United States
1166,Victoria's Secret &amp; Co,VSCO,4312813568,54.3,United States
1167,Legend Biotech,LEGN,4298231808,22.22,United States
1168,Envista,NVST,4284626176,26.33,United States
1169,Cal-Maine Foods,CALM,4279053312,90.32,United States
1170,ACADIA Pharmaceuticals,ACAD,4253499136,24.84,United States
1171,Planet Fitness,PLNT,4248599552,53.48,United States
1172,Warrior Met Coal,HCC,4227853312,80.07,United States
1173,EXL Service,EXLS,4227503616,27.67,United States
1174,RXO,RXO,4226907648,25.63,United States
1175,United Community Bank,UCB,4221674752,35.25,United States
1176,Bread Financial,BFH,4214860800,104.31,United States
1177,The Cheesecake Factory,CAKE,4209344000,84.72,United States
1178,SL Green Realty,SLG,4205123072,54.61,United States
1179,Cathay General Bancorp,CATY,4204652032,62.92,United States
1180,Core Natural Resources,CNR,4193912832,83.2,United States
1181,Asbury Automotive Group,ABG,4193698560,225.24,United States
1182,"X-Energy, Inc.",XE,4185399040,14.56,United States
1183,Cohen &amp; Steers,CNS,4181846016,81.35,United States
1184,Abercrombie &amp; Fitch,ANF,4168138752,93.81,United States
1185,Mattel,MAT,4166759424,14.34,United States
1186,OPENLANE Corporate,OPLN,4165800704,39.32,United States
1187,LifeStance Health Group,LFST,4161995264,10.9,United States
1188,UCT (Ultra Clean Holdings),UCTT,4157829632,92.75,United States
1189,Griffon Corporation,GFF,4156434432,90.62,United States
1190,WSFS Financial,WSFS,4155196672,79.84,United States
1191,Polaris,PII,4154965760,73.04,United States
1192,Liberty Broadband,LBRDA,4153274880,28.87,United States
1193,Neptune Insurance Holdings,NP,4149185792,30.24,United States
1194,MarketAxess,MKTX,4147098624,116.69,United States
1195,MIAX (Miami International Holdings),MIAX,4140617984,42.78,United States
1196,Geo Group,GEO,4131477504,30.92,United States
1197,Axcelis Technologies,ACLS,4121415680,134.1,United States
1198,Post Holdings,POST,4120276224,90.91,United States
1199,SkyWest,SKYW,4110788096,103.65,United States
1200,Americold,COLD,4105148416,14.32,United States
1201,"GPGI, Inc.",GPGI,4063857408,14.02,United States
1202,Independent Bank Corp.,INDB,4053297408,85.12,United States
1203,RingCentral,RNG,4051209472,48.31,United States
1204,Mirion Technologies,MIR,4046605824,16.54,United States
1205,Concentra Group,CON,4044871936,31.61,United States
1206,Dyne Therapeutics,DYN,4040269056,24.44,United States
1207,Viking Therapeutics,VKTX,4039315200,34.79,United States
1208,ScottsMiracle-Gro,SMG,4032589824,69.31,United States
1209,"Box, Inc.",BOX,4018831872,29.01,United States
1210,Relay Therapeutics,RLAY,4018819840,18.44,United States
1211,Alignment Healthcare,ALHC,4016838144,19.43,United States
1212,Independence Realty Trust,IRT,4013911552,16.61,United States
1213,Bath &amp; Body Works,BBWI,4011079936,19.9,United States
1214,Renasant Corp,RNST,4011069184,43.47,United States
1215,Hagerty,HGTY,4010379520,11.68,United States
1216,Dorman Products,DORM,4010269952,134.2,United States
1217,Ollie's Bargain Outlet,OLLI,4008657664,66.31,United States
1218,Diodes Incorporated,DIOD,4002245888,87.11,United States
1219,Belden,BDC,4001889536,102.76,United States
1220,Tri Pointe Homes,TPH,3998444288,46.95,United States
1221,Thor Industries,THO,3990718208,76.66,United States
1222,Bright Horizons,BFAM,3986007552,75.77,United States
1223,Webull,BULL,3983321600,7.49,United States
1224,Korn Ferry,KFY,3979560192,78.25,United States
1225,CVB Financial,CVBF,3976135168,22.56,United States
1226,Comstock Resources,CRK,3970767872,13.52,United States
1227,WesBanco,WSBC,3967448064,41.25,United States
1228,Life360,LIF,3959208448,48.86,United States
1229,Apple Hospitality REIT,APLE,3958852864,16.77,United States
1230,nLIGHT,LASR,3949737472,70.02,United States
1231,Group 1 Automotive,GPI,3936754944,330.87,United States
1232,ICU Medical,ICUI,3934989824,157.44,United States
1233,Howard Hughes Holdings,HHH,3929856768,65.91,United States
1234,Interparfums,IPAR,3924759552,122.55,United States
1235,Mueller Water Products,MWA,3916471040,25.03,United States
1236,BancFirst,BANF,3915501056,116.58,United States
1237,Telephone and Data Systems,TDS,3913024256,34.37,United States
1238,Tidewater,TDW,3905845504,78.54,United States
1239,National Health Investors,NHI,3903860736,80.54,United States
1240,IPG Photonics,IPGP,3892079360,91.7,United States
1241,Impinj,PI,3885069056,127.55,United States
1242,Par Pacific Holdings,PARR,3880665600,77.39,United States
1243,Bel Fuse,BELFB,3879954176,272.8,United States
1244,Lionsgate Studios,LION,3877052160,13.34,United States
1245,Otter Tail,OTTR,3876816384,92.34,United States
1246,Delek US,DK,3873372928,63.2,United States
1247,Patterson-UTI Energy,PTEN,3872100096,10.2,United States
1248,Chefs' Warehouse,CHEF,3868165888,94.86,United States
1249,M/I Homes,MHO,3860775936,149.83,United States
1250,Extreme Networks,EXTR,3856645888,29.49,United States
1251,Catalyst Pharmaceuticals,CPRX,3854925568,31.49,United States
1252,Hilton Grand Vacations,HGV,3838620672,48.89,United States
1253,Newmark,NMRK,3835331072,15.39,United States
1254,Cactus Inc,WHD,3826343936,55.12,United States
1255,Parabilis Medicines,PBLS,3825933568,31.28,United States
1256,USA Compression Partners,USAC,3824370432,26.38,United States
1257,Cinemark Theatres,CNK,3820127488,32.71,United States
1258,YETI Holdings,YETI,3816704256,50.38,United States
1259,Genworth Financial,GNW,3799451648,9.92,United States
1260,Enliven Therapeutics,ELVN,3782657024,52.95,United States
1261,Highwoods Properties,HIW,3779458816,33.65,United States
1262,The Vita Coco Company,COCO,3767721216,65.97,United States
1263,Itron,ITRI,3734259968,84.22,United States
1264,CleanSpark,CLSK,3725957120,14.52,United States
1265,Grand Canyon Education,LOPE,3710410752,139.94,United States
1266,PVH Corp.,PVH,3707551744,80.41,United States
1267,Universal Display Corporation,OLED,3705943040,79.27,United States
1268,First Interstate BancSystem,FIBK,3703086592,38.12,United States
1269,Opendoor,OPEN,3699764992,3.835,United States
1270,Stride (K12 Education),LRN,3694557952,86.88,United States
1271,Kadant,KAI,3688491008,312.36,United States
1272,Badger Meter,BMI,3686721280,126.32,United States
1273,Liftoff Mobile,LFTO,3685878784,22.14,United States
1274,Wingstop Restaurants,WING,3681840896,135.2,United States
1275,Standex International,SXI,3678695936,303.65,United States
1276,Doximity,DOCS,3670567168,20.42,United States
1277,Denali Therapeutics,DNLI,3667782400,23.11,United States
1278,Palomar Holdings,PLMR,3645872640,137.56,United States
1279,Archer Aviation,ACHR,3638865664,4.77,United States
1280,"Calumet, Inc.",CLMT,3633164288,41.69,United States
1281,Brighthouse Financial,BHF,3631722496,63.22,United States
1282,Paymentus,PAY,3631538176,28.87,United States
1283,Brookdale Senior Living,BKD,3618103552,15.15,United States
1284,Freddie Mac,FMCC,3614331136,5.56,United States
1285,Robert Half,RHI,3609940992,35.29,United States
1286,Madison Square Garden Entertainment,MSGE,3607497216,76.26,United States
1287,Nicolet Bankshares,NIC,3605172992,169.64,United States
1288,Curbline Properties,CURB,3599028224,31.56,United States
1289,iRhythm,IRTC,3588574976,109.2,United States
1290,Haemonetics,HAE,3580234496,78.78,United States
1291,Adtalem Global Education,ATGE,3579815168,98.54,United States
1292,Arcus Biosciences,RCUS,3574473216,28.42,United States
1293,OSI Systems,OSIS,3571842304,216.7,United States
1294,Alumis,ALMS,3569775616,28.0,United States
1295,St. Joe Company,JOE,3566293248,62.12,United States
1296,Tenable,TENB,3556271104,32.25,United States
1297,First Financial Bank,FFBC,3553957888,33.87,United States
1298,Insight Enterprises,NSIT,3553490688,117.65,United States
1299,Organon,OGN,3550479872,13.52,United States
1300,Power Integrations,POWI,3535990016,63.46,United States
1301,Community Financial System,CBU,3533793280,67.24,United States
1302,Helmerich &amp; Payne,HP,3531559936,35.34,United States
1303,Atlanta Braves Holdings,BATRA,3530476032,55.04,United States
1304,"Csquare, Inc.",CSQR,3529821440,22.77,United States
1305,LXP Industrial Trust,LXP,3529456640,60.81,United States
1306,National Healthcare,NHC,3525196800,225.69,United States
1307,NCR Atleos Corporation,NATL,3523849984,47.75,United States
1308,Structure Therapeutics,GPCR,3491180032,49.12,United States
1309,KB Home,KBH,3479940096,56.76,United States
1310,Avista,AVA,3474946048,42.05,United States
1311,AllianceBernstein,AB,3474623488,37.2,United States
1312,Mechanics Bancorp,MCHB,3471569152,15.68,United States
1313,USA Rare Earth,USAR,3462096384,14.15,United States
1314,Avient,AVNT,3448302080,37.6,United States
1315,Astronics Corporation,ATRO,3446986240,69.85,United States
1316,ArcBest,ARCB,3435301376,154.3,United States
1317,Arcutis Biotherapeutics,ARQT,3421030400,27.35,United States
1318,First Hawaiian Bank,FHB,3420319488,28.11,United States
1319,Q2,QTWO,3418609152,54.61,United States
1320,CCC Intelligent Solutions,CCC,3415994112,5.82,United States
1321,Park National Corp,PRK,3412560384,188.58,United States
1322,IDEAYA Biosciences,IDYA,3408128000,35.4,United States
1323,Option Care Health,OPCH,3401215744,21.66,United States
1324,American States Water,AWR,3386637312,86.41,United States
1325,BankUnited,BKU,3377519360,46.47,United States
1326,First Advantage,FA,3368987392,19.64,United States
1327,Advance Auto Parts,AAP,3366369792,55.8,United States
1328,CVR Energy,CVI,3362748672,33.45,United States
1329,Integer Holdings,ITGR,3348626432,98.62,United States
1330,Simmons First National,SFNC,3348176640,23.18,United States
1331,TowneBank,TOWN,3346073856,36.65,United States
1332,Golub Capital,GBDC,3329128448,12.78,United States
1333,Bank of Hawaii,BOH,3326976768,83.97,United States
1334,Restoration Hardware,RH,3302814464,174.51,United States
1335,Banc of California,BANC,3281421056,21.28,United States
1336,Callaway Golf Company,CALY,3264397312,18.16,United States
1337,Graphic Packaging,GPK,3260679168,11.02,United States
1338,Chesapeake Utilities,CPK,3259366400,135.78,United States
1339,Seacoast Banking,SBCF,3256794368,33.49,United States
1340,NMI Holdings,NMIH,3247798272,42.75,United States
1341,Acadia Realty Trust,AKR,3244181504,22.38,United States
1342,Tegna,TGNA,3243011584,20.03,United States
1343,Marriott Vacations Worldwide,VAC,3241641728,94.39,United States
1344,Firefly Aerospace,FLY,3233791488,19.69,United States
1345,PotlatchDeltic,PCH,3230610432,41.73,United States
1346,"Atlanta Braves Holdings, Inc.",BATRK,3225151232,50.28,United States
1347,Centrus Energy,LEU,3224174080,163.89,United States
1348,Knowles,KN,3215369728,37.58,United States
1349,Privia Health Group,PRVA,3213315584,25.5,United States
1350,Columbia Sportswear,COLM,3187094016,62.32,United States
1351,United States Lime &amp; Minerals,USLM,3183421440,110.99,United States
1352,Alliance Resource Partners,ARLP,3179158784,24.71,United States
1353,Acadia Healthcare,ACHC,3173781760,34.51,United States
1354,Fastly,FSLY,3167559936,20.24,United States
1355,Titan America,TTAM,3161816064,17.15,United States
1356,Sonic Automotive,SAH,3154721536,99.82,United States
1357,Veeco,VECO,3152989696,51.66,United States
1358,IAC Inc.,IAC,3142127872,42.24,United States
1359,Maximus,MMS,3135083520,59.67,United States
1360,"Hayward Holdings, Inc.",HAYW,3130776064,14.43,United States
1361,Green Brick Partners,GRBK,3127117312,72.48,United States
1362,Steve Madden,SHOO,3124402688,42.75,United States
1363,Provident Financial Services,PFS,3113193984,23.89,United States
1364,Black Stone Minerals,BSM,3113115136,14.65,United States
1365,MGE Energy,MGEE,3111068160,82.42,United States
1366,WD-40 Company,WDFC,3104702208,231.33,United States
1367,CoreCivic,CXW,3100153344,31.35,United States
1368,Urban Edge Properties,UE,3099905792,23.35,United States
1369,StubHub Holdings,STUB,3097357824,8.25,United States
1370,Diebold Nixdorf,DBD,3093354240,89.33,United States
1371,AXT Inc,AXTI,3089936896,47.23,United States
1372,CorVel Corporation,CRVL,3053402368,59.86,United States
1373,Crane NXT,CXT,3041689600,52.86,United States
1374,Delek Logistics Partners,DKL,3040689408,57.19,United States
1375,Ashland,ASH,3040308480,66.4,United States
1376,California Water Service Group,CWT,3035757568,50.72,United States
1377,Euronet Worldwide,EEFT,3019735808,79.31,United States
1378,Ichor Systems,ICHR,3017743360,86.55,United States
1379,Warby Parker,WRBY,3013885952,24.56,United States
1380,Hub Group,HUBG,3013645056,49.28,United States
1381,CarGurus,CARG,3009543424,33.37,United States
1382,United Natural Foods,UNFI,3005985536,49.67,United States
1383,QuantumScape,QS,3004983808,4.885,United States
1384,HNI Corporation,HNI,2996344832,41.62,United States
1385,H.B. Fuller,FUL,2995958784,55.7,United States
1386,Dynex Capital,DX,2991419648,12.6,United States
1387,Ambarella,AMBA,2985668608,68.06,United States
1388,Exponent,EXPO,2980554240,61.44,United States
1389,Cushman &amp; Wakefield,CWK,2980302592,12.72,United States
1390,FS KKR Capital,FSK,2977106176,10.63,United States
1391,WisdomTree,WT,2974707712,19.45,United States
1392,Trinity Industries,TRN,2974300928,37.41,United States
1393,Park Hotels &amp; Resorts,PK,2968073472,14.74,United States
1394,UWM Holdings,UWMC,2956745984,1.83,United States
1395,FB Financial,FBK,2953626112,59.1,United States
1396,MBX Biosciences,MBX,2951047168,62.0,United States
1397,Hercules Capital,HTGC,2943375360,15.73,United States
1398,Workiva,WK,2941775616,52.42,United States
1399,McGrath RentCorp,MGRC,2941517568,119.76,United States
1400,DigitalBridge Group,DBRG,2939600896,15.9,United States
1401,The Marzetti Company,MZTI,2939405056,107.19,United States
1402,Under Armour,UA,2924588800,6.86,United States
1403,Plug Power,PLUG,2915694080,2.09,United States
1404,Dana Incorporated,DAN,2912047104,27.07,United States
1405,GRAIL,GRAL,2911461376,67.84,United States
1406,Benchmark Electronics,BHE,2909627648,81.1,United States
1407,Hawkins,HWKN,2906616832,139.03,United States
1408,PHINIA,PHIN,2902041600,78.39,United States
1409,Medical Properties Trust,MPT,2894803968,4.84,United States
1410,Academy Sports + Outdoors,ASO,2888815872,46.58,United States
1411,Acadian Asset Management,AAMI,2881672448,80.88,United States
1412,National Beverage,FIZZ,2873891584,30.7,United States
1413,Adeia,ADEA,2862123008,25.95,United States
1414,Four Corners Property Trust,FCPT,2861161728,26.07,United States
1415,NETSCOUT,NTCT,2859808768,40.0,United States
1416,American Eagle Outfitters,AEO,2848746496,17.0,United States
1417,InvenTrust Properties,IVT,2840762112,36.45,United States
1418,Freshworks,FRSH,2838979072,10.27,United States
1419,TriNet,TNET,2837081856,61.75,United States
1420,Select Water Solutions,WTTR,2835398912,20.17,United States
1421,Liberty Energy,LBRT,2833003264,17.36,United States
1422,Disc Medicine,IRON,2831316480,74.12,United States
1423,Freshpet,FRPT,2827676416,57.54,United States
1424,Gulfport Energy,GPOR,2826085376,157.27,United States
1425,Energy Fuels,UUUU,2824086528,11.3,United States
1426,Tootsie Roll Industries,TR,2820422912,37.52,United States
1427,Blackstone Mortgage Trust,BXMT,2815328000,16.69,United States
1428,Patrick Industries,PATK,2801753088,84.5,United States
1429,NuScale Power,SMR,2799995904,8.09,United States
1430,ABM Industries,ABM,2795481856,47.72,United States
1431,BKV Corporation,BKV,2793734144,25.54,United States
1432,Artisan Partners,APAM,2792874752,39.34,United States
1433,Centuri Holdings,CTRI,2792862208,27.67,United States
1434,"The Bancorp, Inc.",TBBK,2788674816,66.98,United States
1435,National Energy Services Reunited,NESR,2785401344,27.62,United States
1436,Agilysys,AGYS,2778668544,98.54,United States
1437,Peabody Energy,BTU,2777815808,22.8,United States
1438,Worthington Enterprises,WOR,2774608640,56.0,United States
1439,Visteon,VC,2769504512,103.75,United States
1440,Celldex Therapeutics,CLDX,2769200128,35.28,United States
1441,Soleno Therapeutics,SLNO,2762888960,53.01,United States
1442,Penguin Solutions,PENG,2759419392,53.85,United States
1443,PENN Entertainment,PENN,2743138048,20.48,United States
1444,Boise Cascade,BCC,2739169024,77.84,United States
1445,Central Garden &amp; Pet,CENT,2737471744,43.75,United States
1446,Trustmark,TRMK,2731604736,46.61,United States
1447,NBT Bancorp,NBTB,2724295936,52.38,United States
1448,First Merchants Corporation,FRME,2721321984,43.18,United States
1449,WaFd Bank,WAFD,2716335360,36.73,United States
1450,Kennametal,KMT,2684881920,35.23,United States
1451,SoundHound AI,SOUN,2683752960,6.16,United States
1452,Teradata,TDC,2683731968,28.52,United States
1453,Harley-Davidson,HOG,2683289088,25.49,United States
1454,Supernus Pharmaceuticals,SUPN,2681435136,46.2,United States
1455,Ducommun,DCO,2676781568,177.44,United States
1456,H2O America,HTO,2671081472,63.84,United States
1457,Kaiser Aluminum,KALU,2666296576,163.17,United States
1458,Kyndryl,KD,2657232384,12.05,United States
1459,Magnite,MGNI,2650909952,18.51,United States
1460,Ultragenyx Pharmaceutical,RARE,2649360128,26.9,United States
1461,"The Andersons, Inc.",ANDE,2646340608,77.71,United States
1462,Olin Corporation,OLN,2644393728,23.2,United States
1463,Grindr,GRND,2639230976,14.85,United States
1464,Helios Technologies,HLIO,2638090752,79.83,United States
1465,Diamondrock Hospitality Company,DRH,2637771264,12.85,United States
1466,Allegiant Travel Company,ALGT,2636145152,98.08,United States
1467,Peloton,PTON,2632590848,6.08,United States
1468,DNOW Inc.,DNOW,2630487552,14.41,United States
1469,Quaker Houghton,KWR,2629800448,151.43,United States
1470,Uniti,UNIT,2627265280,10.82,United States
1471,DXP Enterprises,DXPE,2619467520,168.94,United States
1472,V2X,VVX,2616617216,83.57,United States
1473,First Bancorp,FBNC,2595893504,62.74,United States
1474,AvePoint,AVPT,2595090432,12.24,United States
1475,Kodiak Sciences,KOD,2591373312,41.41,United States
1476,Dentsply Sirona,XRAY,2590224128,12.93,United States
1477,Chemours,CC,2589504000,17.22,United States
1478,Customers Bancorp,CUBI,2588295680,76.52,United States
1479,Atkore,ATKR,2587585280,76.63,United States
1480,Beam Therapeutics,BEAM,2582268416,25.1,United States
1481,Baldwin Insurance Group,BWIN,2580558848,26.47,United States
1482,Upstart,UPST,2577512448,26.93,United States
1483,Keel Infrastructure,KEEL,2572310272,4.26,United States
1484,Western Union,WU,2568216576,8.22,United States
1485,Alarm.com,ALRM,2561069056,51.78,United States
1486,Tarsus Pharmaceuticals,TARS,2559397376,58.66,United States
1487,Ingevity,NGVT,2547373824,73.26,United States
1488,Vera Therapeutics,VERA,2544704000,35.45,United States
1489,Werner Enterprises,WERN,2543083776,42.42,United States
1490,Beacon Financial Corporation,BBT,2526216960,30.14,United States
1491,First Busey,BUSE,2524628224,29.85,United States
1492,Digi International,DGII,2524162048,66.95,United States
1493,Kayne Anderson Capital Advisors,KYN,2521669120,14.91,United States
1494,Immunome,IMNM,2515291136,22.21,United States
1495,John Wiley &amp; Sons,WLY,2515175680,49.55,United States
1496,LCI Industries,LCII,2512594432,103.35,United States
1497,TransMedics Group,TMDX,2497371648,72.26,United States
1498,Maravai LifeSciences,MRVI,2493590528,6.76,United States
1499,Talos Energy,TALO,2492202496,14.93,United States
1500,Trevi Therapeutics,TRVI,2489614336,17.535,United States
1501,Aehr Test Systems,AEHR,2478873600,76.32,United States
1502,Fluence Energy,FLNC,2477135616,13.44,United States
1503,Custom Truck One Source,CTOS,2469920256,10.86,United States
1504,Douglas Emmett,DEI,2469269504,12.28,United States
1505,A10 Networks,ATEN,2467377408,34.27,United States
1506,Lucid Motors,LCID,2458617856,6.3,United States
1507,Skyward Specialty Insurance Group,SKWD,2451233536,60.46,United States
1508,Braze,BRZE,2450865152,21.76,United States
1509,Progyny,PGNY,2443186688,31.19,United States
1510,Shake Shack,SHAK,2442824704,57.1,United States
1511,Atrium Therapeutics,RNA,2438628096,15.47,United States
1512,Curaleaf,CURLF,2433597184,9.21,United States
1513,Nurix Therapeutics,NRIX,2426415616,23.38,United States
1514,Pitney Bowes,PBI,2421692672,17.88,United States
1515,Whirlpool,WHR,2415957760,37.27,United States
1516,Stock Yards Bancorp,SYBT,2414342400,81.8,United States
1517,Enterprise Financial Services Corp,EFSC,2414297088,65.99,United States
1518,Blue Bird Corporation,BLBD,2411469824,76.2,United States
1519,Payoneer,PAYO,2407944192,7.12,United States
1520,Cohu,COHU,2391790080,50.7,United States
1521,Nektar Therapeutics,NKTR,2389517056,70.725,United States
1522,Banner Bank,BANR,2388799232,70.29,United States
1523,ManpowerGroup,MAN,2387222016,51.33,United States
1524,BioCryst Pharmaceuticals,BCRX,2373879296,9.34,United States
1525,Sunrun,RUN,2371179776,9.94,United States
1526,Trump Media &amp; Technology Group,DJT,2370724864,8.56,United States
1527,Mineralys Therapeutics,MLYS,2354712832,26.71,United States
1528,Prestige Consumer Healthcare,PBH,2352501760,49.66,United States
1529,ePlus,PLUS,2349465600,89.02,United States
1530,Mister Car Wash,MCW,2335151104,7.1,United States
1531,Coty,COTY,2333236224,2.65,United States
1532,Rogers Corporation,ROG,2332625152,130.69,United States
1533,Hawaiian Electric Industries,HE,2330580736,13.5,United States
1534,Slide Insurance,SLDE,2320970496,20.26,United States
1535,Minerals Technologies,MTX,2313251584,74.6,United States
1536,Northern Oil and Gas,NOG,2304048384,21.18,United States
1537,Vericel,VCEL,2300623616,45.05,United States
1538,CSG International,CSGS,2300464128,80.69,United States
1539,Calix,CALX,2296162816,36.0,United States
1540,Kailera Therapeutics,KLRA,2292015616,17.69,United States
1541,Ouster,OUST,2290715904,34.04,United States
1542,LiveRamp,RAMP,2289820416,37.67,United States
1543,Hilltop Holdings,HTH,2287360256,39.08,United States
1544,CBIZ,CBZ,2287045376,42.63,United States
1545,HCI Group,HCI,2282730752,178.83,United States
1546,Clover Health Investments,CLOV,2275276288,4.32,United States
1547,Federal Agricultural Mortgage Corporation,AGM,2272973568,209.51,United States
1548,Northwest Bancshares,NWBI,2253245696,15.4,United States
1549,SPS Commerce,SPSC,2245348864,61.16,United States
1550,Driven Brands,DRVN,2245050624,13.61,United States
1551,Huntsman Corporation,HUN,2244882176,12.8,United States
1552,York Space Systems,YSS,2241650432,17.06,United States
1553,Nuvation Bio,NUVB,2235456768,6.42,United States
1554,Mach Natural Resources LP,MNR,2233475328,13.39,United States
1555,Perpetua Resources,PPTA,2231685888,17.84,United States
1556,Quantinuum Inc.,QNT,2229901824,71.1,United States
1557,Iovance Biotherapeutics,IOVA,2228046848,4.99,United States
1558,SELLAS Life Sciences,SLS,2225880576,11.32,United States
1559,Day One Biopharmaceuticals,DAWN,2224784640,21.53,United States
1560,LendingClub,LC,2215891200,19.21,United States
1561,OFG Bancorp,OFG,2214685952,52.4,United States
1562,Hemab Therapeutics Holdings,COAG,2209633024,47.31,United States
1563,Trulieve Cannabis,TRUL.CN,2201582993,11.4483,United States
1564,Merchants Bancorp,MBIN,2190659584,47.69,United States
1565,Buckle,BKE,2187973376,42.47,United States
1566,Sunstone Hotel Investors,SHO,2187059456,11.74,United States
1567,LeMaitre Vascular,LMAT,2184302080,95.59,United States
1568,NW Natural,NWN,2174712576,51.68,United States
1569,Netstreit,NTST,2168335104,22.2,United States
1570,Pebblebrook Hotel Trust,PEB,2164218624,19.09,United States
1571,Agios Pharmaceuticals,AGIO,2162387712,36.36,United States
1572,LTC Properties,LTC,2158833920,42.18,United States
1573,Newell Brands,NWL,2158632960,5.08,United States
1574,Gorman-Rupp,GRC,2158509312,81.73,United States
1575,Pediatrix Medical Group,MD,2156521472,26.26,United States
1576,Biohaven,BHVN,2156033280,14.32,United States
1577,Monarch Casino &amp; Resort,MCRI,2142458112,119.54,United States
1578,Albany International,AIN,2140516224,75.49,United States
1579,Addus HomeCare,ADUS,2138050176,114.55,United States
1580,PDF Solutions,PDFS,2134416384,50.98,United States
1581,Viridian Therapeutics,VRDN,2127941504,19.27,United States
1582,First Commonwealth Financial Corp,FCF,2122154624,20.87,United States
1583,American Axle &amp; Manufacturing,AXL,2121012480,9.0,United States
1584,Intapp,INTA,2116881920,27.47,United States
1585,United Parks &amp; Resorts,PRKS,2113085824,44.83,United States
1586,Getty Realty,GTY,2104252544,34.8,United States
1587,Horace Mann Educators,HMN,2103858944,52.1,United States
1588,Xenia Hotels &amp; Resorts,XHR,2100648320,21.49,United States
1589,Axogen,AXGN,2099992320,39.49,United States
1590,Pulse Biosciences,PLSE,2092209536,30.23,United States
1591,Goosehead Insurance,GSHD,2091855744,58.75,United States
1592,Innospec,IOSP,2087727744,84.76,United States
1593,Universal Technical Institute,UTI,2080218880,37.78,United States
1594,HeartFlow,HTFL,2080128896,24.12,United States
1595,Redwire,RDW,2075392128,8.69,United States
1596,Intuitive Machines,LUNR,2073043840,12.92,United States
1597,Goodyear,GT,2072432512,7.21,United States
1598,Sunshine Silver Mining & Refining Company,SSMR,2068225920,14.39,United States
1599,1st Source,SRCE,2066073600,85.84,United States
1600,Sionna Therapeutics,SION,2063369984,45.7,United States
1601,Vestis,VSTS,2058197120,15.58,United States
1602,Aveanna Healthcare,AVAH,2057786624,9.45,United States
1603,Surgery Partners,SGRY,2057297664,15.73,United States
1604,Stewart Information Services,STC,2051393920,67.42,United States
1605,PC Connection,CNXN,2049111936,81.23,United States
1606,Amylyx Pharmaceuticals,AMLX,2046940160,18.41,United States
1607,Select Medical Holdings,SEM,2046298112,16.51,United States
1608,Neogen,NEOG,2046126464,9.4,United States
1609,EverCommerce,EVCM,2045550208,11.56,United States
1610,Harmony Biosciences,HRMY,2044769280,35.32,United States
1611,Spectrum Brands,SPB,2042238848,88.81,United States
1612,Kohl's,KSS,2034395904,17.94,United States
1613,AMC Entertainment,AMC,2026212480,2.27,United States
1614,ARMOUR Residential REIT,ARR,2018230272,16.27,United States
1615,Thermon Group,THR,2013932928,61.14,United States
1616,Alamo Group,ALG,2012035584,165.35,United States
1617,Stellar Bancorp,STEL,2002201728,39.32,United States
1618,Astrana Health,ASTH,1998707584,40.31,United States
1619,UroGen Pharma,URGN,1996128128,40.97,United States
1620,Century Communities,CCS,1996014336,69.38,United States
1621,Palvella Therapeutics,PVLA,1979455872,138.01,United States
1622,Sonida Senior Living,SNDA,1973865344,41.69,United States
1623,Bob's Discount Furniture,BOBS,1973781248,15.11,United States
1624,City Holding Company,CHCO,1970200960,139.62,United States
1625,Flywire,FLYW,1961110144,15.89,United States
1626,Jetblue Airways,JBLU,1960539520,5.27,United States
1627,World Kinect,WKC,1958696960,38.14,United States
1628,Infleqtion,INFQ,1957226240,8.97,United States
1629,P3 Health Partners,PIII,1954802944,9.62,United States
1630,Live Oak Bank,LOB,1946721536,42.08,United States
1631,Rapport Therapeutics,RAPP,1945599488,40.68,United States
1632,Veris Residential,VRE,1943780352,18.99,United States
1633,National Bank Holdings,NBHC,1940786432,43.33,United States
1634,Dorian LPG,LPG,1938911104,45.32,United States
1635,Encore Capital Group,ECPG,1932960256,90.155,United States
1636,NGL Energy Partners,NGL,1926550400,15.56,United States
1637,Precigen,PGEN,1925159296,5.4,United States
1638,Monte Rosa Therapeutics,GLUE,1924441216,22.78,United States
1639,SmartStop Self Storage REIT,SMA,1923390464,34.74,United States
1640,Vertex,VERX,1920766976,11.87,United States
1641,CareDx,CDNA,1918633088,37.14,United States
1642,Zenas BioPharma,ZBIO,1918623232,30.39,United States
1643,ADMA Biologics,ADMA,1916760448,8.27,United States
1644,"Interface, Inc.",TILE,1914693248,32.98,United States
1645,Bandwidth,BAND,1914635008,59.8,United States
1646,Perdoceo Education,PRDO,1903667072,30.36,United States
1647,Ziff Davis,ZD,1900706560,51.6,United States
1648,HawkEye 360,HAWK,1898464128,19.38,United States
1649,American Assets Trust,AAT,1885011072,24.3,United States
1650,RLJ Lodging Trust,RLJ,1884337152,12.34,United States
1651,Boston Beer Company,SAM,1875981568,180.15,United States
1652,Global Net Lease,GNL,1874479360,8.88,United States
1653,Innovex International,INVX,1873979392,26.84,United States
1654,TriCo Bancshares,TCBK,1868594688,58.12,United States
1655,Omnicell,OMCL,1864635264,41.0,United States
1656,S&amp;T Bancorp,STBA,1863243008,51.79,United States
1657,Ocular Therapeutix,OCUL,1862257792,8.505,United States
1658,Protolabs,PRLB,1861645952,78.24,United States
1659,NextDecade Corp,NEXT,1856275968,7.005,United States
1660,"Kardigan, Inc.",KARD,1852893312,20.74,United States
1661,Hycroft Mining,HYMC,1847311232,20.22,United States
1662,Fortrea,FTRE,1846293888,19.52,United States
1663,Insperity,NSP,1845479936,48.35,United States
1664,Syndax Pharmaceuticals,SNDX,1843974528,20.81,United States
1665,Genesis Energy  L.P.,GEL,1839414144,15.02,United States
1666,Stagwell,STGW,1839079424,7.42,United States
1667,Republic Bank,RBCAA,1836808064,93.63,United States
1668,UFP Technologies,UFPT,1835201920,237.2,United States
1669,Anterix,ATEX,1832856320,94.0,United States
1670,Evertec,EVTC,1831972736,29.73,United States
1671,Triumph Financial,TFIN,1830938880,76.91,United States
1672,Innodata,INOD,1825107968,55.89,United States
1673,Stoke Therapeutics,STOK,1824852480,29.3,United States
1674,Tyra Biosciences,TYRA,1821577728,30.63,United States
1675,Huron Consulting,HURN,1820588416,112.3,United States
1676,German American Bancorp,GABC,1819239808,48.43,United States
1677,EZCorp,EZPW,1817772800,29.54,United States
1678,Alpha Metallurgical Resources,AMR,1817428352,142.94,United States
1679,Weis Markets,WMK,1815263616,73.36,United States
1680,nCino,NCNO,1814196864,16.56,United States
1681,Semrush,SEMR,1814168832,12.0,United States
1682,Pathward Financial,CASH,1813351936,85.9,United States
1683,NeoGenomics,NEO,1808641664,13.89,United States
1684,Alkami Technology,ALKT,1796852096,16.79,United States
1685,Worthington Steel,WS,1796132224,35.98,United States
1686,Alamar Biosciences,ALMR,1793773440,25.88,United States
1687,Expro Group,XPRO,1790524032,15.79,United States
1688,Photronics,PLAB,1788368896,30.33,United States
1689,Revolve Group,RVLV,1788173056,24.99,United States
1690,Enerpac Tool Group,EPAC,1787001600,34.67,United States
1691,Innovative Industrial Properties,IIPR,1782634880,61.48,United States
1692,CBL Properties,CBL,1781489664,57.57,United States
1693,Bicara Therapeutics,BCAX,1775318400,27.02,United States
1694,Six Flags,FUN,1775282560,17.37,United States
1695,AtriCure,ATRC,1774459520,35.04,United States
1696,Five9,FIVN,1770159360,23.12,United States
1697,ANI Pharmaceuticals,ANIP,1765343104,77.65,United States
1698,Lindblad Expeditions,LIND,1761360000,26.85,United States
1699,Soho House & Co,SHCO,1758889344,8.99,United States
1700,Ethos Technologies,LIFE,1758860288,18.5,United States
1701,GeneDx Holdings,WGS,1754562432,59.1,United States
1702,Byline Bancorp,BY,1752797312,38.6,United States
1703,PROG Holdings,PRG,1751265792,43.71,United States
1704,Sonos,SONO,1750000128,14.69,United States
1705,Dime Community Bancshares,DCOM,1745129856,39.56,United States
1706,Appian,APPN,1743537792,23.75,United States
1707,Empire State Realty Trust,ESRT,1732777344,5.66,United States
1708,Butterfly Network,BFLY,1721597184,6.58,United States
1709,ARKO Petroleum,APC,1719937792,20.83,United States
1710,Hope Bancorp,HOPE,1719432960,13.45,United States
1711,Strategic Education,STRA,1719326848,75.64,United States
1712,Generate Biomedicines,GENB,1717779200,13.4,United States
1713,CTS Corporation,CTS,1715288704,59.99,United States
1714,Ellington Financial,EFC,1703527936,13.37,United States
1715,OceanFirst Financial,OCFC,1699315968,19.56,United States
1716,FuelCell Energy,FCEL,1699303296,21.26,United States
1717,NextNav,NN,1697275520,12.44,United States
1718,Ambiq Micro,AMBQ,1696941312,70.28,United States
1719,Kemper,KMPR,1696166656,28.81,United States
1720,BlackLine,BL,1685914752,28.74,United States
1721,RAPT Therapeutics,RAPT,1680292864,58.02,United States
1722,Sila Realty Trust,SILA,1677119744,30.36,United States
1723,Quantum Computing,QUBT,1675724928,7.43,United States
1724,Bank First,BFC,1670829952,150.78,United States
1725,MapLight Therapeutics,MPLT,1657837952,36.56,United States
1726,Origin Bancorp,OBK,1657077376,53.62,United States
1727,Sarepta Therapeutics,SRPT,1655435264,15.68,United States
1728,Walker &amp; Dunlop,WD,1654765824,48.2,United States
1729,QCR Holdings,QCRH,1653455360,100.15,United States
1730,Willis Lease Finance Corporation,WLFC,1650164992,69.045,United States
1731,Global Partners LP,GLP,1643536768,48.38,United States
1732,Flowers Foods,FLO,1640827520,7.74,United States
1733,WaterBridge Infrastructure,WBI,1639920256,34.88,United States
1734,Agilon Health,AGL,1635011072,98.0,United States
1735,Ingles Markets,IMKTA,1630287360,85.83,United States
1736,DXC Technology,DXC,1628906624,10.05,United States
1737,Asana,ASAN,1628312320,6.86,United States
1738,ConnectOne Bancorp,CNOB,1627335808,32.36,United States
1739,DoubleVerify,DV,1620581888,10.56,United States
1740,The Greenbrier Companies,GBX,1612576384,52.12,United States
1741,Kimbell Royalty Partners,KRP,1610152320,14.94,United States
1742,Target Hospitality,TH,1608305152,16.15,United States
1743,AnaptysBio,ANAB,1603299200,54.15,United States
1744,IDT Corporation,IDT,1599048832,64.3,United States
1745,Distribution Solutions Group,DSGR,1596274560,34.51,United States
1746,National Vision Holdings,EYE,1595923968,19.92,United States
1747,TripAdvisor,TRIP,1594147968,13.7,United States
1748,Sixth Street Specialty Lending,TSLX,1588727680,16.72,United States
1749,FIGS,FIGS,1588619392,9.51,United States
1750,La-Z-Boy,LZB,1587644800,39.68,United States
1751,Taysha Gene Therapies,TSHA,1586232832,5.52,United States
1752,Teladoc Health,TDOC,1583099904,8.77,United States
1753,Innoviva,INVA,1582459648,21.44,United States
1754,Shoals Technologies,SHLS,1575377536,9.39,United States
1755,Rumble,RUM,1574497920,5.71,United States
1756,Recursion Pharmaceuticals,RXRX,1571056128,2.96,United States
1757,InnovAge,INNV,1569112832,11.56,United States
1758,Hillman Solutions,HLMN,1563790464,7.97,United States
1759,Healthcare Services Group,HCSG,1560992256,22.74,United States
1760,Kosmos Energy,KOS,1560087808,2.63,United States
1761,Enovis,ENOV,1555917184,27.03,United States
1762,Progress Software,PRGS,1552339840,37.85,United States
1763,Trinity Capital,TRIN,1551460864,17.26,United States
1764,Central Securities,CET,1542471552,52.2,United States
1765,Wolverine World Wide,WWW,1540583552,18.79,United States
1766,Integra LifeSciences,IART,1539600768,19.79,United States
1767,Coursera,COUR,1537745792,5.37,United States
1768,Green Thumb Industries,GTII.CN,1536229928,7.01508,United States
1769,Maze Therapeutics,MAZE,1531956864,27.68,United States
1770,Ardent Health,ARDT,1525244416,10.64,United States
1771,Leggett &amp; Platt,LEG,1524023808,11.16,United States
1772,Lakeland Financial Corp,LKFN,1522469248,61.11,United States
1773,Preformed Line Products,PLPC,1521247104,311.22,United States
1774,Kennedy Wilson,KW,1521191808,10.92,United States
1775,Sylvamo,SLVM,1520701952,38.27,United States
1776,Alexander &amp; Baldwin,ALEX,1518725120,20.84,United States
1777,Safety Insurance,SAFT,1515330304,103.2,United States
1778,Liberty Latin America,LILA,1514528000,7.52,United States
1779,SkyWater Technology,SKYT,1506644864,30.62,United States
1780,BellRing Brands,BRBR,1505798144,12.95,United States
1781,MillerKnoll,MLKN,1504161152,22.08,United States
1782,Atlanticus,ATLC,1503938432,99.48,United States
1783,Blackbaud,BLKB,1502439040,32.71,United States
1784,Intellia Therapeutics,NTLA,1499219968,10.73,United States
1785,Voyager Technologies,VOYG,1495776640,25.24,United States
1786,Tennant Company,TNC,1495504512,87.77,United States
1787,Atlas Energy Solutions,AESI,1493870848,11.96,United States
1788,Septerna,SEPN,1492000000,33.1,United States
1789,Perella Weinberg Partners,PWP,1489865600,15.67,United States
1790,ArriVent BioPharma,AVBP,1477822464,31.73,United States
1791,Amalgamated Financial,AMAL,1476641664,49.44,United States
1792,Allient,ALNT,1474957312,86.78,United States
1793,G-III Apparel Group,GIII,1474560512,34.95,United States
1794,Turning Point Brands,TPB,1474256768,76.12,United States
1795,Vir Biotechnology,VIR,1465585536,8.69,United States
1796,Biolife Solutions,BLFS,1464745344,29.98,United States
1797,AdaptHealth,AHCO,1463942656,10.76,United States
1798,REX American Resources,REX,1462764032,44.41,United States
1799,Helix Energy Solutions,HLX,1460560000,9.91,United States
1800,Dream Finders Homes,DFH,1457244032,15.92,United States
1801,Tompkins Financial,TMP,1454403072,101.12,United States
1802,Peoples Bancorp,PEBO,1448289664,40.31,United States
1803,ProPetro,PUMP,1446880384,11.8,United States
1804,Forestar Group,FOR,1444567296,28.32,United States
1805,Xencor,XNCR,1441312768,19.44,United States
1806,ICF International,ICFI,1439644288,79.52,United States
1807,KalVista Pharmaceuticals,KALV,1437504000,27.0,United States
1808,Xeris Pharmaceuticals,XERS,1436381824,8.32,United States
1809,Energizer Holdings,ENR,1435204224,20.96,United States
1810,TriMas,TRS,1434182144,40.03,United States
1811,J&amp;J Snack Foods,JJSF,1433511168,76.44,United States
1812,"Harrow, Inc.",HROW,1433227904,38.45,United States
1813,Babcock &amp; Wilcox,BW,1431836288,9.62,United States
1814,The Pennant Group,PNTG,1431032576,41.16,United States
1815,Oil-Dri Corporation Of America,ODC,1430479872,98.79,United States
1816,Pursuit Attractions and Hospitality,PRSU,1428459776,52.04,United States
1817,Carter's,CRI,1427942016,38.75,United States
1818,Inspire Medical Systems,INSP,1417318912,49.19,United States
1819,FMC Corporation,FMC,1415061376,11.3,United States
1820,BJ's Restaurants,BJRI,1405191552,66.86,United States
1821,Savers Value Village,SVV,1402813824,9.11,United States
1822,"Alexander's, Inc.",ALX,1399091072,273.94,United States
1823,Arlo Technologies,ARLO,1397808256,12.87,United States
1824,LGI Homes,LGIH,1397654016,60.16,United States
1825,Arteris,AIP,1397164288,30.26,United States
1826,Sally Beauty Holdings,SBH,1396780288,14.64,United States
1827,T1 Energy,TE,1396356992,5.0,United States
1828,Exzeo Group,XZO,1391961216,15.31,United States
1829,O-I Glass,OI,1391960064,9.08,United States
1830,Westamerica Bancorporation,WABC,1391390976,60.49,United States
1831,Olaplex,OLPX,1391282176,2.07,United States
1832,Vishay Precision Group,VPG,1389156480,104.44,United States
1833,Community Trust Bancorp,CTBI,1383167360,76.15,United States
1834,Phibro Animal Health,PAHC,1380620160,34.035,United States
1835,Yelp,YELP,1380266752,25.1,United States
1836,Ecovyst,ECVT,1363790464,12.46,United States
1837,Concentrix,CNXC,1357658368,22.25,United States
1838,First Mid-Illinois Bancshares,FMBH,1357405568,51.0,United States
1839,Bristow Group,VTOL,1353281792,45.71,United States
1840,ACV Auctions,ACVA,1349541248,7.73,United States
1841,NexPoint Residential Trust,NXRT,1343789312,26.07,United States
1842,Global Industrial Company,GIC,1343729792,35.12,United States
1843,The RealReal,REAL,1341028480,11.13,United States
1844,Dorchester Minerals,DMLP,1341019008,27.79,United States
1845,Gibraltar Industries,ROCK,1340422144,45.19,United States
1846,Universal Corporation,UVV,1339756160,53.75,United States
1847,Frontier Airlines,ULCC,1335075968,5.81,United States
1848,Standard Nuclear,STDN,1333590400,8.3,United States
1849,Sprinklr,CXM,1332761728,5.69,United States
1850,Wendy’s,WEN,1331459584,6.99,United States
1851,Marten Transport,MRTN,1329902848,16.3,United States
1852,Wealthfront Corporation,WLTH,1326327552,8.88,United States
1853,UMH Properties,UMH,1323482624,15.54,United States
1854,BigBear.ai,BBAI,1321900416,2.76,United States
1855,"Cadre Holdings, Inc.",CDRE,1320729344,30.86,United States
1856,Aktis Oncology,AKTS,1320578176,23.89,United States
1857,Taboola.com,TBLA,1317423360,4.82,United States
1858,United Fire Group,UFCS,1316931072,51.33,United States
1859,Orchid Island Capital,ORC,1312579456,6.54,United States
1860,BrightView,BV,1310392064,14.06,United States
1861,Gentherm,THRM,1309173504,42.69,United States
1862,Amprius Technologies,AMPX,1308635008,9.24,United States
1863,Stepan Company,SCL,1307606016,57.57,United States
1864,Dauch Corporation,DCH,1300769664,5.48,United States
1865,CVR Partners,UAN,1300699648,123.06,United States
1866,OppFi,OPFI,1299164032,9.02,United States
1867,Astec Industries,ASTE,1296784384,56.4,United States
1868,Porch Group,PRCH,1295334784,11.84,United States
1869,ProAssurance,PRA,1290193152,25.0,United States
1870,CONMED,CNMD,1285060352,42.68,United States
1871,Lincoln Educational Services,LINC,1285006592,40.51,United States
1872,Absci,ABSI,1280666496,7.56,United States
1873,NAPCO Security Technologies,NSSC,1276895104,35.74,United States
1874,MannKind Corp,MNKD,1275964288,4.13,United States
1875,AMN Healthcare Services,AMN,1275673216,32.89,United States
1876,Edgewell Personal Care,EPC,1273227008,27.63,United States
1877,Two Harbors Investment,TWO,1271060736,12.1,United States
1878,C3 AI,AI,1266911616,8.15,United States
1879,Azenta,AZTA,1261560064,27.37,United States
1880,Cardinal Infrastructure Group,CDNL,1259422080,63.3,United States
1881,Personalis,PSNL,1257525376,11.78,United States
1882,ORIC Pharmaceuticals,ORIC,1252562560,12.1,United States
1883,Utz Brands,UTZ,1248372608,14.1,United States
1884,Ladder Capital,LADR,1247317248,9.77,United States
1885,Northwest Pipe Company,NWPX,1246161536,129.31,United States
1886,"Yesway, Inc.",YSWY,1244304512,19.69,United States
1887,"RPC, Inc.",RES,1243388800,5.61,United States
1888,Heritage Financial,HFWA,1243159424,30.16,United States
1889,Ardelyx,ARDX,1242557952,5.03,United States
1890,Avalyn Pharma,AVLN,1239110016,27.95,United States
1891,Old Second Bancorp,OSBC,1235919872,24.03,United States
1892,USA TODAY Co.,TDAY,1235702528,8.4,United States
1893,Compass Minerals,CMP,1235253760,29.44,United States
1894,Kestra Medical Technologies,KMTS,1234168576,21.06,United States
1895,Saul Centers,BFS,1232660096,35.68,United States
1896,Herbalife,HLF,1232629376,11.89,United States
1897,LegalZoom,LZ,1232430848,7.18,United States
1898,Suburban Propane Partners,SPH,1231327104,18.56,United States
1899,Eos Energy Enterprises,EOSE,1231163392,3.47,United States
1900,Tetra Technologies,TTI,1228404352,8.31,United States
1901,Univest Financial Corporation,UVSP,1227999872,44.1,United States
1902,Artivion,AORT,1227175936,25.28,United States
1903,Novavax,NVAX,1226708352,7.46,United States
1904,Clear Channel Outdoor,CCO,1226650368,2.41,United States
1905,Piedmont Realty Trust,PDM,1223936000,9.79,United States
1906,Jefferson Capital,JCAP,1221180928,19.82,United States
1907,Preferred Bank,PFBC,1219246976,102.96,United States
1908,Easterly Government Properties,DEA,1219223296,25.33,United States
1909,WEBTOON Entertainment,WBTN,1217112576,9.0,United States
1910,Harmonic Inc.,HLIT,1214075008,11.19,United States
1911,Graham Corporation,GHM,1213156480,103.93,United States
1912,NPK International,NPKI,1211815040,14.35,United States
1913,HBT Financial,HBT,1211126144,33.29,United States
1914,IRadimed,IRMD,1207868928,94.49,United States
1915,Donnelley Financial Solutions,DFIN,1205649408,48.26,United States
1916,Cracker Barrel,CBRL,1200496896,53.71,United States
1917,Wolfspeed,WOLF,1200035840,23.09,United States
1918,Biglari,BH,1197190912,381.39,United States
1919,Inhibrx Biosciences,INBX,1196435200,81.55,United States
1920,Winmark,WINA,1194467968,332.52,United States
1921,Upbound Group,UPBD,1192689664,20.46,United States
1922,Deluxe Corporation,DLX,1191301248,26.02,United States
1923,Green Plains,GPRE,1187011584,16.95,United States
1924,Safehold,SAFE,1185861504,16.56,United States
1925,National Healthcare Properties,NHP,1183350912,16.0,United States
1926,XPLR Infrastructure,XIFR,1182180864,12.54,United States
1927,Myers Industries,MYE,1180802176,31.44,United States
1928,XPEL,XPEL,1177680896,42.73,United States
1929,Covenant Logistics,CVLG,1176743680,46.75,United States
1930,Oppenheimer Holdings,OPY,1174561152,109.69,United States
1931,PureCycle Technologies,PCT,1174197632,5.85,United States
1932,Tandem Diabetes Care,TNDM,1173218048,17.12,United States
1933,i-80 Gold,IAUX,1172389504,1.36,United States
1934,Liquidity Services,LQDT,1171167104,37.56,United States
1935,Avanos Medical,AVNS,1170726912,24.99,United States
1936,Certara,CERT,1168290304,7.51,United States
1937,Genco Shipping &amp; Trading,GNK,1166557696,26.77,United States
1938,STAAR Surgical,STAA,1164055040,23.38,United States
1939,Red Cat Holdings,RCAT,1162748928,7.64,United States
1940,Universal Insurance Holdings,UVE,1161381632,41.61,United States
1941,Lindsay Corporation,LNN,1158846080,113.96,United States
1942,Ameresco,AMRC,1151693312,21.75,United States
1943,Marcus &amp; Millichap,MMI,1149026432,30.38,United States
1944,Collegium Pharmaceutical,COLL,1141669120,35.2,United States
1945,Capricor Therapeutics,CAPR,1140864256,19.7,United States
1946,Great Lakes Dredge &amp; Dock Corp.,GLDD,1135273600,17.0,United States
1947,"U.S. Physical Therapy, Inc.",USPH,1135017344,74.58,United States
1948,Ategrity Specialty Insurance Company,ASIC,1134531328,23.62,United States
1949,Seaport Therapeutics,SPTX,1129494656,21.1,United States
1950,Savara,SVRA,1129149056,5.51,United States
1951,Metropolitan Bank Holding,MCB,1128298368,91.03,United States
1952,Seneca Foods,SENEA,1126479872,166.22,United States
1953,Arhaus,ARHS,1119581824,7.91,United States
1954,JBG SMITH,JBGS,1119230720,14.52,United States
1955,Schrödinger,SDGR,1118569216,14.97,United States
1956,Amerant Bancorp,AMTB,1116708480,28.5,United States
1957,ScanSource,SCSC,1115410176,54.88,United States
1958,Virtus Investment Partners,VRTS,1106960384,165.66,United States
1959,Heartland Express,HTLD,1106552832,14.28,United States
1960,Northeast Bank,NBN,1105694720,129.24,United States
1961,Corvus Pharmaceuticals,CRVS,1099061760,13.07,United States
1962,Mission Produce,AVO,1097649152,12.42,United States
1963,Willdan Group,WLDN,1097483264,72.63,United States
1964,CRA International,CRAI,1097229952,169.77,United States
1965,QuidelOrtho,QDEL,1094465408,16.05,United States
1966,Upwork,UPWK,1090665088,8.83,United States
1967,MeiraGTx,MGTX,1090014080,11.77,United States
1968,MasterBrand,MBC,1087869056,8.5,United States
1969,Resolute Holdings Management,RHLD,1087339904,131.68,United States
1970,Capitol Federal Savings Bank,CFFN,1075996928,8.65,United States
1971,Amplitude,AMPL,1074215936,8.1,United States
1972,eXp World Holdings,EXPI,1073469056,6.74,United States
1973,Douglas Dynamics,PLOW,1067921344,46.18,United States
1974,Prospect Capital,PSEC,1062136128,2.12,United States
1975,NCR Voyix Corporation,VYX,1056980992,7.67,United States
1976,Corsair Gaming,CRSR,1052789760,9.85,United States
1977,Cullinan Therapeutics,CGEM,1050932672,17.1,United States
1978,Lumexa Imaging,LMRI,1050162496,10.93,United States
1979,MetroCity Bankshares,MCBS,1048097728,36.57,United States
1980,Middlesex Water Company,MSEX,1046500992,56.19,United States
1981,Trupanion,TRUP,1046455104,23.99,United States
1982,Chimera Investment Corporation,CIM,1045575168,12.5,United States
1983,Vor Biopharma,VOR,1043619968,19.26,United States
1984,Alto Neuroscience,ANRO,1040948672,26.78,United States
1985,Arbor Realty Trust,ABR,1040571776,4.99,United States
1986,Equity Bancshares,EQBK,1034520512,50.3,United States
1987,Horizon Bancorp,HBNC,1029675008,20.06,United States
1988,Phoenix Education Partners,PXED,1029152576,28.55,United States
1989,CNB Financial Corp,CCNE,1027057792,34.67,United States
1990,EyePoint Pharmaceuticals,EYPT,1022025344,12.19,United States
1991,Olema Pharmaceuticals,OLMA,1021965376,11.7,United States
1992,Bowhead Specialty Holdings,BOW,1021591296,31.11,United States
1993,Digital Turbine,APPS,1019593664,8.45,United States
1994,Pacira Biosciences,PCRX,1018324224,25.88,United States
1995,Southside Bancshares,SBSI,1017806016,34.21,United States
1996,MidWestOne Financial Group,MOFG,1017475776,49.31,United States
1997,Lexicon Pharmaceuticals,LXRX,1017209728,2.29,United States
1998,CEVA,CEVA,1012688000,36.35,United States
1999,Mercantile Bank,MBWM,1011225856,58.5,United States
2000,Central Pacific Financial,CPF,1008812480,38.65,United States
2001,Glass House Brands,GLASF,1007483904,11.81,United States
2002,Ventyx Biosciences,VTYX,1004502016,14.0,United States
2003,Nutex Health,NUTX,1003780864,145.87,United States
2004,Aeva Technologies,AEVA,1002897728,14.85,United States
2005,GoodRx,GDRX,1002479104,2.96,United States
2006,Trustco Bank,TRST,1002180416,57.35,United States
2007,Five Star Bancorp,FSBC,1000617728,46.81,United States
2008,Rackspace Technology,RXT,1000399936,3.94,United States
2009,Unitil Corporation,UTL,999929344,55.58,United States
2010,Papa John's Pizza,PZZA,999234176,30.37,United States
2011,Emerald Holding,EEX,997505920,5.04,United States
2012,Abacus Global Management,ABX,995674176,10.38,United States
2013,Tronox,TROX,995430336,6.24,United States
2014,Whitestone REIT,WSR,988012416,18.99,United States
2015,Centerspace,CSR,987711040,55.73,United States
2016,NB Bancorp,NBBK,983475904,22.43,United States
2017,Entravision Communications,EVC,982978496,10.68,United States
2018,Kforce,KFRC,982899840,55.12,United States
2019,Groupon,GRPN,980366528,25.81,United States
2020,Global Medical REIT,GMRE,979776256,35.98,United States
2021,Accel Entertainment,ACEL,979156544,12.03,United States
2022,Barrett Business Services,BBSI,976123200,39.745,United States
2023,"Sinclair, Inc.",SBGI,973513728,13.49,United States
2024,Newsmax,NMAX,968704832,7.5,United States
2025,BioAge Labs,BIOA,967736064,21.77,United States
2026,HighPeak Energy,HPK,966639488,7.65,United States
2027,Koppers Holdings,KOP,965822336,50.22,United States
2028,"Strive Asset Management, LLC",ASST,961368000,11.49,United States
2029,PROCEPT BioRobotics,PRCT,949975552,16.69,United States
2030,World Acceptance Corporation,WRLD,949734912,204.67,United States
2031,ASA Gold and Precious Metals,ASA,948228160,50.47,United States
2032,Hanmi Financial,HAFC,943298368,31.69,United States
2033,Evolv Technologies,EVLV,942526144,5.24,United States
2034,Mid Penn Bancorp,MPB,942071424,37.17,United States
2035,Daktronics,DAKT,940588736,19.48,United States
2036,Lucky Strike Entertainment,LUCK,938309056,6.88,United States
2037,Cricut,CRCT,936147968,4.46,United States
2038,Janux Therapeutics,JANX,934890112,15.33,United States
2039,Flotek Industries,FTK,934826176,25.84,United States
2040,MFA Financial,MFA,933137984,9.14,United States
2041,Lightwave Logic,LWLG,932181824,6.05,United States
2042,Ridgepost Capital,RPC,926668864,8.42,United States
2043,Unusual Machines,UMAC,925290368,19.36,United States
2044,Camden National Corporation,CAC,924048960,54.63,United States
2045,Alpha &amp; Omega Semiconductor,AOSL,923327488,30.85,United States
2046,Kura Oncology,KURA,922365696,10.39,United States
2047,First Financial,THFF,921740864,77.51,United States
2048,OPKO Health,OPK,921212544,1.22,United States
2049,Root Insurance,ROOT,917133888,57.95,United States
2050,Adaptive Biotechnologies,ADPT,916254080,22.9,United States
2051,Diversified Energy,DEC.L,916037907,13.2589,United States
2052,WhiteFiber,WYFI,912453888,23.63,United States
2053,Phathom Pharmaceuticals,PHAT,912408064,11.44,United States
2054,Geron,GERN,910959744,1.42,United States
2055,Employers Holdings,EIG,908315008,49.79,United States
2056,Beazer Homes USA,BZH,907209600,33.19,United States
2057,Ryerson,RYI,907088320,28.16,United States
2058,Simply Good Foods,SMPL,903869184,10.22,United States
2059,Sable Offshore,SOC,902909696,4.71,United States
2060,Postal Realty Trust,PSTL,902030720,24.0,United States
2061,Odyssey Therapeutics,ODTX,896264448,18.66,United States
2062,National Presto Industries,NPK,891455744,124.4,United States
2063,Grocery Outlet,GO,891293312,9.01,United States
2064,ARKO Corp.,ARKO,889632768,7.93,United States
2065,Apollo Commercial Real Estate Finance,ARI,886512896,6.77,United States
2066,EverQuote,EVER,885746944,25.04,United States
2067,Sana Biotechnology,SANA,884967232,3.18,United States
2068,Alight,ALIT,883847488,18.87,United States
2069,Capital City Bank Group,CCBG,882432640,51.6,United States
2070,LSB Industries,LXU,880531456,12.24,United States
2071,Sun Country Airlines,SNCY,876356672,16.17,United States
2072,American Public Education,APEI,875167808,47.71,United States
2073,Metallus,MTUS,872935104,20.97,United States
2074,Talkspace,TALK,872740416,5.21,United States
2075,QuinStreet,QNST,870297280,15.15,United States
2076,Winnebago Industries,WGO,869833792,30.77,United States
2077,Eagle Bancorp,EGBN,867295360,28.44,United States
2078,Limbach Holdings,LMB,867138368,72.74,United States
2079,Arbutus Biopharma,ABUS,865215232,4.38,United States
2080,Matthews International Corporation,MATW,863995520,27.69,United States
2081,Great Southern Bancorp,GSBC,862592192,79.25,United States
2082,Barings BDC,BBDC,861737600,8.23,United States
2083,Enovix,ENVX,861706112,3.95,United States
2084,Standard Motor Products,SMP,860921024,38.67,United States
2085,ZoomInfo,GTM,860576704,2.92,United States
2086,Red Violet,RDVT,858668928,60.86,United States
2087,Annexon,ANNX,855258048,5.22,United States
2088,Southern Missouri Bancorp,SMBC,855143488,77.63,United States
2089,SmartFinancial (SmartBank),SMBK,855094528,50.01,United States
2090,Quanex Building Products,NX,854260160,18.6,United States
2091,LSI Industries,LYTS,852829120,23.23,United States
2092,Apogee Enterprises,APOG,850174336,40.74,United States
2093,PennyMac Mortgage Investment Trust,PMT,849350976,9.74,United States
2094,Everforth,EFOR,844600000,20.6,United States
2095,Heritage Insurance,HRTG,842209408,27.82,United States
2096,South Plains Financial,SPFI,840789248,44.63,United States
2097,Orrstown Financial Services,ORRF,836210880,42.56,United States
2098,Nextdoor,NXDR,835239104,2.19,United States
2099,Hudson Pacific Properties,HPP,834242304,15.38,United States
2100,ASGN,ASGN,833931008,19.53,United States
2101,CrossAmerica Partners,CAPL,830238272,21.76,United States
2102,Oxford Lane Capital,OXLC,830022016,8.5,United States
2103,Heritage Commerce,HTBK,828429632,13.45,United States
2104,Cantaloupe,CTLP,825815936,11.2,United States
2105,Amphastar Pharmaceuticals,AMPH,825419456,18.72,United States
2106,Mama's Creations,MAMA,824861952,17.74,United States
2107,Peapack-Gladstone Financial,PGC,821778368,46.38,United States
2108,Alerus Financial,ALRS,821706752,32.7,United States
2109,Esperion Therapeutics,ESPR,819464832,3.18,United States
2110,HomeTrust Bancshares,HTB,818420544,48.7,United States
2111,Array Technologies,ARRY,818356416,5.32,United States
2112,Replimune,REPL,814268032,9.7,United States
2113,NANO Nuclear Energy,NNE,812580032,15.59,United States
2114,Movado Group,MOV,811516224,36.51,United States
2115,AEVEX Corp.,AVEX,806961024,14.29,United States
2116,Eastman Kodak Company,KODK,805773568,8.23,United States
2117,Bain Capital Specialty Finance,BCSF,801774720,12.36,United States
2118,Montrose Environmental,MEG,800798912,22.14,United States
2119,BlackSky Technology,BKSY,800441664,21.57,United States
2120,MarineMax,HZO,800282880,36.33,United States
2121,Financial Institutions,FISI,799660352,40.62,United States
2122,Bioventus,BVS,799427008,11.8,United States
2123,ADTRAN,ADTN,797831296,9.85,United States
2124,"Eve Holding, Inc.",EVEX,797617472,2.29,United States
2125,Scholastic,SCHL,796298432,43.15,United States
2126,HealthStream,HSTM,792754112,27.135,United States
2127,Transcat,TRNS,792558208,84.85,United States
2128,Daily Journal,DJCO,792327872,575.1,United States
2129,Shore Bancshares,SHBI,789894592,23.61,United States
2130,Karat Packaging,KRT,788966720,39.52,United States
2131,"Lincoln International, Inc.",LCLN,787461120,22.67,United States
2132,Hovnanian Enterprises,HOV,784541440,133.89,United States
2133,IperionX,IPX,780761088,21.56,United States
2134,Peakstone Realty Trust,PKST,780562688,20.99,United States
2135,Sky Harbour Group,SKYH,779054464,10.18,United States
2136,Westlake Chemical Partners,WLKP,777171648,22.05,United States
2137,Fox Factory Holding,FOXF,776237824,18.51,United States
2138,Independent Bank Corporation,IBCP,776027840,37.66,United States
2139,CryoPort,CYRX,774683520,15.37,United States
2140,Navient,NAVI,773532864,8.23,United States
2141,Mayville Engineering Company,MEC,772213440,30.29,United States
2142,Solid Biosciences,SLDB,770860416,7.83,United States
2143,ProFrac,ACDC,770722432,4.26,United States
2144,Riley Exploration Permian,REPX,769772224,35.48,United States
2145,N-Able,NABL,768583424,4.08,United States
2146,United States Antimony Corporation,UAMY,766119616,5.17,United States
2147,Mitek Systems,MITK,761829888,16.87,United States
2148,Summit Hotel Properties,INN,760722880,7.02,United States
2149,Kronos Worldwide,KRO,760501120,6.61,United States
2150,SunCoke Energy,SXC,756890560,8.92,United States
2151,Compass Diversified Holdings,CODI,754616768,10.03,United States
2152,Golden Entertainment,GDEN,753686080,28.55,United States
2153,Green Dot,GDOT,752746304,13.28,United States
2154,First Watch Restaurant,FWRG,747136000,12.12,United States
2155,Petco,WOOF,745325248,2.61,United States
2156,Park Aerospace,PKE,744761536,34.24,United States
2157,CTO Realty Growth,CTO,743239040,22.0,United States
2158,Westrock Coffee,WEST,741440512,7.6,United States
2159,SI-BONE,SIBN,737085120,16.62,United States
2160,Grosvenor Capital Management,GCMG,736674560,12.2,United States
2161,Monopar Therapeutics,MNPR,736025984,109.87,United States
2162,Design Therapeutics,DSGN,735743168,11.78,United States
2163,ThredUp,TDUP,735532800,5.7,United States
2164,indie Semiconductor,INDI,733171392,3.47,United States
2165,Marcus Corporation,MCS,731948864,23.82,United States
2166,Washington Trust Bancorp,WASH,731928064,38.39,United States
2167,Aclaris Therapeutics,ACRS,730441024,5.23,United States
2168,Aura Biosciences,AURA,729226752,7.05,United States
2169,"TXO Partners, L.P.",TXO,725886592,13.14,United States
2170,Hippo Holdings,HIPO,722757056,27.76,United States
2171,Janus International Group,JBI,721516160,5.29,United States
2172,Hallador Energy Company,HNRG,718267136,15.24,United States
2173,Frequency Electronics,FEIM,715185792,72.46,United States
2174,Sweetgreen,SG,712965952,6.0,United States
2175,XOMA Royalty,XOMA,710155008,40.17,United States
2176,MediaAlpha,MAX,709836096,13.13,United States
2177,Shattuck Labs,STTK,709625664,7.43,United States
2178,Third Coast Bancshares,TCBX,709311040,42.75,United States
2179,Omeros Corporation,OMER,708554688,9.79,United States
2180,Enhabit,EHAB,706913408,13.8,United States
2181,Beta Bionics,BBNX,706302912,15.85,United States
2182,SLR Investment,SLRC,705936896,12.94,United States
2183,CytomX Therapeutics,CTMX,705357440,3.24,United States
2184,Viant Technology,DSP,702122432,10.7,United States
2185,American Woodmark,AMWD,700651840,48.09,United States
2186,GMR Solutions Inc.,GMRS,700531904,12.97,United States
2187,Bright Minds Biosciences,DRUG,699894336,71.33,United States
2188,Reservoir Media,RSVR,699606336,10.63,United States
2189,Cass Information Systems,CASS,698259840,54.25,United States
2190,American Bitcoin Corp,ABTC,697840000,5.72,United States
2191,TCG BDC,CGBD,697751168,10.04,United States
2192,Backblaze,BLZE,696771008,11.61,United States
2193,Neurogene,NGNE,696265984,34.9,United States
2194,PagerDuty,PD,695976640,9.08,United States
2195,Peoples Financial Services,PFIS,695155584,69.44,United States
2196,Donegal Group,DGICA,695050560,18.76,United States
2197,SpyGlass Pharma,SGP,685049472,20.49,United States
2198,AH Realty Trust,AHRT,683819456,7.03,United States
2199,Velocity Financial,VEL,683434432,17.41,United States
2200,BrightSpire Capital,BRSP,681354304,5.23,United States
2201,PennantPark Floating Rate Capital Ltd.,PFLT,680634752,6.86,United States
2202,LightPath Technologies,LPTH,680009280,10.83,United States
2203,Bloomin' Brands,BLMN,679777472,7.94,United States
2204,Rigel Pharmaceuticals,RIGL,679766464,36.74,United States
2205,Community West Bancshares,CWBC,678355136,25.0,United States
2206,Udemy,UDMY,677283328,4.63,United States
2207,California BanCorp,BCAL,676104640,21.02,United States
2208,Ramaco Resources,METC,675969280,10.35,United States
2209,Bally's Corporation,BALY,671577472,13.72,United States
2210,Consensus Cloud Solutions,CCSI,669133440,36.37,United States
2211,NETGEAR,NTGR,669118784,24.93,United States
2212,Midland States Bancorp,MSBI,668536064,32.25,United States
2213,Tiptree,TIPT,668371712,17.79,United States
2214,TPG Real Estate Finance Trust,TRTX,666396736,8.62,United States
2215,Kopin Corporation,KOPN,663378560,3.58,United States
2216,Hyliion,HYLN,663377280,3.72,United States
2217,Helen of Troy,HELE,663124928,28.47,United States
2218,Chatham Lodging Trust,CLDT,662583552,13.5,United States
2219,Gyre Therapeutics,GYRE,662243776,5.94,United States
2220,Vitesse Energy,VTS,659056320,15.8,United States
2221,Sabre,SABR,656220032,1.66,United States
2222,OTC Markets Group,OTCM,656107776,54.48,United States
2223,Red River Bancshares,RRBI,655111360,99.49,United States
2224,loanDepot,LDI,655058752,1.01,United States
2225,Smith &amp; Wesson,SWBI,654804288,14.64,United States
2226,Forum Energy Technologies,FET,654065984,57.86,United States
2227,Bar Harbor Bankshares,BHB,653276928,39.02,United States
2228,Arrow Financial,AROW,652069824,39.45,United States
2229,Armada Hoffler Properties,AHH,647902656,6.25,United States
2230,PRA Group,PRAA,647632256,16.98,United States
2231,Cannae Holdings,CNNE,647243584,14.73,United States
2232,Latham Group,SWIM,645763776,5.5,United States
2233,CeriBell,CBLL,641611072,16.91,United States
2234,Cars.com,CARS,640648704,11.46,United States
2235,Granite Ridge Resources,GRNT,639695552,4.85,United States
2236,Northfield Bancorp,NFBK,639406784,15.31,United States
2237,PAR Technology,PAR,636841280,15.44,United States
2238,Gladstone Investment,GAIN,635160384,15.95,United States
2239,"MNTN, Inc.",MNTN,634268672,8.58,United States
2240,Rapid7,RPD,634222528,9.49,United States
2241,ACNB Corporation,ACNB,634167936,62.1,United States
2242,Gladstone Commercial,GOOD,632780928,12.96,United States
2243,Insteel Industries,IIIN,632627520,32.68,United States
2244,Shentel,SHEN,631777216,11.42,United States
2245,Phreesia,PHR,631333248,10.22,United States
2246,Village Super Market,VLGEA,631180480,42.62,United States
2247,Once Upon A Farm,OFRM,630625600,15.05,United States
2248,Legacy Housing Corporation,LEGH,629974592,26.49,United States
2249,MiMedx Group,MDXG,625572032,4.2,United States
2250,Forge Global,FRGE,623007296,45.0,United States
2251,REGENXBIO,RGNX,622916928,9.73,United States
2252,Dakota Gold,DC,622765632,4.65,United States
2253,Enviri Corporation,NVRI,620757376,22.08,United States
2254,Tactile Medical,TCMD,619846016,27.48,United States
2255,"Deep Fission, Inc.",FISN,619019776,10.26,United States
2256,Carriage Services,CSV,618385856,38.96,United States
2257,CorMedix,CRMD,617416320,7.87,United States
2258,Redwood Trust,RWT,616061440,4.92,United States
2259,Verra Mobility,VRRM,615222016,4.05,United States
2260,Hingham Institution for Savings,HIFS,613845696,279.37,United States
2261,Industrial Logistics Properties Trust,ILPT,613322304,9.2,United States
2262,Ibotta,IBTA,610967936,26.25,United States
2263,Ironwood Pharmaceuticals,IRWD,610715776,3.71,United States
2264,"Sturm, Ruger &amp; Co",RGR,609548800,38.23,United States
2265,Nuvectis Pharma,NVCT,608758016,19.31,United States
2266,Universal Health Realty Income Trust,UHT,608167488,43.83,United States
2267,Immix Biopharma,IMMX,606538432,8.52,United States
2268,NioCorp Developments,NB,602730304,4.14,United States
2269,Northrim BanCorp,NRIM,602610688,27.09,United States
2270,Franklin BSP Realty Trust,FBRT,601081088,7.81,United States
2271,Allogene Therapeutics,ALLO,600568960,1.74,United States
2272,WhiteHawk Minerals Corp,WHK,598371008,26.02,United States
2273,Kimball Electronics,KE,597856256,24.86,United States
2274,Northpointe Bancshares,NPB,594461824,17.19,United States
2275,Cogent Communications,CCOI,594421888,11.87,United States
2276,Civista Bancshares,CIVB,593988096,28.58,United States
2277,Vaalco Energy,EGY,593917440,5.55,United States
2278,Hyster-Yale Materials Handling,HY,593016320,33.1,United States
2279,Kearny Financial,KRNY,591568960,9.4,United States
2280,ARS Pharmaceuticals,SPRY,589861376,5.94,United States
2281,MasterCraft Boat,MCFT,587874496,24.27,United States
2282,Cerus Corporation,CERS,587081088,2.93,United States
2283,Miller Industries,MLR,585625856,51.39,United States
2284,NerdWallet,NRDS,584293184,8.88,United States
2285,KinderCare Learning Companies,KLC,583851456,4.93,United States
2286,Unity Bancorp,UNTY,582824128,58.045,United States
2287,Southern First Bancshares,SFST,582187328,61.49,United States
2288,PubMatic,PUBM,581470464,12.52,United States
2289,Ethan Allen,ETD,580685440,22.82,United States
2290,Bridgewater Bancshares,BWB,579416384,20.78,United States
2291,Oxford Industries,OXM,577080576,38.65,United States
2292,Cytek Biosciences,CTKB,575975936,4.46,United States
2293,Tectonic Therapeutic,TECX,573057216,30.37,United States
2294,Hertz,HTZ,571533760,1.81,United States
2295,AMERISAFE,AMSF,568781696,30.41,United States
2296,NVE Corporation,NVEC,568609024,117.55,United States
2297,AdvanSix,ASIX,567487680,21.05,United States
2298,DoubleDown Interactive,DDI,565900288,11.42,United States
2299,Rayonier Advanced Materials,RYAM,565135104,8.38,United States
2300,i3 Verticals,IIIV,563937280,20.19,United States
2301,Zevra Therapeutics,ZVRA,563071168,9.525,United States
2302,Greene County Bancorp,GCBC,561840960,33.0,United States
2303,First Business Financial Services,FBIZ,561770304,67.18,United States
2304,AngioDynamics,ANGO,561707136,13.59,United States
2305,OneSpan,OSPN,561653632,15.15,United States
2306,BitGo,BTGO,558924352,4.82,United States
2307,Fulgent Genetics,FLGT,558640256,19.67,United States
2308,Vital Farms,VITL,557886912,13.02,United States
2309,ParkOhio Holdings Corp.,PKOH,553897600,38.47,United States
2310,Ranpak,PACK,553475328,6.47,United States
2311,Home Bancorp,HBCP,552422016,70.21,United States
2312,Brandywine Realty Trust,BDN,550666560,3.17,United States
2313,Ooma,OOMA,550046016,20.02,United States
2314,One Liberty Properties,OLP,548322688,25.13,United States
2315,Sierra Bancorp,BSRR,547756224,41.88,United States
2316,W&amp;T Offshore,WTI,544526400,3.66,United States
2317,LendingTree,TREE,544167680,39.0,United States
2318,Malibu Boats,MBUU,543946048,27.7,United States
2319,Relmada Therapeutics,RLMD,543834432,5.18,United States
2320,Methode Electronics,MEI,543073408,15.31,United States
2321,Krispy Kreme,DNUT,543060032,3.15,United States
2322,Wabash National,WNC,542590720,13.34,United States
2323,Gemini Space Station,GEMI,542396672,4.29,United States
2324,EagleRock Land,EROK,541693504,22.15,United States
2325,Olympic Steel,ZEUS,538983936,47.86,United States
2326,Altimmune,ALT,538693440,2.77,United States
2327,Mesa Laboratories,MLAB,538680768,97.5,United States
2328,Community Healthcare Trust,CHCT,536864000,18.79,United States
2329,Kura Sushi USA,KRUS,536658240,44.17,United States
2330,Envela Corporation,ELA,536145760,20.65,United States
2331,iHeartMedia,IHRT,535079488,3.54,United States
2332,Investors Title Company,ITIC,533453248,282.55,United States
2333,Prime Medicine,PRME,532821504,2.95,United States
2334,Satellogic,SATL,532196288,3.59,United States
2335,Verastem Oncology,VSTM,531635552,6.05,United States
2336,Zion Oil &amp; Gas,ZNOG,531516128,0.449,United States
2337,Myriad Genetics,MYGN,529854464,5.61,United States
2338,Contango Ore,CTGO,529260832,15.8,United States
2339,4D Molecular Therapeutics,FDMT,526421888,10.07,United States
2340,Contineum Therapeutics,CTNM,525652448,14.06,United States
2341,Kelly Services,KELYA,525584960,15.16,United States
2342,Monro,MNRO,524635072,16.79,United States
2343,Flushing Financial Corp,FFIC,524179680,15.47,United States
2344,"Citi Trends, Inc.",CTRN,524114016,62.92,United States
2345,Energy Vault,NRGV,521969088,2.88,United States
2346,Oil States International,OIS,521876928,8.67,United States
2347,GAMCO Investors,GAMI,521168992,24.2,United States
2348,Arvinas,ARVN,518105216,8.03,United States
2349,Priority Technology Holdings,PRTH,518014016,6.29,United States
2350,AlTi Global,ALTI,517016832,3.41,United States
2351,Veradigm,MDRX,516615808,4.74,United States
2352,RE/MAX Holdings,RMAX,516382144,9.37,United States
2353,Titan International,TWI,516263136,8.02,United States
2354,The Manitowoc Company,MTW,516020704,14.37,United States
2355,Gogo Inflight Internet,GOGO,515258784,3.81,United States
2356,Orion Group Holdings,ORN,513682048,12.69,United States
2357,SandRidge Energy,SD,510210336,13.82,United States
2358,TaskUs,TASK,505511712,5.52,United States
2359,Orange County Bancorp,OBT,505343872,37.69,United States
2360,NeuroPace,NPCE,504928352,14.81,United States
2361,York Water,YORW,504596704,31.13,United States
2362,Cooper Standard,CPS,504427616,28.41,United States
2363,Yext,YEXT,501240576,5.0,United States
2364,Pangaea Logistics Solutions,PANL,501078304,7.66,United States
2365,PowerFleet,AIOT,500494688,3.73,United States
2366,American Coastal Insurance Corporation,ACIC,498210400,10.28,United States
2367,The Oncology Institute,TOI,497915008,4.98,United States
2368,Zura Bio,ZURA,496226112,5.23,United States
2369,Bankwell Financial Group,BWFG,496011520,62.21,United States
2370,"ERock, Inc.",EROC,494265504,10.26,United States
2371,MISTRAS Group,MG,491885888,15.46,United States
2372,Weave Communications,WEAV,490919968,6.17,United States
2373,First Foundation,FFWM,489265120,5.9,United States
2374,Ponce Financial Group,PDLB,488595584,20.2,United States
2375,Magnera,MAGN,488076000,13.71,United States
2376,Artiva Biotherapeutics,ARTV,487339648,10.03,United States
2377,ASP Isotopes,ASPI,487246336,3.87,United States
2378,Paysign,PAYS,485821120,8.69,United States
2379,El Pollo Loco,LOCO,485152896,15.93,United States
2380,Ur-Energy,URG,484744864,1.22,United States
2381,OrthoPediatrics,KIDS,484675872,18.87,United States
2382,Advantage Solutions,ADV,484480000,36.44,United States
2383,Bit Digital,BTBT,484158016,1.37,United States
2384,Forward Air,FWRD,482281952,15.25,United States
2385,Eikon Therapeutics,EIKN,481833760,8.9,United States
2386,Johnson Outdoors,JOUT,481731104,45.99,United States
2387,Ginkgo Bioworks,DNA,480788256,7.36,United States
2388,Rezolute,RZLT,480498688,4.99,United States
2389,Stitch Fix,SFIX,477664544,3.58,United States
2390,Grid Dynamics,GDYN,475832256,5.69,United States
2391,Tejon Ranch,TRC,475610400,17.62,United States
2392,Evolent Health,EVH,474670080,4.22,United States
2393,NRC Health,NRC,474172096,21.04,United States
2394,Diamond Hill Investment Group,DHIL,473290400,174.99,United States
2395,Shoe Carnival,SCVL,473247296,17.43,United States
2396,Bed Bath &amp; Beyond,BBBY,472510784,4.96,United States
2397,Eagle Point Credit Company,ECC,471985280,3.57,United States
2398,KKR Real Estate Finance Trust,KREF,471965056,7.34,United States
2399,Bank7,BSVN,470635968,49.44,United States
2400,Solid Power,SLDP,467966080,2.08,United States
2401,Calavo Growers,CVGW,466334752,26.09,United States
2402,Bank of Marin Bancorp,BMRC,465777888,28.77,United States
2403,Titan Machinery,TITN,465577536,19.98,United States
2404,Lifeway Foods,LWAY,465180672,30.44,United States
2405,Columbus McKinnon,CMCO,464778304,16.12,United States
2406,West Bancorporation,WTBA,464356288,27.27,United States
2407,Aquestive Therapeutics,AQST,461718528,3.68,United States
2408,Varex Imaging,VREX,460239616,10.92,United States
2409,Intrepid Potash,IPI,459678304,34.22,United States
2410,Sprout Social,SPT,454998912,7.57,United States
2411,Orthofix Medical,OFIX,454743584,11.25,United States
2412,Bluelinx,BXC,454569696,58.41,United States
2413,Commercial Bancgroup,CBK,453649024,33.11,United States
2414,ProKidney,PROK,453089408,1.5,United States
2415,Eventbrite,EB,452958144,4.51,United States
2416,Viemed Healthcare,VMD,451224160,11.77,United States
2417,Kyverna Therapeutics,KYTX,450492512,7.41,United States
2418,Acacia Research,ACTG,450105344,4.66,United States
2419,Q32 Bio,QTTB,450088512,15.15,United States
2420,FRP Holdings,FRPH,448967872,23.42,United States
2421,Idaho Strategic Resources,IDR,448683776,28.38,United States
2422,IBEX,IBEX,447999808,33.46,United States
2423,Mativ Holdings,MATV,447553504,8.12,United States
2424,Clean Energy Fuels,CLNE,447056000,2.03,United States
2425,RBB Bancorp,RBB,446389984,26.28,United States
2426,WideOpenWest,WOW,445855520,5.2,United States
2427,EVgo,EVGO,445680288,1.42,United States
2428,Pioneer Bancorp,PBFS,444862432,17.74,United States
2429,L.B. Foster,FSTR,443448032,42.4,United States
2430,Andersen Group,ANDG,440472992,34.82,United States
2431,AIAI Holdings Corporation,AIAI,438759296,6.24,United States
2432,Cabaletta Bio,CABA,438617408,2.69,United States
2433,Quantum Corporation,QMCO,437056960,11.1,United States
2434,Sagimet Biosciences,SGMT,436585280,7.07,United States
2435,Citizens &amp; Northern Corp,CZNC,436268864,24.35,United States
2436,Strata Critical Medical,SRTA,436093888,5.04,United States
2437,Ovid Therapeutics,OVID,434871424,2.33,United States
2438,Energy Recovery,ERII,434011104,8.42,United States
2439,Dine Brands Global,DIN,432437632,34.09,United States
2440,Marqeta,MQ,430390752,4.06,United States
2441,AMC Networks,AMCX,430052288,9.79,United States
2442,Quad,QUAD,430006432,8.34,United States
2443,Boston Omaha,BOC,429352256,14.21,United States
2444,Star Group,SGU,428482816,13.05,United States
2445,Cross Country Healthcare,CCRN,428060928,13.25,United States
2446,The Elmet Group,ELMT,427213056,14.25,United States
2447,Plumas Bancorp,PLBC,427102144,61.33,United States
2448,Bumble,BMBL,426219712,2.81,United States
2449,Farmers &amp; Merchants Bancorp,FMAO,426125440,30.95,United States
2450,Farmland Partners,FPI,425915680,9.6,United States
2451,Spire Global,SPIR,425439904,10.99,United States
2452,Gladstone Capital Corporation,GLAD,424523776,18.79,United States
2453,PureTech Health,PRTC,424034496,17.42,United States
2454,Shoulder Innovations,SI,423267200,20.41,United States
2455,Build-A-Bear Workshop,BBW,422511840,33.7,United States
2456,Pacific Biosciences,PACB,422418304,1.36,United States
2457,Swarmer,SWMR,421705792,38.84,United States
2458,Summit Midstream,SMC,421335712,30.5,United States
2459,Clearfield,CLFD,421137376,30.99,United States
2460,3D Systems,DDD,419785056,2.57,United States
2461,The Honest Company,HNST,417197952,3.79,United States
2462,NewtekOne,NEWT,416899296,14.43,United States
2463,Universal Logistics Holdings,ULH,416113728,15.78,United States
2464,Radiant Logistics,RLGT,415865184,8.88,United States
2465,Larimar Therapeutics,LRMR,415531744,4.0,United States
2466,Barnes &amp; Noble Education,BNED,411563264,11.88,United States
2467,Investar Holding,ISTR,411392736,29.86,United States
2468,Paysafe,PSFE,410826976,7.95,United States
2469,Ocugen,OCGN,409611456,1.21,United States
2470,Serve Robotics,SERV,409284000,4.81,United States
2471,Blend Labs,BLND,409177152,1.69,United States
2472,Evommune,EVMN,409168704,11.36,United States
2473,Rimini Street,RMNI,408189600,4.41,United States
2474,Gray Media,GTN,406844288,3.96,United States
2475,Puma Biotechnology,PBYI,406177664,7.98,United States
2476,Nathan's Famous,NATH,401988672,98.18,United States
2477,"Suja Life, Inc.",SUJA,401700096,10.4,United States
2478,Havertys,HVT,400935232,24.91,United States
2479,PCB Bancorp,PCB,399711008,28.08,United States
2480,Editas Medicine,EDIT,399000768,2.6,United States
2481,Genesco,GCO,396407840,35.69,United States
2482,Caleres,CAL,395687168,11.78,United States
2483,Gevo,GEVO,395543424,1.625,United States
2484,First Bancorp,FNLC,394426016,34.98,United States
2485,Orion Engineered Carbons,OEC,394156640,6.99,United States
2486,Benitec Biopharma,BNTC,394044256,11.47,United States
2487,Evolus,EOLS,393811424,5.98,United States
2488,USANA,USNA,393631424,21.32,United States
2489,TruBridge,TBRG,393577312,26.24,United States
2490,Parke Bancorp,PKBK,393529504,33.23,United States
2491,Aimco,AIV,392731264,2.64,United States
2492,International Money Express,IMXI,392131232,13.03,United States
2493,Aspen Aerogels,ASPN,387037728,4.67,United States
2494,NexPoint Real Estate Finance,NREF,386743200,16.79,United States
2495,OPAL Fuels,OPAL,386212032,2.21,United States
2496,Valhi,VHI,385477216,13.62,United States
2497,Community Health Systems,CYH,384702592,2.73,United States
2498,Regional Management Corp.,RM,383519264,41.65,United States
2499,First Carolina Financial Services,FCBM,382911200,12.66,United States
2500,Primis Financial,FRST,381638048,15.34,United States
2501,Cerence,CRNC,381611040,8.445,United States
2502,Civeo,CVEO,379404064,34.67,United States
2503,Sutro Biopharma,STRO,379131616,22.88,United States
2504,Atea Pharmaceuticals,AVIR,378528160,4.73,United States
2505,Genie Energy,GNE,378100960,14.32,United States
2506,MGP Ingredients,MGPI,378057184,17.69,United States
2507,C4 Therapeutics,CCCC,375928576,3.4,United States
2508,Emergent BioSolutions,EBS,374589120,7.26,United States
2509,Presidio Production Company,FTW,373960096,11.95,United States
2510,MVB Financial,MVBF,373932128,29.1,United States
2511,Ranger Energy Services,RNGR,373295104,15.71,United States
2512,Compass Therapeutics,CMPX,372781984,2.07,United States
2513,Open Lending,LPRO,372715840,3.15,United States
2514,Enanta Pharmaceuticals,ENTA,371621696,12.78,United States
2515,Simulations Plus,SLP,370923520,18.34,United States
2516,Acco Brands,ACCO,369031168,4.0,United States
2517,Claritev,CTEV,368402720,21.61,United States
2518,Gladstone Land,LAND,367739264,8.525,United States
2519,Lexeo Therapeutics,LXEO,365910784,4.66,United States
2520,Xperi,XPER,365414944,7.57,United States
2521,Weyco Group,WEYS,364320768,38.22,United States
2522,Alpine Income Property Trust,PINE,363668064,20.49,United States
2523,X4 Pharmaceuticals,XFOR,363130816,3.85,United States
2524,Camping World,CWH,362697984,5.71,United States
2525,Waterstone Financial,WSBF,362144800,20.06,United States
2526,Lands' End,LE,361205184,11.75,United States
2527,M-tron Industries,MPTI,361186208,83.58,United States
2528,Southern States Bancshares,SSBK,361068608,36.37,United States
2529,"Mobia Medical, Inc.",MOBI,360751712,10.85,United States
2530,ATN International,ATNI,360681024,23.45,United States
2531,Alto Ingredients,ALTO,359535264,4.64,United States
2532,Nature's Sunshine Products,NATR,358731392,20.4,United States
2533,Strattec Security,STRT,358457376,85.78,United States
2534,Value Line,VALU,358123136,38.15,United States
2535,Transcontinental Realty Investors,TCI,355767072,41.18,United States
2536,Artesian Resources,ARTNA,355676896,34.45,United States
2537,Ribbon Communications,RBBN,354039520,2.01,United States
2538,Everspin Technologies,MRAM,353823936,15.09,United States
2539,National CineMedia,NCMI,353551680,3.77,United States
2540,NACCO Industries,NC,352975968,46.81,United States
2541,Upstream Bio,UPB,348832128,6.41,United States
2542,Rocket Pharmaceuticals,RCKT,348327424,3.19,United States
2543,ON24,ONTF,348249024,8.1,United States
2544,Matrix Service Company,MTRX,347171712,12.34,United States
2545,Richtech Robotics,RR,346573728,1.55,United States
2546,BayCom (United Business Bank),BCML,345825344,31.7,United States
2547,Abeona Therapeutics,ABEO,344820640,6.05,United States
2548,Dave & Buster's,PLAY,343364416,9.87,United States
2549,Timberland Bancorp,TSBK,342864320,43.8,United States
2550,Innovative Aerosystems,ISSC,342467200,19.14,United States
2551,The RMR Group,RMR,342209472,20.02,United States
2552,"TWFG, Inc.",TWFG,341564128,26.28,United States
2553,Maui Land &amp; Pineapple Company,MLP,341075296,17.17,United States
2554,Verano Holdings,VRNOF,340106912,0.94,United States
2555,Perma-Fix Environmental Services,PESI,338832736,15.98,United States
2556,Telos,TLS,337434496,4.51,United States
2557,Xerox,XRX,337411392,2.58,United States
2558,"Merlin, Inc.",MRLN,334938464,3.47,United States
2559,Twin Disc,TWIN,334898048,23.22,United States
2560,Repay Holdings,RPAY,334729952,3.8,United States
2561,Bakkt Holdings,BKKT,332619520,7.44,United States
2562,Onity Group,ONIT,332563456,39.44,United States
2563,Perspective Therapeutics,CATX,331874464,2.91,United States
2564,CompX International,CIX,329025632,26.7,United States
2565,Akebia Therapeutics,AKBA,327275072,1.22,United States
2566,SuRo Capital,SSSS,326920416,12.54,United States
2567,Standard BioTools,LAB,326166880,0.8332,United States
2568,AirSculpt Technologies,AIRS,325215584,4.61,United States
2569,CoastalSouth Bancshares,COSO,325162368,27.09,United States
2570,NI Holdings,NODK,324630784,15.85,United States
2571,CapsoVision,CV,324263648,6.49,United States
2572,Funko,FNKO,323311200,5.79,United States
2573,Ring Energy,REI,322394112,1.27,United States
2574,Virgin Galactic,SPCE,320057824,2.49,United States
2575,Zumiez,ZUMZ,319559776,18.94,United States
2576,ZipRecruiter,ZIP,317937952,3.9,United States
2577,Optimum Communications,OPTU,315645856,0.8062,United States
2578,John Marshall Bancorp,JMSB,315267072,22.34,United States
2579,Portillo's,PTLO,314857184,4.35,United States
2580,Holley,HLLY,314165280,2.61,United States
2581,Vanda Pharmaceuticals,VNDA,311502176,5.18,United States
2582,First Western Financial,MYFW,311035104,31.97,United States
2583,Xponential Fitness,XPOF,310345664,6.32,United States
2584,Nano Dimension,NNDM,309445152,1.47,United States
2585,One Stop Systems,OSS,309364992,12.49,United States
2586,Saratoga Investment,SAR,308922784,18.94,United States
2587,Zentalis Pharmaceuticals,ZNTL,308236896,4.33,United States
2588,Organogenesis,ORGO,307532160,2.39,United States
2589,Flexsteel Industries,FLXS,306489696,75.2,United States
2590,Claros Mortgage Trust,CMTG,305676928,2.18,United States
2591,Prelude Therapeutics,PRLD,305041504,3.83,United States
2592,Rocky Brands,RCKY,304444832,40.37,United States
2593,PrimeEnergy Resources,PNRG,302889600,187.2,United States
2594,Hamilton Beach Brands,HBB,302205216,22.31,United States
2595,American Battery Technology Company,ABAT,301475872,2.21,United States
2596,Alliance Entertainment,AENT,301158048,5.91,United States
2597,LiveWire Group,LVWR,298952256,1.46,United States
2598,Omega Flex,OFLX,298287200,29.55,United States
2599,CION Investment Corporation,CION,296743680,5.96,United States
2600,SCYNEXIS,SCYX,296321024,3.73,United States
2601,Newegg,NEGG,296144736,14.12,United States
2602,Lyell Immunopharma,LYEL,294709536,12.63,United States
2603,OmniAb,OABI,294294336,2.03,United States
2604,Horizon Technology Finance,HRZN,294205376,4.31,United States
2605,908 Devices,MASS,292934240,7.14,United States
2606,AerSale,ASLE,292022464,6.18,United States
2607,Kingstone Companies,KINS,288393184,19.91,United States
2608,MBIA,MBI,288286656,5.66,United States
2609,Beyond Meat,BYND,288024864,0.5589,United States
2610,Western New England Bancorp,WNEB,286784160,14.25,United States
2611,Alico,ALCO,286418528,38.62,United States
2612,LCNB Corp.,LCNB,285081824,20.0,United States
2613,B&amp;G Foods,BGS,284896160,3.51,United States
2614,Foghorn Therapeutics,FHTX,284762496,4.85,United States
2615,NL Industries,NL,284101664,5.81,United States
2616,Syntec Optics,OPTX,283973152,7.05,United States
2617,BRT Apartments,BRT,282146560,14.99,United States
2618,NexPoint Diversified Real Estate Trust,NXDT,281377344,5.44,United States
2619,Fate Therapeutics,FATE,280907648,2.41,United States
2620,Jakks Pacific,JAKK,280388064,24.5,United States
2621,Marine Products Corporation,MPX,280037408,8.18,United States
2622,Immuneering,IMRX,279492768,4.32,United States
2623,Gloo Holdings,GLOO,279355616,3.19,United States
2624,Princeton Bancorp,BPRN,278269536,40.855,United States
2625,Amtech Systems,ASYS,277822368,15.89,United States
2626,Jack in the Box,JACK,277521120,14.55,United States
2627,Designer Brands,DBI,277242848,5.46,United States
2628,Chain Bridge Bancorp,CBNA,277105536,42.23,United States
2629,B. Riley Financial,RILY,276539520,6.88,United States
2630,Eledon Pharmaceuticals,ELDN,276332416,3.58,United States
2631,Neumora Therapeutics,NMRA,276073504,1.49,United States
2632,FreightCar America,RAIL,275316384,8.4,United States
2633,E. W. Scripps Company,SSP,273707072,2.99,United States
2634,Middlefield Banc,MBCN,273627936,33.67,United States
2635,OraSure Technologies,OSUR,273328768,3.97,United States
2636,ALX Oncology,ALXO,273162720,2.03,United States
2637,"TSS, Inc.",TSSI,272317376,9.7,United States
2638,"NN, Inc.",NNBR,272105472,3.53,United States
2639,Clearwater Paper,CLW,271226752,16.82,United States
2640,Public Policy Holding Company,PPHC,269765056,8.99,United States
2641,Tredegar,TG,268018752,7.68,United States
2642,Sight Sciences,SGHT,267152816,4.91,United States
2643,Hudson Technologies,HDSN,266716128,6.34,United States
2644,Microvast,MVST,266559232,0.8001,United States
2645,Montauk Renewables,MNTK,266177920,1.87,United States
2646,Ames National Corp.,ATLO,266159456,30.05,United States
2647,Cadiz Inc.,CDZI,265712672,3.16,United States
2648,Ready Capital,RC,265392448,1.47,United States
2649,Hawthorn Bancshares,HWBK,264572000,38.34,United States
2650,Outlook Therapeutics,OTLK,262730768,1.405,United States
2651,Aviat Networks,AVNW,262024128,20.25,United States
2652,Richardson Electronics,RELL,261442304,17.96,United States
2653,Slam Corp,SLMWF,261266432,11.14,United States
2654,Motorcar Parts of America,MPAA,260973232,13.79,United States
2655,HMH Holding,HMH,260623824,21.52,United States
2656,Aeluma,ALMU,260210352,14.215,United States
2657,Silvaco Group,SVCO,260040432,7.76,United States
2658,Treace Medical Concepts,TMCI,259491904,4.0,United States
2659,TriSalus Life Sciences,TLSI,259177776,4.22,United States
2660,Pure Cycle (water),PCYO,257359920,10.68,United States
2661,Escalade Sports,ESCA,257187840,18.63,United States
2662,Oportun Financial,OPRT,256860688,5.59,United States
2663,Lineage Cell Therapeutics,LCTX,256777232,1.03,United States
2664,Niagen Bioscience,NAGE,255658288,3.21,United States
2665,Turn Therapeutics,TTRX,254389856,8.54,United States
2666,C&amp;F Financial Corporation,CFFI,253840240,78.0,United States
2667,Senseonics Holdings,SENS,253706416,4.86,United States
2668,Duos Technologies Group,DUOT,253504480,8.07,United States
2669,Friedman Industries,FRD,253026672,35.6,United States
2670,Vista Gold,VGZ,252530432,1.73,United States
2671,Ares Commercial Real Estate,ACRE,252439072,4.55,United States
2672,Cresco Labs,CRLBF,252087504,0.6804,United States
2673,J.Jill,JILL,252080864,16.86,United States
2674,Octave Specialty Group,OSG,251625984,5.59,United States
2675,OpGen,OPGN,251197920,24.75,United States
2676,Richmond Mutual Bancorporation,RMBI,249492384,15.56,United States
2677,Agenus,AGEN,249021744,5.98,United States
2678,Fulcrum Therapeutics,FULC,247875952,3.72,United States
2679,Infinity Natural Resources,INR,247521216,13.2,United States
2680,RideNow Group,RDNW,246957936,6.4,United States
2681,Torrid Holding,CURV,246810560,2.48,United States
2682,8x8,EGHT,246701232,1.74,United States
2683,Nu Skin,NUS,246636752,5.08,United States
2684,Lightbridge Corporation,LTBR,246333664,7.5,United States
2685,TechTarget,TTGT,245818096,3.4,United States
2686,fuboTV,FUBO,245266496,8.33,United States
2687,"1-800-Flowers.com, Inc.",FLWS,244856208,3.82,United States
2688,Citizens Inc,CIA,244679264,4.84,United States
2689,The Hackett Group,HCKT,244584096,9.71,United States
2690,Virginia National Bankshares,VABK,243308160,44.87,United States
2691,Third Harmonic Bio,THRD,242787568,5.38,United States
2692,Accendra Health,ACH,240472832,3.14,United States
2693,Fossil Group,FOSL,239361488,4.05,United States
2694,Outdoor Holding Company,POWW,239296800,2.06,United States
2695,LoveSac,LOVE,239191760,16.34,United States
2696,Turtle Beach Corp,TBCH,238962944,12.04,United States
2697,American Realty Investors,ARL,238888720,14.79,United States
2698,Limoneira,LMNR,236804032,13.06,United States
2699,Lantronix,LTRX,236425568,5.3,United States
2700,Huuuge,HUG.WA,235614417,5.72935,United States
2701,"QumulusAI, Inc.",QMLS,235334384,7.16,United States
2702,MacroGenics,MGNX,235183568,3.7,United States
2703,Sanara MedTech,SMTI,234231040,25.56,United States
2704,TrueBlue,TBI,234111504,7.7,United States
2705,Chaince Digital Holdings,CD,233564784,2.94,United States
2706,Palladyne AI,PDYN,233386464,4.94,United States
2707,National Bankshares,NKSH,233338544,36.64,United States
2708,OP Bancorp (Open Bank),OPBK,233243776,15.66,United States
2709,Franklin Covey,FC,232653792,20.6,United States
2710,Cartesian Therapeutics,RNAC,231526336,7.88,United States
2711,First Internet Bancorp,INBK,230555712,26.45,United States
2712,TPG Mortgage Investment Trust,MITT,229939136,7.23,United States
2713,SITE Centers,SITC,229839952,4.38,United States
2714,Conduent,CNDT,229543296,1.48,United States
2715,Conexeu Sciences,CNXU,229318880,8.57,United States
2716,RGC Resources,RGCO,228957440,22.0,United States
2717,Peoples Bancorp of North Carolina,PEBK,228923488,43.02,United States
2718,Galectin Therapeutics,GALT,228523424,3.47,United States
2719,Biodesix,BDSX,227827792,22.0,United States
2720,Comstock Inc.,LODE,227739264,3.0,United States
2721,Unisys,UIS,227464112,3.12,United States
2722,Runway Growth Finance,RWAY,227397632,5.355,United States
2723,Entrada Therapeutics,TRDA,227100592,5.85,United States
2724,Protara Therapeutics,TARA,225941024,4.02,United States
2725,CS Disco,LAW,225753120,3.52,United States
2726,Service Properties Trust,SVC,225228016,1.74,United States
2727,Quicklogic,QUIK,224385840,12.66,United States
2728,CPI Card Group,PMTS,224003872,19.52,United States
2729,Orchestra BioMed,OBIO,223953872,3.74,United States
2730,Angi Inc.,ANGI,223677536,5.53,United States
2731,Commerce.com,CMRC,223608176,2.71,United States
2732,Gencor Industries,GENC,223236800,15.23,United States
2733,"AstroNova, Inc.",ALOT,223114768,28.71,United States
2734,SIGA Technologies,SIGA,223061936,3.11,United States
2735,Anavex Life Sciences,AVXL,222412240,2.4,United States
2736,Spok Holdings,SPOK,221193440,10.59,United States
2737,U.S. Gold Corp,USAU,220125520,13.34,United States
2738,Wheels Up,UP,219737296,6.06,United States
2739,Asure Software,ASUR,219701296,7.66,United States
2740,Angel Oak Mortgage REIT,AOMR,219248912,8.8,United States
2741,Coherus BioSciences,CHRS,217492352,1.41,United States
2742,Chicago Atlantic Real Estate Finance,REFI,216767376,10.17,United States
2743,Waldencast,WALD,216759184,1.69,United States
2744,SEACOR Marine,SMHI,216498208,8.0,United States
2745,CARGO Therapeutics,CRGX,216188416,4.47,United States
2746,Immersion Corporation,IMMR,215814944,6.52,United States
2747,Chicago Atlantic BDC,LIEN,215171536,9.4,United States
2748,RxSight,RXST,214848400,5.19,United States
2749,PennantPark Investment,PNNT,214824160,3.29,United States
2750,Nautilus Biotechnology,NAUT,214763280,1.69,United States
2751,Crexendo,CXDO,214589760,6.62,United States
2752,OneWater Marine,ONEW,213784656,12.865,United States
2753,Utah Medical Products,UTMD,213775440,67.14,United States
2754,Cable One,CABO,213469472,37.63,United States
2755,Global Water Resources,GWRS,211700352,7.36,United States
2756,Kaltura,KLTR,210524624,1.4,United States
2757,Modiv Industrial,MDV,210454176,17.66,United States
2758,Rare Earths Americas,REA,210419968,10.57,United States
2759,Core Molding Technologies,CMT,210143360,24.54,United States
2760,Alta Equipment Group,ALTG,209528880,6.44,United States
2761,Stoneridge,SRI,208658448,7.39,United States
2762,Acme United,ACU,205530752,53.94,United States
2763,Shutterstock,SSTK,204998128,5.58,United States
2764,Perma-Pipe International,PPIH,204036656,25.11,United States
2765,FutureFuel,FF,203965312,4.65,United States
2766,Stellus Capital Investment Corporation,SCM,202920256,7.01,United States
2767,Silver Bow Mining,SBMT,201384368,6.82,United States
2768,Atomera,ATOM,200551456,5.18,United States
2769,Smart Sand,SND,200313264,4.66,United States
2770,RCI Hospitality Holdings,RICK,199474608,26.07,United States
2771,Keros Therapeutics,KROS,199105872,10.06,United States
2772,Anika Therapeutics,ANIK,198919072,14.95,United States
2773,Soluna Holdings,SLNH,198761680,1.26,United States
2774,Ohio Valley Banc Corp,OVBC,198521616,42.14,United States
2775,Lifetime Brands,LCUT,198495760,8.685,United States
2776,RCM Technologies,RCMT,195830768,27.63,United States
2777,Embecta,EMBC,195188048,3.29,United States
2778,GrafTech,EAF,193796256,7.44,United States
2779,Superior Group of Companies,SGC,192767824,12.33,United States
2780,SWK Holdings,SWKH,192326064,15.9,United States
2781,Landmark Bancorp,LARK,192316800,31.54,United States
2782,Strawberry Fields REIT,STRW,192000528,14.3,United States
2783,Greenwich LifeSciences,GLSI,190523136,12.98,United States
2784,Vuzix,VUZI,190432400,2.29,United States
2785,Proficient Auto Logistics,PAL,189947312,6.84,United States
2786,Kolibri Global Energy,KGEI,189199888,5.31,United States
2787,FinWise Bancorp,FINW,188732160,13.77,United States
2788,Minerva Neurosciences,NERV,188218384,4.04,United States
2789,Precision BioSciences,DTIL,188098384,7.29,United States
2790,Tharimmune,THAR,187371472,4.74,United States
2791,Voyager Therapeutics,VYGR,187305984,3.1,United States
2792,American Resources Corp,AREC,186130016,1.74,United States
2793,SES AI,SES,185823392,0.5032,United States
2794,United Security Bancshares,UBFO,185027760,10.51,United States
2795,Information Services Group,III,184659584,3.86,United States
2796,Getty Images,GETY,184383968,0.4401,United States
2797,InfuSystem,INFU,184057136,9.12,United States
2798,Whitehawk Therapeutics,WHWK,183468640,3.71,United States
2799,TON Strategy Co.,TONX,183159200,3.24,United States
2800,SmartRent,SMRT,182714064,0.9475,United States
2801,Immunic,IMUX,182391664,13.39,United States
2802,Westwood Holdings Group,WHG,182358928,19.22,United States
2803,American Well,AMWL,180618704,10.81,United States
2804,Invivyd,IVVD,180123008,0.6114,United States
2805,HireQuest,HQI,179829664,12.9,United States
2806,EVI Industries,EVI,179524128,13.95,United States
2807,LifeMD,LFMD,179424928,3.71,United States
2808,Hanover Bancorp,HNVR,178988096,25.01,United States
2809,Seven Hills Realty Trust,SEVN,178509008,7.9,United States
2810,"Belpointe PREP, LLC",OZ,177544592,45.5464,United States
2811,GCT Semiconductor,GCTS,177377872,1.95,United States
2812,BV Financial,BVFL,177335600,20.48,United States
2813,AN2 Therapeutics,ANTX,177199504,4.92,United States
2814,Inspired Entertainment,INSE,177124368,6.64,United States
2815,KVH Industries,KVHI,176649648,9.06,United States
2816,Epsilon Energy,EPSN,176349424,5.83,United States
2817,BCB Bancorp,BCBP,176062400,10.14,United States
2818,eGain,EGAN,175955008,6.41,United States
2819,KORU Medical Systems,KRMD,175923392,3.83,United States
2820,Pro-Dex,PDEX,175378256,54.93,United States
2821,Taylor Devices,TAYD,174556336,54.225,United States
2822,ECB Bancorp,ECBK,174291536,19.91,United States
2823,Lucid Diagnostics,LUCD,173144240,0.9076,United States
2824,inTEST Corporation,INTT,173140976,13.78,United States
2825,Quanterix,QTRX,172878944,3.67,United States
2826,Forrester Research,FORR,172184432,8.87,United States
2827,LENZ Therapeutics,LENZ,171822080,5.48,United States
2828,Armata Pharmaceuticals,ARMP,171072352,4.66,United States
2829,Journey Medical,DERM,170438848,6.19,United States
2830,Corbus Pharmaceuticals,CRBP,169899888,9.17,United States
2831,Thryv,THRY,169416176,3.82,United States
2832,Bassett Furniture,BSET,168749664,19.49,United States
2833,Humacyte,HUMA,168469920,0.6248,United States
2834,Tenaya Therapeutics,TNYA,168174128,0.775,United States
2835,Karyopharm Therapeutics,KPTI,167932416,7.41,United States
2836,Quantum-Si,QSI,167697104,0.7701,United States
2837,Tingo Group,TIO,166947568,0.69,United States
2838,MainStreet Bancshares,MNSB,166903920,23.45,United States
2839,Inogen,INGN,166508272,6.15,United States
2840,OnKure Therapeutics,OKUR,166429376,4.12,United States
2841,DHI Group,DHX,166314256,3.85,United States
2842,"Domo, Inc.",DOMO,166154080,3.68,United States
2843,Lee Enterprises,LEE,166057616,7.47,United States
2844,Expensify,EXFY,165873568,1.72,United States
2845,Pyxis Oncology,PYXS,165357792,2.61,United States
2846,Ellington Credit Company,EARN,165302720,4.4,United States
2847,Apyx Medical,APYX,165072576,3.92,United States
2848,Oramed Pharmaceuticals,ORMP,164932112,4.03,United States
2849,Braemar Hotels &amp; Resorts,BHR,164871312,2.23,United States
2850,Alector,ALEC,164317280,1.48,United States
2851,CAMP4 Therapeutics,CAMP,164085536,3.16,United States
2852,KORE Group,KORE,163005168,9.25,United States
2853,Amplify Energy,AMPY,162672496,3.94,United States
2854,Lifecore Biomedical,LFCR,162415728,4.33,United States
2855,Nkarta,NKTX,162407968,2.27,United States
2856,Quipt Home Medical,QIPT,162297152,3.65,United States
2857,Smith-Midland Corporation,SMID,160682464,30.28,United States
2858,"Nerdy, Inc,",NRDY,160539552,0.8416,United States
2859,NRx Pharmaceuticals,NRXP,160501568,3.75,United States
2860,SB Financial Group,SBFG,160304144,25.62,United States
2861,Duluth Holdings,DLTH,159608688,4.2,United States
2862,PEDEVCO,PED,158826272,11.95,United States
2863,Stratus Properties,STRS,158217568,19.82,United States
2864,Tonix Pharmaceuticals,TNXP,157495120,9.88,United States
2865,Equillium,EQ,157434128,2.49,United States
2866,Arcturus Therapeutics,ARCT,157179568,5.53,United States
2867,Streamex Corp.,STEX,157021824,0.736,United States
2868,Commercial Vehicle Group (CVG),CVGI,156820640,4.62,United States
2869,Douglas Elliman,DOUG,155449408,1.71,United States
2870,SKYX Platforms,SKYX,154656688,1.15,United States
2871,Acumen Pharmaceuticals,ABOS,153844768,2.13,United States
2872,Health Catalyst,HCAT,153699552,2.08,United States
2873,Korro Bio,KRRO,153456160,10.64,United States
2874,Insight Molecular Diagnostics,IMDX,153055392,4.74,United States
2875,First Guaranty Bancshares,FGBI,152952864,9.29,United States
2876,"Owlet, Inc.",OWLT,152585760,5.25,United States
2877,Assertio Holdings,ASRT,151861232,23.5,United States
2878,Oxford Square Capital,OXSQ,151283872,1.44,United States
2879,Sidus Space,SIDU,149599984,1.85,United States
2880,Shimmick,SHIM,149599488,3.65,United States
2881,Legacy Education,LGCY,148408400,11.73,United States
2882,ReposiTrak,TRAK,148114544,8.15,United States
2883,Orion Properties,ONL,147758176,2.6,United States
2884,Hooker Furnishings,HOFT,147697680,13.75,United States
2885,The Eastern Company,EML,146068736,24.22,United States
2886,1stdibs.com,DIBS,145220736,4.11,United States
2887,AVITA Medical,RCEL,141880528,4.61,United States
2888,PLBY Group (Playboy),PLBY,141026192,1.22,United States
2889,WhiteHorse Finance,WHF,140885648,6.56,United States
2890,Affinity Bancshares,AFBI,139877616,22.95,United States
2891,CuriosityStream,CURI,139325856,2.35,United States
2892,Aardvark Therapeutics,AARD,138307888,6.32,United States
2893,Rhinebeck Bancorp,RBKB,137979984,12.43,United States
2894,Skillz,SKLZ,137970800,8.84,United States
2895,Hurco Companies,HURC,137362784,21.21,United States
2896,Venu Holding Corporation,VENU,137134784,2.37,United States
2897,Lake Shore Bancorp,LSBK,135240000,17.2,United States
2898,Codexis,CDXS,134526928,1.48,United States
2899,Red Robin,RRGB,133567480,7.22,United States
2900,PepGen,PEPG,133496584,1.93,United States
2901,Digimarc,DMRC,133321216,5.95,United States
2902,Elme Communities,ELME,132398240,1.49,United States
2903,Mammoth Energy Services,TUSK,131505872,2.73,United States
2904,Seritage Growth Properties,SRG,130109840,2.31,United States
2905,Genelux,GNLX,129588808,2.89,United States
2906,RGP,RGP,129421624,3.77,United States
2907,ACRES Commercial Realty,ACR,128592264,17.65,United States
2908,Stereotaxis,STXS,128520840,1.29,United States
2909,Tigo Energy,TYGO,128289240,1.69,United States
2910,Smith Douglas Homes,SDHC,127379144,15.26,United States
2911,Black Rifle Coffee Company (BRCC),BRCC,126364336,1.08,United States
2912,Anixa Biosciences,ANIX,125885336,3.7,United States
2913,CVRx,CVRX,125780368,4.74,United States
2914,Clarus,CLAR,125319248,3.26,United States
2915,Oconee Federal Financial,OFED,125132624,21.5,United States
2916,ChargePoint,CHPT,125011128,5.12,United States
2917,NET Power,NPWR,124621152,1.41,United States
2918,NCS Multistage,NCSM,123956224,47.23,United States
2919,Fractyl Health,GUTS,122635648,0.773,United States
2920,Clipper Realty,CLPR,122327888,2.88,United States
2921,Dynamic Materials Corporation,BOOM,121380024,5.93,United States
2922,vTv Therapeutics,VTVT,121034832,30.73,United States
2923,Neuronetics,STIM,120386968,1.73,United States
2924,Fonar Corporation,FONR,120195888,19.09,United States
2925,Vaxart,VXRT,119812192,0.495,United States
2926,ALT5 Sigma,ALTS,119560224,0.855,United States
2927,The Joint Corp.,JYNT,119032560,8.35,United States
2928,a.k.a. Brands,AKA,118718352,10.97,United States
2929,Spruce Biosciences,SPRB,118568144,43.08,United States
2930,Aemetis,AMTX,118567512,1.685,United States
2931,Magyar Bancorp,MGYR,118232400,18.2945,United States
2932,flyExclusive,FLYX,117984976,1.16,United States
2933,Tile Shop Holdings,TTSH,117872352,2.96,United States
2934,OptimizeRx,OPRX,117094072,6.24,United States
2935,Rani Therapeutics,RANI,116984888,0.8509,United States
2936,Unifi,UFI,116913824,6.29,United States
2937,KULR Technology Group,KULR,116568056,2.52,United States
2938,MaxCyte,MXCT,115691408,1.08,United States
2939,GoPro,GPRO,115648568,0.6685,United States
2940,PodcastOne,PODC,115451568,3.84,United States
2941,Tillys,TLYS,114941344,3.77,United States
2942,Microbot Medical,MBOT,114851808,1.71,United States
2943,Union Bankshares,UNB,114428488,24.8,United States
2944,INNOVATE Corp.,VATE,113773168,8.34,United States
2945,SelectQuote,SLQT,113744312,0.645,United States
2946,First Northwest Bancorp,FNWB,113516632,11.95,United States
2947,Townsquare Media,TSQ,113288424,6.31,United States
2948,Broadwind,BWEN,113041880,4.83,United States
2949,Fortress Biotech,FBIO,110951696,3.34,United States
2950,Rafael Holdings,RFL,110760000,2.13,United States
2951,AMC Robotics Corporation,AMCI,110717384,4.9,United States
2952,Vivani Medical,VANI,110380928,1.28,United States
2953,Comscore,SCOR,110334920,7.31,United States
2954,Devolver Digital,DEVO.L,109975609,0.226534,United States
2955,Inseego,INSG,108402864,6.66,United States
2956,Seer Inc,SEER,108313656,1.97,United States
2957,Chegg,CHGG,107693208,0.9619,United States
2958,Provident Financial Holdings,PROV,107688552,17.22,United States
2959,Zevia,ZVIA,107662864,1.5,United States
2960,Medifast,MED,107633040,9.68,United States
2961,Sound Financial Bancorp,SFBC,107193328,45.06,United States
2962,"SoundThinking 
 (ShotSpotter)",SSTI,107129064,8.27,United States
2963,Riverview Bancorp,RVSB,107104520,5.28,United States
2964,Lakeland Industries,LAKE,106192208,10.76,United States
2965,Vera Bradley,VRA,104937152,3.69,United States
2966,HilleVax,HLVX,104762376,2.09,United States
2967,U.S. GoldMining,USGO,103802176,7.48,United States
2968,Synchronoss Technologies,SNCR,103560608,9.0,United States
2969,Kewaunee Scientific Corporation,KEQU,103295080,36.01,United States
2970,TTEC,TTEC,103155760,2.12,United States
2971,Travelzoo,TZOO,103054080,10.025,United States
2972,Fluent,FLNT,101969736,3.42,United States
2973,Rent the Runway,RENT,101095144,3.01,United States
2974,New Fortress Energy,NFE,100800472,0.3529,United States
2975,Coya Therapeutics,COYA,99693032,4.25,United States
2976,ReneSola,SOL,99563952,1.94,United States
2977,Pathfinder Bancorp,PBHC,99492048,15.9022,United States
2978,Rapid Micro Biosystems,RPID,99145400,1.99,United States
2979,Polaryx Therapeutics,PLYX,97053752,2.05,United States
2980,Veritone,VERI,96672576,1.04,United States
2981,Martin Midstream Partners,MMLP,95855488,2.45,United States
2982,Zomedica Pharmaceuticals,ZOM,95349136,0.0973,United States
2983,Helius Medical Technologies,HSDT,95170280,1.63,United States
2984,Logistic Properties of the Americas,LPA,95169624,3.01,United States
2985,SkinHealth Systems,SKIN,94893152,0.7322,United States
2986,Jeld-Wen,JELD,94766456,1.1,United States
2987,Wrap Technologies,WRAP,94755024,1.7,United States
2988,Hyperfine,HYPR,94693968,0.9539,United States
2989,Virco Manufacturing,VIRC,94377256,6.0,United States
2990,Cullman Bancorp,CULL,92815808,16.15,United States
2991,Buzzfeed,BZFD,92389064,1.11,United States
2992,"FreeCast, Inc.",CAST,91831448,1.93,United States
2993,NeoVolta,NEOV,91829296,2.15,United States
2994,Aldeyra Therapeutics,ALDX,91688024,1.52,United States
2995,Geospace Technologies,GEOS,91584072,7.08,United States
2996,Sotherly Hotels,SOHO,91583664,2.25,United States
2997,Noodles &amp; Company,NDLS,90501872,15.36,United States
2998,Golden Matrix Group,GMGI,89996768,0.6372,United States
2999,Ispire Technology,ISPR,88969064,1.55,United States
3000,Summit State Bank,SSBI,88774704,13.11,United States
3001,Momentus Inc.,MNTS,88716696,4.71,United States
3002,Ultralife Corporation,ULBI,88280352,5.3,United States
3003,MicroVision,MVIS,88158024,0.2517,United States
3004,Surf Air Mobility,SRFM,87807824,0.7911,United States
3005,Arq Inc.,ARQ,86925672,2.025,United States
3006,BCP Investment Corporation,BCIC,86889920,7.02,United States
3007,Rallybio,RLYB,86555440,16.31,United States
3008,Velo3D,VLDX,86513896,6.15,United States
3009,Heron Therapeutics,HRTX,86273536,0.4558,United States
3010,Verrica Pharmaceuticals,VRCA,86237512,5.02,United States
3011,Stabilis Solutions,SLNG,85542976,4.6,United States
3012,Park Dental Partners,PARK,84747568,18.77,United States
3013,Full House Resorts,FLL,84497872,2.33,United States
3014,Cherry Hill Mortgage Investment,CHMI,84233024,2.26,United States
3015,PhenixFIN,PFX,83894168,43.41,United States
3016,Rekor Systems,REKR,83775816,0.6088,United States
3017,HF Foods Group,HFFG,83154272,1.555,United States
3018,GrowGeneration,GRWG,82925448,1.38,United States
3019,Lifevantage,LFVN,82381320,6.53,United States
3020,MediaCo Holding,MDIA,82324240,1.0,United States
3021,Atlas Lithium,ATLX,82279576,2.79,United States
3022,Jushi Holdings,JUSHF,82215088,0.4117,United States
3023,SunPower,SPWR,81671752,0.4816,United States
3024,Sono-Tek Corporation,SOTK,81569792,5.19,United States
3025,DeFi Development,DFDV,81319152,2.7,United States
3026,Ascend Wellness (AWH),AAWH,81239456,0.4,United States
3027,Drilling Tools International,DTI,81171312,2.31,United States
3028,Sera Prognostics,SERA,80275384,2.05,United States
3029,Energous,WATT,80261064,14.59,United States
3030,Inovio Pharmaceuticals,INO,79813272,0.9701,United States
3031,Marchex,MCHX,79745040,1.8,United States
3032,Telomir Pharmaceuticals,TELO,79091200,1.15,United States
3033,Playstudios,MYPS,79041152,0.6158,United States
3034,The Beachbody Company,BODI,78935224,10.9,United States
3035,Prairie Operating,PROP,78185744,0.8,United States
3036,Blackboxstocks,BLBX,78138184,18.15,United States
3037,Team Inc,TISI,77667776,16.99,United States
3038,Hennessy Advisors,HNNA,77601504,9.82,United States
3039,Steel Connect,STCN,77168096,12.18,United States
3040,Vivid Seats,SEAT,77021752,7.01,United States
3041,Interlink Electronics,LINK,76545040,4.86,United States
3042,Silvercrest Asset Management Group,SAMG,76434120,9.95,United States
3043,Northern Technologies International,NTIC,76315688,8.04,United States
3044,Vince Holding,VNCE,76248688,5.935,United States
3045,Genasys,GNSS,75599728,1.66,United States
3046,MAIA Biotechnology,MAIA,75392944,1.24,United States
3047,Teads,TEAD,75226560,0.7756,United States
3048,Blink Charging,BLNK,75160192,0.5231,United States
3049,Outset Medical,OM,74890448,4.04,United States
3050,Airgain,AIRG,74280072,5.86,United States
3051,Research Solutions,RSSS,73584568,2.2,United States
3052,American Vanguard,AVD,73517152,2.57,United States
3053,Intellicheck,IDN,73511928,3.63,United States
3054,The InterGroup Corporation,INTG,72995144,33.97,United States
3055,"Air T, Inc.",AIRT,72944096,27.1,United States
3056,Adicet Bio,ACET,72822760,7.79,United States
3057,Great Elm Capital,GECC,72516472,5.22,United States
3058,LanzaTech Global,LNZA,72383072,5.53,United States
3059,Definitive Healthcare,DH,72073056,0.683,United States
3060,United Homes Group,UHG,71769208,1.22,United States
3061,Atara Biotherapeutics,ATRA,71180360,7.9,United States
3062,iBio,IBIO,71040336,1.43,United States
3063,AudioEye,AEYE,70837664,5.67,United States
3064,Annovis Bio,ANVS,70619496,1.66,United States
3065,Talphera,TLPH,70064528,1.35,United States
3066,Regis Corporation,RGS,69915808,27.98,United States
3067,LeonaBio,LONA,69418064,7.39,United States
3068,Airship AI,AISP,69223512,2.01,United States
3069,XBiotech,XBIT,69207152,2.27,United States
3070,Spero Therapeutics,SPRO,68902776,1.19,United States
3071,LENSAR,LNSR,68776856,5.6,United States
3072,Acrivon Therapeutics,ACRV,68482768,1.6,United States
3073,Great Elm Group,GEG,68358280,2.18,United States
3074,Solitario Zinc,XPL,68079056,0.7315,United States
3075,Siebert Financial,SIEB,67961952,1.66,United States
3076,Forian,FORA,67792720,2.17,United States
3077,OS Therapies,OSTX,67697920,1.52,United States
3078,Rein Therapeutics,RNTX,67687032,0.7913,United States
3079,Pliant Therapeutics,PLRX,67493072,1.09,United States
3080,Home Federal Bancorp (HFB Bank),HFBL,67032864,21.95,United States
3081,NSTS Bancorp,NSTS,66724012,13.805,United States
3082,Gossamer Bio,GOSS,66483156,0.136,United States
3083,PMV Pharmaceuticals,PMVP,66131392,1.24,United States
3084,LiveOne,LVO,66045820,4.87,United States
3085,Hour Loop,HOUR,65808832,1.87,United States
3086,Ideal Power,IPWR,65357648,3.98,United States
3087,MediciNova,MNOV,64972048,1.32,United States
3088,GEN Restaurant Group,GENK,64940300,1.97,United States
3089,Cato Fashion,CATO,64924476,3.3,United States
3090,Identiv,INVE,64576712,2.69,United States
3091,Off the Hook YS Inc,OTH,64247460,2.57,United States
3092,Aptera Motors,SEV,64045992,1.62,United States
3093,Granite Point Mortgage Trust,GPMT,63733100,1.33,United States
3094,BBX Capital Corporation,BBXIA,63561832,3.78,United States
3095,MindWalk Holdings,HYFT,63528136,1.36,United States
3096,AMCON Distributing Company,DIT,63444096,65.0,United States
3097,ImageneBio,IMA,63050340,5.59,United States
3098,Where Food Comes From,WFCF,62940556,12.49,United States
3099,Cingulate,CING,62496324,4.64,United States
3100,WM Technology,MAPS,62291764,0.36,United States
3101,BranchOut Food,BOF,60498320,3.95,United States
3102,Xtant Medical,XTNT,60130732,0.4287,United States
3103,IZEA Worldwide,IZEA,59545400,3.4,United States
3104,iLearningEngines,AILE,59292656,0.42,United States
3105,Castellum,CTM,59186836,0.625,United States
3106,Marpai,MRAI,59184840,2.34,United States
3107,BG Staffing,BGSF,59056044,5.51,United States
3108,DocGo,DCGO,58852180,0.5958,United States
3109,Upexi,UPXI,58776576,0.8002,United States
3110,Mesa Air,MESA,58631804,1.4,United States
3111,AFC Gamma,AFCG,58619292,2.57,United States
3112,Boundless Bio,BOLD,57760172,2.57,United States
3113,Global Self Storage,SELF,57679748,5.05,United States
3114,VIDA Global Inc.,VIDA,57226692,2.86,United States
3115,Universal Electronics,UEIC,57152116,4.525,United States
3116,The ONE Group Hospitality,STKS,57131380,1.81,United States
3117,Skillsoft,SKIL,56943808,6.35,United States
3118,Context Therapeutics,CNTX,56423000,0.6141,United States
3119,MiNK Therapeutics,INKT,55149620,11.07,United States
3120,Lulu's Fashion Lounge,LVLU,55002280,19.2,United States
3121,Saga Communications,SGA,54643388,8.575,United States
3122,Allied Esports,AESE,54324936,1.3899,United States
3123,Kezar Life Sciences,KZR,53856340,7.29,United States
3124,The Children's Place,PLCE,53591336,2.41,United States
3125,Usio,USIO,53260268,1.93,United States
3126,MarketWise,MKTW,52617276,19.94,United States
3127,AEye,LIDR,52335748,1.13,United States
3128,Luna Innovations,LUNA,52045528,1.5,United States
3129,TScan Therapeutics,TCRX,51888548,0.794,United States
3130,Comtech Telecommunications,CMTL,51833276,1.73,United States
3131,TransAct Technologies,TACT,51689684,5.03,United States
3132,Greenidge Generation Holdings,GREE,51500392,2.84,United States
3133,Laser Photonics,LASE,51459436,1.08,United States
3134,electroCore,ECOR,51350428,6.19,United States
3135,Solidion Technology,STI,51121508,6.6,United States
3136,Westwater Resources,WWR,50978608,0.401,United States
3137,NOMADAR,NOMA,50753784,2.92,United States
3138,Reading International,RDI,50713428,1.45,United States
3139,NextNRG,NXXT,50690496,0.3208,United States
3140,Sensus Healthcare,SRTS,49880040,3.03,United States
3141,the Marygold Companies,MGLD,49844784,1.15,United States
3142,Pulmonx,LUNG,49417528,1.17,United States
3143,"Stem, Inc",STEM,49173668,5.49,United States
3144,Instil Bio,TIL,48355496,7.13,United States
3145,Scilex Holding,SCLX,48105756,6.84,United States
3146,Seres Therapeutics,MCRB,48080732,4.965,United States
3147,Elauwit Connection,ELWT,48059720,7.26,United States
3148,Hain Celestial,HAIN,47843368,0.5301,United States
3149,5E Advanced Materials,FEAM,47742508,1.15,United States
3150,Gaia,GAIA,47337508,1.87,United States
3151,Zeo Energy,ZEO,46580384,0.54,United States
3152,aTyr Pharma,ATYR,46407640,0.4733,United States
3153,Laird Superfood,LSF,46218260,4.2,United States
3154,BeyondSpring,BYSI,46054200,1.12,United States
3155,TechPrecision,TPCS,45711580,4.56,United States
3156,Manhattan Bridge Capital,LOAN,45374524,3.97,United States
3157,Metagenomi,MGX,45364464,1.205,United States
3158,tinyBuild,8Z3.F,45173952,0.114864,United States
3159,Grove Collaborative,GROV,44970044,1.07,United States
3160,"Culp, Inc.",CULP,44952884,3.55,United States
3161,Franklin Street Properties,FSP,44804592,0.4321,United States
3162,KLX Energy Services,KLXE,44775632,2.18,United States
3163,Plutus Financial Group,PLUT,44515000,2.9,United States
3164,Rave Restaurant Group,RAVE,44482208,3.13,United States
3165,Phunware,PHUN,43961956,2.15,United States
3166,eXoZymes,EXOZ,43715200,4.71,United States
3167,Sportsman's Warehouse,SPWH,43702172,1.12,United States
3168,Abundia Global Impact Group,AGIG,43512156,0.9884,United States
3169,INmune Bio,INMB,43068120,1.62,United States
3170,Filana Therapeutics,FLNA,43037504,0.8909,United States
3171,CarParts.com,PRTS,42761408,5.28,United States
3172,eHealth,EHTH,42532964,1.34,United States
3173,1-800-PetMeds,PETS,42530040,1.99,United States
3174,Precipio,PRPO,42324968,23.68,United States
3175,Verde Clean Fuels,VGAS,42090484,0.9448,United States
3176,Ekso Bionics,EKSO,42047896,11.8,United States
3177,Lument Finance Trust,LFT,41935840,0.7997,United States
3178,"RYTHM, Inc.",RYM,41907996,19.5,United States
3179,Heritage Global,HGBL,41689864,1.2,United States
3180,AgEagle Aerial Systems,UAVS,41428164,0.707,United States
3181,Elutia,ELUT,41113660,0.93,United States
3182,Orion Energy Systems,OESX,41093036,10.13,United States
3183,AXIL Brands,AXIL,40906304,6.0,United States
3184,Massimo Motor,MAMO,40808132,0.98,United States
3185,Odyssey Marine Exploration,OMEX,40416140,0.69,United States
3186,Spruce Power,SPRU,39861384,2.17,United States
3187,Planet13,PLTH.CN,39623998,0.120583,United States
3188,The Arena Group,AREN,39034288,0.82,United States
3189,Pixelworks,PXLW,38752244,6.09,United States
3190,Sachem Capital,SACH,38374108,0.8002,United States
3191,Charlotte's Web,CWEB.TO,38163009,0.237619,United States
3192,PDS Biotechnology,PDSB,38105120,0.6814,United States
3193,Hyperion DeFi,HYPD,38045944,2.51,United States
3194,Grace Therapeutics,GRCE,37918480,2.33,United States
3195,374Water,SCWO,37790292,2.16,United States
3196,Myomo,MYO,37479492,0.97,United States
3197,Beasley Broadcast Group,BBGI,37138944,20.52,United States
3198,Vroom,VRM,36922076,7.09,United States
3199,BioLargo,BLGO,36901576,0.115,United States
3200,Idaho Copper Corporation,COPR,36812828,2.63,United States
3201,Enzo Biochem,ENZB,36587800,0.69887,United States
3202,U.S. Global Investors,GROW,36344296,2.93,United States
3203,Veru,VERU,36113220,2.25,United States
3204,VirTra,VTSI,35899360,3.175,United States
3205,Battalion Oil,BATL,35890724,1.63,United States
3206,Koss,KOSS,35499144,3.75,United States
3207,Lantern Pharma,LTRN,35087652,2.75,United States
3208,Destination XL,DXLG,34678336,0.6274,United States
3209,Milestone Scientific,MLSS,34512960,0.3902,United States
3210,LianBio,LIAN,34472096,0.319,United States
3211,Kartoon Studios,TOON,34302668,0.58,United States
3212,Ocean Power Technologies,OPTT,34203516,0.15,United States
3213,NanoViricides,NNVC,34014568,1.48,United States
3214,PAVmed,PAVM,33933820,4.74,United States
3215,Southland Holdings,SLND,33615704,0.62,United States
3216,Pioneer Power Solutions,PPSI,33066872,2.98,United States
3217,Century Casinos,CNTY,32916238,1.17,United States
3218,Katapult Holdings,KPLT,32831248,6.89,United States
3219,Movano,MOVE,32687276,16.5,United States
3220,Crown Crafts,CRWS,32173258,2.99,United States
3221,Enviva,EVA,31273630,0.4198,United States
3222,Serina Therapeutics,SER,31044834,2.07,United States
3223,TELA Bio,TELA,30933404,0.691,United States
3224,Sangamo Therapeutics,SGMO,30657374,0.074,United States
3225,Salem Media Group,SALM,30473144,0.9618,United States
3226,Live Ventures,LIVE,29764346,9.69,United States
3227,Workhorse Group,WKHS,29521114,2.71,United States
3228,Ascent Solar Technologies,ASTI,28958472,2.95,United States
3229,Kyntra Bio,KYNB,28458228,7.03,United States
3230,HeartBeam,BEAT,28402846,0.5117,United States
3231,Accuray,ARAY,28360944,0.2384,United States
3232,Old Market Capital Corporation,OMCC,28292780,4.15,United States
3233,Barfresh Food Group,BRFH,28251126,1.75,United States
3234,Farmer Brothers,FARM,28089448,1.28,United States
3235,Cryo-Cell International,CCEL,27896770,3.46,United States
3236,"Xos, Inc.",XOS,27712014,2.02,United States
3237,India Globalization Capital,IGC,27552668,0.264,United States
3238,Mobix Labs,MOBX,27509606,1.81,United States
3239,Harvard Bioscience,HBIO,27061092,6.0,United States
3240,PermRock Royalty Trust,PRT,27007926,2.22,United States
3241,Actinium Pharmaceuticals,ATNM,26982496,0.86,United States
3242,Zoom Telephonics,MINM,26534076,3.61,United States
3243,GenFlat Holdings,GFLT,26210468,2.0,United States
3244,Rockwell Medical,RMTI,26168802,6.63,United States
3245,BioXcel Therapeutics,BTAI,26168770,0.8475,United States
3246,Hoth Therapeutics,HOTH,26013596,1.36,United States
3247,MariMed,MRMD,25952294,0.065,United States
3248,Quest Resource Holding,QRHC,25920420,1.23,United States
3249,America's Car-Mart,CRMT,25315080,3.04,United States
3250,Knightscope,KSCP,25014914,1.45,United States
3251,Latch,LTCH,24737226,0.1506,United States
3252,CervoMed,CRVO,24628194,2.66,United States
3253,SPI Energy,SPI,24207974,0.766,United States
3254,Local Bounti,LOCL,24164044,1.06,United States
3255,TherapeuticsMD,TXMD,23843186,2.06,United States
3256,GEE Group,JOB,23413444,0.2131,United States
3257,Avant Technologies Inc.,AVAI,23309330,0.1686,United States
3258,Urban One,UONE,23273876,5.152,United States
3259,Aytu BioScience,AYTU,23183730,2.16,United States
3260,Skye Bioscience,SKYE,22910190,0.6519,United States
3261,Jasper Therapeutics,JSPR,22906206,0.6884,United States
3262,Atossa Therapeutics,ATOS,22892618,2.295,United States
3263,Cytosorbents,CTSO,22623390,0.36,United States
3264,Beam Global,BEEM,22423602,1.01,United States
3265,ESS Tech,GWH,22068326,0.7509,United States
3266,Ashford Hospitality Trust,AHT,21715202,3.24,United States
3267,Celularity,CELU,21709470,0.75,United States
3268,Allbirds,BIRD,21662886,2.46,United States
3269,180 Life Sciences,ATNF,21620372,3.58,United States
3270,Exyn Technologies,EXYN,21077986,2.65,United States
3271,Cardlytics,CDLX,21024464,3.62,United States
3272,Werewolf Therapeutics,HOWL,20750840,0.427,United States
3273,Cel-Sci,CVM,20623030,1.18,United States
3274,Retractable Technologies,RVP,20357270,0.68,United States
3275,Neuphoria Therapeutics,NEUP,19672566,3.64,United States
3276,SolarMax Technology,SMXT,19405140,0.341,United States
3277,Dare Bioscience,DARE,19173762,1.28,United States
3278,Offerpad,OPAD,19021776,4.02,United States
3279,Longeveron,LGVN,18958772,0.6,United States
3280,LivePerson,LPSN,18868612,1.53,United States
3281,System1,SST,18311252,1.83,United States
3282,Energy Focus,EFOI,18279666,2.87,United States
3283,Motorsport Gaming,MSGM,18240620,4.37,United States
3284,Dragonfly Energy,DFLI,18069628,1.41,United States
3285,Harte Hanks,HHS,17732534,2.39,United States
3286,Lipocine,LPCN,17148046,2.08,United States
3287,VYNE Therapeutics,VYNE,16992994,0.509,United States
3288,Elite Express,ETS,16883838,1.01,United States
3289,Know Labs,KNW,16795408,2.24,United States
3290,Camber Energy,CEI,16771320,0.0954,United States
3291,FingerMotion,FNGR,16241114,0.2649,United States
3292,Inuvo,INUV,15958459,0.97,United States
3293,Passage Bio,PASG,15871282,4.94,United States
3294,Psychemedics,PMD,15738209,2.67,United States
3295,Cyngn,CYN,15577144,1.08,United States
3296,Natural Health Trends,NHTC,15440128,1.8,United States
3297,Arrive AI,ARAI,15272578,0.2945,United States
3298,Cyclerion Therapeutics,CYCN,15156099,3.5,United States
3299,Scienture Holdings,SCNX,15004961,0.3693,United States
3300,SeaStar Medical,ICU,14988758,3.75,United States
3301,iRobot,IRBT,14843741,0.4664,United States
3302,Tempest Therapeutics,TPST,14795336,0.9259,United States
3303,Office Properties Income Trust,OPI,14795239,0.2,United States
3304,The Cannabist Company,CBSTF,14475953,0.0291,United States
3305,Astrotech,ASTC,14465160,7.2,United States
3306,The Glimpse Group,VRAR,14332026,0.68,United States
3307,Citius Pharmaceuticals,CTXR,14283571,0.5203,United States
3308,HOOKIPA Pharma,HOOK,14232977,1.15,United States
3309,Smith Micro Software,SMSI,13974700,2.5,United States
3310,Biofrontera,BFRI,13955645,1.09,United States
3311,Dolphin Entertainment,DLPN,13928481,1.07,United States
3312,Palatin Technologies,PTN,13709670,7.7052,United States
3313,Air Industries Group,AIRI,13193790,2.72,United States
3314,Trio Petroleum,TPET,13027975,0.2943,United States
3315,Austin Gold,AUST,13008351,0.95,United States
3316,Bionano Genomics,BNGO,12737250,1.11,United States
3317,Flux Power,FLUX,12616034,0.5906,United States
3318,Senti Biosciences,SNTI,12576252,0.4038,United States
3319,authID,AUID,12513501,0.7484,United States
3320,Cocrystal Pharma,COCP,12410086,0.9001,United States
3321,AMASS Brands Inc.,AMSS,12109773,1.06,United States
3322,Phio Pharmaceuticals,PHIO,12081941,1.04,United States
3323,VolitionRx,VNRX,12044339,1.0,United States
3324,Upland Software,UPLD,12038912,4.1,United States
3325,Intensity Therapeutics,INTS,12027548,4.45,United States
3326,CXApp,CXAI,11923171,0.1093,United States
3327,CISO Global,CISO,11826781,0.261,United States
3328,KALA BIO,KALA,11789643,0.6342,United States
3329,Urgent.ly Inc.,ULY,11787284,5.38,United States
3330,Leslie's,LESL,11605716,1.24,United States
3331,Gaxos.ai,GXAI,11389311,1.06,United States
3332,Cambium Networks,CMBM,11325767,0.401,United States
3333,Clean Energy Technologies,CETY,11185518,0.9194,United States
3334,AEON Biopharma,AEON,11070613,0.2507,United States
3335,"Reed's, Inc.",REED,11027090,0.93,United States
3336,Bullfrog AI,BFRG,10865409,0.586,United States
3337,T Stamp Inc. (TrustStamp),IDAI,10639931,1.9,United States
3338,Phoenix Motor,PEV,10575262,0.23,United States
3339,Lunai Bioworks,LNAI,10563963,2.33,United States
3340,AppTech Payments,APCX,10500984,0.25,United States
3341,BrainStorm Cell Therapeutics,BCLI,10151993,0.92,United States
3342,Ryvyl Inc.,RVYL,9994965,7.81,United States
3343,SUNation Energy Inc.,SUNE,9895611,2.4,United States
3344,Solo Brands,SBDS,9634575,3.765,United States
3345,Superior Industries International,SUP,9576233,0.3249,United States
3346,VistaGen Therapeutics,VTGN,9289747,0.2264,United States
3347,GoHealth,GOCO,8937260,0.305,United States
3348,SINTX Technologies,SINT,8900682,1.4,United States
3349,Wellgistics Health,WGRX,8847256,3.52,United States
3350,Quoin Pharmaceuticals,QNRX,8596029,4.28,United States
3351,Northann Corp,NCL,8543560,0.159,United States
3352,Rocky Mountain Chocolate Factory,RMCF,8526779,0.9033,United States
3353,SeaChange International,SEAC,8398952,3.25,United States
3354,Trinseo,TSE,8278525,0.23,United States
3355,Carver Bancorp,CARV,8221076,1.41,United States
3356,Reborn Coffee,REBN,8205241,0.999,United States
3357,FGI Industries,FGI,8198245,4.245,United States
3358,SPAR Group,SGRP,8164586,0.2875,United States
3359,Mangoceuticals,MGRX,7974521,0.5207,United States
3360,Heart Test Laboratories,HSCS,7863937,2.39,United States
3361,Synlogic,SYBX,7836749,0.67,United States
3362,Aprea Therapeutics,APRE,7825915,0.632,United States
3363,Co-Diagnostics,CODX,7680497,2.1,United States
3364,Signing Day Sports,SGN,7408163,0.5401,United States
3365,reAlpha Tech,AIRE,7403356,1.38,United States
3366,Vislink Technologies,VISL,6992150,2.82,United States
3367,enVVeno Medical Corporation,NVNO,6937081,10.39,United States
3368,AIM ImmunoTech,AIM,6903336,0.249,United States
3369,Imunon,IMNN,6345198,1.51,United States
3370,Cadrenal Therapeutics,CVKD,6321127,2.04,United States
3371,TPI Composites,TPIC,6193621,0.1271,United States
3372,CleanCore Solutions,ZONE,6126073,0.77,United States
3373,Cloudastructure,CSAI,6101982,0.2441,United States
3374,Adial Pharmaceuticals,ADIL,6083944,2.78,United States
3375,SurgePays,SURG,6054377,0.241,United States
3376,Xenetic Biosciences,XBIO,6048388,2.64,United States
3377,Pulmatrix,PULM,6026270,1.65,United States
3378,Bakhu Holdings,BKUH,6026059,0.02,United States
3379,Gauzy,GAUZ,5806623,0.3098,United States
3380,cbdMD,YCBD,5647880,0.538,United States
3381,Innovative Eyewear,LUCY,5599660,0.6508,United States
3382,BioAtla,BCAB,5592697,3.37,United States
3383,"DSS, Inc. (Document Security Systems)",DSS,5523385,0.55,United States
3384,Soligenix,SNGX,5504216,0.3713,United States
3385,Cheetah Net Supply Chain Service,CTNT,5465746,1.73,United States
3386,Sonoma Pharmaceuticals,SNOA,5455813,1.14,United States
3387,Polar Power,POLA,5278230,1.45,United States
3388,Nauticus Robotics,KITT,5266250,0.7699,United States
3389,Origin Materials,ORGN,5228483,0.9501,United States
3390,Talis Biomedical,TLIS,5176808,2.84,United States
3391,CaliberCos,CWD,4994726,0.565,United States
3392,Urban-gro,UGRO,4942725,3.15,United States
3393,BIO-key International,BKYI,4933938,4.5459,United States
3394,Biomerica,BMRA,4898076,1.585,United States
3395,Vertex Energy,VTNR,4872095,0.0521,United States
3396,Sonendo,SONX,4812627,1.01,United States
3397,Alaunos Therapeutics,TCRT,4737763,1.94,United States
3398,Jaguar Health,JAGX,4730190,0.9633,United States
3399,Sonim Technologies,SONM,4689855,3.1508,United States
3400,AquaBounty Technologies,AQB,4683956,0.91,United States
3401,Cemtrex,CETX,4647081,2.7,United States
3402,Kidpik,PIK,4644903,2.38,United States
3403,Lakewood-Amedex Biotherapeutics,LABT,4621734,2.64,United States
3404,OLB Group,OLB,4609187,0.3143,United States
3405,Eterna Therapeutics,ERNA,4583689,3.93,United States
3406,"Bark, Inc.",BARK,4377870,0.5066,United States
3407,Aterian,ATER,4350613,0.401,United States
3408,Super League Enterprise,SLE,4279804,2.66,United States
3409,CASI Pharmaceuticals,CASI,4263766,0.2075,United States
3410,QVC Group,QVCGA,4255453,0.34,United States
3411,bioAffinity Technologies,BIAF,4146192,0.6599,United States
3412,Elevai Labs,ELAB,4089375,0.9,United States
3413,Tivic Health Systems,TIVC,4029097,1.4,United States
3414,Ensysce Biosciences,ENSC,4016549,0.2614,United States
3415,Allurion Technologies,ALUR,4001668,4.0,United States
3416,"Cyabra, Inc.",CYAB,3962213,0.26,United States
3417,Genprex,GNPX,3943550,7.81,United States
3418,Socket Mobile,SCKT,3882315,0.4711,United States
3419,Beyond Air,XAIR,3717939,5.16,United States
3420,FibroBiologics,FBLG,3708747,0.712,United States
3421,Avalon GloboCare,ALBT,3707637,0.282,United States
3422,Unity Biotechnology,UBX,3444161,0.2001,United States
3423,Eagle Pharmaceuticals,EGRX,3289388,0.25,United States
3424,ShiftPixy,PIXY,3265294,6.53,United States
3425,Forza X1,FRZA,3150960,0.2,United States
3426,Netcapital,NCPL,3146222,0.4009,United States
3427,Expion360,XPON,3140764,3.295,United States
3428,Hydrofarm,HYFM,3125109,0.6559,United States
3429,Advent Technologies,ADN,3023365,0.9185,United States
3430,Fly-E Group,FLYE,3003590,1.84,United States
3431,ATI Physical Therapy,ATIP,2977762,0.675,United States
3432,Golden Minerals,AUMN,2969997,0.196,United States
3433,Jet.AI,JTAI,2900310,2.04,United States
3434,Sleep Number,SNBR,2881125,0.125,United States
3435,Marin Software,MRIN,2863609,0.8981,United States
3436,iSpecimen,ISPC,2831199,1.97,United States
3437,Inotiv,NOTV,2787563,0.0799,United States
3438,PREIT (Pennsylvania Real Estate Investment Trust),PRET,2690436,0.4974,United States
3439,Xilio Therapeutics,XLO,2676465,0.5101,United States
3440,Staffing 360 Solutions,STAF,2654640,1.615,United States
3441,Synergy CHC,SNYR,2540430,0.1705,United States
3442,LM Funding America,LMFA,2430118,2.6,United States
3443,Boxlight,BOXL,2368052,3.55,United States
3444,Oragenics,OGEN,2305610,0.511,United States
3445,Vaccinex,VCNX,2215184,0.8276,United States
3446,Sow Good,SOWG,2203871,0.1099,United States
3447,Clearside Biomedical,CLSD,2145948,0.41,United States
3448,Azitra,AZTR,2045105,0.1263,United States
3449,Edible Garden,EDBL,2009078,3.14,United States
3450,Cutera,CUTR,1956013,0.0969,United States
3451,F45 Training,FXLV,1950335,0.02,United States
3452,Vivakor,VIVK,1941552,2.91,United States
3453,Actelis Networks,ASNS,1903258,0.066,United States
3454,Direct Digital Holdings,DRCT,1885804,2.55,United States
3455,Cue Biopharma,CUE,1804119,0.5542,United States
3456,"Freight Technologies, Inc.",FRGT,1722096,3.01,United States
3457,SOBR Safe,SOBR,1712705,0.5954,United States
3458,Sonder Holdings,SOND,1680861,0.1263,United States
3459,Traeger,COOK,1642351,0.5983,United States
3460,CorEnergy Infrastructure Trust,CORR,1627350,0.0198,United States
3461,Focus Universal,FCUV,1609437,2.29,United States
3462,Maison Solutions,MSS,1601791,1.84,United States
3463,La Rosa Holdings,LRHC,1573416,0.9736,United States
3464,Lazydays Holdings,GORV,1573084,0.4211,United States
3465,Matinas BioPharma,MTNB,1546454,0.2414,United States
3466,Aethlon Medical,AEMD,1539842,0.5847,United States
3467,Benson Hill,BHIL,1522391,0.249,United States
3468,Trinity Place Holdings,TPHS,1519087,0.023,United States
3469,22nd Century Group,XXII,1473679,4.27,United States
3470,VivoSim Labs,VIVS,1463666,0.4189,United States
3471,Arcadia Biosciences,RKDA,1396297,0.64,United States
3472,Alkaline Water Company,WTER,1388794,0.039,United States
3473,Hepion Pharmaceuticals,HEPA,1383167,0.0475,United States
3474,"Greenlane Holdings, Inc.",GNLN,1332378,2.11,United States
3475,iPower,IPW,1267068,0.67,United States
3476,Purple Innovation,PRPL,1261071,0.2897,United States
3477,Wheeler Real Estate Investment Trust,WHLR,1154087,0.2484,United States
3478,Solar Integrated Roofing,SIRC,1097545,0.0001,United States
3479,Danimer Scientific,DNMR,1056961,0.35,United States
3480,Evofem Biosciences,EVFM,1046987,0.0079,United States
3481,Greene Concepts,INKW,1020360,0.0002,United States
3482,Femasys,FEMY,925185,0.3064,United States
3483,Lyra Therapeutics,LYRA,922938,0.52,United States
3484,Quince Therapeutics,QNCX,900311,0.9206,United States
3485,LMP Automotive Holdings,LMPX,883610,0.081,United States
3486,iEntertainment Network,IENT,876829,0.0067,United States
3487,ProPhase Labs,PRPH,821349,0.0586,United States
3488,Vicarious Surgical,RBOT,784449,0.11,United States
3489,zSpace,ZSPC,719764,0.15,United States
3490,Yellow Corporation,YELLQ,693890,0.0102,United States
3491,Curis,CRIS,675500,0.3466,United States
3492,Tapinator,TAPM,673183,0.247,United States
3493,Onfolio Holdings,ONFO,660382,0.0938,United States
3494,Tevogen Bio,TVGN,627896,0.1551,United States
3495,BNB Plus Corp.,BNBX,533314,0.0741,United States
3496,Ayr Wellness,AYRWF,432062,0.0037,United States
3497,Ontrak,OTRK,425780,0.0601,United States
3498,Kaival Brands Innovations,KAVL,404382,0.0207,United States
3499,AiRWA Inc.,YYAI,394663,0.3746,United States
3500,Viracta Therapeutics,VIRX,388698,0.00978,United States
3501,Impac Mortgage Holdings,IMPM,365688,0.01,United States
3502,NantHealth,NHIQ,329655,0.012,United States
3503,Exela Technologies,XELA,305261,0.011,United States
3504,Leafly Holdings,LFLY,232138,37.0,United States
3505,Carisma Therapeutics,CARM,213409,0.0051,United States
3506,Trulite,TRUL,212013,0.0001,United States
3507,Ampio Pharmaceuticals,AMPE,207884,0.1831,United States
3508,Nuwellis,NUWE,189012,2.05,United States
3509,BloomZ,BLMZ,187531,0.128,United States
3510,Wearable Health Solutions,WHSI,182670,0.0001,United States
3511,Faraday Future,FFAI,174605,0.0717,United States
3512,Petros Pharmaceuticals,PTPI,169489,0.004,United States
3513,Lipella Pharmaceuticals,LIPO,152487,0.033,United States
3514,Hallmark Financial Services,HALL,145478,0.08,United States
3515,Cenntro Electric Group,CENN,113554,0.0775,United States
3516,Loop Media,LPTV,103383,0.0007,United States
3517,Ocean Biomedical,OCEA,92946,0.0004,United States
3518,Novo Integrated Sciences,NVOS,78920,0.004,United States
3519,Vincerx Pharma,VINC,68045,0.013,United States
3520,Mobile Global Esports (Mogo),MGAM,67912,0.0009,United States
3521,Vinco Ventures,BBIG,66300,0.0051,United States
3522,PaxMedica,PXMD,63132,0.0005,United States
3523,Remark Holdings,MARK,61902,0.001,United States
3524,ToughBuilt Industries,TBLT,47699,0.011,United States
3525,Presto Automation,PRST,41851,0.0001,United States
3526,Gaming Technologies (Gametech),GMGT,27420,0.0006,United States
3527,Gamer Pakistan,GPAK,15347,0.0006,United States
3528,Movella,MVLA,15272,0.0003,United States
3529,Vaxxinity,VAXX,12678,0.0001,United States
3530,Trevena,TRVN,9501,0.011,United States
3531,4Front Ventures,FFNTF,9152,1e-05,United States
3532,Freeze Tag,FRZT,7505,0.0001,United States
3533,T2 Biosystems,TTOO,5609,0.0002,United States
3534,Stryve Foods,SNAX,4356,0.001,United States
3535,Adamas One,JEWL,3804,0.0001,United States
3536,USD Partners,USDP,3377,0.0001,United States
3537,Syros Pharmaceuticals,SYRS,2683,0.0001,United States
3538,Viveve Medical,VIVE,2144,0.0002,United States
3539,Telesis Bio,TBIO,1953,0.0011,United States
3540,Calithera Biosciences,CALA,1461,0.0003,United States
3541,Hempacco,HPCO,1184,0.0002,United States
3542,eFFECTOR Therapeutics,EFTR,940,0.0002,United States
3543,Grom Social Enterprises,GROM,902,0.0001,United States
3544,Minerva Surgical,UTRS,887,0.0001,United States
3545,Lightning eMotors,ZEVY,659,0.0001,United States
3546,Applied Aerospace &amp; Defense,AADX,0,0.0,United States
3547,"Forbright, Inc.",FRBT,0,0.0,United States
3548,GigCapital9,GIXXU,0,0.0,United States
3549,Pershing Square USA,PSUS,0,0.0,United States
3550,Saluda Medical,SLD.AX,0,0.0,United States
