Rank,Name,Symbol,marketcap,price (USD),country
1,NVIDIA,NVDA,5133398704128,211.94,United States
2,Alphabet (Google),GOOG,4590506344448,375.35,United States
3,Apple,AAPL,4515147284480,309.38,United States
4,Microsoft,MSFT,3659383177216,492.81,United States
5,Amazon,AMZN,2992339156992,277.42,United States
6,Broadcom,AVGO,1989429821440,418.16,United States
7,SpaceX,SPCX,1651120930816,125.33,United States
8,Meta Platforms (Facebook),META,1497780846592,587.94,United States
9,Tesla,TSLA,1292884377600,327.35,United States
10,Berkshire Hathaway,BRK-B,1115567816704,517.22,United States
11,Micron Technology,MU,1008175349760,892.67,United States
12,Eli Lilly,LLY,994898083840,1115.68,United States
13,JPMorgan Chase,JPM,950359687168,357.52,United States
14,Walmart,WMT,887723720704,111.55,United States
15,AMD,AMD,845596852224,518.58,United States
16,Visa,V,690041978880,369.59,United States
17,Exxon Mobil,XOM,638156079104,153.96,United States
18,Johnson & Johnson,JNJ,614355435520,254.93,United States
19,Intel,INTC,508737814528,100.86,United States
20,Mastercard,MA,500289241088,571.1,United States
21,Cisco,CSCO,479830245376,121.74,United States
22,Bank of America,BAC,439843880960,62.9,United States
23,Applied Materials,AMAT,433994104832,546.62,United States
24,AbbVie,ABBV,430823211008,243.8,United States
25,Costco,COST,420351377408,947.85,United States
26,Oracle,ORCL,419799859200,145.74,United States
27,Caterpillar,CAT,403727286272,876.54,United States
28,Lam Research,LRCX,397581058048,317.74,United States
29,General Electric,GE,391451574272,377.28,United States
30,Palantir,PLTR,389946769408,162.66,United States
31,Chevron,CVX,379200176128,190.4,United States
32,Coca-Cola,KO,372428636160,86.56,United States
33,UnitedHealth,UNH,370114232320,407.55,United States
34,Home Depot,HD,347235909632,348.24,United States
35,Procter & Gamble,PG,344655921152,148.01,United States
36,Morgan Stanley,MS,341186871296,217.04,United States
37,Merck,MRK,316137537536,128.0,United States
38,Goldman Sachs,GS,310636904448,1052.98,United States
39,Netflix,NFLX,306341019648,73.57,United States
40,Dell,DELL,301922942976,467.27,United States
41,Palo Alto Networks,PANW,298567106560,366.34,United States
42,RTX,RTX,293716918272,217.93,United States
43,Philip Morris International,PM,291320430592,186.91,United States
44,GE Vernova,GEV,271268757504,1018.53,United States
45,Wells Fargo,WFC,267291295744,88.39,United States
46,Texas Instruments,TXN,259024437248,283.63,United States
47,KLA,KLAC,255311478784,195.45,United States
48,Arista Networks,ANET,239884353536,190.51,United States
49,American Express,AXP,234136666112,346.71,United States
50,Citigroup,C,229585731584,136.87,United States
51,IBM,IBM,221542891520,235.15,United States
52,CrowdStrike,CRWD,215076716544,211.22,United States
53,Sandisk,SNDK,211415908352,1427.62,United States
54,Amphenol,APH,211247054848,171.33,United States
55,Amgen,AMGN,210497028096,390.02,United States
56,Thermo Fisher Scientific,TMO,208814784512,564.75,United States
57,Marvell Technology,MRVL,196194238464,218.59,United States
58,Verizon,VZ,194775875584,46.88,United States
59,McDonald,MCD,190657134592,268.34,United States
60,T-Mobile US,TMUS,190088151040,177.21,United States
61,Pepsico,PEP,190010605568,139.1,United States
62,Western Digital,WDC,189078831104,548.56,United States
63,Boeing,BA,187307196416,237.16,United States
64,Analog Devices,ADI,185234341888,380.29,United States
65,Charles Schwab,SCHW,184957059072,106.35,United States
66,BlackRock,BLK,183924359168,1131.13,United States
67,Abbott Laboratories,ABT,183691608064,105.46,United States
68,Nextera Energy,NEE,181864775680,87.2,United States
69,Union Pacific Corporation,UNP,176054288384,296.35,United States
70,TJX Companies,TJX,174046183424,157.55,United States
71,QUALCOMM,QCOM,170803494912,162.67,United States
72,Blackstone Group,BX,170760126464,137.2,United States
73,Walt Disney,DIS,170490691584,98.18,United States
74,Gilead Sciences,GILD,167922335744,135.25,United States
75,Welltower,WELL,166862864384,231.57,United States
76,Deere &amp; Company (John Deere),DE,166756139008,617.37,United States
77,Southern Copper,SCCO,162828173312,195.16,United States
78,AT&T,T,160208781312,23.38,United States
79,Salesforce,CRM,156420816896,190.99,United States
80,Booking Holdings (Booking.com),BKNG,150535634944,194.27,United States
81,Interactive Brokers,IBKR,150336176128,88.63,United States
82,Uber,UBER,146542772224,71.99,United States
83,Pfizer,PFE,144822878208,25.41,United States
84,ConocoPhillips,COP,143685599232,117.94,United States
85,AppLovin,APP,140993822720,419.7,United States
86,Corning,GLW,137447489536,159.89,United States
87,Danaher,DHR,136927625216,194.78,United States
88,Capital One,COF,136141791232,221.91,United States
89,Lockheed Martin,LMT,136011915264,589.33,United States
90,Bristol-Myers Squibb,BMY,134594461696,65.89,United States
91,CVS Health,CVS,133232328704,104.42,United States
92,Prologis,PLD,132769669120,139.05,United States
93,Intuitive Surgical,ISRG,131941269504,368.265,United States
94,Stryker Corporation,SYK,128865198080,335.96,United States
95,Parker-Hannifin,PH,125159661568,992.65,United States
96,Fortinet,FTNT,123476664320,168.29,United States
97,Progressive,PGR,122524098560,210.75,United States
98,Lowe's Companies,LOW,122342883328,218.08,United States
99,ServiceNow,NOW,122140459008,118.14,United States
100,S&P Global,SPGI,121613844480,412.53,United States
101,Vertex Pharmaceuticals,VRTX,121497919488,478.705,United States
102,Starbucks,SBUX,119665803264,104.97,United States
103,Howmet Aerospace,HWM,115310985216,288.2,United States
104,Altria Group,MO,113659461632,68.07,United States
105,Snowflake,SNOW,109792477184,316.77,United States
106,Automatic Data Processing,ADP,107652636672,270.62,United States
107,Southern Company,SO,107271348224,93.25,United States
108,Cloudflare,NET,106953932800,301.33,United States
109,General Dynamics,GD,104370143232,385.76,United States
110,Quanta Services,PWR,104187969536,693.0,United States
111,Vertiv Holdings,VRT,103919853568,269.93,United States
112,Equinix,EQIX,103756242944,1051.53,United States
113,Newmont,NEM,102977347584,97.73,United States
114,Datadog,DDOG,102569926656,288.15,United States
115,Adobe,ADBE,102352273408,257.49,United States
116,PNC Financial Services,PNC,101401862144,254.14,United States
117,Carvana,CVNA,101233557504,68.03,United States
118,KKR & Co.,KKR,100899495936,108.21,United States
119,U.S. Bancorp,USB,100053114880,64.23,United States
120,McKesson,MCK,97224867840,830.43,United States
121,Duke Energy,DUK,96880418816,124.27,United States
122,Freeport-McMoRan,FCX,96747782144,67.3,United States
123,Constellation Energy,CEG,95435513856,267.25,United States
124,CSX Corporation,CSX,94531788800,51.03,United States
125,CME Group,CME,94436302848,262.63,United States
126,BNY Mellon (Bank of New York Mellon),BK,94143750144,137.16,United States
127,Cadence Design Systems,CDNS,93948444672,340.62,United States
128,3M,MMM,93577830400,181.45,United States
129,United Parcel Service,UPS,92744187904,109.11,United States
130,Monster Beverage,MNST,92108808192,94.18,United States
131,Marsh & McLennan Companies,MRSH,91362091008,191.45,United States
132,Marathon Petroleum,MPC,91262312448,312.61,United States
133,Waste Management,WM,90035847168,225.25,United States
134,Marriott International,MAR,90016522240,345.2,United States
135,Airbnb,ABNB,88978251776,149.92,United States
136,Emerson,EMR,88966275072,158.84,United States
137,HCA Healthcare,HCA,88897871872,400.73,United States
138,Valero Energy,VLO,88891842560,308.73,United States
139,Intuit,INTU,88516575232,323.6,United States
140,Comcast,CMCSA,88467513344,24.93,United States
141,DoorDash,DASH,88176394240,202.37,United States
142,Sherwin-Williams,SHW,87774060544,361.57,United States
143,Cummins,CMI,87755530240,635.96,United States
144,Williams Companies,WMB,87456612352,71.51,United States
145,Royal Caribbean Group,RCL,87119839232,325.74,United States
146,Simon Property Group,SPG,85837389824,225.9,United States
147,Illinois Tool Works,ITW,84888764416,295.06,United States
148,Robinhood,HOOD,84073185280,93.51,United States
149,Moody's,MCO,83762454528,483.67,United States
150,Intercontinental Exchange,ICE,83760054272,149.2,United States
151,Phillips 66,PSX,82548506624,205.89,United States
152,Enterprise Products,EPD,82473312256,38.12,United States
153,Elevance Health,ELV,81976590336,378.0,United States
154,American Tower,AMT,81659502592,175.25,United States
155,Cintas,CTAS,81494532096,203.65,United States
156,Ross Stores,ROST,80535298048,251.06,United States
157,General Motors,GM,79872114688,88.31,United States
158,Mondelez International,MDLZ,79688982528,62.08,United States
159,Ecolab,ECL,79686221824,283.14,United States
160,Honeywell,HON,78851497984,248.79,United States
161,The Travelers Companies,TRV,78664065024,377.15,United States
162,Northrop Grumman,NOC,78354857984,551.55,United States
163,Regeneron Pharmaceuticals,REGN,78313742336,760.66,United States
164,Synopsys,SNPS,77330841600,403.86,United States
165,Apollo Global Management,APO,76792127488,133.2,United States
166,Norfolk Southern,NSC,76652093440,341.27,United States
167,EOG Resources,EOG,76442853376,143.52,United States
168,SLB (Schlumberger),SLB,75409317888,50.81,United States
169,O'Reilly Automotive,ORLY,74948509696,91.83,United States
170,Medline,MDLN,74905616384,42.04,United States
171,FedEx,FDX,74130350080,313.34,United States
172,Colgate-Palmolive,CL,73762398208,92.53,United States
173,Motorola Solutions,MSI,73511141376,442.85,United States
174,Digital Realty,DLR,72966463488,193.89,United States
175,The Cigna Group,CI,72415100928,274.05,United States
176,United Rentals,URI,71586955264,1150.13,United States
177,Paccar,PCAR,71564582912,135.96,United States
178,TransDigm Group,TDG,71318118400,1275.05,United States
179,Boston Scientific,BSX,71142678528,49.09,United States
180,Hilton Worldwide,HLT,70236012544,312.07,United States
181,Energy Transfer LP,ET,69958762496,20.33,United States
182,American Electric Power,AEP,69873410048,128.35,United States
183,Kinder Morgan,KMI,69815033856,31.38,United States
184,Hewlett Packard Enterprise,HPE,69375025152,52.39,United States
185,Honeywell Aerospace,HONA,68611112960,216.48,United States
186,Allstate,ALL,67588440064,262.56,United States
187,Target,TGT,67270246400,148.11,United States
188,Bloom Energy,BE,67184635904,228.11,United States
189,Lumentum,LITE,66088763392,849.47,United States
190,Air Products and Chemicals,APD,65627652096,294.71,United States
191,Monolithic Power Systems,MPWR,65590026240,1335.03,United States
192,Warner Bros. Discovery,WBD,64659058688,25.79,United States
193,Truist Financial Corporation,TFC,64330838016,52.66,United States
194,Republic Services,RSG,63889526784,207.66,United States
195,Aflac,AFL,63699460096,125.15,United States
196,Arthur J. Gallagher & Co.,AJG,63587946496,248.06,United States
197,Coherent Corp.,COHR,63334322176,323.73,United States
198,Teradyne,TER,63092875264,403.56,United States
199,Comfort Systems USA,FIX,62500200448,1775.86,United States
200,Nucor,NUE,62410129408,274.04,United States
201,Astera Labs,ALAB,61993111552,361.67,United States
202,MetLife,MET,61853577216,96.13,United States
203,Nike,NKE,61609701376,41.53,United States
204,MPLX,MPLX,61401534464,60.51,United States
205,W. W. Grainger,GWW,61398298624,1300.45,United States
206,Baker Hughes,BKR,61277769728,61.73,United States
207,Delta Air Lines,DAL,61007687680,92.77,United States
208,Public Storage,PSA,60970614784,326.49,United States
209,Dominion Energy,D,60880789504,69.22,United States
210,Cencora,COR,59590160384,306.28,United States
211,Realty Income,O,58653782016,62.9,United States
212,Keysight,KEYS,58316328960,341.24,United States
213,Ametek,AME,58229026816,254.05,United States
214,Ciena,CIEN,58196656128,411.13,United States
215,Fastenal,FAST,57042104320,49.71,United States
216,Ford,F,56783364096,14.24,United States
217,Sempra,SRE,56643747840,86.65,United States
218,Targa Resources,TRGP,56447057920,262.98,United States
219,Oneok,OKE,55222378496,87.65,United States
220,Occidental Petroleum,OXY,54794424320,55.09,United States
221,Cardinal Health,CAH,54698778624,233.55,United States
222,Carrier Global,CARR,54560829440,65.69,United States
223,Diamondback Energy,FANG,53975584768,191.87,United States
224,Cheniere Energy,LNG,53915602944,257.29,United States
225,L3Harris Technologies,LHX,53127028736,285.3,United States
226,Electronic Arts,EA,52582584320,209.7,United States
227,Fifth Third Bank,FITB,52372721664,57.77,United States
228,Nasdaq,NDAQ,52331458560,93.62,United States
229,Corteva,CTVA,52248121344,78.31,United States
230,Edwards Lifesciences,EW,51591680000,89.6,United States
231,HEICO,HEI,51375968256,367.66,United States
232,State Street Corporation,STT,50883006464,185.23,United States
233,Devon Energy,DVN,50807406592,44.05,United States
234,Entergy,ETR,50797502464,108.86,United States
235,Cerebras Systems,CBRS,50620502016,227.15,United States
236,Wabtec,WAB,50516168704,299.07,United States
237,PayPal,PYPL,50461478912,58.54,United States
238,Block,XYZ,50376118272,84.64,United States
239,CoreWeave,CRWV,50137919488,91.9,United States
240,Autodesk,ADSK,50085765120,237.21,United States
241,Rockwell Automation,ROK,49542504448,445.23,United States
242,AutoZone,AZO,49433665536,3028.03,United States
243,Axon Enterprise,AXON,48941584384,607.2,United States
244,Ameriprise Financial,AMP,48936472576,553.58,United States
245,eBay,EBAY,48666841088,109.61,United States
246,Xcel Energy,XEL,48565317632,77.75,United States
247,Vistra,VST,48294641664,143.23,United States
248,Exelon Corporation,EXC,47226843136,45.84,United States
249,Ares Management,ARES,47138381824,142.91,United States
250,Becton Dickinson,BDX,46874935296,170.12,United States
251,Ventas,VTR,46601175040,90.85,United States
252,Rocket Lab,RKLB,46536503296,74.48,United States
253,IDEXX Laboratories,IDXX,46390304768,588.09,United States
254,Old Dominion Freight Line,ODFL,45611606016,219.32,United States
255,Take-Two Interactive,TTWO,44916445184,240.22,United States
256,Credo Technology,CRDO,44366823424,237.92,United States
257,Microchip Technology,MCHP,43804483584,80.67,United States
258,CBRE Group,CBRE,43740348416,151.05,United States
259,Humana,HUM,43488284672,362.16,United States
260,United Airlines Holdings,UAL,43044433920,132.62,United States
261,Prudential Financial,PRU,42908545024,123.54,United States
262,Chipotle Mexican Grill,CMG,42796437504,33.82,United States
263,Live Nation,LYV,42794659840,183.7,United States
264,Keurig Dr Pepper,KDP,42313400320,31.1,United States
265,Workday,WDAY,42301616128,171.28,United States
266,Paychex,PAYX,42205327360,118.66,United States
267,D. R. Horton,DHI,42058678272,150.37,United States
268,American International Group,AIG,42055954432,79.32,United States
269,Waste Connections,WCN,41731842048,165.57,United States
270,MSCI,MSCI,41545867264,571.47,United States
271,Revolution Medicines,RVMD,41128914944,193.46,United States
272,Grayscale Bitcoin Trust,GBTC,41085235200,59.34,United States
273,Carnival Corporation,CCL,40527917056,29.59,United States
274,Yum! Brands,YUM,40316637184,147.68,United States
275,Consolidated Edison,ED,39952306176,108.41,United States
276,Rocket Companies,RKT,39923253248,14.11,United States
277,Coinbase,COIN,39768137728,150.73,United States
278,Sysco,SYY,39634911232,82.79,United States
279,Natera,NTRA,39411441664,275.19,United States
280,Agilent Technologies,A,39314526208,139.2,United States
281,The Hartford,HIG,38940282880,142.05,United States
282,Waters Corporation,WAT,38889451520,396.08,United States
283,Roper Technologies,ROP,38844305408,392.76,United States
284,Archer Daniels Midland (ADM),ADM,38493868032,79.87,United States
285,PG&amp;E Corporation,PCG,38431305728,17.45,United States
286,PSEG,PEG,38006972416,76.27,United States
287,Steel Dynamics,STLD,37996277760,265.1,United States
288,IQVIA,IQV,37561720832,228.2,United States
289,Kenvue,KVUE,37536169984,19.55,United States
290,Expedia Group,EXPE,37454090240,312.06,United States
291,Iron Mountain,IRM,37342322688,125.51,United States
292,NetApp,NTAP,37314908160,190.46,United States
293,Kimberly-Clark,KMB,37034586112,111.57,United States
294,Vulcan Materials,VMC,36942897152,285.1,United States
295,M&T Bank,MTB,36676743168,253.06,United States
296,Emcor,EME,36164825088,819.88,United States
297,The Hershey Company,HSY,35973730304,179.04,United States
298,"Strategy 
 (MicroStrategy)",MSTR,35673460736,97.65,United States
299,Jabil,JBL,35627610112,340.0,United States
300,WEC Energy Group,WEC,35599044608,109.25,United States
301,Huntington Bancshares,HBAN,35478482944,17.56,United States
302,Kroger,KR,35404886016,57.79,United States
303,TKO Group Holdings,TKO,35264708608,184.51,United States
304,Veeva Systems,VEEV,34415235072,211.86,United States
305,Raymond James Financial,RJF,34303297536,178.57,United States
306,Crown Castle,CCI,33937422336,77.66,United States
307,Ubiquiti,UI,33892366336,560.0,United States
308,BeOne Medicines,ONC,33512681472,323.01,United States
309,Martin Marietta Materials,MLM,33385795584,555.82,United States
310,Northern Trust,NTRS,33372940288,182.41,United States
311,Extra Space Storage,EXR,33074483200,149.86,United States
312,EQT Corporation,EQT,33008482304,52.77,United States
313,DexCom,DXCM,32807745536,86.94,United States
314,ResMed,RMD,32367882240,223.14,United States
315,GE HealthCare Technologies,GEHC,31960696832,70.26,United States
316,"Cheniere Energy
Partners",CQP,31947571200,66.0,United States
317,Venture Global,VG,31899158528,12.84,United States
318,Zoetis,ZTS,31878107136,76.04,United States
319,Teledyne Technologies,TDY,31724339200,684.76,United States
320,Centene,CNC,31650260992,64.07,United States
321,Kraft Heinz,KHC,31589115904,26.64,United States
322,Tapestry,TPR,31512915968,155.97,United States
323,Casey's General Stores,CASY,31478597632,850.66,United States
324,Estee Lauder,EL,31465304064,86.97,United States
325,ON Semiconductor,ON,31438411776,80.78,United States
326,Citizens Financial Group,CFG,31142889472,73.68,United States
327,Biogen,BIIB,30799321088,208.45,United States
328,Reddit,RDDT,30777669632,159.97,United States
329,Illumina,ILMN,30654509056,203.01,United States
330,MongoDB,MDB,30567350272,380.04,United States
331,Ameren,AEE,30297726976,109.44,United States
332,Coupang,CPNG,30121179136,16.78,United States
333,Cboe Global Markets,CBOE,30119995392,288.42,United States
334,Zoom,ZM,29944875008,102.12,United States
335,Las Vegas Sands,LVS,29807208448,46.02,United States
336,Fiserv,FISV,29744906240,55.78,United States
337,Qnity Electronics,Q,29657083904,141.67,United States
338,DTE Energy,DTE,29490241536,141.72,United States
339,Twilio,TWLO,29451716608,194.05,United States
340,Williams-Sonoma,WSM,29304776704,248.88,United States
341,Alnylam Pharmaceuticals,ALNY,29304197120,219.0,United States
342,VICI Properties,VICI,29277650944,26.59,United States
343,Atmos Energy,ATO,28818706432,172.65,United States
344,Mettler Toledo,MTD,28792537088,1437.0,United States
345,Symbotic,SYM,28648458240,47.46,United States
346,GlobalFoundries,GFS,28543418368,52.02,United States
347,Xylem,XYL,28525084672,122.17,United States
348,Carpenter Technology,CRS,28327258112,570.13,United States
349,Copart,CPRT,28321267712,29.4,United States
350,Dover Corporation,DOV,28273418240,209.93,United States
351,Dollar General,DG,28071856128,127.26,United States
352,Otis Worldwide,OTIS,28032489472,73.64,United States
353,Curtiss-Wright,CW,27975913472,757.31,United States
354,FirstEnergy,FE,27926657024,48.28,United States
355,Everpure,P,27895420928,83.92,United States
356,LPL Financial,LPLA,27893667840,354.24,United States
357,Cincinnati Financial,CINF,27537031168,179.42,United States
358,CenterPoint Energy,CNP,27389589504,41.58,United States
359,Eversource Energy,ES,27341017088,72.7,United States
360,ATI Inc.,ATI,27314556928,200.15,United States
361,AST SpaceMobile,ASTS,27289038848,70.31,United States
362,Texas Pacific Land Corporation,TPL,27280766976,395.52,United States
363,Regions Financial,RF,27265476608,31.95,United States
364,Edison International,EIX,27202500608,70.69,United States
365,VeriSign,VRSN,27047682048,299.2,United States
366,Halliburton,HAL,27033473024,32.36,United States
367,AvalonBay Communities,AVB,27024515072,189.25,United States
368,American Water,AWK,26631671808,134.01,United States
369,EchoStar,ECHO,26608949248,91.6,United States
370,Cognizant Technology Solutions,CTSH,26549489664,56.13,United States
371,Hubbell,HUBB,26539253760,502.24,United States
372,W. R. Berkley,WRB,26501933056,71.39,United States
373,PPL,PPL,26467684352,35.18,United States
374,Roblox,RBLX,26431909888,37.0,United States
375,Zscaler,ZS,26394228736,163.22,United States
376,HP,HPQ,26356543488,28.82,United States
377,PPG Industries,PPG,26186940416,117.8,United States
378,First Solar,FSLR,26182866944,243.63,United States
379,Affirm,AFRM,26162276352,78.12,United States
380,Equity Residential,EQR,26153791488,67.69,United States
381,Okta,OKTA,25919713280,147.82,United States
382,Corpay,CPAY,25917306880,396.52,United States
383,United Therapeutics,UTHR,25831362560,518.68,United States
384,Quest Diagnostics,DGX,25796462592,233.72,United States
385,J. B. Hunt,JBHT,25773672448,274.48,United States
386,Synchrony Financial,SYF,25730326528,79.08,United States
387,First Citizens BancShares,FCNCA,25649147904,2251.82,United States
388,LabCorp,LH,25268305920,312.34,United States
389,Verisk Analytics,VRSK,25261010944,192.8,United States
390,Dollar Tree,DLTR,25119141888,130.71,United States
391,PulteGroup,PHM,25083240448,131.68,United States
392,KeyCorp (KeyBank),KEY,24764008448,23.1,United States
393,Coterra Energy,CTRA,24724652032,32.56,United States
394,T. Rowe Price,TROW,24699842560,115.79,United States
395,NRG Energy,NRG,24693856256,117.04,United States
396,Principal Financial Group,PFG,24675559424,115.25,United States
397,West Pharmaceutical Services,WST,24544249856,348.76,United States
398,Incyte,INCY,24445347840,120.6,United States
399,Church & Dwight,CHD,24432003072,103.0,United States
400,"Arxis, Inc.",ARXS,24234387456,58.05,United States
401,Formula One Group,FWONK,24165908480,96.43,United States
402,Global Payments,GPN,24140216320,88.25,United States
403,SoFi,SOFI,24128843776,18.7,United States
404,Southwest Airlines,LUV,23824439296,48.7,United States
405,Brown &amp; Brown,BRO,23814219776,71.17,United States
406,XPO Logistics,XPO,23802507264,203.29,United States
407,SharkNinja,SN,23802314752,168.19,United States
408,Expeditors International,EXPD,23735973888,181.48,United States
409,Loews Corporation,L,23709526016,115.98,United States
410,Veralto,VLTO,23513868288,96.45,United States
411,Darden Restaurants,DRI,23430426624,204.57,United States
412,F5,FFIV,23426519040,412.25,United States
413,Markel Group,MKL,23387904000,1887.65,United States
414,ULTA Beauty,ULTA,23380166656,543.86,United States
415,Omnicom Group,OMC,23316357120,81.81,United States
416,Burlington Stores,BURL,23110232064,367.82,United States
417,Fidelity National Information Services,FIS,22877069312,44.26,United States
418,Rivian,RIVN,22818283520,15.76,United States
419,FTAI Aviation,FTAI,22796865536,221.96,United States
420,Packaging Corporation of America,PKG,22762921984,255.48,United States
421,Moderna,MRNA,22752454656,56.99,United States
422,Fair Isaac (FICO),FICO,22612508672,1046.99,United States
423,Samsara,IOT,22492608512,38.6,United States
424,Ralph Lauren,RL,22492418048,377.92,United States
425,Constellation Brands,STZ,22447108096,131.42,United States
426,International Paper,IP,22403862528,42.31,United States
427,Expand Energy,EXE,22265028608,93.07,United States
428,Fox Corporation,FOX,22179151872,52.82,United States
429,CMS Energy,CMS,22158804992,71.73,United States
430,Woodward,WWD,22063652864,373.67,United States
431,Entegris,ENTG,22016487424,144.56,United States
432,Dow,DOW,21908594688,30.33,United States
433,Tradeweb,TW,21907255296,100.48,United States
434,Roku,ROKU,21855250432,147.33,United States
435,MasTec,MTZ,21819656192,271.71,United States
436,US Foods,USFD,21810753536,99.04,United States
437,MKS Instruments,MKSI,21665456128,320.76,United States
438,Snap-on,SNA,21639524352,418.34,United States
439,Guardant Health,GH,21443205120,159.79,United States
440,Insmed,INSM,21404303360,98.75,United States
441,NiSource,NI,21349429248,44.53,United States
442,FedEx Freight,FDXF,21248909312,142.7,United States
443,Reliance,RS,21182400512,414.91,United States
444,TD Synnex,SNX,21092319232,263.79,United States
445,Lennar,LEN,20962693120,87.02,United States
446,MACOM Technology Solutions,MTSI,20852398080,273.31,United States
447,Equifax,EFX,20808925184,177.12,United States
448,Tyson Foods,TSN,20664821760,58.74,United States
449,International Flavors & Fragrances,IFF,20651497472,80.89,United States
450,Charter Communications,CHTR,20630390784,153.07,United States
451,Viatris,VTRS,20612583424,17.7,United States
452,Bunge Global SA,BG,20504875008,106.73,United States
453,Supermicro,SMCI,20499406848,31.69,United States
454,Tenet Healthcare,THC,20397879296,253.33,United States
455,Exact Sciences,EXAS,20026083328,104.91,United States
456,SBA Communications,SBAC,19929239552,187.9,United States
457,Essex Property Trust,ESS,19796291584,287.21,United States
458,LyondellBasell,LYB,19740850176,61.11,United States
459,CDW Corporation,CDW,19674030080,154.0,United States
460,Toast,TOST,19609800704,33.81,United States
461,Lattice Semiconductor,LSCC,19561392128,138.0,United States
462,Broadridge Financial Solutions,BR,19478013952,168.41,United States
463,Evergy,EVRG,19326212096,83.84,United States
464,General Mills,GIS,19314905088,36.19,United States
465,Dupont De Nemours,DD,19298322432,142.93,United States
466,Western Midstream,WES,19282671616,46.67,United States
467,SS&C Technologies,SSNC,19021133824,81.06,United States
468,TPG Inc.,TPG,18823618560,48.98,United States
469,Weyerhaeuser,WY,18616610816,25.83,United States
470,Zimmer Biomet,ZBH,18535639040,95.81,United States
471,Fortive,FTV,18447140864,60.51,United States
472,ITT,ITT,18385719296,204.65,United States
473,Alliant Energy,LNT,18321057792,70.66,United States
474,East West Bancorp,EWBC,18275299328,133.4,United States
475,Genuine Parts Company,GPC,18273310720,132.55,United States
476,WESCO International,WCC,18230962176,374.1,United States
477,Carlyle Group,CG,18229104640,50.64,United States
478,Best Buy,BBY,18199740416,86.35,United States
479,Rollins,ROL,18192107520,37.81,United States
480,Franklin Resources,BEN,18173911040,35.77,United States
481,CF Industries,CF,18145155072,118.11,United States
482,Invitation Homes,INVH,18100459520,30.47,United States
483,C. H. Robinson,CHRW,18082732032,154.75,United States
484,Blue Owl Capital,OWL,18038212608,11.57,United States
485,Dick's Sporting Goods,DKS,17966739456,200.74,United States
486,APi Group,APG,17951938560,41.54,United States
487,Akamai,AKAM,17933295616,123.35,United States
488,RBC Bearings,RBC,17917865984,565.96,United States
489,News Corp,NWS,17709457408,32.72,United States
490,Permian Resources,PR,17661491200,20.5,United States
491,Performance Food Group,PFGC,17658470400,112.41,United States
492,Zebra Technologies,ZBRA,17568622592,368.83,United States
493,IDEX,IEX,17537226752,237.89,United States
494,Royal Gold,RGLD,17485066240,206.03,United States
495,SiTime,SITM,17465866240,583.06,United States
496,Tractor Supply,TSCO,17369769984,33.12,United States
497,Host Hotels & Resorts,HST,17330280448,24.98,United States
498,Nordson,NDSN,17254176768,309.67,United States
499,Annaly Capital Management,NLY,17147002880,22.75,United States
500,Ball Corporation,BALL,16973214720,63.75,United States
501,Hologic,HOLX,16968846336,76.01,United States
502,Jones Lang LaSalle,JLL,16924393472,367.86,United States
503,Gen Digital,GEN,16921774080,28.27,United States
504,Circle Internet Group,CRCL,16906135552,63.25,United States
505,Neurocrine Biosciences,NBIX,16879862784,166.06,United States
506,Kimco Realty,KIM,16866488320,25.01,United States
507,Jacobs Engineering,J,16847778816,142.68,United States
508,Ovintiv,OVV,16803449856,60.75,United States
509,NVR,NVR,16784922624,6267.35,United States
510,Coeur Mining,CDE,16704963584,16.21,United States
511,Rubrik,RBRK,16670054400,80.99,United States
512,Nutanix,NTNX,16624711680,61.5,United States
513,Sterling Infrastructure,STRL,16620126208,541.62,United States
514,Plains All American Pipeline,PAA,16615271424,23.55,United States
515,W. P. Carey,WPC,16475020288,72.32,United States
516,Pinnacle Financial Partners,PNFP,16463529984,109.03,United States
517,Leidos,LDOS,16427582464,130.6,United States
518,Clean Harbors,CLH,16396246016,310.61,United States
519,Hyatt Hotels,H,16359497728,173.6,United States
520,Talen Energy,TLN,16250301440,340.0,United States
521,Lamar Advertising,LAMR,16125409280,158.91,United States
522,BridgeBio Pharma,BBIO,16074332160,82.07,United States
523,Medpace,MEDP,16051435520,575.08,United States
524,Madison Air Solutions,MAIR,15929693184,31.75,United States
525,"QXO, Inc.",QXO,15919934464,15.34,United States
526,Mid-America Apartment Communities,MAA,15895502848,133.21,United States
527,BWX Technologies,BWXT,15794364416,172.4,United States
528,UL Solutions,ULS,15790453760,78.34,United States
529,HF Sinclair,DINO,15689424896,88.25,United States
530,TransUnion,TRU,15657551872,81.72,United States
531,IonQ,IONQ,15572823040,41.72,United States
532,Sun Communities,SUI,15556824064,121.67,United States
533,Textron,TXT,15496985600,89.12,United States
534,Reinsurance Group of America,RGA,15473554432,236.19,United States
535,Stanley Black &amp; Decker,SWK,15464103936,102.4,United States
536,Lennox,LII,15439636480,446.74,United States
537,Unity Software,U,15374763008,35.22,United States
538,PTC,PTC,15373166592,141.68,United States
539,Omega Healthcare Investors,OHI,15372365824,48.74,United States
540,Carlisle Companies,CSL,15346732032,386.43,United States
541,Wayfair,W,15322153984,116.08,United States
542,Viper Energy,VNOM,15243496448,42.34,United States
543,Solventum,SOLV,15228985344,87.94,United States
544,Masco,MAS,15199207424,77.08,United States
545,IES Holdings,IESC,15149682688,760.36,United States
546,Lincoln Electric,LECO,15132979200,277.64,United States
547,Nextpower,NXT,15124159488,98.44,United States
548,Mueller Industries,MLI,15117748224,68.35,United States
549,DigitalOcean,DOCN,15068284928,128.89,United States
550,Healthpeak Properties,DOC,14905254912,21.62,United States
551,Regency Centers,REG,14850131968,79.43,United States
552,Aramark,ARMK,14783249408,56.22,United States
553,RPM International,RPM,14690432000,115.09,United States
554,Somnigroup International,SGI,14660371456,69.69,United States
555,Baxter,BAX,14656836608,28.35,United States
556,Regal Rexnord,RRX,14647967744,220.04,United States
557,DaVita,DVA,14633538560,227.99,United States
558,Unum,UNM,14601950208,91.39,United States
559,Cooper Companies,COO,14566838272,74.69,United States
560,U-Haul,UHAL,14427472896,73.8,United States
561,Pershing Square Inc.,PS,14396000256,35.99,United States
562,Penske Automotive Group,PAG,14383452160,219.05,United States
563,CNA Financial,CNA,14331025408,52.96,United States
564,Figma,FIG,14329573376,27.12,United States
565,Pinterest,PINS,14328823808,25.58,United States
566,Toll Brothers,TOL,14323496960,153.24,United States
567,Onto Innovation,ONTO,14306250752,287.6,United States
568,UDR Apartments,UDR,14283377664,38.55,United States
569,Globe Life,GL,14278871040,183.9,United States
570,Albemarle,ALB,14248863744,120.82,United States
571,Aurora Innovation,AUR,14179497984,7.23,United States
572,AMH (American Homes 4 Rent),AMH,14155641856,34.53,United States
573,Invesco,IVZ,14128000000,32.0,United States
574,Ares Capital,ARCC,14109149184,19.65,United States
575,Corebridge Financial,CRBG,14086288384,31.6,United States
576,Exelixis,EXEL,14075884544,56.0,United States
577,Sunoco,SUN,14004661248,74.33,United States
578,McCormick & Company,MKC,13996411904,52.06,United States
579,Hormel Foods,HRL,13944202240,25.34,United States
580,Trimble,TRMB,13942400000,59.81,United States
581,Assurant,AIZ,13938245632,281.31,United States
582,Fidelity National Financial,FNF,13864304640,51.51,United States
583,Amkor Technology,AMKR,13848637440,55.87,United States
584,Watsco,WSO,13800956928,335.07,United States
585,TTM Technologies,TTMI,13790247936,132.79,United States
586,DT Midstream,DTM,13756763136,134.85,United States
587,Texas Roadhouse,TXRH,13687535616,208.24,United States
588,Ally Financial,ALLY,13685944320,44.99,United States
589,Advanced Energy,AEIS,13659238400,341.39,United States
590,Deckers Brands,DECK,13600482304,99.87,United States
591,Warner Music Group,WMG,13457680384,25.8,United States
592,Guidewire Software,GWRE,13346828288,160.31,United States
593,Graco,GGG,13330418688,82.31,United States
594,Dynatrace,DT,13323356160,45.71,United States
595,Avery Dennison,AVY,13255783424,173.3,United States
596,Brown Forman,BF-A,13242822656,28.86,United States
597,Crown Holdings,CCK,13231804416,121.66,United States
598,Applied Industrial Technologies,AIT,13190491136,356.89,United States
599,Equitable Holdings,EQH,13170230272,48.25,United States
600,Equity LifeStyle Properties,ELS,13006916608,64.91,United States
601,Crane Company,CR,12953060352,224.1,United States
602,Gaming and Leisure Properties,GLPI,12943152128,44.41,United States
603,BorgWarner,BWA,12930446336,63.04,United States
604,Hasbro,HAS,12906979328,91.51,United States
605,Generac,GNRC,12870459392,218.63,United States
606,Tyler Technologies,TYL,12831575040,313.33,United States
607,Erie Indemnity,ERIE,12786441216,244.53,United States
608,Elanco,ELAN,12785908736,25.6,United States
609,Penumbra,PEN,12770839552,324.22,United States
610,Stifel,SF,12741055488,84.05,United States
611,HubSpot,HUBS,12740854784,248.89,United States
612,J.M. Smucker Company,SJM,12736971776,119.17,United States
613,Huntington Ingalls Industries,HII,12730049536,323.06,United States
614,Clorox,CLX,12656837632,104.67,United States
615,APA Corporation,APA,12654234624,35.8,United States
616,Webster Financial,WBS,12630506496,77.95,United States
617,Arrowhead Pharmaceuticals,ARWR,12619380736,89.59,United States
618,AGNC Investment,AGNC,12613523456,10.64,United States
619,"BXP, Inc.",BXP,12601268224,70.67,United States
620,SEI Investments,SEIC,12568409088,104.72,United States
621,Dycom Industries,DY,12460120064,415.08,United States
622,Gartner,IT,12438990848,185.79,United States
623,Revvity,RVTY,12426643456,111.39,United States
624,BrightSpring Health Services,BTSG,12419938304,62.77,United States
625,Align Technology,ALGN,12409273344,173.27,United States
626,First Horizon Corporation,FHN,12382779392,26.09,United States
627,Evercore,EVR,12367950848,319.73,United States
628,Alcoa,AA,12358879232,46.83,United States
629,BJ's Wholesale Club,BJ,12341473280,96.65,United States
630,Pinnacle West Capital,PNW,12294437888,101.45,United States
631,Five Below,FIVE,12292156416,222.3,United States
632,New York Times,NYT,12238439424,75.61,United States
633,Pershing Square Holdings,PSHZF,12225084416,56.685,United States
634,Domino's Pizza,DPZ,12161839104,367.63,United States
635,Leonardo DRS,DRS,12082179072,45.27,United States
636,CoStar Group,CSGP,12080966656,29.815,United States
637,Coca-Cola Consolidated,COKE,12048137216,181.0,United States
638,Semtech,SMTC,12031405056,129.16,United States
639,Forgent Power Solutions,FPS,11994499072,39.4,United States
640,Watts Water Technologies,WTS,11956943872,358.09,United States
641,Cognex,CGNX,11902318592,71.52,United States
642,Corcept Therapeutics,CORT,11869204480,109.8,United States
643,ViaSat,VSAT,11869012992,86.16,United States
644,Littelfuse,LFUS,11847499776,466.46,United States
645,Ryan Specialty,RYAN,11773374464,44.6,United States
646,BioMarin Pharmaceutical,BMRN,11736230912,60.72,United States
647,Madrigal Pharmaceuticals,MDGL,11726730240,507.56,United States
648,Owens Corning,OC,11719286784,145.53,United States
649,DraftKings,DKNG,11713601536,23.61,United States
650,MGM Resorts,MGM,11697518592,45.72,United States
651,American Financial Group,AFG,11681903616,140.6,United States
652,Service Corporation International,SCI,11666558976,85.6,United States
653,Knight-Swift Transportation,KNX,11656585216,71.62,United States
654,Arrow Electronics,ARW,11641664512,227.67,United States
655,CACI International Inc,CACI,11580040192,524.19,United States
656,Insulet,PODD,11554733056,166.82,United States
657,Advanced Drainage Systems,WMS,11477646336,149.75,United States
658,Donaldson Company,DCI,11375510528,98.14,United States
659,Jefferies Financial Group,JEF,11330968576,55.71,United States
660,GoDaddy,GDDY,11283043328,89.09,United States
661,Charles River Laboratories,CRL,11277028352,234.12,United States
662,UMB Financial,UMBF,11265668096,148.33,United States
663,Avidity Biosciences,RNAM,11249150976,72.82,United States
664,Bio-Techne,TECH,11232389120,72.09,United States
665,PJT Partners,PJT,11232342016,171.24,United States
666,"Popular, Inc. (Banco Popular de Puerto Rico)",BPOP,11227123712,175.79,United States
667,Essential Utilities,WTRG,11220521984,39.56,United States
668,Dutch Bros,BROS,11198953472,64.11,United States
669,Dayforce,DAY,11180042240,69.86,United States
670,Confluent,CFLT,11133729792,30.99,United States
671,Jack Henry &amp; Associates,JKHY,11128684544,156.63,United States
672,Sanmina,SANM,11119307776,207.46,United States
673,Globus Medical,GMED,11064544256,81.51,United States
674,Manhattan Associates,MANH,11044127744,189.42,United States
675,Camden Property Trust,CPT,11002028032,111.03,United States
676,Wintrust Financial,WTFC,10993209344,162.97,United States
677,DocuSign,DOCU,10986952704,57.54,United States
678,EastGroup Properties,EGP,10978897920,204.17,United States
679,Antero Resources,AR,10972497920,35.69,United States
680,American Airlines,AAL,10962221056,16.56,United States
681,Encompass Health,EHC,10961498112,110.5,United States
682,Bentley Systems,BSY,10960984064,36.08,United States
683,Bitmine Immersion Technologies,BMNR,10918397952,18.1,United States
684,Axsome Therapeutics,AXSM,10918218752,212.17,United States
685,Murphy USA,MUSA,10889206784,589.54,United States
686,Rambus,RMBS,10873171968,100.55,United States
687,SPX Technologies,SPXC,10817043456,215.97,United States
688,Globalstar,GSAT,10778345472,83.69,United States
689,Instacart (Maplebear Inc.),CART,10729111552,45.65,United States
690,Modine Manufacturing,MOD,10713364480,201.71,United States
691,Federal Realty Investment Trust,FRT,10675317760,122.82,United States
692,Cytokinetics,CYTK,10672926720,78.61,United States
693,South State Corp,SSB,10611923968,109.43,United States
694,Applied Optoelectronics,AAOI,10562356224,131.63,United States
695,Lineage,LINE,10516364288,41.94,United States
696,American Healthcare REIT,AHR,10497584128,54.47,United States
697,Old Republic International,ORI,10483017728,43.42,United States
698,Zions Bancorporation,ZION,10474042368,71.77,United States
699,AES,AES,10469154816,14.68,United States
700,Cullen/Frost Bankers,CFR,10457154560,168.26,United States
701,JFrog,FROG,10442943488,86.22,United States
702,Vicor,VICR,10442252288,226.48,United States
703,Acuity Brands,AYI,10434932736,348.58,United States
704,Old National Bank,ONB,10386775040,27.15,United States
705,Antero Midstream,AM,10371627008,21.85,United States
706,Sirius XM,SIRI,10364806144,30.75,United States
707,Westlake Corporation,WLK,10330552320,80.63,United States
708,Hecla Mining,HL,10322264064,15.39,United States
709,Ryder,R,10307637248,268.8,United States
710,The Ensign Group,ENSG,10265284608,176.13,United States
711,StandardAero,SARO,10200240128,30.68,United States
712,Allison Transmission,ALSN,10169610240,122.62,United States
713,Flowserve,FLS,10167049216,79.55,United States
714,Universal Health Services,UHS,10162237440,167.87,United States
715,Henry Schein,HSIC,10151122944,89.11,United States
716,Wynn Resorts,WYNN,10129584128,97.6,United States
717,Affiliated Managers Group,AMG,10126921728,383.42,United States
718,Solstice Advanced Materials,SOLS,10089985024,63.52,United States
719,Apogee Therapeutics,APGE,10088902656,134.19,United States
720,Glaukos,GKOS,10058530816,170.53,United States
721,Chart Industries,GTLS,10047718400,209.9,United States
722,Skyworks Solutions,SWKS,10045615104,66.79,United States
723,Life Time Group,LTH,9995453440,44.73,United States
724,Molina Healthcare,MOH,9988992000,191.36,United States
725,Saia,SAIA,9985121280,374.33,United States
726,Smithfield Foods,SFD,9970713600,25.34,United States
727,VIAVI Solutions,VIAV,9946364928,40.32,United States
728,TopBuild,BLD,9935550464,354.53,United States
729,Primerica,PRI,9921191936,318.15,United States
730,Halozyme Therapeutics,HALO,9872160768,83.23,United States
731,SailPoint,SAIL,9868983296,17.4,United States
732,Chewy,CHWY,9867122688,24.1,United States
733,Nuvalent,NUVL,9792580608,123.96,United States
734,OGE Energy,OGE,9778015232,47.38,United States
735,Valmont Industries,VMI,9774774272,503.5,United States
736,Oshkosh Corporation,OSK,9771697152,156.72,United States
737,FactSet,FDS,9762385920,274.49,United States
738,AECOM,ACM,9735611392,75.75,United States
739,Kratos Defense &amp; Security Solutions,KTOS,9726661632,51.87,United States
740,Dillard's,DDS,9653524480,618.14,United States
741,CareTrust REIT,CTRE,9648051200,40.84,United States
742,Match Group,MTCH,9619911680,41.24,United States
743,Krystal Biotech,KRYS,9612813312,324.77,United States
744,Snap,SNAP,9594961920,5.79,United States
745,Brixmor Property Group,BRX,9568278528,31.18,United States
746,Darling Ingredients,DAR,9559481344,60.15,United States
747,CubeSmart,CUBE,9532237824,41.88,United States
748,Agree Realty,ADC,9519304704,76.32,United States
749,Madison Square Garden Sports,MSGS,9509340160,394.97,United States
750,Chime Financial,CHYM,9506427904,24.95,United States
751,Element Solutions,ESI,9476951040,38.89,United States
752,The Toro Company,TTC,9436294144,99.09,United States
753,Levi Strauss &amp; Co.,LEVI,9428838400,24.5,United States
754,Masimo,MASI,9423817728,179.95,United States
755,Paramount Skydance,PSKY,9378670592,8.38,United States
756,FormFactor,FORM,9377958912,120.3,United States
757,Brinker International,EAT,9360260096,218.25,United States
758,TeraWulf,WULF,9355656192,18.88,United States
759,FirstCash,FCFS,9320166400,214.89,United States
760,Jackson Financial,JXN,9318376448,133.61,United States
761,Range Resources,RRC,9279413248,39.71,United States
762,Mohawk Industries,MHK,9253030912,136.6,United States
763,Avantor,AVTR,9252589568,13.68,United States
764,Norwegian Cruise Line,NCLH,9215899648,20.07,United States
765,Western Alliance Bancorporation,WAL,9200476160,84.33,United States
766,Timken Company,TKR,9175360512,132.03,United States
767,Liberty Live Holdings,LLYVA,9160881152,99.57,United States
768,Oscar Health,OSCR,9159356416,30.38,United States
769,Ionis Pharmaceuticals,IONS,9151770624,55.07,United States
770,Voya Financial,VOYA,9128284160,100.68,United States
771,Spyre Therapeutics,SYRE,9113121792,104.94,United States
772,StoneX Group,SNEX,9100042240,75.23,United States
773,The Trade Desk,TTD,9091895296,19.34,United States
774,Applied Digital,APLD,9002121216,31.27,United States
775,Lincoln National Corporation,LNC,8998024192,47.0,United States
776,Columbia Banking System,COLB,8987924480,31.78,United States
777,Prosperity Bancshares,PB,8975917056,74.89,United States
778,NNN REIT,NNN,8974006272,47.17,United States
779,Tetra Tech,TTEK,8969236480,35.03,United States
780,Compass,COMP,8965836800,12.0,United States
781,Core &amp; Main,CNM,8964773888,46.32,United States
782,Houlihan Lokey,HLI,8962942976,128.25,United States
783,Bio-Rad Laboratories,BIO,8908400640,332.88,United States
784,Crinetics Pharmaceuticals,CRNX,8897143808,83.86,United States
785,Booz Allen Hamilton,BAH,8851771392,73.59,United States
786,Zurn Elkay Water Solutions,ZWS,8820653056,53.18,United States
787,HealthEquity,HQY,8799682560,104.97,United States
788,BOK Financial,BOKF,8791363584,144.69,United States
789,First Industrial Realty Trust,FR,8789605376,64.15,United States
790,Protagonist Therapeutics,PTGX,8734127104,135.81,United States
791,Argan,AGX,8659408896,617.68,United States
792,AptarGroup,ATR,8658477056,136.18,United States
793,Praxis Precision Medicines,PRAX,8644371456,310.07,United States
794,Commerce Bancshares,CBSH,8623575040,59.93,United States
795,GameStop,GME,8619359232,19.21,United States
796,A. O. Smith,AOS,8612526080,63.37,United States
797,Kymera Therapeutics,KYMR,8586869248,104.39,United States
798,AeroVironment,AVAV,8553769984,169.02,United States
799,Alexandria Real Estate Equities,ARE,8516549120,48.87,United States
800,Procore,PCOR,8494303744,55.9,United States
801,Tempus AI,TEM,8489455104,47.05,United States
802,Rexford Industrial,REXR,8459509760,37.0,United States
803,Repligen,RGEN,8452926976,149.78,United States
804,ESCO Technologies,ESE,8452214784,326.25,United States
805,Primo Brands,PRMB,8451209216,23.29,United States
806,MP Materials,MP,8450713600,47.47,United States
807,Eastman Chemical,EMN,8448737792,73.9,United States
808,Qorvo,QRVO,8384239616,95.04,United States
809,Vornado Realty Trust,VNO,8378041344,40.91,United States
810,Idacorp,IDA,8362224640,144.57,United States
811,InterDigital,IDCC,8339727872,323.17,United States
812,Cipher Mining,CIFR,8336421888,20.38,United States
813,Hess Midstream,HESM,8323224576,40.28,United States
814,Zillow,Z,8300929536,36.28,United States
815,Kinsale Capital Group,KNSL,8264467968,362.82,United States
816,Valley Bank,VLY,8229668352,14.88,United States
817,ServiceTitan,TTAN,8227086848,86.24,United States
818,Etsy,ETSY,8201881600,86.43,United States
819,NewMarket Corp,NEU,8175972352,889.04,United States
820,Paycom,PAYC,8173730304,175.3,United States
821,CarMax,KMX,8161307136,57.51,United States
822,Lithia Motors,LAD,8155515904,370.99,United States
823,Riot Platforms,RIOT,8152940544,21.56,United States
824,Kinetik,KNTK,8137345536,48.68,United States
825,Planet Labs,PL,8136669696,22.83,United States
826,Builders FirstSource,BLDR,8109544960,75.37,United States
827,Ryman Hospitality Properties,RHP,8090608640,128.2,United States
828,Federal Signal,FSS,8088623616,132.51,United States
829,Simpson Manufacturing Company,SSD,8082857472,196.48,United States
830,Immunovant,IMVT,8080958976,39.36,United States
831,Dropbox,DBX,8051205120,34.51,United States
832,Axalta,AXTA,8049292288,37.61,United States
833,Commercial Metals Company,CMC,8034644992,72.63,United States
834,Sprouts Farmers Market,SFM,8025822720,86.07,United States
835,Central Bancompany,CBC,7998665728,33.36,United States
836,Allegro MicroSystems,ALGM,7987327488,42.85,United States
837,Hanover Insurance Group,THG,7940402688,228.04,United States
838,Molson Coors,TAP,7931547136,42.29,United States
839,Macerich,MAC,7917358080,25.62,United States
840,Vaxcyte,PCVX,7897108992,54.69,United States
841,Galaxy Digital Holdings,7LX.F,7887111260,22.3715,United States
842,Hexcel,HXL,7875426816,104.14,United States
843,Liquidia Corporation,LQDA,7859464704,88.38,United States
844,Joby Aviation,JOBY,7839633408,7.97,United States
845,Aaon,AAON,7826664448,95.55,United States
846,PBF Energy,PBF,7810393088,65.89,United States
847,UGI Corporation,UGI,7767483904,36.23,United States
848,First American Financial Corporation,FAF,7764705280,76.05,United States
849,National Fuel Gas,NFG,7754728960,81.59,United States
850,Ozon,OZON.ME,7749789269,36.18,United States
851,Armstrong World Industries,AWI,7743394816,183.22,United States
852,Chord Energy,CHRD,7706795008,136.89,United States
853,Powell Industries,POWL,7700921856,211.38,United States
854,Paylocity,PCTY,7673934336,143.32,United States
855,Bruker,BRKR,7656949248,50.3,United States
856,Clearway Energy,CWEN,7618270208,31.73,United States
857,Avnet,AVT,7589687808,92.53,United States
858,Gates Industrial Corp,GTES,7554031104,29.84,United States
859,Terex,TEX,7552944128,66.08,United States
860,Celsius Holdings,CELH,7551616000,29.54,United States
861,Oklo,OKLO,7539030016,43.33,United States
862,OneMain Financial,OMF,7526012928,65.42,United States
863,Morningstar,MORN,7512092672,200.25,United States
864,AGCO,AGCO,7507401216,107.2,United States
865,TG Therapeutics,TGTX,7460528640,48.735,United States
866,MSA Safety,MSA,7454482432,193.23,United States
867,CLEAR Secure,YOU,7448943616,55.73,United States
868,SM Energy,SM,7444196864,31.05,United States
869,Hims &amp; Hers Health,HIMS,7443679232,32.16,United States
870,Elastic NV,ESTC,7443639296,71.06,United States
871,Terreno Realty,TRNO,7438275072,70.36,United States
872,STAG Industrial,STAG,7433234944,37.77,United States
873,Gap Inc.,GAP,7422766080,20.62,United States
874,Plexus,PLXS,7405909504,276.79,United States
875,Ralliant Corporation,RAL,7401816576,66.9,United States
876,POOLCORP,POOL,7393161728,203.44,United States
877,CAVA Group,CAVA,7389101056,63.44,United States
878,Clearwater Analytics,CWAN,7330872320,24.56,United States
879,Core Scientific,CORZ,7329775616,22.81,United States
880,Cogent Biosciences,COGT,7319985152,42.84,United States
881,Lamb Weston,LW,7311353856,53.18,United States
882,UiPath,PATH,7305495552,14.1,United States
883,Air Lease Corporation,AL,7282301440,65.0,United States
884,ImmunityBio,IBRX,7279110144,6.95,United States
885,Rhythm Pharmaceuticals,RYTM,7255828480,105.78,United States
886,The Mosaic Company,MOS,7218297344,22.71,United States
887,Silicon Labs,SLAB,7202900480,218.39,United States
888,Fluor Corporation,FLR,7198586368,51.54,United States
889,Conagra Brands,CAG,7178484736,15.0,United States
890,SentinelOne,S,7164294656,20.98,United States
891,Arcosa,ACA,7131290624,145.22,United States
892,AutoNation,AN,7127909888,215.6,United States
893,NOV,NOV,7125997568,19.99,United States
894,Healthcare Realty Trust,HR,7109743104,20.27,United States
895,PACS Group,PACS,7092185600,44.81,United States
896,Navan,NAVN,7088212480,27.87,United States
897,Sensata Technologies,ST,7081774592,48.66,United States
898,Kirby Corporation,KEX,7080762368,132.42,United States
899,MSC Industrial Direct,MSM,7077959680,126.74,United States
900,EnPro Industries,NPO,7074052096,334.84,United States
901,Loar Holdings,LOAR,7070519808,75.52,United States
902,AppFolio,APPF,7066752512,199.53,United States
903,EnerSys,ENS,7061552128,193.7,United States
904,Chemed,CHE,7054118912,539.72,United States
905,Light &amp; Wonder,LNW,7028988928,86.22,United States
906,Cleveland-Cliffs,CLF,7023348224,12.31,United States
907,Lumen Technologies,LUMN,6913387008,6.71,United States
908,F.N.B. Corporation,FNB,6898580992,19.38,United States
909,JBT Marel Corporation,JBTM,6897423360,132.47,United States
910,Macy's,M,6894224384,26.21,United States
911,Hamilton Lane,HLNE,6810112512,101.61,United States
912,Campbell's,CPB,6787173888,22.76,United States
913,Mercury Systems,MRCY,6772882432,112.8,United States
914,Crocs,CROX,6769365504,141.19,United States
915,United Bankshares,UBSI,6760833536,49.37,United States
916,Urban Outfitters,URBN,6754894848,78.88,United States
917,Ingram Micro Holding Corporation,INGM,6742247424,29.23,United States
918,Cirrus Logic,CRUS,6739978752,133.59,United States
919,Arcellx,ACLX,6732325376,115.07,United States
920,Fervo Energy Company,FRVO,6703172608,22.75,United States
921,Enact Holdings,ACT,6685479936,47.89,United States
922,Taylor Morrison,TMHC,6665396224,72.45,United States
923,Essential Properties Realty Trust,EPRT,6656335360,30.7,United States
924,Glacier Bancorp,GBCI,6633795072,50.95,United States
925,Rayonier,RYN,6632292352,21.93,United States
926,Eagle Materials,EXP,6625563648,215.99,United States
927,Ingredion,INGR,6597869056,104.63,United States
928,MaxLinear,MXL,6595209216,72.72,United States
929,Lantheus Holdings,LNTH,6582875648,101.11,United States
930,Rush Street Interactive,RSI,6574392832,28.39,United States
931,Fannie Mae,FNMA,6566356480,5.67,United States
932,BillionToOne,BLLN,6542857728,142.25,United States
933,Red Rock Resorts,RRR,6512027136,64.27,United States
934,Floor &amp; Decor,FND,6463941120,60.7,United States
935,Matson,MATX,6459394560,213.44,United States
936,WEX,WEX,6447900160,189.19,United States
937,Southwest Gas,SWX,6444982784,89.05,United States
938,Rush Enterprises,RUSHA,6431591424,82.76,United States
939,Pilgrim's Pride,PPC,6419405824,26.96,United States
940,Enova International,ENVA,6418551296,257.79,United States
941,Duolingo,DUOL,6418201600,137.75,United States
942,GATX,GATX,6418105856,181.79,United States
943,Victory Capital,VCTR,6416942080,102.62,United States
944,Weatherford International,WFRD,6410112000,89.42,United States
945,Installed Building Products,IBP,6407847936,237.85,United States
946,National Storage Affiliates Trust,NSA,6391416320,43.41,United States
947,Erasca,ERAS,6380200960,18.38,United States
948,Schneider National,SNDR,6366928384,36.32,United States
949,Mirum Pharmaceuticals,MIRM,6362171392,104.33,United States
950,Lyft,LYFT,6352088576,16.73,United States
951,MGIC Investment,MTG,6348613632,30.95,United States
952,Janus Living,JAN,6347589632,29.91,United States
953,Hancock Whitney,HWC,6318582784,78.52,United States
954,Belite Bio,BLTE,6304182784,157.27,United States
955,CG Oncology,CGON,6297656832,71.4,United States
956,Home BancShares,HOMB,6296448512,31.41,United States
957,Fortune Brands Innovations,FBIN,6290341888,52.73,United States
958,StepStone Group,STEP,6276060672,48.62,United States
959,Middleby,MIDD,6274867712,138.78,United States
960,Boyd Gaming,BYD,6271615488,86.32,United States
961,Archrock,AROC,6263849984,35.74,United States
962,"Mobility Global, Inc.",MBGL,6258586112,21.21,United States
963,Brookfield Renewable,BEPC,6226854912,33.55,United States
964,Sealed Air,SEE,6211799552,42.15,United States
965,Lear Corporation,LEA,6211467776,125.93,United States
966,Teleflex,TFX,6203142144,140.12,United States
967,LKQ Corporation,LKQ,6196020736,24.49,United States
968,Twist Bioscience,TWST,6192570368,99.445,United States
969,Starwood Property Trust,STWD,6184467968,16.26,United States
970,Landstar System,LSTR,6163623936,181.62,United States
971,GitLab,GTLB,6161472000,36.48,United States
972,Atlantic Union Bankshares,AUB,6158089216,43.39,United States
973,Ormat Technologies,ORA,6150272000,100.08,United States
974,Credit Acceptance,CACC,6148952576,587.85,United States
975,Hinge Health,HNGE,6145529856,79.42,United States
976,Caesars Entertainment,CZR,6136057856,30.12,United States
977,Terns Pharmaceuticals,TERN,6116845568,52.95,United States
978,10x Genomics,TXG,6076123648,47.86,United States
979,SOLV Energy,MWH,6070707200,28.8,United States
980,Matador Resources,MTDR,6059897344,48.8,United States
981,Zeta Global,ZETA,6046989824,24.26,United States
982,Construction Partners,ROAD,6032822272,106.71,United States
983,Ligand Pharmaceuticals,LGND,6028150784,300.79,United States
984,GXO Logistics,GXO,6025094656,52.37,United States
985,Amdocs,DOX,6021622272,56.72,United States
986,VSE Corporation,VSEC,6010683392,214.23,United States
987,Kodiak Gas Services,KGS,6008712192,59.54,United States
988,Ameris Bancorp,ABCB,6004026368,89.47,United States
989,Nexstar Media Group,NXST,5993271808,196.25,United States
990,Associated Banc-Corp,ASB,5991796736,31.75,United States
991,VF Corporation,VFC,5987439104,15.23,United States
992,Acushnet Holdings,GOLF,5980125184,102.13,United States
993,PriceSmart,PSMT,5967499264,193.37,United States
994,Axos Financial,AX,5962748416,105.1,United States
995,AAR,AIR,5961132032,149.43,United States
996,Magnolia Oil &amp; Gas,MGY,5960455168,24.58,United States
997,Sezzle,SEZL,5959716864,177.23,United States
998,Vishay Intertechnology,VSH,5958731264,38.85,United States
999,Churchill Downs,CHDN,5948915200,85.35,United States
1000,Flagstar Bank,FLG,5946690560,14.26,United States
1001,TXNM Energy,TXNM,5935455744,57.6,United States
1002,Plains GP,PAGP,5929861120,25.45,United States
1003,Albertsons,ACI,5911625728,12.07,United States
1004,Mercury General,MCY,5904427520,106.6,United States
1005,Amneal Pharmaceuticals,AMRX,5901243392,18.48,United States
1006,OneStream,OS,5900146688,24.0,United States
1007,Amentum,AMTM,5897795584,24.14,United States
1008,ESAB,ESAB,5888004608,94.76,United States
1009,Portland General Electric,POR,5886267392,50.05,United States
1010,Phillips Edison &amp; Company,PECO,5874147840,41.61,United States
1011,Alaska Airlines,ALK,5862843904,52.55,United States
1012,EPAM Systems,EPAM,5854513152,112.06,United States
1013,H&amp;R Block,HRB,5839842816,46.07,United States
1014,Casella Waste Systems,CWST,5820309504,91.5,United States
1015,ACI Worldwide,ACIW,5815041536,57.2,United States
1016,Rigetti Computing,RGTI,5800359424,17.45,United States
1017,Sonoco,SON,5795682304,58.62,United States
1018,New Jersey Resources,NJR,5791889408,57.39,United States
1019,PTC Therapeutics,PTCT,5767141376,69.1,United States
1020,Selective Insurance,SIGI,5759148032,96.63,United States
1021,Dolby,DLB,5734403584,61.22,United States
1022,ADT,ADT,5727584256,7.84,United States
1023,Scholar Rock Holding,SRRK,5726596096,47.79,United States
1024,Rithm Capital,RITM,5723672064,10.25,United States
1025,Kite Realty,KRG,5719773184,27.51,United States
1026,Klaviyo,KVYO,5716244480,19.1,United States
1027,MarketAxess,MKTX,5713566208,162.35,United States
1028,Herc Holdings,HRI,5710090752,170.8,United States
1029,ACM Research,ACMR,5702223872,82.51,United States
1030,Bank OZK,OZK,5700641792,52.22,United States
1031,CSW Industrials,CSW,5691478016,349.31,United States
1032,Novanta,NOVT,5679966208,159.49,United States
1033,LandBridge,LB,5674613248,73.68,United States
1034,RLI Corp.,RLI,5673406976,61.82,United States
1035,Qualys,QLYS,5672051200,161.06,United States
1036,Wyndham Hotels &amp; Resorts,WH,5642271232,76.03,United States
1037,Outfront Media,OUT,5630510592,31.98,United States
1038,Definium Therapeutics,DFTX,5617694720,42.32,United States
1039,Paymentus,PAY,5610204160,44.6,United States
1040,Netskope,NTSK,5574146560,13.8,United States
1041,Balchem,BCPC,5571640320,174.78,United States
1042,Solaris Energy Infrastructure,SEI,5564828160,57.92,United States
1043,Blue Owl Capital Corporation,OBDC,5558620672,11.2,United States
1044,Reynolds Consumer Products,REYN,5545289728,26.31,United States
1045,Alliance Laundry Holdings,ALH,5545153536,27.92,United States
1046,Shift4 Payments,FOUR,5512616448,55.61,United States
1047,Enphase Energy,ENPH,5505211904,41.77,United States
1048,Murphy Oil,MUR,5501756416,38.38,United States
1049,Black Hills,BKH,5499495424,72.24,United States
1050,Commvault,CVLT,5474827264,132.1,United States
1051,Dave Inc.,DAVE,5457717760,429.26,United States
1052,RadNet,RDNT,5443062272,69.22,United States
1053,Perimeter Solutions,PRM,5442590208,33.25,United States
1054,Jersey Mike's Subs,JMKE,5422708224,23.29,United States
1055,Sensient Technologies,SXT,5413069312,127.16,United States
1056,Brunswick Corporation,BC,5410421248,83.27,United States
1057,Frontdoor,FTDR,5390530048,76.75,United States
1058,Cactus Inc,WHD,5388858368,67.21,United States
1059,Louisiana-Pacific,LPX,5366321152,76.81,United States
1060,Eastern Bankshares,EBC,5353970688,23.39,United States
1061,Granite Construction,GVA,5344084480,122.11,United States
1062,"X-Energy, Inc.",XE,5338108416,18.57,United States
1063,MiniMed Group,MMED,5333205504,18.99,United States
1064,Vail Resorts,MTN,5330419200,149.59,United States
1065,Main Street Capital,MAIN,5314369536,57.15,United States
1066,MYR Group,MYRG,5298682880,340.33,United States
1067,CNX Resources,CNX,5274190848,35.65,United States
1068,Radian Group,RDN,5271136768,39.64,United States
1069,The Cheesecake Factory,CAKE,5258202112,105.83,United States
1070,Iridium Communications,IRDM,5256694784,49.61,United States
1071,EXL Service,EXLS,5254204928,34.39,United States
1072,Apellis Pharmaceuticals,APLS,5252712960,41.03,United States
1073,BETA Technologies,BETA,5251702272,21.95,United States
1074,BGC Group,BGC,5251536384,11.11,United States
1075,UniFirst,UNF,5250739200,290.35,United States
1076,SLM Corporation (Sallie Mae),SLM,5237680128,27.86,United States
1077,UFP Industries,UFPI,5236847104,92.72,United States
1078,Pegasystems,PEGA,5219856896,31.75,United States
1079,TFS Financial,TFSL,5219662336,18.61,United States
1080,Sabra Health Care REIT,SBRA,5210247168,20.66,United States
1081,Travere Therapeutics,TVTX,5209462272,56.02,United States
1082,Laureate Education,LAUR,5198661120,37.74,United States
1083,Icahn Enterprises,IEP,5194950656,7.73,United States
1084,Parsons,PSN,5189673984,48.59,United States
1085,Remitly,RELY,5186119168,24.63,United States
1086,Liberty Broadband,LBRDA,5184760320,36.04,United States
1087,Life360,LIF,5183597056,63.97,United States
1088,e.l.f. Beauty,ELF,5177029632,87.84,United States
1089,Sotera Health,SHC,5164374528,18.11,United States
1090,Versant Media Group,VSNT,5147698176,36.38,United States
1091,Uranium Energy,UEC,5147318272,10.5,United States
1092,Piper Sandler,PIPR,5139449856,76.14,United States
1093,Gentex,GNTX,5136398336,24.12,United States
1094,CNO Financial Group,CNO,5136340992,55.41,United States
1095,Graham Holdings,GHC,5125364224,1210.26,United States
1096,Merit Medical,MMSI,5124348416,85.82,United States
1097,Impinj,PI,5121836032,167.63,United States
1098,First Financial Bankshares,FFIN,5092153344,35.53,United States
1099,SAIC (Science Applications International Corp),SAIC,5088861184,120.37,United States
1100,Moelis &amp; Company,MC,5088616960,68.69,United States
1101,Cousins Properties,CUZ,5087849984,30.91,United States
1102,RingCentral,RNG,5087701504,60.67,United States
1103,First National of Nebraska,FINN,5080324096,18800.0,United States
1104,Greif,GEF,5078814208,89.34,United States
1105,Xometry,XMTR,5063835136,91.66,United States
1106,Ondas Holdings,ONDS,5048769536,8.86,United States
1107,EquipmentShare.com,EQPT,5037406720,19.96,United States
1108,Virtu Financial,VIRT,5033138688,57.0,United States
1109,Oceaneering International,OII,5019280384,50.43,United States
1110,Valvoline,VVV,5009616896,39.28,United States
1111,Avis Budget Group,CAR,4985523712,141.13,United States
1112,Belden,BDC,4979734016,127.43,United States
1113,Varonis Systems,VRNS,4975756288,43.32,United States
1114,HASI (HA Sustainable Infrastructure Capita),HASI,4971461632,38.9,United States
1115,ServisFirst Bancshares,SFBS,4968502272,90.88,United States
1116,Celanese,CE,4961133568,45.24,United States
1117,Boot Barn Holdings,BOOT,4944909312,163.28,United States
1118,Choice Hotels International,CHH,4941265408,108.61,United States
1119,Primoris Services Corporation,PRIM,4929060864,90.85,United States
1120,Global Business Travel Group,GBTG,4925152256,9.43,United States
1121,Abercrombie &amp; Fitch,ANF,4896374272,110.2,United States
1122,Nelnet,NNI,4890620928,136.1,United States
1123,Trex,TREX,4885318144,47.02,United States
1124,Millrose Properties,MRP,4885129728,29.42,United States
1125,Tanger Inc.,SKT,4867618304,40.72,United States
1126,Franklin Electric,FELE,4859724288,109.92,United States
1127,Brink's,BCO,4858537984,117.98,United States
1128,Meritage Homes,MTH,4857424896,74.53,United States
1129,ONE Gas,OGS,4853426688,77.33,United States
1130,Federated Hermes,FHI,4849931776,64.96,United States
1131,Dyne Therapeutics,DYN,4849804800,25.97,United States
1132,Bill.com,BILL,4837412864,48.57,United States
1133,Aura Minerals,AUGO,4825464832,57.79,United States
1134,WillScot,WSC,4825317888,26.66,United States
1135,Travel + Leisure,TNL,4783679488,78.06,United States
1136,Tango Therapeutics,TNGX,4780238336,29.36,United States
1137,KBR,KBR,4769143296,37.83,United States
1138,Fulton Financial,FULT,4763549184,24.88,United States
1139,Vontier,VNT,4761856000,33.82,United States
1140,International Bancshares Corp,IBOC,4741319680,76.25,United States
1141,Materion,MTRN,4724017152,227.1,United States
1142,Spire Inc.,SR,4703331840,79.56,United States
1143,Pattern Group,PTRN,4697759744,23.67,United States
1144,EPR Properties,EPR,4689998336,61.22,United States
1145,Century Aluminum,CENX,4663656960,47.12,United States
1146,Ollie's Bargain Outlet,OLLI,4660948480,77.1,United States
1147,California Resources Corporation,CRC,4659956736,52.48,United States
1148,Itron,ITRI,4654093824,106.29,United States
1149,ACADIA Pharmaceuticals,ACAD,4649053696,27.15,United States
1150,Kilroy Realty,KRC,4622538752,39.36,United States
1151,Kontoor Brands,KTB,4610267648,83.41,United States
1152,Brady Corporation,BRC,4603390976,97.71,United States
1153,AZZ,AZZ,4589164544,152.71,United States
1154,International Seaways,INSW,4582649856,92.57,United States
1155,Waystar,WAY,4557859840,23.77,United States
1156,SkyWest,SKYW,4557759488,114.92,United States
1157,Caris Life Sciences,CAI,4551159296,16.1,United States
1158,Envista,NVST,4549872640,27.96,United States
1159,Amicus Therapeutics,FOLD,4549870080,14.49,United States
1160,Bread Financial,BFH,4543774208,112.45,United States
1161,"GPGI, Inc.",GPGI,4527635456,15.62,United States
1162,Tutor Perini Corporation,TPC,4524755456,85.71,United States
1163,Champion Homes,SKY,4521093120,82.36,United States
1164,Atmus Filtration Technologies,ATMU,4501784576,55.12,United States
1165,Chefs' Warehouse,CHEF,4488385024,110.02,United States
1166,SiteOne Landscape Supply,SITE,4486208000,101.25,United States
1167,Veradermics,MANE,4482017792,107.28,United States
1168,MARA Holdings,MARA,4479928320,11.75,United States
1169,Silgan Holdings,SLGN,4472367616,42.32,United States
1170,Excelerate Energy,EE,4463281152,39.2,United States
1171,Planet Fitness,PLNT,4446412288,55.97,United States
1172,Dorman Products,DORM,4416676352,147.8,United States
1173,Texas Capital Bancshares,TCBI,4413517824,101.52,United States
1174,Cinemark Theatres,CNK,4412764160,38.07,United States
1175,"Box, Inc.",BOX,4399796736,31.76,United States
1176,Parabilis Medicines,PBLS,4391016960,35.9,United States
1177,MIAX (Miami International Holdings),MIAX,4388397056,45.34,United States
1178,COPT Defense Properties,CDP,4380079104,37.81,United States
1179,Neptune Insurance Holdings,NP,4376363008,31.89,United States
1180,Enliven Therapeutics,ELVN,4365593088,61.11,United States
1181,Cavco Industries,CVCO,4356507648,566.56,United States
1182,nLIGHT,LASR,4353624064,77.18,United States
1183,FTI Consulting,FCN,4342748672,157.28,United States
1184,CommScope,COMM,4337923584,19.58,United States
1185,United Community Bank,UCB,4328264704,36.14,United States
1186,Cohen &amp; Steers,CNS,4324036608,84.09,United States
1187,Mattel,MAT,4317855232,14.86,United States
1188,Indivior PLC,INDV,4314467328,36.5,United States
1189,Victoria's Secret &amp; Co,VSCO,4312813568,54.3,United States
1190,Warrior Met Coal,HCC,4303360000,81.5,United States
1191,Cathay General Bancorp,CATY,4300212224,64.35,United States
1192,ICU Medical,ICUI,4297896960,171.96,United States
1193,NorthWestern Energy,NWE,4297636864,69.86,United States
1194,SL Green Realty,SLG,4297526272,55.81,United States
1195,Axcelis Technologies,ACLS,4293525248,139.7,United States
1196,Griffon Corporation,GFF,4292199424,93.58,United States
1197,Bel Fuse,BELFB,4275914752,300.64,United States
1198,AXT Inc,AXTI,4270170880,65.27,United States
1199,Relay Therapeutics,RLAY,4258554368,19.54,United States
1200,Liftoff Mobile,LFTO,4246918400,25.51,United States
1201,Integer Holdings,ITGR,4246052864,125.05,United States
1202,Bath &amp; Body Works,BBWI,4244891648,21.06,United States
1203,OPENLANE Corporate,OPLN,4243141376,40.05,United States
1204,Broadstone Net Lease,BNL,4233323776,21.16,United States
1205,Korn Ferry,KFY,4231302144,83.2,United States
1206,Cabot Corporation,CBT,4230891264,81.96,United States
1207,Extreme Networks,EXTR,4229363456,32.34,United States
1208,USA Rare Earth,USAR,4226693888,17.275,United States
1209,WSFS Financial,WSFS,4210732800,81.94,United States
1210,Seaboard Corporation,SEB,4206970880,4392.35,United States
1211,Polaris,PII,4197203968,73.76,United States
1212,MDU Resources,MDU,4196840704,20.08,United States
1213,Robert Half,RHI,4193014528,40.99,United States
1214,Tidewater,TDW,4186823680,84.19,United States
1215,Lemonade,LMND,4184148992,54.11,United States
1216,Geo Group,GEO,4180916480,31.29,United States
1217,iRhythm,IRTC,4177797888,127.13,United States
1218,Synaptics,SYNA,4162518784,106.56,United States
1219,Mueller Water Products,MWA,4162130688,26.6,United States
1220,Par Pacific Holdings,PARR,4161974784,83.0,United States
1221,Thor Industries,THO,4161466368,79.94,United States
1222,Insight Enterprises,NSIT,4145789440,137.26,United States
1223,Independence Realty Trust,IRT,4122656768,17.06,United States
1224,Interparfums,IPAR,4116914176,128.55,United States
1225,Post Holdings,POST,4105772800,90.59,United States
1226,CECO Environmental,CECO,4103980800,70.27,United States
1227,PVH Corp.,PVH,4093476352,88.78,United States
1228,Core Natural Resources,CNR,4089569024,81.13,United States
1229,Renasant Corp,RNST,4087654912,44.3,United States
1230,Independent Bank Corp.,INDB,4083297024,85.75,United States
1231,CVB Financial,CVBF,4071308800,23.1,United States
1232,Telephone and Data Systems,TDS,4067860480,35.73,United States
1233,Badger Meter,BMI,4065695232,140.26,United States
1234,Americold,COLD,4062147584,14.17,United States
1235,WesBanco,WSBC,4057778176,42.31,United States
1236,Delek US,DK,4057235200,66.2,United States
1237,Diodes Incorporated,DIOD,4056460800,88.29,United States
1238,Archer Aviation,ACHR,4050812672,5.31,United States
1239,Webull,BULL,4031185408,7.58,United States
1240,Mirion Technologies,MIR,4026938880,16.17,United States
1241,Fermi Inc.,FRMI,4026305792,6.31,United States
1242,Hagerty,HGTY,4024113664,11.72,United States
1243,Asbury Automotive Group,ABG,4000584704,222.85,United States
1244,Tri Pointe Homes,TPH,3998444288,46.95,United States
1245,PennyMac Financial Services,PFSI,3997696000,76.99,United States
1246,IPG Photonics,IPGP,3992670976,94.07,United States
1247,Q2,QTWO,3989453312,63.98,United States
1248,Concentra Group,CON,3982170624,31.12,United States
1249,Cal-Maine Foods,CALM,3977160704,84.77,United States
1250,Bright Horizons,BFAM,3977064704,75.6,United States
1251,Opendoor,OPEN,3974714880,4.12,United States
1252,Universal Display Corporation,OLED,3963260672,86.22,United States
1253,Tenable,TENB,3963174656,35.94,United States
1254,Resideo Technologies,REZI,3962825216,26.17,United States
1255,Kadant,KAI,3954890240,334.92,United States
1256,Knife River Corporation,KNF,3944960768,69.51,United States
1257,Newmark,NMRK,3937506816,15.8,United States
1258,Doximity,DOCS,3934804736,21.89,United States
1259,Grand Canyon Education,LOPE,3930607616,150.8,United States
1260,YETI Holdings,YETI,3920493056,51.75,United States
1261,LifeStance Health Group,LFST,3917621248,10.26,United States
1262,Howard Hughes Holdings,HHH,3914354176,65.65,United States
1263,Standex International,SXI,3909727744,322.72,United States
1264,Apple Hospitality REIT,APLE,3906917888,16.55,United States
1265,Comstock Resources,CRK,3905153280,13.3,United States
1266,Fastly,FSLY,3904675072,24.95,United States
1267,OSI Systems,OSIS,3899851776,236.6,United States
1268,Otter Tail,OTTR,3896968960,92.82,United States
1269,Haemonetics,HAE,3880177920,85.38,United States
1270,Lionsgate Studios,LION,3873332224,13.02,United States
1271,ScottsMiracle-Gro,SMG,3862116864,66.38,United States
1272,Catalyst Pharmaceuticals,CPRX,3854925568,31.49,United States
1273,BancFirst,BANF,3848664064,114.59,United States
1274,Viking Therapeutics,VKTX,3842547456,32.94,United States
1275,Denali Therapeutics,DNLI,3836014592,24.17,United States
1276,Firefly Aerospace,FLY,3831607552,23.33,United States
1277,Patterson-UTI Energy,PTEN,3830342400,10.09,United States
1278,USA Compression Partners,USAC,3815672320,26.32,United States
1279,M/I Homes,MHO,3795488768,150.12,United States
1280,Park National Corp,PRK,3795280128,210.1,United States
1281,UCT (Ultra Clean Holdings),UCTT,3789788928,84.54,United States
1282,Genworth Financial,GNW,3757320960,9.81,United States
1283,Veracyte,VCYT,3730933760,46.41,United States
1284,First Interstate BancSystem,FIBK,3730286848,38.4,United States
1285,Astronics Corporation,ATRO,3729752832,75.58,United States
1286,CCC Intelligent Solutions,CCC,3728336384,6.33,United States
1287,The Vita Coco Company,COCO,3725293824,64.38,United States
1288,Centrus Energy,LEU,3722879744,189.24,United States
1289,Highwoods Properties,HIW,3704206336,32.98,United States
1290,Legend Biotech,LEGN,3700503040,19.13,United States
1291,Mechanics Bancorp,MCHB,3695591168,16.69,United States
1292,St. Joe Company,JOE,3691370240,64.84,United States
1293,Madison Square Garden Entertainment,MSGE,3690281216,78.01,United States
1294,Warby Parker,WRBY,3671639808,29.92,United States
1295,Nicolet Bankshares,NIC,3670289152,175.13,United States
1296,RXO,RXO,3649686528,22.13,United States
1297,CleanSpark,CLSK,3636143872,14.17,United States
1298,Arcus Biosciences,RCUS,3622266880,28.8,United States
1299,First Financial Bank,FFBC,3622162176,34.52,United States
1300,"Calumet, Inc.",CLMT,3621835520,41.56,United States
1301,National Health Investors,NHI,3614003712,74.56,United States
1302,Palomar Holdings,PLMR,3607441920,136.11,United States
1303,Ambarella,AMBA,3607280896,82.23,United States
1304,Brighthouse Financial,BHF,3601276160,62.69,United States
1305,Power Integrations,POWI,3597839360,64.57,United States
1306,Hilton Grand Vacations,HGV,3594741760,46.25,United States
1307,Aehr Test Systems,AEHR,3584661248,109.89,United States
1308,Adtalem Global Education,ATGE,3579815168,98.54,United States
1309,Steve Madden,SHOO,3575432960,48.86,United States
1310,LXP Industrial Trust,LXP,3569862400,60.55,United States
1311,Restoration Hardware,RH,3561914624,188.2,United States
1312,Organon,OGN,3560984064,13.56,United States
1313,KB Home,KBH,3559029760,58.05,United States
1314,StubHub Holdings,STUB,3551636992,9.46,United States
1315,Advance Auto Parts,AAP,3549167360,58.83,United States
1316,Option Care Health,OPCH,3548412672,23.69,United States
1317,First Advantage,FA,3540524288,20.64,United States
1318,Structure Therapeutics,GPCR,3528138752,49.64,United States
1319,TowneBank,TOWN,3526843904,38.63,United States
1320,Graphic Packaging,GPK,3518101248,11.89,United States
1321,Callaway Golf Company,CALY,3517855488,19.57,United States
1322,Atlanta Braves Holdings,BATRA,3515081216,54.8,United States
1323,Community Financial System,CBU,3510916608,66.75,United States
1324,Avient,AVNT,3500577024,38.17,United States
1325,QuantumScape,QS,3500175616,5.69,United States
1326,HNI Corporation,HNI,3487336448,48.44,United States
1327,Simmons First National,SFNC,3483952640,24.12,United States
1328,IDEAYA Biosciences,IDYA,3476483072,36.11,United States
1329,NCR Atleos Corporation,NATL,3468501504,47.0,United States
1330,AllianceBernstein,AB,3462480896,37.07,United States
1331,BankUnited,BKU,3462045696,47.9,United States
1332,Alumis,ALMS,3457582592,27.12,United States
1333,Knowles,KN,3450577408,40.4,United States
1334,Helmerich &amp; Payne,HP,3446618624,34.49,United States
1335,Adeia,ADEA,3442267904,31.21,United States
1336,First Hawaiian Bank,FHB,3437353984,28.25,United States
1337,Workiva,WK,3437309440,61.25,United States
1338,Curbline Properties,CURB,3426831360,30.05,United States
1339,Seacoast Banking,SBCF,3425597952,35.38,United States
1340,WisdomTree,WT,3424354816,22.39,United States
1341,Stride (K12 Education),LRN,3421123328,80.45,United States
1342,"Hayward Holdings, Inc.",HAYW,3413004032,16.09,United States
1343,Group 1 Automotive,GPI,3408325632,285.88,United States
1344,Golub Capital,GBDC,3407277056,13.08,United States
1345,Brookdale Senior Living,BKD,3398390272,14.23,United States
1346,Marriott Vacations Worldwide,VAC,3389317120,98.69,United States
1347,MBX Biosciences,MBX,3365145600,70.7,United States
1348,CVR Energy,CVI,3350685184,33.33,United States
1349,Freddie Mac,FMCC,3347806976,5.15,United States
1350,American States Water,AWR,3347052544,85.4,United States
1351,NMI Holdings,NMIH,3344937728,44.47,United States
1352,CarGurus,CARG,3338726400,37.02,United States
1353,Freshworks,FRSH,3328267520,12.04,United States
1354,Maximus,MMS,3327381248,63.33,United States
1355,United States Lime &amp; Minerals,USLM,3317522432,115.64,United States
1356,Ashland,ASH,3311776256,72.32,United States
1357,Alliance Resource Partners,ARLP,3310390784,25.73,United States
1358,Wingstop Restaurants,WING,3309969408,121.5,United States
1359,Cushman &amp; Wakefield,CWK,3298951168,14.08,United States
1360,Provident Financial Services,PFS,3297094656,25.28,United States
1361,Exponent,EXPO,3291028736,67.84,United States
1362,NuScale Power,SMR,3284544000,9.49,United States
1363,"Atlanta Braves Holdings, Inc.",BATRK,3284163584,51.2,United States
1364,Avista,AVA,3283948544,39.21,United States
1365,Veeco,VECO,3283601408,53.8,United States
1366,Acadian Asset Management,AAMI,3275016448,91.92,United States
1367,Arcutis Biotherapeutics,ARQT,3255920384,26.03,United States
1368,National Healthcare,NHC,3252009216,208.2,United States
1369,Tegna,TGNA,3243011584,20.03,United States
1370,Kyndryl,KD,3239397888,14.69,United States
1371,Teradata,TDC,3236098816,34.39,United States
1372,Liberty Energy,LBRT,3232822016,19.81,United States
1373,PotlatchDeltic,PCH,3230610432,41.73,United States
1374,ArcBest,ARCB,3225523968,144.31,United States
1375,"Csquare, Inc.",CSQR,3219780096,20.77,United States
1376,Ouster,OUST,3219384320,47.84,United States
1377,Energy Fuels,UUUU,3213960192,12.86,United States
1378,FS KKR Capital,FSK,3212361984,11.47,United States
1379,Chesapeake Utilities,CPK,3194793472,133.09,United States
1380,Bank of Hawaii,BOH,3189959168,80.86,United States
1381,Grindr,GRND,3188404224,17.94,United States
1382,TriNet,TNET,3181198336,69.3,United States
1383,H.B. Fuller,FUL,3168078592,58.9,United States
1384,WD-40 Company,WDFC,3167378688,236.0,United States
1385,Hercules Capital,HTGC,3159328256,16.88,United States
1386,Atkore,ATKR,3158746624,93.53,United States
1387,Dynex Capital,DX,3157201152,12.76,United States
1388,UWM Holdings,UWMC,3150630912,1.95,United States
1389,Crane NXT,CXT,3146416640,54.68,United States
1390,IAC Inc.,IAC,3142127872,42.24,United States
1391,Black Stone Minerals,BSM,3140740096,14.78,United States
1392,Acadia Realty Trust,AKR,3139811072,21.66,United States
1393,Agilysys,AGYS,3138457856,111.27,United States
1394,GRAIL,GRAL,3120036096,72.7,United States
1395,California Water Service Group,CWT,3110506752,50.3,United States
1396,FB Financial,FBK,3101057792,62.05,United States
1397,Green Brick Partners,GRBK,3098920704,72.05,United States
1398,Banc of California,BANC,3092602624,19.52,United States
1399,Delek Logistics Partners,DKL,3088009472,58.08,United States
1400,NETSCOUT,NTCT,3068742912,42.21,United States
1401,Benchmark Electronics,BHE,3067921408,85.41,United States
1402,Freshpet,FRPT,3065527296,62.38,United States
1403,Celldex Therapeutics,CLDX,3065115392,39.05,United States
1404,Boise Cascade,BCC,3043560192,86.49,United States
1405,Lucid Motors,LCID,3036197888,7.78,United States
1406,Artisan Partners,APAM,3031547648,42.7,United States
1407,American Eagle Outfitters,AEO,3029725696,18.08,United States
1408,The Marzetti Company,MZTI,3024688640,110.3,United States
1409,Academy Sports + Outdoors,ASO,3020914944,48.71,United States
1410,Park Hotels &amp; Resorts,PK,3020427520,15.0,United States
1411,MGE Energy,MGEE,3016135680,79.905,United States
1412,CorVel Corporation,CRVL,3014635264,59.1,United States
1413,Plug Power,PLUG,3013349376,2.16,United States
1414,Quaker Houghton,KWR,3008910080,173.26,United States
1415,"The Bancorp, Inc.",TBBK,2999761408,72.05,United States
1416,Privia Health Group,PRVA,2997834496,23.79,United States
1417,CBIZ,CBZ,2989434368,55.08,United States
1418,Magnite,MGNI,2987465216,20.86,United States
1419,Disc Medicine,IRON,2986963456,77.8,United States
1420,CoreCivic,CXW,2981487104,30.15,United States
1421,Tootsie Roll Industries,TR,2977530624,39.61,United States
1422,Braze,BRZE,2974602496,26.41,United States
1423,National Beverage,FIZZ,2974056704,31.77,United States
1424,Dana Incorporated,DAN,2965834496,27.57,United States
1425,Penguin Solutions,PENG,2963877888,57.84,United States
1426,Urban Edge Properties,UE,2961837056,22.31,United States
1427,Titan America,TTAM,2960861184,16.06,United States
1428,Acadia Healthcare,ACHC,2948485632,31.67,United States
1429,Columbia Sportswear,COLM,2945198336,57.59,United States
1430,United Natural Foods,UNFI,2941230080,48.6,United States
1431,McGrath RentCorp,MGRC,2940361472,120.38,United States
1432,DigitalBridge Group,DBRG,2934054400,15.87,United States
1433,PHINIA,PHIN,2928115968,79.92,United States
1434,Euronet Worldwide,EEFT,2927974912,76.9,United States
1435,Hub Group,HUBG,2918857216,47.73,United States
1436,Beam Therapeutics,BEAM,2916625920,28.35,United States
1437,Upstart,UPST,2901974784,30.32,United States
1438,National Energy Services Reunited,NESR,2901375488,28.77,United States
1439,Ducommun,DCO,2894315264,191.86,United States
1440,Worthington Enterprises,WOR,2893002496,59.12,United States
1441,Whirlpool,WHR,2892407552,44.62,United States
1442,Fluence Energy,FLNC,2888148480,15.67,United States
1443,Patrick Industries,PATK,2882324224,86.93,United States
1444,ABM Industries,ABM,2881009920,49.18,United States
1445,Trump Media &amp; Technology Group,DJT,2863702528,10.34,United States
1446,AvePoint,AVPT,2862232320,13.5,United States
1447,Peloton,PTON,2862076672,6.61,United States
1448,Dentsply Sirona,XRAY,2858661888,14.27,United States
1449,Under Armour,UA,2856376832,6.7,United States
1450,Kaiser Aluminum,KALU,2854714880,174.61,United States
1451,Trustmark,TRMK,2841783040,48.49,United States
1452,Immunome,IMNM,2838054656,25.06,United States
1453,SoundHound AI,SOUN,2836239104,6.51,United States
1454,Shake Shack,SHAK,2832992256,66.22,United States
1455,Customers Bancorp,CUBI,2829468672,83.65,United States
1456,Allegiant Travel Company,ALGT,2824556288,105.09,United States
1457,Visteon,VC,2813549824,105.4,United States
1458,Alignment Healthcare,ALHC,2804523264,13.52,United States
1459,Gulfport Energy,GPOR,2798771456,155.75,United States
1460,NBT Bancorp,NBTB,2797110272,53.78,United States
1461,Baldwin Insurance Group,BWIN,2794761472,28.86,United States
1462,Hawkins,HWKN,2790794240,133.69,United States
1463,TransMedics Group,TMDX,2790793728,80.75,United States
1464,Harley-Davidson,HOG,2790662656,26.51,United States
1465,Sonic Automotive,SAH,2790638592,88.27,United States
1466,WaFd Bank,WAFD,2785852160,37.67,United States
1467,Medical Properties Trust,MPT,2781164800,4.65,United States
1468,John Wiley &amp; Sons,WLY,2775576320,54.68,United States
1469,Alarm.com,ALRM,2763362816,55.87,United States
1470,Soleno Therapeutics,SLNO,2762888960,53.01,United States
1471,Four Corners Property Trust,FCPT,2762387456,25.17,United States
1472,Central Garden &amp; Pet,CENT,2757494272,44.07,United States
1473,Kennametal,KMT,2748136448,36.06,United States
1474,First Merchants Corporation,FRME,2733117952,43.52,United States
1475,Diamondrock Hospitality Company,DRH,2731675136,13.3,United States
1476,Peabody Energy,BTU,2724209152,22.36,United States
1477,Digi International,DGII,2719836672,72.14,United States
1478,First Bancorp,FBNC,2712080128,65.55,United States
1479,Beacon Financial Corporation,BBT,2705576960,32.07,United States
1480,Chemours,CC,2696272384,17.93,United States
1481,Helios Technologies,HLIO,2691956224,81.46,United States
1482,PENN Entertainment,PENN,2684203520,20.04,United States
1483,Kodiak Sciences,KOD,2683989248,42.89,United States
1484,SPS Commerce,SPSC,2673012992,74.25,United States
1485,First Busey,BUSE,2670946816,31.58,United States
1486,Tarsus Pharmaceuticals,TARS,2666293504,61.11,United States
1487,Trevi Therapeutics,TRVI,2662119680,18.75,United States
1488,InvenTrust Properties,IVT,2656054016,34.08,United States
1489,Stock Yards Bancorp,SYBT,2654139136,85.43,United States
1490,DXP Enterprises,DXPE,2651098112,170.98,United States
1491,Pulse Biosciences,PLSE,2641734656,38.17,United States
1492,Sunrun,RUN,2631198464,11.03,United States
1493,DNOW Inc.,DNOW,2630487552,14.41,United States
1494,Ethos Technologies,LIFE,2628783104,27.65,United States
1495,Federal Agricultural Mortgage Corporation,AGM,2623655168,241.74,United States
1496,Newell Brands,NWL,2610767104,6.13,United States
1497,Diebold Nixdorf,DBD,2608455680,76.84,United States
1498,H2O America,HTO,2603493120,62.2,United States
1499,LCI Industries,LCII,2602546944,107.05,United States
1500,Select Water Solutions,WTTR,2600638464,18.5,United States
1501,Ingevity,NGVT,2598283264,75.58,United States
1502,UFP Technologies,UFPT,2590636544,334.84,United States
1503,Perpetua Resources,PPTA,2586954496,20.68,United States
1504,Neogen,NEOG,2575241728,11.81,United States
1505,Nurix Therapeutics,NRIX,2562369792,24.69,United States
1506,Coty,COTY,2562157312,2.91,United States
1507,ePlus,PLUS,2561398016,97.05,United States
1508,BKV Corporation,BKV,2554177280,23.35,United States
1509,Merchants Bancorp,MBIN,2554008576,55.6,United States
1510,Trinity Industries,TRN,2552610560,32.04,United States
1511,ManpowerGroup,MAN,2548602368,54.8,United States
1512,Ultragenyx Pharmaceutical,RARE,2542006784,25.81,United States
1513,Redwire,RDW,2538713344,10.63,United States
1514,"The Andersons, Inc.",ANDE,2536346112,74.48,United States
1515,Intapp,INTA,2526078976,32.78,United States
1516,Pitney Bowes,PBI,2521088768,18.39,United States
1517,Supernus Pharmaceuticals,SUPN,2513993216,43.25,United States
1518,Custom Truck One Source,CTOS,2506309632,11.02,United States
1519,Cohu,COHU,2501362688,52.84,United States
1520,Infleqtion,INFQ,2500536320,11.46,United States
1521,Skyward Specialty Insurance Group,SKWD,2496236544,61.57,United States
1522,Calix,CALX,2485188608,39.47,United States
1523,Ichor Systems,ICHR,2484974592,71.27,United States
1524,Keel Infrastructure,KEEL,2481735936,4.11,United States
1525,Axogen,AXGN,2470878976,45.96,United States
1526,V2X,VVX,2466013696,78.76,United States
1527,Progyny,PGNY,2465902848,31.48,United States
1528,Prestige Consumer Healthcare,PBH,2463352832,52.0,United States
1529,Blue Bird Corporation,BLBD,2463054080,77.83,United States
1530,Nektar Therapeutics,NKTR,2458271744,72.76,United States
1531,Goosehead Insurance,GSHD,2450223872,68.56,United States
1532,Driven Brands,DRVN,2449596160,14.85,United States
1533,Banner Bank,BANR,2440456192,71.81,United States
1534,Uniti,UNIT,2439387648,10.05,United States
1535,Atrium Therapeutics,RNA,2438628096,15.47,United States
1536,CareDx,CDNA,2436164608,47.09,United States
1537,Enterprise Financial Services Corp,EFSC,2435756800,67.3,United States
1538,Amylyx Pharmaceuticals,AMLX,2431644928,21.87,United States
1539,Huron Consulting,HURN,2430740736,152.78,United States
1540,Blackstone Mortgage Trust,BXMT,2430398464,14.42,United States
1541,Bob's Discount Furniture,BOBS,2419221248,18.52,United States
1542,Jetblue Airways,JBLU,2418571008,6.41,United States
1543,LeMaitre Vascular,LMAT,2417151232,105.78,United States
1544,Kayne Anderson Capital Advisors,KYN,2416811008,14.29,United States
1545,Slide Insurance,SLDE,2412162048,20.65,United States
1546,Payoneer,PAYO,2411326208,7.13,United States
1547,Douglas Emmett,DEI,2404923648,11.96,United States
1548,AMC Entertainment,AMC,2392180480,2.68,United States
1549,Talos Energy,TALO,2382031616,14.27,United States
1550,Curaleaf,CURLF,2380750336,9.01,United States
1551,HawkEye 360,HAWK,2380427264,24.3,United States
1552,Vericel,VCEL,2372914688,46.34,United States
1553,Maravai LifeSciences,MRVI,2371862016,6.43,United States
1554,Rogers Corporation,ROG,2362610688,132.37,United States
1555,HeartFlow,HTFL,2352649984,27.28,United States
1556,Buckle,BKE,2348709632,45.59,United States
1557,Kailera Therapeutics,KLRA,2346433280,18.11,United States
1558,Butterfly Network,BFLY,2345972480,8.81,United States
1559,Northwest Bancshares,NWBI,2343808256,16.01,United States
1560,Minerals Technologies,MTX,2341194240,75.21,United States
1561,Mineralys Therapeutics,MLYS,2336199680,26.5,United States
1562,Mister Car Wash,MCW,2335151104,7.1,United States
1563,Precigen,PGEN,2328016640,6.53,United States
1564,ARMOUR Residential REIT,ARR,2325716480,16.43,United States
1565,Universal Technical Institute,UTI,2325242112,42.23,United States
1566,SELLAS Life Sciences,SLS,2322230784,11.81,United States
1567,LiveRamp,RAMP,2301369856,37.86,United States
1568,Viridian Therapeutics,VRDN,2301312768,20.84,United States
1569,CSG International,CSGS,2300464128,80.69,United States
1570,Werner Enterprises,WERN,2296689152,38.31,United States
1571,Innodata,INOD,2292732672,70.21,United States
1572,BioCryst Pharmaceuticals,BCRX,2292547328,9.02,United States
1573,Hilltop Holdings,HTH,2291456512,40.0,United States
1574,HCI Group,HCI,2281964800,178.77,United States
1575,Five9,FIVN,2280841216,29.79,United States
1576,Western Union,WU,2279835392,7.31,United States
1577,Kohl's,KSS,2279339776,20.1,United States
1578,Gorman-Rupp,GRC,2257547776,85.48,United States
1579,OFG Bancorp,OFG,2257373696,53.41,United States
1580,Sionna Therapeutics,SION,2254807296,49.94,United States
1581,Clover Health Investments,CLOV,2248942080,4.27,United States
1582,Monarch Casino &amp; Resort,MCRI,2245691904,125.3,United States
1583,Harmony Biosciences,HRMY,2245078016,38.78,United States
1584,Nuvation Bio,NUVB,2242420736,6.44,United States
1585,Intuitive Machines,LUNR,2239914240,13.96,United States
1586,Lindblad Expeditions,LIND,2236304128,34.09,United States
1587,First Commonwealth Financial Corp,FCF,2231973888,21.95,United States
1588,Quantinuum Inc.,QNT,2229901824,71.1,United States
1589,Mach Natural Resources LP,MNR,2228471296,13.36,United States
1590,Day One Biopharmaceuticals,DAWN,2224784640,21.53,United States
1591,Northern Oil and Gas,NOG,2223548160,20.44,United States
1592,LendingClub,LC,2215891200,19.21,United States
1593,A10 Networks,ATEN,2210343936,30.7,United States
1594,Centuri Holdings,CTRI,2208450304,21.88,United States
1595,Innovex International,INVX,2208418816,31.63,United States
1596,Trulieve Cannabis,TRUL.CN,2205305920,11.4676,United States
1597,Hawaiian Electric Industries,HE,2202830592,12.76,United States
1598,Stagwell,STGW,2202723840,9.01,United States
1599,PC Connection,CNXN,2190414848,86.79,United States
1600,1st Source,SRCE,2185936640,90.82,United States
1601,Palvella Therapeutics,PVLA,2179969024,151.99,United States
1602,United Parks &amp; Resorts,PRKS,2176247296,46.17,United States
1603,Hemab Therapeutics Holdings,COAG,2172735488,46.52,United States
1604,Olin Corporation,OLN,2171366400,19.05,United States
1605,Sunstone Hotel Investors,SHO,2162841600,11.61,United States
1606,Pebblebrook Hotel Trust,PEB,2151203584,19.13,United States
1607,Vera Therapeutics,VERA,2149897984,29.95,United States
1608,PDF Solutions,PDFS,2142371200,51.17,United States
1609,Midera Food Processing,MFP,2138197888,47.29,United States
1610,nCino,NCNO,2136282624,19.5,United States
1611,Innospec,IOSP,2135511808,86.7,United States
1612,Flywire,FLYW,2130192640,17.26,United States
1613,Addus HomeCare,ADUS,2121438464,113.66,United States
1614,NeoGenomics,NEO,2121149952,16.29,United States
1615,American Axle &amp; Manufacturing,AXL,2121012480,9.0,United States
1616,EverCommerce,EVCM,2118099968,11.97,United States
1617,Protolabs,PRLB,2114695680,88.4,United States
1618,P3 Health Partners,PIII,2109236480,10.38,United States
1619,GeneDx Holdings,WGS,2104881280,70.9,United States
1620,Sunshine Silver Mining & Refining Company,SSMR,2104157568,14.64,United States
1621,Horace Mann Educators,HMN,2098609536,51.97,United States
1622,Spectrum Brands,SPB,2091909376,90.97,United States
1623,Stewart Information Services,STC,2090392576,68.65,United States
1624,Appian,APPN,2088574848,28.45,United States
1625,Hycroft Mining,HYMC,2083542400,22.36,United States
1626,Quantum Computing,QUBT,2081687936,9.23,United States
1627,Asana,ASAN,2079302656,8.76,United States
1628,Getty Realty,GTY,2079080704,33.57,United States
1629,Anterix,ATEX,2073662464,106.35,United States
1630,Alamo Group,ALG,2072633856,170.33,United States
1631,Preformed Line Products,PLPC,2070853760,423.6,United States
1632,Biohaven,BHVN,2070213632,13.75,United States
1633,Goodyear,GT,2066683776,7.19,United States
1634,Blackbaud,BLKB,2065249408,45.5,United States
1635,ADMA Biologics,ADMA,2065094912,8.91,United States
1636,Perdoceo Education,PRDO,2064187008,32.92,United States
1637,Netstreit,NTST,2058941568,21.08,United States
1638,City Holding Company,CHCO,2056420224,145.73,United States
1639,NW Natural Holdings,NWN,2049733888,48.71,United States
1640,Encore Capital Group,ECPG,2048417024,95.54,United States
1641,Surgery Partners,SGRY,2046834688,15.65,United States
1642,Select Medical Holdings,SEM,2046298112,16.51,United States
1643,Ziff Davis,ZD,2039944448,55.38,United States
1644,Aveanna Healthcare,AVAH,2038188544,9.36,United States
1645,Pediatrix Medical Group,MD,2029232384,24.71,United States
1646,Insperity,NSP,2023203584,52.97,United States
1647,Alkami Technology,ALKT,2022272896,18.91,United States
1648,Xenia Hotels &amp; Resorts,XHR,2022094080,20.44,United States
1649,Live Oak Bank,LOB,2019354368,43.63,United States
1650,Rapport Therapeutics,RAPP,2018296448,42.2,United States
1651,Thermon Group,THR,2013932928,61.14,United States
1652,York Space Systems,YSS,2011703936,15.31,United States
1653,"Interface, Inc.",TILE,2009324800,34.61,United States
1654,Evertec,EVTC,2005742208,32.55,United States
1655,Vertex,VERX,2004911744,12.39,United States
1656,Stellar Bancorp,STEL,2002201728,39.32,United States
1657,World Kinect,WKC,2000028288,39.1,United States
1658,Century Communities,CCS,1999950336,70.34,United States
1659,Voyager Technologies,VOYG,1984689408,33.49,United States
1660,AtriCure,ATRC,1983785600,39.0,United States
1661,Zenas BioPharma,ZBIO,1983650688,31.42,United States
1662,Republic Bank,RBCAA,1973151360,100.58,United States
1663,Stoke Therapeutics,STOK,1972460032,31.67,United States
1664,LTC Properties,LTC,1969462400,38.48,United States
1665,NGL Energy Partners,NGL,1962456576,15.85,United States
1666,Iovance Biotherapeutics,IOVA,1946750464,4.36,United States
1667,UroGen Pharma,URGN,1944970112,39.92,United States
1668,Veris Residential,VRE,1943780352,18.99,United States
1669,BlackLine,BL,1942849536,33.12,United States
1670,Sonos,SONO,1942387072,16.42,United States
1671,National Bank Holdings,NBHC,1936054784,43.47,United States
1672,Weis Markets,WMK,1935522304,78.22,United States
1673,Tyra Biosciences,TYRA,1934571392,32.53,United States
1674,Worthington Steel,WS,1929915776,37.88,United States
1675,German American Bancorp,GABC,1923553920,51.19,United States
1676,Photronics,PLAB,1922806144,32.61,United States
1677,CTS Corporation,CTS,1920689792,67.26,United States
1678,Enerpac Tool Group,EPAC,1917921280,37.21,United States
1679,Boston Beer Company,SAM,1917322880,184.12,United States
1680,EZCorp,EZPW,1907615232,31.0,United States
1681,Triumph Financial,TFIN,1907500800,79.83,United States
1682,Strategic Education,STRA,1902761088,83.71,United States
1683,Expro Group,XPRO,1901652224,16.77,United States
1684,RLJ Lodging Trust,RLJ,1898080384,12.43,United States
1685,NextNav,NN,1895109248,13.89,United States
1686,Pathward Financial,CASH,1889348096,89.5,United States
1687,Revolve Group,RVLV,1886919808,26.37,United States
1688,Agios Pharmaceuticals,AGIO,1886579456,31.6,United States
1689,Ocular Therapeutix,OCUL,1886500352,8.59,United States
1690,TriCo Bancshares,TCBK,1884991616,58.63,United States
1691,Alamar Biosciences,ALMR,1879026304,27.11,United States
1692,Porch Group,PRCH,1874212608,16.51,United States
1693,Vestis,VSTS,1871928960,14.17,United States
1694,Hillman Solutions,HLMN,1865953280,9.51,United States
1695,SmartStop Self Storage REIT,SMA,1864703232,33.68,United States
1696,Dorian LPG,LPG,1861902208,43.52,United States
1697,S&amp;T Bancorp,STBA,1857756800,52.68,United States
1698,Six Flags,FUN,1853979520,18.14,United States
1699,National Vision Holdings,EYE,1852297344,23.12,United States
1700,Inspire Medical Systems,INSP,1848075520,64.14,United States
1701,Genesis Energy  L.P.,GEL,1846761984,15.08,United States
1702,Dime Community Bancshares,DCOM,1843096448,41.74,United States
1703,Frontier Airlines,ULCC,1839424000,7.99,United States
1704,Hope Bancorp,HOPE,1834372736,14.36,United States
1705,DoubleVerify,DV,1830827904,11.93,United States
1706,Generate Biomedicines,GENB,1830588544,14.28,United States
1707,"Kardigan, Inc.",KARD,1830558592,20.49,United States
1708,Huntsman Corporation,HUN,1829199104,10.43,United States
1709,PROG Holdings,PRG,1826678656,45.86,United States
1710,Sonida Senior Living,SNDA,1825198080,38.55,United States
1711,Semrush,SEMR,1814168832,12.0,United States
1712,FIGS,FIGS,1812462720,10.85,United States
1713,Global Net Lease,GNL,1809041408,8.57,United States
1714,Byline Bancorp,BY,1805018112,39.75,United States
1715,ANI Pharmaceuticals,ANIP,1800581632,79.2,United States
1716,FuelCell Energy,FCEL,1798969344,22.5,United States
1717,American Assets Trust,AAT,1797354240,23.17,United States
1718,Albany International,AIN,1785795584,62.98,United States
1719,Alpha Metallurgical Resources,AMR,1783453696,140.59,United States
1720,Taysha Gene Therapies,TSHA,1781638272,6.2,United States
1721,Walker &amp; Dunlop,WD,1779044864,51.82,United States
1722,Enovis,ENOV,1776381952,30.86,United States
1723,Rumble,RUM,1773033472,6.43,United States
1724,Astrana Health,ASTH,1768640384,35.67,United States
1725,DXC Technology,DXC,1760761216,11.02,United States
1726,Soho House & Co,SHCO,1758889344,8.99,United States
1727,Septerna,SEPN,1757044224,38.98,United States
1728,Recursion Pharmaceuticals,RXRX,1756822912,3.31,United States
1729,CBL Properties,CBL,1750235520,56.56,United States
1730,Innovative Industrial Properties,IIPR,1750160128,60.36,United States
1731,Coursera,COUR,1746787584,6.1,United States
1732,Ingles Markets,IMKTA,1742544000,91.74,United States
1733,NextDecade Corp,NEXT,1735529088,6.52,United States
1734,Kemper,KMPR,1731491200,29.41,United States
1735,Sarepta Therapeutics,SRPT,1730394240,16.39,United States
1736,Arlo Technologies,ARLO,1730154368,15.93,United States
1737,Bank First,BFC,1729560576,156.08,United States
1738,OceanFirst Financial,OCFC,1721035264,19.81,United States
1739,QCR Holdings,QCRH,1719381504,105.05,United States
1740,Progress Software,PRGS,1716391680,41.85,United States
1741,Bicara Therapeutics,BCAX,1714870912,26.1,United States
1742,Sixth Street Specialty Lending,TSLX,1711303040,18.01,United States
1743,Fortrea,FTRE,1710849024,17.99,United States
1744,ARKO Petroleum,APC,1704249344,20.64,United States
1745,Origin Bancorp,OBK,1696154752,54.98,United States
1746,Ellington Financial,EFC,1694609024,13.3,United States
1747,ConnectOne Bancorp,CNOB,1692208000,33.65,United States
1748,Syndax Pharmaceuticals,SNDX,1690679296,19.08,United States
1749,Omnicell,OMCL,1689541504,37.15,United States
1750,Willis Lease Finance Corporation,WLFC,1687807360,70.62,United States
1751,Liberty Latin America,LILA,1687731968,8.38,United States
1752,RAPT Therapeutics,RAPT,1680292864,58.02,United States
1753,Sila Realty Trust,SILA,1677119744,30.36,United States
1754,Global Partners LP,GLP,1672752128,49.24,United States
1755,La-Z-Boy,LZB,1669667712,41.73,United States
1756,Atlanticus,ATLC,1667817472,110.32,United States
1757,IDT Corporation,IDT,1667686016,67.06,United States
1758,TripAdvisor,TRIP,1667455488,14.33,United States
1759,MillerKnoll,MLKN,1664931968,24.44,United States
1760,Savers Value Village,SVV,1652271488,10.73,United States
1761,Central Securities,CET,1632596864,55.25,United States
1762,Trinity Capital,TRIN,1632359680,18.16,United States
1763,AnaptysBio,ANAB,1632315520,55.13,United States
1764,Ambiq Micro,AMBQ,1630541440,67.53,United States
1765,Perella Weinberg Partners,PWP,1621072640,17.05,United States
1766,Distribution Solutions Group,DSGR,1607838464,34.76,United States
1767,Allient,ALNT,1607190144,94.56,United States
1768,Turning Point Brands,TPB,1597434240,82.48,United States
1769,SkyWater Technology,SKYT,1597181312,32.46,United States
1770,Target Hospitality,TH,1592371584,15.99,United States
1771,Biolife Solutions,BLFS,1588843136,32.52,United States
1772,Healthcare Services Group,HCSG,1588835456,23.15,United States
1773,Green Thumb Industries,GTII.CN,1588617896,7.25431,United States
1774,Wolverine World Wide,WWW,1586497664,19.35,United States
1775,Lakeland Financial Corp,LKFN,1581770368,63.63,United States
1776,Intellia Therapeutics,NTLA,1581656064,11.32,United States
1777,Agilon Health,AGL,1581289216,94.78,United States
1778,Sally Beauty Holdings,SBH,1579964544,16.56,United States
1779,Kimbell Royalty Partners,KRP,1573509120,14.6,United States
1780,Eos Energy Enterprises,EOSE,1573339904,4.35,United States
1781,WaterBridge Infrastructure,WBI,1573157376,33.46,United States
1782,Sylvamo,SLVM,1564809088,39.38,United States
1783,Sprinklr,CXM,1562305920,6.67,United States
1784,C3 AI,AI,1562265344,10.05,United States
1785,ICF International,ICFI,1560942464,86.22,United States
1786,The Greenbrier Companies,GBX,1556884992,50.32,United States
1787,Concentrix,CNXC,1555968000,25.5,United States
1788,Flowers Foods,FLO,1553910400,7.33,United States
1789,Shoals Technologies,SHLS,1546856320,9.22,United States
1790,Vir Biotechnology,VIR,1546538496,9.17,United States
1791,Ardent Health,ARDT,1541012864,10.75,United States
1792,Innoviva,INVA,1539650560,20.86,United States
1793,G-III Apparel Group,GIII,1539112064,36.48,United States
1794,The RealReal,REAL,1532603904,12.72,United States
1795,Amprius Technologies,AMPX,1530989696,10.81,United States
1796,Maze Therapeutics,MAZE,1528082688,27.61,United States
1797,Kennedy Wilson,KW,1521191808,10.92,United States
1798,Tennant Company,TNC,1520211072,89.22,United States
1799,Kestra Medical Technologies,KMTS,1519562752,25.93,United States
1800,Alexander &amp; Baldwin,ALEX,1518725120,20.84,United States
1801,T1 Energy,TE,1516443648,5.43,United States
1802,Safety Insurance,SAFT,1515906560,103.26,United States
1803,Empire State Realty Trust,ESRT,1512353408,4.94,United States
1804,BigBear.ai,BBAI,1510407680,3.15,United States
1805,CONMED,CNMD,1509542912,50.4,United States
1806,Babcock &amp; Wilcox,BW,1509232896,10.14,United States
1807,Peoples Bancorp,PEBO,1500591744,41.75,United States
1808,Forestar Group,FOR,1497106304,29.35,United States
1809,Amalgamated Financial,AMAL,1489326464,49.81,United States
1810,Bandwidth,BAND,1486752384,46.2,United States
1811,"Harrow, Inc.",HROW,1484667648,39.83,United States
1812,Phibro Animal Health,PAHC,1484262912,36.59,United States
1813,Exzeo Group,XZO,1483788800,16.32,United States
1814,BellRing Brands,BRBR,1482542592,12.75,United States
1815,Arteris,AIP,1481659008,32.09,United States
1816,Ameresco,AMRC,1479462528,27.94,United States
1817,Energizer Holdings,ENR,1477657856,21.58,United States
1818,Xencor,XNCR,1476900736,19.92,United States
1819,J&amp;J Snack Foods,JJSF,1474768640,78.64,United States
1820,InnovAge,INNV,1472739968,10.85,United States
1821,Wealthfront Corporation,WLTH,1466727040,9.82,United States
1822,ArriVent BioPharma,AVBP,1466644480,31.49,United States
1823,Wendy’s,WEN,1464796160,7.69,United States
1824,Yelp,YELP,1464402432,26.63,United States
1825,REX American Resources,REX,1463752192,44.44,United States
1826,Carter's,CRI,1461105152,39.8,United States
1827,Tompkins Financial,TMP,1460440192,101.54,United States
1828,Stepan Company,SCL,1454334080,64.03,United States
1829,TriMas,TRS,1453250432,40.51,United States
1830,PureCycle Technologies,PCT,1451187968,7.23,United States
1831,Taboola.com,TBLA,1445885824,5.29,United States
1832,Community Trust Bancorp,CTBI,1443289216,79.46,United States
1833,Personalis,PSNL,1443271936,13.52,United States
1834,LegalZoom,LZ,1441841152,8.4,United States
1835,Kosmos Energy,KOS,1441080192,2.42,United States
1836,KalVista Pharmaceuticals,KALV,1437504000,27.0,United States
1837,NAPCO Security Technologies,NSSC,1436953472,40.22,United States
1838,Absci,ABSI,1436514816,8.48,United States
1839,BJ's Restaurants,BJRI,1433426176,67.38,United States
1840,Global Industrial Company,GIC,1430582528,37.39,United States
1841,Leggett &amp; Platt,LEG,1428430976,10.46,United States
1842,LGI Homes,LGIH,1427855872,61.46,United States
1843,Gibraltar Industries,ROCK,1425551872,48.06,United States
1844,Oil-Dri Corporation Of America,ODC,1422226304,98.22,United States
1845,Dauch Corporation,DCH,1421826688,5.99,United States
1846,Pursuit Attractions and Hospitality,PRSU,1416107520,51.59,United States
1847,Helix Energy Solutions,HLX,1414871552,9.6,United States
1848,Xeris Pharmaceuticals,XERS,1413938304,8.19,United States
1849,Bristow Group,VTOL,1413381632,47.74,United States
1850,OppFi,OPFI,1412948992,9.81,United States
1851,Wolfspeed,WOLF,1406365056,27.06,United States
1852,"Yesway, Inc.",YSWY,1401659392,22.18,United States
1853,ProPetro,PUMP,1398964480,11.39,United States
1854,"Alexander's, Inc.",ALX,1398580224,273.84,United States
1855,First Mid Bancshares,FMBH,1397063168,52.49,United States
1856,ACV Auctions,ACVA,1396679168,8.0,United States
1857,ORIC Pharmaceuticals,ORIC,1394381568,13.47,United States
1858,Integra LifeSciences,IART,1392127744,17.9,United States
1859,Olaplex,OLPX,1391282176,2.07,United States
1860,Westamerica Bancorporation,WABC,1389780736,60.42,United States
1861,Azenta,AZTA,1388776192,30.13,United States
1862,Tandem Diabetes Care,TNDM,1384287616,20.2,United States
1863,Aeva Technologies,AEVA,1379744128,20.43,United States
1864,Myers Industries,MYE,1378326144,36.64,United States
1865,United Fire Group,UFCS,1376709888,53.66,United States
1866,Lincoln Educational Services,LINC,1368749440,43.15,United States
1867,Atlas Energy Solutions,AESI,1365218048,10.93,United States
1868,Avalyn Pharma,AVLN,1362355968,30.73,United States
1869,Monte Rosa Therapeutics,GLUE,1358429056,16.08,United States
1870,Standard Nuclear,STDN,1351264384,8.41,United States
1871,Red Cat Holdings,RCAT,1348423424,8.86,United States
1872,Vishay Precision Group,VPG,1343400960,101.0,United States
1873,The Pennant Group,PNTG,1342375296,38.61,United States
1874,Harmonic Inc.,HLIT,1342100864,12.37,United States
1875,CVR Partners,UAN,1332725632,126.09,United States
1876,USA TODAY Co.,TDAY,1328380288,9.03,United States
1877,Herbalife,HLF,1326968576,12.8,United States
1878,Ecovyst,ECVT,1325481728,12.11,United States
1879,"Cadre Holdings, Inc.",CDRE,1323297280,30.92,United States
1880,Gentherm,THRM,1322012800,43.055,United States
1881,FMC Corporation,FMC,1321143168,10.55,United States
1882,Universal Corporation,UVV,1315079680,52.76,United States
1883,Edgewell Personal Care,EPC,1314700288,28.53,United States
1884,"RPC, Inc.",RES,1314425984,5.93,United States
1885,HBT Financial,HBT,1313889664,36.13,United States
1886,Old Second Bancorp,OSBC,1313715840,25.79,United States
1887,Amplitude,AMPL,1310278144,9.88,United States
1888,Rackspace Technology,RXT,1307629312,5.15,United States
1889,Artivion,AORT,1305816192,26.9,United States
1890,UMH Properties,UMH,1304745984,15.32,United States
1891,Dream Finders Homes,DFH,1296444288,14.29,United States
1892,ProAssurance,PRA,1290193152,25.0,United States
1893,AMN Healthcare Services,AMN,1289636224,33.25,United States
1894,WEBTOON Entertainment,WBTN,1284729984,9.5,United States
1895,Tetra Technologies,TTI,1281620352,8.67,United States
1896,Orchid Island Capital,ORC,1280467456,6.38,United States
1897,Cracker Barrel,CBRL,1276715392,57.12,United States
1898,Unusual Machines,UMAC,1274663936,26.67,United States
1899,Winmark,WINA,1272238592,354.17,United States
1900,Cardinal Infrastructure Group,CDNL,1271956608,63.93,United States
1901,Two Harbors Investment,TWO,1268976512,12.07,United States
1902,Preferred Bank,PFBC,1266259456,106.93,United States
1903,XPEL,XPEL,1265324800,45.91,United States
1904,Aktis Oncology,AKTS,1262536960,22.84,United States
1905,Jefferson Capital,JCAP,1261229824,20.47,United States
1906,Novavax,NVAX,1259595904,7.66,United States
1907,Everforth,EFOR,1259520000,30.72,United States
1908,NexPoint Residential Trust,NXRT,1259254784,24.43,United States
1909,Oppenheimer Holdings,OPY,1251872896,116.91,United States
1910,Compass Minerals,CMP,1250778368,29.81,United States
1911,Utz Brands,UTZ,1249257984,14.11,United States
1912,Heritage Financial,HFWA,1248863872,30.53,United States
1913,Ardelyx,ARDX,1237617280,5.01,United States
1914,Univest Financial Corporation,UVSP,1236997376,44.85,United States
1915,Clear Channel Outdoor,CCO,1236829952,2.43,United States
1916,Deluxe Corporation,DLX,1235253888,26.98,United States
1917,Biglari,BH,1233760384,393.04,United States
1918,Universal Insurance Holdings,UVE,1232049920,44.27,United States
1919,Dorchester Minerals,DMLP,1229548800,25.48,United States
1920,Inhibrx Biosciences,INBX,1225484160,83.53,United States
1921,Lightwave Logic,LWLG,1224932992,7.95,United States
1922,Easterly Government Properties,DEA,1224036608,25.43,United States
1923,Marten Transport,MRTN,1223837056,15.0,United States
1924,NCR Voyix Corporation,VYX,1223727616,8.88,United States
1925,MannKind Corp,MNKD,1223442688,3.96,United States
1926,Graham Corporation,GHM,1223311872,104.8,United States
1927,Ladder Capital,LADR,1222981632,9.64,United States
1928,Northwest Pipe Company,NWPX,1222864512,126.89,United States
1929,BrightView,BV,1222784000,13.12,United States
1930,Donnelley Financial Solutions,DFIN,1221647744,49.69,United States
1931,Teladoc Health,TDOC,1219099776,6.71,United States
1932,Corsair Gaming,CRSR,1215250688,11.37,United States
1933,Certara,CERT,1213404032,7.8,United States
1934,MasterBrand,MBC,1213293824,9.48,United States
1935,Piedmont Realty Trust,PDM,1212536960,9.69,United States
1936,Suburban Propane Partners,SPH,1209433856,18.23,United States
1937,i-80 Gold,IAUX,1206871552,1.4,United States
1938,Vor Biopharma,VOR,1205635712,22.25,United States
1939,Astec Industries,ASTE,1201364864,52.25,United States
1940,STAAR Surgical,STAA,1200898560,24.12,United States
1941,QuidelOrtho,QDEL,1198797696,17.58,United States
1942,Lindsay Corporation,LNN,1197182848,117.73,United States
1943,ScanSource,SCSC,1196911488,58.89,United States
1944,Upbound Group,UPBD,1196886784,20.53,United States
1945,Upwork,UPWK,1195655552,9.68,United States
1946,Green Plains,GPRE,1192613888,17.03,United States
1947,Liquidity Services,LQDT,1192370304,38.24,United States
1948,IRadimed,IRMD,1190852480,93.13,United States
1949,Backblaze,BLZE,1187691648,19.79,United States
1950,Seneca Foods,SENEA,1181170560,174.29,United States
1951,Saul Centers,BFS,1179456640,34.14,United States
1952,Arhaus,ARHS,1171951744,8.28,United States
1953,Avanos Medical,AVNS,1170726912,24.99,United States
1954,Corvus Pharmaceuticals,CRVS,1170538752,13.92,United States
1955,Marcus &amp; Millichap,MMI,1169450368,30.92,United States
1956,Schrödinger,SDGR,1169379200,15.65,United States
1957,CRA International,CRAI,1168991104,180.85,United States
1958,Metropolitan Bank Holding,MCB,1167994624,94.21,United States
1959,O-I Glass,OI,1164740864,7.58,United States
1960,Amerant Bancorp,AMTB,1162763008,29.67,United States
1961,Safehold,SAFE,1162095104,16.41,United States
1962,Collegium Pharmaceutical,COLL,1158859008,35.73,United States
1963,Northeast Bank,NBN,1157711360,135.32,United States
1964,Willdan Group,WLDN,1156565760,76.54,United States
1965,NPK International,NPKI,1155623680,13.61,United States
1966,"U.S. Physical Therapy, Inc.",USPH,1154497280,75.86,United States
1967,National Healthcare Properties,NHP,1151548288,15.57,United States
1968,Ategrity Specialty Insurance Company,ASIC,1147500032,23.89,United States
1969,Digital Turbine,APPS,1147495424,9.51,United States
1970,Seaport Therapeutics,SPTX,1147159808,21.43,United States
1971,MeiraGTx,MGTX,1138171008,12.29,United States
1972,Great Lakes Dredge &amp; Dock Corp.,GLDD,1135273600,17.0,United States
1973,Capitol Federal Financial,CFFN,1133862528,9.19,United States
1974,Prospect Capital,PSEC,1132277248,2.26,United States
1975,Five Star Bancorp,FSBC,1132272128,46.98,United States
1976,Genco Shipping &amp; Trading,GNK,1131696000,25.97,United States
1977,GoodRx,GDRX,1131175680,3.34,United States
1978,Mission Produce,AVO,1126813696,12.75,United States
1979,Resolute Holdings Management,RHLD,1120700032,135.72,United States
1980,Virtus Investment Partners,VRTS,1111838336,166.39,United States
1981,XPLR Infrastructure,XIFR,1111476224,11.79,United States
1982,Savara,SVRA,1108656256,5.41,United States
1983,Lexicon Pharmaceuticals,LXRX,1106049024,2.49,United States
1984,Bowhead Specialty Holdings,BOW,1099417472,33.48,United States
1985,Securitize Corp.,SECZ,1098625664,7.42,United States
1986,Alto Neuroscience,ANRO,1097310720,28.23,United States
1987,AEVEX Corp.,AVEX,1094395008,19.38,United States
1988,Lumexa Imaging,LMRI,1090516352,11.35,United States
1989,Pacira Biosciences,PCRX,1086789632,27.62,United States
1990,Middlesex Water Company,MSEX,1085976576,57.63,United States
1991,Nutex Health,NUTX,1085875328,157.8,United States
1992,Newsmax,NMAX,1079782912,8.36,United States
1993,Evolv Technologies,EVLV,1079228416,6.0,United States
1994,Cullinan Therapeutics,CGEM,1078588672,17.55,United States
1995,Trupanion,TRUP,1075244672,24.65,United States
1996,eXp World Holdings,EXPI,1073469056,6.74,United States
1997,Mercantile Bank,MBWM,1070517504,61.93,United States
1998,Entravision Communications,EVC,1070415744,11.63,United States
1999,ZoomInfo,GTM,1066879296,3.62,United States
2000,Horizon Bancorp,HBNC,1062735360,20.8,United States
2001,Phoenix Education Partners,PXED,1060513792,29.42,United States
2002,Equity Bancshares,EQBK,1060023616,51.54,United States
2003,Chimera Investment Corporation,CIM,1058958528,12.66,United States
2004,Arbor Realty Trust,ABR,1058241472,5.22,United States
2005,CNB Financial Corp,CCNE,1058162880,35.72,United States
2006,"Strive Asset Management, LLC",ASST,1044521728,12.42,United States
2007,Groupon,GRPN,1044179584,27.49,United States
2008,Abacus Global Management,ABX,1041716864,10.86,United States
2009,PROCEPT BioRobotics,PRCT,1040476480,18.28,United States
2010,Kforce,KFRC,1039975616,58.07,United States
2011,BlackSky Technology,BKSY,1039818432,25.41,United States
2012,Daktronics,DAKT,1039572736,21.53,United States
2013,Cricut,CRCT,1036899264,4.94,United States
2014,Central Pacific Financial,CPF,1031998720,39.99,United States
2015,Douglas Dynamics,PLOW,1031383552,44.6,United States
2016,MetroCity Bankshares,MCBS,1030615104,35.96,United States
2017,Olema Pharmaceuticals,OLMA,1027206272,11.76,United States
2018,Service Properties Trust,SVC,1027172864,7.93,United States
2019,WhiteFiber,WYFI,1027138176,26.6,United States
2020,"Apnimed, Inc.",APMD,1023854016,25.71,United States
2021,NB Bancorp,NBBK,1021847104,23.32,United States
2022,Flotek Industries,FTK,1020566784,28.21,United States
2023,MidWestOne Financial Group,MOFG,1017475776,49.31,United States
2024,Alpha &amp; Omega Semiconductor,AOSL,1011021120,33.78,United States
2025,Papa John's Pizza,PZZA,1010749824,30.72,United States
2026,Camden National Corporation,CAC,1009890176,59.77,United States
2027,"Sinclair, Inc.",SBGI,1009596480,13.99,United States
2028,CEVA,CEVA,1009066368,36.22,United States
2029,Glass House Brands,GLASF,1007483904,11.81,United States
2030,Ventyx Biosciences,VTYX,1004502016,14.0,United States
2031,Simply Good Foods,SMPL,1002038848,11.33,United States
2032,Replimune,REPL,1000626304,11.92,United States
2033,Koppers Holdings,KOP,999862656,51.99,United States
2034,Emerald Holding,EEX,997505920,5.04,United States
2035,"Eve Holding, Inc.",EVEX,996151040,2.86,United States
2036,Ridgepost Capital,RPC,994903360,9.04,United States
2037,Heartland Express,HTLD,990318272,12.78,United States
2038,Accel Entertainment,ACEL,989737600,12.16,United States
2039,Grocery Outlet,GO,988237440,9.99,United States
2040,Whitestone REIT,WSR,988012416,18.99,United States
2041,First Financial,THFF,984530112,82.79,United States
2042,Barrett Business Services,BBSI,984350720,40.08,United States
2043,Red Violet,RDVT,983815104,69.73,United States
2044,Trustco Bank,TRST,983196736,57.74,United States
2045,N-Able,NABL,981450880,5.21,United States
2046,American Public Education,APEI,979909120,53.42,United States
2047,Global Medical REIT,GMRE,979776256,35.98,United States
2048,EyePoint Pharmaceuticals,EYPT,978427904,11.67,United States
2049,OPKO Health,OPK,977689984,1.31,United States
2050,Southside Bancshares,SBSI,976451200,32.82,United States
2051,NANO Nuclear Energy,NNE,975695296,18.17,United States
2052,National Presto Industries,NPK,975011776,136.06,United States
2053,Janux Therapeutics,JANX,973310272,15.96,United States
2054,ASA Gold and Precious Metals,ASA,970961600,51.68,United States
2055,Mid Penn Bancorp,MPB,970541952,38.33,United States
2056,Centerspace,CSR,967506624,54.59,United States
2057,Unitil Corporation,UTL,964487424,53.61,United States
2058,Enovix,ENVX,959875136,4.4,United States
2059,Hanmi Financial,HAFC,959780352,32.37,United States
2060,Marcus Corporation,MCS,959496832,31.12,United States
2061,Odyssey Therapeutics,ODTX,958705088,19.96,United States
2062,Quanex Building Products,NX,958516672,20.87,United States
2063,Tronox,TROX,947573120,5.94,United States
2064,Sana Biotechnology,SANA,946191424,3.4,United States
2065,Reformation Inc.,REF,945219328,16.0,United States
2066,Omeros Corporation,OMER,936537024,12.94,United States
2067,Root Insurance,ROOT,935650624,59.12,United States
2068,Lucky Strike Entertainment,LUCK,928762304,6.81,United States
2069,MFA Financial,MFA,928033216,9.09,United States
2070,Array Technologies,ARRY,924496576,6.01,United States
2071,JBG SMITH,JBGS,923442304,11.98,United States
2072,Limbach Holdings,LMB,919233472,77.11,United States
2073,Adaptive Biotechnologies,ADPT,916254080,22.9,United States
2074,Standard Motor Products,SMP,915243456,41.11,United States
2075,AdaptHealth,AHCO,912923328,6.71,United States
2076,Covenant Logistics,CVLG,911944896,36.23,United States
2077,Employers Holdings,EIG,910777216,50.71,United States
2078,Beazer Homes USA,BZH,910489728,33.31,United States
2079,SmartFinancial (SmartBank),SMBK,910151680,53.23,United States
2080,Bioventus,BVS,909178816,13.42,United States
2081,LSI Industries,LYTS,907897728,24.73,United States
2082,Ryerson,RYI,907088320,28.16,United States
2083,United States Antimony Corporation,UAMY,906895936,6.12,United States
2084,Diversified Energy,DEC.L,905540925,13.107,United States
2085,World Acceptance Corporation,WRLD,902395776,193.63,United States
2086,Heritage Insurance,HRTG,902150976,29.8,United States
2087,Capital City Bank Group,CCBG,901699520,52.69,United States
2088,Winnebago Industries,WGO,901212224,31.88,United States
2089,QuinStreet,QNST,897871104,15.63,United States
2090,Metallus,MTUS,897495488,21.56,United States
2091,Oxford Lane Capital,OXLC,897400256,9.19,United States
2092,Barings BDC,BBDC,897337920,8.57,United States
2093,Great Southern Bancorp,GSBC,892742080,82.02,United States
2094,Apollo Commercial Real Estate Finance,ARI,889131840,6.79,United States
2095,Apogee Enterprises,APOG,887528512,42.53,United States
2096,Nextdoor,NXDR,881005568,2.31,United States
2097,Matthews International Corporation,MATW,879908800,28.2,United States
2098,Navient,NAVI,879740928,9.36,United States
2099,Movado Group,MOV,878864768,39.54,United States
2100,Amphastar Pharmaceuticals,AMPH,877449088,19.9,United States
2101,Mama's Creations,MAMA,876938944,18.86,United States
2102,Sun Country Airlines,SNCY,876356672,16.17,United States
2103,Eastman Kodak Company,KODK,874308480,8.93,United States
2104,Southern Missouri Bancorp,SMBC,873511296,79.33,United States
2105,Annexon,ANNX,873280768,5.33,United States
2106,Arbutus Biopharma,ABUS,873116672,4.42,United States
2107,HomeTrust Bancshares,HTB,871357376,51.85,United States
2108,HealthStream,HSTM,870612608,29.8,United States
2109,Hippo Holdings,HIPO,869266112,32.94,United States
2110,Ibotta,IBTA,869087296,37.34,United States
2111,Postal Realty Trust,PSTL,868580416,23.11,United States
2112,PagerDuty,PD,865371840,11.29,United States
2113,Eagle Bancorp,EGBN,864707968,28.36,United States
2114,HighPeak Energy,HPK,864289472,6.84,United States
2115,Talkspace,TALK,862689728,5.15,United States
2116,Transcat,TRNS,860072960,91.89,United States
2117,Geron,GERN,859638080,1.34,United States
2118,Sable Offshore,SOC,858818560,4.48,United States
2119,South Plains Financial,SPFI,857179264,45.5,United States
2120,IperionX,IPX,856447104,23.65,United States
2121,Alerus Financial,ALRS,852516032,34.12,United States
2122,Orrstown Financial Services,ORRF,851929152,43.36,United States
2123,Solid Biosciences,SLDB,848635584,8.62,United States
2124,Verra Mobility,VRRM,847639104,5.58,United States
2125,Petco,WOOF,845273152,2.96,United States
2126,EverQuote,EVER,844006464,23.86,United States
2127,Kura Oncology,KURA,840693312,9.47,United States
2128,Financial Institutions,FISI,840608000,42.7,United States
2129,Sky Harbour Group,SKYH,840276800,10.98,United States
2130,ARKO Corp.,ARKO,840271040,7.49,United States
2131,Bain Capital Specialty Finance,BCSF,839398464,12.94,United States
2132,Viant Technology,DSP,838609792,12.78,United States
2133,Sabre,SABR,838064128,2.12,United States
2134,Compass Diversified Holdings,CODI,835871552,11.11,United States
2135,Forum Energy Technologies,FET,835599744,74.3,United States
2136,Aclaris Therapeutics,ACRS,835188800,5.98,United States
2137,ASGN,ASGN,833931008,19.53,United States
2138,PennyMac Mortgage Investment Trust,PMT,831038464,9.53,United States
2139,Fox Factory Holding,FOXF,830335360,19.8,United States
2140,Heritage Commerce,HTBK,828429632,13.45,United States
2141,Peapack-Gladstone Financial,PGC,827271040,46.69,United States
2142,Daily Journal,DJCO,826857920,600.15,United States
2143,Design Therapeutics,DSGN,826077824,13.2,United States
2144,Cantaloupe,CTLP,825815936,11.2,United States
2145,Shore Bancshares,SHBI,822376064,24.61,United States
2146,Scholastic,SCHL,820710656,43.51,United States
2147,Karat Packaging,KRT,820309760,41.09,United States
2148,Esperion Therapeutics,ESPR,819464832,3.18,United States
2149,CrossAmerica Partners,CAPL,819173504,21.47,United States
2150,CTO Realty Growth,CTO,819057216,21.85,United States
2151,SI-BONE,SIBN,817800832,18.44,United States
2152,GCM Grosvenor,GCMG,816380416,13.52,United States
2153,Park Aerospace,PKE,807622528,37.13,United States
2154,SpyGlass Pharma,SGP,806078208,24.11,United States
2155,Alight,ALIT,804689984,17.18,United States
2156,Montrose Environmental,MEG,800798912,22.14,United States
2157,Mitek Systems,MITK,800214848,17.72,United States
2158,Hovnanian Enterprises,HOV,798663104,136.3,United States
2159,ThredUp,TDUP,796182016,6.17,United States
2160,Monopar Therapeutics,MNPR,793570880,118.46,United States
2161,MarineMax,HZO,792572992,35.98,United States
2162,Independent Bank Corporation,IBCP,792167552,38.45,United States
2163,First Watch Restaurant,FWRG,789054528,12.8,United States
2164,LightPath Technologies,LPTH,784239680,12.49,United States
2165,Peakstone Realty Trust,PKST,780562688,20.99,United States
2166,Westrock Coffee,WEST,778512512,7.98,United States
2167,Frequency Electronics,FEIM,770717760,70.34,United States
2168,Janus International Group,JBI,770617408,5.65,United States
2169,indie Semiconductor,INDI,769090496,3.64,United States
2170,Kopin Corporation,KOPN,769000320,4.15,United States
2171,CryoPort,CYRX,767123200,15.22,United States
2172,ProFrac,ACDC,765294784,4.23,United States
2173,Bloomin' Brands,BLMN,763679424,8.92,United States
2174,Washington Trust Bancorp,WASH,761314304,39.92,United States
2175,Bright Minds Biosciences,DRUG,758962880,77.35,United States
2176,MediaAlpha,MAX,758448000,12.38,United States
2177,Hudson Pacific Properties,HPP,758303488,13.98,United States
2178,Shattuck Labs,STTK,756424704,7.92,United States
2179,NioCorp Developments,NB,755596736,5.19,United States
2180,Golden Entertainment,GDEN,753686080,28.55,United States
2181,SunCoke Energy,SXC,752839872,8.87,United States
2182,Westlake Chemical Partners,WLKP,750737216,21.3,United States
2183,American Bitcoin Corp,ABTC,749080000,6.14,United States
2184,Green Dot,GDOT,748211712,13.2,United States
2185,Summit Hotel Properties,INN,746635392,6.89,United States
2186,"MNTN, Inc.",MNTN,742937088,10.05,United States
2187,Shentel,SHEN,741886720,13.4,United States
2188,Aura Biosciences,AURA,739570368,7.15,United States
2189,Third Coast Bancshares,TCBX,734118272,44.12,United States
2190,Riley Exploration Permian,REPX,730285632,33.66,United States
2191,Hyliion,HYLN,729358400,4.09,United States
2192,Carlyle Secured Lending,CGBD,729024832,10.49,United States
2193,Cass Information Systems,CASS,728870784,57.05,United States
2194,CytomX Therapeutics,CTMX,722773632,3.32,United States
2195,Once Upon A Farm,OFRM,721133952,17.21,United States
2196,Donegal Group,DGICA,720985280,19.46,United States
2197,Peoples Financial Services,PFIS,720546240,71.98,United States
2198,Rapid7,RPD,720434048,10.78,United States
2199,SLR Investment,SLRC,719030080,13.18,United States
2200,PAR Technology,PAR,718921280,17.43,United States
2201,Kronos Worldwide,KRO,717931456,6.24,United States
2202,"TXO Partners, L.P.",TXO,717047744,12.98,United States
2203,Midland States Bancorp,MSBI,716570432,34.53,United States
2204,Rigel Pharmaceuticals,RIGL,716030528,38.7,United States
2205,PennantPark Floating Rate Capital Ltd.,PFLT,715361024,7.21,United States
2206,Hallador Energy Company,HNRG,713082816,15.13,United States
2207,XOMA Royalty,XOMA,710155008,40.17,United States
2208,"Lincoln International, Inc.",LCLN,709652864,20.43,United States
2209,ADTRAN,ADTN,709543360,8.76,United States
2210,Ironwood Pharmaceuticals,IRWD,709483776,4.31,United States
2211,Consensus Cloud Solutions,CCSI,708321088,38.5,United States
2212,Mayville Engineering Company,MEC,706948800,27.73,United States
2213,Enhabit,EHAB,706913408,13.8,United States
2214,Phreesia,PHR,706697856,11.44,United States
2215,LSB Industries,LXU,706295552,9.81,United States
2216,CeriBell,CBLL,702698816,18.52,United States
2217,American Woodmark,AMWD,700651840,48.09,United States
2218,Community West Bancshares,CWBC,700333824,25.81,United States
2219,Velocity Financial,VEL,699529088,17.82,United States
2220,California BanCorp,BCAL,692615168,21.57,United States
2221,AH Realty Trust,AHRT,690628416,7.1,United States
2222,Neurogene,NGNE,686490304,34.41,United States
2223,Gyre Therapeutics,GYRE,685656448,6.15,United States
2224,Phathom Pharmaceuticals,PHAT,683612864,8.45,United States
2225,Bar Harbor Bankshares,BHB,682390400,40.73,United States
2226,loanDepot,LDI,681001664,1.05,United States
2227,Tactile Medical,TCMD,679845632,30.14,United States
2228,Sweetgreen,SG,678505920,5.71,United States
2229,Udemy,UDMY,677283328,4.63,United States
2230,Camping World,CWH,675542784,6.54,United States
2231,GMR Solutions Inc.,GMRS,675146368,12.5,United States
2232,Arrow Financial,AROW,674218688,40.79,United States
2233,PRA Group,PRAA,672423808,17.63,United States
2234,Dakota Gold,DC,672319040,5.02,United States
2235,Red River Bancshares,RRBI,671145152,101.925,United States
2236,Gladstone Investment,GAIN,671000192,16.85,United States
2237,Enviri Corporation,NVRI,670800320,23.86,United States
2238,Smith &amp; Wesson,SWBI,669564224,14.97,United States
2239,Latham Group,SWIM,669246080,5.7,United States
2240,OTC Markets Group,OTCM,668391744,55.5,United States
2241,ACNB Corporation,ACNB,668174016,65.43,United States
2242,Cars.com,CARS,668041152,11.95,United States
2243,Hingham Institution for Savings,HIFS,667810176,303.93,United States
2244,Cogent Communications,CCOI,666032960,13.3,United States
2245,Satellogic,SATL,665615936,4.49,United States
2246,Tiptree,TIPT,664728512,17.85,United States
2247,Immix Biopharma,IMMX,664202240,9.33,United States
2248,Bally's Corporation,BALY,663745664,13.56,United States
2249,Reservoir Media,RSVR,662092160,10.06,United States
2250,Chatham Lodging Trust,CLDT,661601920,13.48,United States
2251,Cannae Holdings,CNNE,660425792,15.03,United States
2252,REGENXBIO,RGNX,659408512,10.3,United States
2253,NETGEAR,NTGR,659188032,24.56,United States
2254,Helen of Troy,HELE,657767744,28.24,United States
2255,Village Super Market,VLGEA,656356608,44.32,United States
2256,Allogene Therapeutics,ALLO,655793664,1.9,United States
2257,Beta Bionics,BBNX,655499712,14.57,United States
2258,Vitesse Energy,VTS,653633664,15.67,United States
2259,Kimball Electronics,KE,652928256,27.15,United States
2260,KinderCare Learning Companies,KLC,648987072,5.48,United States
2261,Legacy Housing Corporation,LEGH,648286400,27.26,United States
2262,Armada Hoffler Properties,AHH,647902656,6.25,United States
2263,Carriage Services,CSV,642987968,40.51,United States
2264,Northfield Bancorp,NFBK,639406784,15.31,United States
2265,Franklin BSP Realty Trust,FBRT,638619264,7.69,United States
2266,Insteel Industries,IIIN,637660672,32.94,United States
2267,Nuvectis Pharma,NVCT,633663232,20.1,United States
2268,PubMatic,PUBM,633486976,13.64,United States
2269,Gogo Inflight Internet,GOGO,630211520,4.66,United States
2270,BrightSpire Capital,BRSP,630090368,4.98,United States
2271,Ramaco Resources,METC,629598464,9.64,United States
2272,Hyster-Yale Materials Handling,HY,629385664,35.13,United States
2273,Granite Ridge Resources,GRNT,629143872,4.77,United States
2274,AngioDynamics,ANGO,627838976,15.19,United States
2275,"Sturm, Ruger &amp; Co",RGR,625229184,39.13,United States
2276,Forge Global,FRGE,623007296,45.0,United States
2277,Columbus McKinnon,CMCO,622491520,21.59,United States
2278,MiMedx Group,MDXG,622397184,4.27,United States
2279,Zevra Therapeutics,ZVRA,621890688,10.52,United States
2280,TPG Real Estate Finance Trust,TRTX,618465664,8.0,United States
2281,NVE Corporation,NVEC,617851328,127.73,United States
2282,Gladstone Commercial,GOOD,613250688,12.56,United States
2283,Kearny Financial,KRNY,612966144,9.74,United States
2284,Ginkgo Bioworks,DNA,612090496,9.37,United States
2285,i3 Verticals,IIIV,610024256,21.84,United States
2286,NerdWallet,NRDS,609296768,9.26,United States
2287,Ethan Allen,ETD,607913024,23.89,United States
2288,MasterCraft Boat,MCFT,607736768,25.09,United States
2289,Southern First Bancshares,SFST,607328960,64.12,United States
2290,"Citi Trends, Inc.",CTRN,605080128,72.64,United States
2291,Civista Bancshares,CIVB,604904384,29.09,United States
2292,Northpointe Bancshares,NPB,603107328,17.44,United States
2293,Unity Bancorp,UNTY,602755328,60.03,United States
2294,Northrim BanCorp,NRIM,602388288,27.08,United States
2295,WhiteHawk Minerals Corp,WHK,602280448,26.19,United States
2296,First Business Financial Services,FBIZ,601933248,71.93,United States
2297,OneSpan,OSPN,600950848,16.21,United States
2298,TaskUs,TASK,598921472,6.54,United States
2299,Contineum Therapeutics,CTNM,598176000,15.9,United States
2300,Altimmune,ALT,597035648,3.07,United States
2301,ParkOhio Holdings Corp.,PKOH,594644352,41.3,United States
2302,DoubleDown Interactive,DDI,594641280,12.0,United States
2303,Ooma,OOMA,591807744,21.54,United States
2304,Energy Vault,NRGV,590840000,3.26,United States
2305,Rayonier Advanced Materials,RYAM,590761728,8.76,United States
2306,CorMedix,CRMD,589958208,7.52,United States
2307,Greene County Bancorp,GCBC,589592512,34.63,United States
2308,Redwood Trust,RWT,589096832,4.69,United States
2309,Grid Dynamics,GDYN,588169856,7.25,United States
2310,Kura Sushi USA,KRUS,587809088,48.38,United States
2311,MapLight Therapeutics,MPLT,586773056,12.94,United States
2312,Universal Health Realty Income Trust,UHT,586523008,42.2,United States
2313,Bridgewater Bancshares,BWB,584444928,20.96,United States
2314,iHeartMedia,IHRT,581936704,3.85,United States
2315,3D Systems,DDD,581492160,3.56,United States
2316,Arvinas,ARVN,580690816,9.0,United States
2317,Oxford Industries,OXM,579170880,38.79,United States
2318,Miller Industries,MLR,579130304,50.82,United States
2319,Industrial Logistics Properties Trust,ILPT,579020544,8.675,United States
2320,BitGo,BTGO,577477824,4.98,United States
2321,PowerFleet,AIOT,575829184,4.29,United States
2322,Relmada Therapeutics,RLMD,574280768,5.47,United States
2323,Malibu Boats,MBUU,574187072,29.24,United States
2324,Yext,YEXT,572416704,5.71,United States
2325,Home Bancorp,HBCP,570708096,72.51,United States
2326,Envela Corporation,ELA,569379008,21.93,United States
2327,Stitch Fix,SFIX,567059904,4.25,United States
2328,Mesa Laboratories,MLAB,565966208,101.14,United States
2329,AlTi Global,ALTI,564018368,3.72,United States
2330,Contango Ore,CTGO,561418432,16.76,United States
2331,AMERISAFE,AMSF,556998336,29.78,United States
2332,Advantage Solutions,ADV,554679104,41.72,United States
2333,Cytek Biosciences,CTKB,552730304,4.28,United States
2334,Priority Technology Holdings,PRTH,552603200,6.71,United States
2335,Vaalco Energy,EGY,551112576,5.15,United States
2336,Brandywine Realty Trust,BDN,550666560,3.17,United States
2337,Tectonic Therapeutic,TECX,550414144,29.17,United States
2338,"Deep Fission, Inc.",FISN,549033152,9.1,United States
2339,Investors Title Company,ITIC,546688128,289.56,United States
2340,Weave Communications,WEAV,546615872,6.87,United States
2341,AdvanSix,ASIX,546190080,20.26,United States
2342,Cooper Standard,CPS,546152512,30.76,United States
2343,Quad,QUAD,543952960,10.55,United States
2344,EVgo,EVGO,542976704,1.73,United States
2345,ASP Isotopes,ASPI,540125760,4.29,United States
2346,Zura Bio,ZURA,539871232,5.69,United States
2347,Olympic Steel,ZEUS,538983936,47.86,United States
2348,Prime Medicine,PRME,538240000,2.98,United States
2349,Artiva Biotherapeutics,ARTV,537871360,11.07,United States
2350,Bankwell Financial Group,BWFG,537392320,67.4,United States
2351,One Liberty Properties,OLP,536758432,24.6,United States
2352,4D Molecular Therapeutics,FDMT,536354400,10.26,United States
2353,OrthoPediatrics,KIDS,536302656,20.88,United States
2354,GAMCO Investors,GAMI,536244096,24.9,United States
2355,Methode Electronics,MEI,535624320,15.1,United States
2356,EagleRock Land,EROK,535579552,21.9,United States
2357,RE/MAX Holdings,RMAX,534568512,9.7,United States
2358,American Coastal Insurance Corporation,ACIC,534558432,11.03,United States
2359,Gemini Space Station,GEMI,532282048,4.21,United States
2360,Krispy Kreme,DNUT,530992000,3.08,United States
2361,Bed Bath &amp; Beyond,BBBY,529669344,5.56,United States
2362,ARS Pharmaceuticals,SPRY,528293376,5.32,United States
2363,Kelly Services,KELYA,528011776,15.23,United States
2364,Fulgent Genetics,FLGT,526831552,18.55,United States
2365,Sprout Social,SPT,525923456,8.75,United States
2366,Sierra Bancorp,BSRR,524823136,40.485,United States
2367,Flushing Financial Corp,FFIC,524179680,15.47,United States
2368,Spire Global,SPIR,521831648,13.48,United States
2369,Varex Imaging,VREX,521352000,12.37,United States
2370,Vital Farms,VITL,520608736,12.15,United States
2371,Orange County Bancorp,OBT,520226656,38.8,United States
2372,The Manitowoc Company,MTW,518893472,14.45,United States
2373,Paysign,PAYS,518805536,9.28,United States
2374,Eikon Therapeutics,EIKN,517565312,9.56,United States
2375,Solid Power,SLDP,517462496,2.3,United States
2376,Veradigm,MDRX,516615808,4.74,United States
2377,Ur-Energy,URG,516531360,1.3,United States
2378,Universal Logistics Holdings,ULH,513154176,19.46,United States
2379,The Oncology Institute,TOI,512912480,5.13,United States
2380,Verastem Oncology,VSTM,510545856,5.81,United States
2381,Eagle Point Credit Company,ECC,509003744,3.85,United States
2382,W&amp;T Offshore,WTI,508819744,3.42,United States
2383,Oil States International,OIS,507313216,8.41,United States
2384,Wabash National,WNC,507177792,12.45,United States
2385,Mativ Holdings,MATV,507080320,9.2,United States
2386,MISTRAS Group,MG,506839712,15.93,United States
2387,Community Healthcare Trust,CHCT,506006400,17.71,United States
2388,Johnson Outdoors,JOUT,505718112,48.28,United States
2389,El Pollo Loco,LOCO,503121536,16.52,United States
2390,York Water,YORW,502327424,30.99,United States
2391,Bluelinx,BXC,501653184,64.46,United States
2392,AMC Networks,AMCX,500775904,11.4,United States
2393,SandRidge Energy,SD,500242432,13.55,United States
2394,Ponce Financial Group,PDLB,499722016,20.66,United States
2395,BioAge Labs,BIOA,497870624,11.2,United States
2396,"ERock, Inc.",EROC,494265504,10.26,United States
2397,Sagimet Biosciences,SGMT,493396928,7.99,United States
2398,Orthofix Medical,OFIX,493144160,12.2,United States
2399,ProKidney,PROK,492357184,1.63,United States
2400,Bit Digital,BTBT,491986784,1.41,United States
2401,First Foundation,FFWM,489265120,5.9,United States
2402,West Bancorporation,WTBA,487621536,28.61,United States
2403,Magnera,MAGN,487364000,13.69,United States
2404,Bank7,BSVN,485581312,51.01,United States
2405,IBEX,IBEX,485489312,36.26,United States
2406,Pangaea Logistics Solutions,PANL,485378752,7.42,United States
2407,Bumble,BMBL,485374784,3.2,United States
2408,Serve Robotics,SERV,484163424,5.69,United States
2409,Forward Air,FWRD,483863200,15.3,United States
2410,Titan International,TWI,483422208,7.49,United States
2411,Ranpak,PACK,482819168,5.63,United States
2412,NeuroPace,NPCE,482085536,14.14,United States
2413,Strata Critical Medical,SRTA,481952992,5.57,United States
2414,Idaho Strategic Resources,IDR,481884480,30.48,United States
2415,Blend Labs,BLND,481812160,1.99,United States
2416,Zion Oil &amp; Gas,ZNOG,480613664,0.406,United States
2417,Commercial Bancgroup,CBK,480366560,35.06,United States
2418,Q32 Bio,QTTB,479945920,16.155,United States
2419,Farmers &amp; Merchants Bancorp,FMAO,478719904,34.77,United States
2420,Caleres,CAL,478653856,14.25,United States
2421,Rezolute,RZLT,478572864,4.97,United States
2422,Bank of Marin Bancorp,BMRC,477505024,29.5,United States
2423,Hertz,HTZ,476804416,1.51,United States
2424,Ovid Therapeutics,OVID,474065824,2.54,United States
2425,LendingTree,TREE,473975552,33.76,United States
2426,The Elmet Group,ELMT,473681856,15.8,United States
2427,Diamond Hill Investment Group,DHIL,473290400,174.99,United States
2428,Shoe Carnival,SCVL,473247296,17.43,United States
2429,Kyverna Therapeutics,KYTX,472986752,7.78,United States
2430,Evommune,EVMN,472200832,13.11,United States
2431,Shoulder Innovations,SI,470550368,22.69,United States
2432,Energy Recovery,ERII,470092768,9.12,United States
2433,Aquestive Therapeutics,AQST,469246560,3.74,United States
2434,Calavo Growers,CVGW,466334752,26.09,United States
2435,KKR Real Estate Finance Trust,KREF,459747968,7.15,United States
2436,Rimini Street,RMNI,459311520,4.92,United States
2437,Clearfield,CLFD,458508416,33.74,United States
2438,Intrepid Potash,IPI,456185696,33.96,United States
2439,RBB Bancorp,RBB,455392512,26.81,United States
2440,Havertys,HVT,455176608,28.28,United States
2441,Citizens &amp; Northern Corp,CZNC,455011776,25.36,United States
2442,Titan Machinery,TITN,453926464,19.48,United States
2443,Eventbrite,EB,452958144,4.51,United States
2444,Cabaletta Bio,CABA,451661792,2.77,United States
2445,Tejon Ranch,TRC,451047072,16.71,United States
2446,Quantum Corporation,QMCO,450838016,11.45,United States
2447,Claritev,CTEV,450061600,26.4,United States
2448,Lifeway Foods,LWAY,448523424,29.35,United States
2449,Pacific Biosciences,PACB,447266464,1.44,United States
2450,Barnes &amp; Noble Education,BNED,446553088,12.89,United States
2451,WideOpenWest,WOW,445855520,5.2,United States
2452,Acacia Research,ACTG,445275936,4.61,United States
2453,NewtekOne,NEWT,444923712,15.4,United States
2454,Ocugen,OCGN,444234592,1.31,United States
2455,Dine Brands Global,DIN,442078336,34.85,United States
2456,NRC Health,NRC,441493888,19.59,United States
2457,Cerus Corporation,CERS,441339520,2.19,United States
2458,Boston Omaha,BOC,440833888,14.59,United States
2459,Gray Media,GTN,440747968,4.29,United States
2460,Andersen Group,ANDG,440472992,34.82,United States
2461,"Suja Life, Inc.",SUJA,440325120,11.4,United States
2462,Genesco,GCO,438725440,39.5,United States
2463,L.B. Foster,FSTR,437904928,41.87,United States
2464,Gladstone Capital Corporation,GLAD,437175872,19.35,United States
2465,Pioneer Bancorp,PBFS,430568672,17.17,United States
2466,FRP Holdings,FRPH,430564384,22.46,United States
2467,Marqeta,MQ,430390752,4.06,United States
2468,Benitec Biopharma,BNTC,430116288,12.52,United States
2469,Build-A-Bear Workshop,BBW,429783520,34.28,United States
2470,SCYNEXIS,SCYX,428990208,5.4,United States
2471,Farmland Partners,FPI,428256416,9.75,United States
2472,The Honest Company,HNST,428205824,3.89,United States
2473,Cross Country Healthcare,CCRN,428060928,13.25,United States
2474,Larimar Therapeutics,LRMR,426958880,4.11,United States
2475,Sutro Biopharma,STRO,425363168,25.67,United States
2476,Editas Medicine,EDIT,425089280,2.77,United States
2477,Cerence,CRNC,424313536,9.39,United States
2478,PureTech Health,PRTC,424034496,17.42,United States
2479,Xerox,XRX,423914880,3.23,United States
2480,Plumas Bancorp,PLBC,422923712,60.73,United States
2481,Investar Holding,ISTR,420899104,30.55,United States
2482,USANA,USNA,420587424,22.78,United States
2483,Star Group,SGU,419945984,12.79,United States
2484,Summit Midstream,SMC,419677984,30.38,United States
2485,OPAL Fuels,OPAL,419415808,2.4,United States
2486,Aspen Aerogels,ASPN,419359936,5.06,United States
2487,Community Health Systems,CYH,417387712,2.96,United States
2488,Orion Group Holdings,ORN,412242048,10.18,United States
2489,Clean Energy Fuels,CLNE,411820064,1.87,United States
2490,Alto Ingredients,ALTO,409901184,5.29,United States
2491,Swarmer,SWMR,409436800,37.71,United States
2492,Monro,MNRO,409334080,13.1,United States
2493,"Merlin, Inc.",MRLN,409261952,4.24,United States
2494,Everspin Technologies,MRAM,408456768,17.42,United States
2495,Paysafe,PSFE,408243200,7.9,United States
2496,Primis Financial,FRST,408009344,16.4,United States
2497,Parke Bancorp,PKBK,405253696,34.22,United States
2498,X4 Pharmaceuticals,XFOR,404631488,4.29,United States
2499,Acco Brands,ACCO,403384064,4.37,United States
2500,Evolus,EOLS,403031072,6.12,United States
2501,First Bancorp,FNLC,402201184,35.66,United States
2502,Nathan's Famous,NATH,401661120,98.1,United States
2503,C4 Therapeutics,CCCC,399147680,3.61,United States
2504,Radiant Logistics,RLGT,399005792,8.52,United States
2505,MVB Financial,MVBF,397704448,30.95,United States
2506,Aimco,AIV,397194112,2.67,United States
2507,Puma Biotechnology,PBYI,397015776,7.8,United States
2508,NexPoint Real Estate Finance,NREF,395956832,17.19,United States
2509,PCB Bancorp,PCB,395264768,28.13,United States
2510,Lands' End,LE,395020160,12.85,United States
2511,"Mobia Medical, Inc.",MOBI,393668224,11.84,United States
2512,TruBridge,TBRG,393577312,26.24,United States
2513,Emergent BioSolutions,EBS,390583968,7.57,United States
2514,Weyco Group,WEYS,390438976,40.96,United States
2515,Abeona Therapeutics,ABEO,388706880,6.82,United States
2516,National CineMedia,NCMI,388250368,4.14,United States
2517,Ribbon Communications,RBBN,388046720,2.17,United States
2518,Valhi,VHI,387741408,13.7,United States
2519,Enanta Pharmaceuticals,ENTA,387324000,13.32,United States
2520,ATN International,ATNI,386520832,25.13,United States
2521,First Carolina Financial Services,FCBM,383818592,12.69,United States
2522,Xperi,XPER,383758080,7.95,United States
2523,M-tron Industries,MPTI,382274848,88.46,United States
2524,Movano,MOVE,379438752,13.73,United States
2525,Virgin Galactic,SPCE,379184960,2.95,United States
2526,Waterstone Financial,WSBF,378392576,20.96,United States
2527,Rocky Brands,RCKY,377914272,50.47,United States
2528,Gevo,GEVO,377287552,1.55,United States
2529,Perma-Fix Environmental Services,PESI,377211200,17.79,United States
2530,Viemed Healthcare,VMD,377042432,9.835,United States
2531,Atea Pharmaceuticals,AVIR,376127328,4.7,United States
2532,Rocket Pharmaceuticals,RCKT,375625824,3.44,United States
2533,Orion S.A.,OEC,375548384,6.66,United States
2534,Transcontinental Realty Investors,TCI,375464704,43.46,United States
2535,Innovative Aerosystems,ISSC,374853088,20.95,United States
2536,Ranger Energy Services,RNGR,374432384,16.0,United States
2537,Open Lending,LPRO,371532640,3.14,United States
2538,Richtech Robotics,RR,371169312,1.66,United States
2539,Simulations Plus,SLP,371125792,18.35,United States
2540,International Money Express,IMXI,370162272,12.3,United States
2541,Strattec Security,STRT,369740160,88.48,United States
2542,Upstream Bio,UPB,369511712,6.79,United States
2543,Dave & Buster's,PLAY,369108064,10.61,United States
2544,Clearwater Paper,CLW,368462048,22.85,United States
2545,Genie Energy,GNE,367803552,13.93,United States
2546,MGP Ingredients,MGPI,366394848,17.11,United States
2547,ZipRecruiter,ZIP,366036224,4.49,United States
2548,Telos,TLS,365117600,4.88,United States
2549,Repay Holdings,RPAY,364679488,4.14,United States
2550,Southern States Bancshares,SSBK,361068608,36.37,United States
2551,NACCO Industries,NC,360064128,47.75,United States
2552,Prelude Therapeutics,PRLD,359996768,4.52,United States
2553,Fossil Group,FOSL,359928768,6.09,United States
2554,Nature's Sunshine Products,NATR,359786464,20.46,United States
2555,Presidio Production Company,FTW,359655616,11.48,United States
2556,CompX International,CIX,357738368,29.03,United States
2557,Scribe Therapeutics,SCTX,356975136,22.06,United States
2558,Compass Therapeutics,CMPX,356574080,1.98,United States
2559,"TWFG, Inc.",TWFG,355860928,27.38,United States
2560,Alpine Income Property Trust,PINE,355681248,20.04,United States
2561,Akebia Therapeutics,AKBA,354100896,1.32,United States
2562,One Stop Systems,OSS,353453856,14.27,United States
2563,Gladstone Land,LAND,351994432,8.16,United States
2564,Maui Land &amp; Pineapple Company,MLP,351802144,17.71,United States
2565,Artesian Resources,ARTNA,350824384,33.98,United States
2566,Timberland Bancorp,TSBK,350178944,45.07,United States
2567,AirSculpt Technologies,AIRS,349906560,4.96,United States
2568,Evolent Health,EVH,349816096,3.11,United States
2569,ON24,ONTF,348249024,8.1,United States
2570,Zentalis Pharmaceuticals,ZNTL,347389408,4.88,United States
2571,CapsoVision,CV,346747264,6.94,United States
2572,908 Devices,MASS,346679872,8.45,United States
2573,Twin Disc,TWIN,346436320,24.02,United States
2574,Lexeo Therapeutics,LXEO,346280384,4.41,United States
2575,Agenus,AGEN,345632192,8.3,United States
2576,Matrix Service Company,MTRX,342670304,12.18,United States
2577,Optimum Communications,OPTU,342621792,0.8751,United States
2578,Public Policy Holding Company,PPHC,342382560,11.41,United States
2579,Perspective Therapeutics,CATX,342138592,3.0,United States
2580,Holley,HLLY,340646656,2.83,United States
2581,Verano Holdings,VRNOF,340106912,0.94,United States
2582,Civeo,CVEO,338038400,30.89,United States
2583,Bakkt Holdings,BKKT,337984352,7.56,United States
2584,BayCom (United Business Bank),BCML,337752448,30.96,United States
2585,Zumiez,ZUMZ,336432000,19.94,United States
2586,John Marshall Bancorp,JMSB,336012032,23.81,United States
2587,Designer Brands,DBI,335636512,6.61,United States
2588,Aeluma,ALMU,333889312,18.24,United States
2589,Nano Dimension,NNDM,332600896,1.58,United States
2590,Value Line,VALU,331087904,35.27,United States
2591,Jack in the Box,JACK,329401344,17.27,United States
2592,Xponential Fitness,XPOF,328023552,6.68,United States
2593,Portillo's,PTLO,327885760,4.53,United States
2594,CoastalSouth Bancshares,COSO,327442944,27.28,United States
2595,SuRo Capital,SSSS,326920416,12.54,United States
2596,Beyond Meat,BYND,326572480,0.6337,United States
2597,AIAI Holdings Corporation,AIAI,325553792,4.63,United States
2598,The RMR Group,RMR,324603296,18.99,United States
2599,Saratoga Investment,SAR,322460576,19.77,United States
2600,Funko,FNKO,321636032,5.76,United States
2601,Onity Group,ONIT,321348736,38.11,United States
2602,Standard BioTools,LAB,321195328,0.8205,United States
2603,Hamilton Beach Brands,HBB,321169248,23.71,United States
2604,Newegg,NEGG,320893376,15.3,United States
2605,Vanda Pharmaceuticals,VNDA,320522528,5.33,United States
2606,Ring Energy,REI,319855584,1.26,United States
2607,NI Holdings,NODK,319100768,15.58,United States
2608,Syntec Optics,OPTX,319016640,7.92,United States
2609,8x8,EGHT,317592384,2.24,United States
2610,TechTarget,TTGT,317394528,4.39,United States
2611,Lyell Immunopharma,LYEL,317343616,13.6,United States
2612,American Battery Technology Company,ABAT,316481440,2.32,United States
2613,Flexsteel Industries,FLXS,315619200,77.44,United States
2614,First Western Financial,MYFW,315413664,32.3,United States
2615,CION Investment Corporation,CION,315165696,6.33,United States
2616,Richardson Electronics,RELL,314125504,21.38,United States
2617,Chain Bridge Bancorp,CBNA,313851712,47.83,United States
2618,"TSS, Inc.",TSSI,313586080,11.17,United States
2619,Sanara MedTech,SMTI,313115680,34.06,United States
2620,Regional Management Corp.,RM,312200864,33.84,United States
2621,Omega Flex,OFLX,310703232,30.78,United States
2622,Horizon Technology Finance,HRZN,310588064,4.55,United States
2623,BRC Group Holdings,RILY,308293312,7.67,United States
2624,AerSale,ASLE,307615936,6.51,United States
2625,Treace Medical Concepts,TMCI,307497888,4.74,United States
2626,Sight Sciences,SGHT,306872064,5.64,United States
2627,Organogenesis,ORGO,304958656,2.37,United States
2628,Amtech Systems,ASYS,304922720,17.44,United States
2629,Myriad Genetics,MYGN,303209376,3.17,United States
2630,Gloo Holdings,GLOO,303000128,3.46,United States
2631,Escalade Sports,ESCA,302853632,22.0,United States
2632,PrimeEnergy Resources,PNRG,301724640,186.48,United States
2633,Fate Therapeutics,FATE,299557088,2.57,United States
2634,Jakks Pacific,JAKK,297799232,26.02,United States
2635,"NN, Inc.",NNBR,296772256,3.85,United States
2636,Neumora Therapeutics,NMRA,296454784,1.6,United States
2637,Silvaco Group,SVCO,294220992,8.78,United States
2638,Kingstone Companies,KINS,294187104,20.31,United States
2639,Lightbridge Corporation,LTBR,293301280,8.93,United States
2640,Anavex Life Sciences,AVXL,291916064,3.15,United States
2641,TriSalus Life Sciences,TLSI,291114368,4.74,United States
2642,LCNB Corp.,LCNB,290925984,20.41,United States
2643,LiveWire Group,LVWR,290761792,1.42,United States
2644,OmniAb,OABI,289945152,2.0,United States
2645,Fulcrum Therapeutics,FULC,289929568,3.8,United States
2646,B&amp;G Foods,BGS,288954528,3.56,United States
2647,Microvast,MVST,287748032,0.8637,United States
2648,Duos Technologies Group,DUOT,287744864,9.16,United States
2649,Princeton Bancorp,BPRN,287737024,42.245,United States
2650,OraSure Technologies,OSUR,287098464,4.17,United States
2651,J.Jill,JILL,287067168,19.2,United States
2652,Ready Capital,RC,287057120,1.59,United States
2653,NL Industries,NL,285568640,5.84,United States
2654,Foghorn Therapeutics,FHTX,285349664,4.86,United States
2655,Immuneering,IMRX,284668576,4.4,United States
2656,The Hackett Group,HCKT,284382560,11.29,United States
2657,Turn Therapeutics,TTRX,283582144,9.52,United States
2658,Palladyne AI,PDYN,283465344,6.0,United States
2659,Alico,ALCO,283081184,38.17,United States
2660,Senseonics Holdings,SENS,281896000,5.4,United States
2661,fuboTV,FUBO,281187904,9.55,United States
2662,Entrada Therapeutics,TRDA,281061248,7.24,United States
2663,Marine Products Corporation,MPX,280037408,8.18,United States
2664,FreightCar America,RAIL,279904992,8.54,United States
2665,Lineage Cell Therapeutics,LCTX,279214080,1.12,United States
2666,Alliance Entertainment,AENT,278482016,5.465,United States
2667,Aviat Networks,AVNW,277163296,21.42,United States
2668,Turtle Beach Corp,TBCH,276474560,13.93,United States
2669,Niagen Bioscience,NAGE,276365824,3.47,United States
2670,Oportun Financial,OPRT,276159712,6.01,United States
2671,Conduent,CNDT,276072320,1.78,United States
2672,Ames National Corp.,ATLO,275725248,31.13,United States
2673,Middlefield Banc,MBCN,273627936,33.67,United States
2674,Hawthorn Bancshares,HWBK,273542880,39.64,United States
2675,C&amp;F Financial Corporation,CFFI,273350816,84.1,United States
2676,Lantronix,LTRX,272112416,6.1,United States
2677,Western New England Bancorp,WNEB,271621568,13.55,United States
2678,Vista Gold,VGZ,270046976,1.85,United States
2679,Eledon Pharmaceuticals,ELDN,269385504,3.49,United States
2680,Commerce.com,CMRC,268989888,3.26,United States
2681,MBIA,MBI,268422384,5.27,United States
2682,BRT Apartments,BRT,268218064,14.25,United States
2683,Tredegar,TG,267669776,7.67,United States
2684,CS Disco,LAW,267440480,4.17,United States
2685,Cadiz Inc.,CDZI,267394400,3.18,United States
2686,Hudson Technologies,HDSN,265874752,6.32,United States
2687,LoveSac,LOVE,265833664,18.16,United States
2688,ALX Oncology,ALXO,265088944,1.97,United States
2689,"1-800-Flowers.com, Inc.",FLWS,264726752,4.13,United States
2690,RideNow Group,RDNW,263936288,6.84,United States
2691,Torrid Holding,CURV,263729024,2.65,United States
2692,CPI Card Group,PMTS,263020944,22.92,United States
2693,Anika Therapeutics,ANIK,262439968,19.61,United States
2694,National Bankshares,NKSH,262060080,41.15,United States
2695,Slam Corp,SLMWF,261266432,11.14,United States
2696,E. W. Scripps Company,SSP,260891344,2.85,United States
2697,Quicklogic,QUIK,259656592,14.65,United States
2698,Cresco Labs,CRLBF,259386336,0.7001,United States
2699,Nu Skin,NUS,258774400,5.33,United States
2700,RxSight,RXST,258728800,6.25,United States
2701,Motorcar Parts of America,MPAA,258248960,13.64,United States
2702,Virginia National Bankshares,VABK,257732032,47.53,United States
2703,SEACOR Marine,SMHI,257490512,9.49,United States
2704,Ares Commercial Real Estate,ACRE,256877552,4.63,United States
2705,Immersion Corporation,IMMR,256573392,7.73,United States
2706,Orchestra BioMed,OBIO,255690656,4.27,United States
2707,Friedman Industries,FRD,255116416,35.37,United States
2708,Pure Cycle (water),PCYO,254950176,10.58,United States
2709,Asure Software,ASUR,254426896,8.81,United States
2710,Cable One,CABO,254370736,44.84,United States
2711,Octave Specialty Group,OSG,253426528,5.63,United States
2712,Outdoor Holding Company,POWW,253236432,2.18,United States
2713,Richmond Mutual Bancorporation,RMBI,252699216,15.76,United States
2714,First Internet Bancorp,INBK,252400288,28.9,United States
2715,OpGen,OPGN,251197920,24.75,United States
2716,Angi Inc.,ANGI,251182176,6.21,United States
2717,American Realty Investors,ARL,251002752,15.54,United States
2718,InfuSystem,INFU,248638592,12.32,United States
2719,MacroGenics,MGNX,247896192,3.9,United States
2720,Huuuge,HUG.WA,247097533,6.00858,United States
2721,Chaince Digital Holdings,CD,246275776,3.1,United States
2722,Limoneira,LMNR,245870032,13.56,United States
2723,Runway Growth Finance,RWAY,245869712,5.79,United States
2724,HMH Holding,HMH,244758688,20.21,United States
2725,Claros Mortgage Trust,CMTG,244075680,1.73,United States
2726,Franklin Covey,FC,243947664,21.6,United States
2727,Alta Equipment Group,ALTG,243365840,7.48,United States
2728,Conexeu Sciences,CNXU,242965632,9.08,United States
2729,Third Harmonic Bio,THRD,242787568,5.38,United States
2730,Crexendo,CXDO,242142816,7.47,United States
2731,Montauk Renewables,MNTK,241979936,1.7,United States
2732,Capricor Therapeutics,CAPR,241492592,4.17,United States
2733,Comstock Inc.,LODE,241403632,3.18,United States
2734,Infinity Natural Resources,INR,240770656,12.84,United States
2735,U.S. Gold Corp,USAU,237286720,14.38,United States
2736,Cartesian Therapeutics,RNAC,236815008,8.06,United States
2737,Biodesix,BDSX,235646432,22.755,United States
2738,OP Bancorp (Open Bank),OPBK,234733216,15.76,United States
2739,Citizens Inc,CIA,234568528,4.64,United States
2740,Spok Holdings,SPOK,234492304,11.21,United States
2741,NexPoint Diversified Real Estate Trust,NXDT,234308720,4.53,United States
2742,TrueBlue,TBI,233807472,7.69,United States
2743,"QumulusAI, Inc.",QMLS,233362320,7.1,United States
2744,Stellus Capital Investment Corporation,SCM,233025408,8.05,United States
2745,SIGA Technologies,SIGA,232386064,3.24,United States
2746,RGC Resources,RGCO,231975520,22.29,United States
2747,Peoples Bancorp of North Carolina,PEBK,231477728,43.5,United States
2748,Utah Medical Products,UTMD,230205024,72.3,United States
2749,PennantPark Investment,PNNT,229842256,3.52,United States
2750,Coherus BioSciences,CHRS,228289856,1.48,United States
2751,Forrester Research,FORR,227702752,11.73,United States
2752,Angel Oak Mortgage REIT,AOMR,227221584,9.12,United States
2753,TPG Mortgage Investment Trust,MITT,227076816,7.14,United States
2754,Embecta,EMBC,226631712,3.82,United States
2755,"AstroNova, Inc.",ALOT,226297072,28.86,United States
2756,Protara Therapeutics,TARA,225378992,4.01,United States
2757,Accendra Health,ACH,225156096,2.94,United States
2758,Shutterstock,SSTK,221162848,6.02,United States
2759,Vuzix,VUZI,219537808,2.64,United States
2760,Atomera,ATOM,218748224,5.65,United States
2761,Pro-Dex,PDEX,218512432,68.44,United States
2762,Superior Group of Companies,SGC,218094976,13.95,United States
2763,Unisys,UIS,218018704,2.99,United States
2764,American Resources Corp,AREC,217151680,2.03,United States
2765,CARGO Therapeutics,CRGX,216188416,4.47,United States
2766,CAMP4 Therapeutics,CAMP,216011328,4.16,United States
2767,FutureFuel,FF,215808464,4.92,United States
2768,Gencor Industries,GENC,215468224,14.7,United States
2769,AN2 Therapeutics,ANTX,213936000,5.94,United States
2770,Chicago Atlantic BDC,LIEN,213798112,9.34,United States
2771,OneWater Marine,ONEW,213153264,12.79,United States
2772,Chicago Atlantic Real Estate Finance,REFI,213143920,10.0,United States
2773,Stoneridge,SRI,212893744,7.54,United States
2774,Acme United,ACU,212427520,55.75,United States
2775,Rare Earths Americas,REA,212012544,10.65,United States
2776,Global Water Resources,GWRS,210837440,7.33,United States
2777,Greenwich LifeSciences,GLSI,210632288,14.35,United States
2778,Kaltura,KLTR,210524624,1.4,United States
2779,Core Molding Technologies,CMT,210228976,24.55,United States
2780,Information Services Group,III,209536016,4.38,United States
2781,Perma-Pipe International,PPIH,208749568,25.69,United States
2782,Wheels Up,UP,208496608,5.75,United States
2783,SES AI,SES,206023184,0.5579,United States
2784,Whitehawk Therapeutics,WHWK,204733200,4.14,United States
2785,RCM Technologies,RCMT,203556272,28.72,United States
2786,Keros Therapeutics,KROS,202866320,10.25,United States
2787,GCT Semiconductor,GCTS,202847504,2.23,United States
2788,SmartRent,SMRT,202479952,1.05,United States
2789,Ohio Valley Banc Corp,OVBC,202054880,42.89,United States
2790,Modiv Industrial,MDV,201993120,16.95,United States
2791,Pyxis Oncology,PYXS,200203328,3.16,United States
2792,Getty Images,GETY,200094928,0.4776,United States
2793,GrafTech,EAF,200047744,7.68,United States
2794,eGain,EGAN,199836592,7.28,United States
2795,Proficient Auto Logistics,PAL,198000624,7.13,United States
2796,Waldencast,WALD,197520192,1.54,United States
2797,Lifetime Brands,LCUT,197467280,8.64,United States
2798,Galectin Therapeutics,GALT,196582832,2.985,United States
2799,RCI Hospitality Holdings,RICK,195113248,25.5,United States
2800,KORU Medical Systems,KRMD,194755904,4.24,United States
2801,Hanover Bancorp,HNVR,194088656,27.12,United States
2802,FinWise Bancorp,FINW,192927856,14.095,United States
2803,Smart Sand,SND,192790784,4.485,United States
2804,SWK Holdings,SWKH,192326064,15.9,United States
2805,Humacyte,HUMA,192036288,0.7122,United States
2806,Immunic,IMUX,191381840,14.05,United States
2807,Soluna Holdings,SLNH,190874304,1.21,United States
2808,Silver Bow Mining,SBMT,190754112,6.46,United States
2809,Strawberry Fields REIT,STRW,190523584,14.19,United States
2810,Landmark Bancorp,LARK,190521168,31.23,United States
2811,Voyager Therapeutics,VYGR,188816528,3.125,United States
2812,LifeMD,LFMD,188613808,3.9,United States
2813,Minerva Neurosciences,NERV,188218384,4.04,United States
2814,Precision BioSciences,DTIL,187840368,7.28,United States
2815,Tharimmune,THAR,187371472,4.74,United States
2816,Inogen,INGN,187355648,6.92,United States
2817,Rhinebeck Bancorp,RBKB,187346080,11.98,United States
2818,BV Financial,BVFL,186600688,21.55,United States
2819,Expensify,EXFY,186125568,1.93,United States
2820,United Security Bancshares,UBFO,185027760,10.51,United States
2821,HireQuest,HQI,183732960,13.18,United States
2822,Inspired Entertainment,INSE,183259696,6.87,United States
2823,Kolibri Global Energy,KGEI,183142640,5.14,United States
2824,Lucid Diagnostics,LUCD,182988064,0.9592,United States
2825,Westwood Holdings Group,WHG,182738464,19.26,United States
2826,Oramed Pharmaceuticals,ORMP,182530320,4.46,United States
2827,EVI Industries,EVI,182355328,14.17,United States
2828,"Belpointe PREP, LLC",OZ,182041456,46.7,United States
2829,KVH Industries,KVHI,181329104,9.3,United States
2830,Lee Enterprises,LEE,181173968,8.15,United States
2831,"Domo, Inc.",DOMO,180618848,3.84,United States
2832,inTEST Corporation,INTT,180554112,14.37,United States
2833,ECB Bancorp,ECBK,180419328,20.61,United States
2834,Sidus Space,SIDU,180328624,2.23,United States
2835,Apyx Medical,APYX,180232320,4.28,United States
2836,Outlook Therapeutics,OTLK,179554512,0.9602,United States
2837,DHI Group,DHX,178841824,4.14,United States
2838,Tonix Pharmaceuticals,TNXP,178696384,11.21,United States
2839,Arcturus Therapeutics,ARCT,176791472,6.22,United States
2840,Journey Medical,DERM,176221104,6.4,United States
2841,Quanterix,QTRX,174763184,3.71,United States
2842,Shimmick,SHIM,174601056,4.26,United States
2843,Corbus Pharmaceuticals,CRBP,174161280,9.4,United States
2844,American Well,AMWL,174102400,10.42,United States
2845,Seven Hills Realty Trust,SEVN,173323040,7.65,United States
2846,Taylor Devices,TAYD,172866320,53.7,United States
2847,Bassett Furniture,BSET,172645888,19.94,United States
2848,Armata Pharmaceuticals,ARMP,171806576,4.68,United States
2849,Alector,ALEC,170978784,1.54,United States
2850,Epsilon Energy,EPSN,169694736,5.61,United States
2851,Invivyd,IVVD,168868992,0.5732,United States
2852,Health Catalyst,HCAT,168478352,2.28,United States
2853,TON Strategy Co.,TONX,167895936,2.97,United States
2854,MainStreet Bancshares,MNSB,167117440,23.48,United States
2855,Tingo Group,TIO,166947568,0.69,United States
2856,Quantum-Si,QSI,166673632,0.7654,United States
2857,SITE Centers,SITC,166345344,3.17,United States
2858,Streamex Corp.,STEX,166174336,0.7789,United States
2859,Digimarc,DMRC,166035328,7.41,United States
2860,OnKure Therapeutics,OKUR,165621472,4.1,United States
2861,Insight Molecular Diagnostics,IMDX,165325664,5.12,United States
2862,SB Financial Group,SBFG,164433760,26.28,United States
2863,Amplify Energy,AMPY,164324000,3.98,United States
2864,Hooker Furnishings,HOFT,163702736,15.24,United States
2865,Korro Bio,KRRO,163696192,11.35,United States
2866,Lifecore Biomedical,LFCR,163165920,4.35,United States
2867,KORE Group,KORE,163005168,9.25,United States
2868,Quipt Home Medical,QIPT,162297152,3.65,United States
2869,Ellington Credit Company,EARN,161921520,4.31,United States
2870,Acumen Pharmaceuticals,ABOS,161789792,2.24,United States
2871,Nkarta,NKTX,161692512,2.26,United States
2872,Tenaya Therapeutics,TNYA,160926368,0.7416,United States
2873,Stratus Properties,STRS,160452736,20.1,United States
2874,"Nerdy, Inc,",NRDY,160367872,0.8407,United States
2875,Neuronetics,STIM,160052032,2.3,United States
2876,Douglas Elliman,DOUG,159994704,1.76,United States
2877,First Guaranty Bancshares,FGBI,159602256,9.65,United States
2878,BCB Bancorp,BCBP,159046512,9.16,United States
2879,Duluth Holdings,DLTH,158848656,4.18,United States
2880,ReposiTrak,TRAK,158836944,8.74,United States
2881,LENZ Therapeutics,LENZ,158339696,5.05,United States
2882,Aardvark Therapeutics,AARD,158222464,7.23,United States
2883,RGP (Resources Connection),RGP,158096240,4.59,United States
2884,Oxford Square Capital,OXSQ,157587360,1.5,United States
2885,Jeld-Wen,JELD,155933888,1.81,United States
2886,CuriosityStream,CURI,155926400,2.63,United States
2887,"Owlet, Inc.",OWLT,155201520,5.34,United States
2888,Tigo Energy,TYGO,154858016,2.04,United States
2889,Braemar Hotels &amp; Resorts,BHR,154520640,2.09,United States
2890,1stdibs.com,DIBS,154407440,4.37,United States
2891,Orion Properties,ONL,154009488,2.71,United States
2892,Codexis,CDXS,153812800,1.43,United States
2893,SKYX Platforms,SKYX,153311856,1.14,United States
2894,Assertio Holdings,ASRT,151861232,23.5,United States
2895,Legacy Education,LGCY,151191856,11.95,United States
2896,DMC Global,BOOM,150154336,7.31,United States
2897,The Eastern Company,EML,149265120,24.75,United States
2898,Red Robin,RRGB,148552208,8.03,United States
2899,Smith-Midland Corporation,SMID,145983296,27.51,United States
2900,CVRx,CVRX,145682320,5.49,United States
2901,Medifast,MED,145438016,13.08,United States
2902,Vaxart,VXRT,145226912,0.6,United States
2903,Elme Communities,ELME,143949760,1.62,United States
2904,ChargePoint,CHPT,143323296,5.87,United States
2905,Equillium,EQ,142892016,2.26,United States
2906,WhiteHorse Finance,WHF,142818544,6.65,United States
2907,AVITA Medical,RCEL,142496064,4.63,United States
2908,Stereotaxis,STXS,141472544,1.42,United States
2909,PLBY Group (Playboy),PLBY,141026192,1.22,United States
2910,Affinity Bancshares,AFBI,140182352,23.0,United States
2911,Hurco Companies,HURC,139435216,21.53,United States
2912,Skillz,SKLZ,137970800,8.84,United States
2913,PEDEVCO,PED,137693744,10.36,United States
2914,Seritage Growth Properties,SRG,137432048,2.44,United States
2915,Mammoth Energy Services,TUSK,137286336,2.85,United States
2916,NET Power,NPWR,136111056,1.54,United States
2917,Lake Shore Bancorp,LSBK,135021760,17.17,United States
2918,PepGen,PEPG,133496584,1.93,United States
2919,GoPro,GPRO,132861776,0.768,United States
2920,Venu Holding Corporation,VENU,132505760,2.29,United States
2921,TTEC,TTEC,132350792,2.72,United States
2922,Commercial Vehicle Group (CVG),CVGI,132041632,3.89,United States
2923,Thryv,THRY,131718856,2.97,United States
2924,SelectQuote,SLQT,131114568,0.7435,United States
2925,NRx Pharmaceuticals,NRXP,130541280,3.05,United States
2926,KULR Technology Group,KULR,129982632,2.81,United States
2927,Tillys,TLYS,129575784,4.25,United States
2928,flyExclusive,FLYX,129173208,1.27,United States
2929,Clarus,CLAR,128778984,3.35,United States
2930,OptimizeRx,OPRX,128540768,6.85,United States
2931,Spruce Biosciences,SPRB,127320376,46.26,United States
2932,Smith Douglas Homes,SDHC,127212192,15.24,United States
2933,Genelux,GNLX,126449968,2.82,United States
2934,vTv Therapeutics,VTVT,126273256,32.06,United States
2935,Unifi,UFI,126207456,6.79,United States
2936,Inseego,INSG,126144480,7.75,United States
2937,Nautilus Biotechnology,NAUT,125210800,0.9853,United States
2938,Oconee Federal Financial,OFED,125132624,21.5,United States
2939,NCS Multistage,NCSM,124454872,47.42,United States
2940,Zevia,ZVIA,124171168,1.73,United States
2941,Magyar Bancorp,MGYR,123179608,19.06,United States
2942,Black Rifle Coffee Company (BRCC),BRCC,122854200,1.05,United States
2943,Rent the Runway,RENT,122590464,3.65,United States
2944,Microbot Medical,MBOT,122239936,1.82,United States
2945,Seer Inc,SEER,121509232,2.21,United States
2946,Vivani Medical,VANI,120729144,1.4,United States
2947,Fonar Corporation,FONR,120195888,19.09,United States
2948,a.k.a. Brands,AKA,119584120,11.05,United States
2949,ALT5 Sigma,ALTS,119560224,0.855,United States
2950,Lakeland Industries,LAKE,118923432,12.05,United States
2951,MaxCyte,MXCT,118905056,1.11,United States
2952,The Joint Corp.,JYNT,118034672,8.28,United States
2953,Clipper Realty,CLPR,117655640,2.77,United States
2954,Tile Shop Holdings,TTSH,117075920,2.94,United States
2955,Broadwind,BWEN,116786536,4.99,United States
2956,Anixa Biosciences,ANIX,116018648,3.41,United States
2957,Chegg,CHGG,115317600,1.03,United States
2958,Aemetis,AMTX,113993696,1.62,United States
2959,Sound Financial Bancorp,SFBC,112948752,47.44,United States
2960,Rani Therapeutics,RANI,112736640,0.82,United States
2961,Veritone,VERI,112474824,1.21,United States
2962,Comscore,SCOR,112448032,7.45,United States
2963,Provident Financial Holdings,PROV,112191216,17.94,United States
2964,Townsquare Media,TSQ,111852128,6.23,United States
2965,Wrap Technologies,WRAP,110361736,1.98,United States
2966,Riverview Bancorp,RVSB,110278544,5.47,United States
2967,Fractyl Health,GUTS,108674536,0.685,United States
2968,Union Bankshares,UNB,108430224,23.5,United States
2969,ACRES Commercial Realty,ACR,108326552,15.31,United States
2970,NeoVolta,NEOV,108059584,2.53,United States
2971,AMC Robotics Corporation,AMCI,107779984,4.77,United States
2972,First Northwest Bancorp,FNWB,107305136,11.29,United States
2973,Coya Therapeutics,COYA,107199336,4.57,United States
2974,"SoundThinking 
 (ShotSpotter)",SSTI,106610896,8.23,United States
2975,PodcastOne,PODC,106596672,3.53,United States
2976,INNOVATE Corp.,VATE,106406560,7.8,United States
2977,Noodles &amp; Company,NDLS,106325880,17.82,United States
2978,U.S. GoldMining,USGO,105883768,7.63,United States
2979,Polaryx Therapeutics,PLYX,105575552,2.23,United States
2980,Vivid Seats,SEAT,104819904,9.54,United States
2981,HilleVax,HLVX,104762376,2.09,United States
2982,Devolver Digital,DEVO.L,104419243,0.215088,United States
2983,Kewaunee Scientific Corporation,KEQU,104126944,36.3,United States
2984,Fluent,FLNT,104056832,3.49,United States
2985,Synchronoss Technologies,SNCR,103560608,9.0,United States
2986,Rapid Micro Biosystems,RPID,102632920,2.06,United States
2987,Buzzfeed,BZFD,101544744,1.22,United States
2988,Hyperfine,HYPR,101255744,1.02,United States
2989,Greenland Energy Company,GLND,100798096,2.305,United States
2990,Pathfinder Bancorp,PBHC,100521072,16.01,United States
2991,ReneSola,SOL,99563952,1.94,United States
2992,New Fortress Energy,NFE,98972408,0.3465,United States
2993,Vera Bradley,VRA,98965120,3.48,United States
2994,Energous,WATT,98194656,17.85,United States
2995,Rafael Holdings,RFL,97239992,1.87,United States
2996,Solana Company,HSDT,96921880,1.66,United States
2997,Heron Therapeutics,HRTX,96816400,0.5115,United States
2998,Outset Medical,OM,96764392,5.22,United States
2999,Virco Manufacturing,VIRC,96107512,6.11,United States
3000,Martin Midstream Partners,MMLP,95464240,2.44,United States
3001,Zomedica Pharmaceuticals,ZOM,95349136,0.0973,United States
3002,Rekor Systems,REKR,94949600,0.69,United States
3003,Geospace Technologies,GEOS,94559256,7.31,United States
3004,Aldeyra Therapeutics,ALDX,93497656,1.55,United States
3005,Cullman Bancorp,CULL,93333048,16.24,United States
3006,Verrica Pharmaceuticals,VRCA,92937240,5.41,United States
3007,Surf Air Mobility,SRFM,91903520,0.828,United States
3008,Sotherly Hotels,SOHO,91583664,2.25,United States
3009,SkinHealth Systems,SKIN,91419864,0.7054,United States
3010,Logistic Properties of the Americas,LPA,91375488,2.89,United States
3011,Ultralife Corporation,ULBI,91278544,5.48,United States
3012,Ispire Technology,ISPR,90691048,1.58,United States
3013,BCP Investment Corporation,BCIC,90603160,7.32,United States
3014,Fortress Biotech,FBIO,90355880,2.72,United States
3015,Golden Matrix Group,GMGI,89996768,0.6372,United States
3016,Playstudios,MYPS,89848656,0.7,United States
3017,GrowGeneration,GRWG,89535448,1.49,United States
3018,Stabilis Solutions,SLNG,88890320,4.78,United States
3019,Arq Inc.,ARQ,88857344,2.07,United States
3020,Gossamer Bio,GOSS,88725680,0.1815,United States
3021,Summit State Bank,SSBI,87966008,13.0,United States
3022,Pulmonx,LUNG,87008640,2.06,United States
3023,Atlas Lithium,ATLX,86703216,2.94,United States
3024,Velo3D,VLDX,86513896,6.15,United States
3025,Vince Holding,VNCE,86333816,6.72,United States
3026,Lifevantage,LFVN,86166064,6.83,United States
3027,Adicet Bio,ACET,86097256,9.21,United States
3028,Cherry Hill Mortgage Investment,CHMI,85723872,2.3,United States
3029,Momentus Inc.,MNTS,85702968,4.55,United States
3030,MicroVision,MVIS,85344336,3.655,United States
3031,Rallybio,RLYB,84698032,15.96,United States
3032,Jushi Holdings,JUSHF,83872568,0.42,United States
3033,Park Dental Partners,PARK,83528496,18.5,United States
3034,Marchex,MCHX,83289264,1.88,United States
3035,PhenixFIN,PFX,83121120,43.01,United States
3036,Sono-Tek Corporation,SOTK,82984304,5.28,United States
3037,DeFi Development,DFDV,82825064,2.75,United States
3038,LanzaTech Global,LNZA,82723512,6.32,United States
3039,MAIA Biotechnology,MAIA,82689032,1.36,United States
3040,Full House Resorts,FLL,82684616,2.28,United States
3041,Ascend Wellness (AWH),AAWH,81239456,0.4,United States
3042,Northern Technologies International,NTIC,80776928,8.51,United States
3043,MediaCo Holding,MDIA,80677760,0.98,United States
3044,Blink Charging,BLNK,80548272,0.5606,United States
3045,Silvercrest Asset Management Group,SAMG,79890936,10.4,United States
3046,Drilling Tools International,DTI,79765744,2.27,United States
3047,"Air T, Inc.",AIRT,79727088,29.62,United States
3048,Annovis Bio,ANVS,79553296,1.87,United States
3049,Genasys,GNSS,79243096,1.74,United States
3050,HF Foods Group,HFFG,79143616,1.48,United States
3051,Telomir Pharmaceuticals,TELO,79091200,1.15,United States
3052,Atara Biotherapeutics,ATRA,79019216,8.77,United States
3053,Intellicheck,IDN,78574736,3.88,United States
3054,Teads,TEAD,78301184,0.8073,United States
3055,The Beachbody Company,BODI,78174840,10.795,United States
3056,Blackboxstocks,BLBX,78138184,18.15,United States
3057,Aptera Motors,SEV,77883096,1.97,United States
3058,Steel Connect,STCN,77168096,12.18,United States
3059,Hennessy Advisors,HNNA,77127368,9.76,United States
3060,Travelzoo,TZOO,77097816,7.5,United States
3061,Team Inc,TISI,76570648,16.75,United States
3062,AudioEye,AEYE,75710096,6.06,United States
3063,Sera Prognostics,SERA,75576336,1.93,United States
3064,Castellum,CTM,74906856,0.791,United States
3065,The Arena Group,AREN,74736384,1.57,United States
3066,OS Therapies,OSTX,74227104,1.63,United States
3067,Research Solutions,RSSS,73919048,2.21,United States
3068,Definitive Healthcare,DH,73866968,0.7,United States
3069,Prairie Operating,PROP,73553240,0.7526,United States
3070,Great Elm Capital,GECC,73488920,5.29,United States
3071,Airgain,AIRG,72885736,5.75,United States
3072,iBio,IBIO,72530696,1.46,United States
3073,Skillsoft,SKIL,72278288,8.06,United States
3074,LeonaBio,LONA,71954312,7.66,United States
3075,United Homes Group,UHG,71769208,1.22,United States
3076,American Vanguard,AVD,71228680,2.49,United States
3077,Spero Therapeutics,SPRO,71218840,1.23,United States
3078,Talphera,TLPH,70583520,1.36,United States
3079,Home Federal Bancorp (HFB Bank),HFBL,69976376,23.0,United States
3080,Granite Point Mortgage Trust,GPMT,69962656,1.46,United States
3081,Interlink Electronics,LINK,69300032,4.4,United States
3082,LENSAR,LNSR,68531224,5.58,United States
3083,Inovio Pharmaceuticals,INO,68515384,0.6631,United States
3084,XBiotech,XBIT,68292520,2.24,United States
3085,Forian,FORA,67792720,2.17,United States
3086,Airship AI,AISP,67673736,1.965,United States
3087,Great Elm Group,GEG,67417568,2.15,United States
3088,AMCON Distributing Company,DIT,67211696,68.86,United States
3089,Ideal Power,IPWR,67164016,4.09,United States
3090,The InterGroup Corporation,INTG,66806564,31.09,United States
3091,Acrivon Therapeutics,ACRV,66770692,1.56,United States
3092,NSTS Bancorp,NSTS,66699844,13.8,United States
3093,Hour Loop,HOUR,66688628,1.895,United States
3094,BBX Capital Corporation,BBXIA,66420436,3.95,United States
3095,Regis Corporation,RGS,66217616,26.5,United States
3096,Solitario Resources,XPL,66078096,0.71,United States
3097,Cingulate,CING,65998276,4.9,United States
3098,Advanced Flower Capital,AFCG,65918196,2.89,United States
3099,Cato Fashion,CATO,65514700,3.33,United States
3100,Siebert Financial,SIEB,65505500,1.6,United States
3101,Rein Therapeutics,RNTX,65326160,0.7637,United States
3102,GEN Restaurant Group,GENK,65269944,1.98,United States
3103,Pliant Therapeutics,PLRX,65016256,1.05,United States
3104,ImageneBio,IMA,64946284,5.71,United States
3105,DocGo,DCGO,64433160,0.6523,United States
3106,Identiv,INVE,64336648,2.68,United States
3107,Off the Hook YS Inc,OTH,64247460,2.57,United States
3108,MediciNova,MNOV,63987620,1.3,United States
3109,Game Your Game,GYGY,63969464,3.98,United States
3110,MindWalk Holdings,HYFT,63902724,1.36,United States
3111,BranchOut Food,BOF,63561524,4.15,United States
3112,PMV Pharmaceuticals,PMVP,62398168,1.17,United States
3113,IZEA Worldwide,IZEA,62172400,3.55,United States
3114,Usio,USIO,62090988,2.25,United States
3115,Where Food Comes From,WFCF,61630344,12.23,United States
3116,Upexi,UPXI,61193164,0.8331,United States
3117,Xtant Medical,XTNT,61126596,0.4358,United States
3118,Boundless Bio,BOLD,60794268,2.705,United States
3119,Universal Electronics,UEIC,60625452,4.8,United States
3120,WM Technology,MAPS,60561436,0.35,United States
3121,SunPower,SPWR,60219224,0.2994,United States
3122,Verde Clean Fuels,VGAS,60141992,1.35,United States
3123,LiveOne,LVO,59942844,4.35,United States
3124,BG Staffing,BGSF,59806300,5.58,United States
3125,iLearningEngines,AILE,59292656,0.42,United States
3126,Global Self Storage,SELF,59278788,5.19,United States
3127,The Children's Place,PLCE,59150604,2.66,United States
3128,Saga Communications,SGA,58944764,9.25,United States
3129,Mesa Air,MESA,58631804,1.4,United States
3130,"FreeCast, Inc.",CAST,58524708,1.23,United States
3131,AEye,LIDR,58356672,1.26,United States
3132,Elauwit Connection,ELWT,58121808,8.78,United States
3133,TransAct Technologies,TACT,57649928,5.61,United States
3134,Context Therapeutics,CNTX,57130472,0.6218,United States
3135,electroCore,ECOR,56168964,6.23,United States
3136,MarketWise,MKTW,55942140,21.2,United States
3137,Marpai,MRAI,55643872,2.2,United States
3138,The ONE Group Hospitality,STKS,55237524,1.75,United States
3139,MiNK Therapeutics,INKT,55149620,11.07,United States
3140,5E Advanced Materials,FEAM,54800096,1.32,United States
3141,"RYTHM, Inc.",RYM,54673816,25.44,United States
3142,Westwater Resources,WWR,54512788,0.4288,United States
3143,Allied Esports,AESE,54324936,1.3899,United States
3144,Kezar Life Sciences,KZR,53856340,7.29,United States
3145,Laser Photonics,LASE,53688528,1.07,United States
3146,Lulu's Fashion Lounge,LVLU,53684516,18.74,United States
3147,"Stem, Inc",STEM,53562580,5.98,United States
3148,Luna Innovations,LUNA,52045528,1.5,United States
3149,aTyr Pharma,ATYR,51888704,0.5292,United States
3150,Greenidge Generation Holdings,GREE,51500392,2.84,United States
3151,Solidion Technology,STI,51121508,6.6,United States
3152,Seres Therapeutics,MCRB,50840652,5.25,United States
3153,INmune Bio,INMB,50777840,1.91,United States
3154,Comtech Telecommunications,CMTL,50634820,1.69,United States
3155,NOMADAR,NOMA,50232340,2.89,United States
3156,Reading International,RDI,49664180,1.42,United States
3157,NextNRG,NXXT,49380792,0.2937,United States
3158,Ocean Power Technologies,OPTT,49273320,0.1824,United States
3159,Instil Bio,TIL,49169332,7.25,United States
3160,Sensus Healthcare,SRTS,48892316,2.97,United States
3161,Hain Celestial,HAIN,48727856,0.5399,United States
3162,Franklin Street Properties,FSP,48365448,0.465,United States
3163,Gaia,GAIA,48350076,1.91,United States
3164,VIDA Global Inc.,VIDA,48222496,2.41,United States
3165,Filana Therapeutics,FLNA,48133988,0.9964,United States
3166,TScan Therapeutics,TCRX,48130876,0.7365,United States
3167,Manhattan Bridge Capital,LOAN,48060420,4.205,United States
3168,Zeo Energy,ZEO,47857028,0.5548,United States
3169,TechPrecision,TPCS,47315492,4.72,United States
3170,Beasley Broadcast Group,BBGI,47129536,26.04,United States
3171,Rave Restaurant Group,RAVE,46329708,3.26,United States
3172,Grove Collaborative,GROV,46230884,1.1,United States
3173,Plutus Financial Group,PLUT,45894968,2.9899,United States
3174,Metagenomi,MGX,45552696,1.21,United States
3175,Scilex Holding,SCLX,45503540,6.47,United States
3176,tinyBuild,8Z3.F,45335068,0.115274,United States
3177,eHealth,EHTH,45072244,1.42,United States
3178,CarParts.com,PRTS,44948068,5.55,United States
3179,Laird Superfood,LSF,44897740,4.08,United States
3180,Sportsman's Warehouse,SPWH,44872764,1.15,United States
3181,the Marygold Companies,MGLD,44643588,1.03,United States
3182,Phunware,PHUN,44575376,2.18,United States
3183,Karyopharm Therapeutics,KPTI,44419372,1.96,United States
3184,"Culp, Inc.",CULP,43686604,3.45,United States
3185,KLX Energy Services,KLXE,43337880,2.11,United States
3186,Massimo Motor,MAMO,43306588,1.04,United States
3187,Spruce Power,SPRU,43167852,2.35,United States
3188,Odyssey Marine Exploration,OMEX,43151552,0.7367,United States
3189,AgEagle Aerial Systems,UAVS,43127480,0.736,United States
3190,eXoZymes,EXOZ,42879876,4.62,United States
3191,PetMed Express,PETS,42423184,1.985,United States
3192,Orion Energy Systems,OESX,42188304,10.4,United States
3193,Ekso Bionics,EKSO,42047896,11.8,United States
3194,Myomo,MYO,41729744,1.08,United States
3195,Hyperion DeFi,HYPD,41380648,2.73,United States
3196,GenFlat Holdings,GFLT,41281488,3.15,United States
3197,Abundia Global Impact Group,AGIG,40941224,0.93,United States
3198,BeyondSpring,BYSI,40708624,0.99,United States
3199,Precipio,PRPO,40662712,22.75,United States
3200,TELA Bio,TELA,40584988,0.9066,United States
3201,Milestone Scientific,MLSS,40332932,0.456,United States
3202,PDS Biotechnology,PDSB,40263704,0.72,United States
3203,Sachem Capital,SACH,39951852,0.8331,United States
3204,Pixelworks,PXLW,39706728,6.24,United States
3205,AXIL Brands,AXIL,39201872,5.75,United States
3206,NanoViricides,NNVC,38758716,1.52,United States
3207,374Water,SCWO,38665064,2.21,United States
3208,Elutia,ELUT,38549580,0.872,United States
3209,Planet13,PLTH.CN,38523622,0.117234,United States
3210,Veru,VERU,38039256,2.37,United States
3211,Charlotte's Web,CWEB.TO,37656984,0.234468,United States
3212,Accuray,ARAY,37167684,0.3112,United States
3213,Workhorse Group,WKHS,37146496,3.41,United States
3214,U.S. Global Investors,GROW,36964504,2.98,United States
3215,Vroom,VRM,36661692,7.04,United States
3216,Enzo Biochem,ENZB,36587800,0.69887,United States
3217,PAVmed,PAVM,36081532,5.04,United States
3218,"Xos, Inc.",XOS,36080496,2.63,United States
3219,Grace Therapeutics,GRCE,35477376,2.18,United States
3220,Heritage Global,HGBL,35436384,1.02,United States
3221,Lument Finance Trust,LFT,35396640,0.675,United States
3222,Kartoon Studios,TOON,35355408,0.5978,United States
3223,VirTra,VTSI,35164412,3.11,United States
3224,Lantern Pharma,LTRN,35087652,2.75,United States
3225,Koss,KOSS,35025820,3.7,United States
3226,BioLargo,BLGO,34976276,0.109,United States
3227,Ascent Solar Technologies,ASTI,34750164,3.54,United States
3228,LianBio,LIAN,34472096,0.319,United States
3229,Century Casinos,CNTY,34322916,1.22,United States
3230,Pioneer Power Solutions,PPSI,34287460,3.09,United States
3231,Southland Holdings,SLND,32498796,0.5994,United States
3232,Idaho Copper Corporation,COPR,32193728,2.3,United States
3233,Serina Therapeutics,SER,32094662,2.14,United States
3234,Crown Crafts,CRWS,31958052,2.97,United States
3235,Destination XL,DXLG,31400642,0.5681,United States
3236,Enviva,EVA,31273630,0.4198,United States
3237,Sangamo Therapeutics,SGMO,30657374,0.074,United States
3238,Salem Media Group,SALM,30656908,0.9676,United States
3239,Rockwell Medical,RMTI,29879010,7.57,United States
3240,Katapult Holdings,KPLT,29781612,6.25,United States
3241,Battalion Oil,BATL,29725446,1.35,United States
3242,Latch,LTCH,29434998,0.1792,United States
3243,Live Ventures,LIVE,29027148,9.45,United States
3244,Cryo-Cell International,CCEL,28703034,3.56,United States
3245,Harvard Bioscience,HBIO,28459248,6.31,United States
3246,Old Market Capital Corporation,OMCC,28292780,4.15,United States
3247,Farmer Brothers,FARM,28089448,1.28,United States
3248,Kyntra Bio,KYNB,28012936,6.92,United States
3249,Knightscope,KSCP,27947696,1.62,United States
3250,Barfresh Food Group,BRFH,27928258,1.73,United States
3251,HeartBeam,BEAT,27564694,0.4966,United States
3252,America's Car-Mart,CRMT,27563458,3.31,United States
3253,Mobix Labs,MOBX,27509606,1.81,United States
3254,LivePerson,LPSN,27008016,2.19,United States
3255,PermRock Royalty Trust,PRT,26886268,2.21,United States
3256,BioXcel Therapeutics,BTAI,26573266,0.8606,United States
3257,Zoom Telephonics,MINM,26534076,3.61,United States
3258,Quest Resource Holding,QRHC,26131156,1.24,United States
3259,Hoth Therapeutics,HOTH,26013596,1.36,United States
3260,CervoMed,CRVO,25924412,2.8,United States
3261,IGC Pharma,IGC,25882810,0.248,United States
3262,Beam Global,BEEM,25531824,1.15,United States
3263,MariMed,MRMD,25513104,0.0639,United States
3264,Actinium Pharmaceuticals,ATNM,25413746,0.81,United States
3265,SPI Energy,SPI,24207974,0.766,United States
3266,Cel-Sci,CVM,23768916,1.36,United States
3267,Aytu BioScience,AYTU,23720390,2.21,United States
3268,Cytosorbents,CTSO,23716854,0.3774,United States
3269,Local Bounti,LOCL,23708120,1.04,United States
3270,TherapeuticsMD,TXMD,23611698,2.04,United States
3271,Offerpad,OPAD,23516970,4.97,United States
3272,Longeveron,LGVN,23448840,0.7421,United States
3273,Cardlytics,CDLX,23347610,4.02,United States
3274,GEE Group,JOB,23072844,0.21,United States
3275,Atossa Therapeutics,ATOS,23042242,2.31,United States
3276,Urban One,UONE,22858272,5.06,United States
3277,Jasper Therapeutics,JSPR,22144220,0.6655,United States
3278,180 Life Sciences,ATNF,21620372,3.58,United States
3279,Ashford Hospitality Trust,AHT,21447114,3.2,United States
3280,ESS Tech,GWH,21333598,0.7259,United States
3281,Neuphoria Therapeutics,NEUP,21023704,3.89,United States
3282,SolarMax Technology,SMXT,20600178,0.362,United States
3283,Celularity,CELU,20360588,0.7034,United States
3284,Skye Bioscience,SKYE,20207638,0.575,United States
3285,Werewolf Therapeutics,HOWL,20149172,0.4146,United States
3286,System1,SST,20112358,2.01,United States
3287,Dare Bioscience,DARE,20072534,1.34,United States
3288,Retractable Technologies,RVP,20057898,0.67,United States
3289,Allbirds,BIRD,19989736,2.27,United States
3290,Energy Focus,EFOI,19935666,3.13,United States
3291,SPAR Group,SGRP,18155200,0.6393,United States
3292,Avant Technologies Inc.,AVAI,17972792,0.13,United States
3293,Inuvo,INUV,17966556,1.09,United States
3294,Elite Express,ETS,17886840,1.07,United States
3295,Motorsport Gaming,MSGM,17823214,4.27,United States
3296,Lipocine,LPCN,17560260,2.13,United States
3297,T Stamp Inc. (TrustStamp),IDAI,17471888,3.12,United States
3298,Citius Pharmaceuticals,CTXR,17089224,0.6225,United States
3299,Cyngn,CYN,16875238,1.17,United States
3300,Know Labs,KNW,16795408,2.24,United States
3301,Camber Energy,CEI,16771320,0.0954,United States
3302,Exyn Technologies,EXYN,16385151,2.06,United States
3303,Harte Hanks,HHS,15877667,2.14,United States
3304,Psychemedics,PMD,15738209,2.67,United States
3305,Smith Micro Software,SMSI,15651664,2.8,United States
3306,Biofrontera,BFRI,15620080,1.22,United States
3307,CXApp,CXAI,15599391,0.143,United States
3308,FingerMotion,FNGR,15572832,0.254,United States
3309,Natural Health Trends,NHTC,15440128,1.8,United States
3310,Scienture Holdings,SCNX,15277186,0.376,United States
3311,Cyclerion Therapeutics,CYCN,15199402,3.51,United States
3312,Dolphin Entertainment,DLPN,15100034,1.16,United States
3313,Austin Gold,AUST,14925372,1.09,United States
3314,Passage Bio,PASG,14875311,4.63,United States
3315,AMASS Brands Inc.,AMSS,14851609,1.3,United States
3316,iRobot,IRBT,14843741,0.4664,United States
3317,Office Properties Income Trust,OPI,14795239,0.2,United States
3318,Dragonfly Energy,DFLI,14737641,1.15,United States
3319,Astrotech,ASTC,14545522,7.24,United States
3320,The Cannabist Company,CBSTF,14475953,0.0291,United States
3321,KALA BIO,KALA,14369460,0.743,United States
3322,The Glimpse Group,VRAR,14332026,0.68,United States
3323,Palatin Technologies,PTN,14251993,8.01,United States
3324,HOOKIPA Pharma,HOOK,14232977,1.15,United States
3325,Tempest Therapeutics,TPST,14176933,0.8872,United States
3326,AppTech Payments,APCX,13861299,0.33,United States
3327,Synlogic,SYBX,13802036,1.18,United States
3328,Cocrystal Pharma,COCP,13514461,0.9802,United States
3329,Upland Software,UPLD,13389619,4.56,United States
3330,authID,AUID,13150546,0.7865,United States
3331,AEON Biopharma,AEON,13071007,0.296,United States
3332,Bionano Genomics,BNGO,12852000,1.12,United States
3333,Air Industries Group,AIRI,12757231,2.63,United States
3334,SeaStar Medical,ICU,12750437,3.19,United States
3335,Arrive AI,ARAI,12674424,0.2444,United States
3336,Flux Power,FLUX,12389602,0.58,United States
3337,Leslie's,LESL,12354472,1.32,United States
3338,Phio Pharmaceuticals,PHIO,12314285,1.06,United States
3339,VistaGen Therapeutics,VTGN,12309736,0.3,United States
3340,Senti Biosciences,SNTI,11990730,0.385,United States
3341,Urgent.ly Inc.,ULY,11787284,5.38,United States
3342,CISO Global,CISO,11690840,0.258,United States
3343,Reborn Coffee,REBN,11663106,1.42,United States
3344,Lunai Bioworks,LNAI,11561419,2.55,United States
3345,Trio Petroleum,TPET,11553863,0.261,United States
3346,Bullfrog AI,BFRG,11449470,0.6175,United States
3347,Cambium Networks,CMBM,11325767,0.401,United States
3348,Intensity Therapeutics,INTS,11297787,4.18,United States
3349,Clean Energy Technologies,CETY,11071157,0.91,United States
3350,Phoenix Motor,PEV,10575262,0.23,United States
3351,SINTX Technologies,SINT,10553666,1.66,United States
3352,Solo Brands,SBDS,10235936,4.0,United States
3353,SUNation Energy Inc.,SUNE,10184232,2.47,United States
3354,Ryvyl Inc.,RVYL,9994965,7.81,United States
3355,Gaxos.ai,GXAI,9713149,0.904,United States
3356,Superior Industries International,SUP,9576233,0.3249,United States
3357,VolitionRx,VNRX,9459624,0.7854,United States
3358,"Reed's, Inc.",REED,9382512,0.7913,United States
3359,Femasys,FEMY,9209579,3.05,United States
3360,Hydrofarm,HYFM,9148055,1.92,United States
3361,Carver Bancorp,CARV,9037354,1.55,United States
3362,FGI Industries,FGI,8941785,4.63,United States
3363,GoHealth,GOCO,8937260,0.305,United States
3364,Wellgistics Health,WGRX,8847256,3.52,United States
3365,Quoin Pharmaceuticals,QNRX,8736618,4.35,United States
3366,BrainStorm Cell Therapeutics,BCLI,8607124,0.78,United States
3367,Northann Corp,NCL,8543560,0.159,United States
3368,SeaChange International,SEAC,8398952,3.25,United States
3369,Adial Pharmaceuticals,ADIL,8316182,3.8,United States
3370,reAlpha Tech,AIRE,8315364,1.55,United States
3371,Trinseo,TSE,8278525,0.23,United States
3372,HeartSciences Inc.,HSCS,8110941,2.08,United States
3373,Rocky Mountain Chocolate Factory,RMCF,8017985,0.8494,United States
3374,Focus Universal,FCUV,7449797,10.6,United States
3375,enVVeno Medical Corporation,NVNO,7444509,11.15,United States
3376,Aprea Therapeutics,APRE,7420998,0.5993,United States
3377,Signing Day Sports,SGN,7408163,0.5401,United States
3378,Nauticus Robotics,KITT,7387388,1.08,United States
3379,AIM ImmunoTech,AIM,7291476,0.263,United States
3380,Imunon,IMNN,7017537,1.67,United States
3381,Mangoceuticals,MGRX,7014270,0.458,United States
3382,Polar Power,POLA,6843499,1.88,United States
3383,Vislink Technologies,VISL,6694612,2.7,United States
3384,Xenetic Biosciences,XBIO,6437867,2.81,United States
3385,Innovative Eyewear,LUCY,6387811,0.7424,United States
3386,Cadrenal Therapeutics,CVKD,6290141,2.03,United States
3387,TPI Composites,TPIC,6193621,0.1271,United States
3388,CleanCore Solutions,ZONE,6126073,0.77,United States
3389,Sonim Technologies,SONM,6072937,4.08,United States
3390,Pulmatrix,PULM,6062793,1.66,United States
3391,Cheetah Net Supply Chain Service,CTNT,6034436,1.91,United States
3392,Bakhu Holdings,BKUH,6026059,0.02,United States
3393,Ensysce Biosciences,ENSC,5903436,0.3842,United States
3394,cbdMD,YCBD,5857839,0.558,United States
3395,Sonoma Pharmaceuticals,SNOA,5742961,1.2,United States
3396,Soligenix,SNGX,5588713,0.377,United States
3397,BioAtla,BCAB,5559505,3.35,United States
3398,Co-Diagnostics,CODX,5522644,1.51,United States
3399,Aterian,ATER,5494141,0.5064,United States
3400,Gauzy,GAUZ,5435509,0.29,United States
3401,"DSS, Inc. (Document Security Systems)",DSS,5433002,0.541,United States
3402,SurgePays,SURG,5283134,0.2103,United States
3403,Origin Materials,ORGN,5228483,0.9501,United States
3404,Talis Biomedical,TLIS,5176808,2.84,United States
3405,Eterna Therapeutics,ERNA,5155192,4.42,United States
3406,"Cyabra, Inc.",CYAB,5074680,0.333,United States
3407,Urban-gro,UGRO,4942725,3.15,United States
3408,Jaguar Health,JAGX,4910402,1.0,United States
3409,Vertex Energy,VTNR,4872095,0.0521,United States
3410,Cemtrex,CETX,4870829,2.83,United States
3411,Sonendo,SONX,4812627,1.01,United States
3412,Biomerica,BMRA,4728111,1.53,United States
3413,OLB Group,OLB,4683979,0.3194,United States
3414,AquaBounty Technologies,AQB,4683956,0.91,United States
3415,Kidpik,PIK,4644903,2.38,United States
3416,Alaunos Therapeutics,TCRT,4640077,1.9,United States
3417,PMGC Holdings,ELAB,4469233,0.9836,United States
3418,Beyond Air,XAIR,4452881,6.18,United States
3419,BIO-key International,BKYI,4379427,4.035,United States
3420,"Bark, Inc.",BARK,4377870,0.5066,United States
3421,Super League Enterprise,SLE,4328073,2.69,United States
3422,FibroBiologics,FBLG,4281728,0.822,United States
3423,CASI Pharmaceuticals,CASI,4263766,0.2075,United States
3424,QVC Group,QVCGA,4255453,0.34,United States
3425,CaliberCos,CWD,4106284,0.4645,United States
3426,Tivic Health Systems,TIVC,4029097,1.4,United States
3427,Allurion Technologies,ALUR,4001668,4.0,United States
3428,Lakewood-Amedex Biotherapeutics,LABT,3886458,2.22,United States
3429,Avalon GloboCare,ALBT,3707637,0.282,United States
3430,bioAffinity Technologies,BIAF,3458197,0.5504,United States
3431,Unity Biotechnology,UBX,3444161,0.2001,United States
3432,Netcapital,NCPL,3387938,0.4317,United States
3433,Socket Mobile,SCKT,3387033,0.411,United States
3434,Eagle Pharmaceuticals,EGRX,3289388,0.25,United States
3435,Expion360,XPON,3288509,3.45,United States
3436,Cloudastructure,CSAI,3283052,3.94,United States
3437,ShiftPixy,PIXY,3265294,6.53,United States
3438,Jet.AI,JTAI,3156220,2.22,United States
3439,Forza X1,FRZA,3150960,0.2,United States
3440,iSpecimen,ISPC,3089887,2.15,United States
3441,Advent Technologies,ADN,3023365,0.9185,United States
3442,Vaccinex,VCNX,2997833,1.12,United States
3443,ATI Physical Therapy,ATIP,2977762,0.675,United States
3444,Sleep Number,SNBR,2881125,0.125,United States
3445,Marin Software,MRIN,2863609,0.8981,United States
3446,Golden Minerals,AUMN,2857865,0.1886,United States
3447,Inotiv,NOTV,2787563,0.0799,United States
3448,PREIT (Pennsylvania Real Estate Investment Trust),PRET,2690436,0.4974,United States
3449,Xilio Therapeutics,XLO,2676465,0.5101,United States
3450,Staffing 360 Solutions,STAF,2654640,1.615,United States
3451,Fly-E Group,FLYE,2644465,1.62,United States
3452,Synergy CHC,SNYR,2613439,0.1754,United States
3453,Oragenics,OGEN,2481576,0.55,United States
3454,LM Funding America,LMFA,2430118,2.6,United States
3455,Boxlight,BOXL,2234641,3.35,United States
3456,Azitra,AZTR,2232937,0.1379,United States
3457,Genprex,GNPX,2231817,4.42,United States
3458,Sow Good,SOWG,2203871,0.1099,United States
3459,Clearside Biomedical,CLSD,2145948,0.41,United States
3460,Direct Digital Holdings,DRCT,1996733,2.7,United States
3461,"Freight Technologies, Inc.",FRGT,1985273,3.47,United States
3462,Cutera,CUTR,1956013,0.0969,United States
3463,F45 Training,FXLV,1950335,0.02,United States
3464,Matinas BioPharma,MTNB,1860998,0.2905,United States
3465,Aethlon Medical,AEMD,1854026,3.52,United States
3466,Cue Biopharma,CUE,1804119,0.5542,United States
3467,Sonder Holdings,SOND,1680861,0.1263,United States
3468,Traeger,COOK,1642351,0.5983,United States
3469,CorEnergy Infrastructure Trust,CORR,1627350,0.0198,United States
3470,Hepion Pharmaceuticals,HEPA,1616122,0.0555,United States
3471,SOBR Safe,SOBR,1607422,0.5588,United States
3472,Actelis Networks,ASNS,1577397,0.0547,United States
3473,Lazydays Holdings,GORV,1573084,0.4211,United States
3474,Benson Hill,BHIL,1522391,0.249,United States
3475,22nd Century Group,XXII,1521996,4.41,United States
3476,La Rosa Holdings,LRHC,1423120,0.8806,United States
3477,Arcadia Biosciences,RKDA,1415933,0.649,United States
3478,Trinity Place Holdings,TPHS,1360573,0.0206,United States
3479,Maison Solutions,MSS,1297103,1.49,United States
3480,VivoSim Labs,VIVS,1282324,0.367,United States
3481,Purple Innovation,PRPL,1261071,0.2897,United States
3482,Alkaline Water Company,WTER,1246353,0.035,United States
3483,Edible Garden,EDBL,1222082,1.91,United States
3484,"Greenlane Holdings, Inc.",GNLN,1218715,1.93,United States
3485,Vivakor,VIVK,1208130,1.65,United States
3486,Solar Integrated Roofing,SIRC,1097545,0.0001,United States
3487,iPower,IPW,1059042,0.56,United States
3488,Danimer Scientific,DNMR,1056961,0.35,United States
3489,Evofem Biosciences,EVFM,927710,0.007,United States
3490,LMP Automotive Holdings,LMPX,927245,0.085,United States
3491,Quince Therapeutics,QNCX,900311,0.9206,United States
3492,iEntertainment Network,IENT,876829,0.0067,United States
3493,Lyra Therapeutics,LYRA,843068,0.475,United States
3494,BNB Plus Corp.,BNBX,806809,0.1121,United States
3495,zSpace,ZSPC,767748,0.16,United States
3496,Yellow Corporation,YELLQ,693890,0.0102,United States
3497,Curis,CRIS,675500,0.3466,United States
3498,Tapinator,TAPM,673183,0.247,United States
3499,ProPhase Labs,PRPH,672777,0.048,United States
3500,Tevogen Bio,TVGN,627896,0.1551,United States
3501,Onfolio Holdings,ONFO,570266,0.081,United States
3502,Kaival Brands Innovations,KAVL,564573,0.0289,United States
3503,Vicarious Surgical,RBOT,524154,0.0735,United States
3504,Wheeler Real Estate Investment Trust,WHLR,492113,0.5296,United States
3505,Ayr Wellness,AYRWF,467094,0.004,United States
3506,Ontrak,OTRK,425780,0.0601,United States
3507,Viracta Therapeutics,VIRX,388698,0.00978,United States
3508,Impac Mortgage Holdings,IMPM,365688,0.01,United States
3509,VYNE Therapeutics,VYNE,339859,0.509,United States
3510,NantHealth,NHIQ,329655,0.012,United States
3511,Exela Technologies,XELA,305261,0.011,United States
3512,Greene Concepts,INKW,261467,0.0041,United States
3513,Leafly Holdings,LFLY,232138,37.0,United States
3514,Trulite,TRUL,212013,0.0001,United States
3515,Ampio Pharmaceuticals,AMPE,207884,0.1831,United States
3516,BloomZ,BLMZ,187531,0.128,United States
3517,Wearable Health Solutions,WHSI,182670,0.0001,United States
3518,Stryve Foods,SNAX,178622,0.041,United States
3519,Faraday Future,FFAI,174605,0.0717,United States
3520,Nuwellis,NUWE,173337,1.88,United States
3521,Lipella Pharmaceuticals,LIPO,152487,0.033,United States
3522,Hallmark Financial Services,HALL,145478,0.08,United States
3523,Petros Pharmaceuticals,PTPI,127116,0.003,United States
3524,AiRWA Inc.,YYAI,126638,0.1202,United States
3525,Cenntro Inc.,CENN,113554,0.0775,United States
3526,Carisma Therapeutics,CARM,104612,0.0025,United States
3527,Loop Media,LPTV,103383,0.0007,United States
3528,Ocean Biomedical,OCEA,92946,0.0004,United States
3529,PaxMedica,PXMD,88385,0.0007,United States
3530,Remark Holdings,MARK,68092,0.0011,United States
3531,Vincerx Pharma,VINC,68045,0.013,United States
3532,Mobile Global Esports (Mogo),MGAM,67912,0.0009,United States
3533,Vinco Ventures,BBIG,66300,0.0051,United States
3534,ToughBuilt Industries,TBLT,47699,0.011,United States
3535,Presto Automation,PRST,41851,0.0001,United States
3536,Gaming Technologies (Gametech),GMGT,27420,0.0006,United States
3537,Gamer Pakistan,GPAK,15347,0.0006,United States
3538,Movella,MVLA,15272,0.0003,United States
3539,T2 Biosystems,TTOO,14022,0.0005,United States
3540,Novo Integrated Sciences,NVOS,13811,0.0007,United States
3541,Vaxxinity,VAXX,12678,0.0001,United States
3542,Syros Pharmaceuticals,SYRS,10732,0.0004,United States
3543,Trevena,TRVN,9501,0.011,United States
3544,4Front Ventures,FFNTF,9152,1e-05,United States
3545,Freeze Tag,FRZT,7505,0.0001,United States
3546,Adamas One,JEWL,3804,0.0001,United States
3547,USD Partners,USDP,3377,0.0001,United States
3548,Viveve Medical,VIVE,2144,0.0002,United States
3549,Telesis Bio,TBIO,1953,0.0011,United States
3550,Grom Social Enterprises,GROM,1804,0.0002,United States
3551,Calithera Biosciences,CALA,1461,0.0003,United States
3552,Hempacco,HPCO,1184,0.0002,United States
3553,eFFECTOR Therapeutics,EFTR,940,0.0002,United States
3554,Minerva Surgical,UTRS,887,0.0001,United States
3555,Lightning eMotors,ZEVY,659,0.0001,United States
3556,Applied Aerospace &amp; Defense,AADX,0,0.0,United States
3557,"Forbright, Inc.",FRBT,0,0.0,United States
3558,GigCapital9,GIXXU,0,0.0,United States
3559,Ionic Digital,IOND,0,0.0,United States
3560,Pershing Square USA,PSUS,0,0.0,United States
3561,Saluda Medical,SLD.AX,0,0.0,United States
