Rank,Name,Symbol,marketcap,price (USD),country
1,NVIDIA,NVDA,4862365925376,200.75,United States
2,Apple,AAPL,4537070911488,308.91,United States
3,Alphabet (Google),GOOG,4361806151680,356.65,United States
4,Microsoft,MSFT,3450799652864,464.72,United States
5,Amazon,AMZN,2921415835648,271.58,United States
6,Broadcom,AVGO,1852030844928,389.28,United States
7,SpaceX,SPCX,1427686686720,108.37,United States
8,Meta Platforms (Facebook),META,1418222239744,556.71,United States
9,Tesla,TSLA,1229138690048,311.21,United States
10,Berkshire Hathaway,BRK-B,1103317041152,511.54,United States
11,Eli Lilly,LLY,1024468123648,1148.84,United States
12,JPMorgan Chase,JPM,935128203264,351.79,United States
13,Micron Technology,MU,929524482048,823.03,United States
14,Walmart,WMT,884938375168,111.2,United States
15,AMD,AMD,776410431488,476.15,United States
16,Visa,V,683582029824,366.13,United States
17,Exxon Mobil,XOM,644290576384,155.44,United States
18,Johnson & Johnson,JNJ,617777463296,256.35,United States
19,Mastercard,MA,506381893632,573.1,United States
20,Cisco,CSCO,457166979072,115.99,United States
21,Intel,INTC,454968770560,90.2,United States
22,AbbVie,ABBV,443359002624,250.94,United States
23,Bank of America,BAC,434763104256,61.95,United States
24,Costco,COST,422143066112,951.89,United States
25,Applied Materials,AMAT,403069403136,507.67,United States
26,Chevron,CVX,392006172672,196.83,United States
27,Coca-Cola,KO,376860246016,87.59,United States
28,UnitedHealth,UNH,376335040512,414.4,United States
29,Caterpillar,CAT,375294951424,814.81,United States
30,Oracle,ORCL,374086762496,129.87,United States
31,General Electric,GE,373595144192,360.07,United States
32,Lam Research,LRCX,366649442304,293.02,United States
33,Procter & Gamble,PG,336459300864,144.49,United States
34,Home Depot,HD,331002839040,331.96,United States
35,Morgan Stanley,MS,330780246016,210.42,United States
36,Merck,MRK,321571160064,130.2,United States
37,Goldman Sachs,GS,300429672448,1018.38,United States
38,Netflix,NFLX,298596106240,71.71,United States
39,Philip Morris International,PM,297414623232,190.82,United States
40,Palantir,PLTR,295013220352,123.06,United States
41,RTX,RTX,290064498688,215.22,United States
42,Palo Alto Networks,PANW,270441431040,331.83,United States
43,GE Vernova,GEV,263747485696,990.29,United States
44,Dell,DELL,261926748160,405.37,United States
45,Wells Fargo,WFC,261424726016,86.45,United States
46,Texas Instruments,TXN,251818901504,275.74,United States
47,KLA,KLAC,238813249536,182.82,United States
48,Arista Networks,ANET,227091218432,180.35,United States
49,American Express,AXP,227072933888,336.25,United States
50,Citigroup,C,222171627520,132.45,United States
51,Thermo Fisher Scientific,TMO,213422211072,574.3,United States
52,IBM,IBM,210708348928,223.65,United States
53,Amgen,AMGN,207874048000,385.16,United States
54,Amphenol,APH,197698682880,160.7,United States
55,Verizon,VZ,195457925120,46.81,United States
56,CrowdStrike,CRWD,194344960000,190.86,United States
57,McDonald,MCD,192291307520,270.64,United States
58,Pepsico,PEP,190638964736,139.56,United States
59,Western Digital,WDC,187796635648,544.84,United States
60,T-Mobile US,TMUS,185261129728,172.71,United States
61,Abbott Laboratories,ABT,184109645824,105.7,United States
62,Charles Schwab,SCHW,183026614272,105.24,United States
63,Nextera Energy,NEE,181280817152,86.92,United States
64,Sandisk,SNDK,179903873024,1214.83,United States
65,Analog Devices,ADI,178960646144,367.41,United States
66,BlackRock,BLK,177299947520,1090.39,United States
67,TJX Companies,TJX,173814185984,157.34,United States
68,Union Pacific Corporation,UNP,173547290624,292.13,United States
69,Boeing,BA,170705747968,216.14,United States
70,Welltower,WELL,168930902016,234.44,United States
71,Marvell Technology,MRVL,168343437312,187.56,United States
72,Walt Disney,DIS,167035043840,96.19,United States
73,Gilead Sciences,GILD,161664827392,130.21,United States
74,Deere &amp; Company (John Deere),DE,160084492288,592.67,United States
75,AT&T,T,159317966848,23.25,United States
76,Blackstone Group,BX,158998593536,127.75,United States
77,QUALCOMM,QCOM,154990493696,147.61,United States
78,Salesforce,CRM,150712385536,184.02,United States
79,Booking Holdings (Booking.com),BKNG,149474050048,192.9,United States
80,Interactive Brokers,IBKR,149250588672,87.99,United States
81,ConocoPhillips,COP,146780061696,120.48,United States
82,Southern Copper,SCCO,143250571264,182.71,United States
83,Uber,UBER,143224750080,70.36,United States
84,Pfizer,PFE,142543093760,25.01,United States
85,Prologis,PLD,138078535680,144.61,United States
86,Danaher,DHR,137068216320,194.98,United States
87,Lockheed Martin,LMT,134490996736,582.74,United States
88,Bristol-Myers Squibb,BMY,133367668736,65.31,United States
89,CVS Health,CVS,133245091840,104.43,United States
90,AppLovin,APP,132998455296,395.9,United States
91,Capital One,COF,128227639296,209.01,United States
92,Intuitive Surgical,ISRG,126590377984,353.33,United States
93,Stryker Corporation,SYK,124860604416,325.7,United States
94,Parker-Hannifin,PH,123127144448,976.53,United States
95,Progressive,PGR,122919583744,211.42,United States
96,S&P Global,SPGI,121436962816,411.93,United States
97,Vertex Pharmaceuticals,VRTX,121090572288,477.1,United States
98,Starbucks,SBUX,119984996352,105.25,United States
99,Corning,GLW,118844932096,138.25,United States
100,Fortinet,FTNT,118652403712,161.95,United States
101,Lowe's Companies,LOW,116581408768,207.81,United States
102,ServiceNow,NOW,114996477952,111.23,United States
103,Altria Group,MO,114093604864,68.33,United States
104,Howmet Aerospace,HWM,112934346752,282.26,United States
105,Southern Company,SO,108755320832,94.54,United States
106,Automatic Data Processing,ADP,105997787136,266.46,United States
107,General Dynamics,GD,103737040896,383.42,United States
108,Snowflake,SNOW,101650849792,293.28,United States
109,Equinix,EQIX,100574085120,1019.28,United States
110,McKesson,MCK,100240793600,856.19,United States
111,Quanta Services,PWR,100144136192,667.36,United States
112,PNC Financial Services,PNC,99698130944,249.87,United States
113,Adobe,ADBE,99537977344,250.41,United States
114,Cloudflare,NET,99021037568,278.98,United States
115,Newmont,NEM,98741501952,93.71,United States
116,Marriott International,MAR,98311028736,372.83,United States
117,U.S. Bancorp,USB,98152669184,63.01,United States
118,Duke Energy,DUK,97784758272,125.43,United States
119,CME Group,CME,96291733504,267.79,United States
120,Datadog,DDOG,95386656768,267.97,United States
121,KKR & Co.,KKR,94577549312,101.43,United States
122,Monster Beverage,MNST,94260420608,96.38,United States
123,BNY Mellon (Bank of New York Mellon),BK,94143750144,137.16,United States
124,Constellation Energy,CEG,93828554752,262.75,United States
125,Cadence Design Systems,CDNS,93782949888,340.02,United States
126,CSX Corporation,CSX,93364740096,50.4,United States
127,Vertiv Holdings,VRT,93001588736,241.57,United States
128,Valero Energy,VLO,92910264320,312.9,United States
129,Carvana,CVNA,92796190720,62.36,United States
130,Marathon Petroleum,MPC,92389187584,316.47,United States
131,3M,MMM,90911547392,176.28,United States
132,Waste Management,WM,90555482112,226.55,United States
133,Marsh & McLennan Companies,MRSH,90522206208,189.69,United States
134,Freeport-McMoRan,FCX,90034372608,62.63,United States
135,Airbnb,ABNB,89927868416,151.52,United States
136,HCA Healthcare,HCA,89310486528,402.59,United States
137,United Parcel Service,UPS,88587657216,104.22,United States
138,Cummins,CMI,87512670208,634.2,United States
139,Williams Companies,WMB,87493296128,71.54,United States
140,Simon Property Group,SPG,87155924992,229.37,United States
141,Intuit,INTU,86456836096,316.07,United States
142,Intercontinental Exchange,ICE,86229344256,152.48,United States
143,DoorDash,DASH,85470584832,196.16,United States
144,Royal Caribbean Group,RCL,85129994240,318.3,United States
145,Comcast,CMCSA,85025333248,23.96,United States
146,Phillips 66,PSX,84869922816,211.68,United States
147,Emerson,EMR,83914178560,149.82,United States
148,Moody's,MCO,82846326784,478.38,United States
149,Sherwin-Williams,SHW,82744115200,340.85,United States
150,Illinois Tool Works,ITW,82555518976,286.95,United States
151,Enterprise Products,EPD,82321866752,38.05,United States
152,Cintas,CTAS,81886699520,204.63,United States
153,Elevance Health,ELV,81508155392,375.84,United States
154,American Tower,AMT,80778838016,173.36,United States
155,Ross Stores,ROST,80538509312,251.07,United States
156,General Motors,GM,80369565696,88.86,United States
157,Mondelez International,MDLZ,79984222208,62.31,United States
158,EOG Resources,EOG,79196536832,148.69,United States
159,Regeneron Pharmaceuticals,REGN,78516568064,762.63,United States
160,Ecolab,ECL,78135492608,277.63,United States
161,The Travelers Companies,TRV,78082146304,374.36,United States
162,Robinhood,HOOD,77817438208,86.56,United States
163,Northrop Grumman,NOC,77066346496,542.48,United States
164,Honeywell,HON,77032267776,243.05,United States
165,Norfolk Southern,NSC,75351621632,335.48,United States
166,Synopsys,SNPS,74439507968,388.76,United States
167,The Cigna Group,CI,73817759744,279.05,United States
168,SLB (Schlumberger),SLB,73598664704,49.59,United States
169,Colgate-Palmolive,CL,73057288192,91.3,United States
170,O'Reilly Automotive,ORLY,72924413952,89.35,United States
171,FedEx,FDX,72725053440,307.4,United States
172,Apollo Global Management,APO,72404828160,125.59,United States
173,Motorola Solutions,MSI,72332574720,435.75,United States
174,Hilton Worldwide,HLT,72131051520,320.49,United States
175,Kinder Morgan,KMI,71594893312,32.18,United States
176,Digital Realty,DLR,70934233088,188.52,United States
177,TransDigm Group,TDG,70161973248,1254.38,United States
178,Energy Transfer LP,ET,70062006272,20.36,United States
179,Monolithic Power Systems,MPWR,70060859392,1426.03,United States
180,Medline,MDLN,69987926016,39.28,United States
181,Paccar,PCAR,69838102528,132.68,United States
182,American Electric Power,AEP,69563826176,127.85,United States
183,Boston Scientific,BSX,69457379328,46.73,United States
184,Allstate,ALL,67979714560,264.08,United States
185,United Rentals,URI,67175829504,1079.26,United States
186,Warner Bros. Discovery,WBD,65937694720,26.3,United States
187,Air Products and Chemicals,APD,65666310144,294.89,United States
188,Target,TGT,65626075136,144.49,United States
189,Honeywell Aerospace,HONA,65524125696,206.74,United States
190,W. W. Grainger,GWW,65258917888,1382.22,United States
191,Aflac,AFL,64885395456,127.48,United States
192,Republic Services,RSG,64778678272,210.55,United States
193,Arthur J. Gallagher & Co.,AJG,64086474752,249.42,United States
194,Hewlett Packard Enterprise,HPE,63429349376,47.9,United States
195,Truist Financial Corporation,TFC,63329091584,51.84,United States
196,Nike,NKE,61876731904,41.71,United States
197,MetLife,MET,61853577216,96.13,United States
198,Comfort Systems USA,FIX,60875276288,1729.69,United States
199,Dominion Energy,D,60836806656,69.17,United States
200,Bloom Energy,BE,60616675328,205.81,United States
201,Cencora,COR,60574638080,311.34,United States
202,Public Storage,PSA,60537368576,324.17,United States
203,Baker Hughes,BKR,60046856192,60.49,United States
204,Realty Income,O,59558297600,63.87,United States
205,MPLX,MPLX,59311185920,58.45,United States
206,Nucor,NUE,58595471360,257.29,United States
207,Ford,F,58537906176,14.68,United States
208,Targa Resources,TRGP,58033270784,270.37,United States
209,Sempra,SRE,57885790208,88.55,United States
210,Teradyne,TER,57558986752,367.69,United States
211,Delta Air Lines,DAL,57502560256,87.44,United States
212,Oneok,OKE,57213280256,90.81,United States
213,Diamondback Energy,FANG,57092534272,202.95,United States
214,Occidental Petroleum,OXY,56763801600,57.07,United States
215,Lumentum,LITE,55544532992,713.94,United States
216,Ametek,AME,55400660992,241.71,United States
217,Cheniere Energy,LNG,55231590400,263.57,United States
218,Fastenal,FAST,54747111424,47.71,United States
219,Keysight,KEYS,54529290240,319.08,United States
220,Cardinal Health,CAH,53874372608,230.03,United States
221,Rockwell Automation,ROK,53420396544,480.08,United States
222,Ciena,CIEN,53372530688,377.05,United States
223,Astera Labs,ALAB,53347295232,311.23,United States
224,Nasdaq,NDAQ,52650078208,94.19,United States
225,Corteva,CTVA,52642820096,78.71,United States
226,Electronic Arts,EA,52622708736,209.86,United States
227,Devon Energy,DVN,52053086208,45.13,United States
228,L3Harris Technologies,LHX,51614875648,277.06,United States
229,Coherent Corp.,COHR,51431624704,262.89,United States
230,Carrier Global,CARR,51338178560,61.81,United States
231,Fifth Third Bank,FITB,51221372928,56.5,United States
232,eBay,EBAY,50620440576,114.01,United States
233,State Street Corporation,STT,50589224960,184.16,United States
234,Entergy,ETR,50218881024,107.62,United States
235,Vistra,VST,49967071232,148.19,United States
236,HEICO,HEI,49796927488,356.36,United States
237,Edwards Lifesciences,EW,49559105536,86.07,United States
238,Autodesk,ADSK,49450217472,234.2,United States
239,PayPal,PYPL,49315020800,57.21,United States
240,AutoZone,AZO,49241350144,3016.25,United States
241,Wabtec,WAB,49129406464,290.86,United States
242,Xcel Energy,XEL,48817876992,78.2,United States
243,Block,XYZ,48352501760,81.24,United States
244,Ameriprise Financial,AMP,48252260352,545.84,United States
245,Ventas,VTR,47965581312,93.51,United States
246,Chipotle Mexican Grill,CMG,47188930560,37.22,United States
247,Exelon Corporation,EXC,46883397632,45.82,United States
248,Becton Dickinson,BDX,45635002368,165.62,United States
249,Take-Two Interactive,TTWO,45421289472,242.92,United States
250,Cerebras Systems,CBRS,44282634240,198.71,United States
251,Old Dominion Freight Line,ODFL,44118392832,212.14,United States
252,IDEXX Laboratories,IDXX,44101120000,559.07,United States
253,Humana,HUM,43692417024,363.86,United States
254,Axon Enterprise,AXON,42538553344,527.76,United States
255,CBRE Group,CBRE,42512547840,146.81,United States
256,Prudential Financial,PRU,42401452032,122.08,United States
257,Keurig Dr Pepper,KDP,42340614144,31.12,United States
258,Ares Management,ARES,42250051584,128.09,United States
259,Yum! Brands,YUM,42247221248,153.28,United States
260,Waste Connections,WCN,42188054528,167.38,United States
261,American International Group,AIG,41663606784,78.58,United States
262,MSCI,MSCI,41601847296,572.24,United States
263,Paychex,PAYX,41557983232,116.84,United States
264,Grayscale Bitcoin Trust,GBTC,41085235200,59.34,United States
265,Sysco,SYY,40807825408,85.24,United States
266,Rocket Lab,RKLB,40581976064,64.95,United States
267,Live Nation,LYV,40522280960,174.13,United States
268,Microchip Technology,MCHP,40340094976,74.29,United States
269,Consolidated Edison,ED,40114458624,108.85,United States
270,D. R. Horton,DHI,40014065664,143.06,United States
271,Revolution Medicines,RVMD,39868215296,187.53,United States
272,Workday,WDAY,39599726592,160.34,United States
273,United Airlines Holdings,UAL,39380045824,121.33,United States
274,CoreWeave,CRWV,39155585024,71.77,United States
275,Agilent Technologies,A,39080103936,138.37,United States
276,The Hartford,HIG,38901903360,141.91,United States
277,Roper Technologies,ROP,38765834240,391.97,United States
278,IQVIA,IQV,38684291072,235.02,United States
279,Credo Technology,CRDO,38599061504,206.99,United States
280,Coinbase,COIN,38533771264,146.26,United States
281,Natera,NTRA,38347350016,267.76,United States
282,PG&amp;E Corporation,PCG,38277136384,17.38,United States
283,PSEG,PEG,38211284992,76.68,United States
284,Archer Daniels Midland (ADM),ADM,38204690432,79.27,United States
285,Carnival Corporation,CCL,38089940992,27.81,United States
286,Waters Corporation,WAT,37046505472,377.31,United States
287,Kenvue,KVUE,36940967936,19.24,United States
288,Rocket Companies,RKT,36499644416,12.9,United States
289,Iron Mountain,IRM,36393218048,122.32,United States
290,Kimberly-Clark,KMB,36284399616,109.31,United States
291,Steel Dynamics,STLD,36012617728,251.26,United States
292,M&T Bank,MTB,35695546368,246.29,United States
293,WEC Energy Group,WEC,35654438912,109.42,United States
294,The Hershey Company,HSY,35507732480,175.05,United States
295,Expedia Group,EXPE,35375304704,294.74,United States
296,Kroger,KR,35374256128,57.74,United States
297,Emcor,EME,35174555648,797.43,United States
298,NetApp,NTAP,34971705344,178.5,United States
299,Vulcan Materials,VMC,34800963584,268.57,United States
300,TKO Group Holdings,TKO,34748669952,181.81,United States
301,Huntington Bancshares,HBAN,34427871232,17.04,United States
302,"Strategy 
 (MicroStrategy)",MSTR,34077014016,93.28,United States
303,Raymond James Financial,RJF,33805756416,175.98,United States
304,Ubiquiti,UI,33681752064,556.52,United States
305,Crown Castle,CCI,33343100928,76.3,United States
306,EQT Corporation,EQT,33333749760,53.29,United States
307,Venture Global,VG,33240713216,13.38,United States
308,Veeva Systems,VEEV,33102694400,203.78,United States
309,Jabil,JBL,33013170176,315.05,United States
310,BeOne Medicines,ONC,32786421760,316.01,United States
311,Extra Space Storage,EXR,32671526912,148.04,United States
312,Cboe Global Markets,CBOE,32466745344,310.23,United States
313,Zoetis,ZTS,32402143232,77.29,United States
314,Casey's General Stores,CASY,32231278592,871.0,United States
315,DexCom,DXCM,32201099264,83.45,United States
316,"Cheniere Energy
Partners",CQP,31899166720,65.9,United States
317,ON Semiconductor,ON,31761436672,81.61,United States
318,Las Vegas Sands,LVS,31666110464,48.89,United States
319,Martin Marietta Materials,MLM,31532505088,525.14,United States
320,Illumina,ILMN,31031631872,205.1,United States
321,GE HealthCare Technologies,GEHC,30941736960,68.02,United States
322,Tapestry,TPR,30785552384,152.37,United States
323,Centene,CNC,30736369664,62.22,United States
324,Kraft Heinz,KHC,30652352512,25.85,United States
325,ResMed,RMD,30603995136,210.98,United States
326,Teledyne Technologies,TDY,30371991552,655.57,United States
327,Estee Lauder,EL,30354593792,83.9,United States
328,Ameren,AEE,30334744576,109.61,United States
329,Citizens Financial Group,CFG,30284855296,71.65,United States
330,Biogen,BIIB,29986674688,202.95,United States
331,Twilio,TWLO,29952571392,197.35,United States
332,DTE Energy,DTE,29521453056,141.87,United States
333,Coupang,CPNG,29349300224,16.35,United States
334,VICI Properties,VICI,29013393408,26.35,United States
335,Atmos Energy,ATO,28840407040,172.78,United States
336,Fiserv,FISV,28763719680,53.94,United States
337,Mettler Toledo,MTD,28620025856,1416.3,United States
338,NRG Energy,NRG,28333371392,134.29,United States
339,LPL Financial,LPLA,28289939456,353.7,United States
340,Edison International,EIX,28232333312,73.37,United States
341,Zoom,ZM,28170819584,96.07,United States
342,Copart,CPRT,28051542016,29.12,United States
343,Dollar General,DG,28025532416,127.05,United States
344,FirstEnergy,FE,27944009728,48.31,United States
345,Texas Pacific Land Corporation,TPL,27767726080,402.58,United States
346,CenterPoint Energy,CNP,27692599296,42.04,United States
347,Dover Corporation,DOV,27558266880,204.62,United States
348,Qnity Electronics,Q,27461113856,131.18,United States
349,Alnylam Pharmaceuticals,ALNY,27439505408,205.52,United States
350,GlobalFoundries,GFS,27429556224,49.99,United States
351,Otis Worldwide,OTIS,27389157376,71.95,United States
352,Xylem,XYL,27310952448,116.97,United States
353,Cincinnati Financial,CINF,27269978112,177.68,United States
354,MongoDB,MDB,27144167424,337.48,United States
355,Reddit,RDDT,27080247296,140.67,United States
356,Halliburton,HAL,26941577216,32.25,United States
357,Williams-Sonoma,WSM,26923939840,228.66,United States
358,Eversource Energy,ES,26923567104,71.59,United States
359,W. R. Berkley,WRB,26916546560,72.54,United States
360,Curtiss-Wright,CW,26745403392,724.0,United States
361,American Water,AWK,26663469056,134.17,United States
362,AvalonBay Communities,AVB,26539200512,185.61,United States
363,PPL,PPL,26490255360,35.21,United States
364,Regions Financial,RF,26412097536,30.95,United States
365,VeriSign,VRSN,26217807872,290.02,United States
366,Cognizant Technology Solutions,CTSH,26180548608,55.35,United States
367,Symbotic,SYM,25986435072,43.05,United States
368,Carpenter Technology,CRS,25819623424,519.66,United States
369,United Therapeutics,UTHR,25783056384,517.71,United States
370,Quest Diagnostics,DGX,25718095872,233.01,United States
371,Equity Residential,EQR,25674684416,66.45,United States
372,Everpure,P,25651687424,77.17,United States
373,ATI Inc.,ATI,25580017664,187.44,United States
374,Verisk Analytics,VRSK,25529606144,194.85,United States
375,J. B. Hunt,JBHT,25517324288,271.75,United States
376,Roblox,RBLX,25488842752,35.6,United States
377,LabCorp,LH,25354401792,309.2,United States
378,Corpay,CPAY,24975441920,382.11,United States
379,Hubbell,HUBB,24970381312,472.55,United States
380,HP,HPQ,24939034624,27.27,United States
381,First Citizens BancShares,FCNCA,24906831872,2186.65,United States
382,Okta,OKTA,24886919168,141.93,United States
383,Coterra Energy,CTRA,24724652032,32.56,United States
384,Synchrony Financial,SYF,24659857408,75.79,United States
385,Formula One Group,FWONK,24591937536,98.13,United States
386,PPG Industries,PPG,24568594432,110.52,United States
387,Zscaler,ZS,24450478080,151.2,United States
388,Dollar Tree,DLTR,24446529536,127.21,United States
389,EchoStar,ECHO,24370415616,84.09,United States
390,Principal Financial Group,PFG,24343697408,113.7,United States
391,Fair Isaac (FICO),FICO,24253497344,1122.97,United States
392,Incyte,INCY,24226433024,119.52,United States
393,KeyCorp (KeyBank),KEY,24217270272,22.59,United States
394,PulteGroup,PHM,24090808320,126.47,United States
395,West Pharmaceutical Services,WST,23995318272,340.96,United States
396,Affirm,AFRM,23948597248,71.51,United States
397,T. Rowe Price,TROW,23944294400,111.75,United States
398,Loews Corporation,L,23871248384,116.01,United States
399,XPO Logistics,XPO,23595884544,200.97,United States
400,Brown &amp; Brown,BRO,23556571136,70.4,United States
401,Church & Dwight,CHD,23412396032,98.81,United States
402,Markel Group,MKL,23322114048,1882.34,United States
403,Darden Restaurants,DRI,23317035008,203.58,United States
404,Burlington Stores,BURL,23151699968,368.48,United States
405,Fidelity National Information Services,FIS,23140679680,44.77,United States
406,Global Payments,GPN,22999539712,84.08,United States
407,Veralto,VLTO,22958018560,94.17,United States
408,SharkNinja,SN,22893752320,161.77,United States
409,AST SpaceMobile,ASTS,22891587584,58.98,United States
410,F5,FFIV,22876442624,402.57,United States
411,First Solar,FSLR,22675881984,211.03,United States
412,"Arxis, Inc.",ARXS,22668857344,54.3,United States
413,Ralph Lauren,RL,22636445696,380.34,United States
414,Expand Energy,EXE,22494689280,94.03,United States
415,Omnicom Group,OMC,22429986816,78.7,United States
416,Northern Trust,NTRS,22378715136,182.19,United States
417,Constellation Brands,STZ,22243850240,130.23,United States
418,CMS Energy,CMS,22239123456,71.99,United States
419,US Foods,USFD,22152095744,100.59,United States
420,ULTA Beauty,ULTA,22046210048,512.83,United States
421,Rivian,RIVN,22028949504,15.22,United States
422,Southwest Airlines,LUV,21999693824,44.97,United States
423,Expeditors International,EXPD,21958522880,167.89,United States
424,Tradeweb,TW,21911615488,100.5,United States
425,Packaging Corporation of America,PKG,21904011264,245.84,United States
426,Dow,DOW,21879701504,30.29,United States
427,Fox Corporation,FOX,21809639424,51.94,United States
428,Moderna,MRNA,21751822336,54.82,United States
429,Samsara,IOT,21717604352,37.27,United States
430,International Paper,IP,21620178944,40.83,United States
431,Roku,ROKU,21511096320,145.01,United States
432,Woodward,WWD,21494517760,360.75,United States
433,Guardant Health,GH,21479862272,161.99,United States
434,Insmed,INSM,21371791360,98.6,United States
435,NiSource,NI,21301485568,44.43,United States
436,Snap-on,SNA,21229328384,410.41,United States
437,FTAI Aviation,FTAI,21140836352,206.0,United States
438,SoFi,SOFI,21044996096,16.31,United States
439,FedEx Freight,FDXF,20925782016,140.53,United States
440,MasTec,MTZ,20789784576,263.1,United States
441,Reliance,RS,20732622848,406.1,United States
442,Tenet Healthcare,THC,20514631680,254.78,United States
443,Viatris,VTRS,20449544192,17.56,United States
444,TD Synnex,SNX,20445452288,255.7,United States
445,Tyson Foods,TSN,20409419776,57.96,United States
446,Bunge Global SA,BG,20408815616,106.23,United States
447,Equifax,EFX,20280242176,172.62,United States
448,International Flavors & Fragrances,IFF,20225140736,79.22,United States
449,MKS Instruments,MKSI,20091000832,297.45,United States
450,LyondellBasell,LYB,20038479872,62.08,United States
451,Exact Sciences,EXAS,20026083328,104.91,United States
452,Lennar,LEN,19837714432,82.35,United States
453,Essex Property Trust,ESS,19584690176,284.14,United States
454,Charter Communications,CHTR,19540039680,144.98,United States
455,Western Midstream,WES,19241355264,46.57,United States
456,CF Industries,CF,19232849920,125.19,United States
457,SBA Communications,SBAC,19195283456,180.98,United States
458,MACOM Technology Solutions,MTSI,19183810560,251.44,United States
459,Evergy,EVRG,19134885888,83.01,United States
460,General Mills,GIS,19080075264,35.75,United States
461,CDW Corporation,CDW,18883235840,147.81,United States
462,Toast,TOST,18716600320,32.27,United States
463,SS&C Technologies,SSNC,18556262400,77.05,United States
464,Dupont De Nemours,DD,18497658880,137.0,United States
465,UL Solutions,ULS,18471243776,91.64,United States
466,Supermicro,SMCI,18371192832,28.4,United States
467,Permian Resources,PR,18359334912,21.31,United States
468,Sterling Infrastructure,STRL,18312458240,596.77,United States
469,Alliant Energy,LNT,18280849408,70.78,United States
470,Rollins,ROL,18269091840,37.97,United States
471,Best Buy,BBY,18180771840,86.26,United States
472,Zimmer Biomet,ZBH,18171930624,93.93,United States
473,Entegris,ENTG,18131314688,119.05,United States
474,Fortive,FTV,18050820096,59.21,United States
475,Weyerhaeuser,WY,18047696896,25.03,United States
476,Performance Food Group,PFGC,17969508352,114.39,United States
477,East West Bancorp,EWBC,17946509312,131.0,United States
478,Broadridge Financial Solutions,BR,17805594624,153.95,United States
479,Invitation Homes,INVH,17654927360,29.72,United States
480,Lattice Semiconductor,LSCC,17615173632,124.27,United States
481,ITT,ITT,17606807552,195.98,United States
482,Franklin Resources,BEN,17594914816,33.86,United States
483,Dick's Sporting Goods,DKS,17534441472,195.91,United States
484,RBC Bearings,RBC,17440890880,551.31,United States
485,Host Hotels & Resorts,HST,17434345472,25.13,United States
486,C. H. Robinson,CHRW,17413384192,147.73,United States
487,Plains All American Pipeline,PAA,17334913024,24.57,United States
488,Ball Corporation,BALL,17279399936,64.9,United States
489,Ovintiv,OVV,17276436480,62.46,United States
490,APi Group,APG,17190488064,39.68,United States
491,Kimco Realty,KIM,17183451136,25.48,United States
492,Genuine Parts Company,GPC,17145618432,124.37,United States
493,Annaly Capital Management,NLY,17124390912,22.72,United States
494,IDEX,IEX,16988749824,230.45,United States
495,Hologic,HOLX,16968846336,76.01,United States
496,News Corp,NWS,16927453184,31.27,United States
497,Royal Gold,RGLD,16833290240,198.35,United States
498,TPG Inc.,TPG,16779077632,43.66,United States
499,Neurocrine Biosciences,NBIX,16771737600,166.8,United States
500,W. P. Carey,WPC,16766613504,73.6,United States
501,Akamai,AKAM,16745496576,115.18,United States
502,Circle Internet Group,CRCL,16735070208,62.61,United States
503,WESCO International,WCC,16729643008,343.49,United States
504,Nordson,NDSN,16591690752,297.78,United States
505,Carlyle Group,CG,16566023168,46.02,United States
506,Clean Harbors,CLH,16516074496,312.88,United States
507,HF Sinclair,DINO,16489794560,91.47,United States
508,Jones Lang LaSalle,JLL,16471111680,355.03,United States
509,NVR,NVR,16462739456,6147.05,United States
510,Gen Digital,GEN,16430941184,27.45,United States
511,Hyatt Hotels,H,16389769216,174.06,United States
512,Lamar Advertising,LAMR,16231958528,159.96,United States
513,Tractor Supply,TSCO,16137314304,30.77,United States
514,Medpace,MEDP,16108095488,577.11,United States
515,Viper Energy,VNOM,16060754944,44.61,United States
516,Blue Owl Capital,OWL,16058219520,10.3,United States
517,SiTime,SITM,16032194560,535.2,United States
518,Omega Healthcare Investors,OHI,15968462848,50.63,United States
519,Talen Energy,TLN,15968311296,334.1,United States
520,Nutanix,NTNX,15951612928,59.01,United States
521,Jacobs Engineering,J,15932652544,134.93,United States
522,Pinnacle Financial Partners,PNFP,15889730560,105.23,United States
523,PTC,PTC,15847394304,137.2,United States
524,Mid-America Apartment Communities,MAA,15791686656,132.34,United States
525,Sun Communities,SUI,15788253184,123.48,United States
526,BridgeBio Pharma,BBIO,15686526976,80.09,United States
527,Reinsurance Group of America,RGA,15516792832,236.85,United States
528,BWX Technologies,BWXT,15455390720,168.7,United States
529,DaVita,DVA,15410176000,240.09,United States
530,Coeur Mining,CDE,15365269504,14.91,United States
531,TransUnion,TRU,15063592960,78.62,United States
532,Healthpeak Properties,DOC,15050032128,21.83,United States
533,Regency Centers,REG,15009009664,80.29,United States
534,Aramark,ARMK,14980464640,56.97,United States
535,Rubrik,RBRK,14893754368,72.36,United States
536,IES Holdings,IESC,14834130944,744.54,United States
537,Textron,TXT,14825774080,85.26,United States
538,Solventum,SOLV,14796048384,85.44,United States
539,Mueller Industries,MLI,14688657408,66.41,United States
540,Madison Air Solutions,MAIR,14580059136,29.06,United States
541,Carlisle Companies,CSL,14564190208,359.92,United States
542,Leidos,LDOS,14540798976,115.6,United States
543,Sunoco,SUN,14449312768,76.69,United States
544,Lennox,LII,14373094400,415.88,United States
545,Lincoln Electric,LECO,14316420096,261.31,United States
546,Penske Automotive Group,PAG,14287970304,217.31,United States
547,Stanley Black &amp; Decker,SWK,14283154432,94.58,United States
548,CNA Financial,CNA,14194784256,52.47,United States
549,Globe Life,GL,14150757376,182.25,United States
550,UDR Apartments,UDR,14138876928,38.16,United States
551,Cooper Companies,COO,14104614912,72.32,United States
552,Masco,MAS,14094957568,71.48,United States
553,DT Midstream,DTM,14077948928,138.0,United States
554,Corebridge Financial,CRBG,14050674688,31.19,United States
555,Zebra Technologies,ZBRA,13995643904,293.82,United States
556,Fidelity National Financial,FNF,13885837312,51.59,United States
557,Albemarle,ALB,13873831936,117.64,United States
558,U-Haul,UHAL,13862495232,70.91,United States
559,Unity Software,U,13842525184,31.71,United States
560,Assurant,AIZ,13833204736,279.19,United States
561,"QXO, Inc.",QXO,13802811392,13.3,United States
562,Nextpower,NXT,13800626176,89.87,United States
563,Hormel Foods,HRL,13762608128,25.01,United States
564,Unum,UNM,13758331904,86.11,United States
565,Somnigroup International,SGI,13743177728,65.33,United States
566,DigitalOcean,DOCN,13736700928,117.5,United States
567,AMH (American Homes 4 Rent),AMH,13700594688,33.42,United States
568,McCormick & Company,MKC,13684544512,50.9,United States
569,RPM International,RPM,13666736128,107.07,United States
570,Regal Rexnord,RRX,13662072832,205.23,United States
571,Toll Brothers,TOL,13636484096,145.89,United States
572,IonQ,IONQ,13601956864,36.44,United States
573,Warner Music Group,WMG,13541138432,25.96,United States
574,Baxter,BAX,13510829056,26.16,United States
575,Texas Roadhouse,TXRH,13503492096,205.44,United States
576,Ares Capital,ARCC,13470108672,18.76,United States
577,Pinterest,PINS,13449376768,24.01,United States
578,Brown Forman,BF-A,13408013312,29.22,United States
579,Exelixis,EXEL,13329359872,53.03,United States
580,Pershing Square Inc.,PS,13312000000,33.28,United States
581,Hasbro,HAS,13291635712,93.94,United States
582,Deckers Brands,DECK,13193297920,96.88,United States
583,APA Corporation,APA,13191508992,37.32,United States
584,Trimble,TRMB,13189449728,56.58,United States
585,Ally Financial,ALLY,13180973056,43.33,United States
586,Elanco,ELAN,13170485248,26.37,United States
587,BorgWarner,BWA,13074026496,63.74,United States
588,Invesco,IVZ,13068400640,29.6,United States
589,Gaming and Leisure Properties,GLPI,13053901824,44.79,United States
590,Equity LifeStyle Properties,ELS,13038977024,65.07,United States
591,Equitable Holdings,EQH,13006455808,47.65,United States
592,Avery Dennison,AVY,12982712320,169.73,United States
593,Dynatrace,DT,12918204416,44.32,United States
594,Huntington Ingalls Industries,HII,12863444992,326.45,United States
595,Onto Innovation,ONTO,12862691328,258.58,United States
596,Graco,GGG,12855894016,79.38,United States
597,Figma,FIG,12850118656,24.32,United States
598,Crown Holdings,CCK,12818116608,117.85,United States
599,Applied Industrial Technologies,AIT,12758802432,345.21,United States
600,J.M. Smucker Company,SJM,12746591232,119.26,United States
601,Watsco,WSO,12739534848,309.3,United States
602,Tyler Technologies,TYL,12678823936,309.6,United States
603,Erie Indemnity,ERIE,12656239616,242.04,United States
604,Guidewire Software,GWRE,12649972736,151.94,United States
605,Aurora Innovation,AUR,12649759744,6.45,United States
606,Virtu Financial,VIRT,12637409280,58.73,United States
607,Penumbra,PEN,12632860672,321.19,United States
608,Stifel,SF,12568244224,82.91,United States
609,Revvity,RVTY,12552706048,112.52,United States
610,Webster Financial,WBS,12512222208,77.22,United States
611,Coca-Cola Consolidated,COKE,12507430912,187.9,United States
612,"BXP, Inc.",BXP,12503197696,70.12,United States
613,BJ's Wholesale Club,BJ,12485766144,97.78,United States
614,AGNC Investment,AGNC,12409618432,10.66,United States
615,Evercore,EVR,12400057344,320.56,United States
616,Corcept Therapeutics,CORT,12376185856,114.49,United States
617,Amkor Technology,AMKR,12361402368,49.87,United States
618,SEI Investments,SEIC,12359575552,102.98,United States
619,Crane Company,CR,12326394880,213.46,United States
620,Leonardo DRS,DRS,12284393472,46.05,United States
621,Pinnacle West Capital,PNW,12238691328,100.99,United States
622,Pershing Square Holdings,PSHZF,12225084416,56.685,United States
623,First Horizon Corporation,FHN,12169200640,25.64,United States
624,HubSpot,HUBS,12150626304,237.36,United States
625,New York Times,NYT,12121897984,74.89,United States
626,Align Technology,ALGN,12114922496,169.16,United States
627,Dycom Industries,DY,12039560192,401.07,United States
628,Five Below,FIVE,12006280192,217.13,United States
629,TTM Technologies,TTMI,11988450304,115.44,United States
630,Alcoa,AA,11943750656,45.26,United States
631,Arrowhead Pharmaceuticals,ARWR,11923547136,84.65,United States
632,Service Corporation International,SCI,11775233024,86.19,United States
633,American Financial Group,AFG,11774959616,141.72,United States
634,BrightSpring Health Services,BTSG,11718589440,59.71,United States
635,Ryan Specialty,RYAN,11657225216,44.16,United States
636,CoStar Group,CSGP,11653483520,28.76,United States
637,DraftKings,DKNG,11649104896,23.48,United States
638,Generac,GNRC,11603605504,197.11,United States
639,BioMarin Pharmaceutical,BMRN,11600931840,60.02,United States
640,Advanced Energy,AEIS,11583884288,289.52,United States
641,Clorox,CLX,11551617024,95.53,United States
642,Watts Water Technologies,WTS,11546235904,345.79,United States
643,Dutch Bros,BROS,11499409408,65.83,United States
644,Domino's Pizza,DPZ,11493918720,347.44,United States
645,Insulet,PODD,11452913664,165.35,United States
646,MGM Resorts,MGM,11403289600,44.57,United States
647,Manhattan Associates,MANH,11321738240,191.36,United States
648,Knight-Swift Transportation,KNX,11316424704,69.53,United States
649,Essential Utilities,WTRG,11302774784,39.85,United States
650,Avidity Biosciences,RNAM,11249150976,72.82,United States
651,EastGroup Properties,EGP,11239160832,209.01,United States
652,Bio-Techne,TECH,11232389120,72.09,United States
653,Littelfuse,LFUS,11229548544,442.13,United States
654,Murphy USA,MUSA,11225743360,607.76,United States
655,Axsome Therapeutics,AXSM,11217715200,217.99,United States
656,Wayfair,W,11206502400,84.9,United States
657,Charles River Laboratories,CRL,11199477760,232.51,United States
658,"Popular, Inc. (Banco Popular de Puerto Rico)",BPOP,11190081536,175.21,United States
659,Owens Corning,OC,11185383424,138.9,United States
660,Dayforce,DAY,11180042240,69.86,United States
661,Confluent,CFLT,11133729792,30.99,United States
662,Antero Resources,AR,11110845440,36.14,United States
663,Jefferies Financial Group,JEF,11105203200,54.6,United States
664,Arrow Electronics,ARW,11074078720,216.57,United States
665,UMB Financial,UMBF,11072379904,145.73,United States
666,Encompass Health,EHC,11018041344,111.07,United States
667,CACI International Inc,CACI,10995946496,497.75,United States
668,SPX Technologies,SPXC,10995239936,219.62,United States
669,Camden Property Trust,CPT,10980228096,110.81,United States
670,Semtech,SMTC,10975070208,117.82,United States
671,GoDaddy,GDDY,10955590656,82.74,United States
672,Jack Henry &amp; Associates,JKHY,10944662528,154.04,United States
673,Donaldson Company,DCI,10923457536,94.24,United States
674,Cognex,CGNX,10857204736,65.24,United States
675,Federal Realty Investment Trust,FRT,10785703936,124.09,United States
676,Madrigal Pharmaceuticals,MDGL,10774371328,467.32,United States
677,Bentley Systems,BSY,10766554112,35.44,United States
678,Wintrust Financial,WTFC,10761836544,159.54,United States
679,Globalstar,GSAT,10738420736,83.38,United States
680,American Healthcare REIT,AHR,10715360256,55.6,United States
681,Globus Medical,GMED,10695319552,78.79,United States
682,Modine Manufacturing,MOD,10677729280,201.06,United States
683,Lineage,LINE,10624186368,42.37,United States
684,Advanced Drainage Systems,WMS,10613852160,138.48,United States
685,ViaSat,VSAT,10597529600,76.93,United States
686,Old Republic International,ORI,10523970560,43.21,United States
687,Instacart (Maplebear Inc.),CART,10482328576,44.6,United States
688,Cytokinetics,CYTK,10471985152,77.13,United States
689,DocuSign,DOCU,10469492736,54.83,United States
690,AES,AES,10469154816,14.68,United States
691,Cullen/Frost Bankers,CFR,10445661184,166.34,United States
692,Antero Midstream,AM,10428587008,21.97,United States
693,Bitmine Immersion Technologies,BMNR,10423751680,17.28,United States
694,The Ensign Group,ENSG,10383598592,178.16,United States
695,Wynn Resorts,WYNN,10307059712,99.31,United States
696,Smithfield Foods,SFD,10246148096,26.04,United States
697,Molina Healthcare,MOH,10211363840,195.62,United States
698,Universal Health Services,UHS,10196743168,168.44,United States
699,Old National Bank,ONB,10191664128,26.64,United States
700,South State Corp,SSB,10190697472,105.09,United States
701,Zions Bancorporation,ZION,10171948032,69.7,United States
702,Forgent Power Solutions,FPS,10128349184,33.27,United States
703,Gartner,IT,10111074304,151.02,United States
704,American Airlines,AAL,10108280832,15.27,United States
705,Apogee Therapeutics,APGE,10081383424,134.09,United States
706,Life Time Group,LTH,10078133248,45.1,United States
707,Krystal Biotech,KRYS,10056134656,341.12,United States
708,Chart Industries,GTLS,10047718400,209.9,United States
709,Primerica,PRI,9977634816,319.96,United States
710,Sirius XM,SIRI,9970682880,29.62,United States
711,Sanmina,SANM,9945525248,185.56,United States
712,TopBuild,BLD,9935550464,354.53,United States
713,CareTrust REIT,CTRE,9907915776,41.94,United States
714,Rambus,RMBS,9843707904,91.03,United States
715,Glaukos,GKOS,9833801728,166.72,United States
716,Ryder,R,9832904704,256.42,United States
717,Acuity Brands,AYI,9830535168,328.39,United States
718,Nuvalent,NUVL,9792580608,123.96,United States
719,Halozyme Therapeutics,HALO,9790317568,82.54,United States
720,OGE Energy,OGE,9771824128,47.35,United States
721,Henry Schein,HSIC,9768361984,85.75,United States
722,GameStop,GME,9745573888,21.72,United States
723,StandardAero,SARO,9744753664,29.31,United States
724,Flowserve,FLS,9712055296,75.99,United States
725,Affiliated Managers Group,AMG,9686104064,366.73,United States
726,Brixmor Property Group,BRX,9669547008,31.51,United States
727,JFrog,FROG,9664143360,79.79,United States
728,Darling Ingredients,DAR,9637355520,60.64,United States
729,Bruker,BRKR,9565858816,62.84,United States
730,Vicor,VICR,9561152512,207.37,United States
731,Timken Company,TKR,9558970368,137.55,United States
732,Solstice Advanced Materials,SOLS,9557536768,60.17,United States
733,SailPoint,SAIL,9511658496,16.77,United States
734,Allison Transmission,ALSN,9499487232,114.54,United States
735,Madison Square Garden Sports,MSGS,9478282240,393.68,United States
736,Hecla Mining,HL,9470458880,14.12,United States
737,CubeSmart,CUBE,9436641280,41.46,United States
738,Levi Strauss &amp; Co.,LEVI,9436535808,24.52,United States
739,Masimo,MASI,9423817728,179.95,United States
740,Oscar Health,OSCR,9412611072,31.22,United States
741,Range Resources,RRC,9379895296,40.14,United States
742,Agree Realty,ADC,9371047936,77.8,United States
743,Skyworks Solutions,SWKS,9367283712,62.28,United States
744,FactSet,FDS,9360851968,263.2,United States
745,Valmont Industries,VMI,9351556096,481.7,United States
746,Avantor,AVTR,9320224768,13.78,United States
747,AECOM,ACM,9303774208,72.39,United States
748,StoneX Group,SNEX,9262132224,76.57,United States
749,Chewy,CHWY,9252986880,22.6,United States
750,Saia,SAIA,9247626240,347.63,United States
751,Match Group,MTCH,9193033728,39.41,United States
752,Dillard's,DDS,9188135936,588.34,United States
753,Brinker International,EAT,9165120512,213.7,United States
754,Cipher Mining,CIFR,9129977856,22.32,United States
755,VIAVI Solutions,VIAV,9115034624,36.95,United States
756,NNN REIT,NNN,9040593920,47.52,United States
757,Westlake Corporation,WLK,9032667136,70.5,United States
758,First Industrial Realty Trust,FR,9021162496,65.84,United States
759,Voya Financial,VOYA,9014951936,99.43,United States
760,Prosperity Bancshares,PB,8973520896,74.87,United States
761,Alexandria Real Estate Equities,ARE,8966164480,51.45,United States
762,Element Solutions,ESI,8950589440,36.73,United States
763,Paramount Skydance,PSKY,8908617728,7.96,United States
764,Oshkosh Corporation,OSK,8879450112,142.41,United States
765,FirstCash,FCFS,8848280576,204.01,United States
766,Columbia Banking System,COLB,8843687936,31.27,United States
767,Crinetics Pharmaceuticals,CRNX,8839776256,83.52,United States
768,Western Alliance Bancorporation,WAL,8788329472,80.49,United States
769,Protagonist Therapeutics,PTGX,8787506176,136.64,United States
770,Houlihan Lokey,HLI,8770056192,125.49,United States
771,Chime Financial,CHYM,8759629824,22.99,United States
772,TeraWulf,WULF,8751106048,17.66,United States
773,The Toro Company,TTC,8748737536,91.87,United States
774,Kratos Defense &amp; Security Solutions,KTOS,8738430976,46.6,United States
775,Lincoln National Corporation,LNC,8721233920,45.61,United States
776,Liberty Live Holdings,LLYVA,8714659840,94.72,United States
777,Bio-Rad Laboratories,BIO,8710365184,325.48,United States
778,Rexford Industrial,REXR,8635558912,37.77,United States
779,Ionis Pharmaceuticals,IONS,8603362304,51.77,United States
780,BOK Financial,BOKF,8584778752,141.29,United States
781,Praxis Precision Medicines,PRAX,8581922816,307.83,United States
782,PBF Energy,PBF,8567843328,72.28,United States
783,AptarGroup,ATR,8549369856,133.96,United States
784,Spyre Therapeutics,SYRE,8539100672,98.33,United States
785,Commerce Bancshares,CBSH,8528605184,59.27,United States
786,Jackson Financial,JXN,8528186880,122.28,United States
787,Compass,COMP,8510073344,11.39,United States
788,Core &amp; Main,CNM,8509955584,43.97,United States
789,Norwegian Cruise Line,NCLH,8507311104,18.53,United States
790,Kymera Therapeutics,KYMR,8505434112,103.4,United States
791,Tetra Tech,TTEK,8490419200,33.16,United States
792,The Trade Desk,TTD,8480755200,18.04,United States
793,Lithia Motors,LAD,8472732672,385.42,United States
794,Kinetik,KNTK,8453277696,50.57,United States
795,Hess Midstream,HESM,8436873728,40.83,United States
796,Ryman Hospitality Properties,RHP,8434553856,133.65,United States
797,HealthEquity,HQY,8434182144,100.61,United States
798,Booz Allen Hamilton,BAH,8386268672,69.72,United States
799,Zurn Elkay Water Solutions,ZWS,8377795072,50.51,United States
800,A. O. Smith,AOS,8287635456,60.13,United States
801,FormFactor,FORM,8278796288,106.2,United States
802,Procore,PCOR,8264256512,54.77,United States
803,Primo Brands,PRMB,8237116928,22.7,United States
804,ESCO Technologies,ESE,8168272384,315.29,United States
805,Sprouts Farmers Market,SFM,8127463424,87.16,United States
806,CarMax,KMX,8125829632,57.26,United States
807,Kinsale Capital Group,KNSL,8118686208,356.42,United States
808,Hanover Insurance Group,THG,8100228096,232.63,United States
809,Vornado Realty Trust,VNO,8066757632,39.39,United States
810,Eastman Chemical,EMN,7998779392,69.95,United States
811,Argan,AGX,7996999168,570.43,United States
812,Qorvo,QRVO,7989904896,90.57,United States
813,Macerich,MAC,7985344512,25.84,United States
814,TG Therapeutics,TGTX,7964938752,52.03,United States
815,Repligen,RGEN,7957986304,141.01,United States
816,Immunovant,IMVT,7929030144,38.62,United States
817,ServiceTitan,TTAN,7923722240,83.06,United States
818,Idacorp,IDA,7918391296,142.91,United States
819,Valley Bank,VLY,7903357952,14.29,United States
820,Chord Energy,CHRD,7903279616,140.38,United States
821,Tempus AI,TEM,7899259904,43.87,United States
822,Galaxy Digital Holdings,7LX.F,7887111260,22.3715,United States
823,Applied Digital,APLD,7885132288,27.39,United States
824,InterDigital,IDCC,7878211072,304.825,United States
825,Central Bancompany,CBC,7864395264,32.8,United States
826,National Fuel Gas,NFG,7822360064,82.31,United States
827,NewMarket Corp,NEU,7818416128,850.16,United States
828,Vaxcyte,PCVX,7809026560,54.08,United States
829,SM Energy,SM,7796627968,32.52,United States
830,Molson Coors,TAP,7794634752,41.56,United States
831,Zillow,Z,7792989696,34.06,United States
832,Hexcel,HXL,7785434624,102.95,United States
833,Snap,SNAP,7772085248,4.69,United States
834,Etsy,ETSY,7751124480,81.68,United States
835,UGI Corporation,UGI,7743900672,36.12,United States
836,Allegro MicroSystems,ALGM,7731825664,41.5,United States
837,Simpson Manufacturing Company,SSD,7723309056,187.74,United States
838,Axalta,AXTA,7664056320,35.81,United States
839,First American Financial Corporation,FAF,7656478720,74.99,United States
840,Paycom,PAYC,7644979200,163.96,United States
841,Riot Platforms,RIOT,7627310592,20.17,United States
842,Federal Signal,FSS,7622231552,124.95,United States
843,Clearway Energy,CWEN,7618270208,31.73,United States
844,Powell Industries,POWL,7602555904,208.68,United States
845,Commercial Metals Company,CMC,7602104320,68.72,United States
846,CAVA Group,CAVA,7597590016,65.23,United States
847,Dropbox,DBX,7596269568,32.56,United States
848,Terreno Realty,TRNO,7574650880,71.65,United States
849,Applied Optoelectronics,AAOI,7568497664,94.32,United States
850,AeroVironment,AVAV,7559321600,149.37,United States
851,STAG Industrial,STAG,7529668096,38.26,United States
852,ImmunityBio,IBRX,7509528064,7.17,United States
853,Mohawk Industries,MHK,7503331840,123.1,United States
854,Liquidia Corporation,LQDA,7479742464,84.11,United States
855,Celsius Holdings,CELH,7467254272,29.21,United States
856,AGCO,AGCO,7397255680,102.16,United States
857,Paylocity,PCTY,7383457792,137.895,United States
858,CLEAR Secure,YOU,7383449600,55.24,United States
859,Armstrong World Industries,AWI,7381624832,174.66,United States
860,Healthcare Realty Trust,HR,7369299456,21.01,United States
861,MP Materials,MP,7364777984,41.37,United States
862,MSA Safety,MSA,7345200128,190.27,United States
863,Clearwater Analytics,CWAN,7330872320,24.56,United States
864,Ralliant Corporation,RAL,7317070336,65.37,United States
865,Planet Labs,PL,7299123712,20.48,United States
866,Aaon,AAON,7295056896,89.06,United States
867,Ozon,OZON.ME,7293699320,35.1,United States
868,Avnet,AVT,7287019008,88.84,United States
869,Air Lease Corporation,AL,7282301440,65.0,United States
870,PACS Group,PACS,7282112000,46.01,United States
871,Gap Inc.,GAP,7231976960,20.09,United States
872,OneMain Financial,OMF,7229927424,62.58,United States
873,Lamb Weston,LW,7224626688,52.55,United States
874,Morningstar,MORN,7223988736,192.57,United States
875,JBT Marel Corporation,JBTM,7209829888,138.47,United States
876,Terex,TEX,7177369600,62.84,United States
877,Silicon Labs,SLAB,7173546496,217.5,United States
878,Builders FirstSource,BLDR,7146278400,66.44,United States
879,Arcosa,ACA,7130308608,145.2,United States
880,AutoNation,AN,7107221504,212.4,United States
881,Gates Industrial Corp,GTES,7083169792,27.98,United States
882,Chemed,CHE,7065141760,532.25,United States
883,Joby Aviation,JOBY,7033046528,7.15,United States
884,The Mosaic Company,MOS,7030768128,22.12,United States
885,Light &amp; Wonder,LNW,7028988928,86.22,United States
886,Kirby Corporation,KEX,7012318208,131.14,United States
887,Fluor Corporation,FLR,7007238144,50.17,United States
888,Conagra Brands,CAG,6943987200,14.51,United States
889,NOV,NOV,6926369792,19.43,United States
890,Elastic NV,ESTC,6891599360,65.79,United States
891,MSC Industrial Direct,MSM,6891432960,123.4,United States
892,PJT Partners,PJT,6866728960,168.31,United States
893,Rhythm Pharmaceuticals,RYTM,6807912448,99.25,United States
894,Essential Properties Realty Trust,EPRT,6784258560,31.29,United States
895,EnerSys,ENS,6782662656,186.05,United States
896,Navan,NAVN,6770298368,26.62,United States
897,Oklo,OKLO,6756070400,38.83,United States
898,POOLCORP,POOL,6748840448,185.71,United States
899,Fannie Mae,FNMA,6740069888,5.82,United States
900,Sensata Technologies,ST,6736855040,46.29,United States
901,Arcellx,ACLX,6732325376,115.07,United States
902,F.N.B. Corporation,FNB,6727718400,18.9,United States
903,Plexus,PLXS,6724958720,251.34,United States
904,Taylor Morrison,TMHC,6665396224,72.45,United States
905,Core Scientific,CORZ,6658173952,20.72,United States
906,Cogent Biosciences,COGT,6651891200,38.93,United States
907,Fervo Energy Company,FRVO,6641297920,22.54,United States
908,United Bankshares,UBSI,6634847232,48.45,United States
909,EnPro Industries,NPO,6632082432,313.92,United States
910,UiPath,PATH,6611214336,12.76,United States
911,Enact Holdings,ACT,6605907456,47.32,United States
912,Rayonier,RYN,6586928128,21.78,United States
913,Lumen Technologies,LUMN,6573384704,6.38,United States
914,Cleveland-Cliffs,CLF,6572621312,11.52,United States
915,Campbell's,CPB,6554572800,21.98,United States
916,Lear Corporation,LEA,6544423936,130.64,United States
917,Red Rock Resorts,RRR,6529252864,64.44,United States
918,Macy's,M,6528602112,24.82,United States
919,Cirrus Logic,CRUS,6526059520,129.35,United States
920,Pilgrim's Pride,PPC,6514649600,27.36,United States
921,SentinelOne,S,6508648960,19.06,United States
922,Ingram Micro Holding Corporation,INGM,6500841984,28.21,United States
923,Lantheus Holdings,LNTH,6487169536,99.64,United States
924,Southwest Gas,SWX,6470313472,89.4,United States
925,Mirum Pharmaceuticals,MIRM,6460960768,105.95,United States
926,Hims &amp; Hers Health,HIMS,6427580416,27.77,United States
927,Glacier Bancorp,GBCI,6417659392,49.29,United States
928,TXNM Energy,TXNM,6412164096,57.92,United States
929,Janus Living,JAN,6411256320,30.21,United States
930,Loar Holdings,LOAR,6408594944,68.45,United States
931,National Storage Affiliates Trust,NSA,6391416320,43.41,United States
932,AppFolio,APPF,6381787648,180.19,United States
933,BillionToOne,BLLN,6374974464,138.6,United States
934,WEX,WEX,6371898368,186.96,United States
935,Crocs,CROX,6360771584,128.01,United States
936,Belite Bio,BLTE,6357896704,158.61,United States
937,Urban Outfitters,URBN,6352410112,74.18,United States
938,GATX,GATX,6350378496,178.87,United States
939,Enova International,ENVA,6327672320,254.14,United States
940,Boyd Gaming,BYD,6322523136,85.06,United States
941,Erasca,ERAS,6300362240,18.15,United States
942,Weatherford International,WFRD,6293264896,87.79,United States
943,Eagle Materials,EXP,6286601216,204.94,United States
944,Duolingo,DUOL,6281218048,134.81,United States
945,CG Oncology,CGON,6279134208,71.19,United States
946,Ingredion,INGR,6271854080,99.46,United States
947,Archrock,AROC,6267354624,35.76,United States
948,Schneider National,SNDR,6258942976,35.74,United States
949,Magnolia Oil &amp; Gas,MGY,6234470912,25.71,United States
950,Rush Street Interactive,RSI,6231663104,26.91,United States
951,Home BancShares,HOMB,6228292096,31.07,United States
952,Floor &amp; Decor,FND,6222980096,57.57,United States
953,Sealed Air,SEE,6211799552,42.15,United States
954,Rush Enterprises,RUSHA,6200781824,79.79,United States
955,Hancock Whitney,HWC,6196267008,77.0,United States
956,Matador Resources,MTDR,6195251712,49.89,United States
957,Victory Capital,VCTR,6192455168,99.03,United States
958,MGIC Investment,MTG,6161950208,30.04,United States
959,Plains GP,PAGP,6134901248,26.33,United States
960,Matson,MATX,6131037696,202.59,United States
961,Terns Pharmaceuticals,TERN,6116845568,52.95,United States
962,Brookfield Renewable,BEPC,6082425344,33.35,United States
963,Starwood Property Trust,STWD,6077969920,15.98,United States
964,Caesars Entertainment,CZR,6060680704,29.75,United States
965,MaxLinear,MXL,6060119040,66.82,United States
966,Teleflex,TFX,6052180992,136.71,United States
967,Middleby,MIDD,6039752704,133.58,United States
968,Atlantic Union Bankshares,AUB,6021841920,42.43,United States
969,Lyft,LYFT,6021764608,15.86,United States
970,"Mobility Global, Inc.",MBGL,6013671936,20.38,United States
971,Installed Building Products,IBP,6006161920,222.94,United States
972,10x Genomics,TXG,6001219072,47.27,United States
973,Phillips Edison &amp; Company,PECO,5998379008,42.49,United States
974,Ormat Technologies,ORA,5996638208,97.58,United States
975,SOLV Energy,MWH,5992715776,28.43,United States
976,PriceSmart,PSMT,5984164352,193.91,United States
977,LandBridge,LB,5970358272,77.52,United States
978,Hamilton Lane,HLNE,5958932480,88.91,United States
979,Credit Acceptance,CACC,5950838784,568.91,United States
980,Kite Realty,KRG,5950560256,28.62,United States
981,Mercury General,MCY,5933230080,107.12,United States
982,Landstar System,LSTR,5931156480,174.77,United States
983,Flagstar Bank,FLG,5930010112,14.22,United States
984,Acushnet Holdings,GOLF,5929768448,101.27,United States
985,Kodiak Gas Services,KGS,5924948992,58.71,United States
986,Amdocs,DOX,5915458048,55.72,United States
987,OneStream,OS,5900146688,24.0,United States
988,Fortune Brands Innovations,FBIN,5876393472,49.26,United States
989,Churchill Downs,CHDN,5875730432,84.3,United States
990,Ameris Bancorp,ABCB,5852365312,87.21,United States
991,Amneal Pharmaceuticals,AMRX,5850150400,18.32,United States
992,Construction Partners,ROAD,5842865664,103.35,United States
993,New Jersey Resources,NJR,5842350080,57.89,United States
994,Mercury Systems,MRCY,5830202880,97.1,United States
995,GitLab,GTLB,5828738560,34.51,United States
996,ACI Worldwide,ACIW,5828257792,57.33,United States
997,Associated Banc-Corp,ASB,5827611648,30.88,United States
998,Nexstar Media Group,NXST,5818588672,190.53,United States
999,Hinge Health,HNGE,5781069312,74.71,United States
1000,Definium Therapeutics,DFTX,5776986624,43.52,United States
1001,GXO Logistics,GXO,5770837504,50.16,United States
1002,Axos Financial,AX,5768671232,101.41,United States
1003,Ligand Pharmaceuticals,LGND,5762606592,287.54,United States
1004,LKQ Corporation,LKQ,5720054272,22.45,United States
1005,MarketAxess,MKTX,5711806464,162.3,United States
1006,Portland General Electric,POR,5708961280,49.33,United States
1007,Casella Waste Systems,CWST,5706447872,89.71,United States
1008,Twist Bioscience,TWST,5700938752,91.55,United States
1009,Murphy Oil,MUR,5696712192,39.74,United States
1010,Albertsons,ACI,5671634432,11.58,United States
1011,Scholar Rock Holding,SRRK,5667280896,47.295,United States
1012,StepStone Group,STEP,5661621760,43.86,United States
1013,Selective Insurance,SIGI,5649484288,94.79,United States
1014,PTC Therapeutics,PTCT,5641384448,68.01,United States
1015,VF Corporation,VFC,5629686784,14.32,United States
1016,RLI Corp.,RLI,5620178432,61.24,United States
1017,Outfront Media,OUT,5611144192,31.87,United States
1018,ADT,ADT,5602009088,7.64,United States
1019,Bank OZK,OZK,5600208896,51.3,United States
1020,AAR,AIR,5586541568,140.04,United States
1021,H&amp;R Block,HRB,5581251584,44.03,United States
1022,Sonoco,SON,5572239360,56.36,United States
1023,Dolby,DLB,5563315200,58.81,United States
1024,Wyndham Hotels &amp; Resorts,WH,5555444736,74.86,United States
1025,BGC Group,BGC,5518732800,11.52,United States
1026,Rithm Capital,RITM,5517061632,9.88,United States
1027,EPAM Systems,EPAM,5514924032,105.56,United States
1028,VSE Corporation,VSEC,5454029824,194.39,United States
1029,Amentum,AMTM,5423822336,22.2,United States
1030,ACM Research,ACMR,5423021568,78.47,United States
1031,Black Hills,BKH,5421083136,71.21,United States
1032,Zeta Global,ZETA,5383964672,21.6,United States
1033,Balchem,BCPC,5383514624,167.555,United States
1034,ESAB,ESAB,5376625152,86.53,United States
1035,Klaviyo,KVYO,5339151872,17.84,United States
1036,Sabra Health Care REIT,SBRA,5338864128,21.17,United States
1037,Blue Owl Capital Corporation,OBDC,5335283200,10.75,United States
1038,Vail Resorts,MTN,5322936832,149.38,United States
1039,UniFirst,UNF,5298300928,292.98,United States
1040,Alaska Airlines,ALK,5293852672,47.45,United States
1041,Granite Construction,GVA,5292038144,120.97,United States
1042,Laureate Education,LAUR,5277178368,38.31,United States
1043,Sensient Technologies,SXT,5264503296,123.67,United States
1044,Reynolds Consumer Products,REYN,5256538624,24.94,United States
1045,Eastern Bankshares,EBC,5255543808,22.96,United States
1046,Shift4 Payments,FOUR,5253887488,53.0,United States
1047,Apellis Pharmaceuticals,APLS,5252712960,41.03,United States
1048,Vishay Intertechnology,VSH,5248591872,34.22,United States
1049,Alliance Laundry Holdings,ALH,5237310464,26.37,United States
1050,Icahn Enterprises,IEP,5235273728,7.79,United States
1051,Cactus Inc,WHD,5212462592,65.01,United States
1052,Sezzle,SEZL,5203781120,154.75,United States
1053,Travere Therapeutics,TVTX,5197373440,55.89,United States
1054,CSW Industrials,CSW,5196481536,318.93,United States
1055,Resideo Technologies,REZI,5193920512,34.3,United States
1056,Cousins Properties,CUZ,5192035840,31.55,United States
1057,MYR Group,MYRG,5187985408,333.22,United States
1058,Radian Group,RDN,5184703488,38.99,United States
1059,EXL Service,EXLS,5183924736,33.93,United States
1060,Graham Holdings,GHC,5183748096,1203.54,United States
1061,TFS Financial,TFSL,5162755584,18.41,United States
1062,CNO Financial Group,CNO,5142568960,55.09,United States
1063,Brunswick Corporation,BC,5132980736,79.0,United States
1064,Piper Sandler,PIPR,5122369536,75.8,United States
1065,Frontdoor,FTDR,5101161984,72.63,United States
1066,Qualys,QLYS,5097661952,144.75,United States
1067,Sotera Health,SHC,5093083136,17.86,United States
1068,Versant Media Group,VSNT,5092513792,35.99,United States
1069,Netskope,NTSK,5085399040,12.59,United States
1070,First National of Nebraska,FINN,5080324096,18800.0,United States
1071,Novanta,NOVT,5076676608,142.55,United States
1072,Choice Hotels International,CHH,5072292352,111.49,United States
1073,Merit Medical,MMSI,5071259648,85.01,United States
1074,MiniMed Group,MMED,5069213184,18.05,United States
1075,CNX Resources,CNX,5064898048,35.8,United States
1076,Louisiana-Pacific,LPX,5060313088,72.43,United States
1077,Main Street Capital,MAIN,5059577344,54.41,United States
1078,The Cheesecake Factory,CAKE,5039089664,101.42,United States
1079,First Financial Bankshares,FFIN,5036258304,35.14,United States
1080,Pegasystems,PEGA,5022571008,30.55,United States
1081,Herc Holdings,HRI,5019397120,150.14,United States
1082,Iridium Communications,IRDM,5016164352,47.34,United States
1083,RadNet,RDNT,5015291904,63.78,United States
1084,Perimeter Solutions,PRM,4993319424,30.61,United States
1085,Gentex,GNTX,4974555136,23.36,United States
1086,Rigetti Computing,RGTI,4969362432,14.95,United States
1087,Moelis &amp; Company,MC,4969346560,67.08,United States
1088,SAIC (Science Applications International Corp),SAIC,4951883776,117.13,United States
1089,Enphase Energy,ENPH,4947705344,37.54,United States
1090,Solaris Energy Infrastructure,SEI,4939361792,51.41,United States
1091,Global Business Travel Group,GBTG,4930374656,9.44,United States
1092,Greif,GEF,4920208384,86.55,United States
1093,Celanese,CE,4904108544,44.72,United States
1094,Liberty Broadband,LBRDA,4899914752,34.06,United States
1095,UFP Industries,UFPI,4899095040,86.74,United States
1096,Valvoline,VVV,4898660864,38.41,United States
1097,ServisFirst Bancshares,SFBS,4893056512,89.5,United States
1098,SLM Corporation (Sallie Mae),SLM,4887059968,25.995,United States
1099,e.l.f. Beauty,ELF,4885291008,82.89,United States
1100,Nelnet,NNI,4882355712,135.87,United States
1101,Commvault,CVLT,4882169856,117.8,United States
1102,Brink's,BCO,4877892608,118.45,United States
1103,ONE Gas,OGS,4873510912,77.65,United States
1104,Tanger Inc.,SKT,4860445696,40.66,United States
1105,Avis Budget Group,CAR,4855171584,137.44,United States
1106,Oceaneering International,OII,4855055872,48.78,United States
1107,HASI (HA Sustainable Infrastructure Capita),HASI,4839825920,37.87,United States
1108,Belden,BDC,4831008256,124.05,United States
1109,Remitly,RELY,4794475520,22.77,United States
1110,International Seaways,INSW,4761361920,96.18,United States
1111,International Bancshares Corp,IBOC,4759352320,76.54,United States
1112,EPR Properties,EPR,4751436288,62.07,United States
1113,Dave Inc.,DAVE,4738472960,372.69,United States
1114,Xometry,XMTR,4735674880,85.72,United States
1115,EquipmentShare.com,EQPT,4732033024,18.75,United States
1116,Indivior PLC,INDV,4729364992,40.01,United States
1117,Parsons,PSN,4721866240,44.21,United States
1118,Spire Inc.,SR,4721067008,79.86,United States
1119,Uranium Energy,UEC,4706119680,9.6,United States
1120,Chefs' Warehouse,CHEF,4705828352,115.35,United States
1121,Dyne Therapeutics,DYN,4702275072,25.18,United States
1122,"X-Energy, Inc.",XE,4688451584,16.31,United States
1123,California Resources Corporation,CRC,4672387584,52.62,United States
1124,RingCentral,RNG,4664215552,55.62,United States
1125,Travel + Leisure,TNL,4658663936,76.02,United States
1126,Fulton Financial,FULT,4658246144,24.33,United States
1127,Millrose Properties,MRP,4646020608,27.98,United States
1128,KBR,KBR,4641780736,36.61,United States
1129,Franklin Electric,FELE,4629824512,104.72,United States
1130,Kontoor Brands,KTB,4628507136,83.74,United States
1131,Impinj,PI,4624715776,151.36,United States
1132,Varonis Systems,VRNS,4588676608,39.95,United States
1133,Primoris Services Corporation,PRIM,4579659264,84.41,United States
1134,Meritage Homes,MTH,4575221248,70.2,United States
1135,Pattern Group,PTRN,4568755200,23.02,United States
1136,Kilroy Realty,KRC,4559119872,38.82,United States
1137,Aura Minerals,AUGO,4556595200,54.57,United States
1138,MIAX (Miami International Holdings),MIAX,4552937472,47.04,United States
1139,Federated Hermes,FHI,4551723008,59.96,United States
1140,Amicus Therapeutics,FOLD,4549870080,14.49,United States
1141,Cabot Corporation,CBT,4543716864,88.02,United States
1142,BETA Technologies,BETA,4529144832,18.93,United States
1143,Vontier,VNT,4523904000,32.13,United States
1144,Boot Barn Holdings,BOOT,4512139264,148.99,United States
1145,Trex,TREX,4505049088,43.36,United States
1146,Bill.com,BILL,4494800384,45.13,United States
1147,Excelerate Energy,EE,4471251456,39.27,United States
1148,Envista,NVST,4444099584,27.31,United States
1149,Planet Fitness,PLNT,4441645568,55.91,United States
1150,Ollie's Bargain Outlet,OLLI,4441503232,73.47,United States
1151,Brady Corporation,BRC,4441322496,94.27,United States
1152,Century Aluminum,CENX,4431068160,44.77,United States
1153,ACADIA Pharmaceuticals,ACAD,4429872128,25.87,United States
1154,Caris Life Sciences,CAI,4429606400,15.67,United States
1155,Tango Therapeutics,TNGX,4425302528,27.18,United States
1156,Abercrombie &amp; Fitch,ANF,4422732800,99.54,United States
1157,Tutor Perini Corporation,TPC,4421284352,83.75,United States
1158,FTI Consulting,FCN,4400733184,159.38,United States
1159,WillScot,WSC,4394550784,24.28,United States
1160,Veradermics,MANE,4386762240,105.0,United States
1161,Materion,MTRN,4385784832,210.84,United States
1162,Mattel,MAT,4384686080,15.09,United States
1163,COPT Defense Properties,CDP,4384033792,37.96,United States
1164,Life360,LIF,4379762688,54.05,United States
1165,"Box, Inc.",BOX,4370704896,31.55,United States
1166,Champion Homes,SKY,4370133504,79.61,United States
1167,Bread Financial,BFH,4366791168,108.07,United States
1168,Itron,ITRI,4363787776,99.66,United States
1169,Neptune Insurance Holdings,NP,4351661056,31.71,United States
1170,AZZ,AZZ,4349052928,144.72,United States
1171,CommScope,COMM,4337923584,19.58,United States
1172,MARA Holdings,MARA,4315981824,11.32,United States
1173,Asbury Automotive Group,ABG,4313975808,231.7,United States
1174,Par Pacific Holdings,PARR,4313911808,86.03,United States
1175,Victoria's Secret &amp; Co,VSCO,4312813568,54.3,United States
1176,Texas Capital Bancshares,TCBI,4297441280,98.85,United States
1177,Paymentus,PAY,4289416192,34.1,United States
1178,Broadstone Net Lease,BNL,4283339264,21.41,United States
1179,Ondas Holdings,ONDS,4268090880,7.49,United States
1180,United Community Bank,UCB,4244429824,35.44,United States
1181,SkyWest,SKYW,4242460160,106.97,United States
1182,Cinemark Theatres,CNK,4241214720,36.59,United States
1183,Cohen &amp; Steers,CNS,4229139200,82.27,United States
1184,NorthWestern Energy,NWE,4228736768,68.74,United States
1185,Seaboard Corporation,SEB,4226998016,4413.26,United States
1186,Silgan Holdings,SLGN,4225076736,39.98,United States
1187,Cathay General Bancorp,CATY,4222694912,63.19,United States
1188,Atmus Filtration Technologies,ATMU,4216747776,51.63,United States
1189,Cavco Industries,CVCO,4216250880,547.03,United States
1190,OPENLANE Corporate,OPLN,4212417024,39.76,United States
1191,ICU Medical,ICUI,4211668736,168.51,United States
1192,Warrior Met Coal,HCC,4193004032,79.41,United States
1193,Synaptics,SYNA,4192206336,107.32,United States
1194,SiteOne Landscape Supply,SITE,4184469248,94.44,United States
1195,Korn Ferry,KFY,4184005120,82.27,United States
1196,MDU Resources,MDU,4169670144,19.95,United States
1197,Delek US,DK,4159585792,67.87,United States
1198,Parabilis Medicines,PBLS,4156176896,33.98,United States
1199,Knife River Corporation,KNF,4152679424,73.17,United States
1200,Post Holdings,POST,4142937600,91.41,United States
1201,Geo Group,GEO,4127468800,30.89,United States
1202,WSFS Financial,WSFS,4121317376,80.2,United States
1203,Cal-Maine Foods,CALM,4118381312,87.78,United States
1204,Integer Holdings,ITGR,4115666176,121.21,United States
1205,Relay Therapeutics,RLAY,4103816448,18.83,United States
1206,SL Green Realty,SLG,4075758336,52.93,United States
1207,Bath &amp; Body Works,BBWI,4055423744,20.12,United States
1208,Concentra Group,CON,4049990144,31.65,United States
1209,Waystar,WAY,4047809280,21.11,United States
1210,Americold,COLD,4039213824,14.09,United States
1211,Core Natural Resources,CNR,4024543232,79.84,United States
1212,Renasant Corp,RNST,4020296192,43.57,United States
1213,Independence Realty Trust,IRT,4018744320,16.63,United States
1214,Axcelis Technologies,ACLS,4007085568,130.38,United States
1215,LifeStance Health Group,LFST,4001624576,10.48,United States
1216,Tri Pointe Homes,TPH,3998444288,46.95,United States
1217,PVH Corp.,PVH,3995727360,86.66,United States
1218,Independent Bank Corp.,INDB,3991869440,83.83,United States
1219,Interparfums,IPAR,3988811008,124.55,United States
1220,Dorman Products,DORM,3979192064,133.16,United States
1221,Patterson-UTI Energy,PTEN,3978392832,10.48,United States
1222,WesBanco,WSBC,3967067904,41.38,United States
1223,Hagerty,HGTY,3958876160,11.53,United States
1224,AXT Inc,AXTI,3953522944,60.43,United States
1225,Griffon Corporation,GFF,3952327680,86.17,United States
1226,Lionsgate Studios,LION,3950679552,13.28,United States
1227,Mueller Water Products,MWA,3949329920,25.24,United States
1228,CVB Financial,CVBF,3942648576,22.37,United States
1229,Extreme Networks,EXTR,3941651456,30.14,United States
1230,Bright Horizons,BFAM,3921301760,74.54,United States
1231,PennyMac Financial Services,PFSI,3915655168,75.41,United States
1232,Enliven Therapeutics,ELVN,3915532288,54.81,United States
1233,Thor Industries,THO,3902741248,74.97,United States
1234,Apple Hospitality REIT,APLE,3897475328,16.51,United States
1235,Comstock Resources,CRK,3894406912,13.26,United States
1236,Badger Meter,BMI,3894383104,134.35,United States
1237,Insight Enterprises,NSIT,3894190592,128.93,United States
1238,Haemonetics,HAE,3887449600,85.54,United States
1239,nLIGHT,LASR,3880919296,68.8,United States
1240,Bel Fuse,BELFB,3868149760,271.97,United States
1241,Robert Half,RHI,3866697728,37.8,United States
1242,Catalyst Pharmaceuticals,CPRX,3854925568,31.49,United States
1243,Grand Canyon Education,LOPE,3853587712,145.34,United States
1244,"Calumet, Inc.",CLMT,3851032064,44.19,United States
1245,iRhythm,IRTC,3850488320,117.17,United States
1246,CECO Environmental,CECO,3848175616,65.89,United States
1247,"GPGI, Inc.",GPGI,3826170880,13.2,United States
1248,Telephone and Data Systems,TDS,3823083264,33.58,United States
1249,ScottsMiracle-Gro,SMG,3821389568,65.68,United States
1250,Polaris,PII,3817088512,67.08,United States
1251,The Vita Coco Company,COCO,3815562240,65.94,United States
1252,Howard Hughes Holdings,HHH,3811203584,63.92,United States
1253,Q2,QTWO,3795530240,60.87,United States
1254,USA Compression Partners,USAC,3792476672,26.16,United States
1255,BancFirst,BANF,3789216256,112.82,United States
1256,Diodes Incorporated,DIOD,3782170624,82.32,United States
1257,Ambarella,AMBA,3772663808,86.0,United States
1258,M/I Homes,MHO,3765435648,146.13,United States
1259,Genworth Financial,GNW,3764980992,9.83,United States
1260,Park National Corp,PRK,3760054784,208.15,United States
1261,Doximity,DOCS,3758646528,20.91,United States
1262,Webull,BULL,3754639616,7.06,United States
1263,Universal Display Corporation,OLED,3747551744,80.16,United States
1264,Newmark,NMRK,3736893440,14.995,United States
1265,Lemonade,LMND,3735653888,48.31,United States
1266,UCT (Ultra Clean Holdings),UCTT,3734649856,83.31,United States
1267,Tidewater,TDW,3732782592,75.06,United States
1268,Mirion Technologies,MIR,3730583808,14.98,United States
1269,Highwoods Properties,HIW,3721054208,33.13,United States
1270,Mechanics Bancorp,MCHB,3717733888,16.79,United States
1271,National Health Investors,NHI,3715308288,76.65,United States
1272,Otter Tail,OTTR,3712238592,88.42,United States
1273,YETI Holdings,YETI,3707612160,48.94,United States
1274,Viking Therapeutics,VKTX,3702564096,31.74,United States
1275,Veracyte,VCYT,3695995392,46.32,United States
1276,Liftoff Mobile,LFTO,3695867904,22.2,United States
1277,First Interstate BancSystem,FIBK,3693372416,38.02,United States
1278,USA Rare Earth,USAR,3657833472,14.95,United States
1279,Madison Square Garden Entertainment,MSGE,3654802432,77.26,United States
1280,Denali Therapeutics,DNLI,3653498368,23.02,United States
1281,OSI Systems,OSIS,3649146880,221.39,United States
1282,Opendoor,OPEN,3637057024,3.77,United States
1283,Kadant,KAI,3631101952,307.5,United States
1284,Fermi Inc.,FRMI,3630694144,5.69,United States
1285,Hilton Grand Vacations,HGV,3622703104,46.14,United States
1286,IPG Photonics,IPGP,3610253824,85.06,United States
1287,Alumis,ALMS,3601648640,28.25,United States
1288,Nicolet Bankshares,NIC,3599705344,170.92,United States
1289,Tenable,TENB,3599277312,32.64,United States
1290,Standex International,SXI,3592074496,296.5,United States
1291,Legend Biotech,LEGN,3588307968,18.55,United States
1292,Freddie Mac,FMCC,3581828352,5.51,United States
1293,CVR Energy,CVI,3580899840,35.62,United States
1294,Adtalem Global Education,ATGE,3579815168,98.54,United States
1295,CCC Intelligent Solutions,CCC,3574468096,6.09,United States
1296,LXP Industrial Trust,LXP,3568683008,60.53,United States
1297,Organon,OGN,3558358016,13.55,United States
1298,Brighthouse Financial,BHF,3556468480,61.91,United States
1299,First Financial Bank,FFBC,3549761024,33.83,United States
1300,Fastly,FSLY,3546289920,22.66,United States
1301,Palomar Holdings,PLMR,3545952768,133.79,United States
1302,Arcus Biosciences,RCUS,3545545472,28.19,United States
1303,St. Joe Company,JOE,3543351552,62.24,United States
1304,Archer Aviation,ACHR,3539693056,4.64,United States
1305,CleanSpark,CLSK,3530934528,13.76,United States
1306,National Healthcare,NHC,3530507520,226.03,United States
1307,Wingstop Restaurants,WING,3527637504,129.49,United States
1308,Curbline Properties,CURB,3494113536,30.64,United States
1309,Atlanta Braves Holdings,BATRA,3490065152,54.41,United States
1310,Brookdale Senior Living,BKD,3486753280,14.6,United States
1311,Centrus Energy,LEU,3480707328,176.93,United States
1312,NCR Atleos Corporation,NATL,3470715392,47.03,United States
1313,TowneBank,TOWN,3461109248,37.91,United States
1314,Helmerich &amp; Payne,HP,3454612992,34.57,United States
1315,Option Care Health,OPCH,3449554432,23.03,United States
1316,AllianceBernstein,AB,3433525504,36.76,United States
1317,Astronics Corporation,ATRO,3429220864,69.49,United States
1318,IDEAYA Biosciences,IDYA,3417755392,35.5,United States
1319,Structure Therapeutics,GPCR,3414419712,48.04,United States
1320,Stride (K12 Education),LRN,3414319360,80.29,United States
1321,Group 1 Automotive,GPI,3412044800,286.77,United States
1322,Community Financial System,CBU,3408876288,64.81,United States
1323,Simmons First National,SFNC,3407398144,23.59,United States
1324,First Advantage,FA,3403294976,19.84,United States
1325,Power Integrations,POWI,3382760192,60.71,United States
1326,First Hawaiian Bank,FHB,3381383168,27.79,United States
1327,BankUnited,BKU,3371700224,46.65,United States
1328,KB Home,KBH,3370195712,54.97,United States
1329,Steve Madden,SHOO,3367777280,46.08,United States
1330,NMI Holdings,NMIH,3365554688,44.3,United States
1331,Seacoast Banking,SBCF,3363631104,34.74,United States
1332,Arcutis Biotherapeutics,ARQT,3359739648,26.86,United States
1333,American States Water,AWR,3356458752,85.64,United States
1334,Workiva,WK,3355936256,59.8,United States
1335,Advance Auto Parts,AAP,3350684160,55.54,United States
1336,Marriott Vacations Worldwide,VAC,3348792320,97.51,United States
1337,Avista,AVA,3342724608,40.45,United States
1338,Golub Capital,GBDC,3342153216,12.83,United States
1339,RXO,RXO,3339636480,20.25,United States
1340,Firefly Aerospace,FLY,3338902016,20.33,United States
1341,Alliance Resource Partners,ARLP,3338695936,25.95,United States
1342,Avient,AVNT,3330913280,36.32,United States
1343,Ashland,ASH,3325056512,72.61,United States
1344,Callaway Golf Company,CALY,3318324480,18.46,United States
1345,Warby Parker,WRBY,3275269632,26.69,United States
1346,CarGurus,CARG,3268380416,36.24,United States
1347,"Atlanta Braves Holdings, Inc.",BATRK,3260430592,50.83,United States
1348,Acadia Realty Trust,AKR,3257227776,22.47,United States
1349,Tegna,TGNA,3243011584,20.03,United States
1350,Exponent,EXPO,3243002368,66.85,United States
1351,HNI Corporation,HNI,3240400896,45.01,United States
1352,PotlatchDeltic,PCH,3230610432,41.73,United States
1353,Provident Financial Services,PFS,3216141824,24.68,United States
1354,ArcBest,ARCB,3213776896,144.35,United States
1355,QuantumScape,QS,3211057152,5.22,United States
1356,"Hayward Holdings, Inc.",HAYW,3209369344,15.13,United States
1357,Delek Logistics Partners,DKL,3206574336,60.31,United States
1358,Chesapeake Utilities,CPK,3187352064,132.78,United States
1359,Black Stone Minerals,BSM,3176865024,14.95,United States
1360,Graphic Packaging,GPK,3174871552,10.73,United States
1361,StubHub Holdings,STUB,3168690688,8.44,United States
1362,Maximus,MMS,3165556992,60.25,United States
1363,United States Lime &amp; Minerals,USLM,3163630848,110.3,United States
1364,Bank of Hawaii,BOH,3152086784,79.9,United States
1365,Dynex Capital,DX,3144829696,12.71,United States
1366,Cushman &amp; Wakefield,CWK,3144312832,13.42,United States
1367,IAC Inc.,IAC,3142127872,42.24,United States
1368,Freshworks,FRSH,3138909952,11.355,United States
1369,MBX Biosciences,MBX,3138105600,65.93,United States
1370,Restoration Hardware,RH,3132667904,165.52,United States
1371,Knowles,KN,3125164032,36.59,United States
1372,"Csquare, Inc.",CSQR,3094213120,19.96,United States
1373,Grindr,GRND,3081768704,17.34,United States
1374,Acadian Asset Management,AAMI,3081551104,86.49,United States
1375,United Natural Foods,UNFI,3076187904,50.83,United States
1376,Hercules Capital,HTGC,3072487168,16.42,United States
1377,Alignment Healthcare,ALHC,3069997312,14.85,United States
1378,CorVel Corporation,CRVL,3063604224,60.06,United States
1379,Liberty Energy,LBRT,3053311488,18.71,United States
1380,Veeco,VECO,3051674112,50.0,United States
1381,WD-40 Company,WDFC,3048467712,227.14,United States
1382,Green Brick Partners,GRBK,3042146560,70.73,United States
1383,Columbia Sportswear,COLM,3036740352,59.38,United States
1384,Banc of California,BANC,3033982464,19.15,United States
1385,Park Hotels &amp; Resorts,PK,3032509440,15.06,United States
1386,TriNet,TNET,3024536064,65.83,United States
1387,FB Financial,FBK,3017596672,60.38,United States
1388,Urban Edge Properties,UE,3008302336,22.66,United States
1389,MGE Energy,MGEE,3001980672,79.53,United States
1390,California Water Service Group,CWT,2999247104,50.11,United States
1391,CBIZ,CBZ,2989434368,55.08,United States
1392,Crane NXT,CXT,2989326080,51.95,United States
1393,Kyndryl,KD,2988008192,13.55,United States
1394,Celldex Therapeutics,CLDX,2987408384,38.06,United States
1395,Privia Health Group,PRVA,2982712832,23.67,United States
1396,H.B. Fuller,FUL,2974443776,55.3,United States
1397,Agilysys,AGYS,2966120704,105.16,United States
1398,WisdomTree,WT,2962472448,19.37,United States
1399,National Beverage,FIZZ,2961886976,31.64,United States
1400,FS KKR Capital,FSK,2960302080,10.57,United States
1401,NETSCOUT,NTCT,2956782080,40.67,United States
1402,CoreCivic,CXW,2956764928,29.9,United States
1403,Academy Sports + Outdoors,ASO,2942771712,47.45,United States
1404,GRAIL,GRAL,2942361344,68.56,United States
1405,Disc Medicine,IRON,2941329664,77.0,United States
1406,UWM Holdings,UWMC,2940589056,1.82,United States
1407,Adeia,ADEA,2939328512,26.65,United States
1408,DigitalBridge Group,DBRG,2934054400,15.87,United States
1409,Tootsie Roll Industries,TR,2933179648,39.02,United States
1410,The Marzetti Company,MZTI,2930629888,106.87,United States
1411,Freshpet,FRPT,2925961984,59.54,United States
1412,Teradata,TDC,2916158976,30.99,United States
1413,NuScale Power,SMR,2914210816,8.42,United States
1414,Gulfport Energy,GPOR,2899760640,161.37,United States
1415,Dana Incorporated,DAN,2896986880,26.93,United States
1416,Sonic Automotive,SAH,2894304000,91.58,United States
1417,Lucid Motors,LCID,2880095232,7.38,United States
1418,American Eagle Outfitters,AEO,2878909952,17.18,United States
1419,Plug Power,PLUG,2873842176,2.06,United States
1420,Benchmark Electronics,BHE,2865332736,79.77,United States
1421,Energy Fuels,UUUU,2859075072,11.44,United States
1422,Titan America,TTAM,2853930752,15.48,United States
1423,Hub Group,HUBG,2845472768,46.53,United States
1424,V2X,VVX,2825457920,90.24,United States
1425,McGrath RentCorp,MGRC,2812615168,115.15,United States
1426,Centuri Holdings,CTRI,2810021120,27.84,United States
1427,Four Corners Property Trust,FCPT,2809579520,25.6,United States
1428,Braze,BRZE,2806781184,24.92,United States
1429,ABM Industries,ABM,2806611968,47.91,United States
1430,"The Bancorp, Inc.",TBBK,2792421888,67.07,United States
1431,Visteon,VC,2790592768,104.54,United States
1432,Quaker Houghton,KWR,2787661568,160.52,United States
1433,Artisan Partners,APAM,2785775360,39.24,United States
1434,Worthington Enterprises,WOR,2785013504,56.21,United States
1435,Trustmark,TRMK,2780833280,47.45,United States
1436,Medical Properties Trust,MPT,2769202944,4.63,United States
1437,Under Armour,UA,2766848512,6.49,United States
1438,Peloton,PTON,2766818304,6.39,United States
1439,Magnite,MGNI,2764049664,19.3,United States
1440,Soleno Therapeutics,SLNO,2762888960,53.01,United States
1441,AvePoint,AVPT,2762584064,13.03,United States
1442,InvenTrust Properties,IVT,2759708672,35.41,United States
1443,Acadia Healthcare,ACHC,2757630208,29.62,United States
1444,PENN Entertainment,PENN,2749835264,20.53,United States
1445,NBT Bancorp,NBTB,2738338816,52.65,United States
1446,Patrick Industries,PATK,2737097472,82.55,United States
1447,Trump Media &amp; Technology Group,DJT,2730764544,9.86,United States
1448,PHINIA,PHIN,2724342784,73.59,United States
1449,WaFd Bank,WAFD,2719293696,36.77,United States
1450,National Energy Services Reunited,NESR,2718841856,26.96,United States
1451,Diamondrock Hospitality Company,DRH,2717827840,13.24,United States
1452,Euronet Worldwide,EEFT,2715896576,71.33,United States
1453,Alarm.com,ALRM,2707966976,54.75,United States
1454,Baldwin Insurance Group,BWIN,2704371200,27.74,United States
1455,Ducommun,DCO,2700616960,179.02,United States
1456,Penguin Solutions,PENG,2696903424,52.63,United States
1457,SPS Commerce,SPSC,2694345216,73.39,United States
1458,Central Garden &amp; Pet,CENT,2693671936,43.05,United States
1459,Boise Cascade,BCC,2687791872,76.38,United States
1460,Shake Shack,SHAK,2684540416,62.75,United States
1461,First Merchants Corporation,FRME,2683546368,43.14,United States
1462,Dentsply Sirona,XRAY,2678367744,13.37,United States
1463,BKV Corporation,BKV,2675596288,24.46,United States
1464,Hawkins,HWKN,2672641024,128.03,United States
1465,SoundHound AI,SOUN,2670682624,6.13,United States
1466,Customers Bancorp,CUBI,2661357824,78.68,United States
1467,Beacon Financial Corporation,BBT,2658332928,31.51,United States
1468,John Wiley &amp; Sons,WLY,2649690624,52.2,United States
1469,TransMedics Group,TMDX,2644255488,76.51,United States
1470,Stock Yards Bancorp,SYBT,2643886848,85.1,United States
1471,Allegiant Travel Company,ALGT,2636145152,98.08,United States
1472,Digi International,DGII,2628597504,69.72,United States
1473,Upstart,UPST,2626325504,27.44,United States
1474,Beam Therapeutics,BEAM,2625477632,25.52,United States
1475,Ouster,OUST,2625170944,39.01,United States
1476,Ichor Systems,ICHR,2624442880,75.27,United States
1477,Neogen,NEOG,2620783360,12.04,United States
1478,Kaiser Aluminum,KALU,2610622976,159.68,United States
1479,First Busey,BUSE,2610051328,30.86,United States
1480,Aehr Test Systems,AEHR,2608983808,79.98,United States
1481,Select Water Solutions,WTTR,2603450112,18.52,United States
1482,Kodiak Sciences,KOD,2602011648,41.58,United States
1483,First Bancorp,FBNC,2601197056,62.87,United States
1484,Peabody Energy,BTU,2597501440,21.32,United States
1485,Trevi Therapeutics,TRVI,2591129856,18.25,United States
1486,Supernus Pharmaceuticals,SUPN,2590312704,44.63,United States
1487,Kennametal,KMT,2588857344,33.97,United States
1488,Harley-Davidson,HOG,2583284224,24.54,United States
1489,Immunome,IMNM,2577579008,22.76,United States
1490,DNOW Inc.,DNOW,2577549312,14.12,United States
1491,Tarsus Pharmaceuticals,TARS,2575977472,59.04,United States
1492,Helios Technologies,HLIO,2574641920,77.91,United States
1493,Fluence Energy,FLNC,2567448064,13.93,United States
1494,H2O America,HTO,2567077888,61.33,United States
1495,Ingevity,NGVT,2542158080,73.11,United States
1496,Merchants Bancorp,MBIN,2534715904,55.18,United States
1497,Talos Energy,TALO,2533934080,15.18,United States
1498,Intapp,INTA,2519143424,32.69,United States
1499,AMC Entertainment,AMC,2517144832,2.82,United States
1500,Diebold Nixdorf,DBD,2498129408,73.59,United States
1501,Chemours,CC,2497773824,16.61,United States
1502,LCI Industries,LCII,2488526080,102.36,United States
1503,Trinity Industries,TRN,2483751936,31.24,United States
1504,Kayne Anderson Capital Advisors,KYN,2472622592,14.62,United States
1505,Federal Agricultural Mortgage Corporation,AGM,2469232128,227.6,United States
1506,Atkore,ATKR,2463659520,72.96,United States
1507,Ultragenyx Pharmaceutical,RARE,2453366528,24.91,United States
1508,Blackstone Mortgage Trust,BXMT,2450623744,14.54,United States
1509,ePlus,PLUS,2438936576,92.41,United States
1510,Atrium Therapeutics,RNA,2438628096,15.47,United States
1511,Progyny,PGNY,2438486528,31.13,United States
1512,ManpowerGroup,MAN,2437914880,52.42,United States
1513,DXP Enterprises,DXPE,2434644224,157.02,United States
1514,Pulse Biosciences,PLSE,2431337216,35.13,United States
1515,Whirlpool,WHR,2430866944,37.5,United States
1516,Skyward Specialty Insurance Group,SKWD,2430556672,59.95,United States
1517,Payoneer,PAYO,2424853760,7.17,United States
1518,Maravai LifeSciences,MRVI,2423504384,6.57,United States
1519,Coty,COTY,2421282816,2.75,United States
1520,Huron Consulting,HURN,2414671616,151.77,United States
1521,"The Andersons, Inc.",ANDE,2410345984,70.78,United States
1522,Nurix Therapeutics,NRIX,2408772608,23.21,United States
1523,Enterprise Financial Services Corp,EFSC,2404267776,66.31,United States
1524,Keel Infrastructure,KEEL,2397199872,3.97,United States
1525,Banner Bank,BANR,2392877568,70.41,United States
1526,Nektar Therapeutics,NKTR,2387658752,70.67,United States
1527,Newell Brands,NWL,2379595520,5.6,United States
1528,Prestige Consumer Healthcare,PBH,2379030272,50.22,United States
1529,Douglas Emmett,DEI,2376772352,11.82,United States
1530,Pitney Bowes,PBI,2374288128,17.53,United States
1531,Minerals Technologies,MTX,2364105728,76.24,United States
1532,Uniti,UNIT,2360168192,9.72,United States
1533,Blue Bird Corporation,BLBD,2354189568,74.39,United States
1534,Driven Brands,DRVN,2353921792,14.27,United States
1535,Vericel,VCEL,2347095808,45.96,United States
1536,Sunrun,RUN,2340168448,9.81,United States
1537,Mister Car Wash,MCW,2335151104,7.1,United States
1538,Curaleaf,CURLF,2333188096,8.83,United States
1539,ARMOUR Residential REIT,ARR,2331378432,16.47,United States
1540,LeMaitre Vascular,LMAT,2315236864,101.32,United States
1541,Custom Truck One Source,CTOS,2308442880,10.15,United States
1542,Slide Insurance,SLDE,2307895552,19.97,United States
1543,Northwest Bancshares,NWBI,2304281088,15.74,United States
1544,Vera Therapeutics,VERA,2304231168,32.1,United States
1545,Perpetua Resources,PPTA,2302989824,18.41,United States
1546,LiveRamp,RAMP,2301977600,37.87,United States
1547,Northern Oil and Gas,NOG,2300784896,21.15,United States
1548,CSG International,CSGS,2300464128,80.69,United States
1549,BioCryst Pharmaceuticals,BCRX,2282380544,8.98,United States
1550,Jetblue Airways,JBLU,2275192576,6.03,United States
1551,Mach Natural Resources LP,MNR,2275175936,13.64,United States
1552,Axogen,AXGN,2269273344,42.21,United States
1553,Cohu,COHU,2263944960,47.99,United States
1554,Calix,CALX,2260407296,35.9,United States
1555,Hilltop Holdings,HTH,2259376128,39.44,United States
1556,Amylyx Pharmaceuticals,AMLX,2258194176,20.31,United States
1557,CareDx,CDNA,2258035712,43.71,United States
1558,Buckle,BKE,2254946816,43.77,United States
1559,Mineralys Therapeutics,MLYS,2249804544,25.52,United States
1560,Werner Enterprises,WERN,2243333120,37.42,United States
1561,Precigen,PGEN,2235323904,6.27,United States
1562,OFG Bancorp,OFG,2234127872,52.86,United States
1563,HCI Group,HCI,2233968896,175.01,United States
1564,Hawaiian Electric Industries,HE,2230452224,12.92,United States
1565,Quantinuum Inc.,QNT,2229901824,71.1,United States
1566,Day One Biopharmaceuticals,DAWN,2224784640,21.53,United States
1567,Hemab Therapeutics Holdings,COAG,2220842240,47.55,United States
1568,LendingClub,LC,2215891200,19.21,United States
1569,Goosehead Insurance,GSHD,2215780096,62.0,United States
1570,Trulieve Cannabis,TRUL.CN,2214652642,11.5162,United States
1571,Nuvation Bio,NUVB,2204118528,6.33,United States
1572,Rogers Corporation,ROG,2203758848,123.47,United States
1573,Monarch Casino &amp; Resort,MCRI,2199989248,122.75,United States
1574,Clover Health Investments,CLOV,2196273664,4.17,United States
1575,Kailera Therapeutics,KLRA,2194841344,16.94,United States
1576,Sunstone Hotel Investors,SHO,2192648192,11.77,United States
1577,First Commonwealth Financial Corp,FCF,2189266432,21.53,United States
1578,EverCommerce,EVCM,2183571712,12.34,United States
1579,Bob's Discount Furniture,BOBS,2177560320,16.67,United States
1580,Pediatrix Medical Group,MD,2177051904,26.51,United States
1581,HeartFlow,HTFL,2175856128,25.23,United States
1582,Kohl's,KSS,2170475776,19.14,United States
1583,Midera Food Processing,MFP,2168039424,47.95,United States
1584,Universal Technical Institute,UTI,2164462848,39.31,United States
1585,1st Source,SRCE,2159942400,89.74,United States
1586,Addus HomeCare,ADUS,2155408384,115.48,United States
1587,Pebblebrook Hotel Trust,PEB,2147830272,19.1,United States
1588,Infleqtion,INFQ,2144875520,9.83,United States
1589,Gorman-Rupp,GRC,2144247808,81.19,United States
1590,A10 Networks,ATEN,2128985984,29.57,United States
1591,Sionna Therapeutics,SION,2127934976,47.13,United States
1592,American Axle &amp; Manufacturing,AXL,2121012480,9.0,United States
1593,Innospec,IOSP,2117777536,85.98,United States
1594,Getty Realty,GTY,2114382336,34.14,United States
1595,PC Connection,CNXN,2112933760,83.72,United States
1596,Albany International,AIN,2112728448,74.51,United States
1597,Olin Corporation,OLN,2109815936,18.51,United States
1598,Five9,FIVN,2106275200,27.51,United States
1599,Horace Mann Educators,HMN,2104262912,52.11,United States
1600,United Parks &amp; Resorts,PRKS,2103658624,44.63,United States
1601,Netstreit,NTST,2095080576,21.45,United States
1602,Stagwell,STGW,2094369408,8.45,United States
1603,Viridian Therapeutics,VRDN,2089291776,18.92,United States
1604,Vertex,VERX,2089056512,12.91,United States
1605,HawkEye 360,HAWK,2076751360,21.2,United States
1606,Sunshine Silver Mining & Refining Company,SSMR,2065351296,14.37,United States
1607,LTC Properties,LTC,2059541888,40.24,United States
1608,Redwire,RDW,2058674432,8.62,United States
1609,NW Natural,NWN,2058570752,48.92,United States
1610,Stewart Information Services,STC,2058115328,67.59,United States
1611,Innodata,INOD,2051736192,62.83,United States
1612,City Holding Company,CHCO,2047671296,145.11,United States
1613,Select Medical Holdings,SEM,2046298112,16.51,United States
1614,Aveanna Healthcare,AVAH,2044721408,9.39,United States
1615,Spectrum Brands,SPB,2041319040,88.77,United States
1616,Harmony Biosciences,HRMY,2040137984,35.24,United States
1617,World Kinect,WKC,2038903552,39.86,United States
1618,Biohaven,BHVN,2032573440,13.5,United States
1619,NGL Energy Partners,NGL,2029316096,16.39,United States
1620,Dorian LPG,LPG,2028754560,47.42,United States
1621,nCino,NCNO,2022347392,18.46,United States
1622,Encore Capital Group,ECPG,2017113984,94.08,United States
1623,Surgery Partners,SGRY,2014137600,15.4,United States
1624,Thermon Group,THR,2013932928,61.14,United States
1625,Xenia Hotels &amp; Resorts,XHR,2011695872,20.58,United States
1626,Stellar Bancorp,STEL,2002201728,39.32,United States
1627,Goodyear,GT,1997698432,6.95,United States
1628,P3 Health Partners,PIII,1997475328,9.83,United States
1629,Perdoceo Education,PRDO,1994586624,31.81,United States
1630,Palvella Therapeutics,PVLA,1994228992,139.04,United States
1631,NeoGenomics,NEO,1990938112,15.29,United States
1632,"Interface, Inc.",TILE,1989005056,34.26,United States
1633,Western Union,WU,1987087360,6.36,United States
1634,Zenas BioPharma,ZBIO,1984913408,31.44,United States
1635,Live Oak Bank,LOB,1980938880,42.8,United States
1636,Intuitive Machines,LUNR,1979981440,12.34,United States
1637,Appian,APPN,1979190656,26.96,United States
1638,Flywire,FLYW,1975920256,16.01,United States
1639,Asana,ASAN,1974862720,8.32,United States
1640,UFP Technologies,UFPT,1971217280,254.78,United States
1641,SELLAS Life Sciences,SLS,1968292096,10.01,United States
1642,ADMA Biologics,ADMA,1960797184,8.46,United States
1643,Innovex International,INVX,1960556544,28.08,United States
1644,Rapport Therapeutics,RAPP,1959947520,40.98,United States
1645,Ziff Davis,ZD,1955223040,53.08,United States
1646,Republic Bank,RBCAA,1952748800,99.54,United States
1647,Veris Residential,VRE,1943780352,18.99,United States
1648,Alkami Technology,ALKT,1943135872,18.17,United States
1649,Blackbaud,BLKB,1942696064,42.8,United States
1650,Ethos Technologies,LIFE,1941401472,20.42,United States
1651,Lindblad Expeditions,LIND,1940448000,29.58,United States
1652,Alamo Group,ALG,1935740032,159.08,United States
1653,York Space Systems,YSS,1935492992,14.73,United States
1654,GeneDx Holdings,WGS,1932987520,65.11,United States
1655,Insperity,NSP,1931742464,50.61,United States
1656,PDF Solutions,PDFS,1929683200,46.09,United States
1657,National Bank Holdings,NBHC,1923584128,43.19,United States
1658,AtriCure,ATRC,1920711296,37.76,United States
1659,German American Bancorp,GABC,1911905152,50.88,United States
1660,Sonida Senior Living,SNDA,1910894976,40.36,United States
1661,Vestis,VSTS,1910239488,14.46,United States
1662,Century Communities,CCS,1909534848,67.16,United States
1663,Boston Beer Company,SAM,1907742592,183.2,United States
1664,Weis Markets,WMK,1906571136,77.05,United States
1665,Tyra Biosciences,TYRA,1895915648,31.88,United States
1666,Butterfly Network,BFLY,1893287680,7.11,United States
1667,S&amp;T Bancorp,STBA,1876194816,52.15,United States
1668,Evertec,EVTC,1875723264,30.44,United States
1669,Genesis Energy  L.P.,GEL,1874928768,15.31,United States
1670,RLJ Lodging Trust,RLJ,1870594048,12.25,United States
1671,Strategic Education,STRA,1863892096,82.0,United States
1672,UroGen Pharma,URGN,1863117952,38.24,United States
1673,Pathward Financial,CASH,1862749312,88.24,United States
1674,"Kardigan, Inc.",KARD,1860040448,20.82,United States
1675,SmartStop Self Storage REIT,SMA,1856952064,33.54,United States
1676,TriCo Bancshares,TCBK,1849947392,57.54,United States
1677,Enerpac Tool Group,EPAC,1842152960,35.74,United States
1678,BlackLine,BL,1841952768,31.4,United States
1679,Global Net Lease,GNL,1840705024,8.72,United States
1680,EZCorp,EZPW,1831926016,29.77,United States
1681,CTS Corporation,CTS,1831023360,64.12,United States
1682,American Assets Trust,AAT,1829934592,23.59,United States
1683,Quantum Computing,QUBT,1826833536,8.1,United States
1684,Fortrea,FTRE,1823067008,19.17,United States
1685,DXC Technology,DXC,1821782016,11.24,United States
1686,Hycroft Mining,HYMC,1819838336,19.53,United States
1687,Iovance Biotherapeutics,IOVA,1817264896,4.07,United States
1688,CBL Properties,CBL,1816766720,58.71,United States
1689,Triumph Financial,TFIN,1814312064,75.93,United States
1690,Semrush,SEMR,1814168832,12.0,United States
1691,Anterix,ATEX,1813747840,93.02,United States
1692,Expro Group,XPRO,1808667264,15.95,United States
1693,ANI Pharmaceuticals,ANIP,1801491072,79.24,United States
1694,Dime Community Bancshares,DCOM,1798065920,40.76,United States
1695,Worthington Steel,WS,1797629824,36.01,United States
1696,Stoke Therapeutics,STOK,1797448576,28.86,United States
1697,Revolve Group,RVLV,1796759808,25.11,United States
1698,Generate Biomedicines,GENB,1794694656,14.0,United States
1699,Hope Bancorp,HOPE,1789663232,14.01,United States
1700,Ocular Therapeutix,OCUL,1788906112,8.17,United States
1701,NextNav,NN,1788688256,13.11,United States
1702,FIGS,FIGS,1787405568,10.7,United States
1703,Photronics,PLAB,1786010368,30.29,United States
1704,Protolabs,PRLB,1785743104,75.05,United States
1705,Agios Pharmaceuticals,AGIO,1785337728,30.02,United States
1706,Byline Bancorp,BY,1783221632,39.27,United States
1707,NextDecade Corp,NEXT,1780752896,6.72,United States
1708,Bicara Therapeutics,BCAX,1780574720,27.1,United States
1709,Six Flags,FUN,1771194368,17.33,United States
1710,National Vision Holdings,EYE,1765771392,22.04,United States
1711,Astrana Health,ASTH,1763186304,35.56,United States
1712,Soho House & Co,SHCO,1758889344,8.99,United States
1713,Alamar Biosciences,ALMR,1757731712,25.36,United States
1714,PROG Holdings,PRG,1753388416,44.02,United States
1715,Preformed Line Products,PLPC,1742312704,356.98,United States
1716,Alpha Metallurgical Resources,AMR,1739942528,137.16,United States
1717,Sonos,SONO,1734189696,14.66,United States
1718,FuelCell Energy,FCEL,1727810176,21.61,United States
1719,DoubleVerify,DV,1726472192,11.25,United States
1720,Huntsman Corporation,HUN,1711722752,9.76,United States
1721,Ingles Markets,IMKTA,1709683840,90.01,United States
1722,Walker &amp; Dunlop,WD,1705919232,49.69,United States
1723,Innovative Industrial Properties,IIPR,1705217280,58.81,United States
1724,Willis Lease Finance Corporation,WLFC,1704776192,71.33,United States
1725,Bank First,BFC,1692549248,152.74,United States
1726,Ellington Financial,EFC,1692060672,13.28,United States
1727,Origin Bancorp,OBK,1688442112,54.73,United States
1728,Syndax Pharmaceuticals,SNDX,1688020864,19.05,United States
1729,QCR Holdings,QCRH,1685010176,102.95,United States
1730,Taysha Gene Therapies,TSHA,1683935616,5.86,United States
1731,Global Partners LP,GLP,1680565632,49.47,United States
1732,RAPT Therapeutics,RAPT,1680292864,58.02,United States
1733,Perella Weinberg Partners,PWP,1678119168,17.65,United States
1734,Enovis,ENOV,1677949824,29.15,United States
1735,OceanFirst Financial,OCFC,1677596672,19.31,United States
1736,Sila Realty Trust,SILA,1677119744,30.36,United States
1737,ARKO Petroleum,APC,1676175488,20.3,United States
1738,Kemper,KMPR,1670850688,28.38,United States
1739,Progress Software,PRGS,1664715392,40.59,United States
1740,ConnectOne Bancorp,CNOB,1656503040,32.94,United States
1741,TripAdvisor,TRIP,1648256000,14.165,United States
1742,Liberty Latin America,LILA,1641409920,8.15,United States
1743,Porch Group,PRCH,1640361728,14.45,United States
1744,IDT Corporation,IDT,1637843712,65.86,United States
1745,Sixth Street Specialty Lending,TSLX,1630536320,17.16,United States
1746,Wolverine World Wide,WWW,1613554304,19.68,United States
1747,Kimbell Royalty Partners,KRP,1613385728,14.97,United States
1748,Rumble,RUM,1610344576,5.84,United States
1749,WaterBridge Infrastructure,WBI,1608889600,34.22,United States
1750,Omnicell,OMCL,1608588928,35.37,United States
1751,Healthcare Services Group,HCSG,1599130240,23.3,United States
1752,Distribution Solutions Group,DSGR,1599049984,34.57,United States
1753,Arlo Technologies,ARLO,1598736512,14.72,United States
1754,SkyWater Technology,SKYT,1597181312,32.46,United States
1755,Kosmos Energy,KOS,1595679104,2.69,United States
1756,Atlanticus,ATLC,1594797440,105.49,United States
1757,Recursion Pharmaceuticals,RXRX,1592286592,3.0,United States
1758,AnaptysBio,ANAB,1579908480,53.36,United States
1759,Savers Value Village,SVV,1579897984,10.26,United States
1760,Central Securities,CET,1579112576,53.44,United States
1761,Trinity Capital,TRIN,1577528192,17.55,United States
1762,Green Thumb Industries,GTII.CN,1576600537,7.19943,United States
1763,La-Z-Boy,LZB,1575641472,39.38,United States
1764,Sarepta Therapeutics,SRPT,1568862592,14.86,United States
1765,Lakeland Financial Corp,LKFN,1557408640,62.65,United States
1766,Frontier Airlines,ULCC,1553956480,6.75,United States
1767,Septerna,SEPN,1552852096,34.45,United States
1768,Empire State Realty Trust,ESRT,1549090688,5.06,United States
1769,Innoviva,INVA,1547769472,20.97,United States
1770,Hillman Solutions,HLMN,1544169472,7.87,United States
1771,InnovAge,INNV,1541965440,11.36,United States
1772,G-III Apparel Group,GIII,1536158720,36.41,United States
1773,Ambiq Micro,AMBQ,1535408384,63.59,United States
1774,MillerKnoll,MLKN,1534135424,22.52,United States
1775,Ardent Health,ARDT,1529544832,10.67,United States
1776,Agilon Health,AGL,1528401664,91.61,United States
1777,Biolife Solutions,BLFS,1528259968,31.28,United States
1778,The Greenbrier Companies,GBX,1523779584,49.25,United States
1779,Kennedy Wilson,KW,1521191808,10.92,United States
1780,Coursera,COUR,1520564224,5.31,United States
1781,Alexander &amp; Baldwin,ALEX,1518725120,20.84,United States
1782,Safety Insurance,SAFT,1517815040,103.39,United States
1783,Target Hospitality,TH,1513699072,15.2,United States
1784,Concentrix,CNXC,1501051520,24.6,United States
1785,Xencor,XNCR,1498401664,20.21,United States
1786,Peoples Bancorp,PEBO,1496793472,41.66,United States
1787,Intellia Therapeutics,NTLA,1492233856,10.68,United States
1788,Maze Therapeutics,MAZE,1489894400,26.92,United States
1789,Sprinklr,CXM,1489694976,6.36,United States
1790,Flowers Foods,FLO,1488192512,7.02,United States
1791,Sylvamo,SLVM,1486528896,37.41,United States
1792,Allient,ALNT,1486514944,87.46,United States
1793,Amalgamated Financial,AMAL,1474849664,49.38,United States
1794,Phibro Animal Health,PAHC,1473716224,36.33,United States
1795,AdaptHealth,AHCO,1469384832,10.8,United States
1796,Shoals Technologies,SHLS,1466325760,8.74,United States
1797,ICF International,ICFI,1464990208,80.92,United States
1798,Vir Biotechnology,VIR,1460526080,8.66,United States
1799,Stepan Company,SCL,1456832640,64.14,United States
1800,The RealReal,REAL,1456696704,12.09,United States
1801,Voyager Technologies,VOYG,1453700480,24.53,United States
1802,Yelp,YELP,1453404288,26.43,United States
1803,Inspire Medical Systems,INSP,1446708352,50.21,United States
1804,"Harrow, Inc.",HROW,1445155968,38.77,United States
1805,Turning Point Brands,TPB,1445011712,74.61,United States
1806,BellRing Brands,BRBR,1440682624,12.39,United States
1807,KalVista Pharmaceuticals,KALV,1437504000,27.0,United States
1808,Oil-Dri Corporation Of America,ODC,1436561536,99.21,United States
1809,Forestar Group,FOR,1435895808,28.15,United States
1810,Energizer Holdings,ENR,1435889024,20.97,United States
1811,J&amp;J Snack Foods,JJSF,1434636288,76.5,United States
1812,Tennant Company,TNC,1431779072,84.03,United States
1813,TriMas,TRS,1430599424,39.93,United States
1814,Tompkins Financial,TMP,1429675648,99.84,United States
1815,Sally Beauty Holdings,SBH,1428265088,14.97,United States
1816,C3 AI,AI,1427024384,9.18,United States
1817,Community Trust Bancorp,CTBI,1424943744,78.45,United States
1818,Carter's,CRI,1421308928,38.57,United States
1819,BJ's Restaurants,BJRI,1420954240,67.61,United States
1820,REX American Resources,REX,1417639424,43.04,United States
1821,Wealthfront Corporation,WLTH,1417437952,9.49,United States
1822,Exzeo Group,XZO,1411054080,15.52,United States
1823,Wendy’s,WEN,1401937536,7.36,United States
1824,The Pennant Group,PNTG,1401827840,40.32,United States
1825,Helix Energy Solutions,HLX,1401607168,9.51,United States
1826,Monte Rosa Therapeutics,GLUE,1395600000,16.52,United States
1827,Xeris Pharmaceuticals,XERS,1394947712,8.08,United States
1828,Olaplex,OLPX,1391282176,2.07,United States
1829,ArriVent BioPharma,AVBP,1388864384,29.82,United States
1830,Babcock &amp; Wilcox,BW,1387184384,9.32,United States
1831,Pursuit Attractions and Hospitality,PRSU,1387011328,50.53,United States
1832,CONMED,CNMD,1386742784,46.3,United States
1833,First Mid-Illinois Bancshares,FMBH,1386416768,52.09,United States
1834,Westamerica Bancorporation,WABC,1383570304,60.15,United States
1835,Arteris,AIP,1379618816,29.88,United States
1836,Taboola.com,TBLA,1369355008,5.01,United States
1837,Global Industrial Company,GIC,1367451776,35.74,United States
1838,CVR Partners,UAN,1363377664,128.99,United States
1839,ProPetro,PUMP,1363345536,11.1,United States
1840,Amprius Technologies,AMPX,1359620864,9.6,United States
1841,Personalis,PSNL,1351466112,12.66,United States
1842,LegalZoom,LZ,1350867840,7.87,United States
1843,OppFi,OPFI,1349575040,9.37,United States
1844,Atlas Energy Solutions,AESI,1347731200,10.79,United States
1845,NexPoint Residential Trust,NXRT,1345851136,26.11,United States
1846,Bristow Group,VTOL,1341735424,45.32,United States
1847,FMC Corporation,FMC,1341177600,10.71,United States
1848,Dauch Corporation,DCH,1341122048,5.65,United States
1849,Leggett &amp; Platt,LEG,1338300544,9.8,United States
1850,Kestra Medical Technologies,KMTS,1337895040,22.83,United States
1851,Tandem Diabetes Care,TNDM,1336317184,19.5,United States
1852,BigBear.ai,BBAI,1336268928,2.79,United States
1853,Dorchester Minerals,DMLP,1332332928,27.61,United States
1854,Lincoln Educational Services,LINC,1326560896,41.82,United States
1855,NAPCO Security Technologies,NSSC,1324769664,37.08,United States
1856,"Yesway, Inc.",YSWY,1322034048,20.92,United States
1857,Ecovyst,ECVT,1320009088,12.06,United States
1858,"Cadre Holdings, Inc.",CDRE,1319445504,30.83,United States
1859,Absci,ABSI,1317934592,7.78,United States
1860,United Fire Group,UFCS,1317700736,51.36,United States
1861,Universal Corporation,UVV,1313334912,52.69,United States
1862,ACV Auctions,ACVA,1307640832,7.49,United States
1863,AMN Healthcare Services,AMN,1304374912,33.63,United States
1864,HBT Financial,HBT,1303343488,35.84,United States
1865,Orchid Island Capital,ORC,1302544384,6.49,United States
1866,Artivion,AORT,1302418176,26.83,United States
1867,"Alexander's, Inc.",ALX,1302358912,255.0,United States
1868,Azenta,AZTA,1296590592,28.13,United States
1869,Integra LifeSciences,IART,1294912128,16.65,United States
1870,ProAssurance,PRA,1290193152,25.0,United States
1871,Old Second Bancorp,OSBC,1288246400,25.29,United States
1872,Herbalife,HLF,1287574144,12.42,United States
1873,UMH Properties,UMH,1286861184,15.11,United States
1874,Myers Industries,MYE,1285033344,34.16,United States
1875,PureCycle Technologies,PCT,1278570752,6.37,United States
1876,USA TODAY Co.,TDAY,1278363776,8.69,United States
1877,Avalyn Pharma,AVLN,1276349824,28.79,United States
1878,Two Harbors Investment,TWO,1271058048,12.09,United States
1879,LGI Homes,LGIH,1267785472,54.57,United States
1880,Standard Nuclear,STDN,1267714176,7.89,United States
1881,Cracker Barrel,CBRL,1260398848,56.39,United States
1882,Certara,CERT,1260073344,8.1,United States
1883,Bandwidth,BAND,1259555968,39.14,United States
1884,Gibraltar Industries,ROCK,1253512704,42.26,United States
1885,Harmonic Inc.,HLIT,1253133824,11.55,United States
1886,Edgewell Personal Care,EPC,1252951296,27.19,United States
1887,Utz Brands,UTZ,1250143360,14.12,United States
1888,Biglari,BH,1247729024,397.49,United States
1889,Gentherm,THRM,1244466304,40.58,United States
1890,"RPC, Inc.",RES,1243388800,5.61,United States
1891,Jefferson Capital,JCAP,1239048960,20.11,United States
1892,Suburban Propane Partners,SPH,1237961472,18.66,United States
1893,Preferred Bank,PFBC,1236773120,104.44,United States
1894,WEBTOON Entertainment,WBTN,1233340800,9.12,United States
1895,Clear Channel Outdoor,CCO,1231740160,2.42,United States
1896,Cardinal Infrastructure Group,CDNL,1231368576,61.89,United States
1897,Compass Minerals,CMP,1231057920,29.34,United States
1898,Wolfspeed,WOLF,1227581056,23.62,United States
1899,Vishay Precision Group,VPG,1224357120,92.05,United States
1900,XPEL,XPEL,1222880768,44.37,United States
1901,Ardelyx,ARDX,1222795392,4.95,United States
1902,Eos Energy Enterprises,EOSE,1222503168,3.38,United States
1903,Univest Financial Corporation,UVSP,1220173184,44.24,United States
1904,Universal Insurance Holdings,UVE,1219994880,43.71,United States
1905,Aktis Oncology,AKTS,1219973248,22.07,United States
1906,Teladoc Health,TDOC,1218868736,6.71,United States
1907,Heritage Financial,HFWA,1216138880,29.73,United States
1908,Liquidity Services,LQDT,1215444352,38.98,United States
1909,BrightView,BV,1215328000,13.04,United States
1910,STAAR Surgical,STAA,1212847744,24.36,United States
1911,Ladder Capital,LADR,1212832384,9.56,United States
1912,Piedmont Realty Trust,PDM,1212536960,9.69,United States
1913,MannKind Corp,MNKD,1207995264,3.91,United States
1914,Marten Transport,MRTN,1206703360,14.79,United States
1915,Inhibrx Biosciences,INBX,1203770880,82.05,United States
1916,Novavax,NVAX,1203687040,7.32,United States
1917,"U.S. Physical Therapy, Inc.",USPH,1203197440,79.06,United States
1918,Winmark,WINA,1197988352,333.5,United States
1919,Northwest Pipe Company,NWPX,1186123008,123.08,United States
1920,Aeva Technologies,AEVA,1184567424,17.54,United States
1921,Deluxe Corporation,DLX,1184433664,25.87,United States
1922,Donnelley Financial Solutions,DFIN,1181666304,47.3,United States
1923,Green Plains,GPRE,1180008448,16.85,United States
1924,Amplitude,AMPL,1177658880,8.88,United States
1925,Saul Centers,BFS,1177038336,34.07,United States
1926,Easterly Government Properties,DEA,1172533760,24.36,United States
1927,Dream Finders Homes,DFH,1170738176,12.79,United States
1928,Avanos Medical,AVNS,1170726912,24.99,United States
1929,Everforth,EFOR,1166040064,28.44,United States
1930,Astec Industries,ASTE,1164806656,50.66,United States
1931,T1 Energy,TE,1164561664,4.17,United States
1932,Marcus &amp; Millichap,MMI,1163020544,30.75,United States
1933,IRadimed,IRMD,1161466624,90.86,United States
1934,Amerant Bancorp,AMTB,1159809536,29.6,United States
1935,Safehold,SAFE,1158649856,16.18,United States
1936,CRA International,CRAI,1157226880,179.03,United States
1937,Ategrity Specialty Insurance Company,ASIC,1153744384,24.02,United States
1938,ScanSource,SCSC,1150774784,56.62,United States
1939,Collegium Pharmaceutical,COLL,1147831424,35.39,United States
1940,Metropolitan Bank Holding,MCB,1146270848,92.48,United States
1941,Vor Biopharma,VOR,1146031232,21.15,United States
1942,Red Cat Holdings,RCAT,1146007808,7.53,United States
1943,ORIC Pharmaceuticals,ORIC,1145939328,11.07,United States
1944,QuidelOrtho,QDEL,1143563008,16.77,United States
1945,Oppenheimer Holdings,OPY,1141901696,106.64,United States
1946,NCR Voyix Corporation,VYX,1139665280,8.27,United States
1947,Tetra Technologies,TTI,1138232576,7.7,United States
1948,Great Lakes Dredge &amp; Dock Corp.,GLDD,1135273600,17.0,United States
1949,Corsair Gaming,CRSR,1134020224,10.61,United States
1950,Upwork,UPWK,1131426048,9.16,United States
1951,Schrödinger,SDGR,1131271680,15.14,United States
1952,National Healthcare Properties,NHP,1130839680,15.29,United States
1953,Upbound Group,UPBD,1130315392,19.39,United States
1954,Lindsay Corporation,LNN,1126915840,110.82,United States
1955,XPLR Infrastructure,XIFR,1121846144,11.9,United States
1956,Seneca Foods,SENEA,1121532672,165.49,United States
1957,Graham Corporation,GHM,1119423744,95.9,United States
1958,Savara,SVRA,1118902656,5.46,United States
1959,Ameresco,AMRC,1115686272,21.07,United States
1960,Corvus Pharmaceuticals,CRVS,1115039104,13.26,United States
1961,Mission Produce,AVO,1114440832,12.61,United States
1962,Genco Shipping &amp; Trading,GNK,1112957952,25.54,United States
1963,i-80 Gold,IAUX,1112045952,1.29,United States
1964,O-I Glass,OI,1098667136,7.15,United States
1965,Seaport Therapeutics,SPTX,1095235072,20.46,United States
1966,MeiraGTx,MGTX,1091866240,11.79,United States
1967,Capitol Federal Savings Bank,CFFN,1090679680,8.84,United States
1968,JBG SMITH,JBGS,1083002112,14.05,United States
1969,eXp World Holdings,EXPI,1073469056,6.74,United States
1970,Trupanion,TRUP,1068265344,24.49,United States
1971,Middlesex Water Company,MSEX,1067173952,57.3,United States
1972,Prospect Capital,PSEC,1067146368,2.13,United States
1973,Virtus Investment Partners,VRTS,1064796160,159.35,United States
1974,Northeast Bank,NBN,1062319040,124.17,United States
1975,NPK International,NPKI,1060524608,12.49,United States
1976,PROCEPT BioRobotics,PRCT,1059828928,18.62,United States
1977,MasterBrand,MBC,1055872896,8.25,United States
1978,Alto Neuroscience,ANRO,1052221056,27.07,United States
1979,Arhaus,ARHS,1048811840,7.41,United States
1980,Rackspace Technology,RXT,1048642560,4.13,United States
1981,Groupon,GRPN,1047598144,27.58,United States
1982,Horizon Bancorp,HBNC,1044852864,20.45,United States
1983,Arbor Realty Trust,ABR,1044742464,5.01,United States
1984,Chimera Investment Corporation,CIM,1043902272,12.48,United States
1985,Equity Bancshares,EQBK,1042336000,50.68,United States
1986,CNB Financial Corp,CCNE,1039796032,35.1,United States
1987,GoodRx,GDRX,1039733312,3.07,United States
1988,Pacira Biosciences,PCRX,1039178688,26.41,United States
1989,Mercantile Bank,MBWM,1038537600,60.08,United States
1990,Willdan Group,WLDN,1035529792,68.53,United States
1991,Entravision Communications,EVC,1032679680,11.22,United States
1992,Phoenix Education Partners,PXED,1030594496,28.59,United States
1993,EyePoint Pharmaceuticals,EYPT,1027055872,12.25,United States
1994,Lexicon Pharmaceuticals,LXRX,1026093632,2.31,United States
1995,Resolute Holdings Management,RHLD,1021941056,123.76,United States
1996,Douglas Dynamics,PLOW,1020514752,44.13,United States
1997,MidWestOne Financial Group,MOFG,1017475776,49.31,United States
1998,Central Pacific Financial,CPF,1016772928,39.4,United States
1999,Kforce,KFRC,1016693952,56.77,United States
2000,Nutex Health,NUTX,1014515776,147.43,United States
2001,Sable Offshore,SOC,1014096064,5.29,United States
2002,Cullinan Therapeutics,CGEM,1014057792,16.5,United States
2003,MetroCity Bankshares,MCBS,1013992320,35.38,United States
2004,Unusual Machines,UMAC,1011319424,21.16,United States
2005,Five Star Bancorp,FSBC,1008740608,47.19,United States
2006,NB Bancorp,NBBK,1008263424,23.01,United States
2007,Glass House Brands,GLASF,1007483904,11.81,United States
2008,Bowhead Specialty Holdings,BOW,1004515520,30.59,United States
2009,Ventyx Biosciences,VTYX,1004502016,14.0,United States
2010,Lumexa Imaging,LMRI,1000200448,10.41,United States
2011,Olema Pharmaceuticals,OLMA,1000128512,11.45,United States
2012,Emerald Holding,EEX,997505920,5.04,United States
2013,Newsmax,NMAX,995828608,7.71,United States
2014,Lightwave Logic,LWLG,995354432,6.46,United States
2015,Evolv Technologies,EVLV,994688896,5.53,United States
2016,"Sinclair, Inc.",SBGI,991555136,13.74,United States
2017,Abacus Global Management,ABX,988959680,10.31,United States
2018,Whitestone REIT,WSR,988012416,18.99,United States
2019,Securitize Corp.,SECZ,987578560,6.67,United States
2020,OPKO Health,OPK,985153344,1.32,United States
2021,Cricut,CRCT,984424640,4.69,United States
2022,Papa John's Pizza,PZZA,983770176,29.9,United States
2023,Global Medical REIT,GMRE,979776256,35.98,United States
2024,Red Violet,RDVT,978876928,69.38,United States
2025,Accel Entertainment,ACEL,978342656,12.02,United States
2026,Camden National Corporation,CAC,978125184,57.89,United States
2027,ZoomInfo,GTM,972569536,3.3,United States
2028,Digital Turbine,APPS,972535552,8.06,United States
2029,Centerspace,CSR,971937408,54.84,United States
2030,Mid Penn Bancorp,MPB,970795136,38.34,United States
2031,Unitil Corporation,UTL,970424384,53.94,United States
2032,Trustco Bank,TRST,970255424,56.98,United States
2033,Southside Bancshares,SBSI,967228096,32.51,United States
2034,Barrett Business Services,BBSI,958808704,39.04,United States
2035,First Financial,THFF,957892288,80.55,United States
2036,Daktronics,DAKT,954591360,19.77,United States
2037,Alpha &amp; Omega Semiconductor,AOSL,949964800,31.74,United States
2038,Ridgepost Capital,RPC,948679936,8.62,United States
2039,Heartland Express,HTLD,947698944,12.23,United States
2040,Hanmi Financial,HAFC,945251712,31.88,United States
2041,BlackSky Technology,BKSY,943243392,23.05,United States
2042,Koppers Holdings,KOP,942744128,49.02,United States
2043,Replimune,REPL,940185792,11.2,United States
2044,AEVEX Corp.,AVEX,939101568,16.63,United States
2045,"Strive Asset Management, LLC",ASST,934350720,11.11,United States
2046,Tronox,TROX,931620736,5.84,United States
2047,MFA Financial,MFA,930075072,9.11,United States
2048,Janux Therapeutics,JANX,925132608,15.17,United States
2049,Employers Holdings,EIG,922179584,50.55,United States
2050,ASA Gold and Precious Metals,ASA,919294720,48.93,United States
2051,Adaptive Biotechnologies,ADPT,916254080,22.9,United States
2052,WhiteFiber,WYFI,915156928,23.7,United States
2053,Lucky Strike Entertainment,LUCK,913760256,6.7,United States
2054,Diversified Energy,DEC.L,910200379,13.1744,United States
2055,CEVA,CEVA,909608384,32.65,United States
2056,Odyssey Therapeutics,ODTX,909232896,18.93,United States
2057,Grocery Outlet,GO,909099328,9.19,United States
2058,Ryerson,RYI,907088320,28.16,United States
2059,HighPeak Energy,HPK,903460480,7.15,United States
2060,Simply Good Foods,SMPL,900331520,10.18,United States
2061,ARKO Corp.,ARKO,896363904,7.99,United States
2062,SmartFinancial (SmartBank),SMBK,895959936,52.4,United States
2063,Oxford Lane Capital,OXLC,894470784,9.16,United States
2064,Marcus Corporation,MCS,894194496,29.1,United States
2065,Covenant Logistics,CVLG,894073536,35.52,United States
2066,Enovix,ENVX,892247616,4.09,United States
2067,Bioventus,BVS,892241792,13.17,United States
2068,EverQuote,EVER,892114112,25.22,United States
2069,QuinStreet,QNST,890403200,15.5,United States
2070,American Public Education,APEI,889842560,48.51,United States
2071,Heritage Insurance,HRTG,889133440,29.37,United States
2072,Capital City Bank Group,CCBG,887666624,51.87,United States
2073,N-Able,NABL,881610368,4.68,United States
2074,Amphastar Pharmaceuticals,AMPH,879212864,19.94,United States
2075,Beazer Homes USA,BZH,877415680,32.1,United States
2076,Sun Country Airlines,SNCY,876356672,16.17,United States
2077,Talkspace,TALK,874415552,5.22,United States
2078,Great Southern Bancorp,GSBC,874129664,80.31,United States
2079,Sana Biotechnology,SANA,871052672,3.13,United States
2080,National Presto Industries,NPK,870100928,121.42,United States
2081,Apollo Commercial Real Estate Finance,ARI,866870784,6.62,United States
2082,Postal Realty Trust,PSTL,865949504,23.04,United States
2083,Matthews International Corporation,MATW,865867648,27.75,United States
2084,Barings BDC,BBDC,863831744,8.25,United States
2085,HomeTrust Bancshares,HTB,860265856,51.19,United States
2086,LSI Industries,LYTS,858703104,23.39,United States
2087,Arbutus Biopharma,ABUS,857313728,4.34,United States
2088,Root Insurance,ROOT,856993984,54.15,United States
2089,Mama's Creations,MAMA,856945088,18.43,United States
2090,Omeros Corporation,OMER,856924160,11.84,United States
2091,Winnebago Industries,WGO,855982080,30.28,United States
2092,Limbach Holdings,LMB,854740480,71.7,United States
2093,NANO Nuclear Energy,NNE,854337472,15.91,United States
2094,Southern Missouri Bancorp,SMBC,852369984,77.41,United States
2095,Flotek Industries,FTK,851617984,23.54,United States
2096,Standard Motor Products,SMP,851125184,38.23,United States
2097,Movado Group,MOV,848635712,38.18,United States
2098,CrossAmerica Partners,CAPL,847407680,22.21,United States
2099,Nextdoor,NXDR,846680704,2.22,United States
2100,Eagle Bancorp,EGBN,846108800,27.75,United States
2101,South Plains Financial,SPFI,844745408,44.84,United States
2102,Orrstown Financial Services,ORRF,839550976,42.73,United States
2103,Metallus,MTUS,837551552,20.12,United States
2104,Annexon,ANNX,834777728,5.095,United States
2105,World Acceptance Corporation,WRLD,834376448,179.81,United States
2106,ASGN,ASGN,833931008,19.53,United States
2107,Alerus Financial,ALRS,831278080,33.27,United States
2108,Hippo Holdings,HIPO,829946048,31.45,United States
2109,Heritage Commerce,HTBK,828429632,13.45,United States
2110,Geron,GERN,827561984,1.29,United States
2111,Apogee Enterprises,APOG,826384384,39.6,United States
2112,Cantaloupe,CTLP,825815936,11.2,United States
2113,CTO Realty Growth,CTO,823555456,21.97,United States
2114,Backblaze,BLZE,823402112,13.72,United States
2115,Eastman Kodak Company,KODK,822417728,8.4,United States
2116,PennyMac Mortgage Investment Trust,PMT,822318272,9.43,United States
2117,Esperion Therapeutics,ESPR,819464832,3.18,United States
2118,Quanex Building Products,NX,819354880,17.84,United States
2119,HealthStream,HSTM,819193920,28.04,United States
2120,Sky Harbour Group,SKYH,818848960,10.7,United States
2121,Shore Bancshares,SHBI,818700224,24.5,United States
2122,Financial Institutions,FISI,816196864,41.46,United States
2123,Peapack-Gladstone Financial,PGC,814691008,45.98,United States
2124,PagerDuty,PD,810950720,10.58,United States
2125,Daily Journal,DJCO,808860544,587.1,United States
2126,"Eve Holding, Inc.",EVEX,808066624,2.32,United States
2127,Bain Capital Specialty Finance,BCSF,805666880,12.42,United States
2128,Verra Mobility,VRRM,803586176,5.29,United States
2129,Karat Packaging,KRT,803340608,40.24,United States
2130,Array Technologies,ARRY,802973696,5.22,United States
2131,Montrose Environmental,MEG,800798912,22.14,United States
2132,Kura Oncology,KURA,799857088,9.01,United States
2133,Transcat,TRNS,799046976,85.37,United States
2134,Petco,WOOF,796727040,2.79,United States
2135,Alight,ALIT,795322176,16.98,United States
2136,Solid Biosciences,SLDB,793503872,8.06,United States
2137,Westrock Coffee,WEST,792170624,8.12,United States
2138,First Watch Restaurant,FWRG,792136768,12.85,United States
2139,Navient,NAVI,788571264,8.39,United States
2140,SI-BONE,SIBN,787643264,17.76,United States
2141,Independent Bank Corporation,IBCP,787155200,38.2,United States
2142,LSB Industries,LXU,782694656,10.88,United States
2143,Peakstone Realty Trust,PKST,780562688,20.99,United States
2144,Viant Technology,DSP,772334720,11.77,United States
2145,Scholastic,SCHL,766763712,40.65,United States
2146,Sweetgreen,SG,766438336,6.45,United States
2147,Westlake Chemical Partners,WLKP,762720832,21.64,United States
2148,Design Therapeutics,DSGN,760726016,12.18,United States
2149,CryoPort,CYRX,760570880,15.09,United States
2150,MarineMax,HZO,759310464,34.47,United States
2151,MediaAlpha,MAX,758448000,12.38,United States
2152,Compass Diversified Holdings,CODI,758378560,10.08,United States
2153,Fox Factory Holding,FOXF,754850368,18.0,United States
2154,Mitek Systems,MITK,754152832,16.7,United States
2155,Golden Entertainment,GDEN,753686080,28.55,United States
2156,Grosvenor Capital Management,GCMG,753581888,12.48,United States
2157,SpyGlass Pharma,SGP,753253504,22.53,United States
2158,IperionX,IPX,751428224,20.75,United States
2159,United States Antimony Corporation,UAMY,751301120,5.07,United States
2160,Hudson Pacific Properties,HPP,746912704,13.77,United States
2161,ThredUp,TDUP,745856128,5.78,United States
2162,Summit Hotel Properties,INN,745551744,6.88,United States
2163,Riley Exploration Permian,REPX,743520128,34.27,United States
2164,Washington Trust Bancorp,WASH,743387584,38.98,United States
2165,Green Dot,GDOT,743110208,13.11,United States
2166,"TXO Partners, L.P.",TXO,741906880,13.43,United States
2167,Bloomin' Brands,BLMN,741419712,8.66,United States
2168,Park Aerospace,PKE,737366144,33.9,United States
2169,Donegal Group,DGICA,731359168,19.74,United States
2170,Sabre,SABR,731329600,1.85,United States
2171,ProFrac,ACDC,730919808,4.04,United States
2172,Third Coast Bancshares,TCBX,729459328,43.84,United States
2173,Aclaris Therapeutics,ACRS,726251136,5.2,United States
2174,Hovnanian Enterprises,HOV,726004096,123.9,United States
2175,Monopar Therapeutics,MNPR,725843328,108.35,United States
2176,Aura Biosciences,AURA,725089280,7.01,United States
2177,"Lincoln International, Inc.",LCLN,722505088,20.8,United States
2178,SunCoke Energy,SXC,719555072,8.48,United States
2179,Bright Minds Biosciences,DRUG,718831616,73.26,United States
2180,Cass Information Systems,CASS,714433920,55.92,United States
2181,XOMA Royalty,XOMA,710155008,40.17,United States
2182,Forum Energy Technologies,FET,708439552,62.67,United States
2183,Phathom Pharmaceuticals,PHAT,707883200,8.75,United States
2184,Enhabit,EHAB,706913408,13.8,United States
2185,Peoples Financial Services,PFIS,704365568,70.36,United States
2186,American Woodmark,AMWD,700651840,48.09,United States
2187,Janus International Group,JBI,699693376,5.13,United States
2188,PAR Technology,PAR,699123136,16.95,United States
2189,Midland States Bancorp,MSBI,697838144,33.67,United States
2190,Ironwood Pharmaceuticals,IRWD,696314688,4.23,United States
2191,GMR Solutions Inc.,GMRS,695670848,12.88,United States
2192,TCG BDC,CGBD,694276288,9.99,United States
2193,Kronos Worldwide,KRO,692619776,6.02,United States
2194,ADTRAN,ADTN,689293824,8.51,United States
2195,PennantPark Floating Rate Capital Ltd.,PFLT,688572224,6.94,United States
2196,Velocity Financial,VEL,688537664,17.54,United States
2197,SLR Investment,SLRC,686297280,12.58,United States
2198,California BanCorp,BCAL,683945472,21.3,United States
2199,indie Semiconductor,INDI,682462144,3.23,United States
2200,Bally's Corporation,BALY,681856768,13.93,United States
2201,"MNTN, Inc.",MNTN,681580096,9.22,United States
2202,Rigel Pharmaceuticals,RIGL,681061568,36.81,United States
2203,Community West Bancshares,CWBC,679169216,25.03,United States
2204,Nuvectis Pharma,NVCT,678429440,21.52,United States
2205,Udemy,UDMY,677283328,4.63,United States
2206,AH Realty Trust,AHRT,677010368,6.96,United States
2207,Cogent Communications,CCOI,676048448,13.5,United States
2208,Shattuck Labs,STTK,675242752,7.07,United States
2209,CytomX Therapeutics,CTMX,674878976,3.1,United States
2210,Reservoir Media,RSVR,673938688,10.24,United States
2211,American Bitcoin Corp,ABTC,673440000,5.52,United States
2212,CeriBell,CBLL,671206400,17.69,United States
2213,Hallador Energy Company,HNRG,670194176,14.22,United States
2214,Consensus Cloud Solutions,CCSI,669685440,36.4,United States
2215,Bar Harbor Bankshares,BHB,665301312,39.71,United States
2216,Shentel,SHEN,663822528,11.99,United States
2217,Phreesia,PHR,662838080,10.73,United States
2218,PRA Group,PRAA,662507264,17.37,United States
2219,Cars.com,CARS,662450880,11.85,United States
2220,Red River Bancshares,RRBI,662091200,100.55,United States
2221,Tiptree,TIPT,661749312,17.77,United States
2222,Arrow Financial,AROW,658516096,39.84,United States
2223,ACNB Corporation,ACNB,658472640,64.48,United States
2224,Neurogene,NGNE,656165824,32.89,United States
2225,Mayville Engineering Company,MEC,654431104,25.67,United States
2226,Chatham Lodging Trust,CLDT,654239936,13.33,United States
2227,Kopin Corporation,KOPN,652260480,3.52,United States
2228,LightPath Technologies,LPTH,651126144,10.37,United States
2229,Smith &amp; Wesson,SWBI,650778816,14.55,United States
2230,Village Super Market,VLGEA,650729024,43.94,United States
2231,Vitesse Energy,VTS,650713856,15.6,United States
2232,Allogene Therapeutics,ALLO,648890560,1.88,United States
2233,NETGEAR,NTGR,648452096,24.16,United States
2234,Armada Hoffler Properties,AHH,647902656,6.25,United States
2235,OTC Markets Group,OTCM,647316288,53.75,United States
2236,Rapid7,RPD,644915392,9.65,United States
2237,Helen of Troy,HELE,643559616,27.63,United States
2238,Gladstone Investment,GAIN,643124800,16.15,United States
2239,Gyre Therapeutics,GYRE,641060864,5.75,United States
2240,Carriage Services,CSV,640765888,40.37,United States
2241,Northfield Bancorp,NFBK,639406784,15.31,United States
2242,Cannae Holdings,CNNE,639334336,14.55,United States
2243,loanDepot,LDI,636379840,0.9812,United States
2244,Once Upon A Farm,OFRM,635653824,15.17,United States
2245,Tactile Medical,TCMD,635409856,28.17,United States
2246,Frequency Electronics,FEIM,635179264,57.97,United States
2247,Hyliion,HYLN,634844928,3.56,United States
2248,BrightSpire Capital,BRSP,633886144,5.01,United States
2249,KinderCare Learning Companies,KLC,633591360,5.35,United States
2250,Franklin BSP Realty Trust,FBRT,630314752,7.59,United States
2251,Latham Group,SWIM,629326144,5.36,United States
2252,Hingham Institution for Savings,HIFS,626611712,285.18,United States
2253,Granite Ridge Resources,GRNT,626505984,4.75,United States
2254,Legacy Housing Corporation,LEGH,624504832,26.26,United States
2255,Enviri Corporation,NVRI,623568768,22.18,United States
2256,Forge Global,FRGE,623007296,45.0,United States
2257,REGENXBIO,RGNX,620356160,9.69,United States
2258,NioCorp Developments,NB,619472896,4.255,United States
2259,TPG Real Estate Finance Trust,TRTX,616146432,7.97,United States
2260,AngioDynamics,ANGO,611306048,14.79,United States
2261,Gladstone Commercial,GOOD,610321088,12.5,United States
2262,Dakota Gold,DC,608033536,4.54,United States
2263,WhiteHawk Minerals Corp,WHK,608029568,26.44,United States
2264,Northpointe Bancshares,NPB,605182208,17.5,United States
2265,Civista Bancshares,CIVB,603964096,29.06,United States
2266,Rayonier Advanced Materials,RYAM,603575040,8.95,United States
2267,Kearny Financial,KRNY,603526208,9.59,United States
2268,Universal Health Realty Income Trust,UHT,603479296,43.42,United States
2269,MiMedx Group,MDXG,601990720,4.13,United States
2270,Hyster-Yale Materials Handling,HY,598928640,33.43,United States
2271,Ramaco Resources,METC,598902272,9.17,United States
2272,Ooma,OOMA,597577408,21.75,United States
2273,Kimball Electronics,KE,594729856,24.73,United States
2274,"Sturm, Ruger &amp; Co",RGR,593911744,37.17,United States
2275,Insteel Industries,IIIN,593330304,30.65,United States
2276,Immix Biopharma,IMMX,592300352,8.32,United States
2277,NerdWallet,NRDS,592189056,9.0,United States
2278,Unity Bancorp,UNTY,591308736,58.89,United States
2279,Southern First Bancshares,SFST,590803200,62.4,United States
2280,CorMedix,CRMD,590742720,7.53,United States
2281,MapLight Therapeutics,MPLT,590400704,13.02,United States
2282,Northrim BanCorp,NRIM,589708736,26.51,United States
2283,i3 Verticals,IIIV,588237696,21.06,United States
2284,First Business Financial Services,FBIZ,587107648,70.21,United States
2285,PubMatic,PUBM,585185920,12.6,United States
2286,MasterCraft Boat,MCFT,579396672,23.92,United States
2287,Contineum Therapeutics,CTNM,579114944,15.49,United States
2288,Beta Bionics,BBNX,577217664,12.83,United States
2289,Grid Dynamics,GDYN,576183488,6.89,United States
2290,ParkOhio Holdings Corp.,PKOH,574918912,39.93,United States
2291,Industrial Logistics Properties Trust,ILPT,574681984,8.61,United States
2292,Redwood Trust,RWT,574024000,4.57,United States
2293,OneSpan,OSPN,573887680,15.48,United States
2294,DoubleDown Interactive,DDI,573828800,11.58,United States
2295,Miller Industries,MLR,573204480,50.3,United States
2296,Bridgewater Bancshares,BWB,571060672,20.48,United States
2297,Vaalco Energy,EGY,570374784,5.33,United States
2298,Ethan Allen,ETD,569998016,22.4,United States
2299,Greene County Bancorp,GCBC,569672704,33.46,United States
2300,"Deep Fission, Inc.",FISN,567736448,9.41,United States
2301,Oxford Industries,OXM,566180928,37.92,United States
2302,Gogo Inflight Internet,GOGO,565297024,4.18,United States
2303,BitGo,BTGO,563562752,4.86,United States
2304,Envela Corporation,ELA,562888192,21.68,United States
2305,NVE Corporation,NVEC,562417408,116.27,United States
2306,Zevra Therapeutics,ZVRA,562184448,9.51,United States
2307,Home Bancorp,HBCP,561313024,71.34,United States
2308,Kura Sushi USA,KRUS,559742912,46.07,United States
2309,Ibotta,IBTA,558599232,24.0,United States
2310,Relmada Therapeutics,RLMD,557482816,5.31,United States
2311,Mesa Laboratories,MLAB,556968256,100.81,United States
2312,TaskUs,TASK,555879744,6.07,United States
2313,"Citi Trends, Inc.",CTRN,555350976,66.67,United States
2314,Columbus McKinnon,CMCO,552717120,19.17,United States
2315,Altimmune,ALT,552306624,2.84,United States
2316,Krispy Kreme,DNUT,548232000,3.18,United States
2317,EagleRock Land,EROK,547562816,22.39,United States
2318,Yext,YEXT,547354688,5.46,United States
2319,Investors Title Company,ITIC,546178368,289.29,United States
2320,AlTi Global,ALTI,545824192,3.6,United States
2321,Vital Farms,VITL,545460800,12.73,United States
2322,Cytek Biosciences,CTKB,544981696,4.22,United States
2323,Bankwell Financial Group,BWFG,543372224,68.15,United States
2324,AMERISAFE,AMSF,543157568,29.04,United States
2325,iHeartMedia,IHRT,542637120,3.59,United States
2326,Malibu Boats,MBUU,541393216,27.57,United States
2327,AdvanSix,ASIX,540798272,20.06,United States
2328,Olympic Steel,ZEUS,538983936,47.86,United States
2329,Stitch Fix,SFIX,536371936,4.02,United States
2330,Quad,QUAD,535703488,10.39,United States
2331,Priority Technology Holdings,PRTH,535308608,6.5,United States
2332,W&amp;T Offshore,WTI,534111904,3.59,United States
2333,4D Molecular Therapeutics,FDMT,532172288,10.18,United States
2334,Satellogic,SATL,530713856,3.58,United States
2335,One Liberty Properties,OLP,530430784,24.31,United States
2336,GAMCO Investors,GAMI,529783360,24.6,United States
2337,Tectonic Therapeutic,TECX,528903296,28.03,United States
2338,Ginkgo Bioworks,DNA,528475136,8.09,United States
2339,Sierra Bancorp,BSRR,528388032,40.76,United States
2340,Brandywine Realty Trust,BDN,528084000,3.04,United States
2341,Prime Medicine,PRME,527402976,2.92,United States
2342,PowerFleet,AIOT,526165632,3.92,United States
2343,Flushing Financial Corp,FFIC,524179680,15.47,United States
2344,Cooper Standard,CPS,523248192,29.47,United States
2345,Community Healthcare Trust,CHCT,523149504,18.31,United States
2346,Advantage Solutions,ADV,521706816,39.24,United States
2347,Weave Communications,WEAV,520359232,6.54,United States
2348,OrthoPediatrics,KIDS,518580032,20.19,United States
2349,Arvinas,ARVN,518105216,8.03,United States
2350,Veradigm,MDRX,516615808,4.74,United States
2351,Energy Vault,NRGV,516531872,2.85,United States
2352,Contango Ore,CTGO,515861792,15.4,United States
2353,Sprout Social,SPT,515705504,8.58,United States
2354,Zura Bio,ZURA,515202240,5.43,United States
2355,American Coastal Insurance Corporation,ACIC,514688192,10.62,United States
2356,Kelly Services,KELYA,514490816,14.84,United States
2357,SandRidge Energy,SD,513902176,13.92,United States
2358,Orange County Bancorp,OBT,512852320,38.25,United States
2359,Wabash National,WNC,511658912,12.56,United States
2360,Eagle Point Credit Company,ECC,511647904,3.87,United States
2361,Verastem Oncology,VSTM,509667136,5.8,United States
2362,ARS Pharmaceuticals,SPRY,509425760,5.13,United States
2363,ASP Isotopes,ASPI,503613792,4.0,United States
2364,York Water,YORW,502003232,30.97,United States
2365,El Pollo Loco,LOCO,501294176,16.46,United States
2366,Paysign,PAYS,500915712,8.96,United States
2367,Hertz,HTZ,500486752,1.585,United States
2368,RE/MAX Holdings,RMAX,499298048,9.06,United States
2369,Eikon Therapeutics,EIKN,498616768,9.21,United States
2370,Pangaea Logistics Solutions,PANL,497807584,7.61,United States
2371,The Manitowoc Company,MTW,497347744,13.85,United States
2372,Methode Electronics,MEI,496250592,13.99,United States
2373,EVgo,EVGO,495897792,1.58,United States
2374,"ERock, Inc.",EROC,494265504,10.26,United States
2375,Gemini Space Station,GEMI,493087904,3.9,United States
2376,AMC Networks,AMCX,491990368,11.2,United States
2377,Johnson Outdoors,JOUT,491367808,46.91,United States
2378,Artiva Biotherapeutics,ARTV,490740832,10.1,United States
2379,First Foundation,FFWM,489265120,5.9,United States
2380,Oil States International,OIS,488168576,8.11,United States
2381,Ponce Financial Group,PDLB,488111840,20.18,United States
2382,The Oncology Institute,TOI,485917088,4.86,United States
2383,Ur-Energy,URG,484744864,1.22,United States
2384,MISTRAS Group,MG,483931712,15.21,United States
2385,Mativ Holdings,MATV,481175136,8.73,United States
2386,Bed Bath &amp; Beyond,BBBY,481084576,5.05,United States
2387,Bank7,BSVN,478632192,50.28,United States
2388,West Bancorporation,WTBA,478076992,28.05,United States
2389,Orthofix Medical,OFIX,476975488,11.8,United States
2390,Diamond Hill Investment Group,DHIL,473290400,174.99,United States
2391,Shoe Carnival,SCVL,473247296,17.43,United States
2392,IBEX,IBEX,473171360,35.34,United States
2393,Bank of Marin Bancorp,BMRC,472001568,29.16,United States
2394,Magnera,MAGN,471700000,13.25,United States
2395,Varex Imaging,VREX,471619136,11.19,United States
2396,Shoulder Innovations,SI,471587264,22.74,United States
2397,Fulgent Genetics,FLGT,470030304,16.55,United States
2398,Commercial Bancgroup,CBK,469131520,34.24,United States
2399,Zion Oil &amp; Gas,ZNOG,467592128,0.395,United States
2400,Calavo Growers,CVGW,466334752,26.09,United States
2401,Titan International,TWI,465995776,7.22,United States
2402,Q32 Bio,QTTB,465834208,15.68,United States
2403,ProKidney,PROK,465171808,1.54,United States
2404,Aquestive Therapeutics,AQST,463600512,3.695,United States
2405,Solid Power,SLDP,463466400,2.06,United States
2406,Bit Digital,BTBT,462953984,1.31,United States
2407,Farmers &amp; Merchants Bancorp,FMAO,459306752,33.36,United States
2408,Tejon Ranch,TRC,456985472,16.93,United States
2409,Intrepid Potash,IPI,456185696,33.96,United States
2410,Dine Brands Global,DIN,455905184,35.94,United States
2411,Citizens &amp; Northern Corp,CZNC,455550016,25.39,United States
2412,Lifeway Foods,LWAY,455094624,29.78,United States
2413,Rezolute,RZLT,454499776,4.72,United States
2414,Eventbrite,EB,452958144,4.51,United States
2415,RBB Bancorp,RBB,447918720,26.37,United States
2416,KKR Real Estate Finance Trust,KREF,447530912,6.96,United States
2417,Viemed Healthcare,VMD,447390464,11.67,United States
2418,LendingTree,TREE,447130880,31.86,United States
2419,Energy Recovery,ERII,445866464,8.65,United States
2420,WideOpenWest,WOW,445855520,5.2,United States
2421,Rimini Street,RMNI,445213600,4.81,United States
2422,Forward Air,FWRD,444331904,14.05,United States
2423,Kyverna Therapeutics,KYTX,443805056,7.3,United States
2424,Idaho Strategic Resources,IDR,443782752,28.07,United States
2425,Spire Global,SPIR,443634336,11.46,United States
2426,Andersen Group,ANDG,440472992,34.82,United States
2427,NRC Health,NRC,439690944,19.51,United States
2428,NeuroPace,NPCE,439468384,12.89,United States
2429,Sagimet Biosciences,SGMT,439055360,7.11,United States
2430,Ranpak,PACK,437989728,5.12,United States
2431,Cabaletta Bio,CABA,436986880,2.68,United States
2432,Pacific Biosciences,PACB,434842368,1.4,United States
2433,Strata Critical Medical,SRTA,434363360,5.02,United States
2434,Bumble,BMBL,432286880,2.85,United States
2435,Pioneer Bancorp,PBFS,431822464,17.22,United States
2436,Caleres,CAL,431292320,12.84,United States
2437,3D Systems,DDD,431218912,2.64,United States
2438,Blend Labs,BLND,430967648,1.78,United States
2439,Barnes &amp; Noble Education,BNED,430963520,12.44,United States
2440,Cerus Corporation,CERS,430793312,2.15,United States
2441,Marqeta,MQ,430390752,4.06,United States
2442,L.B. Foster,FSTR,430165504,41.13,United States
2443,NewtekOne,NEWT,428455744,14.83,United States
2444,Boston Omaha,BOC,428445824,14.18,United States
2445,Cross Country Healthcare,CCRN,428060928,13.25,United States
2446,Acacia Research,ACTG,427889856,4.43,United States
2447,FRP Holdings,FRPH,427880544,22.32,United States
2448,Clean Energy Fuels,CLNE,427235808,1.94,United States
2449,Plumas Bancorp,PLBC,426962848,61.31,United States
2450,Summit Midstream,SMC,425756288,30.82,United States
2451,Build-A-Bear Workshop,BBW,425270048,33.92,United States
2452,Genesco,GCO,424508512,38.22,United States
2453,PureTech Health,PRTC,424034496,17.42,United States
2454,Bluelinx,BXC,421961472,54.22,United States
2455,Gladstone Capital Corporation,GLAD,421812576,18.67,United States
2456,Quantum Corporation,QMCO,418944704,10.64,United States
2457,Paysafe,PSFE,417544928,8.08,United States
2458,The Elmet Group,ELMT,417019904,13.91,United States
2459,Ocugen,OCGN,416381888,1.23,United States
2460,Gray Media,GTN,415063360,4.04,United States
2461,Investar Holding,ISTR,414974848,30.12,United States
2462,Ovid Therapeutics,OVID,414341024,2.22,United States
2463,Star Group,SGU,411737504,12.54,United States
2464,Clearfield,CLFD,411217056,30.26,United States
2465,OPAL Fuels,OPAL,410677952,2.35,United States
2466,Farmland Partners,FPI,410667456,9.35,United States
2467,"Suja Life, Inc.",SUJA,409038880,10.59,United States
2468,USANA,USNA,408217216,22.11,United States
2469,Serve Robotics,SERV,406731328,4.78,United States
2470,Evommune,EVMN,405206688,11.25,United States
2471,Parke Bancorp,PKBK,404424704,34.15,United States
2472,Puma Biotechnology,PBYI,403632672,7.93,United States
2473,Benitec Biopharma,BNTC,402289280,11.71,United States
2474,BioAge Labs,BIOA,401852736,9.04,United States
2475,The Honest Company,HNST,401786944,3.65,United States
2476,Nathan's Famous,NATH,401702080,98.11,United States
2477,Sutro Biopharma,STRO,400507520,24.17,United States
2478,Aimco,AIV,400169344,2.69,United States
2479,Swarmer,SWMR,399230752,36.77,United States
2480,Primis Financial,FRST,398555488,16.02,United States
2481,Larimar Therapeutics,LRMR,396832800,3.82,United States
2482,Havertys,HVT,396589504,24.64,United States
2483,Orion Group Holdings,ORN,396043904,9.78,United States
2484,Editas Medicine,EDIT,395931520,2.58,United States
2485,Titan Machinery,TITN,395904032,16.99,United States
2486,First Bancorp,FNLC,395885056,35.1,United States
2487,MVB Financial,MVBF,393849472,30.65,United States
2488,TruBridge,TBRG,393577312,26.24,United States
2489,Community Health Systems,CYH,393416096,2.79,United States
2490,Camping World,CWH,393187456,6.19,United States
2491,PCB Bancorp,PCB,391611456,27.87,United States
2492,NexPoint Real Estate Finance,NREF,390658944,16.96,United States
2493,Acco Brands,ACCO,389327872,4.22,United States
2494,Claritev,CTEV,387155264,22.71,United States
2495,Radiant Logistics,RLGT,385892896,8.24,United States
2496,Xerox,XRX,385799840,2.95,United States
2497,Cerence,CRNC,385000160,8.52,United States
2498,C4 Therapeutics,CCCC,384773952,3.48,United States
2499,Evolus,EOLS,384591776,5.84,United States
2500,SCYNEXIS,SCYX,384502336,4.84,United States
2501,Aspen Aerogels,ASPN,383722624,4.63,United States
2502,Monro,MNRO,382774240,12.25,United States
2503,Orion Engineered Carbons,OEC,380623360,6.75,United States
2504,Valhi,VHI,380382784,13.44,United States
2505,MGP Ingredients,MGPI,379029152,17.7,United States
2506,First Carolina Financial Services,FCBM,378374368,12.51,United States
2507,Dave & Buster's,PLAY,377109472,10.84,United States
2508,Ribbon Communications,RBBN,376937632,2.14,United States
2509,Atea Pharmaceuticals,AVIR,376127328,4.7,United States
2510,National CineMedia,NCMI,376058976,4.01,United States
2511,Ranger Energy Services,RNGR,375602464,16.05,United States
2512,X4 Pharmaceuticals,XFOR,375392384,3.98,United States
2513,Emergent BioSolutions,EBS,372525248,7.22,United States
2514,Xperi,XPER,372172928,7.71,United States
2515,Weyco Group,WEYS,371755872,39.0,United States
2516,"Mobia Medical, Inc.",MOBI,371723904,11.18,United States
2517,Open Lending,LPRO,371532640,3.14,United States
2518,LiveWire Group,LVWR,370618880,1.81,United States
2519,Waterstone Financial,WSBF,370449248,20.52,United States
2520,Lands' End,LE,369505248,12.02,United States
2521,Alto Ingredients,ALTO,368833600,4.76,United States
2522,Simulations Plus,SLP,368698784,18.23,United States
2523,Genie Energy,GNE,367275456,13.91,United States
2524,Strattec Security,STRT,367274656,87.89,United States
2525,Enanta Pharmaceuticals,ENTA,366387584,12.6,United States
2526,Prelude Therapeutics,PRLD,366368384,4.6,United States
2527,ATN International,ATNI,366218112,23.81,United States
2528,Abeona Therapeutics,ABEO,365908832,6.42,United States
2529,Rocky Brands,RCKY,365708992,48.84,United States
2530,"Merlin, Inc.",MRLN,363895648,3.77,United States
2531,Southern States Bancshares,SSBK,361068608,36.37,United States
2532,Gevo,GEVO,360248768,1.48,United States
2533,Alpine Income Property Trust,PINE,358166016,20.18,United States
2534,NACCO Industries,NC,357424928,47.4,United States
2535,International Money Express,IMXI,356920672,11.86,United States
2536,Presidio Production Company,FTW,356435616,11.39,United States
2537,M-tron Industries,MPTI,356000448,82.38,United States
2538,Artesian Resources,ARTNA,354644416,34.35,United States
2539,Nature's Sunshine Products,NATR,354335168,20.15,United States
2540,Akebia Therapeutics,AKBA,354100896,1.32,United States
2541,Universal Logistics Holdings,ULH,352826496,13.38,United States
2542,Transcontinental Realty Investors,TCI,352397760,40.79,United States
2543,Repay Holdings,RPAY,352347328,4.0,United States
2544,Perma-Fix Environmental Services,PESI,351978976,16.6,United States
2545,AIAI Holdings Corporation,AIAI,350866816,4.99,United States
2546,Gladstone Land,LAND,349837600,8.11,United States
2547,CompX International,CIX,348865728,28.31,United States
2548,"TWFG, Inc.",TWFG,348322592,26.8,United States
2549,Timberland Bancorp,TSBK,348314240,44.83,United States
2550,ON24,ONTF,348249024,8.1,United States
2551,Evolent Health,EVH,347566464,3.09,United States
2552,Civeo,CVEO,344823264,31.51,United States
2553,Maui Land &amp; Pineapple Company,MLP,344452256,17.34,United States
2554,Compass Therapeutics,CMPX,343967936,1.91,United States
2555,Upstream Bio,UPB,343390112,6.31,United States
2556,Everspin Technologies,MRAM,340693280,14.53,United States
2557,Verano Holdings,VRNOF,340106912,0.94,United States
2558,Standard BioTools,LAB,339789792,0.868,United States
2559,Rocket Pharmaceuticals,RCKT,339591936,3.11,United States
2560,AirSculpt Technologies,AIRS,339324704,4.81,United States
2561,Clearwater Paper,CLW,339114080,21.03,United States
2562,Zentalis Pharmaceuticals,ZNTL,337423296,4.74,United States
2563,Telos,TLS,332197152,4.44,United States
2564,Zumiez,ZUMZ,331876480,19.67,United States
2565,Perspective Therapeutics,CATX,331874464,2.91,United States
2566,Portillo's,PTLO,330780992,4.57,United States
2567,BayCom (United Business Bank),BCML,329243200,30.18,United States
2568,Twin Disc,TWIN,328984672,22.81,United States
2569,CapsoVision,CV,328760384,6.58,United States
2570,908 Devices,MASS,328627904,8.01,United States
2571,Virgin Galactic,SPCE,327770048,2.55,United States
2572,John Marshall Bancorp,JMSB,327403584,23.2,United States
2573,CoastalSouth Bancshares,COSO,327322912,27.27,United States
2574,Innovative Aerosystems,ISSC,327258368,18.29,United States
2575,SuRo Capital,SSSS,326920416,12.54,United States
2576,Matrix Service Company,MTRX,326352672,11.6,United States
2577,Public Policy Holding Company,PPHC,325578528,10.85,United States
2578,Funko,FNKO,325544768,5.83,United States
2579,The RMR Group,RMR,325457984,19.04,United States
2580,TechTarget,TTGT,324624480,4.49,United States
2581,Lexeo Therapeutics,LXEO,324294336,4.13,United States
2582,Holley,HLLY,321387488,2.67,United States
2583,ZipRecruiter,ZIP,321198848,3.94,United States
2584,Value Line,VALU,320949664,34.19,United States
2585,Bakkt Holdings,BKKT,320548640,7.17,United States
2586,Xponential Fitness,XPOF,320166720,6.52,United States
2587,Richtech Robotics,RR,317506272,1.42,United States
2588,Nano Dimension,NNDM,315760352,1.5,United States
2589,Scribe Therapeutics,SCTX,315225536,19.48,United States
2590,Ring Energy,REI,314778496,1.24,United States
2591,Agenus,AGEN,312318240,7.5,United States
2592,Jack in the Box,JACK,312235104,16.37,United States
2593,Saratoga Investment,SAR,311532480,19.1,United States
2594,Hamilton Beach Brands,HBB,311416320,22.99,United States
2595,Sanara MedTech,SMTI,311277056,33.86,United States
2596,NI Holdings,NODK,310293760,15.15,United States
2597,Onity Group,ONIT,309122144,36.66,United States
2598,Designer Brands,DBI,306693568,6.04,United States
2599,Vanda Pharmaceuticals,VNDA,306691360,5.1,United States
2600,Organogenesis,ORGO,304958656,2.37,United States
2601,First Western Financial,MYFW,304183776,31.15,United States
2602,One Stop Systems,OSS,302925056,12.23,United States
2603,Lyell Immunopharma,LYEL,301943104,12.94,United States
2604,Flexsteel Industries,FLXS,301721184,74.03,United States
2605,Regional Management Corp.,RM,301401792,32.27,United States
2606,Jakks Pacific,JAKK,301331328,26.33,United States
2607,Movano,MOVE,299018752,10.82,United States
2608,Chain Bridge Bancorp,CBNA,298825152,45.54,United States
2609,Optimum Communications,OPTU,298418848,0.7622,United States
2610,Neumora Therapeutics,NMRA,298307616,1.61,United States
2611,PrimeEnergy Resources,PNRG,297873824,184.1,United States
2612,Omega Flex,OFLX,297378720,29.46,United States
2613,CION Investment Corporation,CION,296743680,5.96,United States
2614,Aeluma,ALMU,296546464,16.2,United States
2615,Horizon Technology Finance,HRZN,294888000,4.32,United States
2616,AerSale,ASLE,292967520,6.2,United States
2617,Fossil Group,FOSL,292552896,4.95,United States
2618,Beyond Meat,BYND,291683776,0.566,United States
2619,Kingstone Companies,KINS,289262272,19.97,United States
2620,B. Riley Financial,RILY,287794016,7.16,United States
2621,OmniAb,OABI,287045696,1.98,United States
2622,B&amp;G Foods,BGS,286519520,3.53,United States
2623,Sight Sciences,SGHT,286196320,5.26,United States
2624,Fate Therapeutics,FATE,285570016,2.45,United States
2625,American Battery Technology Company,ABAT,285106112,2.09,United States
2626,Gloo Holdings,GLOO,282858496,3.23,United States
2627,LCNB Corp.,LCNB,282373536,19.81,United States
2628,Princeton Bancorp,BPRN,280891840,41.24,United States
2629,NL Industries,NL,280678720,5.74,United States
2630,BRT Apartments,BRT,280640800,14.91,United States
2631,Alico,ALCO,280040480,37.76,United States
2632,Marine Products Corporation,MPX,280037408,8.18,United States
2633,Treace Medical Concepts,TMCI,279602528,4.31,United States
2634,OraSure Technologies,OSUR,278836640,4.05,United States
2635,TriSalus Life Sciences,TLSI,278831072,4.54,United States
2636,Newegg,NEGG,278527072,13.28,United States
2637,"TSS, Inc.",TSSI,278493632,9.92,United States
2638,Alliance Entertainment,AENT,275679360,5.41,United States
2639,Middlefield Banc,MBCN,273627936,33.67,United States
2640,Escalade Sports,ESCA,273394240,19.86,United States
2641,J.Jill,JILL,272414784,18.22,United States
2642,Ames National Corp.,ATLO,270942368,30.59,United States
2643,Niagen Bioscience,NAGE,270790720,3.4,United States
2644,Lightbridge Corporation,LTBR,270638560,8.24,United States
2645,Duos Technologies Group,DUOT,270467616,8.61,United States
2646,Myriad Genetics,MYGN,270121856,2.86,United States
2647,The Hackett Group,HCKT,270024896,10.72,United States
2648,8x8,EGHT,269386400,1.9,United States
2649,Lineage Cell Therapeutics,LCTX,269242176,1.08,United States
2650,Hawthorn Bancshares,HWBK,269057440,38.99,United States
2651,Microvast,MVST,268891328,0.8071,United States
2652,C&amp;F Financial Corporation,CFFI,268442848,82.59,United States
2653,Amtech Systems,ASYS,268206096,15.34,United States
2654,Richardson Electronics,RELL,267472976,18.29,United States
2655,Immuneering,IMRX,267200272,4.13,United States
2656,Foghorn Therapeutics,FHTX,265974064,4.53,United States
2657,Aviat Networks,AVNW,265000192,20.48,United States
2658,Tredegar,TG,264877920,7.59,United States
2659,Entrada Therapeutics,TRDA,263591984,6.79,United States
2660,Syntec Optics,OPTX,263027632,6.53,United States
2661,Senseonics Holdings,SENS,262580912,5.03,United States
2662,Slam Corp,SLMWF,261266432,11.14,United States
2663,FreightCar America,RAIL,261222800,7.97,United States
2664,ALX Oncology,ALXO,261052064,1.94,United States
2665,Eledon Pharmaceuticals,ELDN,260894848,3.38,United States
2666,MBIA,MBI,260782272,5.12,United States
2667,Silvaco Group,SVCO,260710640,7.78,United States
2668,fuboTV,FUBO,260577264,8.85,United States
2669,Western New England Bancorp,WNEB,259193136,12.93,United States
2670,National Bankshares,NKSH,258557440,40.6,United States
2671,Commerce.com,CMRC,258263328,3.13,United States
2672,Ready Capital,RC,258170864,1.43,United States
2673,Anika Therapeutics,ANIK,258023600,19.28,United States
2674,E. W. Scripps Company,SSP,257229712,2.81,United States
2675,First Internet Bancorp,INBK,256792848,29.46,United States
2676,SEACOR Marine,SMHI,255862560,9.43,United States
2677,"NN, Inc.",NNBR,255147056,3.31,United States
2678,Anavex Life Sciences,AVXL,254847344,2.75,United States
2679,Oportun Financial,OPRT,254563168,5.54,United States
2680,Hudson Technologies,HDSN,254095472,6.04,United States
2681,Torrid Holding,CURV,253776976,2.55,United States
2682,Motorcar Parts of America,MPAA,253704976,13.4,United States
2683,Pure Cycle (water),PCYO,253263360,10.51,United States
2684,Nu Skin,NUS,251977328,5.19,United States
2685,HMH Holding,HMH,251782960,20.79,United States
2686,Cadiz Inc.,CDZI,251418000,2.99,United States
2687,OpGen,OPGN,251197920,24.75,United States
2688,Vista Gold,VGZ,251070720,1.72,United States
2689,Richmond Mutual Bancorporation,RMBI,250935440,15.65,United States
2690,Immersion Corporation,IMMR,250930768,7.56,United States
2691,CS Disco,LAW,250124192,3.9,United States
2692,"1-800-Flowers.com, Inc.",FLWS,249984096,3.9,United States
2693,Claros Mortgage Trust,CMTG,249719040,1.77,United States
2694,Turn Therapeutics,TTRX,249028000,8.36,United States
2695,Huuuge,HUG.WA,248889833,6.05217,United States
2696,RxSight,RXST,248793616,6.01,United States
2697,Outdoor Holding Company,POWW,248589888,2.14,United States
2698,Virginia National Bankshares,VABK,248323968,45.795,United States
2699,Palladyne AI,PDYN,247087296,5.23,United States
2700,Infinity Natural Resources,INR,246771152,13.16,United States
2701,American Realty Investors,ARL,245834096,15.22,United States
2702,Conduent,CNDT,243502016,1.57,United States
2703,Montauk Renewables,MNTK,243403344,1.71,United States
2704,Turtle Beach Corp,TBCH,243130896,12.25,United States
2705,Octave Specialty Group,OSG,243073408,5.4,United States
2706,Third Harmonic Bio,THRD,242787568,5.38,United States
2707,Franklin Covey,FC,242253584,21.45,United States
2708,CPI Card Group,PMTS,241791056,21.07,United States
2709,Cresco Labs,CRLBF,240824320,0.65,United States
2710,Lantronix,LTRX,239994256,5.38,United States
2711,Friedman Industries,FRD,239825296,33.25,United States
2712,Citizens Inc,CIA,239118352,4.73,United States
2713,Fulcrum Therapeutics,FULC,238547280,3.58,United States
2714,RideNow Group,RDNW,238468736,6.18,United States
2715,Orchestra BioMed,OBIO,238325248,3.98,United States
2716,Accendra Health,ACH,236643632,3.09,United States
2717,Ares Commercial Real Estate,ACRE,236349552,4.26,United States
2718,LoveSac,LOVE,235532144,16.09,United States
2719,Limoneira,LMNR,235172144,12.97,United States
2720,MacroGenics,MGNX,234547936,3.69,United States
2721,SIGA Technologies,SIGA,234537792,3.27,United States
2722,NexPoint Diversified Real Estate Trust,NXDT,233791472,4.52,United States
2723,Quicklogic,QUIK,232361632,13.11,United States
2724,OP Bancorp (Open Bank),OPBK,232350128,15.6,United States
2725,Runway Growth Finance,RWAY,231856416,5.46,United States
2726,Asure Software,ASUR,230313504,8.03,United States
2727,Angi Inc.,ANGI,229340256,5.67,United States
2728,Cartesian Therapeutics,RNAC,229175808,7.8,United States
2729,Peoples Bancorp of North Carolina,PEBK,228817056,43.0,United States
2730,Spok Holdings,SPOK,227874656,10.9,United States
2731,Cable One,CABO,226857408,39.99,United States
2732,Service Properties Trust,SVC,225228016,1.74,United States
2733,"AstroNova, Inc.",ALOT,224979888,28.95,United States
2734,SITE Centers,SITC,224592464,4.28,United States
2735,Utah Medical Products,UTMD,224537440,70.52,United States
2736,Forrester Research,FORR,223238000,11.5,United States
2737,Crexendo,CXDO,223017760,6.88,United States
2738,Capricor Therapeutics,CAPR,222960784,3.85,United States
2739,RGC Resources,RGCO,222713136,21.4,United States
2740,Conexeu Sciences,CNXU,222361728,8.31,United States
2741,"QumulusAI, Inc.",QMLS,222187232,6.76,United States
2742,Waldencast,WALD,221889584,1.73,United States
2743,TPG Mortgage Investment Trust,MITT,221670224,6.97,United States
2744,Chaince Digital Holdings,CD,221648192,2.79,United States
2745,Angel Oak Mortgage REIT,AOMR,220494640,8.85,United States
2746,Protara Therapeutics,TARA,220320608,3.92,United States
2747,Biodesix,BDSX,219543152,21.2,United States
2748,Coherus BioSciences,CHRS,217492352,1.41,United States
2749,FutureFuel,FF,217124352,4.95,United States
2750,Stellus Capital Investment Corporation,SCM,217104400,7.5,United States
2751,Acme United,ACU,216657008,56.86,United States
2752,CARGO Therapeutics,CRGX,216188416,4.47,United States
2753,Embecta,EMBC,215952752,3.64,United States
2754,TrueBlue,TBI,215260976,7.08,United States
2755,PennantPark Investment,PNNT,214824160,3.29,United States
2756,U.S. Gold Corp,USAU,214185088,12.98,United States
2757,Alta Equipment Group,ALTG,214083856,6.58,United States
2758,Chicago Atlantic BDC,LIEN,211509040,9.24,United States
2759,Unisys,UIS,209237824,2.87,United States
2760,Gencor Industries,GENC,208725680,14.24,United States
2761,Wheels Up,UP,208496608,5.75,United States
2762,Chicago Atlantic Real Estate Finance,REFI,208028464,9.76,United States
2763,Comstock Inc.,LODE,208001856,2.74,United States
2764,Modiv Industrial,MDV,206402400,17.32,United States
2765,Kaltura,KLTR,206013392,1.37,United States
2766,Global Water Resources,GWRS,205947616,7.16,United States
2767,OneWater Marine,ONEW,203564880,12.25,United States
2768,SES AI,SES,203253568,0.5504,United States
2769,Core Molding Technologies,CMT,201751312,23.56,United States
2770,RCM Technologies,RCMT,200508608,28.29,United States
2771,Atomera,ATOM,199777136,5.16,United States
2772,Keros Therapeutics,KROS,199303776,10.07,United States
2773,Information Services Group,III,199011360,4.16,United States
2774,Shutterstock,SSTK,198385296,5.4,United States
2775,Greenwich LifeSciences,GLSI,198155808,13.5,United States
2776,Ohio Valley Banc Corp,OVBC,198144752,42.06,United States
2777,Rare Earths Americas,REA,197878368,9.94,United States
2778,Perma-Pipe International,PPIH,196235968,24.15,United States
2779,Galectin Therapeutics,GALT,195594976,2.97,United States
2780,Stoneridge,SRI,195105536,6.91,United States
2781,SmartRent,SMRT,194766448,1.01,United States
2782,Vuzix,VUZI,193758736,2.33,United States
2783,AN2 Therapeutics,ANTX,192686448,5.35,United States
2784,Soluna Holdings,SLNH,192451776,1.22,United States
2785,SWK Holdings,SWKH,192326064,15.9,United States
2786,RCI Hospitality Holdings,RICK,191976144,25.09,United States
2787,Silver Bow Mining,SBMT,191639952,6.49,United States
2788,American Resources Corp,AREC,191478576,1.79,United States
2789,Lifetime Brands,LCUT,191296416,8.37,United States
2790,Landmark Bancorp,LARK,191192240,31.34,United States
2791,Strawberry Fields REIT,STRW,190926400,14.22,United States
2792,Whitehawk Therapeutics,WHWK,190391984,3.85,United States
2793,Immunic,IMUX,190292128,13.97,United States
2794,Proficient Auto Logistics,PAL,189947312,6.84,United States
2795,KORU Medical Systems,KRMD,188784640,4.11,United States
2796,FinWise Bancorp,FINW,188342480,13.76,United States
2797,Hanover Bancorp,HNVR,187826576,26.245,United States
2798,Rhinebeck Bancorp,RBKB,187658848,12.0,United States
2799,Tharimmune,THAR,187371472,4.74,United States
2800,eGain,EGAN,187209552,6.82,United States
2801,Pro-Dex,PDEX,186999888,58.57,United States
2802,Minerva Neurosciences,NERV,185423056,3.98,United States
2803,Smart Sand,SND,185268272,4.31,United States
2804,Superior Group of Companies,SGC,185263488,11.85,United States
2805,United Security Bancshares,UBFO,185027760,10.51,United States
2806,Kolibri Global Energy,KGEI,184924192,5.19,United States
2807,InfuSystem,INFU,184460784,9.14,United States
2808,Inspired Entertainment,INSE,183526448,6.88,United States
2809,Voyager Therapeutics,VYGR,183076496,3.03,United States
2810,Outlook Therapeutics,OTLK,182621264,0.9766,United States
2811,Westwood Holdings Group,WHG,181884544,19.17,United States
2812,DHI Group,DHX,181865728,4.21,United States
2813,EVI Industries,EVI,181068416,14.07,United States
2814,KVH Industries,KVHI,180549184,9.26,United States
2815,Precision BioSciences,DTIL,180357712,6.99,United States
2816,HireQuest,HQI,180108480,12.92,United States
2817,ECB Bancorp,ECBK,179894080,20.55,United States
2818,Thryv,THRY,179616640,4.05,United States
2819,American Well,AMWL,179616192,10.75,United States
2820,CAMP4 Therapeutics,CAMP,179144016,3.45,United States
2821,BV Financial,BVFL,177855152,20.54,United States
2822,Humacyte,HUMA,176181568,0.6534,United States
2823,Expensify,EXFY,175517376,1.82,United States
2824,"Belpointe PREP, LLC",OZ,175414688,45.0,United States
2825,Journey Medical,DERM,175395072,6.37,United States
2826,GrafTech,EAF,175041776,6.72,United States
2827,Inogen,INGN,174630624,6.45,United States
2828,"Domo, Inc.",DOMO,173563440,3.69,United States
2829,BCB Bancorp,BCBP,173457920,9.99,United States
2830,Apyx Medical,APYX,172652432,4.1,United States
2831,Lee Enterprises,LEE,171837408,7.73,United States
2832,Seven Hills Realty Trust,SEVN,170830816,7.54,United States
2833,Epsilon Energy,EPSN,169392240,5.6,United States
2834,LifeMD,LFMD,169268800,3.5,United States
2835,GCT Semiconductor,GCTS,169191200,1.86,United States
2836,TON Strategy Co.,TONX,168461232,2.98,United States
2837,Pyxis Oncology,PYXS,167892032,2.65,United States
2838,Braemar Hotels &amp; Resorts,BHR,167828640,2.27,United States
2839,Alector,ALEC,167648032,1.51,United States
2840,Tingo Group,TIO,166947568,0.69,United States
2841,Armata Pharmaceuticals,ARMP,166667072,4.54,United States
2842,Oramed Pharmaceuticals,ORMP,166569152,4.07,United States
2843,Lucid Diagnostics,LUCD,166276464,0.8716,United States
2844,Corbus Pharmaceuticals,CRBP,166194336,8.97,United States
2845,LENZ Therapeutics,LENZ,166178288,5.3,United States
2846,Lifecore Biomedical,LFCR,165791584,4.42,United States
2847,Taylor Devices,TAYD,165237024,51.33,United States
2848,SB Financial Group,SBFG,164433760,26.28,United States
2849,Bassett Furniture,BSET,164247360,18.97,United States
2850,MainStreet Bancshares,MNSB,164128112,23.06,United States
2851,Quanterix,QTRX,163928816,3.48,United States
2852,Arcturus Therapeutics,ARCT,163716880,5.76,United States
2853,KORE Group,KORE,163005168,9.25,United States
2854,Oxford Square Capital,OXSQ,162840272,1.55,United States
2855,Ellington Credit Company,EARN,162297216,4.32,United States
2856,Quipt Home Medical,QIPT,162297152,3.65,United States
2857,Amplify Energy,AMPY,161433872,3.91,United States
2858,Tenaya Therapeutics,TNYA,160644272,0.7403,United States
2859,Tonix Pharmaceuticals,TNXP,159567424,10.01,United States
2860,First Guaranty Bancshares,FGBI,158609920,9.59,United States
2861,"Nerdy, Inc,",NRDY,158593840,0.8314,United States
2862,Invivyd,IVVD,157614992,0.535,United States
2863,Stratus Properties,STRS,156461376,19.6,United States
2864,Getty Images,GETY,155852832,0.372,United States
2865,Acumen Pharmaceuticals,ABOS,155289312,2.15,United States
2866,inTEST Corporation,INTT,155173520,12.35,United States
2867,Quantum-Si,QSI,155132336,0.7124,United States
2868,Duluth Holdings,DLTH,155048448,4.08,United States
2869,Shimmick,SHIM,154927680,3.78,United States
2870,Health Catalyst,HCAT,154438480,2.09,United States
2871,OnKure Therapeutics,OKUR,154310736,3.82,United States
2872,Commercial Vehicle Group (CVG),CVGI,153765712,4.53,United States
2873,Douglas Elliman,DOUG,153631280,1.69,United States
2874,ReposiTrak,TRAK,153384880,8.44,United States
2875,Assertio Holdings,ASRT,151861232,23.5,United States
2876,Streamex Corp.,STEX,151453536,0.7099,United States
2877,Codexis,CDXS,150585968,1.4,United States
2878,RGP,RGP,150518640,4.37,United States
2879,Insight Molecular Diagnostics,IMDX,150149280,4.65,United States
2880,Hooker Furnishings,HOFT,150060848,13.97,United States
2881,Orion Properties,ONL,150031392,2.64,United States
2882,Korro Bio,KRRO,149562064,10.37,United States
2883,Nkarta,NKTX,149529792,2.09,United States
2884,1stdibs.com,DIBS,149460752,4.23,United States
2885,"Owlet, Inc.",OWLT,149388720,5.14,United States
2886,Legacy Education,LGCY,149167520,11.79,United States
2887,Digimarc,DMRC,146989440,6.56,United States
2888,SKYX Platforms,SKYX,146587648,1.09,United States
2889,Red Robin,RRGB,145037280,7.84,United States
2890,Tigo Energy,TYGO,144989616,1.91,United States
2891,CuriosityStream,CURI,144661744,2.44,United States
2892,Aardvark Therapeutics,AARD,144435440,6.6,United States
2893,Smith-Midland Corporation,SMID,143993344,27.135,United States
2894,PEDEVCO,PED,143674656,10.81,United States
2895,Elme Communities,ELME,143061184,1.61,United States
2896,The Eastern Company,EML,143053280,23.72,United States
2897,Sidus Space,SIDU,142322144,1.76,United States
2898,Affinity Bancshares,AFBI,140182352,23.0,United States
2899,Equillium,EQ,139098432,2.2,United States
2900,Dynamic Materials Corporation,BOOM,138445984,6.74,United States
2901,Skillz,SKLZ,137970800,8.84,United States
2902,Neuronetics,STIM,137783920,1.98,United States
2903,CVRx,CVRX,137323520,5.175,United States
2904,WhiteHorse Finance,WHF,137127280,6.385,United States
2905,Seritage Growth Properties,SRG,135742304,2.41,United States
2906,AVITA Medical,RCEL,135417424,4.4,United States
2907,Lake Shore Bancorp,LSBK,135021760,17.17,United States
2908,Hurco Companies,HURC,134966544,20.84,United States
2909,NRx Pharmaceuticals,NRXP,134821328,3.15,United States
2910,ChargePoint,CHPT,133312648,5.46,United States
2911,Vaxart,VXRT,132882616,0.549,United States
2912,Genelux,GNLX,131830824,2.94,United States
2913,SelectQuote,SLQT,131731784,0.747,United States
2914,GoPro,GPRO,129574832,0.749,United States
2915,PLBY Group (Playboy),PLBY,128310720,1.11,United States
2916,Mammoth Energy Services,TUSK,127652224,2.65,United States
2917,vTv Therapeutics,VTVT,127415448,32.35,United States
2918,NET Power,NPWR,126388832,1.43,United States
2919,Stereotaxis,STXS,125531984,1.26,United States
2920,Oconee Federal Financial,OFED,125132624,21.5,United States
2921,Nautilus Biotechnology,NAUT,124156040,0.977,United States
2922,ACRES Commercial Realty,ACR,123821984,17.5,United States
2923,Smith Douglas Homes,SDHC,123789824,14.83,United States
2924,Magyar Bancorp,MGYR,123761256,19.15,United States
2925,a.k.a. Brands,AKA,123588288,11.42,United States
2926,Clarus,CLAR,123397176,3.21,United States
2927,NCS Multistage,NCSM,123352584,47.0,United States
2928,KULR Technology Group,KULR,122581488,2.65,United States
2929,Jeld-Wen,JELD,122334872,1.42,United States
2930,Seer Inc,SEER,122059048,2.22,United States
2931,Zevia,ZVIA,122017912,1.7,United States
2932,PepGen,PEPG,121737816,1.76,United States
2933,TTEC,TTEC,121159368,2.49,United States
2934,Rent the Runway,RENT,121079072,3.605,United States
2935,Black Rifle Coffee Company (BRCC),BRCC,120514128,1.03,United States
2936,Fonar Corporation,FONR,120195888,19.09,United States
2937,ALT5 Sigma,ALTS,119560224,0.855,United States
2938,Unifi,UFI,118958424,6.4,United States
2939,Clipper Realty,CLPR,118929888,2.8,United States
2940,The Joint Corp.,JYNT,118177232,8.29,United States
2941,flyExclusive,FLYX,117984976,1.16,United States
2942,Spruce Biosciences,SPRB,117880072,42.83,United States
2943,Venu Holding Corporation,VENU,117461440,2.03,United States
2944,Tile Shop Holdings,TTSH,117075920,2.94,United States
2945,Anixa Biosciences,ANIX,116358880,3.42,United States
2946,Tillys,TLYS,116160880,3.81,United States
2947,Microbot Medical,MBOT,115523456,1.72,United States
2948,Inseego,INSG,114425256,7.03,United States
2949,OptimizeRx,OPRX,113528712,6.05,United States
2950,Lakeland Industries,LAKE,112508464,11.4,United States
2951,MaxCyte,MXCT,112477752,1.05,United States
2952,Sound Financial Bancorp,SFBC,112448776,47.23,United States
2953,Noodles &amp; Company,NDLS,111099216,18.62,United States
2954,Provident Financial Holdings,PROV,111065552,17.76,United States
2955,INNOVATE Corp.,VATE,110771952,8.12,United States
2956,Vivani Medical,VANI,110380928,1.28,United States
2957,Chegg,CHGG,110055536,0.983,United States
2958,Polaryx Therapeutics,PLYX,109363008,2.31,United States
2959,Medifast,MED,109300896,9.83,United States
2960,First Northwest Bancorp,FNWB,108920896,11.46,United States
2961,Fractyl Health,GUTS,108674536,0.685,United States
2962,Riverview Bancorp,RVSB,106851248,5.3,United States
2963,Rani Therapeutics,RANI,106426144,0.7741,United States
2964,Townsquare Media,TSQ,106286448,5.92,United States
2965,Union Bankshares,UNB,106261624,23.03,United States
2966,Aemetis,AMTX,106253384,1.51,United States
2967,Rapid Micro Biosystems,RPID,106120456,2.13,United States
2968,U.S. GoldMining,USGO,106022536,7.64,United States
2969,Comscore,SCOR,105655872,7.0,United States
2970,HilleVax,HLVX,104762376,2.09,United States
2971,Devolver Digital,DEVO.L,104741679,0.215753,United States
2972,Fortress Biotech,FBIO,103975696,3.13,United States
2973,Synchronoss Technologies,SNCR,103560608,9.0,United States
2974,Wrap Technologies,WRAP,102558376,1.84,United States
2975,Kewaunee Scientific Corporation,KEQU,102463216,35.72,United States
2976,PodcastOne,PODC,102369048,3.39,United States
2977,Pathfinder Bancorp,PBHC,102293712,16.35,United States
2978,Fluent,FLNT,101671584,3.41,United States
2979,Veritone,VERI,101320296,1.09,United States
2980,Rafael Holdings,RFL,100879992,1.94,United States
2981,"SoundThinking 
 (ShotSpotter)",SSTI,100393008,7.75,United States
2982,ReneSola,SOL,99563952,1.94,United States
2983,Greenland Energy Company,GLND,99267536,2.27,United States
2984,Buzzfeed,BZFD,99047744,1.19,United States
2985,Coya Therapeutics,COYA,98285600,4.19,United States
2986,Vera Bradley,VRA,96974440,3.41,United States
2987,AMC Robotics Corporation,AMCI,96482288,4.27,United States
2988,Helius Medical Technologies,HSDT,96338016,1.65,United States
2989,Martin Midstream Partners,MMLP,95464240,2.44,United States
2990,Zomedica Pharmaceuticals,ZOM,95349136,0.0973,United States
2991,Virco Manufacturing,VIRC,95163736,6.05,United States
2992,Geospace Technologies,GEOS,94559256,7.31,United States
2993,Heron Therapeutics,HRTX,93920424,0.4962,United States
2994,Broadwind,BWEN,93616464,4.0,United States
2995,Cullman Bancorp,CULL,93333048,16.24,United States
2996,MicroVision,MVIS,93166600,0.266,United States
2997,Logistic Properties of the Americas,LPA,92956384,2.94,United States
2998,Hyperfine,HYPR,92897184,0.9358,United States
2999,Aldeyra Therapeutics,ALDX,92894440,1.54,United States
3000,New Fortress Energy,NFE,92117176,0.3225,United States
3001,Sotherly Hotels,SOHO,91583664,2.25,United States
3002,NeoVolta,NEOV,90120840,2.11,United States
3003,Golden Matrix Group,GMGI,89996768,0.6372,United States
3004,Verrica Pharmaceuticals,VRCA,89673272,5.22,United States
3005,BCP Investment Corporation,BCIC,89117864,7.2,United States
3006,SkinHealth Systems,SKIN,88840832,0.6855,United States
3007,Stabilis Solutions,SLNG,87774536,4.72,United States
3008,GrowGeneration,GRWG,86530904,1.44,United States
3009,Velo3D,VLDX,86513896,6.15,United States
3010,Ultralife Corporation,ULBI,86448112,5.19,United States
3011,Rekor Systems,REKR,85839936,0.6238,United States
3012,Adicet Bio,ACET,85162424,9.11,United States
3013,Surf Air Mobility,SRFM,84855368,0.7645,United States
3014,Outset Medical,OM,84715192,4.57,United States
3015,Vivid Seats,SEAT,84603064,7.7,United States
3016,Arq Inc.,ARQ,84564728,1.97,United States
3017,Rallybio,RLYB,84538824,15.93,United States
3018,Cherry Hill Mortgage Investment,CHMI,84233024,2.26,United States
3019,Summit State Bank,SSBI,83838376,12.39,United States
3020,Ispire Technology,ISPR,83229128,1.45,United States
3021,Telomir Pharmaceuticals,TELO,83217704,1.21,United States
3022,PhenixFIN,PFX,83121120,43.01,United States
3023,Jushi Holdings,JUSHF,82874088,0.415,United States
3024,Gossamer Bio,GOSS,82859512,0.1695,United States
3025,Drilling Tools International,DTI,82576872,2.35,United States
3026,Vince Holding,VNCE,81323368,6.33,United States
3027,Sono-Tek Corporation,SOTK,81255456,5.17,United States
3028,Lifevantage,LFVN,81119736,6.43,United States
3029,Atlas Lithium,ATLX,80805032,2.74,United States
3030,Park Dental Partners,PARK,80729160,17.88,United States
3031,HF Foods Group,HFFG,80213120,1.5,United States
3032,Full House Resorts,FLL,80146056,2.21,United States
3033,Sera Prognostics,SERA,79883792,2.04,United States
3034,Team Inc,TISI,79542048,17.4,United States
3035,Silvercrest Asset Management Group,SAMG,78969120,10.28,United States
3036,Ascend Wellness (AWH),AAWH,78192976,0.385,United States
3037,Blackboxstocks,BLBX,78138184,18.15,United States
3038,Playstudios,MYPS,77706256,0.6054,United States
3039,Hennessy Advisors,HNNA,77680536,9.83,United States
3040,Energous,WATT,77620536,14.11,United States
3041,Steel Connect,STCN,77168096,12.18,United States
3042,DeFi Development,DFDV,77102600,2.56,United States
3043,MediaCo Holding,MDIA,76561544,0.93,United States
3044,Momentus Inc.,MNTS,76285056,4.05,United States
3045,Marchex,MCHX,76200816,1.72,United States
3046,Northern Technologies International,NTIC,76125856,8.02,United States
3047,Genasys,GNSS,76055152,1.67,United States
3048,MAIA Biotechnology,MAIA,76000952,1.25,United States
3049,"Air T, Inc.",AIRT,75528088,28.06,United States
3050,Atara Biotherapeutics,ATRA,75505240,8.38,United States
3051,Annovis Bio,ANVS,74448272,1.75,United States
3052,Travelzoo,TZOO,74322296,7.23,United States
3053,Blink Charging,BLNK,74283728,0.517,United States
3054,Research Solutions,RSSS,73584568,2.2,United States
3055,Airgain,AIRG,73392768,5.79,United States
3056,Intellicheck,IDN,73106904,3.61,United States
3057,AudioEye,AEYE,72336872,5.79,United States
3058,LanzaTech Global,LNZA,72252176,5.52,United States
3059,Definitive Healthcare,DH,71999184,0.6823,United States
3060,United Homes Group,UHG,71769208,1.22,United States
3061,Great Elm Capital,GECC,71405112,5.14,United States
3062,Home Federal Bancorp (HFB Bank),HFBL,71293040,23.345,United States
3063,The Beachbody Company,BODI,70607200,9.75,United States
3064,Prairie Operating,PROP,69849184,0.7147,United States
3065,iBio,IBIO,69549984,1.4,United States
3066,OS Therapies,OSTX,69217912,1.52,United States
3067,Aptera Motors,SEV,69185488,1.75,United States
3068,Granite Point Mortgage Trust,GPMT,69004264,1.44,United States
3069,Pulmonx,LUNG,68846640,1.63,United States
3070,Teads,TEAD,68679632,0.7081,United States
3071,Regis Corporation,RGS,68416536,27.38,United States
3072,American Vanguard,AVD,68368096,2.39,United States
3073,Solitario Zinc,XPL,68321032,0.7341,United States
3074,XBiotech,XBIT,67987640,2.23,United States
3075,Castellum,CTM,67965424,0.7177,United States
3076,Forian,FORA,67792720,2.17,United States
3077,Spero Therapeutics,SPRO,67744744,1.17,United States
3078,Great Elm Group,GEG,67417568,2.15,United States
3079,Cato Fashion,CATO,67285368,3.42,United States
3080,GEN Restaurant Group,GENK,66918172,2.03,United States
3081,Siebert Financial,SIEB,66733724,1.63,United States
3082,NSTS Bancorp,NSTS,66651512,13.79,United States
3083,Talphera,TLPH,66431548,1.28,United States
3084,LeonaBio,LONA,66318208,7.06,United States
3085,WM Technology,MAPS,65579384,0.379,United States
3086,MediciNova,MNOV,65464260,1.33,United States
3087,Interlink Electronics,LINK,65047532,4.13,United States
3088,Cingulate,CING,64516680,4.79,United States
3089,Pliant Therapeutics,PLRX,64397056,1.04,United States
3090,DocGo,DCGO,64265240,0.6506,United States
3091,Off the Hook YS Inc,OTH,64247460,2.57,United States
3092,Acrivon Therapeutics,ACRV,64202592,1.5,United States
3093,Skillsoft,SKIL,63669456,7.1,United States
3094,BBX Capital Corporation,BBXIA,63561832,3.78,United States
3095,Identiv,INVE,63376404,2.64,United States
3096,Rein Therapeutics,RNTX,63076480,0.7374,United States
3097,ImageneBio,IMA,63012680,5.54,United States
3098,Hour Loop,HOUR,62641560,1.78,United States
3099,LENSAR,LNSR,61530724,5.01,United States
3100,AFC Gamma,AFCG,61356384,2.69,United States
3101,The InterGroup Corporation,INTG,61112216,28.44,United States
3102,AMCON Distributing Company,DIT,61101544,62.6,United States
3103,Where Food Comes From,WFCF,61076024,12.12,United States
3104,LiveOne,LVO,61033320,4.48,United States
3105,Ideal Power,IPWR,60759624,3.7,United States
3106,MindWalk Holdings,HYFT,60613612,1.29,United States
3107,SunPower,SPWR,60601372,0.3013,United States
3108,IZEA Worldwide,IZEA,60596200,3.46,United States
3109,Xtant Medical,XTNT,60285020,0.4298,United States
3110,Airship AI,AISP,60269232,1.75,United States
3111,BranchOut Food,BOF,59885680,3.91,United States
3112,BG Staffing,BGSF,59484764,5.55,United States
3113,iLearningEngines,AILE,59292656,0.42,United States
3114,PMV Pharmaceuticals,PMVP,59198264,1.11,United States
3115,Usio,USIO,58779472,2.13,United States
3116,Mesa Air,MESA,58631804,1.4,United States
3117,"FreeCast, Inc.",CAST,58524708,1.23,United States
3118,Global Self Storage,SELF,58250832,5.1,United States
3119,Universal Electronics,UEIC,57846784,4.58,United States
3120,The Arena Group,AREN,57123352,1.2,United States
3121,Saga Communications,SGA,57033040,8.95,United States
3122,Boundless Bio,BOLD,56186940,2.5,United States
3123,The ONE Group Hospitality,STKS,56184452,1.78,United States
3124,Marpai,MRAI,56149724,2.22,United States
3125,Inovio Pharmaceuticals,INO,55698984,0.677,United States
3126,Upexi,UPXI,55507948,0.7557,United States
3127,Context Therapeutics,CNTX,55072376,0.5994,United States
3128,electroCore,ECOR,54861660,6.085,United States
3129,Allied Esports,AESE,54324936,1.3899,United States
3130,The Children's Place,PLCE,54258448,2.44,United States
3131,Elauwit Connection,ELWT,53951336,8.15,United States
3132,Kezar Life Sciences,KZR,53856340,7.29,United States
3133,TransAct Technologies,TACT,53231124,5.18,United States
3134,AEye,LIDR,52798896,1.14,United States
3135,Westwater Resources,WWR,52440588,0.4125,United States
3136,NOMADAR,NOMA,52318112,3.01,United States
3137,MiNK Therapeutics,INKT,52309940,10.5,United States
3138,Luna Innovations,LUNA,52045528,1.5,United States
3139,MarketWise,MKTW,51983968,19.7,United States
3140,Greenidge Generation Holdings,GREE,51500392,2.84,United States
3141,Reading International,RDI,51063176,1.46,United States
3142,Comtech Telecommunications,CMTL,50335204,1.68,United States
3143,Laser Photonics,LASE,49172668,0.98,United States
3144,Ocean Power Technologies,OPTT,48895124,0.181,United States
3145,Solidion Technology,STI,48797804,6.3,United States
3146,Filana Therapeutics,FLNA,48790976,1.01,United States
3147,TScan Therapeutics,TCRX,48555656,0.743,United States
3148,"Stem, Inc",STEM,48367548,5.4,United States
3149,Instil Bio,TIL,48287676,7.12,United States
3150,VIDA Global Inc.,VIDA,48222496,2.41,United States
3151,Sensus Healthcare,SRTS,47904592,2.91,United States
3152,the Marygold Companies,MGLD,47677624,1.1,United States
3153,aTyr Pharma,ATYR,47623476,0.4857,United States
3154,Manhattan Bridge Capital,LOAN,47546100,4.16,United States
3155,TechPrecision,TPCS,47315492,4.72,United States
3156,BeyondSpring,BYSI,47287792,1.15,United States
3157,Franklin Street Properties,FSP,47242120,0.4542,United States
3158,Scilex Holding,SCLX,46874980,6.665,United States
3159,Gaia,GAIA,46831228,1.85,United States
3160,Seres Therapeutics,MCRB,46773400,4.83,United States
3161,Lulu's Fashion Lounge,LVLU,46586356,16.2622,United States
3162,INmune Bio,INMB,46524200,1.75,United States
3163,Grove Collaborative,GROV,46230884,1.1,United States
3164,Plutus Financial Group,PLUT,45894968,2.9899,United States
3165,Laird Superfood,LSF,45778088,4.16,United States
3166,5E Advanced Materials,FEAM,45666748,1.1,United States
3167,NextNRG,NXXT,45580980,0.2711,United States
3168,Verde Clean Fuels,VGAS,45440616,1.02,United States
3169,tinyBuild,8Z3.F,45366445,0.115354,United States
3170,Hain Celestial,HAIN,44982336,0.4984,United States
3171,KLX Energy Services,KLXE,44981024,2.19,United States
3172,Metagenomi,MGX,44799760,1.19,United States
3173,Rave Restaurant Group,RAVE,44766436,3.15,United States
3174,Sportsman's Warehouse,SPWH,44482568,1.14,United States
3175,"Culp, Inc.",CULP,44066488,3.48,United States
3176,CarParts.com,PRTS,43733256,5.4,United States
3177,Karyopharm Therapeutics,KPTI,43512852,1.92,United States
3178,Zeo Energy,ZEO,43181740,0.5006,United States
3179,eXoZymes,EXOZ,43158320,4.65,United States
3180,Phunware,PHUN,43144056,2.11,United States
3181,Abundia Global Impact Group,AGIG,42482020,0.965,United States
3182,Massimo Motor,MAMO,42473772,1.02,United States
3183,eHealth,EHTH,42215556,1.33,United States
3184,Ekso Bionics,EKSO,42047896,11.8,United States
3185,1-800-PetMeds,PETS,41675168,1.95,United States
3186,GenFlat Holdings,GFLT,41281488,3.15,United States
3187,Orion Energy Systems,OESX,40971340,10.1,United States
3188,AgEagle Aerial Systems,UAVS,40912508,0.6982,United States
3189,AXIL Brands,AXIL,40838124,5.99,United States
3190,Heritage Global,HGBL,40300200,1.16,United States
3191,Hyperion DeFi,HYPD,40016452,2.64,United States
3192,Sachem Capital,SACH,39083852,0.815,United States
3193,Myomo,MYO,39025040,1.01,United States
3194,Vroom,VRM,39005124,7.49,United States
3195,"RYTHM, Inc.",RYM,38942200,18.12,United States
3196,NanoViricides,NNVC,38758716,1.52,United States
3197,Precipio,PRPO,38696604,21.65,United States
3198,Planet13,PLTH.CN,38686896,0.117731,United States
3199,PDS Biotechnology,PDSB,38367952,0.6861,United States
3200,Pixelworks,PXLW,38243184,6.01,United States
3201,374Water,SCWO,38140200,2.18,United States
3202,Elutia,ELUT,37877616,0.8568,United States
3203,Beasley Broadcast Group,BBGI,37808600,20.89,United States
3204,Charlotte's Web,CWEB.TO,36670628,0.228327,United States
3205,Enzo Biochem,ENZB,36587800,0.69887,United States
3206,Veru,VERU,35952716,2.24,United States
3207,Spruce Power,SPRU,35820136,1.95,United States
3208,U.S. Global Investors,GROW,35476000,2.86,United States
3209,PAVmed,PAVM,35437216,4.95,United States
3210,Milestone Scientific,MLSS,35291312,0.399,United States
3211,Kartoon Studios,TOON,35189812,0.595,United States
3212,VirTra,VTSI,34938272,3.09,United States
3213,Odyssey Marine Exploration,OMEX,34921888,0.5962,United States
3214,Koss,KOSS,34836492,3.68,United States
3215,Lument Finance Trust,LFT,34604804,0.6599,United States
3216,LianBio,LIAN,34472096,0.319,United States
3217,Century Casinos,CNTY,34041584,1.21,United States
3218,Grace Therapeutics,GRCE,33849972,2.08,United States
3219,Lantern Pharma,LTRN,33556556,2.63,United States
3220,BioLargo,BLGO,33371860,0.104,United States
3221,Workhorse Group,WKHS,33224870,3.05,United States
3222,TELA Bio,TELA,32674808,0.7299,United States
3223,Pioneer Power Solutions,PPSI,32290136,2.91,United States
3224,Accuray,ARAY,32020104,0.2681,United States
3225,Battalion Oil,BATL,31927330,1.45,United States
3226,Crown Crafts,CRWS,31742848,2.95,United States
3227,Enviva,EVA,31273630,0.4198,United States
3228,Destination XL,DXLG,31157444,0.5637,United States
3229,Idaho Copper Corporation,COPR,30794002,2.2,United States
3230,Salem Media Group,SALM,30732950,0.97,United States
3231,Sangamo Therapeutics,SGMO,30657374,0.074,United States
3232,Katapult Holdings,KPLT,30401070,6.38,United States
3233,Southland Holdings,SLND,30221604,0.5574,United States
3234,Serina Therapeutics,SER,29995010,2.0,United States
3235,Live Ventures,LIVE,29825780,9.71,United States
3236,"Xos, Inc.",XOS,28740926,2.095,United States
3237,Ascent Solar Technologies,ASTI,28565816,2.91,United States
3238,Rockwell Medical,RMTI,28379138,7.19,United States
3239,Old Market Capital Corporation,OMCC,28292780,4.15,United States
3240,Knightscope,KSCP,28292728,1.64,United States
3241,Farmer Brothers,FARM,28089448,1.28,United States
3242,HeartBeam,BEAT,27786722,0.5006,United States
3243,Cryo-Cell International,CCEL,27574264,3.42,United States
3244,Harvard Bioscience,HBIO,27512110,6.1,United States
3245,Kyntra Bio,KYNB,27243794,6.73,United States
3246,Barfresh Food Group,BRFH,26798212,1.66,United States
3247,Quest Resource Holding,QRHC,26763360,1.27,United States
3248,America's Car-Mart,CRMT,26564180,3.19,United States
3249,Zoom Telephonics,MINM,26534076,3.61,United States
3250,PermRock Royalty Trust,PRT,26399640,2.17,United States
3251,Actinium Pharmaceuticals,ATNM,26257732,0.8369,United States
3252,Hoth Therapeutics,HOTH,26013596,1.36,United States
3253,India Globalization Capital,IGC,25987176,0.249,United States
3254,MariMed,MRMD,25553030,0.064,United States
3255,Mobix Labs,MOBX,25533778,1.68,United States
3256,BioXcel Therapeutics,BTAI,24949104,0.808,United States
3257,Latch,LTCH,24655096,0.1501,United States
3258,SPI Energy,SPI,24207974,0.766,United States
3259,Aytu BioScience,AYTU,23935054,2.23,United States
3260,CervoMed,CRVO,23887494,2.58,United States
3261,TherapeuticsMD,TXMD,23495954,2.03,United States
3262,Beam Global,BEEM,23311664,1.05,United States
3263,GEE Group,JOB,23061858,0.2099,United States
3264,Local Bounti,LOCL,22796270,1.0,United States
3265,Urban One,UONE,22767922,5.04,United States
3266,Cytosorbents,CTSO,22679948,0.3609,United States
3267,Longeveron,LGVN,22165964,0.7015,United States
3268,ESS Tech,GWH,21953710,0.747,United States
3269,LivePerson,LPSN,21828396,1.77,United States
3270,Cardlytics,CDLX,21721408,3.74,United States
3271,Ashford Hospitality Trust,AHT,21648180,3.23,United States
3272,180 Life Sciences,ATNF,21620372,3.58,United States
3273,Neuphoria Therapeutics,NEUP,20969658,3.88,United States
3274,Jasper Therapeutics,JSPR,20962972,0.63,United States
3275,Atossa Therapeutics,ATOS,20648244,2.07,United States
3276,Cel-Sci,CVM,20273486,1.16,United States
3277,Skye Bioscience,SKYE,19979204,0.5685,United States
3278,Retractable Technologies,RVP,19764514,0.6602,United States
3279,SolarMax Technology,SMXT,19632768,0.345,United States
3280,Allbirds,BIRD,19549434,2.22,United States
3281,Energy Focus,EFOI,19426126,3.05,United States
3282,Exyn Technologies,EXYN,18612258,2.34,United States
3283,Celularity,CELU,18389368,0.6353,United States
3284,Offerpad,OPAD,18312008,3.87,United States
3285,Dare Bioscience,DARE,18274992,1.22,United States
3286,Motorsport Gaming,MSGM,18073658,4.33,United States
3287,Elite Express,ETS,17719672,1.06,United States
3288,Lipocine,LPCN,17477816,2.12,United States
3289,System1,SST,17410698,1.74,United States
3290,Werewolf Therapeutics,HOWL,17159536,0.3531,United States
3291,SPAR Group,SGRP,17039136,0.6,United States
3292,Know Labs,KNW,16795408,2.24,United States
3293,Camber Energy,CEI,16771320,0.0954,United States
3294,FingerMotion,FNGR,16553798,0.27,United States
3295,Avant Technologies Inc.,AVAI,16313766,0.118,United States
3296,Harte Hanks,HHS,16248640,2.19,United States
3297,Psychemedics,PMD,15738209,2.67,United States
3298,Citius Pharmaceuticals,CTXR,15647965,0.57,United States
3299,Scienture Holdings,SCNX,15468151,0.3807,United States
3300,Cyngn,CYN,15288677,1.06,United States
3301,Inuvo,INUV,15135858,0.92,United States
3302,T Stamp Inc. (TrustStamp),IDAI,15007904,2.68,United States
3303,Dragonfly Energy,DFLI,14993947,1.17,United States
3304,Biofrontera,BFRI,14979912,1.17,United States
3305,Cyclerion Therapeutics,CYCN,14896280,3.44,United States
3306,iRobot,IRBT,14843741,0.4664,United States
3307,Office Properties Income Trust,OPI,14795239,0.2,United States
3308,Natural Health Trends,NHTC,14668122,1.71,United States
3309,Smith Micro Software,SMSI,14477789,2.59,United States
3310,The Cannabist Company,CBSTF,14475953,0.0291,United States
3311,Passage Bio,PASG,14361260,4.47,United States
3312,The Glimpse Group,VRAR,14332026,0.68,United States
3313,HOOKIPA Pharma,HOOK,14232977,1.15,United States
3314,KALA BIO,KALA,14052021,0.7559,United States
3315,Synlogic,SYBX,14035970,1.2,United States
3316,AMASS Brands Inc.,AMSS,13823422,1.21,United States
3317,Palatin Technologies,PTN,13700417,7.7,United States
3318,Austin Gold,AUST,13684785,0.9994,United States
3319,Tempest Therapeutics,TPST,13683170,0.8563,United States
3320,CXApp,CXAI,13374023,0.1226,United States
3321,Dolphin Entertainment,DLPN,13277616,1.02,United States
3322,Astrotech,ASTC,13139187,6.54,United States
3323,Air Industries Group,AIRI,12999764,2.68,United States
3324,AEON Biopharma,AEON,12938531,0.293,United States
3325,Upland Software,UPLD,12802356,4.36,United States
3326,SeaStar Medical,ICU,12510617,3.13,United States
3327,Trio Petroleum,TPET,12439215,0.281,United States
3328,Bionano Genomics,BNGO,12278251,1.07,United States
3329,Arrive AI,ARAI,12186947,0.235,United States
3330,authID,AUID,12122246,0.725,United States
3331,Phio Pharmaceuticals,PHIO,11907682,1.025,United States
3332,Urgent.ly Inc.,ULY,11787284,5.38,United States
3333,CISO Global,CISO,11577557,0.2555,United States
3334,Cambium Networks,CMBM,11325767,0.401,United States
3335,Cocrystal Pharma,COCP,11305711,0.82,United States
3336,Intensity Therapeutics,INTS,11216703,4.15,United States
3337,Flux Power,FLUX,11195501,0.5241,United States
3338,AppTech Payments,APCX,11139443,0.2652,United States
3339,Reborn Coffee,REBN,11088164,1.35,United States
3340,Clean Energy Technologies,CETY,11071157,0.91,United States
3341,SINTX Technologies,SINT,10807971,1.7,United States
3342,Senti Biosciences,SNTI,10604789,0.3405,United States
3343,Phoenix Motor,PEV,10575262,0.23,United States
3344,Bullfrog AI,BFRG,10290617,0.555,United States
3345,Carver Bancorp,CARV,10203464,1.75,United States
3346,Ryvyl Inc.,RVYL,9994965,7.81,United States
3347,BrainStorm Cell Therapeutics,BCLI,9931297,0.9,United States
3348,VistaGen Therapeutics,VTGN,9888821,0.241,United States
3349,"Reed's, Inc.",REED,9841381,0.83,United States
3350,Solo Brands,SBDS,9775319,3.82,United States
3351,Superior Industries International,SUP,9576233,0.3249,United States
3352,SUNation Energy Inc.,SUNE,8947281,2.17,United States
3353,Quoin Pharmaceuticals,QNRX,8937460,4.45,United States
3354,GoHealth,GOCO,8937260,0.305,United States
3355,Leslie's,LESL,8900835,0.951,United States
3356,Wellgistics Health,WGRX,8847256,3.52,United States
3357,Lunai Bioworks,LNAI,8795747,1.94,United States
3358,VolitionRx,VNRX,8649040,0.7181,United States
3359,Femasys,FEMY,8635867,2.86,United States
3360,Northann Corp,NCL,8543560,0.159,United States
3361,Mangoceuticals,MGRX,8531987,0.5571,United States
3362,Heart Test Laboratories,HSCS,8500891,2.18,United States
3363,SeaChange International,SEAC,8398952,3.25,United States
3364,Trinseo,TSE,8278525,0.23,United States
3365,FGI Industries,FGI,8265840,4.28,United States
3366,Focus Universal,FCUV,8152608,11.6,United States
3367,Gaxos.ai,GXAI,8058475,0.75,United States
3368,Rocky Mountain Chocolate Factory,RMCF,7933028,0.8404,United States
3369,Aprea Therapeutics,APRE,7677321,0.62,United States
3370,Signing Day Sports,SGN,7408163,0.5401,United States
3371,reAlpha Tech,AIRE,7349709,1.37,United States
3372,Adial Pharmaceuticals,ADIL,7309486,3.34,United States
3373,enVVeno Medical Corporation,NVNO,7077291,10.6,United States
3374,AIM ImmunoTech,AIM,7030868,0.2536,United States
3375,Vislink Technologies,VISL,6843381,2.76,United States
3376,Imunon,IMNN,6681368,1.59,United States
3377,Pulmatrix,PULM,6354976,1.74,United States
3378,Cadrenal Therapeutics,CVKD,6228170,2.01,United States
3379,TPI Composites,TPIC,6193621,0.1271,United States
3380,CleanCore Solutions,ZONE,6126073,0.77,United States
3381,Bakhu Holdings,BKUH,6026059,0.02,United States
3382,Innovative Eyewear,LUCY,5996317,0.6969,United States
3383,Nauticus Robotics,KITT,5970104,0.8728,United States
3384,Polar Power,POLA,5933459,1.63,United States
3385,Xenetic Biosciences,XBIO,5807827,2.535,United States
3386,Cheetah Net Supply Chain Service,CTNT,5686903,1.8,United States
3387,Soligenix,SNGX,5542758,0.3739,United States
3388,SurgePays,SURG,5476573,0.218,United States
3389,BioAtla,BCAB,5459932,3.29,United States
3390,"DSS, Inc. (Document Security Systems)",DSS,5387810,0.5365,United States
3391,cbdMD,YCBD,5321395,0.5069,United States
3392,Co-Diagnostics,CODX,5266627,1.44,United States
3393,Sonoma Pharmaceuticals,SNOA,5264381,1.1,United States
3394,Origin Materials,ORGN,5228483,0.9501,United States
3395,Talis Biomedical,TLIS,5176808,2.84,United States
3396,Gauzy,GAUZ,5154362,0.275,United States
3397,Sonim Technologies,SONM,5048873,3.392,United States
3398,Urban-gro,UGRO,4942725,3.15,United States
3399,Jaguar Health,JAGX,4910402,1.0,United States
3400,Vertex Energy,VTNR,4872095,0.0521,United States
3401,Cloudastructure,CSAI,4832920,5.8,United States
3402,Sonendo,SONX,4812627,1.01,United States
3403,BIO-key International,BKYI,4764730,4.39,United States
3404,"Cyabra, Inc.",CYAB,4724177,0.31,United States
3405,AquaBounty Technologies,AQB,4661308,0.9056,United States
3406,Kidpik,PIK,4644903,2.38,United States
3407,Biomerica,BMRA,4604501,1.49,United States
3408,Alaunos Therapeutics,TCRT,4591234,1.88,United States
3409,Aterian,ATER,4449343,0.4101,United States
3410,"Bark, Inc.",BARK,4377870,0.5066,United States
3411,Super League Enterprise,SLE,4279804,2.66,United States
3412,OLB Group,OLB,4277760,0.2917,United States
3413,CASI Pharmaceuticals,CASI,4263766,0.2075,United States
3414,QVC Group,QVCGA,4255453,0.34,United States
3415,Cemtrex,CETX,4251218,2.47,United States
3416,CaliberCos,CWD,4222091,0.4776,United States
3417,Elevai Labs,ELAB,4193428,0.9229,United States
3418,Tivic Health Systems,TIVC,4029097,1.4,United States
3419,Allurion Technologies,ALUR,4001668,4.0,United States
3420,bioAffinity Technologies,BIAF,3941992,0.6274,United States
3421,Ensysce Biosciences,ENSC,3887479,0.253,United States
3422,Eterna Therapeutics,ERNA,3825572,3.28,United States
3423,Beyond Air,XAIR,3800801,5.275,United States
3424,Avalon GloboCare,ALBT,3707637,0.282,United States
3425,FibroBiologics,FBLG,3646240,0.7,United States
3426,Lakewood-Amedex Biotherapeutics,LABT,3536327,2.02,United States
3427,Unity Biotechnology,UBX,3444161,0.2001,United States
3428,Expion360,XPON,3441019,3.61,United States
3429,Socket Mobile,SCKT,3315337,0.4023,United States
3430,Eagle Pharmaceuticals,EGRX,3289388,0.25,United States
3431,ShiftPixy,PIXY,3265294,6.53,United States
3432,Vaccinex,VCNX,3158431,1.18,United States
3433,Forza X1,FRZA,3150960,0.2,United States
3434,Genprex,GNPX,3024566,5.99,United States
3435,Advent Technologies,ADN,3023365,0.9185,United States
3436,Jet.AI,JTAI,2999831,2.11,United States
3437,ATI Physical Therapy,ATIP,2977762,0.675,United States
3438,Netcapital,NCPL,2937468,0.3743,United States
3439,Sleep Number,SNBR,2881125,0.125,United States
3440,Golden Minerals,AUMN,2869987,0.1894,United States
3441,Marin Software,MRIN,2863609,0.8981,United States
3442,Inotiv,NOTV,2787563,0.0799,United States
3443,iSpecimen,ISPC,2716226,1.89,United States
3444,PREIT (Pennsylvania Real Estate Investment Trust),PRET,2690436,0.4974,United States
3445,Xilio Therapeutics,XLO,2676465,0.5101,United States
3446,Fly-E Group,FLYE,2660789,1.63,United States
3447,Staffing 360 Solutions,STAF,2654640,1.615,United States
3448,Synergy CHC,SNYR,2616419,0.1756,United States
3449,Hydrofarm,HYFM,2572890,0.54,United States
3450,LM Funding America,LMFA,2430118,2.6,United States
3451,Oragenics,OGEN,2255978,0.5,United States
3452,Sow Good,SOWG,2203871,0.1099,United States
3453,Azitra,AZTR,2148736,0.1327,United States
3454,Clearside Biomedical,CLSD,2145948,0.41,United States
3455,Boxlight,BOXL,2027853,3.04,United States
3456,Cutera,CUTR,1956013,0.0969,United States
3457,F45 Training,FXLV,1950335,0.02,United States
3458,Direct Digital Holdings,DRCT,1885804,2.55,United States
3459,Matinas BioPharma,MTNB,1882138,0.2938,United States
3460,Cue Biopharma,CUE,1804119,0.5542,United States
3461,Aethlon Medical,AEMD,1745523,0.6628,United States
3462,"Freight Technologies, Inc.",FRGT,1682047,2.94,United States
3463,Sonder Holdings,SOND,1680861,0.1263,United States
3464,Traeger,COOK,1642351,0.5983,United States
3465,CorEnergy Infrastructure Trust,CORR,1627350,0.0198,United States
3466,La Rosa Holdings,LRHC,1583759,0.98,United States
3467,Lazydays Holdings,GORV,1573084,0.4211,United States
3468,Trinity Place Holdings,TPHS,1525691,0.0231,United States
3469,SOBR Safe,SOBR,1524577,0.53,United States
3470,Benson Hill,BHIL,1522391,0.249,United States
3471,Edible Garden,EDBL,1490813,2.33,United States
3472,Alkaline Water Company,WTER,1417282,0.0398,United States
3473,22nd Century Group,XXII,1380496,4.0,United States
3474,Arcadia Biosciences,RKDA,1363571,0.625,United States
3475,Hepion Pharmaceuticals,HEPA,1336576,0.0459,United States
3476,Vivakor,VIVK,1294368,1.94,United States
3477,Purple Innovation,PRPL,1261071,0.2897,United States
3478,"Greenlane Holdings, Inc.",GNLN,1218715,1.93,United States
3479,VivoSim Labs,VIVS,1204056,0.3446,United States
3480,Maison Solutions,MSS,1175227,1.35,United States
3481,Actelis Networks,ASNS,1153489,0.04,United States
3482,Solar Integrated Roofing,SIRC,1097545,0.0001,United States
3483,Danimer Scientific,DNMR,1056961,0.35,United States
3484,iPower,IPW,958055,0.5066,United States
3485,Evofem Biosciences,EVFM,927710,0.007,United States
3486,LMP Automotive Holdings,LMPX,927245,0.085,United States
3487,Quince Therapeutics,QNCX,900311,0.9206,United States
3488,iEntertainment Network,IENT,876829,0.0067,United States
3489,Lyra Therapeutics,LYRA,843068,0.475,United States
3490,zSpace,ZSPC,815733,0.17,United States
3491,BNB Plus Corp.,BNBX,720442,0.1001,United States
3492,Yellow Corporation,YELLQ,693890,0.0102,United States
3493,ProPhase Labs,PRPH,693802,0.0495,United States
3494,Curis,CRIS,675500,0.3466,United States
3495,Tapinator,TAPM,673183,0.247,United States
3496,Tevogen Bio,TVGN,627896,0.1551,United States
3497,Onfolio Holdings,ONFO,556185,0.079,United States
3498,Wheeler Real Estate Investment Trust,WHLR,549167,0.591,United States
3499,Vicarious Surgical,RBOT,520588,0.073,United States
3500,Kaival Brands Innovations,KAVL,488385,0.025,United States
3501,Ayr Wellness,AYRWF,467094,0.004,United States
3502,Ontrak,OTRK,425780,0.0601,United States
3503,Viracta Therapeutics,VIRX,388698,0.00978,United States
3504,Impac Mortgage Holdings,IMPM,365688,0.01,United States
3505,VYNE Therapeutics,VYNE,339859,0.509,United States
3506,Greene Concepts,INKW,331617,0.0052,United States
3507,NantHealth,NHIQ,329655,0.012,United States
3508,Exela Technologies,XELA,305261,0.011,United States
3509,Leafly Holdings,LFLY,232138,37.0,United States
3510,Trulite,TRUL,212013,0.0001,United States
3511,Ampio Pharmaceuticals,AMPE,207884,0.1831,United States
3512,BloomZ,BLMZ,187531,0.128,United States
3513,Wearable Health Solutions,WHSI,182670,0.0001,United States
3514,Stryve Foods,SNAX,178622,0.041,United States
3515,Faraday Future,FFAI,174605,0.0717,United States
3516,Nuwellis,NUWE,160429,1.74,United States
3517,Lipella Pharmaceuticals,LIPO,152487,0.033,United States
3518,Hallmark Financial Services,HALL,145478,0.08,United States
3519,Petros Pharmaceuticals,PTPI,131354,0.0031,United States
3520,AiRWA Inc.,YYAI,126427,0.12,United States
3521,Cenntro Electric Group,CENN,113554,0.0775,United States
3522,Carisma Therapeutics,CARM,104612,0.0025,United States
3523,Loop Media,LPTV,103383,0.0007,United States
3524,Ocean Biomedical,OCEA,92946,0.0004,United States
3525,Remark Holdings,MARK,74282,0.0012,United States
3526,Novo Integrated Sciences,NVOS,73001,0.0037,United States
3527,Vincerx Pharma,VINC,68045,0.013,United States
3528,Vinco Ventures,BBIG,66300,0.0051,United States
3529,PaxMedica,PXMD,63132,0.0005,United States
3530,Mobile Global Esports (Mogo),MGAM,60366,0.0008,United States
3531,ToughBuilt Industries,TBLT,47699,0.011,United States
3532,Presto Automation,PRST,41851,0.0001,United States
3533,Gaming Technologies (Gametech),GMGT,27420,0.0006,United States
3534,Vaxxinity,VAXX,25356,0.0002,United States
3535,Gamer Pakistan,GPAK,15347,0.0006,United States
3536,Movella,MVLA,15272,0.0003,United States
3537,T2 Biosystems,TTOO,14022,0.0005,United States
3538,Trevena,TRVN,9501,0.011,United States
3539,4Front Ventures,FFNTF,9152,1e-05,United States
3540,Freeze Tag,FRZT,7505,0.0001,United States
3541,Adamas One,JEWL,3804,0.0001,United States
3542,USD Partners,USDP,3377,0.0001,United States
3543,Syros Pharmaceuticals,SYRS,2683,0.0001,United States
3544,Viveve Medical,VIVE,2144,0.0002,United States
3545,Telesis Bio,TBIO,1953,0.0011,United States
3546,Calithera Biosciences,CALA,1461,0.0003,United States
3547,Hempacco,HPCO,1184,0.0002,United States
3548,eFFECTOR Therapeutics,EFTR,940,0.0002,United States
3549,Grom Social Enterprises,GROM,902,0.0001,United States
3550,Minerva Surgical,UTRS,887,0.0001,United States
3551,Lightning eMotors,ZEVY,659,0.0001,United States
3552,Applied Aerospace &amp; Defense,AADX,0,0.0,United States
3553,"Forbright, Inc.",FRBT,0,0.0,United States
3554,GigCapital9,GIXXU,0,0.0,United States
3555,Ionic Digital,IOND,0,0.0,United States
3556,Pershing Square USA,PSUS,0,0.0,United States
3557,Saluda Medical,SLD.AX,0,0.0,United States
