Rank,Name,Symbol,marketcap,price (USD),country
1,NVIDIA,NVDA,5269278425088,217.55,United States
2,Apple,AAPL,4498802081792,308.26,United States
3,Alphabet (Google),GOOG,4351899992064,355.84,United States
4,Microsoft,MSFT,3757771587584,506.06,United States
5,Amazon,AMZN,2999565680640,278.09,United States
6,Broadcom,AVGO,2009601933312,422.4,United States
7,SpaceX,SPCX,1827786719232,138.74,United States
8,Meta Platforms (Facebook),META,1515562336256,594.92,United States
9,Tesla,TSLA,1306826244096,330.88,United States
10,Berkshire Hathaway,BRK-B,1141881438208,529.42,United States
11,Eli Lilly,LLY,1098098343936,1231.94,United States
12,Micron Technology,MU,972407504896,861.0,United States
13,JPMorgan Chase,JPM,956388868096,359.79,United States
14,Walmart,WMT,896557187072,112.66,United States
15,AMD,AMD,766544969728,469.56,United States
16,Visa,V,674601566208,361.32,United States
17,Exxon Mobil,XOM,662321102848,159.79,United States
18,Johnson & Johnson,JNJ,630935519232,261.81,United States
19,Mastercard,MA,493342490624,563.17,United States
20,Intel,INTC,491890835456,97.52,United States
21,Cisco,CSCO,483101638656,122.57,United States
22,Bank of America,BAC,446556930048,63.86,United States
23,AbbVie,ABBV,438192078848,247.97,United States
24,Oracle,ORCL,435095175168,151.05,United States
25,Costco,COST,422524452864,952.75,United States
26,Palantir,PLTR,421087903744,175.23,United States
27,Applied Materials,AMAT,414542102528,522.12,United States
28,Caterpillar,CAT,385014497280,837.58,United States
29,Lam Research,LRCX,383391563776,306.4,United States
30,Chevron,CVX,382336106496,194.91,United States
31,General Electric,GE,380474195968,366.7,United States
32,Coca-Cola,KO,373762457600,86.87,United States
33,UnitedHealth,UNH,371194920960,408.74,United States
34,Home Depot,HD,349768581120,350.78,United States
35,Procter & Gamble,PG,341000060928,146.44,United States
36,Morgan Stanley,MS,338498748416,215.33,United States
37,Merck,MRK,323349413888,130.92,United States
38,Netflix,NFLX,317666951168,76.29,United States
39,Palo Alto Networks,PANW,313807601664,385.04,United States
40,RTX,RTX,302059520000,224.12,United States
41,Goldman Sachs,GS,301219708928,1034.51,United States
42,Dell,DELL,295855685632,457.88,United States
43,Philip Morris International,PM,289902100480,186.0,United States
44,Wells Fargo,WFC,264660402176,87.52,United States
45,GE Vernova,GEV,263896629248,990.85,United States
46,Texas Instruments,TXN,256111181824,280.44,United States
47,KLA,KLAC,251823833088,192.74,United States
48,Arista Networks,ANET,241549754368,191.52,United States
49,CrowdStrike,CRWD,229271257088,225.16,United States
50,American Express,AXP,228835475456,338.86,United States
51,Citigroup,C,226823012352,135.22,United States
52,Amgen,AMGN,225166311424,417.2,United States
53,IBM,IBM,222635769856,236.31,United States
54,Thermo Fisher Scientific,TMO,221733748736,599.69,United States
55,Amphenol,APH,206771322880,167.7,United States
56,Verizon,VZ,195399073792,47.03,United States
57,McDonald,MCD,194479669248,273.72,United States
58,T-Mobile US,TMUS,191150080000,178.2,United States
59,Abbott Laboratories,ABT,189195747328,108.62,United States
60,Pepsico,PEP,188139175936,137.73,United States
61,Charles Schwab,SCHW,187809234944,107.99,United States
62,Marvell Technology,MRVL,187191869440,208.56,United States
63,Analog Devices,ADI,187004878848,383.925,United States
64,Boeing,BA,183855792128,232.79,United States
65,BlackRock,BLK,183825563648,1131.4,United States
66,Sandisk,SNDK,180736327680,1237.92,United States
67,Walt Disney,DIS,178159550464,103.18,United States
68,Nextera Energy,NEE,176650764288,84.7,United States
69,Blackstone Group,BX,176311091200,141.66,United States
70,TJX Companies,TJX,175449161728,158.82,United States
71,Union Pacific Corporation,UNP,173612630016,292.24,United States
72,QUALCOMM,QCOM,170278502400,162.17,United States
73,Welltower,WELL,169363243008,235.04,United States
74,Southern Copper,SCCO,166958120960,200.11,United States
75,Gilead Sciences,GILD,164988436480,133.06,United States
76,Booking Holdings (Booking.com),BKNG,164956127232,212.88,United States
77,AT&T,T,164799873024,24.05,United States
78,Deere &amp; Company (John Deere),DE,164570988544,609.28,United States
79,Salesforce,CRM,161760690176,197.51,United States
80,Uber,UBER,159380963328,78.03,United States
81,Interactive Brokers,IBKR,154467926016,90.66,United States
82,Pfizer,PFE,154176159744,27.05,United States
83,Western Digital,WDC,151087972352,438.34,United States
84,ConocoPhillips,COP,147800555520,123.03,United States
85,Danaher,DHR,147184189440,209.37,United States
86,Intuitive Surgical,ISRG,140939427840,393.38,United States
87,Lockheed Martin,LMT,139203739648,603.16,United States
88,Corning,GLW,135616454656,157.76,United States
89,Prologis,PLD,134887399424,138.76,United States
90,Capital One,COF,134338101248,218.97,United States
91,Parker-Hannifin,PH,133714616320,1060.5,United States
92,Vertex Pharmaceuticals,VRTX,132706394112,523.91,United States
93,Stryker Corporation,SYK,132643397632,345.81,United States
94,Bristol-Myers Squibb,BMY,132449607680,64.84,United States
95,ServiceNow,NOW,131755376640,127.44,United States
96,Progressive,PGR,124384493568,213.95,United States
97,Newmont,NEM,123555962880,117.26,United States
98,Lowe's Companies,LOW,122791682048,218.88,United States
99,CVS Health,CVS,122359095296,95.67,United States
100,S&P Global,SPGI,121145114624,410.94,United States
101,Fortinet,FTNT,120483127296,164.21,United States
102,Starbucks,SBUX,119301005312,104.65,United States
103,Snowflake,SNOW,116007026688,334.7,United States
104,AppLovin,APP,113446526976,339.0,United States
105,Howmet Aerospace,HWM,113143947264,283.71,United States
106,Airbnb,ABNB,110595710976,184.7,United States
107,Cloudflare,NET,110594793472,310.59,United States
108,Carvana,CVNA,110355447808,74.16,United States
109,Altria Group,MO,109435011072,65.54,United States
110,Automatic Data Processing,ADP,108720881664,273.675,United States
111,Adobe,ADBE,108501598208,272.96,United States
112,General Dynamics,GD,107132526592,395.97,United States
113,Southern Company,SO,105074155520,91.34,United States
114,Vertiv Holdings,VRT,103985307648,270.1,United States
115,Equinix,EQIX,102952067072,1043.38,United States
116,McKesson,MCK,102584360960,879.87,United States
117,PNC Financial Services,PNC,100452237312,251.76,United States
118,U.S. Bancorp,USB,100011327488,64.19,United States
119,Quanta Services,PWR,99355934720,660.86,United States
120,Freeport-McMoRan,FCX,98714001408,70.51,United States
121,KKR & Co.,KKR,95896403968,103.83,United States
122,Constellation Energy,CEG,95815344128,270.43,United States
123,CME Group,CME,94803066880,263.65,United States
124,Duke Energy,DUK,94492114944,121.19,United States
125,BNY Mellon (Bank of New York Mellon),BK,94143750144,137.16,United States
126,3M,MMM,93882105856,182.04,United States
127,Datadog,DDOG,93639581696,260.78,United States
128,Marathon Petroleum,MPC,93513146368,320.32,United States
129,CSX Corporation,CSX,92846039040,50.12,United States
130,HCA Healthcare,HCA,91848335360,414.03,United States
131,Cadence Design Systems,CDNS,91546091520,331.91,United States
132,Intuit,INTU,91478974464,334.43,United States
133,Marsh & McLennan Companies,MRSH,91047133184,190.79,United States
134,DoorDash,DASH,90931421184,209.86,United States
135,Marriott International,MAR,90861404160,348.44,United States
136,Valero Energy,VLO,90682753024,314.95,United States
137,Waste Management,WM,90575470592,226.6,United States
138,Monster Beverage,MNST,89558048768,91.43,United States
139,Comcast,CMCSA,89425649664,25.2,United States
140,United Parcel Service,UPS,89093849088,104.72,United States
141,Emerson,EMR,88893472768,158.71,United States
142,Sherwin-Williams,SHW,88050802688,362.71,United States
143,Williams Companies,WMB,87884578816,71.85,United States
144,Cummins,CMI,87598227456,634.82,United States
145,Elevance Health,ELV,86248923136,397.7,United States
146,Phillips 66,PSX,85996994560,215.52,United States
147,Robinhood,HOOD,84981260288,94.52,United States
148,Intercontinental Exchange,ICE,84512325632,150.54,United States
149,Illinois Tool Works,ITW,83879288832,294.52,United States
150,Simon Property Group,SPG,83804504064,220.55,United States
151,Regeneron Pharmaceuticals,REGN,83192782848,808.05,United States
152,Moody's,MCO,82804760576,478.14,United States
153,Royal Caribbean Group,RCL,82375237632,308.0,United States
154,Enterprise Products,EPD,82192056320,37.99,United States
155,Northrop Grumman,NOC,82096799744,577.89,United States
156,Ross Stores,ROST,81743036416,254.825,United States
157,Cintas,CTAS,81118371840,202.71,United States
158,Ecolab,ECL,79725453312,284.4,United States
159,General Motors,GM,79555551232,87.96,United States
160,Mondelez International,MDLZ,78982971392,61.53,United States
161,SLB (Schlumberger),SLB,78956421120,53.2,United States
162,Synopsys,SNPS,78828208128,411.68,United States
163,American Tower,AMT,78798503936,169.11,United States
164,The Travelers Companies,TRV,78344945664,375.62,United States
165,Honeywell,HON,76994232320,242.93,United States
166,FedEx,FDX,76907806720,325.08,United States
167,Motorola Solutions,MSI,76454821888,461.98,United States
168,Apollo Global Management,APO,76111847424,132.02,United States
169,EOG Resources,EOG,75750432768,142.22,United States
170,O'Reilly Automotive,ORLY,75274977280,92.23,United States
171,Norfolk Southern,NSC,75007967232,333.95,United States
172,Colgate-Palmolive,CL,74256646144,93.15,United States
173,The Cigna Group,CI,73564545024,278.4,United States
174,Boston Scientific,BSX,73128124416,50.46,United States
175,Hewlett Packard Enterprise,HPE,72407449600,54.68,United States
176,Digital Realty,DLR,72062935040,191.3,United States
177,Energy Transfer LP,ET,70897541120,20.59,United States
178,United Rentals,URI,70802079744,1137.52,United States
179,Hilton Worldwide,HLT,69995184128,311.0,United States
180,Kinder Morgan,KMI,69837283328,31.39,United States
181,Paccar,PCAR,69080137728,131.24,United States
182,Target,TGT,69046132736,152.02,United States
183,Air Products and Chemicals,APD,68627226624,308.18,United States
184,TransDigm Group,TDG,68433620992,1223.48,United States
185,Allstate,ALL,68188209152,269.67,United States
186,Monolithic Power Systems,MPWR,67871395840,1381.1,United States
187,Warner Bros. Discovery,WBD,67366768640,26.87,United States
188,American Electric Power,AEP,66873769984,122.84,United States
189,Republic Services,RSG,65719431168,214.62,United States
190,Arthur J. Gallagher & Co.,AJG,64708153344,252.43,United States
191,Coherent Corp.,COHR,63612125184,325.15,United States
192,Baker Hughes,BKR,63600627712,64.07,United States
193,Truist Financial Corporation,TFC,63353536512,51.86,United States
194,Lumentum,LITE,63291080704,813.51,United States
195,Nucor,NUE,62539935744,274.61,United States
196,Nike,NKE,62470131712,42.11,United States
197,Bloom Energy,BE,62036299776,210.63,United States
198,Cencora,COR,62018830336,325.0,United States
199,MetLife,MET,61660323840,97.03,United States
200,W. W. Grainger,GWW,61256658944,1297.45,United States
201,Aflac,AFL,61245218816,121.94,United States
202,Public Storage,PSA,60824952832,325.71,United States
203,Fastenal,FAST,59842002944,52.15,United States
204,MPLX,MPLX,59564867584,58.7,United States
205,Dominion Energy,D,59060170752,67.15,United States
206,Comfort Systems USA,FIX,58944868352,1674.84,United States
207,Delta Air Lines,DAL,58666549248,89.21,United States
208,Occidental Petroleum,OXY,58628734976,58.65,United States
209,Realty Income,O,58560438272,61.89,United States
210,Ametek,AME,57960857600,252.88,United States
211,Keysight,KEYS,57320013824,335.41,United States
212,Targa Resources,TRGP,57083682816,266.21,United States
213,Teradyne,TER,57080008704,365.1,United States
214,Oneok,OKE,56917164032,90.34,United States
215,Diamondback Energy,FANG,55972909056,198.97,United States
216,Ford,F,55826341888,14.0,United States
217,Cardinal Health,CAH,55548944384,237.18,United States
218,Sempra,SRE,55130337280,84.31,United States
219,Astera Labs,ALAB,55034683392,317.23,United States
220,Ciena,CIEN,54880071680,387.7,United States
221,Cheniere Energy,LNG,54871994368,265.68,United States
222,Autodesk,ADSK,54067965952,256.07,United States
223,L3Harris Technologies,LHX,53950099456,289.72,United States
224,Nasdaq,NDAQ,53449416704,95.62,United States
225,Edwards Lifesciences,EW,52990873600,92.03,United States
226,Electronic Arts,EA,52925640704,209.7,United States
227,Carrier Global,CARR,52692021248,63.44,United States
228,Fifth Third Bank,FITB,51792515072,57.13,United States
229,Honeywell Aerospace,HONA,51689701376,163.09,United States
230,State Street Corporation,STT,51281321984,186.68,United States
231,Cerebras Systems,CBRS,51257856000,230.01,United States
232,Corteva,CTVA,51020480512,76.47,United States
233,PayPal,PYPL,50918338560,59.07,United States
234,HEICO,HEI,50856144896,363.94,United States
235,AutoZone,AZO,50086027264,3067.99,United States
236,Rocket Lab,RKLB,50010492928,80.04,United States
237,Devon Energy,DVN,49896001536,45.36,United States
238,Wabtec,WAB,49686814720,294.16,United States
239,Entergy,ETR,49299615744,105.65,United States
240,Ameriprise Financial,AMP,49285656576,557.53,United States
241,Becton Dickinson,BDX,48928845824,179.63,United States
242,Axon Enterprise,AXON,48444309504,596.33,United States
243,Rockwell Automation,ROK,48330604544,435.22,United States
244,Vistra,VST,48173256704,142.87,United States
245,CoreWeave,CRWV,48113852416,88.19,United States
246,Xcel Energy,XEL,48015642624,76.87,United States
247,eBay,EBAY,47930949632,107.71,United States
248,Block,XYZ,47450791936,78.98,United States
249,Take-Two Interactive,TTWO,47412633600,253.57,United States
250,Ventas,VTR,47165415424,91.95,United States
251,IDEXX Laboratories,IDXX,46995337216,595.76,United States
252,Humana,HUM,46314975232,385.7,United States
253,Natera,NTRA,45888299008,318.35,United States
254,Exelon Corporation,EXC,45846302720,44.5,United States
255,Workday,WDAY,45490044928,184.19,United States
256,Medline,MDLN,45489098752,33.81,United States
257,Ares Management,ARES,45406687232,137.66,United States
258,Credo Technology,CRDO,44742574080,239.935,United States
259,Revolution Medicines,RVMD,44361207808,206.97,United States
260,Microchip Technology,MCHP,44195479552,81.39,United States
261,Old Dominion Freight Line,ODFL,44073652224,212.55,United States
262,Paychex,PAYX,43101646848,121.18,United States
263,Live Nation,LYV,43013644288,184.64,United States
264,Prudential Financial,PRU,42127949824,122.11,United States
265,Agilent Technologies,A,42003279872,148.72,United States
266,Waste Connections,WCN,41895673856,166.22,United States
267,CBRE Group,CBRE,41681469440,143.94,United States
268,Grayscale Bitcoin Trust,GBTC,41085235200,59.34,United States
269,D. R. Horton,DHI,41020989440,146.66,United States
270,MSCI,MSCI,40935915520,563.08,United States
271,American International Group,AIG,40721969152,77.61,United States
272,Chipotle Mexican Grill,CMG,40670531584,32.14,United States
273,BeOne Medicines,ONC,40610856960,359.0,United States
274,Waters Corporation,WAT,40429989888,411.77,United States
275,United Airlines Holdings,UAL,40168751104,123.76,United States
276,Sysco,SYY,40151953408,83.87,United States
277,Roper Technologies,ROP,39945072640,403.89,United States
278,Keurig Dr Pepper,KDP,39870763008,29.3,United States
279,IQVIA,IQV,39831556096,241.99,United States
280,Yum! Brands,YUM,39660716032,145.33,United States
281,Consolidated Edison,ED,39312785408,106.3,United States
282,Coinbase,COIN,39227273216,148.68,United States
283,Rocket Companies,RKT,38963400704,13.76,United States
284,NetApp,NTAP,38933204992,198.72,United States
285,Archer Daniels Midland (ADM),ADM,38792679424,80.49,United States
286,The Hartford,HIG,38693564416,141.15,United States
287,Steel Dynamics,STLD,38497927168,268.6,United States
288,Veeva Systems,VEEV,38123819008,234.69,United States
289,Carnival Corporation,CCL,38007762944,27.75,United States
290,Twilio,TWLO,37952569344,250.06,United States
291,Expedia Group,EXPE,37687275520,314.01,United States
292,PG&amp;E Corporation,PCG,37528334336,17.04,United States
293,"Strategy 
 (MicroStrategy)",MSTR,37396692992,97.33,United States
294,PSEG,PEG,37154844672,74.56,United States
295,Vulcan Materials,VMC,36973998080,285.34,United States
296,The Hershey Company,HSY,36719165440,182.75,United States
297,Kenvue,KVUE,36537765888,19.03,United States
298,M&T Bank,MTB,36397023232,251.13,United States
299,Iron Mountain,IRM,36188753920,121.56,United States
300,Kimberly-Clark,KMB,35856195584,108.02,United States
301,TKO Group Holdings,TKO,35851468800,189.42,United States
302,Emcor,EME,35699466240,809.33,United States
303,Huntington Bancshares,HBAN,35559301120,17.6,United States
304,Venture Global,VG,35426947072,14.26,United States
305,Jabil,JBL,35274477568,336.63,United States
306,Kroger,KR,34602319872,56.48,United States
307,WEC Energy Group,WEC,34579136512,106.12,United States
308,Ubiquiti,UI,34526031872,570.47,United States
309,Raymond James Financial,RJF,34450059264,179.09,United States
310,Northern Trust,NTRS,34370048000,187.86,United States
311,EQT Corporation,EQT,33827907584,54.08,United States
312,MongoDB,MDB,33513572352,416.67,United States
313,Tapestry,TPR,33292929024,164.78,United States
314,GE HealthCare Technologies,GEHC,33179807744,72.94,United States
315,DexCom,DXCM,33075671040,87.65,United States
316,Martin Marietta Materials,MLM,33008580608,549.54,United States
317,Centene,CNC,32885248000,66.57,United States
318,Everpure,P,32569036800,97.98,United States
319,"Cheniere Energy
Partners",CQP,32562558976,67.27,United States
320,Extra Space Storage,EXR,32368236544,146.66,United States
321,Teledyne Technologies,TDY,31978686464,690.25,United States
322,ResMed,RMD,31919656960,220.05,United States
323,Casey's General Stores,CASY,31619217408,854.46,United States
324,Estee Lauder,EL,31544899584,87.19,United States
325,Zoom,ZM,31434493952,107.2,United States
326,Crown Castle,CCI,31317774336,73.61,United States
327,ATI Inc.,ATI,31072720896,228.19,United States
328,ON Semiconductor,ON,31059288064,79.78,United States
329,Zoetis,ZTS,30921523200,74.83,United States
330,Citizens Financial Group,CFG,30606917632,72.67,United States
331,Biogen,BIIB,30604285952,207.13,United States
332,Reddit,RDDT,30537175040,158.72,United States
333,Cboe Global Markets,CBOE,29764927488,285.02,United States
334,Ameren,AEE,29622228992,107.0,United States
335,Kraft Heinz,KHC,29562587136,24.93,United States
336,Williams-Sonoma,WSM,29533204480,250.82,United States
337,Las Vegas Sands,LVS,29444495360,45.46,United States
338,Insmed,INSM,29426907136,134.75,United States
339,LPL Financial,LPLA,29300791296,372.11,United States
340,Coupang,CPNG,29062090752,16.19,United States
341,Alnylam Pharmaceuticals,ALNY,29033902080,216.98,United States
342,Illumina,ILMN,28960288768,191.79,United States
343,VICI Properties,VICI,28705089536,26.07,United States
344,Mettler Toledo,MTD,28602791936,1427.53,United States
345,Zscaler,ZS,28570836992,176.68,United States
346,Copart,CPRT,28504295424,29.59,United States
347,DTE Energy,DTE,28462284800,136.78,United States
348,Blue Owl Capital,OWL,28453261312,11.65,United States
349,Atmos Energy,ATO,28376559616,167.92,United States
350,Dover Corporation,DOV,28296314880,210.1,United States
351,Xylem,XYL,28296267776,121.19,United States
352,Qnity Electronics,Q,28128907264,134.37,United States
353,Halliburton,HAL,28102780928,33.64,United States
354,Carpenter Technology,CRS,27822948352,559.98,United States
355,Fiserv,FISV,27768858624,52.22,United States
356,Otis Worldwide,OTIS,27739375616,72.87,United States
357,Cognizant Technology Solutions,CTSH,27580631040,58.31,United States
358,GlobalFoundries,GFS,27464992768,50.05,United States
359,HP,HPQ,27252774912,29.8,United States
360,FirstEnergy,FE,27047440384,46.76,United States
361,Dollar General,DG,27004215296,122.42,United States
362,American Water,AWK,26917840896,135.45,United States
363,Regions Financial,RF,26801702912,31.46,United States
364,Eversource Energy,ES,26765615104,71.17,United States
365,AST SpaceMobile,ASTS,26687447040,68.76,United States
366,Cincinnati Financial,CINF,26683693056,173.86,United States
367,Hubbell,HUBB,26679812096,504.9,United States
368,VeriSign,VRSN,26517936128,293.34,United States
369,Roblox,RBLX,26467627008,37.05,United States
370,Okta,OKTA,26436984832,150.77,United States
371,CenterPoint Energy,CNP,26368571392,40.03,United States
372,PPL,PPL,26324740096,34.99,United States
373,W. R. Berkley,WRB,26290333696,70.82,United States
374,AvalonBay Communities,AVB,26251978752,183.84,United States
375,Quest Diagnostics,DGX,26228021248,237.63,United States
376,SharkNinja,SN,26226057216,186.17,United States
377,Corpay,CPAY,26202286080,400.88,United States
378,Edison International,EIX,26101934080,67.83,United States
379,LabCorp,LH,26058240000,321.31,United States
380,EchoStar,ECHO,25897248768,89.15,United States
381,Formula One Group,FWONK,25755283456,102.73,United States
382,First Solar,FSLR,25720745984,239.33,United States
383,PPG Industries,PPG,25671204864,115.48,United States
384,Curtiss-Wright,CW,25645430784,694.35,United States
385,Equity Residential,EQR,25448861696,65.83,United States
386,Synchrony Financial,SYF,25440747520,78.19,United States
387,First Citizens BancShares,FCNCA,25438767104,2233.35,United States
388,Affirm,AFRM,25298237440,75.54,United States
389,NRG Energy,NRG,24996128768,118.91,United States
390,J. B. Hunt,JBHT,24990547968,266.14,United States
391,Darden Restaurants,DRI,24965193728,217.97,United States
392,Dollar Tree,DLTR,24861626368,129.37,United States
393,West Pharmaceutical Services,WST,24781416448,352.13,United States
394,PulteGroup,PHM,24772751360,130.05,United States
395,Coterra Energy,CTRA,24724652032,32.56,United States
396,Incyte,INCY,24637911040,121.55,United States
397,Church & Dwight,CHD,24503164928,103.3,United States
398,Principal Financial Group,PFG,24367249408,113.81,United States
399,KeyCorp (KeyBank),KEY,24313753600,22.68,United States
400,Symbotic,SYM,24281182208,40.11,United States
401,T. Rowe Price,TROW,24268943360,113.77,United States
402,Ralph Lauren,RL,24243419136,406.89,United States
403,Texas Pacific Land Corporation,TPL,24171487232,350.44,United States
404,Omnicom Group,OMC,24125775872,84.65,United States
405,"Arxis, Inc.",ARXS,24008949760,57.51,United States
406,Brown &amp; Brown,BRO,23958102016,71.6,United States
407,US Foods,USFD,23922677760,108.63,United States
408,Moderna,MRNA,23878299648,59.81,United States
409,Verisk Analytics,VRSK,23738535936,181.18,United States
410,Rivian,RIVN,23730434048,16.39,United States
411,Veralto,VLTO,23674771456,97.11,United States
412,Fox Corporation,FOX,23638892544,56.33,United States
413,ULTA Beauty,ULTA,23586514944,548.66,United States
414,XPO Logistics,XPO,23473494016,200.48,United States
415,SoFi,SOFI,23403255808,18.12,United States
416,Burlington Stores,BURL,23341445120,371.5,United States
417,Expand Energy,EXE,23339165696,97.56,United States
418,Expeditors International,EXPD,23268321280,179.0,United States
419,Loews Corporation,L,23263875072,113.8,United States
420,Samsara,IOT,23226824704,39.86,United States
421,F5,FFIV,23216578560,409.99,United States
422,Markel Group,MKL,22798514176,1840.08,United States
423,Global Payments,GPN,22791581696,86.13,United States
424,Constellation Brands,STZ,22783592448,133.39,United States
425,United Therapeutics,UTHR,22717483008,529.66,United States
426,Packaging Corporation of America,PKG,22697881600,254.75,United States
427,MACOM Technology Solutions,MTSI,22684456960,297.03,United States
428,Fair Isaac (FICO),FICO,22671902720,1049.74,United States
429,Tradeweb,TW,22609297408,103.7,United States
430,Roku,ROKU,22535936000,151.84,United States
431,Guardant Health,GH,22438942720,167.21,United States
432,Dow,DOW,22089179136,30.58,United States
433,FTAI Aviation,FTAI,22082023424,215.0,United States
434,Fidelity National Information Services,FIS,21972531200,42.51,United States
435,Southwest Airlines,LUV,21965449216,44.9,United States
436,Entegris,ENTG,21963184128,144.21,United States
437,International Paper,IP,21892419584,41.34,United States
438,Reliance,RS,21875699712,428.49,United States
439,International Flavors & Fragrances,IFF,21723770880,85.09,United States
440,Bunge Global SA,BG,21642219520,112.65,United States
441,MasTec,MTZ,21544210432,268.28,United States
442,CMS Energy,CMS,21333987328,69.06,United States
443,Equifax,EFX,21269465088,181.04,United States
444,Snap-on,SNA,21265537024,411.11,United States
445,FedEx Freight,FDXF,21134389248,141.35,United States
446,Woodward,WWD,21026805760,356.11,United States
447,Tenet Healthcare,THC,20929302528,259.93,United States
448,SiTime,SITM,20747812864,689.96,United States
449,Charter Communications,CHTR,20660039680,153.29,United States
450,Toast,TOST,20628819968,35.69,United States
451,Lennar,LEN,20620623872,85.6,United States
452,Supermicro,SMCI,20350623744,31.46,United States
453,TD Synnex,SNX,20288733184,253.74,United States
454,LyondellBasell,LYB,20238327808,62.65,United States
455,Rubrik,RBRK,20152674304,97.91,United States
456,Tyson Foods,TSN,20108974080,57.16,United States
457,Broadridge Financial Solutions,BR,20055148544,173.4,United States
458,NiSource,NI,20036020224,41.78,United States
459,Exact Sciences,EXAS,20026083328,104.91,United States
460,General Mills,GIS,19885973504,37.26,United States
461,Royal Gold,RGLD,19837333504,234.13,United States
462,MKS Instruments,MKSI,19767994368,292.35,United States
463,Western Midstream,WES,19584477184,47.4,United States
464,Essex Property Trust,ESS,19520585728,283.21,United States
465,SBA Communications,SBAC,19207254016,181.05,United States
466,Dick's Sporting Goods,DKS,19162492928,214.1,United States
467,Dupont De Nemours,DD,19111997440,141.55,United States
468,ITT,ITT,19038855168,211.92,United States
469,TPG Inc.,TPG,18985031680,49.4,United States
470,Unity Software,U,18967832576,43.1,United States
471,Evergy,EVRG,18927257600,82.09,United States
472,Fortive,FTV,18825168896,61.75,United States
473,SS&C Technologies,SSNC,18718427136,79.77,United States
474,Viatris,VTRS,18699059200,16.28,United States
475,Coeur Mining,CDE,18657019904,18.15,United States
476,Zimmer Biomet,ZBH,18650331136,97.78,United States
477,Genuine Parts Company,GPC,18547650560,134.54,United States
478,CF Industries,CF,18384556032,121.48,United States
479,APi Group,APG,18289022976,42.32,United States
480,Circle Internet Group,CRCL,18277435392,67.05,United States
481,Weyerhaeuser,WY,18227415040,25.29,United States
482,Lattice Semiconductor,LSCC,18189260800,128.32,United States
483,East West Bancorp,EWBC,18062956544,131.85,United States
484,Tractor Supply,TSCO,18038409216,34.62,United States
485,Zebra Technologies,ZBRA,18009231360,378.08,United States
486,Rollins,ROL,17913042944,37.23,United States
487,Performance Food Group,PFGC,17875255296,113.79,United States
488,WESCO International,WCC,17863028736,366.55,United States
489,Permian Resources,PR,17781336064,21.23,United States
490,Invitation Homes,INVH,17755914240,29.89,United States
491,Alliant Energy,LNT,17685809152,68.21,United States
492,RBC Bearings,RBC,17618368512,556.5,United States
493,Ovintiv,OVV,17580695552,63.56,United States
494,News Corp,NWS,17572593664,32.5,United States
495,Gen Digital,GEN,17532323840,29.29,United States
496,Leidos,LDOS,17496758272,139.1,United States
497,Nutanix,NTNX,17424859136,64.46,United States
498,Jacobs Engineering,J,17396856832,147.33,United States
499,Best Buy,BBY,17373534208,82.43,United States
500,C. H. Robinson,CHRW,17327872000,148.29,United States
501,Annaly Capital Management,NLY,17267597312,22.91,United States
502,Nordson,NDSN,17199294464,308.685,United States
503,Carlyle Group,CG,17198440448,47.8,United States
504,IDEX,IEX,17196640256,233.27,United States
505,CDW Corporation,CDW,17056125952,136.43,United States
506,Franklin Resources,BEN,17030737920,33.52,United States
507,Hologic,HOLX,16968846336,76.01,United States
508,Akamai,AKAM,16941599744,117.65,United States
509,Medpace,MEDP,16814818304,602.43,United States
510,NVR,NVR,16768045056,6292.28,United States
511,Neurocrine Biosciences,NBIX,16763982848,164.92,United States
512,Ball Corporation,BALL,16661706752,62.58,United States
513,BridgeBio Pharma,BBIO,16583571456,84.67,United States
514,Ryan Specialty,RYAN,16555758592,42.45,United States
515,Talen Energy,TLN,16443695104,343.19,United States
516,Jones Lang LaSalle,JLL,16440853504,357.35,United States
517,Plains All American Pipeline,PAA,16410668032,23.26,United States
518,PTC,PTC,16386616320,151.02,United States
519,Clean Harbors,CLH,16364047360,310.0,United States
520,Kimco Realty,KIM,16172732416,24.11,United States
521,Sterling Infrastructure,STRL,16166337536,528.51,United States
522,W. P. Carey,WPC,16096861184,70.66,United States
523,Hyatt Hotels,H,16027784192,170.08,United States
524,"QXO, Inc.",QXO,15961446400,15.38,United States
525,IonQ,IONQ,15875170304,42.53,United States
526,Nextpower,NXT,15810923520,102.91,United States
527,Reinsurance Group of America,RGA,15807193088,242.1,United States
528,Pinnacle Financial Partners,PNFP,15798827008,104.55,United States
529,Mid-America Apartment Communities,MAA,15791686656,132.34,United States
530,UL Solutions,ULS,15732001792,78.05,United States
531,Host Hotels & Resorts,HST,15727681536,22.67,United States
532,Lamar Advertising,LAMR,15703642112,154.64,United States
533,Textron,TXT,15510896640,89.2,United States
534,Stanley Black &amp; Decker,SWK,15500347392,102.64,United States
535,Albemarle,ALB,15483444224,131.21,United States
536,BWX Technologies,BWXT,15473121280,168.88,United States
537,Corebridge Financial,CRBG,15374694400,34.49,United States
538,Carlisle Companies,CSL,15299869696,385.25,United States
539,Viper Energy,VNOM,15254296576,42.37,United States
540,Mueller Industries,MLI,15239398400,68.9,United States
541,Madison Air Solutions,MAIR,15217247232,30.33,United States
542,DigitalOcean,DOCN,15166486528,129.73,United States
543,TransUnion,TRU,15163224064,79.14,United States
544,Sun Communities,SUI,15160456192,118.57,United States
545,HF Sinclair,DINO,15150740480,85.22,United States
546,Lincoln Electric,LECO,15116080128,277.33,United States
547,IES Holdings,IESC,14964984832,751.09,United States
548,Omega Healthcare Investors,OHI,14946581504,47.39,United States
549,Pershing Square Inc.,PS,14932000768,37.33,United States
550,Cooper Companies,COO,14884737024,76.32,United States
551,Healthpeak Properties,DOC,14816997376,20.9,United States
552,RPM International,RPM,14797652992,115.93,United States
553,Masco,MAS,14733844480,74.72,United States
554,Aramark,ARMK,14649143296,55.71,United States
555,Lennox,LII,14628842496,423.28,United States
556,Dynatrace,DT,14614836224,50.57,United States
557,Unum,UNM,14601950208,91.39,United States
558,Solventum,SOLV,14504763392,85.21,United States
559,Onto Innovation,ONTO,14492788736,291.35,United States
560,Guidewire Software,GWRE,14398356480,172.94,United States
561,U-Haul,UHAL,14387062784,74.01,United States
562,Equitable Holdings,EQH,14380762112,52.67,United States
563,APA Corporation,APA,14371419136,41.02,United States
564,Baxter,BAX,14362148864,27.78,United States
565,Ares Capital,ARCC,14346096640,19.98,United States
566,CACI International Inc,CACI,14325806080,648.24,United States
567,McCormick & Company,MKC,14284083200,53.13,United States
568,Regency Centers,REG,14229429248,76.11,United States
569,Globe Life,GL,14229178368,183.26,United States
570,Penske Automotive Group,PAG,14200909824,216.27,United States
571,Assurant,AIZ,14166772736,287.22,United States
572,BorgWarner,BWA,14110004224,69.28,United States
573,Toll Brothers,TOL,14020649984,150.0,United States
574,Invesco,IVZ,14013209600,31.74,United States
575,AMH (American Homes 4 Rent),AMH,13991662592,34.13,United States
576,UDR Apartments,UDR,13953618944,37.66,United States
577,CNA Financial,CNA,13873710080,51.27,United States
578,Warner Music Group,WMG,13815328768,26.41,United States
579,TTM Technologies,TTMI,13703780352,130.08,United States
580,Aurora Innovation,AUR,13689197568,6.98,United States
581,DT Midstream,DTM,13688412160,134.18,United States
582,Pinterest,PINS,13651034112,24.37,United States
583,Avery Dennison,AVY,13642060800,178.35,United States
584,Texas Roadhouse,TXRH,13636267008,207.46,United States
585,Somnigroup International,SGI,13635891200,64.82,United States
586,Wayfair,W,13629958144,103.26,United States
587,Alcoa,AA,13625645056,51.63,United States
588,Trimble,TRMB,13623036928,58.44,United States
589,Hormel Foods,HRL,13592020992,24.7,United States
590,Sunoco,SUN,13539420160,71.86,United States
591,Figma,FIG,13533119488,25.39,United States
592,Graco,GGG,13503709184,83.38,United States
593,Watsco,WSO,13456622592,326.71,United States
594,BioMarin Pharmaceutical,BMRN,13333359616,68.88,United States
595,Hasbro,HAS,13327291392,94.49,United States
596,Ally Financial,ALLY,13320904704,43.79,United States
597,Deckers Brands,DECK,13269560320,97.44,United States
598,Applied Industrial Technologies,AIT,13224123392,357.8,United States
599,Charles River Laboratories,CRL,13223667712,277.0,United States
600,Erie Indemnity,ERIE,13195348992,252.35,United States
601,Brown Forman,BF-A,13160226816,28.68,United States
602,Exelixis,EXEL,13122518016,52.96,United States
603,Amkor Technology,AMKR,13105019904,52.87,United States
604,Crown Holdings,CCK,13084977152,120.31,United States
605,Tyler Technologies,TYL,13048623104,318.63,United States
606,Huntington Ingalls Industries,HII,13035436032,330.81,United States
607,Clorox,CLX,13023228928,107.7,United States
608,Five Below,FIVE,13014313984,235.36,United States
609,Revvity,RVTY,12943164416,116.02,United States
610,Equity LifeStyle Properties,ELS,12940789760,64.58,United States
611,Fidelity National Financial,FNF,12916870144,47.99,United States
612,Kinetik,KNTK,12871723008,51.27,United States
613,Penumbra,PEN,12840165376,325.98,United States
614,Watts Water Technologies,WTS,12822429696,384.1,United States
615,Gaming and Leisure Properties,GLPI,12821615616,42.81,United States
616,AGNC Investment,AGNC,12755780608,10.76,United States
617,CoStar Group,CSGP,12755619840,31.48,United States
618,Webster Financial,WBS,12752031744,78.7,United States
619,Stifel,SF,12684966912,83.68,United States
620,Crane Company,CR,12678508544,219.35,United States
621,J.M. Smucker Company,SJM,12619403264,118.07,United States
622,Advanced Energy,AEIS,12595462144,314.49,United States
623,SEI Investments,SEIC,12568409088,104.72,United States
624,Align Technology,ALGN,12505856000,176.04,United States
625,Encompass Health,EHC,12480235520,125.81,United States
626,Arrowhead Pharmaceuticals,ARWR,12441901056,88.33,United States
627,Coca-Cola Consolidated,COKE,12351005696,185.55,United States
628,Corcept Therapeutics,CORT,12348080128,114.23,United States
629,BJ's Wholesale Club,BJ,12284011520,96.2,United States
630,"BXP, Inc.",BXP,12281577472,67.9,United States
631,Semtech,SMTC,12227954688,131.27,United States
632,Pershing Square Holdings,PSHZF,12225084416,56.685,United States
633,Gartner,IT,12198488064,193.17,United States
634,Halozyme Therapeutics,HALO,12172066816,102.62,United States
635,Generac,GNRC,12160472064,206.09,United States
636,BrightSpring Health Services,BTSG,12158757888,61.45,United States
637,Owens Corning,OC,12157686784,153.8,United States
638,DraftKings,DKNG,12041047040,24.27,United States
639,Dycom Industries,DY,12031155200,400.79,United States
640,Pinnacle West Capital,PNW,12026401792,99.23,United States
641,Leonardo DRS,DRS,12023462912,45.05,United States
642,First Horizon Corporation,FHN,11953397760,25.23,United States
643,American Financial Group,AFG,11929910272,143.87,United States
644,Madrigal Pharmaceuticals,MDGL,11906481152,515.34,United States
645,Instacart (Maplebear Inc.),CART,11883107328,50.56,United States
646,DaVita,DVA,11790142464,183.69,United States
647,Hecla Mining,HL,11771001856,17.55,United States
648,Kratos Defense &amp; Security Solutions,KTOS,11704996864,62.42,United States
649,Globus Medical,GMED,11694399488,86.15,United States
650,ViaSat,VSAT,11685136384,84.825,United States
651,Chime Financial,CHYM,11679350784,30.85,United States
652,GoDaddy,GDDY,11586998272,91.49,United States
653,Littelfuse,LFUS,11561001984,455.18,United States
654,Regal Rexnord,RRX,11548361728,173.42,United States
655,Domino's Pizza,DPZ,11507481600,347.85,United States
656,Evercore,EVR,11459263488,297.97,United States
657,Forgent Power Solutions,FPS,11446525952,37.6,United States
658,Manhattan Associates,MANH,11409699840,195.69,United States
659,Antero Resources,AR,11396763648,37.07,United States
660,DocuSign,DOCU,11387936768,59.64,United States
661,Axsome Therapeutics,AXSM,11366947840,220.89,United States
662,Service Corporation International,SCI,11366718464,83.4,United States
663,Essential Utilities,WTRG,11288712192,39.78,United States
664,Jefferies Financial Group,JEF,11249611776,55.31,United States
665,Avidity Biosciences,RNAM,11249150976,72.82,United States
666,Bio-Techne,TECH,11237064704,72.12,United States
667,Applied Optoelectronics,AAOI,11231640576,132.81,United States
668,Donaldson Company,DCI,11213235200,96.74,United States
669,Dayforce,DAY,11180042240,69.86,United States
670,Knight-Swift Transportation,KNX,11176454144,68.67,United States
671,Confluent,CFLT,11133729792,30.99,United States
672,Elanco,ELAN,11131574272,22.28,United States
673,"Popular, Inc. (Banco Popular de Puerto Rico)",BPOP,11110248448,173.96,United States
674,PJT Partners,PJT,11109024768,169.36,United States
675,UMB Financial,UMBF,11097059328,146.11,United States
676,Jack Henry &amp; Associates,JKHY,11018555392,155.08,United States
677,SailPoint,SAIL,11009021952,19.41,United States
678,Camden Property Trust,CPT,10966833152,109.08,United States
679,Bitmine Immersion Technologies,BMNR,10918397952,18.1,United States
680,MGM Resorts,MGM,10909062144,43.36,United States
681,Dutch Bros,BROS,10880524288,51.29,United States
682,Globalstar,GSAT,10859356160,83.815,United States
683,EastGroup Properties,EGP,10854681600,201.86,United States
684,Cognex,CGNX,10826886144,64.36,United States
685,HubSpot,HUBS,10766611456,215.91,United States
686,Wintrust Financial,WTFC,10740582400,159.2,United States
687,The Ensign Group,ENSG,10720471040,183.94,United States
688,Glaukos,GKOS,10700865536,181.42,United States
689,American Healthcare REIT,AHR,10690306048,55.47,United States
690,Advanced Drainage Systems,WMS,10682675200,141.67,United States
691,JFrog,FROG,10676704256,88.15,United States
692,Sanmina,SANM,10673912832,199.15,United States
693,Bentley Systems,BSY,10666900480,35.31,United States
694,SPX Technologies,SPXC,10635732992,212.35,United States
695,Acuity Brands,AYI,10579222528,353.4,United States
696,Wynn Resorts,WYNN,10554823680,102.5,United States
697,South State Corp,SSB,10527555584,108.56,United States
698,Cytokinetics,CYTK,10520862720,77.49,United States
699,AES,AES,10504812544,14.73,United States
700,Universal Health Services,UHS,10457050112,172.74,United States
701,New York Times,NYT,10451176448,64.8,United States
702,Antero Midstream,AM,10414347264,21.94,United States
703,Molina Healthcare,MOH,10379448320,198.84,United States
704,Paramount Skydance,PSKY,10374734848,9.27,United States
705,Rambus,RMBS,10369253376,95.89,United States
706,Skyworks Solutions,SWKS,10346426368,68.79,United States
707,Arrow Electronics,ARW,10311912448,202.57,United States
708,Zions Bancorporation,ZION,10307226624,70.62,United States
709,Cullen/Frost Bankers,CFR,10294945792,165.65,United States
710,Lineage,LINE,10285382656,41.35,United States
711,Allison Transmission,ALSN,10282616832,124.52,United States
712,Old Republic International,ORI,10253657088,42.47,United States
713,Praxis Precision Medicines,PRAX,10230394880,366.96,United States
714,Murphy USA,MUSA,10211333120,552.84,United States
715,Federal Realty Investment Trust,FRT,10180752384,117.13,United States
716,Flowserve,FLS,10159380480,79.49,United States
717,Old National Bank,ONB,10145756160,26.52,United States
718,Modine Manufacturing,MOD,10145057792,191.01,United States
719,Apogee Therapeutics,APGE,10123486208,134.65,United States
720,Westlake Corporation,WLK,10107427840,79.09,United States
721,FactSet,FDS,10104882176,284.12,United States
722,Chart Industries,GTLS,10047718400,209.9,United States
723,Henry Schein,HSIC,10033788928,88.08,United States
724,Darling Ingredients,DAR,9985405952,62.83,United States
725,Ryder,R,9976321024,260.16,United States
726,TopBuild,BLD,9935550464,354.53,United States
727,Tempus AI,TEM,9934737408,55.06,United States
728,American Airlines,AAL,9929548800,15.0,United States
729,Insulet,PODD,9907248128,142.85,United States
730,Dillard's,DDS,9900897280,633.98,United States
731,Krystal Biotech,KRYS,9814677504,331.59,United States
732,Nuvalent,NUVL,9792580608,123.96,United States
733,Brinker International,EAT,9758688256,227.54,United States
734,MP Materials,MP,9730693120,54.66,United States
735,Protagonist Therapeutics,PTGX,9706243072,150.0,United States
736,Sirius XM,SIRI,9700785152,28.78,United States
737,Oshkosh Corporation,OSK,9688769536,155.39,United States
738,Primerica,PRI,9649314816,313.52,United States
739,Vicor,VICR,9627546624,208.81,United States
740,Paycom,PAYC,9620537344,213.45,United States
741,Smithfield Foods,SFD,9616583680,24.44,United States
742,Affiliated Managers Group,AMG,9597887488,363.39,United States
743,Solstice Advanced Materials,SOLS,9581673472,60.32,United States
744,AeroVironment,AVAV,9572508672,189.15,United States
745,Valmont Industries,VMI,9556175872,492.24,United States
746,CareTrust REIT,CTRE,9550970880,40.42,United States
747,OGE Energy,OGE,9530365952,46.18,United States
748,Compass,COMP,9518792704,12.4,United States
749,Saia,SAIA,9490039808,355.77,United States
750,Life Time Group,LTH,9488194560,42.46,United States
751,Bio-Rad Laboratories,BIO,9488057344,354.54,United States
752,Ionis Pharmaceuticals,IONS,9462535168,56.94,United States
753,Madison Square Garden Sports,MSGS,9434703872,391.87,United States
754,Masimo,MASI,9423817728,179.95,United States
755,AECOM,ACM,9420730368,73.3,United States
756,StandardAero,SARO,9418931200,28.33,United States
757,Range Resources,RRC,9414947840,40.29,United States
758,The Toro Company,TTC,9395346432,98.66,United States
759,Booz Allen Hamilton,BAH,9370200064,77.9,United States
760,CubeSmart,CUBE,9293105152,40.99,United States
761,Avantor,AVTR,9286407168,13.73,United States
762,Chewy,CHWY,9248892928,22.59,United States
763,Agree Realty,ADC,9247395840,74.14,United States
764,Liberty Live Holdings,LLYVA,9239179264,100.42,United States
765,Repligen,RGEN,9208599552,163.17,United States
766,Mohawk Industries,MHK,9188678656,135.65,United States
767,VIAVI Solutions,VIAV,9176706048,37.2,United States
768,Brixmor Property Group,BRX,9147864064,29.81,United States
769,Spyre Therapeutics,SYRE,9146989568,105.33,United States
770,Voya Financial,VOYA,9087484928,100.23,United States
771,Levi Strauss &amp; Co.,LEVI,9086321664,23.61,United States
772,Element Solutions,ESI,9082179584,37.27,United States
773,FirstCash,FCFS,9052995584,208.73,United States
774,Snap,SNAP,9047907328,5.35,United States
775,Kymera Therapeutics,KYMR,9028494336,108.58,United States
776,InterDigital,IDCC,8986942464,348.25,United States
777,Tetra Tech,TTEK,8971797504,35.04,United States
778,Core &amp; Main,CNM,8960903168,46.3,United States
779,HealthEquity,HQY,8952254464,106.79,United States
780,Crinetics Pharmaceuticals,CRNX,8927911936,84.15,United States
781,Procore,PCOR,8842280960,58.19,United States
782,Columbia Banking System,COLB,8840859648,31.26,United States
783,Jackson Financial,JXN,8831827968,130.4,United States
784,Prosperity Bancshares,PB,8813763584,73.34,United States
785,NNN REIT,NNN,8801973248,45.86,United States
786,Timken Company,TKR,8795920384,126.57,United States
787,Western Alliance Bancorporation,WAL,8780437504,80.48,United States
788,FormFactor,FORM,8767572992,112.47,United States
789,Lincoln National Corporation,LNC,8745314304,45.68,United States
790,Joby Aviation,JOBY,8714184704,8.81,United States
791,BOK Financial,BOKF,8698400768,143.16,United States
792,Vaxcyte,PCVX,8673859584,58.29,United States
793,First Industrial Realty Trust,FR,8636146688,63.03,United States
794,Houlihan Lokey,HLI,8623294464,123.39,United States
795,Bruker,BRKR,8580876288,56.32,United States
796,Qorvo,QRVO,8556705792,96.995,United States
797,Oscar Health,OSCR,8539902464,27.67,United States
798,Primo Brands,PRMB,8518943744,23.51,United States
799,Norwegian Cruise Line,NCLH,8517934080,18.55,United States
800,AptarGroup,ATR,8499524608,133.68,United States
801,A. O. Smith,AOS,8482054144,62.41,United States
802,Zurn Elkay Water Solutions,ZWS,8469021184,51.06,United States
803,Commerce Bancshares,CBSH,8439390720,58.65,United States
804,Match Group,MTCH,8431407616,36.73,United States
805,GameStop,GME,8430909440,18.79,United States
806,Kinsale Capital Group,KNSL,8396127232,368.6,United States
807,Eastman Chemical,EMN,8393860608,73.42,United States
808,Hess Midstream,HESM,8374965248,40.62,United States
809,NewMarket Corp,NEU,8368545280,909.98,United States
810,Applied Digital,APLD,8365897728,29.06,United States
811,Lithia Motors,LAD,8350066688,379.84,United States
812,CarMax,KMX,8341534720,58.78,United States
813,Rexford Industrial,REXR,8338333184,36.47,United States
814,Alexandria Real Estate Equities,ARE,8320806400,48.35,United States
815,ServiceTitan,TTAN,8289095168,86.89,United States
816,Immunovant,IMVT,8239386624,39.89,United States
817,Planet Labs,PL,8232898560,23.1,United States
818,Clearway Energy,CWEN,8151319552,33.05,United States
819,Argan,AGX,8148827648,581.26,United States
820,Commercial Metals Company,CMC,8098807296,73.21,United States
821,Valley Bank,VLY,8095666688,14.65,United States
822,Liquidia Corporation,LQDA,8095124480,91.03,United States
823,TeraWulf,WULF,8083292672,16.2,United States
824,Idacorp,IDA,8079955456,139.69,United States
825,UiPath,PATH,8077494784,15.59,United States
826,Dropbox,DBX,8069869568,34.59,United States
827,Lear Corporation,LEA,8046892032,120.87,United States
828,Simpson Manufacturing Company,SSD,8034725888,195.31,United States
829,Axalta,AXTA,8012908544,37.44,United States
830,Elastic NV,ESTC,7994632192,76.32,United States
831,Avnet,AVT,7989145600,97.4,United States
832,Vornado Realty Trust,VNO,7964361216,38.89,United States
833,Sprouts Farmers Market,SFM,7956819968,85.33,United States
834,ImmunityBio,IBRX,7938173440,7.49,United States
835,Molson Coors,TAP,7928021504,42.52,United States
836,Central Bancompany,CBC,7921940480,33.04,United States
837,Rhythm Pharmaceuticals,RYTM,7921186304,115.48,United States
838,Allegro MicroSystems,ALGM,7914630656,42.46,United States
839,Galaxy Digital Holdings,7LX.F,7887111260,22.3715,United States
840,Hanover Insurance Group,THG,7860664832,225.75,United States
841,Ozon,OZON.ME,7860050441,35.14,United States
842,PBF Energy,PBF,7857807872,66.29,United States
843,Twist Bioscience,TWST,7830902784,124.88,United States
844,StoneX Group,SNEX,7806315520,64.72,United States
845,Chord Energy,CHRD,7798563328,138.52,United States
846,ESCO Technologies,ESE,7793136128,300.81,United States
847,National Fuel Gas,NFG,7776589824,81.82,United States
848,Armstrong World Industries,AWI,7748889088,183.35,United States
849,Builders FirstSource,BLDR,7744793088,71.98,United States
850,Gap Inc.,GAP,7743147008,21.51,United States
851,Oklo,OKLO,7740859392,44.49,United States
852,Federal Signal,FSS,7738245120,126.77,United States
853,Paylocity,PCTY,7727746560,145.65,United States
854,Ralliant Corporation,RAL,7677309952,69.39,United States
855,PACS Group,PACS,7668297216,48.45,United States
856,Hexcel,HXL,7625113088,100.83,United States
857,SentinelOne,S,7591147008,22.23,United States
858,Zillow,Z,7589530112,33.75,United States
859,Terex,TEX,7582661632,66.34,United States
860,Ryman Hospitality Properties,RHP,7569956864,119.95,United States
861,SM Energy,SM,7554245120,31.76,United States
862,Powell Industries,POWL,7549366272,207.22,United States
863,Morningstar,MORN,7541353472,201.03,United States
864,TG Therapeutics,TGTX,7524874752,49.16,United States
865,The Mosaic Company,MOS,7461010432,23.47,United States
866,MSA Safety,MSA,7450625024,193.13,United States
867,Terreno Realty,TRNO,7449210368,68.36,United States
868,10x Genomics,TXG,7435824128,58.57,United States
869,Hinge Health,HNGE,7389187584,91.57,United States
870,Etsy,ETSY,7379252224,80.4,United States
871,NOV,NOV,7379097088,20.7,United States
872,First American Financial Corporation,FAF,7372640768,72.21,United States
873,Hims &amp; Hers Health,HIMS,7353411072,31.77,United States
874,Riot Platforms,RIOT,7336133632,19.4,United States
875,Clearwater Analytics,CWAN,7330872320,24.56,United States
876,Aaon,AAON,7309800960,89.24,United States
877,Fluor Corporation,FLR,7297751552,52.25,United States
878,Navan,NAVN,7294220800,28.68,United States
879,UGI Corporation,UGI,7290683904,33.99,United States
880,Air Lease Corporation,AL,7282301440,65.0,United States
881,POOLCORP,POOL,7267422720,199.98,United States
882,OneMain Financial,OMF,7266019328,63.16,United States
883,STAG Industrial,STAG,7236432384,36.77,United States
884,Silicon Labs,SLAB,7204219392,218.43,United States
885,Gates Industrial Corp,GTES,7189493248,28.4,United States
886,Chemed,CHE,7181681664,549.48,United States
887,Macerich,MAC,7178088960,24.33,United States
888,CAVA Group,CAVA,7172460032,61.58,United States
889,Plexus,PLXS,7162158080,267.68,United States
890,Cleveland-Cliffs,CLF,7126044672,12.49,United States
891,Lamb Weston,LW,7123002368,51.81,United States
892,Arcosa,ACA,7107228160,144.73,United States
893,Cogent Biosciences,COGT,7096147968,41.53,United States
894,Conagra Brands,CAG,7068414464,14.77,United States
895,AppFolio,APPF,7067106304,199.54,United States
896,AGCO,AGCO,7064100352,100.87,United States
897,Fervo Energy Company,FRVO,7047907328,23.92,United States
898,EnPro Industries,NPO,7038676480,332.52,United States
899,Fannie Mae,FNMA,7029591552,6.07,United States
900,Light &amp; Wonder,LNW,7028988928,86.22,United States
901,Kirby Corporation,KEX,6995472384,132.49,United States
902,CLEAR Secure,YOU,6953707520,51.21,United States
903,Zeta Global,ZETA,6912914944,27.54,United States
904,Healthcare Realty Trust,HR,6888769024,19.64,United States
905,Celsius Holdings,CELH,6885083136,27.21,United States
906,AutoNation,AN,6879623168,208.09,United States
907,GitLab,GTLB,6879297024,40.73,United States
908,Ormat Technologies,ORA,6869208064,111.7,United States
909,MSC Industrial Direct,MSM,6865185280,122.93,United States
910,Victory Capital,VCTR,6854626816,111.44,United States
911,Lumen Technologies,LUMN,6841265152,6.64,United States
912,Urban Outfitters,URBN,6807132160,79.49,United States
913,EnerSys,ENS,6791776768,186.3,United States
914,CG Oncology,CGON,6786307072,76.56,United States
915,Cipher Mining,CIFR,6777451520,16.33,United States
916,F.N.B. Corporation,FNB,6745517056,18.95,United States
917,Arcellx,ACLX,6732325376,115.07,United States
918,Hamilton Lane,HLNE,6726334976,100.36,United States
919,Belite Bio,BLTE,6704632320,167.26,United States
920,Campbell's,CPB,6685784064,22.42,United States
921,Construction Partners,ROAD,6680145408,118.16,United States
922,Enact Holdings,ACT,6667957760,48.5,United States
923,Taylor Morrison,TMHC,6665396224,72.45,United States
924,Sensata Technologies,ST,6664087040,45.79,United States
925,Weatherford International,WFRD,6659577344,92.9,United States
926,Crocs,CROX,6625530368,138.19,United States
927,Loar Holdings,LOAR,6618153472,70.64,United States
928,Caris Life Sciences,CAI,6612727808,23.4,United States
929,Lantheus Holdings,LNTH,6591203840,100.98,United States
930,United Bankshares,UBSI,6580069888,48.05,United States
931,Southwest Gas,SWX,6560696320,90.56,United States
932,Rayonier,RYN,6559709184,21.69,United States
933,Lyft,LYFT,6553320448,17.26,United States
934,Macy's,M,6549644800,24.9,United States
935,Essential Properties Realty Trust,EPRT,6543589376,30.18,United States
936,Qualys,QLYS,6543320064,185.8,United States
937,Ingredion,INGR,6525351936,103.48,United States
938,Mercury Systems,MRCY,6523102208,108.64,United States
939,Janus Living,JAN,6518065152,30.18,United States
940,Matador Resources,MTDR,6485828608,52.23,United States
941,Eagle Materials,EXP,6471879680,210.98,United States
942,Duolingo,DUOL,6418608128,137.19,United States
943,Ligand Pharmaceuticals,LGND,6416690176,295.7,United States
944,Ingram Micro Holding Corporation,INGM,6396254720,27.73,United States
945,National Storage Affiliates Trust,NSA,6391416320,43.41,United States
946,Aura Minerals,AUGO,6366875136,76.25,United States
947,WEX,WEX,6354516480,186.45,United States
948,JBT Marel Corporation,JBTM,6350241280,122.41,United States
949,Glacier Bancorp,GBCI,6348652032,48.76,United States
950,Netskope,NTSK,6329483776,15.67,United States
951,Starwood Property Trust,STWD,6323152896,16.65,United States
952,Scholar Rock Holding,SRRK,6319438336,51.89,United States
953,Pilgrim's Pride,PPC,6312257024,26.51,United States
954,Magnolia Oil &amp; Gas,MGY,6307218432,26.01,United States
955,Floor &amp; Decor,FND,6301011456,59.17,United States
956,The Trade Desk,TTD,6294751232,13.39,United States
957,LandBridge,LB,6293059584,81.71,United States
958,Erasca,ERAS,6289948672,18.12,United States
959,Enova International,ENVA,6288083968,252.55,United States
960,Installed Building Products,IBP,6266306560,235.76,United States
961,Core Scientific,CORZ,6246858240,19.44,United States
962,Matson,MATX,6240253440,208.68,United States
963,Rush Enterprises,RUSHA,6232644096,80.2,United States
964,Hancock Whitney,HWC,6230869504,77.43,United States
965,PTC Therapeutics,PTCT,6228679168,74.63,United States
966,GATX,GATX,6225693696,176.34,United States
967,Amdocs,DOX,6220148736,58.59,United States
968,LKQ Corporation,LKQ,6216261120,24.57,United States
969,Sealed Air,SEE,6211799552,42.15,United States
970,Red Rock Resorts,RRR,6210085376,61.29,United States
971,MGIC Investment,MTG,6209128960,30.27,United States
972,VSE Corporation,VSEC,6207083520,221.23,United States
973,MaxLinear,MXL,6207042048,68.44,United States
974,Kodiak Gas Services,KGS,6206513152,61.5,United States
975,Novanta,NOVT,6196819456,163.86,United States
976,Schneider National,SNDR,6181109248,35.26,United States
977,Home BancShares,HOMB,6166149632,30.76,United States
978,Brookfield Renewable,BEPC,6165607936,33.22,United States
979,Caesars Entertainment,CZR,6125871616,30.07,United States
980,Terns Pharmaceuticals,TERN,6116845568,52.95,United States
981,Cirrus Logic,CRUS,6106323456,121.84,United States
982,Credit Acceptance,CACC,6079916032,581.25,United States
983,RadNet,RDNT,6076853760,77.28,United States
984,Landstar System,LSTR,6052650496,178.35,United States
985,SOLV Energy,MWH,6045412864,28.68,United States
986,Churchill Downs,CHDN,6020009984,86.37,United States
987,Mirum Pharmaceuticals,MIRM,6018847232,98.7,United States
988,Definium Therapeutics,DFTX,5993358336,45.15,United States
989,Amentum,AMTM,5971090944,24.44,United States
990,StepStone Group,STEP,5957223936,46.15,United States
991,Atlantic Union Bankshares,AUB,5948240384,41.65,United States
992,Albertsons,ACI,5941012480,12.13,United States
993,"X-Energy, Inc.",XE,5933147648,20.64,United States
994,Mercury General,MCY,5923259904,106.94,United States
995,Boyd Gaming,BYD,5918510080,81.46,United States
996,Associated Banc-Corp,ASB,5916309504,31.35,United States
997,TXNM Energy,TXNM,5910725120,57.36,United States
998,Nexstar Media Group,NXST,5906434048,191.73,United States
999,Solaris Energy Infrastructure,SEI,5896704512,58.6,United States
1000,Middleby,MIDD,5891448832,130.3,United States
1001,Rigetti Computing,RGTI,5891018240,17.65,United States
1002,Teleflex,TFX,5887938048,133.0,United States
1003,Ameris Bancorp,ABCB,5876524032,87.57,United States
1004,Plains GP,PAGP,5859960832,25.15,United States
1005,VF Corporation,VFC,5857704960,14.9,United States
1006,Flagstar Bank,FLG,5842436096,14.01,United States
1007,RLI Corp.,RLI,5834927616,63.58,United States
1008,Materion,MTRN,5826567680,279.67,United States
1009,H&amp;R Block,HRB,5822096384,45.93,United States
1010,Dolby,DLB,5816832000,62.1,United States
1011,Archrock,AROC,5808954368,33.13,United States
1012,Frontdoor,FTDR,5780837888,83.91,United States
1013,Commvault,CVLT,5778615296,139.43,United States
1014,AAR,AIR,5744534016,142.69,United States
1015,Fortune Brands Innovations,FBIN,5728637440,47.99,United States
1016,Rush Street Interactive,RSI,5724515328,24.72,United States
1017,Casella Waste Systems,CWST,5724258304,89.99,United States
1018,Sonoco,SON,5721530880,57.87,United States
1019,MarketAxess,MKTX,5718844928,162.5,United States
1020,Amneal Pharmaceuticals,AMRX,5709644288,17.88,United States
1021,Cactus Inc,WHD,5698351104,71.07,United States
1022,Blue Owl Capital Corporation,OBDC,5695796736,11.55,United States
1023,BETA Technologies,BETA,5684758528,23.76,United States
1024,Herc Holdings,HRI,5675321856,169.76,United States
1025,CSW Industrials,CSW,5665245696,347.7,United States
1026,Travere Therapeutics,TVTX,5662338048,60.89,United States
1027,Selective Insurance,SIGI,5658424320,94.94,United States
1028,Portland General Electric,POR,5658108416,48.11,United States
1029,Perimeter Solutions,PRM,5653746688,34.54,United States
1030,Balchem,BCPC,5648466432,177.19,United States
1031,Phillips Edison &amp; Company,PECO,5648272896,40.01,United States
1032,Rithm Capital,RITM,5645494784,10.11,United States
1033,Axos Financial,AX,5626883072,99.18,United States
1034,Bank OZK,OZK,5625250816,51.59,United States
1035,e.l.f. Beauty,ELF,5619921408,95.24,United States
1036,Black Hills,BKH,5619856384,73.7,United States
1037,"Mobility Global, Inc.",MBGL,5606466048,19.0,United States
1038,Uranium Energy,UEC,5578712576,11.38,United States
1039,The Cheesecake Factory,CAKE,5532884992,111.19,United States
1040,Granite Construction,GVA,5513015808,125.97,United States
1041,Reynolds Consumer Products,REYN,5507351552,26.13,United States
1042,Sensient Technologies,SXT,5506720768,129.36,United States
1043,Kite Realty,KRG,5491065344,26.41,United States
1044,ACM Research,ACMR,5487984640,79.41,United States
1045,ADT,ADT,5486499840,7.51,United States
1046,MiniMed Group,MMED,5476435456,19.5,United States
1047,Main Street Capital,MAIN,5441765376,58.52,United States
1048,Pegasystems,PEGA,5427006976,33.01,United States
1049,New Jersey Resources,NJR,5417470464,53.68,United States
1050,Sotera Health,SHC,5413559296,18.97,United States
1051,GXO Logistics,GXO,5402681856,46.96,United States
1052,Enphase Energy,ENPH,5393183232,40.92,United States
1053,Impinj,PI,5385214976,176.25,United States
1054,RingCentral,RNG,5375336448,64.1,United States
1055,Merit Medical,MMSI,5359010304,89.75,United States
1056,EXL Service,EXLS,5358097408,35.07,United States
1057,Acushnet Holdings,GOLF,5340557312,91.44,United States
1058,ACI Worldwide,ACIW,5335484416,52.85,United States
1059,CNX Resources,CNX,5321532416,35.97,United States
1060,ESAB,ESAB,5320321024,85.58,United States
1061,Ondas Holdings,ONDS,5305197568,9.31,United States
1062,SAIC (Science Applications International Corp),SAIC,5304049664,125.46,United States
1063,Wyndham Hotels &amp; Resorts,WH,5294963200,71.35,United States
1064,Outfront Media,OUT,5291103232,30.04,United States
1065,Piper Sandler,PIPR,5291084800,74.87,United States
1066,Icahn Enterprises,IEP,5282098688,7.43,United States
1067,Belden,BDC,5281417216,135.15,United States
1068,Sabra Health Care REIT,SBRA,5280415232,20.67,United States
1069,Alaska Airlines,ALK,5272654848,47.26,United States
1070,Abercrombie &amp; Fitch,ANF,5266490880,118.53,United States
1071,Apellis Pharmaceuticals,APLS,5252712960,41.03,United States
1072,Eastern Bankshares,EBC,5250966016,22.94,United States
1073,Alliance Laundry Holdings,ALH,5241282560,26.39,United States
1074,UniFirst,UNF,5237899776,289.64,United States
1075,Life360,LIF,5235457536,64.61,United States
1076,Iridium Communications,IRDM,5225966080,49.32,United States
1077,Vail Resorts,MTN,5211759616,146.26,United States
1078,Brunswick Corporation,BC,5211657216,80.43,United States
1079,PriceSmart,PSMT,5209565184,168.81,United States
1080,Louisiana-Pacific,LPX,5201602048,74.39,United States
1081,Liberty Broadband,LBRDA,5187637248,36.06,United States
1082,HASI (HA Sustainable Infrastructure Capita),HASI,5184889344,40.57,United States
1083,Tutor Perini Corporation,TPC,5179109376,98.52,United States
1084,Jersey Mike's Subs,JMKE,5166590464,22.19,United States
1085,MYR Group,MYRG,5142679040,330.31,United States
1086,SLM Corporation (Sallie Mae),SLM,5136159744,27.32,United States
1087,Century Aluminum,CENX,5135772160,51.88,United States
1088,First National of Nebraska,FINN,5134369792,19000.0,United States
1089,Laureate Education,LAUR,5132540928,37.26,United States
1090,Versant Media Group,VSNT,5115891712,36.76,United States
1091,CNO Financial Group,CNO,5115506688,55.29,United States
1092,Boot Barn Holdings,BOOT,5105721856,168.59,United States
1093,Murphy Oil,MUR,5088595968,35.49,United States
1094,Klaviyo,KVYO,5088079360,17.87,United States
1095,Oceaneering International,OII,5087955456,51.12,United States
1096,Vishay Intertechnology,VSH,5082985472,33.14,United States
1097,Gentex,GNTX,5078901248,23.85,United States
1098,Champion Homes,SKY,5047509504,92.99,United States
1099,Warrior Met Coal,HCC,5035735040,95.37,United States
1100,ACADIA Pharmaceuticals,ACAD,5032622080,29.39,United States
1101,EPAM Systems,EPAM,5023024640,97.37,United States
1102,UFP Industries,UFPI,5014179840,90.9,United States
1103,Trex,TREX,5004801536,48.17,United States
1104,Xometry,XMTR,5001407488,90.53,United States
1105,Graham Holdings,GHC,4987431936,1177.69,United States
1106,EquipmentShare.com,EQPT,4984408064,19.75,United States
1107,Greif,GEF,4969097728,87.41,United States
1108,ONE Gas,OGS,4957474304,78.87,United States
1109,Dyne Therapeutics,DYN,4948780544,26.5,United States
1110,Global Business Travel Group,GBTG,4936429056,9.45,United States
1111,Parsons,PSN,4926932992,46.13,United States
1112,First Financial Bankshares,FFIN,4925902336,34.37,United States
1113,Virtu Financial,VIRT,4915698688,55.67,United States
1114,Paymentus,PAY,4910387200,38.99,United States
1115,Bill.com,BILL,4906134528,49.26,United States
1116,Avis Budget Group,CAR,4896502272,138.61,United States
1117,Celanese,CE,4879437312,44.46,United States
1118,Radian Group,RDN,4874793984,36.5,United States
1119,Varonis Systems,VRNS,4874678784,42.44,United States
1120,Remitly,RELY,4872382976,23.14,United States
1121,BGC Group,BGC,4863933952,10.29,United States
1122,ServisFirst Bancshares,SFBS,4835652096,88.45,United States
1123,Cousins Properties,CUZ,4834362880,29.37,United States
1124,AXT Inc,AXTI,4828884992,73.81,United States
1125,KBR,KBR,4827134464,38.29,United States
1126,TFS Financial,TFSL,4826995200,17.21,United States
1127,Ollie's Bargain Outlet,OLLI,4798781952,79.38,United States
1128,Spire Inc.,SR,4790501888,81.04,United States
1129,Millrose Properties,MRP,4782179840,28.8,United States
1130,Archer Aviation,ACHR,4775534592,6.26,United States
1131,California Resources Corporation,CRC,4772726272,53.75,United States
1132,Franklin Electric,FELE,4749637632,107.43,United States
1133,Griffon Corporation,GFF,4746886144,104.8,United States
1134,Waystar,WAY,4736185856,24.7,United States
1135,Moelis &amp; Company,MC,4718212096,63.69,United States
1136,Federated Hermes,FHI,4714050048,63.14,United States
1137,Meritage Homes,MTH,4690579456,71.97,United States
1138,Core Natural Resources,CNR,4673750016,94.16,United States
1139,USA Rare Earth,USAR,4658538496,19.04,United States
1140,BillionToOne,BLLN,4655001600,98.65,United States
1141,"Box, Inc.",BOX,4654696448,33.6,United States
1142,Diodes Incorporated,DIOD,4648459264,100.94,United States
1143,Vontier,VNT,4629248000,34.24,United States
1144,EPR Properties,EPR,4627179008,60.4,United States
1145,Veradermics,MANE,4626989568,110.75,United States
1146,Choice Hotels International,CHH,4624635904,102.75,United States
1147,Tanger Inc.,SKT,4620172800,38.65,United States
1148,Fulton Financial,FULT,4596978688,24.01,United States
1149,OPENLANE Corporate,OPLN,4576660992,37.27,United States
1150,AZZ,AZZ,4575341056,152.25,United States
1151,Doximity,DOCS,4568444416,25.63,United States
1152,ICU Medical,ICUI,4559329792,182.42,United States
1153,Brink's,BCO,4551866368,110.51,United States
1154,Amicus Therapeutics,FOLD,4549870080,14.49,United States
1155,LifeStance Health Group,LFST,4546461696,11.9,United States
1156,Insight Enterprises,NSIT,4541441024,154.74,United States
1157,Indivior PLC,INDV,4539985408,38.47,United States
1158,Brady Corporation,BRC,4538846208,96.34,United States
1159,Nelnet,NNI,4533255168,126.7,United States
1160,International Bancshares Corp,IBOC,4528163840,72.81,United States
1161,Envista,NVST,4527813632,28.19,United States
1162,Hagerty,HGTY,4508329472,13.12,United States
1163,Tango Therapeutics,TNGX,4505081344,27.67,United States
1164,Travel + Leisure,TNL,4498104832,73.4,United States
1165,Itron,ITRI,4493834240,102.63,United States
1166,Cavco Industries,CVCO,4484228608,583.17,United States
1167,International Seaways,INSW,4475224576,90.4,United States
1168,Cabot Corporation,CBT,4462671360,86.45,United States
1169,Tidewater,TDW,4459651072,89.63,United States
1170,Chefs' Warehouse,CHEF,4439837696,108.83,United States
1171,Fastly,FSLY,4420575232,27.75,United States
1172,SiteOne Landscape Supply,SITE,4404681216,99.41,United States
1173,NorthWestern Energy,NWE,4381301248,71.22,United States
1174,Bread Financial,BFH,4380530176,108.41,United States
1175,Cinemark Theatres,CNK,4375672320,37.75,United States
1176,Parabilis Medicines,PBLS,4370223616,35.73,United States
1177,Relay Therapeutics,RLAY,4369684480,19.94,United States
1178,Robert Half,RHI,4365890560,42.68,United States
1179,Concentra Group,CON,4363496448,34.1,United States
1180,Kilroy Realty,KRC,4362991104,37.15,United States
1181,Enliven Therapeutics,ELVN,4353748480,59.42,United States
1182,Silgan Holdings,SLGN,4348722176,41.15,United States
1183,Primoris Services Corporation,PRIM,4346960384,80.75,United States
1184,CommScope,COMM,4337923584,19.58,United States
1185,Texas Capital Bancshares,TCBI,4316135424,99.28,United States
1186,Victoria's Secret &amp; Co,VSCO,4312813568,54.3,United States
1187,Valvoline,VVV,4302672384,33.72,United States
1188,MDU Resources,MDU,4293232384,20.41,United States
1189,Neptune Insurance Holdings,NP,4277555456,31.17,United States
1190,SkyWest,SKYW,4270222336,107.67,United States
1191,United Community Bank,UCB,4268372992,35.4,United States
1192,Kontoor Brands,KTB,4265367808,77.17,United States
1193,Korn Ferry,KFY,4253679360,83.64,United States
1194,Integer Holdings,ITGR,4247071488,125.08,United States
1195,SL Green Realty,SLG,4239004160,55.05,United States
1196,Cathay General Bancorp,CATY,4234723584,63.37,United States
1197,Firefly Aerospace,FLY,4230699264,25.76,United States
1198,COPT Defense Properties,CDP,4224847360,36.47,United States
1199,Cohen &amp; Steers,CNS,4224279040,82.15,United States
1200,MIAX (Miami International Holdings),MIAX,4219016960,43.59,United States
1201,Comstock Resources,CRK,4216390912,14.36,United States
1202,Liftoff Mobile,LFTO,4213622016,25.31,United States
1203,Mattel,MAT,4211217920,14.74,United States
1204,Pattern Group,PTRN,4205026048,21.12,United States
1205,Avient,AVNT,4186997760,45.65,United States
1206,Americold,COLD,4185095936,14.59,United States
1207,Helmerich &amp; Payne,HP,4184443392,41.87,United States
1208,WillScot,WSC,4179166976,23.09,United States
1209,Patterson-UTI Energy,PTEN,4171997952,10.99,United States
1210,FTI Consulting,FCN,4165758464,150.87,United States
1211,Universal Display Corporation,OLED,4161837312,90.54,United States
1212,"GPGI, Inc.",GPGI,4159922688,14.35,United States
1213,Thor Industries,THO,4139081728,79.51,United States
1214,WSFS Financial,WSFS,4116369920,80.57,United States
1215,CECO Environmental,CECO,4110405120,70.38,United States
1216,CCC Intelligent Solutions,CCC,4105292800,6.97,United States
1217,iRhythm,IRTC,4100571136,124.78,United States
1218,Axcelis Technologies,ACLS,4096429312,132.65,United States
1219,Broadstone Net Lease,BNL,4093279744,20.46,United States
1220,Synaptics,SYNA,4090252800,104.71,United States
1221,Lemonade,LMND,4077253632,52.68,United States
1222,Mueller Water Products,MWA,4071757824,26.08,United States
1223,Seaboard Corporation,SEB,4060246528,4239.16,United States
1224,Atmus Filtration Technologies,ATMU,4052585984,49.62,United States
1225,First Advantage,FA,4051669760,23.59,United States
1226,Tenable,TENB,4046981632,36.7,United States
1227,Excelerate Energy,EE,4043140608,35.51,United States
1228,Independence Realty Trust,IRT,4042910208,16.73,United States
1229,Bel Fuse,BELFB,4042235392,284.21,United States
1230,Geo Group,GEO,4035456512,30.66,United States
1231,Viking Therapeutics,VKTX,4017527040,34.44,United States
1232,PVH Corp.,PVH,4017398016,87.13,United States
1233,WesBanco,WSBC,4001193728,41.72,United States
1234,Tri Pointe Homes,TPH,3998444288,46.95,United States
1235,Legend Biotech,LEGN,3996466176,20.66,United States
1236,Denali Therapeutics,DNLI,3996185088,25.0,United States
1237,YETI Holdings,YETI,3990948352,52.68,United States
1238,Standex International,SXI,3975390720,328.14,United States
1239,CVB Financial,CVBF,3974372864,22.55,United States
1240,Independent Bank Corp.,INDB,3970477824,83.82,United States
1241,Polaris,PII,3970158592,69.77,United States
1242,Sezzle,SEZL,3967988480,118.0,United States
1243,"Calumet, Inc.",CLMT,3962580736,45.47,United States
1244,Q2,QTWO,3958276096,63.48,United States
1245,Badger Meter,BMI,3954965504,136.44,United States
1246,Dorman Products,DORM,3954869760,133.27,United States
1247,Haemonetics,HAE,3940499712,86.61,United States
1248,Dave Inc.,DAVE,3939155712,308.82,United States
1249,PennyMac Financial Services,PFSI,3938501888,75.85,United States
1250,Kadant,KAI,3937885952,333.48,United States
1251,Howard Hughes Holdings,HHH,3914714112,65.55,United States
1252,Renasant Corp,RNST,3902970624,42.7,United States
1253,Marriott Vacations Worldwide,VAC,3894926080,113.24,United States
1254,Bath &amp; Body Works,BBWI,3894173952,19.32,United States
1255,Otter Tail,OTTR,3878208256,92.37,United States
1256,Webull,BULL,3861003520,7.26,United States
1257,Catalyst Pharmaceuticals,CPRX,3854925568,31.49,United States
1258,Cal-Maine Foods,CALM,3846262272,81.98,United States
1259,Telephone and Data Systems,TDS,3836744960,33.7,United States
1260,OSI Systems,OSIS,3834085120,232.61,United States
1261,Knife River Corporation,KNF,3832020224,67.52,United States
1262,Interparfums,IPAR,3826760448,119.49,United States
1263,Structure Therapeutics,GPCR,3824164096,53.805,United States
1264,Grand Canyon Education,LOPE,3818527744,146.5,United States
1265,Bright Horizons,BFAM,3812932096,72.48,United States
1266,QuantumScape,QS,3807748096,6.19,United States
1267,Asbury Automotive Group,ABG,3783545600,210.76,United States
1268,Workiva,WK,3777953792,67.32,United States
1269,Centrus Energy,LEU,3777874176,189.34,United States
1270,USA Compression Partners,USAC,3773630464,26.03,United States
1271,St. Joe Company,JOE,3773350400,66.28,United States
1272,BancFirst,BANF,3771415552,112.29,United States
1273,NuScale Power,SMR,3767376128,9.18,United States
1274,Genworth Financial,GNW,3753490688,9.8,United States
1275,Mirion Technologies,MIR,3752997376,15.07,United States
1276,Fermi Inc.,FRMI,3751930112,5.88,United States
1277,M/I Homes,MHO,3744417280,148.1,United States
1278,Astronics Corporation,ATRO,3723830784,75.46,United States
1279,Delek US,DK,3723528704,60.81,United States
1280,Veracyte,VCYT,3719678976,46.27,United States
1281,Planet Fitness,PLNT,3713577984,48.96,United States
1282,Apple Hospitality REIT,APLE,3708859392,15.71,United States
1283,Mechanics Bancorp,MCHB,3700019456,16.71,United States
1284,Madison Square Garden Entertainment,MSGE,3693119488,78.07,United States
1285,MARA Holdings,MARA,3693021440,9.56,United States
1286,UCT (Ultra Clean Holdings),UCTT,3688028416,82.27,United States
1287,Lionsgate Studios,LION,3677837568,12.36,United States
1288,Option Care Health,OPCH,3669738496,24.5,United States
1289,Resideo Technologies,REZI,3666029568,24.21,United States
1290,Arcus Biosciences,RCUS,3657014528,28.72,United States
1291,Nicolet Bankshares,NIC,3632775168,173.34,United States
1292,The Vita Coco Company,COCO,3632711424,62.78,United States
1293,Park National Corp,PRK,3629812480,200.94,United States
1294,ScottsMiracle-Gro,SMG,3625376256,62.27,United States
1295,National Energy Services Reunited,NESR,3609323264,35.79,United States
1296,IPG Photonics,IPGP,3603038464,84.89,United States
1297,Ambarella,AMBA,3598945792,82.04,United States
1298,National Health Investors,NHI,3594130688,74.15,United States
1299,Par Pacific Holdings,PARR,3590640128,71.67,United States
1300,LXP Industrial Trust,LXP,3579885056,60.72,United States
1301,Adtalem Global Education,ATGE,3579815168,98.54,United States
1302,Steve Madden,SHOO,3576896512,48.88,United States
1303,Organon,OGN,3576740608,13.62,United States
1304,Energy Fuels,UUUU,3571999744,14.29,United States
1305,First Interstate BancSystem,FIBK,3562486272,37.38,United States
1306,IDEAYA Biosciences,IDYA,3537136384,36.74,United States
1307,Newmark,NMRK,3536279808,14.19,United States
1308,HNI Corporation,HNI,3536186624,48.99,United States
1309,First Financial Bank,FFBC,3528006144,33.61,United States
1310,Graphic Packaging,GPK,3524018688,11.91,United States
1311,RXO,RXO,3517874176,21.33,United States
1312,Alumis,ALMS,3509854464,27.53,United States
1313,Restoration Hardware,RH,3474286336,183.57,United States
1314,Magnite,MGNI,3472298752,24.21,United States
1315,Highwoods Properties,HIW,3471710720,30.91,United States
1316,KB Home,KBH,3465225728,56.52,United States
1317,Freddie Mac,FMCC,3464817408,5.33,United States
1318,Aehr Test Systems,AEHR,3464291584,106.2,United States
1319,Power Integrations,POWI,3462468096,61.97,United States
1320,National Healthcare,NHC,3461794560,221.04,United States
1321,Palomar Holdings,PLMR,3460775424,131.5,United States
1322,Brighthouse Financial,BHF,3455869952,60.09,United States
1323,Post Holdings,POST,3454940672,76.23,United States
1324,AllianceBernstein,AB,3454074624,36.98,United States
1325,Ashland,ASH,3452819968,75.4,United States
1326,United States Lime &amp; Minerals,USLM,3451496960,120.31,United States
1327,Liberty Energy,LBRT,3448234752,21.13,United States
1328,American States Water,AWR,3431256064,86.57,United States
1329,NCR Atleos Corporation,NATL,3428817920,46.4,United States
1330,Atlanta Braves Holdings,BATRA,3419507200,53.29,United States
1331,Curbline Properties,CURB,3409725696,29.9,United States
1332,Golub Capital,GBDC,3409225216,13.13,United States
1333,Shift4 Payments,FOUR,3407918848,43.16,United States
1334,Simmons First National,SFNC,3400409600,23.53,United States
1335,TowneBank,TOWN,3399026688,37.23,United States
1336,Celldex Therapeutics,CLDX,3374414336,42.97,United States
1337,Seacoast Banking,SBCF,3371376896,34.82,United States
1338,FS KKR Capital,FSK,3368588032,12.19,United States
1339,Community Financial System,CBU,3367849984,64.03,United States
1340,Advance Auto Parts,AAP,3362146816,55.73,United States
1341,WisdomTree,WT,3362053888,22.19,United States
1342,Opendoor,OPEN,3357283584,3.48,United States
1343,"Csquare, Inc.",CSQR,3348447232,21.6,United States
1344,CarGurus,CARG,3348272128,37.59,United States
1345,BankUnited,BKU,3343512064,46.26,United States
1346,GRAIL,GRAL,3342820608,74.84,United States
1347,Stride (K12 Education),LRN,3334346496,80.23,United States
1348,NMI Holdings,NMIH,3324628992,44.2,United States
1349,First Hawaiian Bank,FHB,3318230784,27.27,United States
1350,Freshworks,FRSH,3311681280,11.98,United States
1351,Hilton Grand Vacations,HGV,3305607680,42.53,United States
1352,StubHub Holdings,STUB,3296339456,8.78,United States
1353,H.B. Fuller,FUL,3294479104,61.25,United States
1354,Exponent,EXPO,3275504896,67.52,United States
1355,"Hayward Holdings, Inc.",HAYW,3273005312,15.43,United States
1356,Brookdale Senior Living,BKD,3269428224,13.69,United States
1357,Knowles,KN,3267799040,38.26,United States
1358,CoreCivic,CXW,3263485184,33.0,United States
1359,Warby Parker,WRBY,3259680768,26.41,United States
1360,CVR Energy,CVI,3259201792,32.42,United States
1361,Arcutis Biotherapeutics,ARQT,3257935616,25.92,United States
1362,Freshpet,FRPT,3256895488,67.77,United States
1363,SoundHound AI,SOUN,3250129408,7.46,United States
1364,Tegna,TGNA,3243011584,20.03,United States
1365,Braze,BRZE,3238160640,28.75,United States
1366,PotlatchDeltic,PCH,3230610432,41.73,United States
1367,Acadian Asset Management,AAMI,3219664384,90.72,United States
1368,Hercules Capital,HTGC,3213605888,17.17,United States
1369,"Atlanta Braves Holdings, Inc.",BATRK,3210961664,50.04,United States
1370,Dana Incorporated,DAN,3210088192,29.84,United States
1371,Wingstop Restaurants,WING,3201543936,117.52,United States
1372,Avista,AVA,3200195584,38.21,United States
1373,Alliance Resource Partners,ARLP,3189451776,24.79,United States
1374,MBX Biosciences,MBX,3185790464,66.15,United States
1375,Chesapeake Utilities,CPK,3177270016,132.36,United States
1376,Provident Financial Services,PFS,3174497024,24.34,United States
1377,Atkore,ATKR,3166176768,93.75,United States
1378,Dynex Capital,DX,3162149632,12.78,United States
1379,Group 1 Automotive,GPI,3160820224,265.12,United States
1380,Delek Logistics Partners,DKL,3152874496,59.3,United States
1381,CorVel Corporation,CRVL,3147769088,61.71,United States
1382,WD-40 Company,WDFC,3147381248,234.51,United States
1383,IAC Inc.,IAC,3142127872,42.24,United States
1384,Digi International,DGII,3140207360,82.75,United States
1385,Redwire,RDW,3133388544,13.12,United States
1386,The Marzetti Company,MZTI,3127248128,114.04,United States
1387,Cushman &amp; Wakefield,CWK,3116998144,13.28,United States
1388,Perpetua Resources,PPTA,3113602048,24.89,United States
1389,Ethos Technologies,LIFE,3108041216,32.43,United States
1390,Bank of Hawaii,BOH,3104351744,78.69,United States
1391,Academy Sports + Outdoors,ASO,3094096640,49.89,United States
1392,TriNet,TNET,3091683840,67.35,United States
1393,Extreme Networks,EXTR,3088824832,23.54,United States
1394,Adeia,ADEA,3072404992,27.86,United States
1395,ArcBest,ARCB,3071746304,137.43,United States
1396,American Eagle Outfitters,AEO,3069943296,18.32,United States
1397,Callaway Golf Company,CALY,3064866304,17.05,United States
1398,Shake Shack,SHAK,3060841728,71.45,United States
1399,California Water Service Group,CWT,3059798528,49.48,United States
1400,Kaiser Aluminum,KALU,3058915328,187.1,United States
1401,Black Stone Minerals,BSM,3055740416,14.38,United States
1402,TransMedics Group,TMDX,3055530240,88.41,United States
1403,MGE Energy,MGEE,3040479488,80.47,United States
1404,FB Financial,FBK,3035672064,60.74,United States
1405,Green Brick Partners,GRBK,3033114112,70.52,United States
1406,Gulfport Energy,GPOR,3019079168,168.01,United States
1407,Agilysys,AGYS,3017455360,106.98,United States
1408,Veeco,VECO,3016136448,49.34,United States
1409,DNOW Inc.,DNOW,3012164864,16.65,United States
1410,Disc Medicine,IRON,3005391872,78.28,United States
1411,Peabody Energy,BTU,3004835072,24.65,United States
1412,Banc of California,BANC,3002296320,18.95,United States
1413,Urban Edge Properties,UE,3000202752,21.79,United States
1414,Artisan Partners,APAM,2996049408,42.2,United States
1415,DXP Enterprises,DXPE,2989378560,192.65,United States
1416,Intapp,INTA,2985366272,38.74,United States
1417,Select Water Solutions,WTTR,2981708032,20.89,United States
1418,CleanSpark,CLSK,2974093824,11.59,United States
1419,Tarsus Pharmaceuticals,TARS,2973511936,67.76,United States
1420,Tootsie Roll Industries,TR,2973020160,39.55,United States
1421,Kyndryl,KD,2968862976,13.63,United States
1422,Crane NXT,CXT,2963831552,51.49,United States
1423,Pulse Biosciences,PLSE,2960601344,41.51,United States
1424,Acadia Healthcare,ACHC,2958726656,31.78,United States
1425,Quaker Houghton,KWR,2957487616,171.87,United States
1426,Boise Cascade,BCC,2957042176,84.75,United States
1427,CBIZ,CBZ,2954155776,54.43,United States
1428,Acadia Realty Trust,AKR,2953767936,20.26,United States
1429,DigitalBridge Group,DBRG,2945147392,15.93,United States
1430,McGrath RentCorp,MGRC,2944025344,120.53,United States
1431,Plug Power,PLUG,2943595520,2.11,United States
1432,Ducommun,DCO,2942192128,194.85,United States
1433,Park Hotels &amp; Resorts,PK,2921760256,14.51,United States
1434,Columbia Sportswear,COLM,2919035904,57.02,United States
1435,Benchmark Electronics,BHE,2918853632,81.26,United States
1436,Titan America,TTAM,2914770688,15.81,United States
1437,Immunome,IMNM,2909402624,25.69,United States
1438,Grindr,GRND,2905819904,16.35,United States
1439,National Beverage,FIZZ,2905719808,31.04,United States
1440,Iovance Biotherapeutics,IOVA,2899017216,6.4,United States
1441,Hub Group,HUBG,2895618816,47.35,United States
1442,Maximus,MMS,2895384320,55.3,United States
1443,Upstart,UPST,2891446272,30.21,United States
1444,nLIGHT,LASR,2877126144,51.005,United States
1445,Fluence Energy,FLNC,2875878144,12.65,United States
1446,Alignment Healthcare,ALHC,2858456320,13.78,United States
1447,Privia Health Group,PRVA,2857414400,22.37,United States
1448,Ouster,OUST,2835130880,42.13,United States
1449,Penguin Solutions,PENG,2827572224,55.18,United States
1450,Beam Therapeutics,BEAM,2817687552,27.28,United States
1451,"The Bancorp, Inc.",TBBK,2811434752,68.93,United States
1452,NETSCOUT,NTCT,2809410560,38.64,United States
1453,BKV Corporation,BKV,2808174848,25.66,United States
1454,ABM Industries,ABM,2807197696,47.92,United States
1455,United Natural Foods,UNFI,2802036224,46.3,United States
1456,Visteon,VC,2797266432,104.79,United States
1457,Baldwin Insurance Group,BWIN,2793793024,28.85,United States
1458,Alarm.com,ALRM,2792049920,56.45,United States
1459,Worthington Enterprises,WOR,2788282880,56.98,United States
1460,Customers Bancorp,CUBI,2785834240,82.36,United States
1461,Soleno Therapeutics,SLNO,2762888960,53.01,United States
1462,WaFd Bank,WAFD,2760708096,37.33,United States
1463,Whirlpool,WHR,2749457664,42.17,United States
1464,AvePoint,AVPT,2748234752,12.99,United States
1465,Central Garden &amp; Pet,CENT,2747815168,43.9,United States
1466,Trustmark,TRMK,2746738176,47.3,United States
1467,Patrick Industries,PATK,2746111488,85.5,United States
1468,Supernus Pharmaceuticals,SUPN,2736038400,47.07,United States
1469,NBT Bancorp,NBTB,2728976896,52.47,United States
1470,Hawkins,HWKN,2727542784,130.66,United States
1471,Kodiak Sciences,KOD,2715904512,43.4,United States
1472,Harley-Davidson,HOG,2715251712,26.09,United States
1473,PHINIA,PHIN,2704257280,73.81,United States
1474,Euronet Worldwide,EEFT,2699143424,70.89,United States
1475,Helios Technologies,HLIO,2693938944,81.52,United States
1476,SPS Commerce,SPSC,2691013120,74.75,United States
1477,Four Corners Property Trust,FCPT,2687757824,24.49,United States
1478,Nurix Therapeutics,NRIX,2685869824,25.88,United States
1479,First Bancorp,FBNC,2677739520,64.72,United States
1480,Ionic Digital,IOND,2668332800,59.4,United States
1481,First Merchants Corporation,FRME,2664036352,42.42,United States
1482,Beacon Financial Corporation,BBT,2660863744,31.54,United States
1483,Ingevity,NGVT,2648474880,77.04,United States
1484,Ultragenyx Pharmaceutical,RARE,2642181632,26.8,United States
1485,ManpowerGroup,MAN,2628595200,56.52,United States
1486,John Wiley &amp; Sons,WLY,2622279936,51.66,United States
1487,Viridian Therapeutics,VRDN,2612519680,23.06,United States
1488,P3 Health Partners,PIII,2607081216,12.83,United States
1489,Talos Energy,TALO,2602991616,15.59,United States
1490,Trump Media &amp; Technology Group,DJT,2600596480,9.39,United States
1491,V2X,VVX,2599156992,82.92,United States
1492,Axogen,AXGN,2592380160,48.22,United States
1493,Stock Yards Bancorp,SYBT,2583304192,83.15,United States
1494,Butterfly Network,BFLY,2582966272,9.7,United States
1495,Lucid Motors,LCID,2579597568,6.61,United States
1496,Five9,FIVN,2576467200,34.48,United States
1497,Teradata,TDC,2575170048,27.69,United States
1498,H2O America,HTO,2563520000,61.245,United States
1499,InvenTrust Properties,IVT,2561591296,32.85,United States
1500,Northern Oil and Gas,NOG,2555339776,23.49,United States
1501,Infleqtion,INFQ,2550721536,11.69,United States
1502,LCI Industries,LCII,2549061632,104.85,United States
1503,Appian,APPN,2548510208,35.58,United States
1504,Voyager Technologies,VOYG,2548272384,43.0,United States
1505,First Busey,BUSE,2545021952,30.82,United States
1506,Hycroft Mining,HYMC,2542928128,27.29,United States
1507,Trevi Therapeutics,TRVI,2536069888,17.8,United States
1508,Federal Agricultural Mortgage Corporation,AGM,2535418368,233.61,United States
1509,Intuitive Machines,LUNR,2531937280,15.78,United States
1510,HeartFlow,HTFL,2531168512,29.35,United States
1511,Sonic Automotive,SAH,2529816320,80.02,United States
1512,Nektar Therapeutics,NKTR,2529222400,74.86,United States
1513,PENN Entertainment,PENN,2529019904,18.85,United States
1514,Amylyx Pharmaceuticals,AMLX,2525960448,22.67,United States
1515,UFP Technologies,UFPT,2514505216,325.0,United States
1516,BioCryst Pharmaceuticals,BCRX,2514465536,9.84,United States
1517,Skyward Specialty Insurance Group,SKWD,2513669888,62.0,United States
1518,Newell Brands,NWL,2512809984,5.9,United States
1519,Prestige Consumer Healthcare,PBH,2510724864,53.0,United States
1520,Coty,COTY,2509329152,2.85,United States
1521,Precigen,PGEN,2495576832,7.0,United States
1522,Diamondrock Hospitality Company,DRH,2491369728,12.13,United States
1523,Neogen,NEOG,2485838592,11.4,United States
1524,Curaleaf,CURLF,2483897344,9.38,United States
1525,Medical Properties Trust,MPT,2482114816,4.15,United States
1526,Merchants Bancorp,MBIN,2480971264,54.01,United States
1527,HawkEye 360,HAWK,2467611648,25.19,United States
1528,Kailera Therapeutics,KLRA,2459155200,18.98,United States
1529,Kayne Anderson Capital Advisors,KYN,2450636288,14.49,United States
1530,Atrium Therapeutics,RNA,2438628096,15.47,United States
1531,CareDx,CDNA,2435129856,47.07,United States
1532,Diebold Nixdorf,DBD,2432612608,71.66,United States
1533,Banner Bank,BANR,2426862336,71.41,United States
1534,Ichor Systems,ICHR,2425910272,64.77,United States
1535,Custom Truck One Source,CTOS,2422933760,10.65,United States
1536,Under Armour,UA,2421525248,5.68,United States
1537,Sunshine Silver Mining & Refining Company,SSMR,2418918912,16.83,United States
1538,Huron Consulting,HURN,2418808320,152.03,United States
1539,Peloton,PTON,2418183680,5.51,United States
1540,Mineralys Therapeutics,MLYS,2413779200,27.38,United States
1541,Slide Insurance,SLDE,2413330176,20.66,United States
1542,Kennametal,KMT,2407477248,31.59,United States
1543,Clover Health Investments,CLOV,2406947328,4.57,United States
1544,Allegiant Travel Company,ALGT,2406611456,89.54,United States
1545,Calix,CALX,2403335424,38.17,United States
1546,Bob's Discount Furniture,BOBS,2403335168,18.39,United States
1547,Buckle,BKE,2403318784,46.65,United States
1548,Payoneer,PAYO,2402452480,7.09,United States
1549,Centuri Holdings,CTRI,2398882304,23.76,United States
1550,FIGS,FIGS,2390758144,14.39,United States
1551,Blackstone Mortgage Trust,BXMT,2388262656,14.17,United States
1552,Sunrun,RUN,2377159680,9.87,United States
1553,Enterprise Financial Services Corp,EFSC,2377124608,65.68,United States
1554,ePlus,PLUS,2360442112,90.26,United States
1555,HCI Group,HCI,2359574784,184.85,United States
1556,Cohu,COHU,2341832192,49.47,United States
1557,ARMOUR Residential REIT,ARR,2341287424,16.54,United States
1558,Dentsply Sirona,XRAY,2335809024,11.66,United States
1559,Mister Car Wash,MCW,2335151104,7.1,United States
1560,Hemab Therapeutics Holdings,COAG,2329198592,49.87,United States
1561,Pitney Bowes,PBI,2326420736,16.97,United States
1562,GeneDx Holdings,WGS,2322579456,77.88,United States
1563,Douglas Emmett,DEI,2320469760,11.54,United States
1564,Nuvation Bio,NUVB,2317413376,6.6,United States
1565,Minerals Technologies,MTX,2316602368,74.42,United States
1566,Sionna Therapeutics,SION,2307640832,51.04,United States
1567,Goosehead Insurance,GSHD,2306913024,64.55,United States
1568,CSG International,CSGS,2300464128,80.69,United States
1569,Trinity Industries,TRN,2297668096,28.84,United States
1570,LiveRamp,RAMP,2295010560,37.75,United States
1571,Rogers Corporation,ROG,2291930624,128.41,United States
1572,Innospec,IOSP,2287977984,92.89,United States
1573,Uniti,UNIT,2279188992,9.39,United States
1574,UWM Holdings,UWMC,2278148352,1.41,United States
1575,Harmony Biosciences,HRMY,2271219200,39.0,United States
1576,Northwest Bancshares,NWBI,2268651776,15.49,United States
1577,Vera Therapeutics,VERA,2266904064,31.58,United States
1578,Preformed Line Products,PLPC,2261659648,462.63,United States
1579,UroGen Pharma,URGN,2256302080,46.31,United States
1580,Rapport Therapeutics,RAPP,2254019840,46.98,United States
1581,Vericel,VCEL,2250530816,43.95,United States
1582,Maravai LifeSciences,MRVI,2239067392,6.07,United States
1583,"The Andersons, Inc.",ANDE,2230200064,65.49,United States
1584,Quantinuum Inc.,QNT,2229901824,71.1,United States
1585,Addus HomeCare,ADUS,2227454208,119.34,United States
1586,Trulieve Cannabis,TRUL.CN,2226248544,11.5765,United States
1587,Day One Biopharmaceuticals,DAWN,2224784640,21.53,United States
1588,Stagwell,STGW,2222281984,9.09,United States
1589,Hilltop Holdings,HTH,2220994304,38.77,United States
1590,LendingClub,LC,2215891200,19.21,United States
1591,OFG Bancorp,OFG,2202006528,52.1,United States
1592,Werner Enterprises,WERN,2198970368,36.68,United States
1593,Mach Natural Resources LP,MNR,2198447104,13.18,United States
1594,Chemours,CC,2195780352,14.59,United States
1595,Palvella Therapeutics,PVLA,2193247744,152.22,United States
1596,Western Union,WU,2192509184,7.03,United States
1597,Asana,ASAN,2190863360,9.23,United States
1598,Biohaven,BHVN,2189156864,14.54,United States
1599,ADMA Biologics,ADMA,2183850496,9.75,United States
1600,Progyny,PGNY,2181556480,27.85,United States
1601,First Commonwealth Financial Corp,FCF,2179097856,21.43,United States
1602,"Interface, Inc.",TILE,2176526848,37.49,United States
1603,Monarch Casino &amp; Resort,MCRI,2172388608,121.21,United States
1604,SELLAS Life Sciences,SLS,2170823680,11.04,United States
1605,Lindblad Expeditions,LIND,2168074496,33.04,United States
1606,NeoGenomics,NEO,2165421824,16.63,United States
1607,AMC Entertainment,AMC,2160103168,2.42,United States
1608,Gorman-Rupp,GRC,2160093952,81.79,United States
1609,Kohl's,KSS,2158001920,19.03,United States
1610,Olin Corporation,OLN,2145150336,18.82,United States
1611,Protolabs,PRLB,2144837248,89.66,United States
1612,Horace Mann Educators,HMN,2133741184,52.84,United States
1613,Jetblue Airways,JBLU,2128040704,5.64,United States
1614,LTC Properties,LTC,2124957184,39.42,United States
1615,NGL Energy Partners,NGL,2123415040,17.15,United States
1616,American Axle &amp; Manufacturing,AXL,2121012480,9.0,United States
1617,Pediatrix Medical Group,MD,2119085312,26.08,United States
1618,AtriCure,ATRC,2118072576,41.64,United States
1619,Flywire,FLYW,2114584064,17.38,United States
1620,NextNav,NN,2105222144,15.43,United States
1621,1st Source,SRCE,2101936384,87.33,United States
1622,Alkami Technology,ALKT,2098201856,19.62,United States
1623,NW Natural Holdings,NWN,2086576512,49.57,United States
1624,Blackbaud,BLKB,2086128768,45.96,United States
1625,Surgery Partners,SGRY,2086071168,15.95,United States
1626,Stoke Therapeutics,STOK,2079680640,32.23,United States
1627,PC Connection,CNXN,2079619456,82.4,United States
1628,nCino,NCNO,2078219392,18.97,United States
1629,United Parks &amp; Resorts,PRKS,2074905984,44.02,United States
1630,Blue Bird Corporation,BLBD,2069395712,65.33,United States
1631,Driven Brands,DRVN,2066898176,12.53,United States
1632,Aveanna Healthcare,AVAH,2059964160,9.46,United States
1633,A10 Networks,ATEN,2057013632,28.33,United States
1634,Alamo Group,ALG,2056649600,168.98,United States
1635,Keel Infrastructure,KEEL,2053017600,3.4,United States
1636,Select Medical Holdings,SEM,2046298112,16.51,United States
1637,Innovex International,INVX,2036660864,29.17,United States
1638,City Holding Company,CHCO,2036548224,145.0,United States
1639,Innodata,INOD,2031979648,62.225,United States
1640,Ocular Therapeutix,OCUL,2029250560,9.24,United States
1641,DoubleVerify,DV,2028796672,13.22,United States
1642,Midera Food Processing,MFP,2026517760,44.82,United States
1643,Expro Group,XPRO,2024119936,17.85,United States
1644,Spectrum Brands,SPB,2020852864,87.88,United States
1645,Zenas BioPharma,ZBIO,2019636736,31.99,United States
1646,Hawaiian Electric Industries,HE,2016384000,11.68,United States
1647,Quantum Computing,QUBT,2014027520,8.93,United States
1648,Thermon Group,THR,2013932928,61.14,United States
1649,Encore Capital Group,ECPG,2013192960,94.92,United States
1650,Getty Realty,GTY,2011574016,32.48,United States
1651,Sunstone Hotel Investors,SHO,2008194560,10.8,United States
1652,Stellar Bancorp,STEL,2002201728,39.32,United States
1653,Stewart Information Services,STC,2000564864,65.7,United States
1654,Ziff Davis,ZD,2000530688,54.31,United States
1655,PDF Solutions,PDFS,1994159488,47.63,United States
1656,Pebblebrook Hotel Trust,PEB,1992646528,17.72,United States
1657,Sonida Senior Living,SNDA,1988069376,41.99,United States
1658,Perdoceo Education,PRDO,1966796928,31.43,United States
1659,Vertex,VERX,1963648512,12.135,United States
1660,Century Communities,CCS,1958723200,68.89,United States
1661,Netstreit,NTST,1956385280,20.03,United States
1662,Insperity,NSP,1956361856,51.22,United States
1663,Live Oak Bank,LOB,1954557312,42.23,United States
1664,Alpha Metallurgical Resources,AMR,1951155968,153.81,United States
1665,Global Net Lease,GNL,1951103360,9.25,United States
1666,Agios Pharmaceuticals,AGIO,1945684224,32.59,United States
1667,Braveheart Bio,BRVE,1945072768,27.53,United States
1668,Veris Residential,VRE,1943780352,18.99,United States
1669,Worthington Steel,WS,1942143232,38.12,United States
1670,Alamar Biosciences,ALMR,1940019968,27.99,United States
1671,Allient,ALNT,1921793920,113.03,United States
1672,Republic Bank,RBCAA,1912924928,97.51,United States
1673,National Bank Holdings,NBHC,1910746624,42.9,United States
1674,Enerpac Tool Group,EPAC,1903489152,36.93,United States
1675,Dorian LPG,LPG,1902117888,44.46,United States
1676,Genesis Energy  L.P.,GEL,1900432640,15.55,United States
1677,World Kinect,WKC,1894144384,37.03,United States
1678,Savers Value Village,SVV,1892489856,12.29,United States
1679,Photronics,PLAB,1891555456,32.08,United States
1680,Generate Biomedicines,GENB,1889347840,14.72,United States
1681,Boston Beer Company,SAM,1884728960,180.99,United States
1682,"Kardigan, Inc.",KARD,1883268608,21.08,United States
1683,SmartStop Self Storage REIT,SMA,1881866496,33.99,United States
1684,OceanFirst Financial,OCFC,1869907712,19.0,United States
1685,Xenia Hotels &amp; Resorts,XHR,1868755200,18.89,United States
1686,German American Bancorp,GABC,1867188736,49.69,United States
1687,NextDecade Corp,NEXT,1857974400,6.98,United States
1688,Astrana Health,ASTH,1857890688,37.47,United States
1689,LeMaitre Vascular,LMAT,1856754944,81.19,United States
1690,Strategic Education,STRA,1851390336,81.45,United States
1691,CTS Corporation,CTS,1845015808,64.61,United States
1692,MasterBrand,MBC,1843623936,9.06,United States
1693,Standard Nuclear,STDN,1839712000,11.45,United States
1694,Vestis,VSTS,1832297472,13.87,United States
1695,Taysha Gene Therapies,TSHA,1830489728,6.37,United States
1696,TriCo Bancshares,TCBK,1829371008,56.9,United States
1697,Sonos,SONO,1826458880,15.44,United States
1698,Evertec,EVTC,1826427008,29.64,United States
1699,Bicara Therapeutics,BCAX,1821968128,27.73,United States
1700,Huntsman Corporation,HUN,1816922496,10.36,United States
1701,Sarepta Therapeutics,SRPT,1814672256,17.18,United States
1702,Semrush,SEMR,1814168832,12.0,United States
1703,Anterix,ATEX,1809263232,92.79,United States
1704,Pathward Financial,CASH,1808113408,87.04,United States
1705,EverCommerce,EVCM,1806402176,10.225,United States
1706,Fortrea,FTRE,1805948928,18.99,United States
1707,Syndax Pharmaceuticals,SNDX,1804986240,20.37,United States
1708,Triumph Financial,TFIN,1799258624,75.3,United States
1709,National Vision Holdings,EYE,1797016832,22.43,United States
1710,S&amp;T Bancorp,STBA,1790753408,50.78,United States
1711,Hope Bancorp,HOPE,1788385792,14.0,United States
1712,Sixth Street Specialty Lending,TSLX,1786368384,18.8,United States
1713,Weis Markets,WMK,1783837824,72.09,United States
1714,Progress Software,PRGS,1775450368,43.29,United States
1715,Dime Community Bancshares,DCOM,1772445696,40.14,United States
1716,Hillman Solutions,HLMN,1766468480,9.08,United States
1717,Recursion Pharmaceuticals,RXRX,1764331776,3.29,United States
1718,Soho House & Co,SHCO,1758889344,8.99,United States
1719,Porch Group,PRCH,1751611136,15.43,United States
1720,Septerna,SEPN,1751184384,38.85,United States
1721,American Assets Trust,AAT,1748483584,22.54,United States
1722,Byline Bancorp,BY,1745986048,38.45,United States
1723,Trinity Capital,TRIN,1745202688,18.43,United States
1724,DXC Technology,DXC,1743185408,10.91,United States
1725,Digital Turbine,APPS,1741423872,14.39,United States
1726,Revolve Group,RVLV,1738084224,24.29,United States
1727,Goodyear,GT,1736029568,6.03,United States
1728,Turning Point Brands,TPB,1731070080,89.38,United States
1729,Albany International,AIN,1729936256,61.01,United States
1730,Inspire Medical Systems,INSP,1726527744,59.72,United States
1731,Amprius Technologies,AMPX,1725212288,11.81,United States
1732,CBL Properties,CBL,1723623040,55.7,United States
1733,ANI Pharmaceuticals,ANIP,1722374656,75.76,United States
1734,Ellington Financial,EFC,1716269440,13.47,United States
1735,Rumble,RUM,1712369792,6.21,United States
1736,BlackLine,BL,1702489216,29.29,United States
1737,Omnicell,OMCL,1701891328,37.31,United States
1738,Global Partners LP,GLP,1698910080,50.01,United States
1739,QCR Holdings,QCRH,1697776768,103.73,United States
1740,Bandwidth,BAND,1696249344,52.71,United States
1741,Bank First,BFC,1694543872,152.92,United States
1742,Biolife Solutions,BLFS,1694128256,34.64,United States
1743,PROG Holdings,PRG,1680894848,42.2,United States
1744,RAPT Therapeutics,RAPT,1680292864,58.02,United States
1745,Intellia Therapeutics,NTLA,1679461760,12.02,United States
1746,RLJ Lodging Trust,RLJ,1678190080,10.99,United States
1747,Sila Realty Trust,SILA,1677119744,30.36,United States
1748,J&amp;J Snack Foods,JJSF,1676333696,89.99,United States
1749,EZCorp,EZPW,1670030976,27.18,United States
1750,Liberty Latin America,LILA,1667108992,8.51,United States
1751,Innovative Industrial Properties,IIPR,1664333824,57.4,United States
1752,Kestra Medical Technologies,KMTS,1661380736,28.35,United States
1753,ICF International,ICFI,1656713600,91.51,United States
1754,La-Z-Boy,LZB,1656464128,41.4,United States
1755,Aeva Technologies,AEVA,1651329536,23.69,United States
1756,AnaptysBio,ANAB,1642382464,55.47,United States
1757,MillerKnoll,MLKN,1640407552,24.08,United States
1758,ConnectOne Bancorp,CNOB,1639420160,32.58,United States
1759,Origin Bancorp,OBK,1639351808,53.14,United States
1760,Central Securities,CET,1634960768,55.33,United States
1761,Kimbell Royalty Partners,KRP,1626318592,15.09,United States
1762,Agilon Health,AGL,1625053312,96.78,United States
1763,Ingles Markets,IMKTA,1624209152,85.51,United States
1764,Sprinklr,CXM,1623205376,6.93,United States
1765,Six Flags,FUN,1621713536,15.85,United States
1766,Perella Weinberg Partners,PWP,1619646464,17.035,United States
1767,C3 AI,AI,1616672512,10.4,United States
1768,Distribution Solutions Group,DSGR,1612926592,34.87,United States
1769,IDT Corporation,IDT,1612726528,64.85,United States
1770,Xencor,XNCR,1604546304,21.58,United States
1771,Sylvamo,SLVM,1601366272,40.3,United States
1772,Target Hospitality,TH,1600338432,16.07,United States
1773,Arlo Technologies,ARLO,1599822592,14.73,United States
1774,SkyWater Technology,SKYT,1597181312,32.46,United States
1775,Tandem Diabetes Care,TNDM,1587090176,22.81,United States
1776,FuelCell Energy,FCEL,1585491584,19.83,United States
1777,Ardent Health,ARDT,1585451392,11.06,United States
1778,Dauch Corporation,DCH,1576115072,6.64,United States
1779,Sally Beauty Holdings,SBH,1568173312,16.75,United States
1780,Tyra Biosciences,TYRA,1561097472,26.25,United States
1781,Frontier Airlines,ULCC,1560862976,6.78,United States
1782,Concentrix,CNXC,1555968000,25.5,United States
1783,Kemper,KMPR,1554981888,26.39,United States
1784,Wolverine World Wide,WWW,1551242240,18.92,United States
1785,BigBear.ai,BBAI,1548767232,3.23,United States
1786,Personalis,PSNL,1547887744,14.5,United States
1787,Ambiq Micro,AMBQ,1543376384,63.92,United States
1788,Azenta,AZTA,1536273280,33.33,United States
1789,Avalyn Pharma,AVLN,1532151808,34.56,United States
1790,Absci,ABSI,1526297088,9.01,United States
1791,Coursera,COUR,1522944000,5.76,United States
1792,Global Industrial Company,GIC,1522791808,39.8,United States
1793,Wolfspeed,WOLF,1522782464,29.3,United States
1794,Amplitude,AMPL,1522726784,12.19,United States
1795,Red Cat Holdings,RCAT,1521922688,10.0,United States
1796,Kennedy Wilson,KW,1521191808,10.92,United States
1797,Alexander &amp; Baldwin,ALEX,1518725120,20.84,United States
1798,Safety Insurance,SAFT,1517961856,103.4,United States
1799,"Harrow, Inc.",HROW,1517096960,40.7,United States
1800,Lakeland Financial Corp,LKFN,1517073920,61.03,United States
1801,WaterBridge Infrastructure,WBI,1513917184,32.2,United States
1802,Flowers Foods,FLO,1513631616,7.14,United States
1803,Hudson Pacific Properties,HPP,1512262784,13.64,United States
1804,Maze Therapeutics,MAZE,1509818752,27.28,United States
1805,Green Thumb Industries,GTII.CN,1509461014,6.89284,United States
1806,Vir Biotechnology,VIR,1504329856,8.89,United States
1807,Energizer Holdings,ENR,1500938880,21.92,United States
1808,Healthcare Services Group,HCSG,1495495680,21.79,United States
1809,Kosmos Energy,KOS,1494674048,2.51,United States
1810,Innoviva,INVA,1494036736,20.68,United States
1811,Walker &amp; Dunlop,WD,1489050752,43.38,United States
1812,Corsair Gaming,CRSR,1483106176,13.71,United States
1813,T1 Energy,TE,1482931072,5.31,United States
1814,G-III Apparel Group,GIII,1482576640,35.14,United States
1815,Carter's,CRI,1482397696,40.38,United States
1816,CONMED,CNMD,1481388672,49.46,United States
1817,InnovAge,INNV,1479526656,10.9,United States
1818,Amalgamated Financial,AMAL,1476768256,49.39,United States
1819,Eos Energy Enterprises,EOSE,1474879488,4.05,United States
1820,Stepan Company,SCL,1474432512,64.86,United States
1821,Helix Energy Solutions,HLX,1473824512,10.0,United States
1822,Atlas Energy Solutions,AESI,1472540544,11.78,United States
1823,Universal Technical Institute,UTI,1471240064,26.72,United States
1824,i-80 Gold,IAUX,1465486976,1.7,United States
1825,BJ's Restaurants,BJRI,1460443904,68.65,United States
1826,Peoples Bancorp,PEBO,1459976832,40.62,United States
1827,Xeris Pharmaceuticals,XERS,1456739200,7.99,United States
1828,PureCycle Technologies,PCT,1456559872,7.25,United States
1829,Forestar Group,FOR,1455279104,28.53,United States
1830,Atlanticus,ATLC,1452986240,95.78,United States
1831,Gibraltar Industries,ROCK,1450354816,48.86,United States
1832,The RealReal,REAL,1449102976,11.91,United States
1833,Exzeo Group,XZO,1443784704,15.88,United States
1834,ArriVent BioPharma,AVBP,1443357056,30.99,United States
1835,Shoals Technologies,SHLS,1440647680,8.56,United States
1836,KalVista Pharmaceuticals,KALV,1437504000,27.0,United States
1837,TriMas,TRS,1434954880,40.0,United States
1838,NAPCO Security Technologies,NSSC,1429450624,40.01,United States
1839,The Greenbrier Companies,GBX,1427247744,46.13,United States
1840,ProPetro,PUMP,1425985664,11.61,United States
1841,REX American Resources,REX,1425544448,43.28,United States
1842,Wealthfront Corporation,WLTH,1421171968,9.515,United States
1843,Empire State Realty Trust,ESRT,1420510080,4.64,United States
1844,AMN Healthcare Services,AMN,1419569408,36.6,United States
1845,ORIC Pharmaceuticals,ORIC,1411749120,13.62,United States
1846,Community Trust Bancorp,CTBI,1407143424,77.47,United States
1847,Schrödinger,SDGR,1404101760,18.77,United States
1848,"Cadre Holdings, Inc.",CDRE,1402807296,32.76,United States
1849,Tompkins Financial,TMP,1402477056,97.51,United States
1850,Enovis,ENOV,1397908608,24.24,United States
1851,Olaplex,OLPX,1391282176,2.07,United States
1852,Wendy’s,WEN,1390508672,7.3,United States
1853,Phibro Animal Health,PAHC,1385285120,34.15,United States
1854,The Pennant Group,PNTG,1384588416,39.64,United States
1855,Bristow Group,VTOL,1379242240,46.53,United States
1856,"Alexander's, Inc.",ALX,1379070336,270.02,United States
1857,York Space Systems,YSS,1377051264,10.48,United States
1858,United Fire Group,UFCS,1372348416,53.49,United States
1859,Inhibrx Biosciences,INBX,1366034176,93.11,United States
1860,"RPC, Inc.",RES,1363190656,6.15,United States
1861,Flotek Industries,FTK,1362612480,37.62,United States
1862,First Mid Bancshares,FMBH,1359778048,51.13,United States
1863,Winmark,WINA,1358558336,378.2,United States
1864,Unusual Machines,UMAC,1355819520,27.14,United States
1865,Westamerica Bancorporation,WABC,1352926848,58.54,United States
1866,Nutex Health,NUTX,1352543104,197.51,United States
1867,Willis Lease Finance Corporation,WLFC,1352253440,56.58,United States
1868,Yelp,YELP,1350021760,24.55,United States
1869,Monte Rosa Therapeutics,GLUE,1349657984,15.82,United States
1870,"Yesway, Inc.",YSWY,1345416192,21.29,United States
1871,Ameresco,AMRC,1341513856,25.28,United States
1872,UMH Properties,UMH,1338846208,15.68,United States
1873,Arhaus,ARHS,1338136192,9.44,United States
1874,Aktis Oncology,AKTS,1332186496,24.1,United States
1875,Everforth,EFOR,1330450048,32.45,United States
1876,Integra LifeSciences,IART,1327576576,17.07,United States
1877,BellRing Brands,BRBR,1323245824,11.38,United States
1878,Babcock &amp; Wilcox,BW,1321695104,8.88,United States
1879,LGI Homes,LGIH,1317270272,56.7,United States
1880,XPEL,XPEL,1313422720,47.64,United States
1881,FMC Corporation,FMC,1309872768,10.46,United States
1882,HBT Financial,HBT,1306980096,35.94,United States
1883,Orchid Island Capital,ORC,1304551424,6.5,United States
1884,Novavax,NVAX,1301421824,7.89,United States
1885,Jefferson Capital,JCAP,1299430272,21.09,United States
1886,NexPoint Residential Trust,NXRT,1294739328,25.09,United States
1887,Leggett &amp; Platt,LEG,1292131840,9.46,United States
1888,ProAssurance,PRA,1290193152,25.0,United States
1889,Edgewell Personal Care,EPC,1290028800,27.99,United States
1890,Teladoc Health,TDOC,1286322816,7.08,United States
1891,Old Second Bancorp,OSBC,1286138112,25.28,United States
1892,Liquidity Services,LQDT,1281776512,40.91,United States
1893,Tetra Technologies,TTI,1280829568,8.65,United States
1894,Dorchester Minerals,DMLP,1280217088,26.53,United States
1895,WEBTOON Entertainment,WBTN,1277968256,9.45,United States
1896,Artivion,AORT,1277175552,26.31,United States
1897,Graham Corporation,GHM,1276402304,108.75,United States
1898,Trupanion,TRUP,1274938112,29.06,United States
1899,Gentherm,THRM,1274880256,41.52,United States
1900,Oil-Dri Corporation Of America,ODC,1274530176,88.02,United States
1901,ACV Auctions,ACVA,1267486336,7.26,United States
1902,Vor Biopharma,VOR,1266323968,23.37,United States
1903,QuinStreet,QNST,1264947072,22.02,United States
1904,Two Harbors Investment,TWO,1264771072,12.03,United States
1905,MannKind Corp,MNKD,1263654784,3.93,United States
1906,TripAdvisor,TRIP,1263408896,10.78,United States
1907,OppFi,OPFI,1263156224,8.77,United States
1908,Harmonic Inc.,HLIT,1258558592,11.6,United States
1909,Cracker Barrel,CBRL,1253916928,56.1,United States
1910,Arteris,AIP,1252645888,27.13,United States
1911,Dream Finders Homes,DFH,1251082240,13.79,United States
1912,STAAR Surgical,STAA,1250687104,25.12,United States
1913,Utz Brands,UTZ,1250332416,14.11,United States
1914,Pursuit Attractions and Hospitality,PRSU,1248971008,45.81,United States
1915,GoodRx,GDRX,1248592128,3.66,United States
1916,Preferred Bank,PFBC,1247430784,105.34,United States
1917,Myers Industries,MYE,1247415296,33.16,United States
1918,"U.S. Physical Therapy, Inc.",USPH,1243983744,81.74,United States
1919,Willdan Group,WLDN,1243753984,82.31,United States
1920,PROCEPT BioRobotics,PRCT,1243411072,21.71,United States
1921,CVR Partners,UAN,1236753408,117.01,United States
1922,Cricut,CRCT,1235722112,5.9,United States
1923,Seaport Therapeutics,SPTX,1232273280,23.02,United States
1924,ZoomInfo,GTM,1231395456,4.23,United States
1925,Certara,CERT,1230987904,8.07,United States
1926,AEVEX Corp.,AVEX,1228794496,21.76,United States
1927,Clear Channel Outdoor,CCO,1226916224,2.41,United States
1928,Ladder Capital,LADR,1221712896,9.63,United States
1929,Seneca Foods,SENEA,1216718848,179.71,United States
1930,Upwork,UPWK,1214183296,9.83,United States
1931,Biglari,BH,1210468864,385.62,United States
1932,National Healthcare Properties,NHP,1209976320,16.36,United States
1933,Universal Insurance Holdings,UVE,1208115712,43.41,United States
1934,Herbalife,HLF,1207334912,11.52,United States
1935,MeiraGTx,MGTX,1205776000,13.02,United States
1936,Heritage Financial,HFWA,1203048960,29.41,United States
1937,Rackspace Technology,RXT,1200987776,4.73,United States
1938,Marten Transport,MRTN,1197728512,14.68,United States
1939,Oppenheimer Holdings,OPY,1196191232,111.71,United States
1940,Cardinal Infrastructure Group,CDNL,1193764992,60.0,United States
1941,Ategrity Specialty Insurance Company,ASIC,1193131136,24.84,United States
1942,Backblaze,BLZE,1192813056,19.27,United States
1943,Tennant Company,TNC,1181005184,69.27,United States
1944,Universal Corporation,UVV,1180224768,47.4,United States
1945,Saul Centers,BFS,1178355072,33.93,United States
1946,Cullinan Therapeutics,CGEM,1176403840,18.28,United States
1947,Easterly Government Properties,DEA,1174669184,23.97,United States
1948,Savara,SVRA,1174232960,5.73,United States
1949,Bioventus,BVS,1173922688,13.96,United States
1950,Lightwave Logic,LWLG,1172546048,7.61,United States
1951,Lindsay Corporation,LNN,1171557248,115.21,United States
1952,BlackSky Technology,BKSY,1170859904,28.61,United States
1953,Avanos Medical,AVNS,1170726912,24.99,United States
1954,Suburban Propane Partners,SPH,1168133888,17.51,United States
1955,Donnelley Financial Solutions,DFIN,1165593088,47.41,United States
1956,Piedmont Realty Trust,PDM,1163735296,9.3,United States
1957,Univest Financial Corporation,UVSP,1163632512,42.19,United States
1958,Mission Produce,AVO,1162164608,13.15,United States
1959,Marcus &amp; Millichap,MMI,1161503744,30.67,United States
1960,Corvus Pharmaceuticals,CRVS,1155821696,13.74,United States
1961,IRadimed,IRMD,1154281600,90.27,United States
1962,NPK International,NPKI,1148830848,13.53,United States
1963,MarineMax,HZO,1148107392,52.12,United States
1964,Replimune,REPL,1147530368,13.67,United States
1965,Prospect Capital,PSEC,1147307520,2.29,United States
1966,Metropolitan Bank Holding,MCB,1145802624,92.42,United States
1967,Northeast Bank,NBN,1144878336,133.82,United States
1968,Great Lakes Dredge &amp; Dock Corp.,GLDD,1135273600,17.0,United States
1969,Compass Minerals,CMP,1133714560,27.02,United States
1970,Newsmax,NMAX,1132738944,8.77,United States
1971,Five Star Bancorp,FSBC,1128929536,46.01,United States
1972,Lumexa Imaging,LMRI,1127987840,11.74,United States
1973,EyePoint Pharmaceuticals,EYPT,1126792576,13.07,United States
1974,Amerant Bancorp,AMTB,1123573120,28.67,United States
1975,Deluxe Corporation,DLX,1122561920,24.48,United States
1976,Upbound Group,UPBD,1120514560,19.22,United States
1977,Latigo Biotherapeutics,LTGO,1116443264,18.56,United States
1978,Taboola.com,TBLA,1115741824,4.13,United States
1979,"Apnimed, Inc.",APMD,1112659840,27.94,United States
1980,Virtus Investment Partners,VRTS,1108096256,165.83,United States
1981,Northwest Pipe Company,NWPX,1104616064,114.62,United States
1982,Ecovyst,ECVT,1103441408,10.08,United States
1983,Bowhead Specialty Holdings,BOW,1102272896,33.46,United States
1984,Alto Neuroscience,ANRO,1099643008,28.29,United States
1985,ASA Gold and Precious Metals,ASA,1097404544,58.41,United States
1986,ScanSource,SCSC,1097321344,53.99,United States
1987,NCR Voyix Corporation,VYX,1094894336,7.93,United States
1988,Safehold,SAFE,1094819712,15.46,United States
1989,Genco Shipping &amp; Trading,GNK,1092280320,25.06,United States
1990,Middlesex Water Company,MSEX,1088049536,57.74,United States
1991,Resolute Holdings Management,RHLD,1086844416,131.62,United States
1992,Arbor Realty Trust,ABR,1086623488,5.36,United States
1993,Capitol Federal Financial,CFFN,1082043136,8.77,United States
1994,Entravision Communications,EVC,1076858496,11.7,United States
1995,O-I Glass,OI,1075618176,7.0,United States
1996,eXp World Holdings,EXPI,1073469056,6.74,United States
1997,XPLR Infrastructure,XIFR,1073134016,11.38,United States
1998,Lexicon Pharmaceuticals,LXRX,1067894272,2.4,United States
1999,Odyssey Therapeutics,ODTX,1064854400,22.17,United States
2000,Green Plains,GPRE,1057738496,15.09,United States
2001,CRA International,CRAI,1057713664,168.51,United States
2002,Evolv Technologies,EVLV,1054046464,5.86,United States
2003,BrightView,BV,1051296000,11.28,United States
2004,Service Properties Trust,SVC,1047897728,8.09,United States
2005,Mercantile Bank,MBWM,1047354368,60.59,United States
2006,"Strive Asset Management, LLC",ASST,1046203648,12.44,United States
2007,USA TODAY Co.,TDAY,1045343680,7.12,United States
2008,Olema Pharmaceuticals,OLMA,1042928768,11.94,United States
2009,Equity Bancshares,EQBK,1042541632,50.69,United States
2010,OPKO Health,OPK,1037396288,1.39,United States
2011,Kforce,KFRC,1036035648,57.85,United States
2012,Alpha &amp; Omega Semiconductor,AOSL,1034366272,34.56,United States
2013,Horizon Bancorp,HBNC,1033101376,20.22,United States
2014,Daktronics,DAKT,1027947968,21.28,United States
2015,Securitize Corp.,SECZ,1024594240,6.92,United States
2016,Nextdoor,NXDR,1022119104,2.68,United States
2017,MidWestOne Financial Group,MOFG,1017475776,49.31,United States
2018,CNB Financial Corp,CCNE,1015403840,34.28,United States
2019,MetroCity Bankshares,MCBS,1014565504,35.4,United States
2020,Enovix,ENVX,1012231936,4.64,United States
2021,Glass House Brands,GLASF,1007483904,11.81,United States
2022,Sana Biotechnology,SANA,1004632576,3.61,United States
2023,Ventyx Biosciences,VTYX,1004502016,14.0,United States
2024,Diversified Energy,DEC.L,1003687866,14.1825,United States
2025,Phoenix Education Partners,PXED,1003198464,27.83,United States
2026,HighPeak Energy,HPK,1000756224,7.92,United States
2027,Janux Therapeutics,JANX,1000753216,16.41,United States
2028,Emerald Holding,EEX,997505920,5.04,United States
2029,NANO Nuclear Energy,NNE,997174528,18.57,United States
2030,Ardelyx,ARDX,996750272,4.0,United States
2031,"Sinclair, Inc.",SBGI,995096576,13.76,United States
2032,Tronox,TROX,993334144,6.22,United States
2033,Central Pacific Financial,CPF,991018688,38.49,United States
2034,Astec Industries,ASTE,991011840,43.04,United States
2035,Heritage Insurance,HRTG,990246912,32.71,United States
2036,"Eve Holding, Inc.",EVEX,989701184,2.84,United States
2037,NB Bancorp,NBBK,989421440,22.58,United States
2038,United States Antimony Corporation,UAMY,988398080,6.67,United States
2039,Whitestone REIT,WSR,988012416,18.99,United States
2040,Omeros Corporation,OMER,985752256,13.62,United States
2041,National Presto Industries,NPK,985330944,137.5,United States
2042,Douglas Dynamics,PLOW,984466752,42.66,United States
2043,Accel Entertainment,ACEL,980784384,12.05,United States
2044,Chimera Investment Corporation,CIM,980265344,11.71,United States
2045,Barings BDC,BBDC,980056384,9.36,United States
2046,Global Medical REIT,GMRE,979776256,35.98,United States
2047,Eastman Kodak Company,KODK,978089728,9.99,United States
2048,Kronos Worldwide,KRO,977177920,8.49,United States
2049,Lincoln Educational Services,LINC,976046784,30.77,United States
2050,Centerspace,CSR,975887680,55.15,United States
2051,Sable Offshore,SOC,975755968,5.09,United States
2052,LegalZoom,LZ,972784128,5.68,United States
2053,Grocery Outlet,GO,972409856,9.83,United States
2054,Camden National Corporation,CAC,969552640,57.38,United States
2055,Quanex Building Products,NX,967242880,21.06,United States
2056,Unitil Corporation,UTL,965631872,52.95,United States
2057,First Financial,THFF,962411136,80.93,United States
2058,Pacira Biosciences,PCRX,961269824,24.43,United States
2059,Karat Packaging,KRT,960455168,48.11,United States
2060,Simply Good Foods,SMPL,956049472,10.81,United States
2061,Koppers Holdings,KOP,955790656,50.54,United States
2062,Southside Bancshares,SBSI,950864704,31.96,United States
2063,Geron,GERN,949451008,1.48,United States
2064,Ridgepost Capital,RPC,949057536,8.61,United States
2065,Mid Penn Bancorp,MPB,945347776,37.335,United States
2066,Bloomin' Brands,BLMN,943542592,11.02,United States
2067,Hanmi Financial,HAFC,939288448,31.68,United States
2068,QuidelOrtho,QDEL,937626112,13.75,United States
2069,Groupon,GRPN,933268544,22.95,United States
2070,Trustco Bank,TRST,930920704,54.67,United States
2071,IperionX,IPX,929236032,25.66,United States
2072,ProFrac,ACDC,928826112,5.1,United States
2073,Red Violet,RDVT,926250688,65.65,United States
2074,Viant Technology,DSP,924570624,14.09,United States
2075,Marcus Corporation,MCS,920956672,29.87,United States
2076,MFA Financial,MFA,918889344,9.09,United States
2077,Solid Biosciences,SLDB,917848128,8.56,United States
2078,Adaptive Biotechnologies,ADPT,916254080,22.9,United States
2079,Abacus Global Management,ABX,913180992,9.52,United States
2080,WhiteFiber,WYFI,912067840,23.62,United States
2081,PagerDuty,PD,910594944,11.88,United States
2082,Heartland Express,HTLD,910503936,11.75,United States
2083,LSI Industries,LYTS,909366272,24.77,United States
2084,Ryerson,RYI,907088320,28.16,United States
2085,Arbutus Biopharma,ABUS,906698112,4.59,United States
2086,Winnebago Industries,WGO,906017984,32.05,United States
2087,Oxford Lane Capital,OXLC,905212288,9.27,United States
2088,Metallus,MTUS,904155968,21.72,United States
2089,EverQuote,EVER,903787264,25.55,United States
2090,Beazer Homes USA,BZH,903656256,33.06,United States
2091,HMH Holding,HMH,900652672,20.5,United States
2092,Design Therapeutics,DSGN,896795072,14.33,United States
2093,Amphastar Pharmaceuticals,AMPH,895527168,20.31,United States
2094,Lucky Strike Entertainment,LUCK,893302976,6.55,United States
2095,Reformation Inc.,REF,891459968,15.09,United States
2096,CEVA,CEVA,889271040,31.92,United States
2097,Apogee Enterprises,APOG,887319872,42.52,United States
2098,ARKO Petroleum,APC,885757632,18.62,United States
2099,Annexon,ANNX,883111296,5.39,United States
2100,Standard Motor Products,SMP,882293824,39.63,United States
2101,Collegium Pharmaceutical,COLL,882198848,27.2,United States
2102,Forum Energy Technologies,FET,881934464,78.42,United States
2103,Fox Factory Holding,FOXF,881916864,21.03,United States
2104,Capital City Bank Group,CCBG,881334720,51.5,United States
2105,Employers Holdings,EIG,881142464,49.06,United States
2106,Talkspace,TALK,877765760,5.24,United States
2107,SmartFinancial (SmartBank),SMBK,876638656,51.27,United States
2108,Sun Country Airlines,SNCY,876356672,16.17,United States
2109,Kura Oncology,KURA,874427584,9.85,United States
2110,Great Southern Bancorp,GSBC,873259008,80.23,United States
2111,World Acceptance Corporation,WRLD,871268544,186.84,United States
2112,Apollo Commercial Real Estate Finance,ARI,870799232,6.65,United States
2113,American Public Education,APEI,869297856,47.39,United States
2114,Aclaris Therapeutics,ACRS,867085696,5.9,United States
2115,Vishay Precision Group,VPG,864229440,64.88,United States
2116,JBG SMITH,JBGS,864089216,11.21,United States
2117,CrossAmerica Partners,CAPL,862287936,22.6,United States
2118,American Bitcoin Corp,ABTC,861265408,7.07,United States
2119,Latham Group,SWIM,859992896,7.31,United States
2120,HealthStream,HSTM,858777536,29.37,United States
2121,Hippo Holdings,HIPO,855807616,32.43,United States
2122,"MNTN, Inc.",MNTN,853823232,11.55,United States
2123,Transcat,TRNS,850338752,90.85,United States
2124,Sky Harbour Group,SKYH,849460224,11.1,United States
2125,Postal Realty Trust,PSTL,844902080,22.48,United States
2126,Eagle Bancorp,EGBN,842754880,27.64,United States
2127,Covenant Logistics,CVLG,842724672,33.48,United States
2128,Southern Missouri Bancorp,SMBC,841909376,76.46,United States
2129,"Lincoln International, Inc.",LCLN,841649024,24.23,United States
2130,Independent Bank Corporation,IBCP,841353344,37.9,United States
2131,SpyGlass Pharma,SGP,841183232,25.16,United States
2132,Bain Capital Specialty Finance,BCSF,840047168,12.95,United States
2133,South Plains Financial,SPFI,837963328,44.48,United States
2134,Mitek Systems,MITK,837020032,18.55,United States
2135,Orrstown Financial Services,ORRF,836352512,42.52,United States
2136,SI-BONE,SIBN,835540544,18.84,United States
2137,Sabre,SABR,835417216,2.07,United States
2138,GCM Grosvenor,GCMG,834495296,13.82,United States
2139,ASGN,ASGN,833931008,19.53,United States
2140,Compass Diversified Holdings,CODI,833614528,11.08,United States
2141,MediaAlpha,MAX,829514240,13.54,United States
2142,Heritage Commerce,HTBK,828429632,13.45,United States
2143,Root Insurance,ROOT,827959360,53.44,United States
2144,Alerus Financial,ALRS,827036480,33.21,United States
2145,HomeTrust Bancshares,HTB,826312384,49.5,United States
2146,Cantaloupe,CTLP,825815936,11.2,United States
2147,Mama's Creations,MAMA,821607168,17.67,United States
2148,Dakota Gold,DC,820979264,6.13,United States
2149,Esperion Therapeutics,ESPR,819464832,3.18,United States
2150,Satellogic,SATL,819433664,5.33,United States
2151,Array Technologies,ARRY,819320960,5.32,United States
2152,PennyMac Mortgage Investment Trust,PMT,817958144,9.38,United States
2153,Movado Group,MOV,816850752,36.75,United States
2154,Financial Institutions,FISI,814463872,41.33,United States
2155,PubMatic,PUBM,808969088,17.76,United States
2156,Scholastic,SCHL,806940992,42.78,United States
2157,CTO Realty Growth,CTO,804812736,21.47,United States
2158,Riley Exploration Permian,REPX,802188480,36.21,United States
2159,Park Aerospace,PKE,801314624,36.84,United States
2160,Frequency Electronics,FEIM,800849600,73.09,United States
2161,Montrose Environmental,MEG,800798912,22.14,United States
2162,Peapack-Gladstone Financial,PGC,799984768,45.15,United States
2163,SunCoke Energy,SXC,798672320,9.41,United States
2164,Aura Biosciences,AURA,796460352,7.7,United States
2165,Navient,NAVI,796090368,8.47,United States
2166,Westrock Coffee,WEST,796072960,8.16,United States
2167,NioCorp Developments,NB,793449344,5.45,United States
2168,Bright Minds Biosciences,DRUG,792716416,80.79,United States
2169,LightPath Technologies,LPTH,789262848,12.57,United States
2170,Shore Bancshares,SHBI,787585728,23.6,United States
2171,indie Semiconductor,INDI,785993600,3.72,United States
2172,Papa John's Pizza,PZZA,785182272,23.85,United States
2173,Barrett Business Services,BBSI,782553984,32.29,United States
2174,Peakstone Realty Trust,PKST,780562688,20.99,United States
2175,Kopin Corporation,KOPN,780118400,4.21,United States
2176,Monopar Therapeutics,MNPR,779435840,116.35,United States
2177,Varex Imaging,VREX,778024064,18.46,United States
2178,Rapid7,RPD,775903424,11.61,United States
2179,"TXO Partners, L.P.",TXO,774499968,14.02,United States
2180,Daily Journal,DJCO,773318400,561.29,United States
2181,Hovnanian Enterprises,HOV,771708928,131.7,United States
2182,Rigel Pharmaceuticals,RIGL,770796672,41.66,United States
2183,Phreesia,PHR,768472128,12.44,United States
2184,Carlyle Secured Lending,CGBD,766483072,11.14,United States
2185,Petco,WOOF,765314880,2.68,United States
2186,Westlake Chemical Partners,WLKP,764130688,21.68,United States
2187,Once Upon A Farm,OFRM,756251648,18.01,United States
2188,Hertz,HTZ,755676928,2.12,United States
2189,Golden Entertainment,GDEN,753686080,28.55,United States
2190,Green Dot,GDOT,751612672,13.26,United States
2191,PAR Technology,PAR,750680896,18.2,United States
2192,CytomX Therapeutics,CTMX,749573504,3.44,United States
2193,Gyre Therapeutics,GYRE,749205056,6.72,United States
2194,Hallador Energy Company,HNRG,748430656,15.88,United States
2195,CryoPort,CYRX,746962240,14.82,United States
2196,First Watch Restaurant,FWRG,742400576,12.03,United States
2197,Beta Bionics,BBNX,737830848,16.4,United States
2198,Shentel,SHEN,736903936,13.31,United States
2199,Third Coast Bancshares,TCBX,736780544,44.28,United States
2200,Washington Trust Bancorp,WASH,734742784,38.52,United States
2201,PennantPark Floating Rate Capital Ltd.,PFLT,734212416,7.4,United States
2202,Cass Information Systems,CASS,733664256,57.29,United States
2203,Janus International Group,JBI,732427520,5.37,United States
2204,CeriBell,CBLL,732294080,19.3,United States
2205,Neurogene,NGNE,729183936,36.55,United States
2206,Ibotta,IBTA,729177856,36.19,United States
2207,LSB Industries,LXU,726454848,10.09,United States
2208,Allogene Therapeutics,ALLO,724824512,2.1,United States
2209,PRA Group,PRAA,723151232,18.96,United States
2210,Velocity Financial,VEL,722905408,18.31,United States
2211,Immix Biopharma,IMMX,721154240,10.13,United States
2212,Verra Mobility,VRRM,720037504,4.74,United States
2213,Matthews International Corporation,MATW,717032000,22.98,United States
2214,Bluelinx,BXC,711388736,91.41,United States
2215,AdaptHealth,AHCO,710202624,5.22,United States
2216,XOMA Royalty,XOMA,710155008,40.17,United States
2217,SLR Investment,SLRC,707573568,12.97,United States
2218,Paysign,PAYS,707470784,12.53,United States
2219,Enhabit,EHAB,706913408,13.8,United States
2220,Mativ Holdings,MATV,705593664,12.8,United States
2221,Hyliion,HYLN,700826048,3.93,United States
2222,American Woodmark,AMWD,700651840,48.09,United States
2223,Peoples Financial Services,PFIS,695219968,69.45,United States
2224,Alight,ALIT,694455872,14.64,United States
2225,ParkOhio Holdings Corp.,PKOH,693491904,47.86,United States
2226,Phathom Pharmaceuticals,PHAT,693321024,8.57,United States
2227,Donegal Group,DGICA,691716096,18.67,United States
2228,Midland States Bancorp,MSBI,688970112,33.2,United States
2229,REGENXBIO,RGNX,687857472,10.42,United States
2230,California BanCorp,BCAL,686835392,21.39,United States
2231,GMR Solutions Inc.,GMRS,683248128,12.65,United States
2232,Shattuck Labs,STTK,681928320,7.14,United States
2233,Zevra Therapeutics,ZVRA,681725760,11.48,United States
2234,Helen of Troy,HELE,680361024,29.21,United States
2235,Consensus Cloud Solutions,CCSI,680356160,36.98,United States
2236,Vitesse Energy,VTS,679984704,16.15,United States
2237,The Manitowoc Company,MTW,678332032,18.89,United States
2238,River City Bank,RCBC,678054208,47.075,United States
2239,Udemy,UDMY,677283328,4.63,United States
2240,Legacy Housing Corporation,LEGH,675873088,28.42,United States
2241,Community West Bancshares,CWBC,675641728,24.9,United States
2242,Tiptree,TIPT,672921216,18.07,United States
2243,Granite Ridge Resources,GRNT,670031616,5.08,United States
2244,Summit Hotel Properties,INN,669769984,6.21,United States
2245,Ironwood Pharmaceuticals,IRWD,669221824,4.05,United States
2246,OTC Markets Group,OTCM,664899200,55.21,United States
2247,Red River Bancshares,RRBI,662947200,100.68,United States
2248,Bar Harbor Bankshares,BHB,659912896,39.36,United States
2249,Tactile Medical,TCMD,657289408,29.14,United States
2250,Hingham Institution for Savings,HIFS,656670080,298.86,United States
2251,Reservoir Media,RSVR,654852544,9.95,United States
2252,Contango Ore,CTGO,653871616,19.52,United States
2253,Cars.com,CARS,652563712,12.19,United States
2254,AlTi Global,ALTI,651956736,4.3,United States
2255,Gladstone Investment,GAIN,651089216,16.35,United States
2256,AngioDynamics,ANGO,650985088,15.75,United States
2257,TaskUs,TASK,650977856,7.1,United States
2258,Franklin BSP Realty Trust,FBRT,648584704,7.81,United States
2259,ACNB Corporation,ACNB,648362688,63.49,United States
2260,Armada Hoffler Properties,AHH,647902656,6.25,United States
2261,Sweetgreen,SG,647610688,5.45,United States
2262,AH Realty Trust,AHRT,646427968,6.74,United States
2263,Ramaco Resources,METC,645292288,10.18,United States
2264,NerdWallet,NRDS,644828096,9.8,United States
2265,Arrow Financial,AROW,644103488,38.93,United States
2266,Cannae Holdings,CNNE,643728384,14.65,United States
2267,Tectonic Therapeutic,TECX,639459712,32.71,United States
2268,Northfield Bancorp,NFBK,639406784,15.31,United States
2269,Bally's Corporation,BALY,637313344,13.02,United States
2270,Smith &amp; Wesson,SWBI,635571648,14.21,United States
2271,Camping World,CWH,635263744,6.15,United States
2272,Forward Air,FWRD,634066816,18.77,United States
2273,Hyster-Yale Materials Handling,HY,628848128,35.1,United States
2274,RE/MAX Holdings,RMAX,628255744,11.4,United States
2275,Insteel Industries,IIIN,626045760,32.34,United States
2276,Gladstone Commercial,GOOD,623510592,12.77,United States
2277,Forge Global,FRGE,623007296,45.0,United States
2278,MiMedx Group,MDXG,622397184,4.27,United States
2279,Vaalco Energy,EGY,621740608,5.81,United States
2280,ADTRAN,ADTN,621703168,7.63,United States
2281,Grid Dynamics,GDYN,621431872,7.66,United States
2282,BrightSpire Capital,BRSP,619968448,4.9,United States
2283,NETGEAR,NTGR,619464960,23.08,United States
2284,"Citi Trends, Inc.",CTRN,617824832,74.17,United States
2285,Village Super Market,VLGEA,616222912,41.61,United States
2286,Nuvectis Pharma,NVCT,614976448,18.875,United States
2287,Verastem Oncology,VSTM,614925760,6.79,United States
2288,Enviri Corporation,NVRI,614853440,21.87,United States
2289,TPG Real Estate Finance Trust,TRTX,612281024,7.92,United States
2290,3D Systems,DDD,611421056,3.68,United States
2291,Chatham Lodging Trust,CLDT,611049280,12.45,United States
2292,OrthoPediatrics,KIDS,607835904,23.28,United States
2293,OneSpan,OSPN,606882560,16.37,United States
2294,Miller Industries,MLR,605979584,53.38,United States
2295,Cytek Biosciences,CTKB,605721984,4.66,United States
2296,Energy Vault,NRGV,605339136,3.34,United States
2297,N-Able,NABL,604694336,3.21,United States
2298,Kimball Electronics,KE,604589952,25.14,United States
2299,Sprout Social,SPT,604060672,10.05,United States
2300,Bridgewater Bancshares,BWB,598386816,21.46,United States
2301,WhiteHawk Minerals Corp,WHK,598371008,26.02,United States
2302,Ethan Allen,ETD,598243456,23.51,United States
2303,Unity Bancorp,UNTY,597633792,59.51,United States
2304,DoubleDown Interactive,DDI,597118976,12.05,United States
2305,KinderCare Learning Companies,KLC,595694336,5.03,United States
2306,Kearny Financial,KRNY,595344960,9.46,United States
2307,EagleRock Land,EROK,594762304,24.32,United States
2308,Southern First Bancshares,SFST,594352640,62.75,United States
2309,"Sturm, Ruger &amp; Co",RGR,593911744,37.17,United States
2310,Rayonier Advanced Materials,RYAM,593239744,8.77,United States
2311,Altimmune,ALT,593146176,3.05,United States
2312,Ooma,OOMA,592906688,21.58,United States
2313,Sagimet Biosciences,SGMT,590964800,9.57,United States
2314,CorMedix,CRMD,590742720,7.53,United States
2315,Kura Sushi USA,KRUS,589996032,48.56,United States
2316,First Business Financial Services,FBIZ,589380800,70.43,United States
2317,Arvinas,ARVN,587821824,8.99,United States
2318,Northrim BanCorp,NRIM,587706688,26.42,United States
2319,Northpointe Bancshares,NPB,587545472,16.99,United States
2320,ARS Pharmaceuticals,SPRY,586882304,5.91,United States
2321,Civista Bancshares,CIVB,584941888,28.13,United States
2322,Greene County Bancorp,GCBC,584144384,34.31,United States
2323,Mayville Engineering Company,MEC,583702592,22.89,United States
2324,Industrial Logistics Properties Trust,ILPT,583358976,8.74,United States
2325,BitGo,BTGO,583275840,5.03,United States
2326,MasterCraft Boat,MCFT,583272256,24.08,United States
2327,4D Molecular Therapeutics,FDMT,582357504,11.14,United States
2328,Methode Electronics,MEI,581052288,16.37,United States
2329,Claritev,CTEV,580818112,34.07,United States
2330,Yext,YEXT,577429120,5.76,United States
2331,W&amp;T Offshore,WTI,576602048,3.82,United States
2332,Universal Health Realty Income Trust,UHT,575543040,41.41,United States
2333,Redwood Trust,RWT,574048832,4.57,United States
2334,NVE Corporation,NVEC,572527104,118.36,United States
2335,Prime Medicine,PRME,571337152,3.15,United States
2336,loanDepot,LDI,569771392,0.8785,United States
2337,Mesa Laboratories,MLAB,568652224,101.62,United States
2338,Malibu Boats,MBUU,568492352,28.95,United States
2339,Ur-Energy,URG,564211200,1.42,United States
2340,The Honest Company,HNST,561097280,5.23,United States
2341,iHeartMedia,IHRT,560775424,3.71,United States
2342,Idaho Strategic Resources,IDR,560301376,35.44,United States
2343,Columbus McKinnon,CMCO,557368512,19.31,United States
2344,Oxford Industries,OXM,556177216,37.25,United States
2345,Home Bancorp,HBCP,555911040,70.63,United States
2346,MapLight Therapeutics,MPLT,552310336,12.18,United States
2347,Limbach Holdings,LMB,552303040,46.33,United States
2348,GAMCO Investors,GAMI,549165632,25.5,United States
2349,Artiva Biotherapeutics,ARTV,548547136,11.22,United States
2350,Contineum Therapeutics,CTNM,545130176,14.49,United States
2351,Kelly Services,KELYA,544249536,15.67,United States
2352,Carriage Services,CSV,543627264,34.25,United States
2353,Spire Global,SPIR,543123008,14.03,United States
2354,Krispy Kreme,DNUT,542416192,3.14,United States
2355,ASP Isotopes,ASPI,540125760,4.29,United States
2356,Investors Title Company,ITIC,539645888,285.83,United States
2357,Olympic Steel,ZEUS,538983936,47.86,United States
2358,Aquestive Therapeutics,AQST,538253376,4.29,United States
2359,Solid Power,SLDP,536225824,2.35,United States
2360,Zura Bio,ZURA,534178432,5.63,United States
2361,Oil States International,OIS,533855200,8.85,United States
2362,Bankwell Financial Group,BWFG,532766912,66.83,United States
2363,Brandywine Realty Trust,BDN,532072608,3.08,United States
2364,SandRidge Energy,SD,530515392,14.37,United States
2365,Stitch Fix,SFIX,529700640,3.97,United States
2366,Cogent Communications,CCOI,527522080,10.3,United States
2367,ARKO Corp.,ARKO,527272864,4.7,United States
2368,Eikon Therapeutics,EIKN,526768832,9.73,United States
2369,AMERISAFE,AMSF,526324128,28.14,United States
2370,BioAge Labs,BIOA,525519584,11.45,United States
2371,Strata Critical Medical,SRTA,525492832,5.94,United States
2372,Fulgent Genetics,FLGT,524441440,19.06,United States
2373,Flushing Financial Corp,FFIC,524179680,15.47,United States
2374,Aspen Aerogels,ASPN,521299200,6.29,United States
2375,Gemini Space Station,GEMI,519638784,4.11,United States
2376,York Water,YORW,517854016,31.91,United States
2377,Veradigm,MDRX,516615808,4.74,United States
2378,Sierra Bancorp,BSRR,516332128,39.83,United States
2379,Orange County Bancorp,OBT,513388672,38.29,United States
2380,The Oncology Institute,TOI,512912480,5.13,United States
2381,One Liberty Properties,OLP,512233312,23.47,United States
2382,Eagle Point Credit Company,ECC,511647904,3.87,United States
2383,Gray Media,GTN,511637504,4.98,United States
2384,Evommune,EVMN,510630016,14.07,United States
2385,ProKidney,PROK,510480768,1.69,United States
2386,Wabash National,WNC,510436768,12.53,United States
2387,Intrepid Potash,IPI,507989440,37.75,United States
2388,Cerus Corporation,CERS,507842720,2.52,United States
2389,NeuroPace,NPCE,507314912,14.88,United States
2390,Quad,QUAD,506830112,9.83,United States
2391,Cooper Standard,CPS,504467808,28.39,United States
2392,MISTRAS Group,MG,502385376,15.79,United States
2393,Johnson Outdoors,JOUT,500637888,47.795,United States
2394,Evolus,EOLS,500001856,7.57,United States
2395,Ginkgo Bioworks,DNA,499732384,7.65,United States
2396,EVgo,EVGO,499036384,1.59,United States
2397,Universal Logistics Holdings,ULH,498123456,18.89,United States
2398,IBEX,IBEX,495531168,37.01,United States
2399,"ERock, Inc.",EROC,494265504,10.26,United States
2400,The Elmet Group,ELMT,494068160,16.48,United States
2401,ATN International,ATNI,493879200,32.11,United States
2402,KKR Real Estate Finance Trust,KREF,491898176,7.65,United States
2403,OmniAb,OABI,491457056,3.39,United States
2404,First Foundation,FFWM,489265120,5.9,United States
2405,Ovid Therapeutics,OVID,488997024,2.62,United States
2406,AMC Networks,AMCX,488812192,11.85,United States
2407,Caleres,CAL,486043616,14.47,United States
2408,Ponce Financial Group,PDLB,484483648,20.03,United States
2409,Relmada Therapeutics,RLMD,484281120,4.54,United States
2410,West Bancorporation,WTBA,483871872,28.39,United States
2411,Vital Farms,VITL,483408928,11.26,United States
2412,Bank7,BSVN,481678400,50.6,United States
2413,Kyverna Therapeutics,KYTX,479674208,7.89,United States
2414,"Deep Fission, Inc.",FISN,479649824,7.95,United States
2415,Pangaea Logistics Solutions,PANL,479491392,7.33,United States
2416,Commercial Bancgroup,CBK,475434080,34.7,United States
2417,Valhi,VHI,474063392,16.75,United States
2418,Benitec Biopharma,BNTC,473402752,13.78,United States
2419,Farmers &amp; Merchants Bancorp,FMAO,473350304,34.38,United States
2420,Diamond Hill Investment Group,DHIL,473290400,174.99,United States
2421,Shoe Carnival,SCVL,473247296,17.43,United States
2422,American Coastal Insurance Corporation,ACIC,470331680,9.95,United States
2423,Scribe Therapeutics,SCTX,470289152,24.93,United States
2424,i3 Verticals,IIIV,469249408,16.8,United States
2425,Build-A-Bear Workshop,BBW,467145120,37.26,United States
2426,Magnera,MAGN,466360000,13.1,United States
2427,Calavo Growers,CVGW,466334752,26.09,United States
2428,Havertys,HVT,465960480,28.95,United States
2429,Q32 Bio,QTTB,465537120,15.67,United States
2430,Acacia Research,ACTG,465489088,4.77,United States
2431,BlossomHill Therapeutics,BLSM,465007744,15.99,United States
2432,Quantum Corporation,QMCO,463831584,11.78,United States
2433,El Pollo Loco,LOCO,462920512,15.2,United States
2434,NRC Health,NRC,462711680,20.9,United States
2435,Rimini Street,RMNI,458377952,4.91,United States
2436,Lifeway Foods,LWAY,457998176,29.97,United States
2437,Titan International,TWI,456959840,7.08,United States
2438,Cabaletta Bio,CABA,456553440,2.8,United States
2439,Bank of Marin Bancorp,BMRC,454843776,28.1,United States
2440,OPAL Fuels,OPAL,454367072,2.6,United States
2441,Citizens &amp; Northern Corp,CZNC,454294080,25.32,United States
2442,Zion Oil &amp; Gas,ZNOG,454097056,0.3836,United States
2443,Bit Digital,BTBT,453604832,1.3,United States
2444,Dine Brands Global,DIN,453450752,35.82,United States
2445,LendingTree,TREE,453197024,32.28,United States
2446,Eventbrite,EB,452958144,4.51,United States
2447,Rezolute,RZLT,450648064,4.68,United States
2448,RBB Bancorp,RBB,449787168,26.48,United States
2449,Ranpak,PACK,445943072,5.2,United States
2450,WideOpenWest,WOW,445855520,5.2,United States
2451,Tejon Ranch,TRC,444502784,16.45,United States
2452,Evolent Health,EVH,444323200,3.93,United States
2453,Ocugen,OCGN,444234592,1.31,United States
2454,Barnes &amp; Noble Education,BNED,444128032,12.82,United States
2455,Hamilton Beach Brands,HBB,443596960,33.0,United States
2456,Puma Biotechnology,PBYI,442316256,8.69,United States
2457,Weyco Group,WEYS,440578400,46.22,United States
2458,Andersen Group,ANDG,440472992,34.82,United States
2459,Gladstone Capital Corporation,GLAD,440112960,19.48,United States
2460,Summit Midstream,SMC,439846880,31.84,United States
2461,AdvanSix,ASIX,438353920,16.26,United States
2462,Gogo Inflight Internet,GOGO,432270080,3.19,United States
2463,Community Healthcare Trust,CHCT,432005504,15.12,United States
2464,Editas Medicine,EDIT,431559872,2.81,United States
2465,Priority Technology Holdings,PRTH,431163136,5.23,United States
2466,Marqeta,MQ,430390752,4.06,United States
2467,Shoulder Innovations,SI,430318176,20.75,United States
2468,Boston Omaha,BOC,429352256,14.21,United States
2469,Pioneer Bancorp,PBFS,429314848,17.12,United States
2470,"Merlin, Inc.",MRLN,428566784,4.44,United States
2471,Cross Country Healthcare,CCRN,428060928,13.25,United States
2472,Farmland Partners,FPI,426938720,9.72,United States
2473,Plumas Bancorp,PLBC,426935616,61.35,United States
2474,Xerox,XRX,426539744,3.25,United States
2475,Weave Communications,WEAV,426395296,5.33,United States
2476,Titan Machinery,TITN,426196896,18.29,United States
2477,Abeona Therapeutics,ABEO,424613824,7.45,United States
2478,ThredUp,TDUP,424207680,3.23,United States
2479,Sight Sciences,SGHT,424177536,7.7,United States
2480,PureTech Health,PRTC,424034496,17.42,United States
2481,"Mobia Medical, Inc.",MOBI,423259840,12.73,United States
2482,Sutro Biopharma,STRO,423043328,25.53,United States
2483,Bed Bath &amp; Beyond,BBBY,422973376,4.44,United States
2484,X4 Pharmaceuticals,XFOR,421373664,4.25,United States
2485,Genesco,GCO,418843936,37.71,United States
2486,Serve Robotics,SERV,418643936,4.92,United States
2487,Bumble,BMBL,418281792,2.73,United States
2488,Orthofix Medical,OFIX,417916576,10.26,United States
2489,Envela Corporation,ELA,416973408,16.06,United States
2490,Larimar Therapeutics,LRMR,416570592,4.01,United States
2491,Star Group,SGU,416334272,12.68,United States
2492,Virgin Galactic,SPCE,415175392,3.23,United States
2493,FRP Holdings,FRPH,414844768,21.64,United States
2494,Community Health Systems,CYH,414567520,2.94,United States
2495,ZipRecruiter,ZIP,414419840,5.04,United States
2496,L.B. Foster,FSTR,413954560,39.58,United States
2497,Investar Holding,ISTR,410979392,29.83,United States
2498,PowerFleet,AIOT,410731296,3.06,United States
2499,SCYNEXIS,SCYX,409526784,5.155,United States
2500,Energy Recovery,ERII,407848544,7.99,United States
2501,Upstream Bio,UPB,404884704,7.44,United States
2502,Parke Bancorp,PKBK,402947936,34.26,United States
2503,Cerence,CRNC,402775424,8.905,United States
2504,Primis Financial,FRST,401789696,16.15,United States
2505,Lands' End,LE,401783136,13.07,United States
2506,Atea Pharmaceuticals,AVIR,401736032,5.02,United States
2507,Enanta Pharmaceuticals,ENTA,401572448,13.81,United States
2508,Acco Brands,ACCO,401537920,4.35,United States
2509,C4 Therapeutics,CCCC,400253344,3.62,United States
2510,Compass Therapeutics,CMPX,399795200,2.22,United States
2511,Nathan's Famous,NATH,399613920,97.6,United States
2512,Rocket Pharmaceuticals,RCKT,397464544,3.64,United States
2513,Orion Group Holdings,ORN,396448864,9.79,United States
2514,Swarmer,SWMR,394127712,36.3,United States
2515,NexPoint Real Estate Finance,NREF,394114112,17.11,United States
2516,Senseonics Holdings,SENS,393610336,7.54,United States
2517,TruBridge,TBRG,393577312,26.24,United States
2518,First Bancorp,FNLC,392501440,34.8,United States
2519,Clearfield,CLFD,391477536,28.79,United States
2520,Aimco,AIV,389756000,2.62,United States
2521,Radiant Logistics,RLGT,389639424,8.32,United States
2522,Orion S.A.,OEC,388876192,6.88,United States
2523,Ranger Energy Services,RNGR,388005568,16.58,United States
2524,Everspin Technologies,MRAM,387895648,15.93,United States
2525,PCB Bancorp,PCB,386928768,27.55,United States
2526,MVB Financial,MVBF,386561376,29.81,United States
2527,Newegg,NEGG,385491520,18.38,United States
2528,Prelude Therapeutics,PRLD,384686816,4.83,United States
2529,First Carolina Financial Services,FCBM,383818592,12.69,United States
2530,Advantage Solutions,ADV,383128224,29.88,United States
2531,Richtech Robotics,RR,382349120,1.71,United States
2532,Gevo,GEVO,382155808,1.57,United States
2533,Holley,HLLY,381887552,3.15,United States
2534,Genie Energy,GNE,381108128,14.48,United States
2535,MGP Ingredients,MGPI,380956416,17.79,United States
2536,Perma-Fix Environmental Services,PESI,376787136,17.77,United States
2537,CompX International,CIX,373142176,30.28,United States
2538,CION Investment Corporation,CION,372423264,7.48,United States
2539,NewtekOne,NEWT,372118016,12.88,United States
2540,Open Lending,LPRO,371532640,3.14,United States
2541,Simulations Plus,SLP,371125792,18.35,United States
2542,Foghorn Therapeutics,FHTX,370564352,6.24,United States
2543,National CineMedia,NCMI,370432128,3.95,United States
2544,Waterstone Financial,WSBF,369787456,20.57,United States
2545,Paysafe,PSFE,368969152,7.14,United States
2546,Clearwater Paper,CLW,368139520,22.83,United States
2547,Monro,MNRO,367463264,11.76,United States
2548,Ribbon Communications,RBBN,366587872,2.05,United States
2549,M-tron Industries,MPTI,365896576,84.67,United States
2550,Rocky Brands,RCKY,364061632,48.62,United States
2551,Lexeo Therapeutics,LXEO,363555168,4.63,United States
2552,American Battery Technology Company,ABAT,361498208,2.65,United States
2553,Southern States Bancshares,SSBK,361068608,36.37,United States
2554,908 Devices,MASS,361039392,8.8,United States
2555,"TWFG, Inc.",TWFG,359240160,27.64,United States
2556,Pacific Biosciences,PACB,357191936,1.15,United States
2557,Blend Labs,BLND,357135104,1.51,United States
2558,Artesian Resources,ARTNA,357122304,34.59,United States
2559,Presidio Production Company,FTW,356836032,11.39,United States
2560,Oportun Financial,OPRT,355941312,7.74,United States
2561,International Money Express,IMXI,355716896,11.82,United States
2562,Viemed Healthcare,VMD,354982272,9.32,United States
2563,Clean Energy Fuels,CLNE,354916480,1.61,United States
2564,Ring Energy,REI,354333856,1.36,United States
2565,Innovative Aerosystems,ISSC,353381760,19.75,United States
2566,Lyell Immunopharma,LYEL,351158656,14.33,United States
2567,Gladstone Land,LAND,350700320,8.13,United States
2568,Timberland Bancorp,TSBK,349635072,45.0,United States
2569,Strattec Security,STRT,348595392,83.42,United States
2570,ON24,ONTF,348249024,8.1,United States
2571,Funko,FNKO,345647040,6.19,United States
2572,Alpine Income Property Trust,PINE,345387040,19.46,United States
2573,TriSalus Life Sciences,TLSI,343586272,5.58,United States
2574,Nano Dimension,NNDM,343126240,1.63,United States
2575,Dave & Buster's,PLAY,342668672,9.85,United States
2576,Perspective Therapeutics,CATX,342138592,3.0,United States
2577,Bakkt Holdings,BKKT,342007968,7.65,United States
2578,Twin Disc,TWIN,341965216,23.71,United States
2579,Value Line,VALU,341695488,36.4,United States
2580,Jack in the Box,JACK,340273312,17.84,United States
2581,Verano Holdings,VRNOF,340106912,0.94,United States
2582,Repay Holdings,RPAY,337372544,3.83,United States
2583,The RMR Group,RMR,334601632,19.59,United States
2584,Ready Capital,RC,333997280,1.85,United States
2585,CapsoVision,CV,333756736,6.68,United States
2586,Designer Brands,DBI,333605440,6.57,United States
2587,CoastalSouth Bancshares,COSO,332604224,27.71,United States
2588,Xperi,XPER,332136128,6.81,United States
2589,BayCom (United Business Bank),BCML,331534144,30.39,United States
2590,Civeo,CVEO,330055904,31.93,United States
2591,CPI Card Group,PMTS,329661824,28.59,United States
2592,Zumiez,ZUMZ,329514400,19.53,United States
2593,Alto Ingredients,ALTO,327765984,4.23,United States
2594,SuRo Capital,SSSS,326920416,12.54,United States
2595,Onity Group,ONIT,326492352,38.72,United States
2596,Matrix Service Company,MTRX,326352672,11.6,United States
2597,Vista Gold,VGZ,325516096,2.23,United States
2598,"TSS, Inc.",TSSI,325377152,11.59,United States
2599,Portillo's,PTLO,324883680,4.48,United States
2600,Movano,MOVE,324443616,11.74,United States
2601,Horizon Technology Finance,HRZN,324240288,4.75,United States
2602,John Marshall Bancorp,JMSB,323875520,22.95,United States
2603,8x8,EGHT,323535520,2.24,United States
2604,TrueBlue,TBI,322710048,10.6,United States
2605,Fate Therapeutics,FATE,321703360,2.76,United States
2606,PrimeEnergy Resources,PNRG,319830048,197.67,United States
2607,Maui Land &amp; Pineapple Company,MLP,319820160,16.1,United States
2608,Saratoga Investment,SAR,317276480,19.73,United States
2609,Fossil Group,FOSL,316784576,5.36,United States
2610,Aeluma,ALMU,315767040,17.25,United States
2611,One Stop Systems,OSS,315492640,12.65,United States
2612,Sanara MedTech,SMTI,314862336,34.25,United States
2613,Transcontinental Realty Investors,TCI,314809888,35.88,United States
2614,Galectin Therapeutics,GALT,314650880,3.12,United States
2615,Chain Bridge Bancorp,CBNA,314442272,47.92,United States
2616,NI Holdings,NODK,314185216,15.34,United States
2617,Anavex Life Sciences,AVXL,314157280,3.39,United States
2618,Friedman Industries,FRD,313576064,43.475,United States
2619,Public Policy Holding Company,PPHC,313275520,10.44,United States
2620,NACCO Industries,NC,311904928,41.33,United States
2621,Myriad Genetics,MYGN,310861344,3.25,United States
2622,Standard BioTools,LAB,309666176,0.7888,United States
2623,NL Industries,NL,307573056,6.29,United States
2624,Flexsteel Industries,FLXS,306693504,75.25,United States
2625,Omega Flex,OFLX,305857952,30.3,United States
2626,Optimum Communications,OPTU,305818624,0.7811,United States
2627,Palladyne AI,PDYN,305405408,6.19,United States
2628,Syntec Optics,OPTX,305321472,7.58,United States
2629,First Western Financial,MYFW,305062624,31.24,United States
2630,American Resources Corp,AREC,304868128,2.85,United States
2631,E. W. Scripps Company,SSP,304830944,3.33,United States
2632,Gloo Holdings,GLOO,304751552,3.48,United States
2633,Vanda Pharmaceuticals,VNDA,303522688,5.02,United States
2634,Treace Medical Concepts,TMCI,302956800,4.67,United States
2635,Telos,TLS,301521280,4.03,United States
2636,Neumora Therapeutics,NMRA,300160480,1.62,United States
2637,"NN, Inc.",NNBR,299768544,3.63,United States
2638,Zentalis Pharmaceuticals,ZNTL,297438432,4.15,United States
2639,Outdoor Holding Company,POWW,297378528,2.56,United States
2640,Embecta,EMBC,296045088,4.99,United States
2641,Escalade Sports,ESCA,294181024,21.37,United States
2642,AIAI Holdings Corporation,AIAI,293912480,4.18,United States
2643,Immuneering,IMRX,293079232,4.53,United States
2644,Tredegar,TG,292447552,8.38,United States
2645,Lightbridge Corporation,LTBR,292315936,8.9,United States
2646,BRC Group Holdings,RILY,292252224,7.27,United States
2647,Richardson Electronics,RELL,292233664,19.89,United States
2648,Agenus,AGEN,291497024,7.0,United States
2649,Microvast,MVST,291446080,0.8748,United States
2650,Jakks Pacific,JAKK,291389984,25.46,United States
2651,Regional Management Corp.,RM,290612512,31.5,United States
2652,Alico,ALCO,289681728,39.06,United States
2653,Alliance Entertainment,AENT,287909120,5.65,United States
2654,Princeton Bancorp,BPRN,287430528,42.2,United States
2655,Fulcrum Therapeutics,FULC,286114720,3.75,United States
2656,Turn Therapeutics,TTRX,285965184,9.6,United States
2657,Lineage Cell Therapeutics,LCTX,285785440,1.13,United States
2658,ALX Oncology,ALXO,284850592,2.06,United States
2659,Eledon Pharmaceuticals,ELDN,284051200,3.68,United States
2660,TechTarget,TTGT,282097376,3.9,United States
2661,Marine Products Corporation,MPX,280037408,8.18,United States
2662,Duos Technologies Group,DUOT,279577440,8.9,United States
2663,J.Jill,JILL,279292448,18.68,United States
2664,Cadiz Inc.,CDZI,279166464,3.32,United States
2665,The Hackett Group,HCKT,279129728,11.22,United States
2666,LCNB Corp.,LCNB,279112672,19.58,United States
2667,Runway Growth Finance,RWAY,277862656,6.63,United States
2668,Kingstone Companies,KINS,277819264,19.18,United States
2669,Nature's Sunshine Products,NATR,277313440,15.77,United States
2670,C&amp;F Financial Corporation,CFFI,277121184,85.26,United States
2671,Anika Therapeutics,ANIK,276759744,20.68,United States
2672,fuboTV,FUBO,275977760,9.36,United States
2673,B&amp;G Foods,BGS,275967808,3.4,United States
2674,Western New England Bancorp,WNEB,275630752,13.75,United States
2675,OraSure Technologies,OSUR,275394208,4.0,United States
2676,Hawthorn Bancshares,HWBK,274923008,39.84,United States
2677,Ames National Corp.,ATLO,274662400,31.01,United States
2678,AerSale,ASLE,274066400,5.8,United States
2679,Middlefield Banc,MBCN,273627936,33.67,United States
2680,RxSight,RXST,273267712,6.57,United States
2681,CS Disco,LAW,270715424,4.17,United States
2682,Entrada Therapeutics,TRDA,270609824,6.95,United States
2683,Aviat Networks,AVNW,270434784,20.9,United States
2684,Pure Cycle (water),PCYO,270131520,11.21,United States
2685,Beyond Meat,BYND,267978032,0.52,United States
2686,Rare Earths Americas,REA,267354800,13.43,United States
2687,Orchestra BioMed,OBIO,267068000,4.46,United States
2688,BRT Apartments,BRT,266335824,14.15,United States
2689,Cartesian Therapeutics,RNAC,265036896,8.76,United States
2690,USANA,USNA,264759600,14.34,United States
2691,Amtech Systems,ASYS,264197232,15.09,United States
2692,SEACOR Marine,SMHI,262917072,9.69,United States
2693,Biodesix,BDSX,262300800,24.86,United States
2694,Infinity Natural Resources,INR,261584928,13.95,United States
2695,Slam Corp,SLMWF,261266432,11.14,United States
2696,Cresco Labs,CRLBF,261201776,0.705,United States
2697,SmartRent,SMRT,260592032,1.36,United States
2698,Whitehawk Therapeutics,WHWK,259390992,4.55,United States
2699,FreightCar America,RAIL,259379024,7.91,United States
2700,MacroGenics,MGNX,259337536,4.08,United States
2701,Immersion Corporation,IMMR,256905296,7.74,United States
2702,National Bankshares,NKSH,256837984,40.33,United States
2703,MBIA,MBI,256198224,5.03,United States
2704,First Internet Bancorp,INBK,256068384,29.32,United States
2705,Ares Commercial Real Estate,ACRE,255767936,4.61,United States
2706,Lantronix,LTRX,255607248,5.73,United States
2707,"1-800-Flowers.com, Inc.",FLWS,255111968,3.98,United States
2708,Richmond Mutual Bancorporation,RMBI,254462976,15.87,United States
2709,Virginia National Bankshares,VABK,254098960,46.86,United States
2710,"Suja Life, Inc.",SUJA,253380080,6.56,United States
2711,LoveSac,LOVE,253244624,17.3,United States
2712,U.S. Gold Corp,USAU,251312704,15.23,United States
2713,OpGen,OPGN,251197920,24.75,United States
2714,Turtle Beach Corp,TBCH,250871392,12.64,United States
2715,Information Services Group,III,250781728,5.18,United States
2716,Kaltura,KLTR,250184000,1.64,United States
2717,Nu Skin,NUS,250035312,5.15,United States
2718,Claros Mortgage Trust,CMTG,249719040,1.77,United States
2719,Limoneira,LMNR,249496432,13.76,United States
2720,Torrid Holding,CURV,248800960,2.5,United States
2721,RideNow Group,RDNW,248115536,6.43,United States
2722,Silvaco Group,SVCO,246971376,7.37,United States
2723,Comstock Inc.,LODE,246717536,3.25,United States
2724,Stellus Capital Investment Corporation,SCM,245183248,8.47,United States
2725,NexPoint Diversified Real Estate Trust,NXDT,244653456,4.73,United States
2726,InfuSystem,INFU,244602256,12.12,United States
2727,Xponential Fitness,XPOF,244053456,4.97,United States
2728,Quicklogic,QUIK,243882240,13.76,United States
2729,American Realty Investors,ARL,243411280,15.07,United States
2730,Montauk Renewables,MNTK,243403344,1.71,United States
2731,Niagen Bioscience,NAGE,242915200,3.05,United States
2732,Third Harmonic Bio,THRD,242787568,5.38,United States
2733,Pyxis Oncology,PYXS,242651488,3.83,United States
2734,Franklin Covey,FC,242253584,21.45,United States
2735,PennantPark Investment,PNNT,242248512,3.71,United States
2736,Huuuge,HUG.WA,242243993,5.89056,United States
2737,Conduent,CNDT,241951024,1.56,United States
2738,Asure Software,ASUR,241431168,8.36,United States
2739,Hudson Technologies,HDSN,239792080,5.7,United States
2740,Organogenesis,ORGO,239334656,1.86,United States
2741,Alta Equipment Group,ALTG,237161504,7.26,United States
2742,Spok Holdings,SPOK,237002480,11.33,United States
2743,Motorcar Parts of America,MPAA,235150448,12.42,United States
2744,AVITA Medical,RCEL,235044048,7.6,United States
2745,Gencor Industries,GENC,234523232,16.0,United States
2746,Akebia Therapeutics,AKBA,233877664,0.844,United States
2747,OP Bancorp (Open Bank),OPBK,232796960,15.63,United States
2748,LiveWire Group,LVWR,231380864,1.13,United States
2749,Protara Therapeutics,TARA,230999424,4.11,United States
2750,Emergent BioSolutions,EBS,229191808,4.47,United States
2751,Peoples Bancorp of North Carolina,PEBK,228178512,42.88,United States
2752,Greenwich LifeSciences,GLSI,227512224,15.5,United States
2753,Chaince Digital Holdings,CD,227209264,2.86,United States
2754,Utah Medical Products,UTMD,227116512,71.33,United States
2755,American Well,AMWL,226901200,13.58,United States
2756,Sidus Space,SIDU,226825232,2.33,United States
2757,"AstroNova, Inc.",ALOT,226453872,28.88,United States
2758,FutureFuel,FF,226335696,5.16,United States
2759,Expensify,EXFY,225231056,2.47,United States
2760,RGC Resources,RGCO,224690496,21.59,United States
2761,Capricor Therapeutics,CAPR,222960784,3.85,United States
2762,GCT Semiconductor,GCTS,222859376,2.45,United States
2763,Forrester Research,FORR,221233184,11.62,United States
2764,Chicago Atlantic BDC,LIEN,220779744,9.645,United States
2765,CAMP4 Therapeutics,CAMP,219126864,4.22,United States
2766,Chicago Atlantic Real Estate Finance,REFI,218152800,10.235,United States
2767,Vuzix,VUZI,217043040,2.61,United States
2768,Modiv Industrial,MDV,217008528,18.21,United States
2769,Acme United,ACU,216879360,56.57,United States
2770,Shutterstock,SSTK,216793232,5.89,United States
2771,Black Rifle Coffee Company (BRCC),BRCC,216273392,0.8641,United States
2772,CARGO Therapeutics,CRGX,216188416,4.47,United States
2773,Core Molding Technologies,CMT,216052032,25.23,United States
2774,Minerva Neurosciences,NERV,215239824,4.62,United States
2775,Outlook Therapeutics,OTLK,215046544,1.15,United States
2776,Lifetime Brands,LCUT,213106528,9.27,United States
2777,AN2 Therapeutics,ANTX,212855504,5.91,United States
2778,Global Water Resources,GWRS,211987984,7.37,United States
2779,Keros Therapeutics,KROS,211952624,10.69,United States
2780,Pro-Dex,PDEX,211536240,66.255,United States
2781,Perma-Pipe International,PPIH,210862256,25.95,United States
2782,Unisys,UIS,210727104,2.89,United States
2783,Octave Specialty Group,OSG,210213472,4.67,United States
2784,SIGA Technologies,SIGA,210151600,2.93,United States
2785,Atomera,ATOM,209559088,5.37,United States
2786,Angel Oak Mortgage REIT,AOMR,207773136,8.95,United States
2787,RCI Hospitality Holdings,RICK,207202624,27.08,United States
2788,PepGen,PEPG,207085968,2.99,United States
2789,Ohio Valley Banc Corp,OVBC,206954320,43.93,United States
2790,Precision BioSciences,DTIL,205907600,7.46,United States
2791,Superior Group of Companies,SGC,205533648,12.89,United States
2792,RCM Technologies,RCMT,204973792,28.92,United States
2793,OneWater Marine,ONEW,204820464,12.29,United States
2794,GrafTech,EAF,204475888,7.85,United States
2795,Crexendo,CXDO,204216848,6.3,United States
2796,Stoneridge,SRI,202797632,7.11,United States
2797,Cable One,CABO,202747776,35.74,United States
2798,eGain,EGAN,202581600,7.38,United States
2799,Silver Bow Mining,SBMT,201679648,6.83,United States
2800,Proficient Auto Logistics,PAL,201055328,7.24,United States
2801,TPG Mortgage Investment Trust,MITT,200997968,6.32,United States
2802,Humacyte,HUMA,200745600,0.7445,United States
2803,Tonix Pharmaceuticals,TNXP,200694688,12.59,United States
2804,Arcturus Therapeutics,ARCT,200382640,7.05,United States
2805,Korro Bio,KRRO,198648960,13.49,United States
2806,Invivyd,IVVD,198300272,0.6731,United States
2807,Smart Sand,SND,197304272,4.59,United States
2808,SES AI,SES,196384880,0.5318,United States
2809,Landmark Bancorp,LARK,195889696,32.11,United States
2810,"QumulusAI, Inc.",QMLS,195564192,5.95,United States
2811,Voyager Therapeutics,VYGR,195328896,3.17,United States
2812,Rhinebeck Bancorp,RBKB,195165184,12.48,United States
2813,Conexeu Sciences,CNXU,194533056,7.27,United States
2814,Citizens Inc,CIA,194469536,3.84,United States
2815,AirSculpt Technologies,AIRS,194000624,2.75,United States
2816,Hanover Bancorp,HNVR,193587680,27.05,United States
2817,SWK Holdings,SWKH,192326064,15.9,United States
2818,Immunic,IMUX,192062912,14.1,United States
2819,Coherus BioSciences,CHRS,191581184,1.24,United States
2820,Wheels Up,UP,190810928,5.26,United States
2821,Soluna Holdings,SLNH,189296832,1.2,United States
2822,HireQuest,HQI,189169664,13.57,United States
2823,"Domo, Inc.",DOMO,189085360,4.02,United States
2824,Alector,ALEC,188700208,1.69,United States
2825,FinWise Bancorp,FINW,187658096,13.71,United States
2826,Tharimmune,THAR,187371472,4.74,United States
2827,Getty Images,GETY,185976000,0.4439,United States
2828,Angi Inc.,ANGI,185656400,4.59,United States
2829,Kolibri Global Energy,KGEI,185636800,5.21,United States
2830,United Security Bancshares,UBFO,185027760,10.51,United States
2831,"Belpointe PREP, LLC",OZ,184653184,47.37,United States
2832,Strawberry Fields REIT,STRW,183407488,13.66,United States
2833,Lucid Diagnostics,LUCD,183350512,0.9611,United States
2834,BV Financial,BVFL,182617568,21.09,United States
2835,Westwood Holdings Group,WHG,182560496,19.13,United States
2836,EVI Industries,EVI,181197104,14.08,United States
2837,Lee Enterprises,LEE,180729376,8.13,United States
2838,Waldencast,WALD,178281216,1.39,United States
2839,Journey Medical,DERM,177322496,6.44,United States
2840,Corbus Pharmaceuticals,CRBP,176632368,9.46,United States
2841,Lifecore Biomedical,LFCR,176395248,4.66,United States
2842,Epsilon Energy,EPSN,176046944,5.82,United States
2843,Nkarta,NKTX,176001584,2.46,United States
2844,ECB Bancorp,ECBK,175517088,20.05,United States
2845,Acumen Pharmaceuticals,ABOS,175513040,2.43,United States
2846,Commerce.com,CMRC,174832464,2.11,United States
2847,LifeMD,LFMD,174487024,3.62,United States
2848,TON Strategy Co.,TONX,172418384,3.05,United States
2849,Shimmick,SHIM,172141872,4.2,United States
2850,Quantum-Si,QSI,172052304,0.7901,United States
2851,Oramed Pharmaceuticals,ORMP,171889536,4.2,United States
2852,Amplify Energy,AMPY,171755728,4.16,United States
2853,MainStreet Bancshares,MNSB,171530256,24.1,United States
2854,Seven Hills Realty Trust,SEVN,169697968,7.49,United States
2855,Bassett Furniture,BSET,169442320,19.57,United States
2856,Armata Pharmaceuticals,ARMP,168869712,4.6,United States
2857,Streamex Corp.,STEX,168713120,0.7908,United States
2858,Digimarc,DMRC,168276032,7.51,United States
2859,LENZ Therapeutics,LENZ,168059552,5.36,United States
2860,Tingo Group,TIO,166947568,0.69,United States
2861,Douglas Elliman,DOUG,166358128,1.83,United States
2862,Taylor Devices,TAYD,166234944,51.64,United States
2863,SB Financial Group,SBFG,166016928,26.55,United States
2864,CuriosityStream,CURI,166005280,2.8,United States
2865,inTEST Corporation,INTT,165979120,13.21,United States
2866,Aardvark Therapeutics,AARD,165444240,7.56,United States
2867,Tenaya Therapeutics,TNYA,165347216,0.7374,United States
2868,SKYX Platforms,SKYX,164070576,1.22,United States
2869,OnKure Therapeutics,OKUR,164005648,4.06,United States
2870,Ellington Credit Company,EARN,163799968,4.36,United States
2871,KORE Group,KORE,163005168,9.25,United States
2872,Inogen,INGN,162988592,6.02,United States
2873,Quipt Home Medical,QIPT,162297152,3.65,United States
2874,Mammoth Energy Services,TUSK,161853376,3.36,United States
2875,Codexis,CDXS,161342112,1.5,United States
2876,Jeld-Wen,JELD,161102976,1.87,United States
2877,Inspired Entertainment,INSE,161049664,6.11,United States
2878,Hooker Furnishings,HOFT,158654176,14.77,United States
2879,SITE Centers,SITC,158475520,3.02,United States
2880,DHI Group,DHX,158064064,3.64,United States
2881,"Owlet, Inc.",OWLT,157526640,5.42,United States
2882,KORU Medical Systems,KRMD,156984480,3.4,United States
2883,Orion Properties,ONL,156282688,2.75,United States
2884,Stratus Properties,STRS,154226208,19.32,United States
2885,Insight Molecular Diagnostics,IMDX,154024096,4.77,United States
2886,ReposiTrak,TRAK,153384880,8.44,United States
2887,1stdibs.com,DIBS,153285728,4.56,United States
2888,DMC Global,BOOM,153235472,7.46,United States
2889,Oxford Square Capital,OXSQ,152334448,1.45,United States
2890,Assertio Holdings,ASRT,151861232,23.5,United States
2891,Duluth Holdings,DLTH,151248240,3.98,United States
2892,Neuronetics,STIM,151005616,2.17,United States
2893,Braemar Hotels &amp; Resorts,BHR,150084640,2.03,United States
2894,Red Robin,RRGB,150032176,8.11,United States
2895,ChargePoint,CHPT,149427360,6.12,United States
2896,The Eastern Company,EML,149325440,24.76,United States
2897,BCB Bancorp,BCBP,148802240,8.57,United States
2898,PEDEVCO,PED,148326464,11.16,United States
2899,KVH Industries,KVHI,147987936,7.59,United States
2900,Smith-Midland Corporation,SMID,146195552,27.55,United States
2901,Apyx Medical,APYX,145701824,3.46,United States
2902,Clarus,CLAR,145308816,3.78,United States
2903,RGP (Resources Connection),RGP,144663216,4.2,United States
2904,WhiteHorse Finance,WHF,144107120,6.71,United States
2905,Elme Communities,ELME,143949760,1.62,United States
2906,Stereotaxis,STXS,143465136,1.44,United States
2907,NRx Pharmaceuticals,NRXP,143381408,3.35,United States
2908,Legacy Education,LGCY,142208912,11.24,United States
2909,Hurco Companies,HURC,140665712,21.72,United States
2910,Affinity Bancshares,AFBI,140182352,23.0,United States
2911,"Nerdy, Inc,",NRDY,140066832,0.731,United States
2912,First Guaranty Bancshares,FGBI,139259168,8.42,United States
2913,NET Power,NPWR,138762576,1.57,United States
2914,Equillium,EQ,138466160,2.19,United States
2915,Skillz,SKLZ,137970800,8.84,United States
2916,Vaxart,VXRT,137239408,0.567,United States
2917,PLBY Group (Playboy),PLBY,136402384,1.18,United States
2918,Seritage Growth Properties,SRG,135742304,2.41,United States
2919,Medifast,MED,135174704,12.09,United States
2920,vTv Therapeutics,VTVT,135056448,34.29,United States
2921,Commercial Vehicle Group (CVG),CVGI,134494176,3.31,United States
2922,Lake Shore Bancorp,LSBK,134078088,17.05,United States
2923,Veritone,VERI,133854344,1.44,United States
2924,NCS Multistage,NCSM,132459680,50.47,United States
2925,Microbot Medical,MBOT,129963888,1.935,United States
2926,MaxCyte,MXCT,129617224,1.21,United States
2927,Tillys,TLYS,129575784,4.25,United States
2928,OptimizeRx,OPRX,128728424,6.86,United States
2929,Unifi,UFI,128623800,6.92,United States
2930,Fluent,FLNT,127313088,4.27,United States
2931,Spruce Biosciences,SPRB,127155248,46.2,United States
2932,Health Catalyst,HCAT,127097712,1.72,United States
2933,KULR Technology Group,KULR,126744632,2.74,United States
2934,flyExclusive,FLYX,125104768,1.23,United States
2935,Clipper Realty,CLPR,124026888,2.92,United States
2936,Magyar Bancorp,MGYR,123308872,19.08,United States
2937,SelectQuote,SLQT,123284736,0.6991,United States
2938,The Joint Corp.,JYNT,123024072,8.63,United States
2939,Rent the Runway,RENT,122254600,3.64,United States
2940,Oconee Federal Financial,OFED,122222560,21.0,United States
2941,Genelux,GNLX,121965936,2.72,United States
2942,Vivani Medical,VANI,121591496,1.41,United States
2943,GoPro,GPRO,121132576,0.7002,United States
2944,Fonar Corporation,FONR,120195888,19.09,United States
2945,a.k.a. Brands,AKA,120125224,11.1,United States
2946,Aemetis,AMTX,119801520,1.66,United States
2947,U.S. GoldMining,USGO,119761064,8.63,United States
2948,ALT5 Sigma,ALTS,119560224,0.855,United States
2949,Seer Inc,SEER,119482528,2.16,United States
2950,Lakeland Industries,LAKE,118923432,12.05,United States
2951,NeoVolta,NEOV,118737416,2.78,United States
2952,Venu Holding Corporation,VENU,117461440,2.03,United States
2953,Smith Douglas Homes,SDHC,116487680,13.88,United States
2954,Ultralife Corporation,ULBI,115597280,6.94,United States
2955,Quanterix,QTRX,113996472,2.42,United States
2956,Tile Shop Holdings,TTSH,113491952,2.85,United States
2957,TTEC,TTEC,113374024,2.33,United States
2958,Provident Financial Holdings,PROV,112941656,18.06,United States
2959,Anixa Biosciences,ANIX,110574960,3.25,United States
2960,Sound Financial Bancorp,SFBC,110496456,46.41,United States
2961,Nautilus Biotechnology,NAUT,109923208,0.865,United States
2962,Union Bankshares,UNB,109306896,23.69,United States
2963,Coya Therapeutics,COYA,108841328,4.64,United States
2964,Townsquare Media,TSQ,108478256,5.95,United States
2965,Zevia,ZVIA,107510104,1.39,United States
2966,Accendra Health,ACH,107217184,1.4,United States
2967,Fractyl Health,GUTS,107088048,0.675,United States
2968,Riverview Bancorp,RVSB,106851248,5.3,United States
2969,Rani Therapeutics,RANI,106811096,0.7769,United States
2970,Comscore,SCOR,105655872,7.0,United States
2971,HilleVax,HLVX,104762376,2.09,United States
2972,The Arena Group,AREN,104726144,2.2,United States
2973,First Northwest Bancorp,FNWB,104627768,11.0,United States
2974,"SoundThinking 
 (ShotSpotter)",SSTI,104538264,8.07,United States
2975,Kewaunee Scientific Corporation,KEQU,104442488,36.41,United States
2976,Broadwind,BWEN,104382360,4.46,United States
2977,Cherry Hill Mortgage Investment,CHMI,103986784,2.79,United States
2978,Synchronoss Technologies,SNCR,103560608,9.0,United States
2979,Rafael Holdings,RFL,103479992,1.99,United States
2980,PodcastOne,PODC,102369048,3.39,United States
2981,Energous,WATT,102045416,18.55,United States
2982,Wrap Technologies,WRAP,102001000,1.83,United States
2983,ACRES Commercial Realty,ACR,101332944,14.21,United States
2984,AMC Robotics Corporation,AMCI,101227320,4.48,United States
2985,Hyperfine,HYPR,100746240,0.95,United States
2986,Pathfinder Bancorp,PBHC,100458288,16.0,United States
2987,Polaryx Therapeutics,PLYX,100367784,2.12,United States
2988,ReneSola,SOL,99563952,1.94,United States
2989,Solana Company,HSDT,99257352,1.7,United States
2990,Park Dental Partners,PARK,98021816,21.71,United States
2991,Martin Midstream Partners,MMLP,97811720,2.5,United States
2992,New Fortress Energy,NFE,97801312,0.3424,United States
2993,Greenland Energy Company,GLND,97518328,2.23,United States
2994,INNOVATE Corp.,VATE,97266504,7.13,United States
2995,Ispire Technology,ISPR,96430984,1.68,United States
2996,Vera Bradley,VRA,96405680,3.39,United States
2997,Pulmonx,LUNG,96300824,2.28,United States
2998,Noodles &amp; Company,NDLS,96003560,16.09,United States
2999,Thryv,THRY,95766288,2.155,United States
3000,Zomedica Pharmaceuticals,ZOM,95349136,0.0973,United States
3001,Cullman Bancorp,CULL,94827296,16.5,United States
3002,Chegg,CHGG,94750848,0.8534,United States
3003,BCP Investment Corporation,BCIC,94734936,7.65,United States
3004,Surf Air Mobility,SRFM,94412000,0.8506,United States
3005,Buzzfeed,BZFD,94168248,1.13,United States
3006,Atlas Lithium,ATLX,94075936,3.19,United States
3007,Virco Manufacturing,VIRC,93590776,5.95,United States
3008,Logistic Properties of the Americas,LPA,93272560,2.95,United States
3009,Stabilis Solutions,SLNG,93074480,5.005,United States
3010,Sotherly Hotels,SOHO,91583664,2.25,United States
3011,Outset Medical,OM,91388592,4.93,United States
3012,Fortress Biotech,FBIO,91352448,2.75,United States
3013,Rekor Systems,REKR,91192896,0.6627,United States
3014,Aldeyra Therapeutics,ALDX,91092896,1.51,United States
3015,Full House Resorts,FLL,90511864,2.47,United States
3016,Golden Matrix Group,GMGI,89996768,0.6372,United States
3017,PhenixFIN,PFX,89624328,46.375,United States
3018,Tigo Energy,TYGO,89574728,1.18,United States
3019,Arq Inc.,ARQ,88857344,2.07,United States
3020,Momentus Inc.,MNTS,88339976,4.69,United States
3021,Rallybio,RLYB,88207392,16.61,United States
3022,Summit State Bank,SSBI,88101344,13.02,United States
3023,Verrica Pharmaceuticals,VRCA,87955392,5.12,United States
3024,Inseego,INSG,87685960,5.34,United States
3025,"Air T, Inc.",AIRT,87021504,32.33,United States
3026,MicroVision,MVIS,86862088,3.72,United States
3027,Velo3D,VLDX,86513896,6.15,United States
3028,DeFi Development,DFDV,86138064,2.86,United States
3029,Gossamer Bio,GOSS,86085904,0.1761,United States
3030,Playstudios,MYPS,86023672,0.6702,United States
3031,Blink Charging,BLNK,85965088,0.5983,United States
3032,GrowGeneration,GRWG,85929992,1.43,United States
3033,MAIA Biotechnology,MAIA,85729072,1.41,United States
3034,Rapid Micro Biosystems,RPID,85195296,1.71,United States
3035,Aptera Motors,SEV,84603968,2.14,United States
3036,Lifevantage,LFVN,84273688,6.68,United States
3037,Skillsoft,SKIL,83487696,9.31,United States
3038,HF Foods Group,HFFG,83421648,1.56,United States
3039,Vince Holding,VNCE,83378936,6.49,United States
3040,SkinHealth Systems,SKIN,82944024,0.64,United States
3041,LanzaTech Global,LNZA,82723512,6.32,United States
3042,Vivid Seats,SEAT,82622784,7.35,United States
3043,Jushi Holdings,JUSHF,82261016,0.41193,United States
3044,Interlink Electronics,LINK,81900032,5.2,United States
3045,5E Advanced Materials,FEAM,81369840,1.96,United States
3046,Ascend Wellness (AWH),AAWH,81117592,0.3994,United States
3047,electroCore,ECOR,80782328,8.96,United States
3048,Telomir Pharmaceuticals,TELO,80466704,1.17,United States
3049,Annovis Bio,ANVS,80404128,1.89,United States
3050,Sono-Tek Corporation,SOTK,80312456,5.11,United States
3051,Drilling Tools International,DTI,80117136,2.28,United States
3052,Prairie Operating,PROP,79651720,0.815,United States
3053,Marchex,MCHX,79302008,1.79,United States
3054,Westwater Resources,WWR,79124904,0.6224,United States
3055,Sera Prognostics,SERA,78709032,2.01,United States
3056,Hennessy Advisors,HNNA,78452856,9.9252,United States
3057,MediaCo Holding,MDIA,78347976,0.9517,United States
3058,Orion Energy Systems,OESX,78309824,19.15,United States
3059,Blackboxstocks,BLBX,78138184,18.15,United States
3060,Great Elm Capital,GECC,78073288,5.62,United States
3061,Atara Biotherapeutics,ATRA,77577576,8.61,United States
3062,Steel Connect,STCN,77168096,12.18,United States
3063,Northern Technologies International,NTIC,76980128,8.11,United States
3064,Silvercrest Asset Management Group,SAMG,76203664,9.92,United States
3065,Intellicheck,IDN,76144584,3.76,United States
3066,Inovio Pharmaceuticals,INO,76089176,0.7364,United States
3067,Adicet Bio,ACET,75921680,8.11,United States
3068,Team Inc,TISI,75656368,16.55,United States
3069,Genasys,GNSS,74688896,1.64,United States
3070,Acrivon Therapeutics,ACRV,74475008,1.74,United States
3071,OS Therapies,OSTX,74227104,1.63,United States
3072,The Beachbody Company,BODI,74010832,10.22,United States
3073,LENSAR,LNSR,73935120,6.02,United States
3074,Travelzoo,TZOO,73911112,7.19,United States
3075,Definitive Healthcare,DH,73708680,0.6985,United States
3076,AudioEye,AEYE,73211416,5.86,United States
3077,Talphera,TLPH,73178504,1.41,United States
3078,Geospace Technologies,GEOS,72827448,5.63,United States
3079,Research Solutions,RSSS,72246672,2.16,United States
3080,Solitario Resources,XPL,72168496,0.7622,United States
3081,United Homes Group,UHG,71769208,1.22,United States
3082,Airgain,AIRG,71658280,5.47,United States
3083,Universal Electronics,UEIC,71640944,5.56,United States
3084,Home Federal Bancorp (HFB Bank),HFBL,71497600,23.5,United States
3085,Spero Therapeutics,SPRO,71218840,1.23,United States
3086,Ideal Power,IPWR,71105184,4.33,United States
3087,WM Technology,MAPS,70943392,0.41,United States
3088,Regis Corporation,RGS,70777888,28.325,United States
3089,Cingulate,CING,70712440,5.25,United States
3090,LeonaBio,LONA,70452296,7.5001,United States
3091,Airship AI,AISP,69912304,2.03,United States
3092,iBio,IBIO,69549984,1.4,United States
3093,XBiotech,XBIT,69512032,2.28,United States
3094,The InterGroup Corporation,INTG,68804960,32.02,United States
3095,Siebert Financial,SIEB,68371360,1.67,United States
3096,Rein Therapeutics,RNTX,67917992,0.794,United States
3097,Forian,FORA,67792720,2.17,United States
3098,Hour Loop,HOUR,67744384,1.925,United States
3099,Great Elm Group,GEG,67417568,2.15,United States
3100,AMCON Distributing Company,DIT,67211696,68.86,United States
3101,NSTS Bancorp,NSTS,66699844,13.8,United States
3102,PMV Pharmaceuticals,PMVP,65598076,1.23,United States
3103,BBX Capital Corporation,BBXIA,65579672,3.9,United States
3104,American Vanguard,AVD,65507500,2.29,United States
3105,Solidion Technology,STI,65451020,8.45,United States
3106,Cato Fashion,CATO,65317956,3.32,United States
3107,MediciNova,MNOV,64972048,1.32,United States
3108,ImageneBio,IMA,64930324,5.72,United States
3109,Teads,TEAD,64546492,0.6582,United States
3110,Pliant Therapeutics,PLRX,64397056,1.04,United States
3111,Off the Hook YS Inc,OTH,64247460,2.57,United States
3112,MindWalk Holdings,HYFT,63902724,1.36,United States
3113,Heron Therapeutics,HRTX,63408592,0.335,United States
3114,Boundless Bio,BOLD,63378868,2.82,United States
3115,Advanced Flower Capital,AFCG,63181108,2.77,United States
3116,BranchOut Food,BOF,62948884,4.11,United States
3117,CVRx,CVRX,62890184,2.37,United States
3118,IZEA Worldwide,IZEA,62697800,3.58,United States
3119,Xtant Medical,XTNT,62557280,0.446,United States
3120,Where Food Comes From,WFCF,62519672,12.555,United States
3121,Saga Communications,SGA,61493724,9.65,United States
3122,Identiv,INVE,61215840,2.55,United States
3123,Usio,USIO,60711188,2.2,United States
3124,LiveOne,LVO,60356244,4.38,United States
3125,Laser Photonics,LASE,60211432,1.2,United States
3126,AEye,LIDR,60209264,1.3,United States
3127,GEN Restaurant Group,GENK,59995608,1.82,United States
3128,Granite Point Mortgage Trust,GPMT,59765728,1.24,United States
3129,Global Self Storage,SELF,59507224,5.21,United States
3130,BG Staffing,BGSF,59347332,5.56,United States
3131,iLearningEngines,AILE,59292656,0.42,United States
3132,AgEagle Aerial Systems,UAVS,59183092,1.01,United States
3133,Upexi,UPXI,59055700,0.804,United States
3134,INmune Bio,INMB,58838028,2.12,United States
3135,Mesa Air,MESA,58631804,1.4,United States
3136,"FreeCast, Inc.",CAST,58524708,1.23,United States
3137,The Children's Place,PLCE,58261116,2.62,United States
3138,tinyBuild,8Z3.F,58129404,0.147806,United States
3139,Castellum,CTM,57826060,0.6101,United States
3140,TransAct Technologies,TACT,57649928,5.61,United States
3141,DocGo,DCGO,56797588,0.575,United States
3142,Myomo,MYO,56639232,1.43,United States
3143,The ONE Group Hospitality,STKS,56500096,1.79,United States
3144,Marpai,MRAI,55643872,2.2,United States
3145,MarketWise,MKTW,55295676,19.8,United States
3146,Verde Clean Fuels,VGAS,55241536,1.24,United States
3147,NOMADAR,NOMA,54751512,3.15,United States
3148,MiNK Therapeutics,INKT,54551792,10.95,United States
3149,Allied Esports,AESE,54324936,1.3899,United States
3150,Reading International,RDI,54210900,1.55,United States
3151,Lulu's Fashion Lounge,LVLU,54056928,18.87,United States
3152,Kezar Life Sciences,KZR,53856340,7.29,United States
3153,Devolver Digital,DEVO.L,53558338,0.108057,United States
3154,Elauwit Connection,ELWT,53487952,8.08,United States
3155,Hain Celestial,HAIN,53366884,0.5913,United States
3156,Luna Innovations,LUNA,52045528,1.5,United States
3157,aTyr Pharma,ATYR,51859292,0.5289,United States
3158,Comtech Telecommunications,CMTL,51533664,1.72,United States
3159,Greenidge Generation Holdings,GREE,51500392,2.84,United States
3160,Odyssey Marine Exploration,OMEX,51340212,0.8765,United States
3161,CarParts.com,PRTS,51184108,6.32,United States
3162,Vroom,VRM,50930592,9.78,United States
3163,"Stem, Inc",STEM,50875492,5.68,United States
3164,Sensus Healthcare,SRTS,50867760,3.09,United States
3165,Ocean Power Technologies,OPTT,50488944,0.1869,United States
3166,Instil Bio,TIL,50254448,7.41,United States
3167,Seres Therapeutics,MCRB,50223904,5.0,United States
3168,TScan Therapeutics,TCRX,50124076,0.767,United States
3169,Zeo Energy,ZEO,49668488,0.5758,United States
3170,VIDA Global Inc.,VIDA,49623148,2.48,United States
3171,SunPower,SPWR,49579288,0.2465,United States
3172,TechPrecision,TPCS,48718920,4.86,United States
3173,eXoZymes,EXOZ,48263064,5.2,United States
3174,Game Your Game,GYGY,48218192,3.0,United States
3175,Filana Therapeutics,FLNA,48177468,0.9973,United States
3176,Gaia,GAIA,48096932,1.9,United States
3177,Laird Superfood,LSF,48089000,4.37,United States
3178,Manhattan Bridge Capital,LOAN,47660396,4.17,United States
3179,"RYTHM, Inc.",RYM,47065904,21.9,United States
3180,Scilex Holding,SCLX,47050804,6.69,United States
3181,Sportsman's Warehouse,SPWH,46433560,1.19,United States
3182,Metagenomi,MGX,46305632,1.23,United States
3183,KLX Energy Services,KLXE,46007988,2.24,United States
3184,Franklin Street Properties,FSP,45276296,0.4353,United States
3185,Grove Collaborative,GROV,45263108,1.06,United States
3186,the Marygold Companies,MGLD,44860304,1.035,United States
3187,Plutus Financial Group,PLUT,44822000,2.92,United States
3188,NextNRG,NXXT,44807560,0.2665,United States
3189,Veru,VERU,44459388,2.77,United States
3190,Karyopharm Therapeutics,KPTI,44419372,1.96,United States
3191,Massimo Motor,MAMO,44139408,1.06,United States
3192,Rave Restaurant Group,RAVE,43913740,3.09,United States
3193,"Culp, Inc.",CULP,42673580,3.37,United States
3194,PetMed Express,PETS,42102604,1.97,United States
3195,Ekso Bionics,EKSO,42047896,11.8,United States
3196,Milestone Scientific,MLSS,42013468,0.475,United States
3197,Phunware,PHUN,41712736,2.04,United States
3198,TELA Bio,TELA,41632516,0.93,United States
3199,Context Therapeutics,CNTX,41556952,0.4523,United States
3200,Charlotte's Web,CWEB.TO,41470464,0.258213,United States
3201,GenFlat Holdings,GFLT,41281488,3.15,United States
3202,Pixelworks,PXLW,41043012,6.45,United States
3203,PDS Biotechnology,PDSB,40884436,0.7311,United States
3204,Spruce Power,SPRU,40779848,2.22,United States
3205,Precipio,PRPO,40394608,22.6,United States
3206,eHealth,EHTH,40361144,1.26,United States
3207,Planet13,PLTH.CN,40067928,0.121934,United States
3208,Serina Therapeutics,SER,40043340,2.67,United States
3209,Beasley Broadcast Group,BBGI,39582296,21.87,United States
3210,Hyperion DeFi,HYPD,39561720,2.61,United States
3211,AXIL Brands,AXIL,39542760,5.8,United States
3212,Sachem Capital,SACH,38560320,0.8041,United States
3213,Abundia Global Impact Group,AGIG,38537576,0.8754,United States
3214,U.S. Global Investors,GROW,38453008,3.1,United States
3215,Idaho Copper Corporation,COPR,38212556,2.73,United States
3216,374Water,SCWO,37615336,2.15,United States
3217,"Xos, Inc.",XOS,37040812,2.7,United States
3218,Heritage Global,HGBL,36826044,1.06,United States
3219,Enzo Biochem,ENZB,36587800,0.69887,United States
3220,Elutia,ELUT,35985504,0.814,United States
3221,Lument Finance Trust,LFT,35936764,0.6853,United States
3222,Lantern Pharma,LTRN,35853200,2.81,United States
3223,Koss,KOSS,35735804,3.775,United States
3224,NanoViricides,NNVC,35698816,1.4,United States
3225,Kartoon Studios,TOON,35349492,0.5977,United States
3226,Accuray,ARAY,34922340,0.2924,United States
3227,Workhorse Group,WKHS,34532080,3.17,United States
3228,VirTra,VTSI,34486000,3.05,United States
3229,LianBio,LIAN,34472096,0.319,United States
3230,Ascent Solar Technologies,ASTI,34455672,3.51,United States
3231,Grace Therapeutics,GRCE,34338192,2.11,United States
3232,BioLargo,BLGO,34013624,0.106,United States
3233,PAVmed,PAVM,34005412,4.75,United States
3234,Century Casinos,CNTY,33760248,1.2,United States
3235,Southland Holdings,SLND,33003032,0.6087,United States
3236,BeyondSpring,BYSI,32307844,0.7857,United States
3237,Pioneer Power Solutions,PPSI,32068210,2.89,United States
3238,Crown Crafts,CRWS,31958052,2.97,United States
3239,Katapult Holdings,KPLT,31624496,6.36,United States
3240,Enviva,EVA,31273630,0.4198,United States
3241,Destination XL,DXLG,31212716,0.5647,United States
3242,LivePerson,LPSN,31201040,2.53,United States
3243,Quest Resource Holding,QRHC,31188798,1.48,United States
3244,Salem Media Group,SALM,31049784,0.98,United States
3245,Battalion Oil,BATL,31046574,1.41,United States
3246,Live Ventures,LIVE,30716560,10.0,United States
3247,Sangamo Therapeutics,SGMO,30657374,0.074,United States
3248,HeartBeam,BEAT,30462152,0.5488,United States
3249,Harvard Bioscience,HBIO,28820062,6.39,United States
3250,BioXcel Therapeutics,BTAI,28651330,0.9279,United States
3251,Cryo-Cell International,CCEL,28299902,3.51,United States
3252,Old Market Capital Corporation,OMCC,28292780,4.15,United States
3253,Kyntra Bio,KYNB,28215340,6.97,United States
3254,Farmer Brothers,FARM,28089448,1.28,United States
3255,IGC Pharma,IGC,27917952,0.2675,United States
3256,Barfresh Food Group,BRFH,27766822,1.72,United States
3257,PermRock Royalty Trust,PRT,27129582,2.23,United States
3258,Rockwell Medical,RMTI,26997678,6.84,United States
3259,Jasper Therapeutics,JSPR,26599682,0.7994,United States
3260,Zoom Telephonics,MINM,26534076,3.61,United States
3261,CervoMed,CRVO,26479936,2.86,United States
3262,Latch,LTCH,26281248,0.16,United States
3263,Local Bounti,LOCL,26215710,1.15,United States
3264,Mobix Labs,MOBX,26141726,1.72,United States
3265,America's Car-Mart,CRMT,26064540,3.13,United States
3266,Cel-Sci,CVM,26040944,1.49,United States
3267,Hoth Therapeutics,HOTH,26013596,1.36,United States
3268,MariMed,MRMD,25952294,0.065,United States
3269,Aytu BioScience,AYTU,25545036,2.38,United States
3270,Beam Global,BEEM,25309808,1.14,United States
3271,Knightscope,KSCP,25014914,1.45,United States
3272,SPI Energy,SPI,24207974,0.766,United States
3273,Actinium Pharmaceuticals,ATNM,24165020,0.7702,United States
3274,TherapeuticsMD,TXMD,23958928,2.07,United States
3275,Urban One,UONE,23852110,5.28,United States
3276,Atossa Therapeutics,ATOS,23640742,2.37,United States
3277,Longeveron,LGVN,23265572,0.7363,United States
3278,Offerpad,OPAD,22907230,4.74,United States
3279,Cytosorbents,CTSO,22749074,0.362,United States
3280,Allbirds,BIRD,22719610,2.58,United States
3281,Cardlytics,CDLX,22377120,3.8,United States
3282,GEE Group,JOB,22094996,0.2011,United States
3283,180 Life Sciences,ATNF,21620372,3.58,United States
3284,Ashford Hospitality Trust,AHT,21447114,3.2,United States
3285,SolarMax Technology,SMXT,21061122,0.3701,United States
3286,Neuphoria Therapeutics,NEUP,20861566,3.86,United States
3287,Dare Bioscience,DARE,20372122,1.36,United States
3288,Retractable Technologies,RVP,20057898,0.67,United States
3289,Celularity,CELU,19874296,0.6866,United States
3290,Energy Focus,EFOI,19666884,3.0878,United States
3291,Astrotech,ASTC,19588238,9.75,United States
3292,Dragonfly Energy,DFLI,18753094,1.31,United States
3293,Skye Bioscience,SKYE,18714032,0.5325,United States
3294,Citius Pharmaceuticals,CTXR,18585390,0.677,United States
3295,Werewolf Therapeutics,HOWL,18564842,0.382,United States
3296,Harte Hanks,HHS,18548676,2.5,United States
3297,SPAR Group,SGRP,18459064,0.65,United States
3298,Motorsport Gaming,MSGM,18157138,4.35,United States
3299,Elite Express,ETS,18054006,1.08,United States
3300,Cyngn,CYN,17884868,1.24,United States
3301,System1,SST,17830704,1.7,United States
3302,FingerMotion,FNGR,17780004,0.29,United States
3303,CXApp,CXAI,17726580,0.1625,United States
3304,T Stamp Inc. (TrustStamp),IDAI,17695886,3.16,United States
3305,Socket Mobile,SCKT,17553242,2.13,United States
3306,Austin Gold,AUST,17527040,1.28,United States
3307,Lipocine,LPCN,17312930,2.1,United States
3308,Exyn Technologies,EXYN,17260088,2.17,United States
3309,ESS Tech,GWH,17098618,0.5818,United States
3310,Scienture Holdings,SCNX,16841474,0.4145,United States
3311,Inuvo,INUV,16812740,1.02,United States
3312,Know Labs,KNW,16795408,2.24,United States
3313,Camber Energy,CEI,16771320,0.0954,United States
3314,Tempest Therapeutics,TPST,16618587,1.04,United States
3315,Smith Micro Software,SMSI,16042955,2.87,United States
3316,Avant Technologies Inc.,AVAI,15899010,0.115,United States
3317,Psychemedics,PMD,15738209,2.67,United States
3318,Cyclerion Therapeutics,CYCN,15502524,3.58,United States
3319,Biofrontera,BFRI,15492047,1.21,United States
3320,AppTech Payments,APCX,15331437,0.365,United States
3321,Natural Health Trends,NHTC,15011236,1.75,United States
3322,Cocrystal Pharma,COCP,14890450,1.08,United States
3323,iRobot,IRBT,14843741,0.4664,United States
3324,Office Properties Income Trust,OPI,14795239,0.2,United States
3325,SeaStar Medical,ICU,14748938,3.69,United States
3326,KALA BIO,KALA,14601538,0.755,United States
3327,Upland Software,UPLD,14505421,4.94,United States
3328,The Cannabist Company,CBSTF,14475953,0.0291,United States
3329,Synlogic,SYBX,14386869,1.23,United States
3330,The Glimpse Group,VRAR,14332026,0.68,United States
3331,HOOKIPA Pharma,HOOK,14232977,1.15,United States
3332,Arrive AI,ARAI,14074627,0.2714,United States
3333,Dolphin Entertainment,DLPN,14058653,1.08,United States
3334,Passage Bio,PASG,13879340,4.32,United States
3335,AEON Biopharma,AEON,13552352,0.2774,United States
3336,Bionano Genomics,BNGO,13311000,1.16,United States
3337,Palatin Technologies,PTN,13095464,7.36,United States
3338,AMASS Brands Inc.,AMSS,12909476,1.13,United States
3339,Air Industries Group,AIRI,12514697,2.58,United States
3340,Phio Pharmaceuticals,PHIO,12314285,1.06,United States
3341,Urgent.ly Inc.,ULY,11787284,5.38,United States
3342,CISO Global,CISO,11731622,0.2589,United States
3343,VistaGen Therapeutics,VTGN,11706629,0.2638,United States
3344,Intensity Therapeutics,INTS,11595098,4.29,United States
3345,Reborn Coffee,REBN,11580971,1.41,United States
3346,Trio Petroleum,TPET,11496314,0.2597,United States
3347,Cambium Networks,CMBM,11325767,0.401,United States
3348,Flux Power,FLUX,11193365,0.524,United States
3349,Clean Energy Technologies,CETY,11023708,0.9061,United States
3350,SUNation Energy Inc.,SUNE,10926404,2.65,United States
3351,Senti Biosciences,SNTI,10869519,0.349,United States
3352,SINTX Technologies,SINT,10807971,1.7,United States
3353,Quoin Pharmaceuticals,QNRX,10765121,5.36,United States
3354,Bullfrog AI,BFRG,10754158,0.58,United States
3355,Lunai Bioworks,LNAI,10699980,2.36,United States
3356,Phoenix Motor,PEV,10575262,0.23,United States
3357,Leslie's,LESL,10388987,1.11,United States
3358,authID,AUID,10333169,0.618,United States
3359,Carver Bancorp,CARV,10320075,1.77,United States
3360,Ryvyl Inc.,RVYL,9994965,7.81,United States
3361,"Reed's, Inc.",REED,9888810,0.834,United States
3362,Superior Industries International,SUP,9576233,0.3249,United States
3363,Solo Brands,SBDS,9468241,3.7,United States
3364,Hydrofarm,HYFM,9290994,1.95,United States
3365,VolitionRx,VNRX,9238008,0.767,United States
3366,Adial Pharmaceuticals,ADIL,9213455,4.21,United States
3367,Mangoceuticals,MGRX,9104768,0.5945,United States
3368,Gaxos.ai,GXAI,9102854,0.8472,United States
3369,FGI Industries,FGI,8941785,4.63,United States
3370,GoHealth,GOCO,8937260,0.305,United States
3371,Wellgistics Health,WGRX,8847256,3.52,United States
3372,Northann Corp,NCL,8543560,0.159,United States
3373,SeaChange International,SEAC,8398952,3.25,United States
3374,BrainStorm Cell Therapeutics,BCLI,8386429,0.76,United States
3375,Trinseo,TSE,8278525,0.23,United States
3376,reAlpha Tech,AIRE,8208069,1.53,United States
3377,HeartSciences Inc.,HSCS,8071946,2.07,United States
3378,Nauticus Robotics,KITT,8003003,1.17,United States
3379,Aprea Therapeutics,APRE,7978222,0.6443,United States
3380,SurgePays,SURG,7589325,0.3021,United States
3381,Gauzy,GAUZ,7495380,0.3999,United States
3382,Signing Day Sports,SGN,7408163,0.5401,United States
3383,Rocky Mountain Chocolate Factory,RMCF,7367597,0.7805,United States
3384,AIM ImmunoTech,AIM,7291476,0.263,United States
3385,Femasys,FEMY,7156295,2.37,United States
3386,Xenetic Biosciences,XBIO,7079363,3.09,United States
3387,AquaBounty Technologies,AQB,7051669,1.37,United States
3388,Imunon,IMNN,6849452,1.63,United States
3389,enVVeno Medical Corporation,NVNO,6776840,10.15,United States
3390,Vislink Technologies,VISL,6694612,2.7,United States
3391,Polar Power,POLA,6663413,1.73,United States
3392,Ensysce Biosciences,ENSC,6614860,0.4305,United States
3393,FibroBiologics,FBLG,6525029,0.98,United States
3394,TPI Composites,TPIC,6193621,0.1271,United States
3395,Sonoma Pharmaceuticals,SNOA,6173683,1.29,United States
3396,CleanCore Solutions,ZONE,6126073,0.77,United States
3397,Bakhu Holdings,BKUH,6026059,0.02,United States
3398,Cadrenal Therapeutics,CVKD,6011268,1.94,United States
3399,Cheetah Net Supply Chain Service,CTNT,6002843,1.9,United States
3400,Innovative Eyewear,LUCY,5998572,0.697,United States
3401,cbdMD,YCBD,5941822,0.566,United States
3402,BioAtla,BCAB,5758652,3.47,United States
3403,Pulmatrix,PULM,5734087,1.57,United States
3404,Soligenix,SNGX,5596125,0.3775,United States
3405,Co-Diagnostics,CODX,5486070,1.5,United States
3406,Eterna Therapeutics,ERNA,5283488,4.53,United States
3407,Sonim Technologies,SONM,5239397,3.52,United States
3408,Origin Materials,ORGN,5228483,0.9501,United States
3409,Aterian,ATER,5207716,0.48,United States
3410,"Cyabra, Inc.",CYAB,5204214,0.3415,United States
3411,Talis Biomedical,TLIS,5176808,2.84,United States
3412,"DSS, Inc. (Document Security Systems)",DSS,5121684,0.51,United States
3413,Cemtrex,CETX,5111789,2.97,United States
3414,Biomerica,BMRA,5037138,1.63,United States
3415,Urban-gro,UGRO,4942725,3.15,United States
3416,Super League Enterprise,SLE,4891205,3.04,United States
3417,Vertex Energy,VTNR,4872095,0.0521,United States
3418,Alaunos Therapeutics,TCRT,4835449,1.98,United States
3419,Sonendo,SONX,4764978,1.0,United States
3420,Kidpik,PIK,4644903,2.38,United States
3421,OLB Group,OLB,4538796,0.3095,United States
3422,Focus Universal,FCUV,4526103,6.44,United States
3423,BIO-key International,BKYI,4525951,4.17,United States
3424,CaliberCos,CWD,4470501,0.5057,United States
3425,Cloudastructure,CSAI,4466284,5.36,United States
3426,"Bark, Inc.",BARK,4377870,0.5066,United States
3427,CASI Pharmaceuticals,CASI,4263766,0.2075,United States
3428,QVC Group,QVCGA,4255453,0.34,United States
3429,PMGC Holdings,ELAB,4180251,0.92,United States
3430,Lakewood-Amedex Biotherapeutics,LABT,4114043,2.35,United States
3431,Jaguar Health,JAGX,4097239,0.8344,United States
3432,Tivic Health Systems,TIVC,4029097,1.4,United States
3433,DataMEDS AI,MEDS,4021480,1.6,United States
3434,Allurion Technologies,ALUR,4001668,4.0,United States
3435,Beyond Air,XAIR,3746761,5.2,United States
3436,Avalon GloboCare,ALBT,3707637,0.282,United States
3437,Unity Biotechnology,UBX,3444161,0.2001,United States
3438,Expion360,XPON,3383828,3.55,United States
3439,Golden Minerals,AUMN,3333670,0.22,United States
3440,Eagle Pharmaceuticals,EGRX,3289388,0.25,United States
3441,ShiftPixy,PIXY,3265294,6.53,United States
3442,iSpecimen,ISPC,3219231,2.24,United States
3443,Netcapital,NCPL,3151716,0.4016,United States
3444,Forza X1,FRZA,3150960,0.2,United States
3445,bioAffinity Technologies,BIAF,3078700,0.49,United States
3446,Advent Technologies,ADN,3023365,0.9185,United States
3447,ATI Physical Therapy,ATIP,2977762,0.675,United States
3448,Sleep Number,SNBR,2881125,0.125,United States
3449,Marin Software,MRIN,2863609,0.8981,United States
3450,Inotiv,NOTV,2787563,0.0799,United States
3451,Fly-E Group,FLYE,2709760,1.66,United States
3452,PREIT (Pennsylvania Real Estate Investment Trust),PRET,2690436,0.4974,United States
3453,Xilio Therapeutics,XLO,2676465,0.5101,United States
3454,Staffing 360 Solutions,STAF,2654640,1.615,United States
3455,Jet.AI,JTAI,2644401,1.86,United States
3456,Oragenics,OGEN,2472552,0.548,United States
3457,Synergy CHC,SNYR,2459970,0.1651,United States
3458,LM Funding America,LMFA,2430118,2.6,United States
3459,Azitra,AZTR,2266941,0.14,United States
3460,Vaccinex,VCNX,2228835,0.8327,United States
3461,Sow Good,SOWG,2203871,0.1099,United States
3462,Clearside Biomedical,CLSD,2145948,0.41,United States
3463,Genprex,GNPX,2115681,4.19,United States
3464,Boxlight,BOXL,1981159,2.97,United States
3465,Cutera,CUTR,1956013,0.0969,United States
3466,Direct Digital Holdings,DRCT,1893199,2.56,United States
3467,Cue Biopharma,CUE,1804119,0.5542,United States
3468,Matinas BioPharma,MTNB,1723265,0.269,United States
3469,SOBR Safe,SOBR,1696021,0.5896,United States
3470,Sonder Holdings,SOND,1680861,0.1263,United States
3471,Traeger,COOK,1642351,0.5983,United States
3472,Hepion Pharmaceuticals,HEPA,1627769,0.0559,United States
3473,CorEnergy Infrastructure Trust,CORR,1627350,0.0198,United States
3474,Aethlon Medical,AEMD,1622272,3.08,United States
3475,Lazydays Holdings,GORV,1573084,0.4211,United States
3476,Benson Hill,BHIL,1522391,0.249,United States
3477,22nd Century Group,XXII,1501289,4.35,United States
3478,Arcadia Biosciences,RKDA,1422478,0.652,United States
3479,"Freight Technologies, Inc.",FRGT,1401706,2.45,United States
3480,Trinity Place Holdings,TPHS,1353969,0.0205,United States
3481,VivoSim Labs,VIVS,1272890,0.3643,United States
3482,Purple Innovation,PRPL,1261071,0.2897,United States
3483,Alkaline Water Company,WTER,1246353,0.035,United States
3484,"Greenlane Holdings, Inc.",GNLN,1231029,1.9495,United States
3485,Maison Solutions,MSS,1218754,1.4,United States
3486,Actelis Networks,ASNS,1182327,0.041,United States
3487,La Rosa Holdings,LRHC,1176345,0.7279,United States
3488,Edible Garden,EDBL,1170896,1.83,United States
3489,Solar Integrated Roofing,SIRC,1097545,0.0001,United States
3490,Danimer Scientific,DNMR,1056961,0.35,United States
3491,Vivakor,VIVK,1047045,1.43,United States
3492,BNB Plus Corp.,BNBX,973065,0.1352,United States
3493,Evofem Biosciences,EVFM,954216,0.0072,United States
3494,LMP Automotive Holdings,LMPX,927245,0.085,United States
3495,Quince Therapeutics,QNCX,900311,0.9206,United States
3496,iEntertainment Network,IENT,876829,0.0067,United States
3497,zSpace,ZSPC,768708,0.1602,United States
3498,iPower,IPW,764862,3.64,United States
3499,Yellow Corporation,YELLQ,693890,0.0102,United States
3500,Curis,CRIS,675500,0.3466,United States
3501,Tapinator,TAPM,673183,0.247,United States
3502,Tevogen Bio,TVGN,627896,0.1551,United States
3503,ProPhase Labs,PRPH,623721,0.0445,United States
3504,Lyra Therapeutics,LYRA,603459,0.34,United States
3505,Kaival Brands Innovations,KAVL,586062,0.03,United States
3506,Vicarious Surgical,RBOT,454980,0.0638,United States
3507,Ayr Wellness,AYRWF,432062,0.0037,United States
3508,Ontrak,OTRK,425780,0.0601,United States
3509,Wheeler Real Estate Investment Trust,WHLR,390364,0.4201,United States
3510,Viracta Therapeutics,VIRX,388698,0.00978,United States
3511,Greene Concepts,INKW,376258,0.0059,United States
3512,Impac Mortgage Holdings,IMPM,365688,0.01,United States
3513,VYNE Therapeutics,VYNE,339859,0.509,United States
3514,Onfolio Holdings,ONFO,337934,2.4,United States
3515,NantHealth,NHIQ,329655,0.012,United States
3516,Exela Technologies,XELA,305261,0.011,United States
3517,Ocean Biomedical,OCEA,278838,0.0012,United States
3518,Leafly Holdings,LFLY,232138,37.0,United States
3519,Trulite,TRUL,212013,0.0001,United States
3520,Ampio Pharmaceuticals,AMPE,207884,0.1831,United States
3521,BloomZ,BLMZ,187531,0.128,United States
3522,Wearable Health Solutions,WHSI,182670,0.0001,United States
3523,Faraday Future,FFAI,174605,0.0717,United States
3524,Lipella Pharmaceuticals,LIPO,152487,0.033,United States
3525,Hallmark Financial Services,HALL,145478,0.08,United States
3526,Petros Pharmaceuticals,PTPI,131354,0.0031,United States
3527,Nuwellis,NUWE,130925,1.42,United States
3528,Cenntro Inc.,CENN,113554,0.0775,United States
3529,Carisma Therapeutics,CARM,104612,0.0025,United States
3530,Loop Media,LPTV,103383,0.0007,United States
3531,AiRWA Inc.,YYAI,85338,0.081,United States
3532,Novo Integrated Sciences,NVOS,69055,0.0035,United States
3533,Remark Holdings,MARK,68092,0.0011,United States
3534,Vincerx Pharma,VINC,68045,0.013,United States
3535,Vinco Ventures,BBIG,66300,0.0051,United States
3536,PaxMedica,PXMD,63132,0.0005,United States
3537,Mobile Global Esports (Mogo),MGAM,52820,0.0007,United States
3538,ToughBuilt Industries,TBLT,47699,0.011,United States
3539,Presto Automation,PRST,41851,0.0001,United States
3540,Gaming Technologies (Gametech),GMGT,27420,0.0006,United States
3541,Gamer Pakistan,GPAK,15347,0.0006,United States
3542,Movella,MVLA,15272,0.0003,United States
3543,T2 Biosystems,TTOO,14022,0.0005,United States
3544,Vaxxinity,VAXX,12678,0.0001,United States
3545,Trevena,TRVN,9501,0.011,United States
3546,4Front Ventures,FFNTF,9152,1e-05,United States
3547,Freeze Tag,FRZT,7505,0.0001,United States
3548,Stryve Foods,SNAX,4356,0.001,United States
3549,Adamas One,JEWL,3804,0.0001,United States
3550,USD Partners,USDP,3377,0.0001,United States
3551,Syros Pharmaceuticals,SYRS,2683,0.0001,United States
3552,Viveve Medical,VIVE,2144,0.0002,United States
3553,Telesis Bio,TBIO,1953,0.0011,United States
3554,Grom Social Enterprises,GROM,1804,0.0002,United States
3555,Hempacco,HPCO,1184,0.0002,United States
3556,eFFECTOR Therapeutics,EFTR,940,0.0002,United States
3557,Minerva Surgical,UTRS,887,0.0001,United States
3558,Lightning eMotors,ZEVY,659,0.0001,United States
3559,Calithera Biosciences,CALA,487,0.0001,United States
3560,Applied Aerospace &amp; Defense,AADX,0,0.0,United States
3561,Attovia Therapeutics,ATTO,0,0.0,United States
3562,"Forbright, Inc.",FRBT,0,0.0,United States
3563,GigCapital9,GIXXU,0,0.0,United States
3564,Pershing Square USA,PSUS,0,0.0,United States
3565,Saluda Medical,SLD.AX,0,0.0,United States
