Rank,Name,Symbol,marketcap,price (USD),country
1,NVIDIA,NVDA,5456991354880,225.3,United States
2,Apple,AAPL,4455019315200,305.26,United States
3,Alphabet (Google),GOOG,4206363934720,343.94,United States
4,Microsoft,MSFT,3689605234688,496.88,United States
5,Amazon,AMZN,2859775295488,265.13,United States
6,Broadcom,AVGO,1987812261888,417.82,United States
7,SpaceX,SPCX,1861380734976,141.29,United States
8,Meta Platforms (Facebook),META,1515689738240,594.97,United States
9,Tesla,TSLA,1342688198656,339.96,United States
10,Berkshire Hathaway,BRK-B,1085189980160,506.93,United States
11,Eli Lilly,LLY,1077650653184,1209.0,United States
12,Micron Technology,MU,1072731521024,949.83,United States
13,JPMorgan Chase,JPM,965213945856,363.11,United States
14,Walmart,WMT,920908922880,115.72,United States
15,AMD,AMD,788501757952,483.01,United States
16,Visa,V,682312466432,365.45,United States
17,Exxon Mobil,XOM,652190351360,158.61,United States
18,Johnson & Johnson,JNJ,631586160640,262.08,United States
19,Intel,INTC,549413289984,104.56,United States
20,Mastercard,MA,496732635136,567.04,United States
21,Oracle,ORCL,449987182592,156.22,United States
22,Bank of America,BAC,448165216256,64.09,United States
23,Cisco,CSCO,447234605056,113.47,United States
24,AbbVie,ABBV,443228389376,250.82,United States
25,Palantir,PLTR,430171488256,179.01,United States
26,Costco,COST,426560094208,961.85,United States
27,Applied Materials,AMAT,424403042304,534.54,United States
28,Lam Research,LRCX,421707677696,337.01,United States
29,Caterpillar,CAT,392838152192,854.6,United States
30,Chevron,CVX,387808985088,197.7,United States
31,Coca-Cola,KO,376128831488,87.42,United States
32,General Electric,GE,374186541056,360.64,United States
33,UnitedHealth,UNH,358194184192,399.06,United States
34,Morgan Stanley,MS,343293362176,218.38,United States
35,Home Depot,HD,340714782720,341.7,United States
36,Procter & Gamble,PG,335923675136,144.26,United States
37,Merck,MRK,334425128960,135.55,United States
38,Netflix,NFLX,325786632192,78.24,United States
39,Palo Alto Networks,PANW,322739994624,396.0,United States
40,Dell,DELL,319523880960,494.51,United States
41,Goldman Sachs,GS,303584018432,1042.63,United States
42,RTX,RTX,297153691648,220.48,United States
43,Philip Morris International,PM,294437650432,188.91,United States
44,GE Vernova,GEV,279495802880,1049.42,United States
45,KLA,KLAC,273551704064,209.37,United States
46,Wells Fargo,WFC,266444570624,88.11,United States
47,Arista Networks,ANET,256810565632,203.62,United States
48,Texas Instruments,TXN,249709314048,273.43,United States
49,Citigroup,C,232710799360,138.73,United States
50,American Express,AXP,232070217728,343.65,United States
51,CrowdStrike,CRWD,229648007168,225.53,United States
52,Amgen,AMGN,225511702528,417.84,United States
53,IBM,IBM,223417745408,237.14,United States
54,Sandisk,SNDK,223104057344,1528.11,United States
55,Thermo Fisher Scientific,TMO,220328722432,595.89,United States
56,Amphenol,APH,204367003648,165.75,United States
57,Verizon,VZ,200343273472,48.22,United States
58,Marvell Technology,MRVL,199416414208,222.18,United States
59,T-Mobile US,TMUS,196706533376,183.38,United States
60,Abbott Laboratories,ABT,193811546112,111.27,United States
61,McDonald,MCD,192655409152,272.25,United States
62,BlackRock,BLK,192183336960,1182.84,United States
63,Pepsico,PEP,192086917120,140.62,United States
64,Charles Schwab,SCHW,190330683392,110.06,United States
65,Analog Devices,ADI,185662980096,381.17,United States
66,Boeing,BA,181912911872,230.33,United States
67,Walt Disney,DIS,180956790784,104.8,United States
68,Nextera Energy,NEE,179382927360,86.01,United States
69,Blackstone Group,BX,178481872896,149.32,United States
70,Union Pacific Corporation,UNP,176909746176,297.79,United States
71,QUALCOMM,QCOM,173029490688,164.79,United States
72,Gilead Sciences,GILD,171287412736,138.14,United States
73,TJX Companies,TJX,169914580992,153.81,United States
74,Welltower,WELL,168930902016,234.44,United States
75,AT&T,T,168431648768,24.58,United States
76,Western Digital,WDC,167960166400,487.29,United States
77,Deere &amp; Company (John Deere),DE,165408309248,612.38,United States
78,Booking Holdings (Booking.com),BKNG,165312561152,213.34,United States
79,Salesforce,CRM,164922032128,201.37,United States
80,Southern Copper,SCCO,158390435840,187.59,United States
81,Interactive Brokers,IBKR,155762819072,91.42,United States
82,Uber,UBER,154989461504,75.88,United States
83,Pfizer,PFE,152751243264,26.8,United States
84,ConocoPhillips,COP,149590540288,124.52,United States
85,Intuitive Surgical,ISRG,143766224896,401.27,United States
86,Danaher,DHR,143331819520,203.89,United States
87,Lockheed Martin,LMT,138015178752,598.01,United States
88,Capital One,COF,137319710720,223.83,United States
89,Prologis,PLD,137269035008,141.21,United States
90,Corning,GLW,136286978048,158.54,United States
91,Parker-Hannifin,PH,133509095424,1058.87,United States
92,Bristol-Myers Squibb,BMY,132061503488,64.65,United States
93,ServiceNow,NOW,131558940672,127.25,United States
94,Stryker Corporation,SYK,130832932864,341.09,United States
95,Vertex Pharmaceuticals,VRTX,130814255104,516.44,United States
96,S&P Global,SPGI,124603121664,422.67,United States
97,Starbucks,SBUX,123747000320,108.55,United States
98,Lowe's Companies,LOW,122421420032,218.22,United States
99,CVS Health,CVS,121489391616,94.99,United States
100,Progressive,PGR,121431121920,208.87,United States
101,Fortinet,FTNT,121385590784,165.44,United States
102,Newmont,NEM,120321122304,114.19,United States
103,Cloudflare,NET,117801844736,330.83,United States
104,Snowflake,SNOW,116935909376,337.38,United States
105,Howmet Aerospace,HWM,112789020672,282.82,United States
106,Airbnb,ABNB,110853193728,185.13,United States
107,Vertiv Holdings,VRT,110518550528,287.07,United States
108,Automatic Data Processing,ADP,109735895040,276.23,United States
109,Carvana,CVNA,109670924288,73.7,United States
110,Altria Group,MO,108666937344,65.08,United States
111,Adobe,ADBE,107519770624,270.49,United States
112,Southern Company,SO,106742185984,92.79,United States
113,KKR & Co.,KKR,106489987072,115.3,United States
114,General Dynamics,GD,106318151680,392.96,United States
115,Equinix,EQIX,105951690752,1073.78,United States
116,AppLovin,APP,104635187200,312.67,United States
117,Marathon Petroleum,MPC,104037457920,356.37,United States
118,PNC Financial Services,PNC,101824798720,255.2,United States
119,U.S. Bancorp,USB,101538209792,65.17,United States
120,Quanta Services,PWR,101148033024,672.78,United States
121,McKesson,MCK,99881795584,856.69,United States
122,Valero Energy,VLO,98736087040,342.92,United States
123,Constellation Energy,CEG,98724216832,278.64,United States
124,Intuit,INTU,98005573632,358.29,United States
125,Duke Energy,DUK,97065123840,124.49,United States
126,CME Group,CME,96083173376,267.21,United States
127,3M,MMM,94196695040,182.65,United States
128,BNY Mellon (Bank of New York Mellon),BK,94143750144,137.16,United States
129,DoorDash,DASH,93704511488,216.26,United States
130,Freeport-McMoRan,FCX,93562003456,66.83,United States
131,Comcast,CMCSA,92903309312,26.18,United States
132,CSX Corporation,CSX,92883091456,50.14,United States
133,Phillips 66,PSX,92816261120,232.61,United States
134,Emerson,EMR,91974017024,164.21,United States
135,Marriott International,MAR,91927937024,352.53,United States
136,Monster Beverage,MNST,91448541184,46.68,United States
137,HCA Healthcare,HCA,91340316672,411.74,United States
138,Datadog,DDOG,90573078528,252.24,United States
139,Marsh & McLennan Companies,MRSH,90044997632,188.69,United States
140,United Parcel Service,UPS,89791488000,105.54,United States
141,Waste Management,WM,89620144128,224.21,United States
142,Robinhood,HOOD,89341812736,99.37,United States
143,Williams Companies,WMB,89340157952,73.04,United States
144,Cadence Design Systems,CDNS,89300942848,323.77,United States
145,Sherwin-Williams,SHW,87769202688,361.55,United States
146,Cummins,CMI,87155277824,631.61,United States
147,Intercontinental Exchange,ICE,87150886912,155.24,United States
148,Elevance Health,ELV,86361694208,398.22,United States
149,Apollo Global Management,APO,84790190080,143.58,United States
150,Moody's,MCO,84585062400,488.42,United States
151,Simon Property Group,SPG,84075216896,221.47,United States
152,Regeneron Pharmaceuticals,REGN,82978635776,805.97,United States
153,Royal Caribbean Group,RCL,82878054400,309.88,United States
154,Illinois Tool Works,ITW,82871107584,290.98,United States
155,Enterprise Products,EPD,82103328768,38.02,United States
156,Northrop Grumman,NOC,81649303552,574.74,United States
157,Mondelez International,MDLZ,81550270464,63.53,United States
158,American Tower,AMT,81165582336,174.19,United States
159,Cintas,CTAS,80314032128,200.7,United States
160,FedEx,FDX,80283828224,339.35,United States
161,Hewlett Packard Enterprise,HPE,79213854720,59.82,United States
162,Synopsys,SNPS,78841610240,411.75,United States
163,Ross Stores,ROST,78578540544,244.96,United States
164,General Motors,GM,78135566336,86.39,United States
165,Lumentum,LITE,78004322304,880.41,United States
166,Ecolab,ECL,77443579904,276.26,United States
167,SLB (Schlumberger),SLB,77264502784,52.06,United States
168,The Travelers Companies,TRV,77172760576,370.0,United States
169,Motorola Solutions,MSI,76961234944,465.04,United States
170,Norfolk Southern,NSC,75883937792,337.85,United States
171,EOG Resources,EOG,75319001088,141.41,United States
172,Boston Scientific,BSX,74910670848,51.69,United States
173,O'Reilly Automotive,ORLY,74893590528,92.58,United States
174,Digital Realty,DLR,74428620800,197.58,United States
175,Honeywell,HON,74160791552,233.99,United States
176,Colgate-Palmolive,CL,74081271808,92.93,United States
177,The Cigna Group,CI,73456205824,277.99,United States
178,Hilton Worldwide,HLT,72205328384,320.82,United States
179,Energy Transfer LP,ET,71482900480,20.76,United States
180,Kinder Morgan,KMI,71372414976,32.08,United States
181,Target,TGT,70631260160,155.51,United States
182,United Rentals,URI,69747687424,1120.58,United States
183,TransDigm Group,TDG,69710585856,1246.31,United States
184,Bloom Energy,BE,69573255168,236.22,United States
185,Warner Bros. Discovery,WBD,69573042176,27.75,United States
186,Paccar,PCAR,68806426624,130.72,United States
187,American Electric Power,AEP,68256542720,125.38,United States
188,Air Products and Chemicals,APD,68034883584,305.52,United States
189,Monolithic Power Systems,MPWR,66959798272,1362.55,United States
190,Republic Services,RSG,65903161344,215.22,United States
191,Allstate,ALL,65864441856,260.48,United States
192,Arthur J. Gallagher & Co.,AJG,64979877888,253.49,United States
193,Truist Financial Corporation,TFC,64733974528,52.99,United States
194,Teradyne,TER,64181002240,410.52,United States
195,Coherent Corp.,COHR,64019058688,327.23,United States
196,Baker Hughes,BKR,62975242240,63.44,United States
197,Ciena,CIEN,62678220800,442.79,United States
198,W. W. Grainger,GWW,62386470912,1321.38,United States
199,MetLife,MET,61939937280,97.47,United States
200,Nucor,NUE,61775982592,272.29,United States
201,Public Storage,PSA,61387059200,328.72,United States
202,Nike,NKE,61164654592,41.23,United States
203,Comfort Systems USA,FIX,60803129344,1727.64,United States
204,Aflac,AFL,60712673280,121.1,United States
205,Keysight,KEYS,60471324672,353.85,United States
206,Dominion Energy,D,60282707968,68.54,United States
207,Delta Air Lines,DAL,60047556608,91.31,United States
208,MPLX,MPLX,59686637568,58.82,United States
209,Realty Income,O,59563417600,62.95,United States
210,Cencora,COR,59158331392,310.01,United States
211,Fastenal,FAST,58912526336,51.34,United States
212,Ametek,AME,58726395904,256.22,United States
213,CoreWeave,CRWV,58622824448,106.29,United States
214,Oneok,OKE,58366242816,92.64,United States
215,Occidental Petroleum,OXY,57679077376,57.7,United States
216,Targa Resources,TRGP,57227354112,266.88,United States
217,Sempra,SRE,56549306368,86.48,United States
218,Diamondback Energy,FANG,56124817408,199.51,United States
219,Astera Labs,ALAB,55997521920,322.78,United States
220,Ford,F,55387705344,13.89,United States
221,Cheniere Energy,LNG,55037227008,266.48,United States
222,Nasdaq,NDAQ,54550597632,97.59,United States
223,Autodesk,ADSK,54467026944,257.96,United States
224,Honeywell Aerospace,HONA,53819535360,169.81,United States
225,Cardinal Health,CAH,53780811776,231.24,United States
226,L3Harris Technologies,LHX,53715468288,288.46,United States
227,Edwards Lifesciences,EW,53296046080,92.56,United States
228,Electronic Arts,EA,52925640704,209.7,United States
229,Carrier Global,CARR,52617269248,63.35,United States
230,Fifth Third Bank,FITB,52526837760,57.94,United States
231,PayPal,PYPL,52228579328,60.59,United States
232,State Street Corporation,STT,52152131584,189.85,United States
233,HEICO,HEI,51920945152,371.56,United States
234,Cerebras Systems,CBRS,51480707072,231.01,United States
235,Rocket Lab,RKLB,51208069120,80.1,United States
236,Workday,WDAY,50987671552,206.45,United States
237,Corteva,CTVA,50566787072,75.79,United States
238,Ameriprise Financial,AMP,50448109568,570.68,United States
239,Wabtec,WAB,50332057600,297.98,United States
240,Axon Enterprise,AXON,50008944640,615.59,United States
241,Block,XYZ,49920053248,83.09,United States
242,Entergy,ETR,49887576064,106.91,United States
243,AutoZone,AZO,49635123200,3040.37,United States
244,Credo Technology,CRDO,49601257472,265.99,United States
245,Becton Dickinson,BDX,49566228480,181.97,United States
246,Rockwell Automation,ROK,49473294336,445.51,United States
247,Xcel Energy,XEL,49333620736,78.98,United States
248,Ares Management,ARES,49295577088,149.45,United States
249,Vistra,VST,49136992256,146.4,United States
250,Devon Energy,DVN,48828997632,44.39,United States
251,Medline,MDLN,47870517248,35.58,United States
252,Exelon Corporation,EXC,46979579904,45.6,United States
253,eBay,EBAY,46538100736,104.58,United States
254,Ventas,VTR,46313926656,90.29,United States
255,Humana,HUM,46227316736,384.97,United States
256,Take-Two Interactive,TTWO,45232439296,241.91,United States
257,Natera,NTRA,44797128704,310.78,United States
258,Old Dominion Freight Line,ODFL,44733042688,215.73,United States
259,IDEXX Laboratories,IDXX,44721139712,566.93,United States
260,Paychex,PAYX,44602630144,125.4,United States
261,CBRE Group,CBRE,43983593472,151.89,United States
262,Live Nation,LYV,43344445440,186.06,United States
263,Revolution Medicines,RVMD,43295956992,202.0,United States
264,Prudential Financial,PRU,43038748672,124.75,United States
265,Rocket Companies,RKT,42587901952,15.04,United States
266,Keurig Dr Pepper,KDP,42348904448,31.12,United States
267,Microchip Technology,MCHP,42186346496,77.69,United States
268,Agilent Technologies,A,42164260864,149.29,United States
269,D. R. Horton,DHI,41921630208,149.88,United States
270,MSCI,MSCI,41819947008,575.24,United States
271,Waste Connections,WCN,41642258432,165.53,United States
272,Chipotle Mexican Grill,CMG,41265283072,32.61,United States
273,Yum! Brands,YUM,41167130624,150.85,United States
274,Grayscale Bitcoin Trust,GBTC,41085235200,59.34,United States
275,Veeva Systems,VEEV,41039675392,252.64,United States
276,United Airlines Holdings,UAL,41009385472,126.35,United States
277,Coinbase,COIN,40604499968,153.9,United States
278,Waters Corporation,WAT,40600834048,413.51,United States
279,BeOne Medicines,ONC,40272621568,356.01,United States
280,NetApp,NTAP,40161624064,204.99,United States
281,Consolidated Edison,ED,40085725184,108.39,United States
282,Sysco,SYY,39998754816,83.55,United States
283,American International Group,AIG,39755567104,76.03,United States
284,IQVIA,IQV,39754190848,241.52,United States
285,Expedia Group,EXPE,39403548672,328.31,United States
286,Roper Technologies,ROP,39313096704,397.5,United States
287,Everpure,P,39007719424,117.35,United States
288,Carnival Corporation,CCL,38925430784,28.42,United States
289,Jabil,JBL,38808944640,370.36,United States
290,Archer Daniels Midland (ADM),ADM,38628814848,80.15,United States
291,PG&amp;E Corporation,PCG,38453325824,17.46,United States
292,Twilio,TWLO,38304731136,249.42,United States
293,"Strategy 
 (MicroStrategy)",MSTR,38240190464,97.1,United States
294,MongoDB,MDB,37987196928,472.29,United States
295,PSEG,PEG,37837545472,75.93,United States
296,TKO Group Holdings,TKO,37793374208,199.68,United States
297,The Hartford,HIG,37777965056,137.81,United States
298,Iron Mountain,IRM,37695131648,126.62,United States
299,The Hershey Company,HSY,37396283392,186.12,United States
300,Steel Dynamics,STLD,37341270016,260.53,United States
301,Kenvue,KVUE,36878852096,19.2,United States
302,Kimberly-Clark,KMB,36745797632,110.7,United States
303,M&T Bank,MTB,36704280576,253.25,United States
304,Emcor,EME,36665470976,831.23,United States
305,Vulcan Materials,VMC,35960688640,277.52,United States
306,WEC Energy Group,WEC,35934666752,110.28,United States
307,Huntington Bancshares,HBAN,35902771200,17.77,United States
308,Ubiquiti,UI,35284373504,583.0,United States
309,Kroger,KR,35061805056,57.23,United States
310,Northern Trust,NTRS,34849390592,190.48,United States
311,Raymond James Financial,RJF,34815545344,180.99,United States
312,DexCom,DXCM,34520965120,91.48,United States
313,Venture Global,VG,33851258880,13.54,United States
314,EQT Corporation,EQT,33827907584,54.08,United States
315,GE HealthCare Technologies,GEHC,33566464000,73.79,United States
316,Extra Space Storage,EXR,32972959744,149.4,United States
317,ResMed,RMD,32890085376,226.74,United States
318,Martin Marietta Materials,MLM,32721467392,544.76,United States
319,Centene,CNC,32623431680,66.04,United States
320,"Cheniere Energy
Partners",CQP,32577085440,67.3,United States
321,Crown Castle,CCI,32219740160,75.73,United States
322,Zoom,ZM,32208625664,109.84,United States
323,ON Semiconductor,ON,31752261632,81.56,United States
324,Casey's General Stores,CASY,31594055680,853.78,United States
325,Estee Lauder,EL,31591931904,87.32,United States
326,Zoetis,ZTS,31338876928,75.84,United States
327,Citizens Financial Group,CFG,31213412352,74.11,United States
328,Teledyne Technologies,TDY,31210084352,673.66,United States
329,Biogen,BIIB,31124379648,210.65,United States
330,ATI Inc.,ATI,30940635136,227.22,United States
331,Blue Owl Capital,OWL,30920026112,12.66,United States
332,Cboe Global Markets,CBOE,30606641152,293.08,United States
333,Zscaler,ZS,30430496768,188.18,United States
334,Reddit,RDDT,30421735424,158.12,United States
335,Alnylam Pharmaceuticals,ALNY,30390726656,227.12,United States
336,Ameren,AEE,30209138688,109.12,United States
337,Kraft Heinz,KHC,30096205824,25.38,United States
338,Qnity Electronics,Q,29849675776,142.59,United States
339,Las Vegas Sands,LVS,29645283328,45.77,United States
340,LPL Financial,LPLA,29525207040,374.96,United States
341,Fiserv,FISV,29513052160,55.5,United States
342,Coupang,CPNG,29241597952,16.29,United States
343,Illumina,ILMN,29088638976,192.64,United States
344,DTE Energy,DTE,29034526720,139.53,United States
345,VICI Properties,VICI,29002381312,26.34,United States
346,GlobalFoundries,GFS,28913694720,52.69,United States
347,Atmos Energy,ATO,28721297408,169.96,United States
348,Mettler Toledo,MTD,28667508736,1430.76,United States
349,HP,HPQ,28624560128,31.3,United States
350,Williams-Sonoma,WSM,28546488320,242.44,United States
351,Copart,CPRT,28311633920,29.39,United States
352,Xylem,XYL,28093132800,120.32,United States
353,Cognizant Technology Solutions,CTSH,28044171264,59.29,United States
354,Corpay,CPAY,27921088512,425.24,United States
355,AST SpaceMobile,ASTS,27833257984,71.52,United States
356,Dover Corporation,DOV,27833016320,206.66,United States
357,Otis Worldwide,OTIS,27800281088,73.03,United States
358,Insmed,INSM,27588134912,126.33,United States
359,Halliburton,HAL,27434463232,32.84,United States
360,Edison International,EIX,27198652416,70.68,United States
361,Okta,OKTA,27169931264,154.95,United States
362,Eversource Energy,ES,27160500224,72.22,United States
363,American Water,AWK,27118559232,136.46,United States
364,Roblox,RBLX,27110567936,37.95,United States
365,FirstEnergy,FE,27093716992,46.84,United States
366,Regions Financial,RF,26972088320,31.66,United States
367,Dollar General,DG,26929217536,122.08,United States
368,PPL,PPL,26843860992,35.68,United States
369,Hubbell,HUBB,26796064768,507.1,United States
370,CenterPoint Energy,CNP,26664994816,40.48,United States
371,EchoStar,ECHO,26632189952,91.68,United States
372,Carpenter Technology,CRS,26610122752,535.57,United States
373,SharkNinja,SN,26566965248,188.59,United States
374,J. B. Hunt,JBHT,26509848576,282.32,United States
375,Cincinnati Financial,CINF,26501054464,172.67,United States
376,AvalonBay Communities,AVB,26261975040,183.91,United States
377,Affirm,AFRM,26229254144,78.32,United States
378,LabCorp,LH,26162049024,322.59,United States
379,W. R. Berkley,WRB,26160404480,70.47,United States
380,Synchrony Financial,SYF,26055698432,80.08,United States
381,Quest Diagnostics,DGX,26052528128,236.04,United States
382,Formula One Group,FWONK,25995962368,103.69,United States
383,VeriSign,VRSN,25958359040,287.15,United States
384,Tapestry,TPR,25940520960,128.39,United States
385,First Citizens BancShares,FCNCA,25613813760,2268.09,United States
386,PPG Industries,PPG,25504479232,114.73,United States
387,Equity Residential,EQR,25502982144,65.97,United States
388,Curtiss-Wright,CW,25441554432,688.83,United States
389,Moderna,MRNA,25411366912,63.65,United States
390,Darden Restaurants,DRI,25376583680,223.5,United States
391,Supermicro,SMCI,25331548160,39.16,United States
392,Symbotic,SYM,25304248320,41.8,United States
393,Omnicom Group,OMC,25183148032,88.36,United States
394,NRG Energy,NRG,25172705280,119.75,United States
395,Global Payments,GPN,25093761024,94.83,United States
396,Entegris,ENTG,24948262912,163.81,United States
397,Dollar Tree,DLTR,24892375040,129.53,United States
398,PulteGroup,PHM,24867993600,130.55,United States
399,Coterra Energy,CTRA,24724652032,32.56,United States
400,XPO Logistics,XPO,24713441280,211.07,United States
401,KeyCorp (KeyBank),KEY,24646084608,22.99,United States
402,Principal Financial Group,PFG,24607045632,114.93,United States
403,Incyte,INCY,24429131776,120.52,United States
404,Fox Corporation,FOX,24381673472,58.1,United States
405,Verisk Analytics,VRSK,24362201088,185.94,United States
406,West Pharmaceutical Services,WST,24361273344,346.16,United States
407,Expeditors International,EXPD,24314746880,187.05,United States
408,"Arxis, Inc.",ARXS,24084094976,57.69,United States
409,First Solar,FSLR,24039917568,223.69,United States
410,Church & Dwight,CHD,24033499136,101.32,United States
411,Fair Isaac (FICO),FICO,23988492288,1110.7,United States
412,Samsara,IOT,23972691968,41.14,United States
413,Brown &amp; Brown,BRO,23961448448,71.61,United States
414,Texas Pacific Land Corporation,TPL,23936972800,347.04,United States
415,US Foods,USFD,23815847936,110.09,United States
416,SoFi,SOFI,23803641856,18.43,United States
417,Veralto,VLTO,23779602432,97.54,United States
418,T. Rowe Price,TROW,23742054400,111.3,United States
419,F5,FFIV,23556909056,416.0,United States
420,MACOM Technology Solutions,MTSI,23450456064,307.06,United States
421,Constellation Brands,STZ,23289174016,136.35,United States
422,Ralph Lauren,RL,23081564160,387.39,United States
423,Loews Corporation,L,23043092480,112.72,United States
424,Tradeweb,TW,23008284672,105.53,United States
425,MasTec,MTZ,22976047104,286.11,United States
426,Rivian,RIVN,22905153536,15.82,United States
427,Packaging Corporation of America,PKG,22902716416,257.05,United States
428,Roku,ROKU,22868396032,154.08,United States
429,Fidelity National Information Services,FIS,22809876480,44.13,United States
430,Markel Group,MKL,22760103936,1836.98,United States
431,FedEx Freight,FDXF,22725261312,151.99,United States
432,Expand Energy,EXE,22650187776,94.68,United States
433,Burlington Stores,BURL,22324852736,355.32,United States
434,FTAI Aviation,FTAI,22200135680,216.15,United States
435,ULTA Beauty,ULTA,22164000768,515.57,United States
436,Southwest Airlines,LUV,21950771200,44.87,United States
437,Dow,DOW,21930264576,30.36,United States
438,Equifax,EFX,21802846208,185.58,United States
439,CMS Energy,CMS,21781921792,70.51,United States
440,International Paper,IP,21775912960,41.12,United States
441,Reliance,RS,21705183232,425.15,United States
442,Bunge Global SA,BG,21657589760,112.73,United States
443,Rubrik,RBRK,21630523392,105.09,United States
444,Viper Energy,VNOM,21624850432,41.27,United States
445,Tenet Healthcare,THC,21502597120,267.05,United States
446,United Therapeutics,UTHR,21499815936,501.27,United States
447,International Flavors & Fragrances,IFF,21460809728,84.06,United States
448,Guardant Health,GH,21409654784,159.54,United States
449,TPG Inc.,TPG,21217884160,55.21,United States
450,Woodward,WWD,21170288640,358.54,United States
451,Charter Communications,CHTR,21096720384,156.53,United States
452,Lennar,LEN,21087961088,87.54,United States
453,Snap-on,SNA,20930347008,404.63,United States
454,General Mills,GIS,20766593024,38.91,United States
455,MKS Instruments,MKSI,20710582272,306.29,United States
456,SiTime,SITM,20686768128,687.93,United States
457,Onto Innovation,ONTO,20648720384,337.82,United States
458,Circle Internet Group,CRCL,20548143104,75.38,United States
459,Toast,TOST,20357160960,35.22,United States
460,TD Synnex,SNX,20355899392,254.58,United States
461,NiSource,NI,20179890176,42.08,United States
462,LyondellBasell,LYB,20157569024,62.4,United States
463,Unity Software,U,20151672832,45.79,United States
464,Exact Sciences,EXAS,20026083328,104.91,United States
465,Western Midstream,WES,19952201728,48.29,United States
466,Broadridge Financial Solutions,BR,19920986112,172.24,United States
467,Tyson Foods,TSN,19838087168,56.39,United States
468,Essex Property Trust,ESS,19808698368,287.39,United States
469,SBA Communications,SBAC,19752546304,186.19,United States
470,ITT,ITT,19468290048,216.7,United States
471,Dupont De Nemours,DD,19456296960,144.1,United States
472,SS&C Technologies,SSNC,19251095552,82.04,United States
473,Evergy,EVRG,19250053120,83.49,United States
474,Royal Gold,RGLD,19146801152,225.98,United States
475,Zimmer Biomet,ZBH,18991753216,99.57,United States
476,Coeur Mining,CDE,18965401600,18.45,United States
477,Tractor Supply,TSCO,18846019584,36.17,United States
478,Fortive,FTV,18843459584,61.81,United States
479,APi Group,APG,18790328320,43.48,United States
480,Genuine Parts Company,GPC,18659319808,135.35,United States
481,East West Bancorp,EWBC,18628132864,135.96,United States
482,Viatris,VTRS,18423398400,16.04,United States
483,Nutanix,NTNX,18368278528,67.95,United States
484,Carlyle Group,CG,18319069184,51.41,United States
485,IonQ,IONQ,18223001600,44.98,United States
486,Lattice Semiconductor,LSCC,18204850176,128.43,United States
487,Alliant Energy,LNT,18201786368,70.2,United States
488,Dick's Sporting Goods,DKS,18102781952,202.26,United States
489,Zebra Technologies,ZBRA,18083065856,379.63,United States
490,Akamai,AKAM,18006253568,125.29,United States
491,Invitation Homes,INVH,17999472640,30.3,United States
492,Best Buy,BBY,17988972544,85.35,United States
493,Leidos,LDOS,17938266112,142.61,United States
494,Weyerhaeuser,WY,17888667648,24.82,United States
495,News Corp,NWS,17799200768,32.93,United States
496,CDW Corporation,CDW,17758726144,142.05,United States
497,CF Industries,CF,17714128896,117.05,United States
498,Gen Digital,GEN,17700216832,29.57,United States
499,Permian Resources,PR,17672454144,21.1,United States
500,Annaly Capital Management,NLY,17629380608,23.39,United States
501,IDEX,IEX,17628639232,239.13,United States
502,RBC Bearings,RBC,17547134976,554.25,United States
503,WESCO International,WCC,17515075584,359.41,United States
504,C. H. Robinson,CHRW,17451735040,149.35,United States
505,Rollins,ROL,17427087360,36.22,United States
506,Nordson,NDSN,17272006656,309.99,United States
507,Ovintiv,OVV,17234946048,62.31,United States
508,Franklin Resources,BEN,17203484672,33.86,United States
509,Talen Energy,TLN,17172470784,358.4,United States
510,Jones Lang LaSalle,JLL,17000766464,369.52,United States
511,Jacobs Engineering,J,16993019904,143.91,United States
512,NVR,NVR,16988482560,6375.0,United States
513,Hologic,HOLX,16968846336,76.01,United States
514,Hyatt Hotels,H,16948477952,179.85,United States
515,Sterling Infrastructure,STRL,16920343552,553.16,United States
516,Clean Harbors,CLH,16904588288,320.24,United States
517,Ryan Specialty,RYAN,16700060672,42.82,United States
518,PTC,PTC,16698029056,153.89,United States
519,Pershing Square Inc.,PS,16560001024,41.4,United States
520,Plains All American Pipeline,PAA,16545533952,23.45,United States
521,Ball Corporation,BALL,16488646656,61.93,United States
522,Performance Food Group,PFGC,16412748800,104.48,United States
523,Kimco Realty,KIM,16360552448,24.39,United States
524,Reinsurance Group of America,RGA,16350230528,250.38,United States
525,HF Sinclair,DINO,16333003776,91.87,United States
526,W. P. Carey,WPC,16285939712,71.49,United States
527,Medpace,MEDP,16243188736,581.95,United States
528,Pinnacle Financial Partners,PNFP,16190208000,107.14,United States
529,Aramark,ARMK,16110126080,61.11,United States
530,Nextpower,NXT,16062889984,104.55,United States
531,Mid-America Apartment Communities,MAA,16013634560,134.2,United States
532,BridgeBio Pharma,BBIO,15875537920,81.21,United States
533,Madison Air Solutions,MAIR,15874503680,31.64,United States
534,Host Hotels & Resorts,HST,15805027328,22.75,United States
535,Lamar Advertising,LAMR,15754417152,155.14,United States
536,BWX Technologies,BWXT,15607805952,170.35,United States
537,TransUnion,TRU,15544507392,81.13,United States
538,Lincoln Electric,LECO,15513973760,284.63,United States
539,UL Solutions,ULS,15482062848,76.81,United States
540,DigitalOcean,DOCN,15465771008,132.29,United States
541,"QXO, Inc.",QXO,15452922880,14.89,United States
542,Stanley Black &amp; Decker,SWK,15435410432,102.21,United States
543,Albemarle,ALB,15397299200,130.48,United States
544,Sun Communities,SUI,15367590912,120.19,United States
545,Neurocrine Biosciences,NBIX,15330731008,150.82,United States
546,Textron,TXT,15309186048,88.04,United States
547,Corebridge Financial,CRBG,15289997312,34.3,United States
548,Guidewire Software,GWRE,15204277248,182.62,United States
549,Cooper Companies,COO,14939345920,76.6,United States
550,Carlisle Companies,CSL,14924570624,375.8,United States
551,IES Holdings,IESC,14912185344,748.44,United States
552,Unum,UNM,14811256832,92.7,United States
553,CACI International Inc,CACI,14806691840,670.0,United States
554,Healthpeak Properties,DOC,14753191936,20.81,United States
555,Mueller Industries,MLI,14735105024,66.62,United States
556,Solventum,SOLV,14717543424,86.46,United States
557,Masco,MAS,14706238464,74.58,United States
558,Dynatrace,DT,14666857472,50.75,United States
559,McCormick & Company,MKC,14638966784,54.45,United States
560,TTM Technologies,TTMI,14630850560,138.88,United States
561,Omega Healthcare Investors,OHI,14511335424,46.01,United States
562,Ares Capital,ARCC,14496881664,20.19,United States
563,RPM International,RPM,14465781760,113.33,United States
564,Lennox,LII,14457076736,418.31,United States
565,Equitable Holdings,EQH,14402033664,52.8,United States
566,U-Haul,UHAL,14385118208,74.0,United States
567,Regency Centers,REG,14369648640,76.86,United States
568,Penske Automotive Group,PAG,14358500352,218.67,United States
569,Amkor Technology,AMKR,14314637312,57.75,United States
570,Invesco,IVZ,14286940160,32.36,United States
571,UDR Apartments,UDR,14057363456,37.94,United States
572,Figma,FIG,14044810240,26.35,United States
573,AMH (American Homes 4 Rent),AMH,14040855552,34.25,United States
574,Globe Life,GL,14028079104,180.67,United States
575,Sunoco,SUN,14019875840,74.41,United States
576,APA Corporation,APA,14014060544,40.0,United States
577,Baxter,BAX,13984741376,27.05,United States
578,Toll Brothers,TOL,13956154368,149.31,United States
579,Somnigroup International,SGI,13955645440,66.34,United States
580,Assurant,AIZ,13856033792,280.92,United States
581,CNA Financial,CNA,13841238016,51.15,United States
582,BorgWarner,BWA,13822835712,67.87,United States
583,Avery Dennison,AVY,13769033728,180.01,United States
584,DT Midstream,DTM,13750640640,134.79,United States
585,Hasbro,HAS,13638999040,96.7,United States
586,Texas Roadhouse,TXRH,13588328448,207.01,United States
587,Ally Financial,ALLY,13567305728,44.6,United States
588,Tyler Technologies,TYL,13471250432,328.95,United States
589,Hormel Foods,HRL,13448946688,24.44,United States
590,Charles River Laboratories,CRL,13427512320,281.27,United States
591,Aurora Innovation,AUR,13414629376,6.84,United States
592,Trimble,TRMB,13413236736,57.54,United States
593,CoStar Group,CSGP,13391780864,33.05,United States
594,Erie Indemnity,ERIE,13377316864,255.83,United States
595,Five Below,FIVE,13365439488,241.71,United States
596,Wayfair,W,13348805632,101.13,United States
597,Graco,GGG,13322321920,82.26,United States
598,BioMarin Pharmaceutical,BMRN,13265609728,68.53,United States
599,Warner Music Group,WMG,13255601152,25.34,United States
600,Applied Industrial Technologies,AIT,13217470464,357.62,United States
601,Advanced Energy,AEIS,13198222336,329.54,United States
602,Fidelity National Financial,FNF,13133403136,48.97,United States
603,Revvity,RVTY,13111402496,117.5,United States
604,Brown Forman,BF-A,13100573696,28.55,United States
605,Alcoa,AA,13087268864,49.59,United States
606,Gaming and Leisure Properties,GLPI,13073196032,43.65,United States
607,Pinterest,PINS,13062867968,23.32,United States
608,Equity LifeStyle Properties,ELS,13026955264,65.01,United States
609,AGNC Investment,AGNC,12992876544,10.96,United States
610,Stifel,SF,12937828352,85.68,United States
611,J.M. Smucker Company,SJM,12893017088,120.63,United States
612,Clorox,CLX,12883989504,106.54,United States
613,Crown Holdings,CCK,12873981952,118.37,United States
614,Penumbra,PEN,12870494208,326.75,United States
615,Watsco,WSO,12854182912,311.6,United States
616,Huntington Ingalls Industries,HII,12836443136,325.76,United States
617,Webster Financial,WBS,12803881984,79.02,United States
618,Watts Water Technologies,WTS,12787377152,383.05,United States
619,Generac,GNRC,12784161792,216.66,United States
620,SEI Investments,SEIC,12768240640,106.385,United States
621,GoDaddy,GDDY,12728094720,100.5,United States
622,Deckers Brands,DECK,12705767424,93.3,United States
623,Crane Company,CR,12660589568,219.04,United States
624,Coca-Cola Consolidated,COKE,12657866752,190.16,United States
625,DraftKings,DKNG,12619862016,25.42,United States
626,Exelixis,EXEL,12540231680,50.61,United States
627,Align Technology,ALGN,12517222400,176.2,United States
628,"BXP, Inc.",BXP,12513099776,69.18,United States
629,Semtech,SMTC,12443132928,133.58,United States
630,First Horizon Corporation,FHN,12327682048,26.02,United States
631,Owens Corning,OC,12319736832,155.85,United States
632,Dycom Industries,DY,12289914880,409.41,United States
633,DocuSign,DOCU,12237639680,64.09,United States
634,Pershing Square Holdings,PSHZF,12225084416,56.685,United States
635,Pinnacle West Capital,PNW,12206985216,100.72,United States
636,Encompass Health,EHC,12188625920,123.55,United States
637,Chime Financial,CHYM,12182868992,32.18,United States
638,American Financial Group,AFG,12079997952,145.68,United States
639,Arrowhead Pharmaceuticals,ARWR,12055952384,85.59,United States
640,Evercore,EVR,12015363072,312.43,United States
641,HubSpot,HUBS,11993319424,240.51,United States
642,Corcept Therapeutics,CORT,11945954304,110.51,United States
643,BJ's Wholesale Club,BJ,11943072768,93.53,United States
644,Leonardo DRS,DRS,11935388672,44.72,United States
645,Knight-Swift Transportation,KNX,11930015744,73.3,United States
646,BrightSpring Health Services,BTSG,11917363200,60.23,United States
647,Hecla Mining,HL,11891730432,17.73,United States
648,Kratos Defense &amp; Security Solutions,KTOS,11774380032,62.79,United States
649,Madrigal Pharmaceuticals,MDGL,11722340352,507.37,United States
650,Manhattan Associates,MANH,11714634752,200.92,United States
651,Domino's Pizza,DPZ,11607719936,350.88,United States
652,Instacart (Maplebear Inc.),CART,11593523200,50.08,United States
653,Gartner,IT,11575207936,183.3,United States
654,Globus Medical,GMED,11538469888,85.94,United States
655,JFrog,FROG,11524542464,95.15,United States
656,DaVita,DVA,11500025856,179.17,United States
657,Essential Utilities,WTRG,11481681920,40.46,United States
658,UMB Financial,UMBF,11459341312,150.88,United States
659,Forgent Power Solutions,FPS,11434349568,37.56,United States
660,Littelfuse,LFUS,11429436416,450.0,United States
661,Halozyme Therapeutics,HALO,11425843200,100.67,United States
662,ViaSat,VSAT,11419956224,82.9,United States
663,Jefferies Financial Group,JEF,11361477632,55.86,United States
664,Regal Rexnord,RRX,11359241216,170.58,United States
665,SailPoint,SAIL,11337987072,19.99,United States
666,Service Corporation International,SCI,11328557056,83.12,United States
667,Antero Resources,AR,11319904256,36.82,United States
668,"Popular, Inc. (Banco Popular de Puerto Rico)",BPOP,11290707968,177.03,United States
669,Advanced Drainage Systems,WMS,11252739072,149.23,United States
670,Avidity Biosciences,RNAM,11249150976,72.82,United States
671,Elanco,ELAN,11246487552,22.51,United States
672,Bio-Techne,TECH,11244854272,72.17,United States
673,Axsome Therapeutics,AXSM,11192732672,213.68,United States
674,Dayforce,DAY,11180042240,69.86,United States
675,Glaukos,GKOS,11174506496,189.45,United States
676,Paramount Skydance,PSKY,11158156288,9.97,United States
677,Confluent,CFLT,11133729792,30.99,United States
678,Camden Property Trust,CPT,11106582528,110.47,United States
679,Donaldson Company,DCI,11093847040,95.71,United States
680,MGM Resorts,MGM,11087692800,44.07,United States
681,Jack Henry &amp; Associates,JKHY,11073975296,155.86,United States
682,Sanmina,SANM,11071070208,206.56,United States
683,Bentley Systems,BSY,11044516864,36.56,United States
684,Bitmine Immersion Technologies,BMNR,11033011200,18.29,United States
685,EastGroup Properties,EGP,11026755584,205.06,United States
686,Applied Optoelectronics,AAOI,11000766464,130.08,United States
687,Wintrust Financial,WTFC,10959846400,162.45,United States
688,Dutch Bros,BROS,10846582784,51.13,United States
689,Modine Manufacturing,MOD,10808967168,203.51,United States
690,Acuity Brands,AYI,10769911808,359.77,United States
691,South State Corp,SSB,10755445760,110.91,United States
692,Rambus,RMBS,10741244928,99.33,United States
693,Molina Healthcare,MOH,10738062336,205.71,United States
694,Lineage,LINE,10703265792,43.03,United States
695,Globalstar,GSAT,10703232000,82.61,United States
696,Arrow Electronics,ARW,10648905728,209.19,United States
697,SPX Technologies,SPXC,10626215936,212.16,United States
698,VIAVI Solutions,VIAV,10605016064,42.99,United States
699,The Ensign Group,ENSG,10600409088,181.88,United States
700,Wynn Resorts,WYNN,10541436928,102.37,United States
701,AES,AES,10504812544,14.73,United States
702,Skyworks Solutions,SWKS,10492320768,69.76,United States
703,Antero Midstream,AM,10480801792,22.08,United States
704,Cullen/Frost Bankers,CFR,10477663232,168.59,United States
705,Zions Bancorporation,ZION,10451720192,71.61,United States
706,Vicor,VICR,10449630208,226.64,United States
707,Darling Ingredients,DAR,10373962752,65.74,United States
708,Flowserve,FLS,10371539968,81.15,United States
709,Cognex,CGNX,10360906752,61.59,United States
710,Old National Bank,ONB,10356169728,27.07,United States
711,Murphy USA,MUSA,10351076352,563.16,United States
712,New York Times,NYT,10343115776,64.13,United States
713,Federal Realty Investment Trust,FRT,10333728768,118.89,United States
714,American Healthcare REIT,AHR,10329915392,53.6,United States
715,Old Republic International,ORI,10323672064,42.76,United States
716,Praxis Precision Medicines,PRAX,10272212992,368.46,United States
717,Henry Schein,HSIC,10266178560,90.12,United States
718,FormFactor,FORM,10264304640,131.67,United States
719,Compass,COMP,10248055808,13.35,United States
720,Westlake Corporation,WLK,10248005632,80.19,United States
721,Brinker International,EAT,10233455616,238.61,United States
722,FactSet,FDS,10213712896,287.18,United States
723,Cytokinetics,CYTK,10211269632,73.45,United States
724,Apogee Therapeutics,APGE,10176216064,134.45,United States
725,Insulet,PODD,10156229632,146.44,United States
726,Allison Transmission,ALSN,10150492160,122.92,United States
727,Saia,SAIA,10142235648,380.22,United States
728,Ryder,R,10091745280,263.17,United States
729,Universal Health Services,UHS,10090521600,171.21,United States
730,Paycom,PAYC,10079366144,223.63,United States
731,Chart Industries,GTLS,10047718400,209.9,United States
732,American Airlines,AAL,9969267712,15.06,United States
733,Madison Square Garden Sports,MSGS,9942950912,412.98,United States
734,Solstice Advanced Materials,SOLS,9939080192,62.57,United States
735,TopBuild,BLD,9935550464,354.53,United States
736,MP Materials,MP,9913134080,55.66,United States
737,Life Time Group,LTH,9901599744,44.31,United States
738,Protagonist Therapeutics,PTGX,9798128640,151.42,United States
739,Tempus AI,TEM,9795803136,54.29,United States
740,Nuvalent,NUVL,9792580608,123.96,United States
741,Krystal Biotech,KRYS,9718481920,328.34,United States
742,OGE Energy,OGE,9703720960,47.02,United States
743,Affiliated Managers Group,AMG,9695876096,367.1,United States
744,Bio-Rad Laboratories,BIO,9666021376,361.19,United States
745,Rush Enterprises,RUSHA,9624422400,82.45,United States
746,Primerica,PRI,9623461888,312.68,United States
747,AeroVironment,AVAV,9586678784,189.43,United States
748,Dillard's,DDS,9585901568,613.81,United States
749,Liberty Live Holdings,LLYVA,9585120256,104.18,United States
750,Valmont Industries,VMI,9555399680,492.2,United States
751,Kymera Therapeutics,KYMR,9514093568,114.42,United States
752,Element Solutions,ESI,9506193408,39.01,United States
753,Oscar Health,OSCR,9500093440,30.78,United States
754,Oshkosh Corporation,OSK,9499222016,152.35,United States
755,CubeSmart,CUBE,9465409536,41.75,United States
756,Repligen,RGEN,9452402688,167.49,United States
757,Procore,PCOR,9447063552,62.17,United States
758,Sirius XM,SIRI,9434502144,27.99,United States
759,Booz Allen Hamilton,BAH,9430342656,78.4,United States
760,Masimo,MASI,9423817728,179.95,United States
761,Mohawk Industries,MHK,9423730688,139.12,United States
762,Agree Realty,ADC,9368382464,75.11,United States
763,Avantor,AVTR,9367570432,13.85,United States
764,Tetra Tech,TTEK,9327698944,36.43,United States
765,Range Resources,RRC,9326149632,39.91,United States
766,Ionis Pharmaceuticals,IONS,9284717568,55.87,United States
767,Houlihan Lokey,HLI,9239694336,132.21,United States
768,Brixmor Property Group,BRX,9212307456,30.02,United States
769,The Toro Company,TTC,9205838848,96.67,United States
770,Chewy,CHWY,9195667456,22.46,United States
771,CareTrust REIT,CTRE,9175265280,38.83,United States
772,Columbia Banking System,COLB,9174583296,32.44,United States
773,Voya Financial,VOYA,9157479424,101.08,United States
774,FirstCash,FCFS,9143643136,210.82,United States
775,Timken Company,TKR,9124629504,131.3,United States
776,Jackson Financial,JXN,9101388800,134.38,United States
777,Elastic NV,ESTC,9011769344,86.03,United States
778,Norwegian Cruise Line,NCLH,8977122304,19.55,United States
779,StandardAero,SARO,8974534656,27.12,United States
780,Prosperity Bancshares,PB,8968792064,74.63,United States
781,Primo Brands,PRMB,8965346304,24.77,United States
782,Snap,SNAP,8963348480,5.3,United States
783,Crinetics Pharmaceuticals,CRNX,8958680064,84.44,United States
784,ServiceTitan,TTAN,8938753024,93.7,United States
785,Core &amp; Main,CNM,8929937408,46.14,United States
786,Western Alliance Bancorporation,WAL,8917904384,81.74,United States
787,InterDigital,IDCC,8879073280,344.07,United States
788,NNN REIT,NNN,8874907648,46.24,United States
789,HealthEquity,HQY,8851657728,105.59,United States
790,BOK Financial,BOKF,8849692672,145.65,United States
791,Spyre Therapeutics,SYRE,8844781568,101.85,United States
792,Smithfield Foods,SFD,8841433088,22.47,United States
793,Bruker,BRKR,8826175488,57.93,United States
794,Planet Labs,PL,8820962304,24.75,United States
795,Applied Digital,APLD,8814996480,30.62,United States
796,PBF Energy,PBF,8814400512,74.36,United States
797,Vaxcyte,PCVX,8758678528,58.86,United States
798,Kinetik,KNTK,8740865024,51.66,United States
799,NewMarket Corp,NEU,8715526144,947.71,United States
800,Qorvo,QRVO,8684180480,98.44,United States
801,First Industrial Realty Trust,FR,8677252096,63.33,United States
802,Lincoln National Corporation,LNC,8668734464,45.28,United States
803,UiPath,PATH,8642245632,16.68,United States
804,Oklo,OKLO,8640520192,46.45,United States
805,Immunovant,IMVT,8638032896,41.82,United States
806,Levi Strauss &amp; Co.,LEVI,8628349952,22.42,United States
807,Commerce Bancshares,CBSH,8605930496,60.0,United States
808,Kinsale Capital Group,KNSL,8586782720,376.97,United States
809,Match Group,MTCH,8557660672,37.28,United States
810,CarMax,KMX,8521761792,60.05,United States
811,A. O. Smith,AOS,8494285824,62.5,United States
812,Clearway Energy,CWEN,8439884288,34.22,United States
813,Eastman Chemical,EMN,8433874432,73.77,United States
814,CAVA Group,CAVA,8431071744,72.18,United States
815,AptarGroup,ATR,8428950528,132.57,United States
816,Zurn Elkay Water Solutions,ZWS,8414285312,50.73,United States
817,Alexandria Real Estate Equities,ARE,8332853248,48.42,United States
818,GameStop,GME,8332196864,18.57,United States
819,Rexford Industrial,REXR,8326900736,36.42,United States
820,Lithia Motors,LAD,8324126720,378.66,United States
821,Valley Bank,VLY,8300131328,15.02,United States
822,Allegro MicroSystems,ALGM,8225922560,44.13,United States
823,Hess Midstream,HESM,8201775104,39.78,United States
824,AECOM,ACM,8186379776,63.61,United States
825,Joby Aviation,JOBY,8170166272,8.26,United States
826,Lear Corporation,LEA,8164728832,122.64,United States
827,Idacorp,IDA,8162669056,141.12,United States
828,SentinelOne,S,8140933632,23.84,United States
829,TeraWulf,WULF,8138178560,16.31,United States
830,Vornado Realty Trust,VNO,8124099072,39.67,United States
831,Ozon,OZON.ME,8118829898,38.96,United States
832,ImmunityBio,IBRX,8107747840,7.65,United States
833,Paylocity,PCTY,8102329344,152.71,United States
834,Zillow,Z,8077508096,35.92,United States
835,StoneX Group,SNEX,8054785536,66.78,United States
836,Simpson Manufacturing Company,SSD,8003078656,195.27,United States
837,Commercial Metals Company,CMC,7979333120,72.13,United States
838,Rhythm Pharmaceuticals,RYTM,7958226432,116.02,United States
839,Central Bancompany,CBC,7953109504,33.17,United States
840,Axalta,AXTA,7929440768,37.05,United States
841,Builders FirstSource,BLDR,7914795008,73.56,United States
842,Ralliant Corporation,RAL,7904122368,71.44,United States
843,Galaxy Digital Holdings,7LX.F,7887111260,22.3715,United States
844,Avnet,AVT,7873491456,95.99,United States
845,Ryman Hospitality Properties,RHP,7869726208,124.7,United States
846,Twist Bioscience,TWST,7856613376,125.29,United States
847,Molson Coors,TAP,7853439488,42.12,United States
848,Argan,AGX,7835217408,558.89,United States
849,Dropbox,DBX,7812713472,35.93,United States
850,ESCO Technologies,ESE,7793136128,300.81,United States
851,Hanover Insurance Group,THG,7771525120,223.19,United States
852,Morningstar,MORN,7761182720,206.89,United States
853,National Fuel Gas,NFG,7747125760,81.51,United States
854,Hexcel,HXL,7737035776,102.31,United States
855,SM Energy,SM,7711228416,32.42,United States
856,Sprouts Farmers Market,SFM,7709713408,82.68,United States
857,Armstrong World Industries,AWI,7678309376,181.68,United States
858,PJT Partners,PJT,7618935808,178.86,United States
859,10x Genomics,TXG,7576431616,58.15,United States
860,Terex,TEX,7566659584,66.2,United States
861,UGI Corporation,UGI,7563091968,35.26,United States
862,First American Financial Corporation,FAF,7561525760,74.06,United States
863,Navan,NAVN,7556181504,29.71,United States
864,Federal Signal,FSS,7511780864,123.06,United States
865,OneMain Financial,OMF,7511057920,65.29,United States
866,Terreno Realty,TRNO,7501515776,68.84,United States
867,Zeta Global,ZETA,7435022848,29.62,United States
868,Powell Industries,POWL,7433512960,204.04,United States
869,Etsy,ETSY,7404033024,80.67,United States
870,Lamb Weston,LW,7393843712,53.78,United States
871,Conagra Brands,CAG,7365125120,15.39,United States
872,NOV,NOV,7357707776,20.64,United States
873,Chord Energy,CHRD,7354402304,134.455,United States
874,Gap Inc.,GAP,7339970560,20.39,United States
875,TG Therapeutics,TGTX,7338130432,47.94,United States
876,Clearwater Analytics,CWAN,7330872320,24.56,United States
877,GitLab,GTLB,7321814528,43.35,United States
878,MSA Safety,MSA,7321001984,189.77,United States
879,POOLCORP,POOL,7288864256,200.57,United States
880,Silicon Labs,SLAB,7283963904,218.3,United States
881,Celsius Holdings,CELH,7282348544,28.78,United States
882,Air Lease Corporation,AL,7282301440,65.0,United States
883,Macerich,MAC,7272498688,24.65,United States
884,STAG Industrial,STAG,7271857152,36.95,United States
885,Victory Capital,VCTR,7268585984,118.17,United States
886,Kirby Corporation,KEX,7262640128,137.55,United States
887,Aaon,AAON,7228710400,87.67,United States
888,AppFolio,APPF,7224004096,203.97,United States
889,Riot Platforms,RIOT,7208723968,19.21,United States
890,EnerSys,ENS,7195710976,197.38,United States
891,Hamilton Lane,HLNE,7184095744,107.19,United States
892,Fannie Mae,FNMA,7180142592,6.2,United States
893,PACS Group,PACS,7120674816,44.99,United States
894,Arcosa,ACA,7118523392,144.96,United States
895,EnPro Industries,NPO,7115304448,336.14,United States
896,Hinge Health,HNGE,7054305792,87.42,United States
897,Plexus,PLXS,7037220864,264.04,United States
898,Light &amp; Wonder,LNW,7028988928,86.22,United States
899,Chemed,CHE,7020790784,537.17,United States
900,Gates Industrial Corp,GTES,7004692992,27.67,United States
901,Fluor Corporation,FLR,6998670336,52.33,United States
902,Ormat Technologies,ORA,6981132288,113.52,United States
903,AGCO,AGCO,6964655104,99.45,United States
904,MaxLinear,MXL,6951633408,76.65,United States
905,Campbell's,CPB,6942241280,23.28,United States
906,Cleveland-Cliffs,CLF,6932061184,12.15,United States
907,Loar Holdings,LOAR,6932009984,73.99,United States
908,The Mosaic Company,MOS,6923767296,21.78,United States
909,SOLV Energy,MWH,6899105792,32.73,United States
910,Qualys,QLYS,6898307584,195.88,United States
911,Cipher Mining,CIFR,6897810944,16.62,United States
912,AutoNation,AN,6890202624,208.41,United States
913,F.N.B. Corporation,FNB,6880782848,19.33,United States
914,Enact Holdings,ACT,6843936768,49.78,United States
915,The Trade Desk,TTD,6841455616,14.56,United States
916,WEX,WEX,6782581248,199.01,United States
917,MSC Industrial Direct,MSM,6773597184,121.29,United States
918,H&amp;R Block,HRB,6761389568,53.34,United States
919,Duolingo,DUOL,6741901312,144.1,United States
920,Healthcare Realty Trust,HR,6737945600,19.21,United States
921,Arcellx,ACLX,6732325376,115.07,United States
922,Construction Partners,ROAD,6730925056,118.595,United States
923,Essential Properties Realty Trust,EPRT,6730053632,31.04,United States
924,Hims &amp; Hers Health,HIMS,6712427008,28.77,United States
925,StepStone Group,STEP,6707201024,51.96,United States
926,United Bankshares,UBSI,6682589184,49.06,United States
927,Southwest Gas,SWX,6671538688,92.09,United States
928,Taylor Morrison,TMHC,6665396224,72.45,United States
929,Belite Bio,BLTE,6665349120,166.28,United States
930,Brookfield Renewable,BEPC,6657445376,35.87,United States
931,Ingredion,INGR,6628024320,105.1,United States
932,CG Oncology,CGON,6622322176,74.71,United States
933,Sensata Technologies,ST,6610238464,45.42,United States
934,Weatherford International,WFRD,6602228736,92.1,United States
935,Lumen Technologies,LUMN,6593990656,6.4,United States
936,Mercury Systems,MRCY,6592152064,109.79,United States
937,Lantheus Holdings,LNTH,6588593152,100.94,United States
938,Rayonier,RYN,6580879360,21.76,United States
939,Pilgrim's Pride,PPC,6571795456,27.6,United States
940,Installed Building Products,IBP,6540603904,246.08,United States
941,Netskope,NTSK,6539524096,16.19,United States
942,Ingram Micro Holding Corporation,INGM,6534651904,28.33,United States
943,"X-Energy, Inc.",XE,6533936640,22.73,United States
944,Urban Outfitters,URBN,6525392896,76.2,United States
945,Enova International,ENVA,6521381888,261.92,United States
946,Lyft,LYFT,6484394496,17.13,United States
947,VSE Corporation,VSEC,6480201728,230.9,United States
948,Glacier Bancorp,GBCI,6480156160,49.77,United States
949,Cogent Biosciences,COGT,6474216960,37.31,United States
950,Janus Living,JAN,6464071680,29.93,United States
951,Scholar Rock Holding,SRRK,6461926912,53.06,United States
952,Liquidia Corporation,LQDA,6453590528,72.1,United States
953,Eagle Materials,EXP,6405621248,208.82,United States
954,Landstar System,LSTR,6401861120,188.64,United States
955,Matson,MATX,6392162816,213.76,United States
956,National Storage Affiliates Trust,NSA,6391416320,43.41,United States
957,Matador Resources,MTDR,6385717248,51.6,United States
958,LKQ Corporation,LKQ,6375652864,25.2,United States
959,Hancock Whitney,HWC,6367304192,79.37,United States
960,Schneider National,SNDR,6366928384,36.32,United States
961,Core Scientific,CORZ,6356114432,19.78,United States
962,Crocs,CROX,6355599360,132.56,United States
963,GATX,GATX,6328431104,179.25,United States
964,Red Rock Resorts,RRR,6327828480,62.045,United States
965,MGIC Investment,MTG,6326049792,30.84,United States
966,Novanta,NOVT,6325021696,167.25,United States
967,Kodiak Gas Services,KGS,6296330752,62.39,United States
968,BETA Technologies,BETA,6278116864,26.24,United States
969,Aura Minerals,AUGO,6275187200,74.85,United States
970,Floor &amp; Decor,FND,6272259072,58.9,United States
971,Home BancShares,HOMB,6271556096,31.35,United States
972,Magnolia Oil &amp; Gas,MGY,6270844928,25.86,United States
973,Macy's,M,6270824960,23.84,United States
974,Caris Life Sciences,CAI,6267961856,22.18,United States
975,Commvault,CVLT,6262274048,151.1,United States
976,Erasca,ERAS,6246750208,17.86,United States
977,Amdocs,DOX,6227580416,58.66,United States
978,Rigetti Computing,RGTI,6214774272,18.62,United States
979,Sealed Air,SEE,6211799552,42.15,United States
980,Starwood Property Trust,STWD,6209222656,16.35,United States
981,Churchill Downs,CHDN,6202624000,88.99,United States
982,CLEAR Secure,YOU,6201441280,45.67,United States
983,Terns Pharmaceuticals,TERN,6116845568,52.95,United States
984,JBT Marel Corporation,JBTM,6097082368,117.53,United States
985,Credit Acceptance,CACC,6097071104,582.89,United States
986,Atlantic Union Bankshares,AUB,6092483584,42.66,United States
987,RadNet,RDNT,6084084736,77.31,United States
988,Cirrus Logic,CRUS,6075250688,121.22,United States
989,Albertsons,ACI,6073252352,12.4,United States
990,Associated Banc-Corp,ASB,6069170688,32.16,United States
991,Boyd Gaming,BYD,6049290240,83.26,United States
992,Caesars Entertainment,CZR,6042345984,29.66,United States
993,Solaris Energy Infrastructure,SEI,6027518976,59.9,United States
994,Mirum Pharmaceuticals,MIRM,6023115776,98.77,United States
995,Amneal Pharmaceuticals,AMRX,6015072768,17.27,United States
996,PTC Therapeutics,PTCT,6006673920,71.97,United States
997,Ameris Bancorp,ABCB,5998715904,89.39,United States
998,Fervo Energy Company,FRVO,5987185664,20.32,United States
999,Plains GP,PAGP,5939181056,25.49,United States
1000,Flagstar Bank,FLG,5923375104,14.27,United States
1001,Portland General Electric,POR,5919198208,50.33,United States
1002,TXNM Energy,TXNM,5913816064,57.39,United States
1003,Definium Therapeutics,DFTX,5898708992,43.9,United States
1004,Materion,MTRN,5882610176,282.36,United States
1005,Blue Owl Capital Corporation,OBDC,5873327616,11.91,United States
1006,RLI Corp.,RLI,5872554496,63.99,United States
1007,"Mobility Global, Inc.",MBGL,5851379712,19.83,United States
1008,Archrock,AROC,5845775360,33.34,United States
1009,Dolby,DLB,5842122240,62.37,United States
1010,Frontdoor,FTDR,5832507904,84.66,United States
1011,Teleflex,TFX,5820696064,137.37,United States
1012,Nexstar Media Group,NXST,5811985408,188.65,United States
1013,Mercury General,MCY,5811374592,104.92,United States
1014,LandBridge,LB,5797840384,75.28,United States
1015,VF Corporation,VFC,5794803200,14.74,United States
1016,Casella Waste Systems,CWST,5793153536,91.03,United States
1017,Rithm Capital,RITM,5785096704,10.36,United States
1018,Fortune Brands Innovations,FBIN,5781160960,48.43,United States
1019,Cactus Inc,WHD,5776125440,72.04,United States
1020,AAR,AIR,5772715008,143.39,United States
1021,Sonoco,SON,5765033472,58.31,United States
1022,Ligand Pharmaceuticals,LGND,5757802496,288.82,United States
1023,MarketAxess,MKTX,5722364416,162.6,United States
1024,Axos Financial,AX,5719359488,100.81,United States
1025,Travere Therapeutics,TVTX,5712553984,61.43,United States
1026,Phillips Edison &amp; Company,PECO,5707565056,40.43,United States
1027,Rush Street Interactive,RSI,5699042816,24.61,United States
1028,Bank OZK,OZK,5696125440,52.24,United States
1029,RingCentral,RNG,5660047360,67.78,United States
1030,ACM Research,ACMR,5654818816,81.19,United States
1031,Balchem,BCPC,5646872576,177.14,United States
1032,Herc Holdings,HRI,5640219136,168.71,United States
1033,Black Hills,BKH,5638157824,73.94,United States
1034,MiniMed Group,MMED,5622473728,20.02,United States
1035,New Jersey Resources,NJR,5605184512,55.54,United States
1036,Selective Insurance,SIGI,5595844096,93.89,United States
1037,CSW Industrials,CSW,5587525632,342.93,United States
1038,The Cheesecake Factory,CAKE,5567219200,111.88,United States
1039,GXO Logistics,GXO,5563749888,48.36,United States
1040,PriceSmart,PSMT,5549339648,179.82,United States
1041,Reynolds Consumer Products,REYN,5545289728,26.31,United States
1042,Piper Sandler,PIPR,5541963776,78.42,United States
1043,Main Street Capital,MAIN,5538506240,59.23,United States
1044,Sensient Technologies,SXT,5533539328,129.99,United States
1045,Perimeter Solutions,PRM,5530981376,33.79,United States
1046,Wyndham Hotels &amp; Resorts,WH,5514628096,74.31,United States
1047,Pegasystems,PEGA,5505922048,33.49,United States
1048,Kite Realty,KRG,5505619456,26.48,United States
1049,Uranium Energy,UEC,5485570048,11.19,United States
1050,Klaviyo,KVYO,5472460800,19.22,United States
1051,Impinj,PI,5463434240,178.81,United States
1052,ADT,ADT,5457277440,7.47,United States
1053,HASI (HA Sustainable Infrastructure Capita),HASI,5441796608,42.35,United States
1054,e.l.f. Beauty,ELF,5431686144,92.05,United States
1055,Sotera Health,SHC,5427828736,19.02,United States
1056,ACI Worldwide,ACIW,5417257984,53.66,United States
1057,Versant Media Group,VSNT,5415107584,38.91,United States
1058,Granite Construction,GVA,5411044352,123.64,United States
1059,EXL Service,EXLS,5403932160,35.37,United States
1060,Merit Medical,MMSI,5403792896,90.5,United States
1061,EquipmentShare.com,EQPT,5403351040,21.41,United States
1062,Remitly,RELY,5394574848,25.62,United States
1063,Enphase Energy,ENPH,5374731264,40.78,United States
1064,Eastern Bankshares,EBC,5374592000,23.52,United States
1065,Archer Aviation,ACHR,5367086592,6.97,United States
1066,Belden,BDC,5359965184,137.16,United States
1067,SAIC (Science Applications International Corp),SAIC,5354782208,126.66,United States
1068,Icahn Enterprises,IEP,5331863040,7.5,United States
1069,Paymentus,PAY,5313393664,42.19,United States
1070,Alaska Airlines,ALK,5299430912,47.5,United States
1071,Amentum,AMTM,5298454016,21.67,United States
1072,Liberty Broadband,LBRDA,5298410496,36.83,United States
1073,ESAB,ESAB,5291723776,85.12,United States
1074,Middleby,MIDD,5291000320,117.02,United States
1075,Brunswick Corporation,BC,5287470080,81.6,United States
1076,Iridium Communications,IRDM,5274707968,49.78,United States
1077,Varonis Systems,VRNS,5262907392,45.82,United States
1078,Jersey Mike's Subs,JMKE,5255067136,22.57,United States
1079,Apellis Pharmaceuticals,APLS,5252712960,41.03,United States
1080,Acushnet Holdings,GOLF,5250613760,89.9,United States
1081,Outfront Media,OUT,5243546624,29.77,United States
1082,EPAM Systems,EPAM,5238658048,101.55,United States
1083,CNX Resources,CNX,5234245632,35.38,United States
1084,Champion Homes,SKY,5227719680,96.31,United States
1085,Xometry,XMTR,5219076096,94.47,United States
1086,SLM Corporation (Sallie Mae),SLM,5215119872,27.74,United States
1087,Moelis &amp; Company,MC,5213813248,70.38,United States
1088,UniFirst,UNF,5206614016,287.91,United States
1089,Trex,TREX,5203248640,50.08,United States
1090,First National of Nebraska,FINN,5201927680,19250.0,United States
1091,BGC Group,BGC,5201603584,10.94,United States
1092,Louisiana-Pacific,LPX,5184121344,74.14,United States
1093,Vail Resorts,MTN,5181827584,145.42,United States
1094,Laureate Education,LAUR,5149071360,37.38,United States
1095,Sabra Health Care REIT,SBRA,5147574272,20.15,United States
1096,Alliance Laundry Holdings,ALH,5116158976,25.76,United States
1097,Oceaneering International,OII,5110847488,51.35,United States
1098,Vishay Intertechnology,VSH,5110594048,33.32,United States
1099,Bill.com,BILL,5110308352,51.31,United States
1100,MYR Group,MYRG,5095503872,327.28,United States
1101,ONE Gas,OGS,5091986944,81.01,United States
1102,Ondas Holdings,ONDS,5083620864,8.91,United States
1103,Parsons,PSN,5082868736,47.59,United States
1104,CNO Financial Group,CNO,5074797056,54.85,United States
1105,AXT Inc,AXTI,5067025408,77.45,United States
1106,Virtu Financial,VIRT,5050799104,57.2,United States
1107,Gentex,GNTX,5046958592,23.7,United States
1108,First Financial Bankshares,FFIN,5034825728,35.13,United States
1109,UFP Industries,UFPI,5034589184,91.27,United States
1110,Greif,GEF,5034472960,88.56,United States
1111,Millrose Properties,MRP,5021288960,30.24,United States
1112,ServisFirst Bancshares,SFBS,5004174848,91.53,United States
1113,Murphy Oil,MUR,4988229120,34.79,United States
1114,Warrior Met Coal,HCC,4983460864,94.38,United States
1115,Tutor Perini Corporation,TPC,4976718336,94.67,United States
1116,Graham Holdings,GHC,4972779520,1174.23,United States
1117,Global Business Travel Group,GBTG,4941652992,9.46,United States
1118,Cousins Properties,CUZ,4928185856,29.94,United States
1119,TFS Financial,TFSL,4927378944,17.57,United States
1120,Radian Group,RDN,4924209664,36.87,United States
1121,Boot Barn Holdings,BOOT,4920681472,162.48,United States
1122,Spire Inc.,SR,4902225408,82.93,United States
1123,Celanese,CE,4861877248,44.3,United States
1124,ACADIA Pharmaceuticals,ACAD,4859674112,28.38,United States
1125,Dyne Therapeutics,DYN,4847937024,25.96,United States
1126,Avis Budget Group,CAR,4839275008,136.99,United States
1127,Abercrombie &amp; Fitch,ANF,4835058688,108.82,United States
1128,KBR,KBR,4810745344,38.16,United States
1129,Waystar,WAY,4809050112,25.08,United States
1130,Griffon Corporation,GFF,4799881216,105.97,United States
1131,Meritage Homes,MTH,4798116864,73.62,United States
1132,Fastly,FSLY,4782185984,30.02,United States
1133,Federated Hermes,FHI,4744660992,63.55,United States
1134,Doximity,DOCS,4739560960,26.59,United States
1135,EPR Properties,EPR,4726770176,61.7,United States
1136,Brink's,BCO,4718272512,114.55,United States
1137,International Seaways,INSW,4712904192,95.15,United States
1138,Choice Hotels International,CHH,4706551808,104.57,United States
1139,Ollie's Bargain Outlet,OLLI,4696616448,77.69,United States
1140,Fulton Financial,FULT,4694623744,24.52,United States
1141,California Resources Corporation,CRC,4685249536,52.75,United States
1142,Franklin Electric,FELE,4683762688,105.94,United States
1143,UWM Holdings,UWMC,4671565824,1.63,United States
1144,LifeStance Health Group,LFST,4668719616,12.22,United States
1145,Cavco Industries,CVCO,4668235776,607.1,United States
1146,"Box, Inc.",BOX,4660237824,33.64,United States
1147,Kontoor Brands,KTB,4645089280,84.04,United States
1148,Core Natural Resources,CNR,4640493568,93.49,United States
1149,Veradermics,MANE,4637595136,111.0,United States
1150,Tanger Inc.,SKT,4601046528,38.49,United States
1151,Insight Enterprises,NSIT,4596029952,156.6,United States
1152,Century Aluminum,CENX,4592299008,46.39,United States
1153,Travel + Leisure,TNL,4583287296,74.79,United States
1154,ICU Medical,ICUI,4579038720,183.11,United States
1155,Chefs' Warehouse,CHEF,4571201536,112.05,United States
1156,Astronics Corporation,ATRO,4570156032,92.61,United States
1157,International Bancshares Corp,IBOC,4565478912,73.41,United States
1158,Tidewater,TDW,4553690112,91.52,United States
1159,USA Rare Earth,USAR,4553330176,18.61,United States
1160,Nelnet,NNI,4553291776,127.26,United States
1161,Amicus Therapeutics,FOLD,4549870080,14.49,United States
1162,Pattern Group,PTRN,4543498240,22.82,United States
1163,Broadstone Net Lease,BNL,4521924096,21.24,United States
1164,AZZ,AZZ,4518243328,150.35,United States
1165,Bread Financial,BFH,4510640640,111.63,United States
1166,Indivior PLC,INDV,4510481920,38.22,United States
1167,Envista,NVST,4510145536,28.08,United States
1168,CECO Environmental,CECO,4499334656,76.82,United States
1169,Itron,ITRI,4497775104,102.72,United States
1170,Firefly Aerospace,FLY,4481422336,26.77,United States
1171,Concentra Group,CON,4478422528,35.12,United States
1172,Robert Half,RHI,4478413312,43.78,United States
1173,Diodes Incorporated,DIOD,4475765248,97.19,United States
1174,Vontier,VNT,4472416256,33.08,United States
1175,Silgan Holdings,SLGN,4456610304,42.17,United States
1176,Cabot Corporation,CBT,4453379584,86.27,United States
1177,Hagerty,HGTY,4449913856,12.95,United States
1178,BillionToOne,BLLN,4437469184,94.04,United States
1179,United Community Bank,UCB,4432355328,36.76,United States
1180,Brady Corporation,BRC,4426246656,93.95,United States
1181,SL Green Realty,SLG,4421847552,57.63,United States
1182,Axcelis Technologies,ACLS,4416978944,143.03,United States
1183,Tenable,TENB,4414187008,40.03,United States
1184,Cohen &amp; Steers,CNS,4404254208,85.65,United States
1185,Neptune Insurance Holdings,NP,4401064960,32.07,United States
1186,NorthWestern Energy,NWE,4399756288,71.52,United States
1187,Texas Capital Bancshares,TCBI,4383520768,100.83,United States
1188,Sezzle,SEZL,4373373952,129.87,United States
1189,Relay Therapeutics,RLAY,4367492608,19.93,United States
1190,Cinemark Theatres,CNK,4365240320,37.66,United States
1191,Parabilis Medicines,PBLS,4362884608,35.67,United States
1192,Korn Ferry,KFY,4356540928,84.83,United States
1193,MIAX (Miami International Holdings),MIAX,4356236288,43.9,United States
1194,Primoris Services Corporation,PRIM,4353420288,80.87,United States
1195,Kilroy Realty,KRC,4345374208,37.0,United States
1196,CommScope,COMM,4337923584,19.58,United States
1197,Americold,COLD,4337124864,15.12,United States
1198,OPENLANE Corporate,OPLN,4334750208,35.3,United States
1199,SiteOne Landscape Supply,SITE,4331572224,97.76,United States
1200,Tango Therapeutics,TNGX,4324855808,25.65,United States
1201,COPT Defense Properties,CDP,4318681088,37.28,United States
1202,Victoria's Secret &amp; Co,VSCO,4312813568,54.3,United States
1203,Cathay General Bancorp,CATY,4310380032,64.61,United States
1204,Valvoline,VVV,4309051904,33.77,United States
1205,Helmerich &amp; Payne,HP,4304370176,43.07,United States
1206,SkyWest,SKYW,4297587712,108.36,United States
1207,"Calumet, Inc.",CLMT,4288554752,48.79,United States
1208,MDU Resources,MDU,4267990528,20.29,United States
1209,Dave Inc.,DAVE,4257405440,333.77,United States
1210,Enliven Therapeutics,ELVN,4254100480,58.06,United States
1211,Mattel,MAT,4251216128,14.88,United States
1212,Integer Holdings,ITGR,4246392320,125.06,United States
1213,FTI Consulting,FCN,4235891968,153.41,United States
1214,Avient,AVNT,4230105600,46.12,United States
1215,Webull,BULL,4227958272,7.95,United States
1216,Fermi Inc.,FRMI,4211350016,6.6,United States
1217,Synaptics,SYNA,4196570368,107.31,United States
1218,CCC Intelligent Solutions,CCC,4193641984,7.12,United States
1219,Delek US,DK,4182157824,68.3,United States
1220,Universal Display Corporation,OLED,4181143296,90.96,United States
1221,Marriott Vacations Worldwide,VAC,4172496128,121.31,United States
1222,WSFS Financial,WSFS,4166949632,81.56,United States
1223,WillScot,WSC,4165580032,22.99,United States
1224,UCT (Ultra Clean Holdings),UCTT,4165002240,92.91,United States
1225,Workiva,WK,4138801152,73.75,United States
1226,Patterson-UTI Energy,PTEN,4137832448,10.9,United States
1227,Q2,QTWO,4129127936,66.22,United States
1228,PennyMac Financial Services,PFSI,4126989312,79.48,United States
1229,Par Pacific Holdings,PARR,4115183360,82.14,United States
1230,Haemonetics,HAE,4112023552,90.38,United States
1231,Independence Realty Trust,IRT,4108157440,17.0,United States
1232,Thor Industries,THO,4106285312,78.88,United States
1233,Lemonade,LMND,4100472576,52.98,United States
1234,WesBanco,WSBC,4095181568,42.7,United States
1235,Life360,LIF,4094388480,50.25,United States
1236,CVB Financial,CVBF,4076100608,23.16,United States
1237,Seaboard Corporation,SEB,4075024896,4254.59,United States
1238,Bel Fuse,BELFB,4067836672,286.01,United States
1239,Atmus Filtration Technologies,ATMU,4062641408,49.79,United States
1240,iRhythm,IRTC,4059723776,123.16,United States
1241,Independent Bank Corp.,INDB,4050057984,85.5,United States
1242,Howard Hughes Holdings,HHH,4043711232,67.71,United States
1243,NuScale Power,SMR,4042337024,9.85,United States
1244,Excelerate Energy,EE,4037114624,35.6,United States
1245,Telephone and Data Systems,TDS,4033664768,35.04,United States
1246,Aehr Test Systems,AEHR,4022101504,123.3,United States
1247,Renasant Corp,RNST,4004429568,43.81,United States
1248,Tri Pointe Homes,TPH,3998444288,46.95,United States
1249,Geo Group,GEO,3997286912,30.37,United States
1250,Comstock Resources,CRK,3987366912,13.58,United States
1251,Madison Square Garden Entertainment,MSGE,3987357952,84.29,United States
1252,Mueller Water Products,MWA,3982766080,25.51,United States
1253,Standex International,SXI,3971028992,327.78,United States
1254,Denali Therapeutics,DNLI,3967412736,24.82,United States
1255,Dorman Products,DORM,3949231360,133.08,United States
1256,Legend Biotech,LEGN,3927706880,20.27,United States
1257,Kadant,KAI,3908955136,331.03,United States
1258,Polaris,PII,3905857792,68.64,United States
1259,M/I Homes,MHO,3900160256,154.26,United States
1260,Otter Tail,OTTR,3899201024,92.87,United States
1261,St. Joe Company,JOE,3891196416,68.35,United States
1262,Structure Therapeutics,GPCR,3887775744,54.7,United States
1263,BancFirst,BANF,3885273344,115.68,United States
1264,Mirion Technologies,MIR,3884987392,15.6,United States
1265,Cal-Maine Foods,CALM,3874881536,82.59,United States
1266,Catalyst Pharmaceuticals,CPRX,3854925568,31.49,United States
1267,Bright Horizons,BFAM,3853438976,73.25,United States
1268,RXO,RXO,3846077184,23.32,United States
1269,Viking Therapeutics,VKTX,3842547456,32.94,United States
1270,Centrus Energy,LEU,3827357440,191.82,United States
1271,First Advantage,FA,3812932096,22.2,United States
1272,Mechanics Bancorp,MCHB,3790822144,17.12,United States
1273,Shift4 Payments,FOUR,3790085632,48.0,United States
1274,QuantumScape,QS,3789293568,6.16,United States
1275,Grand Canyon Education,LOPE,3787510272,145.31,United States
1276,Badger Meter,BMI,3780754432,130.43,United States
1277,Asbury Automotive Group,ABG,3780314624,210.58,United States
1278,USA Compression Partners,USAC,3777223424,26.06,United States
1279,Genworth Financial,GNW,3774731776,9.99,United States
1280,The Vita Coco Company,COCO,3773321216,65.21,United States
1281,OSI Systems,OSIS,3767329280,228.56,United States
1282,PVH Corp.,PVH,3765187072,81.66,United States
1283,Bath &amp; Body Works,BBWI,3755096320,18.63,United States
1284,Park National Corp,PRK,3750300160,207.61,United States
1285,Apple Hospitality REIT,APLE,3746632448,15.87,United States
1286,"GPGI, Inc.",GPGI,3745379840,12.92,United States
1287,Knife River Corporation,KNF,3741214208,65.92,United States
1288,Newmark,NMRK,3741209856,15.3,United States
1289,Rumble,RUM,3738408960,7.54,United States
1290,Nicolet Bankshares,NIC,3733790464,178.16,United States
1291,Planet Fitness,PLNT,3724196864,49.1,United States
1292,First Interstate BancSystem,FIBK,3701630976,38.84,United States
1293,Interparfums,IPAR,3698337280,115.48,United States
1294,Arcus Biosciences,RCUS,3674841344,28.86,United States
1295,Post Holdings,POST,3650280960,80.54,United States
1296,Energy Fuels,UUUU,3644489472,14.58,United States
1297,Atlanta Braves Holdings,BATRA,3637677824,56.69,United States
1298,National Energy Services Reunited,NESR,3620416768,35.9,United States
1299,Option Care Health,OPCH,3605330944,24.07,United States
1300,First Financial Bank,FFBC,3604633600,34.34,United States
1301,Organon,OGN,3603001600,13.72,United States
1302,Ambarella,AMBA,3595436288,81.96,United States
1303,ScottsMiracle-Gro,SMG,3593355264,61.72,United States
1304,LXP Industrial Trust,LXP,3581653760,60.75,United States
1305,Adtalem Global Education,ATGE,3579815168,98.54,United States
1306,CVR Energy,CVI,3578889216,35.6,United States
1307,Highwoods Properties,HIW,3573918976,31.82,United States
1308,HNI Corporation,HNI,3562893568,49.36,United States
1309,IPG Photonics,IPGP,3562717184,83.94,United States
1310,MARA Holdings,MARA,3557816576,9.21,United States
1311,Freddie Mac,FMCC,3549325312,5.46,United States
1312,"Csquare, Inc.",CSQR,3542223104,22.85,United States
1313,IDEAYA Biosciences,IDYA,3531359744,36.68,United States
1314,Magnite,MGNI,3525365760,24.58,United States
1315,Opendoor,OPEN,3521288704,3.65,United States
1316,American States Water,AWR,3516869120,88.73,United States
1317,Freshworks,FRSH,3505185536,12.68,United States
1318,Graphic Packaging,GPK,3503306752,11.84,United States
1319,National Health Investors,NHI,3500100352,71.27,United States
1320,TowneBank,TOWN,3496902144,37.83,United States
1321,Freshpet,FRPT,3495263744,72.73,United States
1322,FS KKR Capital,FSK,3492941312,12.64,United States
1323,Hilton Grand Vacations,HGV,3490591232,44.91,United States
1324,Lionsgate Studios,LION,3487399424,11.72,United States
1325,Power Integrations,POWI,3481465088,62.31,United States
1326,Golub Capital,GBDC,3479331072,13.4,United States
1327,Seacoast Banking,SBCF,3478850304,35.93,United States
1328,Stride (K12 Education),LRN,3477312000,83.67,United States
1329,NCR Atleos Corporation,NATL,3471677952,46.98,United States
1330,Steve Madden,SHOO,3464935424,47.35,United States
1331,Advance Auto Parts,AAP,3460483328,57.36,United States
1332,Simmons First National,SFNC,3459660288,23.94,United States
1333,Community Financial System,CBU,3455286272,65.67,United States
1334,KB Home,KBH,3453577216,56.33,United States
1335,Liberty Energy,LBRT,3446603008,21.12,United States
1336,YETI Holdings,YETI,3444730880,45.47,United States
1337,National Healthcare,NHC,3443001088,219.84,United States
1338,WisdomTree,WT,3439325184,22.7,United States
1339,Curbline Properties,CURB,3426831360,30.05,United States
1340,Veracyte,VCYT,3424644864,42.6,United States
1341,Brighthouse Financial,BHF,3424238592,59.54,United States
1342,NMI Holdings,NMIH,3417899008,45.44,United States
1343,"Atlanta Braves Holdings, Inc.",BATRK,3411165440,53.16,United States
1344,AllianceBernstein,AB,3409281280,36.59,United States
1345,BankUnited,BKU,3407038464,47.83,United States
1346,Restoration Hardware,RH,3398392064,179.56,United States
1347,First Hawaiian Bank,FHB,3390022400,27.86,United States
1348,CarGurus,CARG,3379447808,37.94,United States
1349,Palomar Holdings,PLMR,3373664000,128.19,United States
1350,Cushman &amp; Wakefield,CWK,3372836096,14.37,United States
1351,United States Lime &amp; Minerals,USLM,3368014080,117.4,United States
1352,Braze,BRZE,3364308224,29.87,United States
1353,Ashland,ASH,3358943488,73.35,United States
1354,Celldex Therapeutics,CLDX,3346143488,42.61,United States
1355,Liftoff Mobile,LFTO,3339599360,20.06,United States
1356,Ethos Technologies,LIFE,3335178240,34.8,United States
1357,SoundHound AI,SOUN,3321941760,7.48,United States
1358,Acadian Asset Management,AAMI,3306260480,93.16,United States
1359,Redwire,RDW,3299902464,13.2,United States
1360,NextNav,NN,3293481216,19.51,United States
1361,ArcBest,ARCB,3279837696,146.74,United States
1362,Veeco,VECO,3275326208,53.58,United States
1363,Chesapeake Utilities,CPK,3262809088,135.35,United States
1364,Dana Incorporated,DAN,3262800640,30.33,United States
1365,Provident Financial Services,PFS,3261869568,25.01,United States
1366,Ouster,OUST,3254429696,45.13,United States
1367,CorVel Corporation,CRVL,3254277376,64.42,United States
1368,Agilysys,AGYS,3249306624,115.2,United States
1369,Arcutis Biotherapeutics,ARQT,3246623232,25.83,United States
1370,"Hayward Holdings, Inc.",HAYW,3243308544,15.29,United States
1371,Exponent,EXPO,3243118336,68.21,United States
1372,Tegna,TGNA,3243011584,20.03,United States
1373,Avista,AVA,3237047040,38.65,United States
1374,H.B. Fuller,FUL,3235312896,60.15,United States
1375,Digi International,DGII,3230903296,85.14,United States
1376,PotlatchDeltic,PCH,3230610432,41.73,United States
1377,MBX Biosciences,MBX,3230579200,67.08,United States
1378,Knowles,KN,3228510208,37.8,United States
1379,Dynex Capital,DX,3221532928,13.02,United States
1380,The Marzetti Company,MZTI,3219935744,117.42,United States
1381,TriNet,TNET,3218381056,70.11,United States
1382,Plug Power,PLUG,3213549056,2.3,United States
1383,Pulse Biosciences,PLSE,3203811328,44.92,United States
1384,Alliance Resource Partners,ARLP,3201030912,24.88,United States
1385,Warby Parker,WRBY,3198976512,25.88,United States
1386,Atkore,ATKR,3168878592,93.83,United States
1387,Hercules Capital,HTGC,3168686592,16.93,United States
1388,Adeia,ADEA,3163937536,28.69,United States
1389,Intapp,INTA,3161066496,41.02,United States
1390,Extreme Networks,EXTR,3155744768,24.05,United States
1391,Shake Shack,SHAK,3154659328,73.64,United States
1392,Bank of Hawaii,BOH,3150508544,79.86,United States
1393,IAC Inc.,IAC,3142127872,42.24,United States
1394,Group 1 Automotive,GPI,3135664640,263.01,United States
1395,CoreCivic,CXW,3125034240,31.6,United States
1396,Penguin Solutions,PENG,3120680448,60.9,United States
1397,Alumis,ALMS,3112079360,24.41,United States
1398,Banc of California,BANC,3110030080,19.63,United States
1399,California Water Service Group,CWT,3103704320,50.19,United States
1400,Wingstop Restaurants,WING,3102926080,113.9,United States
1401,FB Financial,FBK,3102642688,62.08,United States
1402,Resideo Technologies,REZI,3098181120,20.46,United States
1403,TransMedics Group,TMDX,3098040064,89.64,United States
1404,Perpetua Resources,PPTA,3096089088,24.75,United States
1405,WD-40 Company,WDFC,3088194304,230.1,United States
1406,Disc Medicine,IRON,3071811584,80.01,United States
1407,MGE Energy,MGEE,3060505088,81.0,United States
1408,Black Stone Minerals,BSM,3055740416,14.38,United States
1409,Gulfport Energy,GPOR,3055557376,170.04,United States
1410,GRAIL,GRAL,3048023552,68.24,United States
1411,Green Brick Partners,GRBK,3039565824,70.67,United States
1412,Acadia Realty Trust,AKR,3038328064,20.84,United States
1413,Kyndryl,KD,3036386304,13.94,United States
1414,Academy Sports + Outdoors,ASO,3034558976,48.93,United States
1415,Artisan Partners,APAM,3030127616,42.68,United States
1416,Urban Edge Properties,UE,3027740160,21.99,United States
1417,Park Hotels &amp; Resorts,PK,3026115072,15.03,United States
1418,Tootsie Roll Industries,TR,3024561408,40.24,United States
1419,Tarsus Pharmaceuticals,TARS,3022660608,68.88,United States
1420,Fluence Energy,FLNC,3005463296,13.22,United States
1421,Ducommun,DCO,3005308928,199.03,United States
1422,Immunome,IMNM,3000721152,26.42,United States
1423,Brookdale Senior Living,BKD,2997156608,12.55,United States
1424,DXP Enterprises,DXPE,2996361472,193.1,United States
1425,Kaiser Aluminum,KALU,2987796480,182.75,United States
1426,Baldwin Insurance Group,BWIN,2987470080,30.85,United States
1427,Callaway Golf Company,CALY,2965999872,16.5,United States
1428,Ionic Digital,IOND,2964814336,66.0,United States
1429,Upstart,UPST,2964187136,30.97,United States
1430,CBIZ,CBZ,2963382272,54.6,United States
1431,Crane NXT,CXT,2960377856,51.43,United States
1432,CleanSpark,CLSK,2958532864,11.52,United States
1433,Columbia Sportswear,COLM,2958454528,57.79,United States
1434,Iovance Biotherapeutics,IOVA,2953373696,6.52,United States
1435,Quaker Houghton,KWR,2949916160,171.43,United States
1436,DNOW Inc.,DNOW,2948617728,16.31,United States
1437,McGrath RentCorp,MGRC,2942803968,120.48,United States
1438,DigitalBridge Group,DBRG,2941449728,15.91,United States
1439,United Natural Foods,UNFI,2940019968,48.58,United States
1440,Peabody Energy,BTU,2936571136,24.09,United States
1441,Boise Cascade,BCC,2935409408,84.13,United States
1442,Maximus,MMS,2935176448,56.06,United States
1443,National Beverage,FIZZ,2932867328,31.33,United States
1444,AvePoint,AVPT,2909024512,13.75,United States
1445,Select Water Solutions,WTTR,2907486720,20.37,United States
1446,nLIGHT,LASR,2904701184,50.35,United States
1447,Harley-Davidson,HOG,2898419200,27.85,United States
1448,Titan America,TTAM,2896334336,15.71,United States
1449,Benchmark Electronics,BHE,2891195136,80.49,United States
1450,NETSCOUT,NTCT,2887934464,39.72,United States
1451,StubHub Holdings,STUB,2883358464,7.68,United States
1452,Visteon,VC,2862800128,107.245,United States
1453,SPS Commerce,SPSC,2857334016,79.37,United States
1454,Worthington Enterprises,WOR,2846025728,58.16,United States
1455,BKV Corporation,BKV,2836628736,25.92,United States
1456,Euronet Worldwide,EEFT,2826314496,74.23,United States
1457,Nurix Therapeutics,NRIX,2821824000,27.19,United States
1458,Customers Bancorp,CUBI,2821012480,83.4,United States
1459,"The Bancorp, Inc.",TBBK,2820000000,69.14,United States
1460,ABM Industries,ABM,2818914048,48.12,United States
1461,Intuitive Machines,LUNR,2817542400,17.56,United States
1462,Acadia Healthcare,ACHC,2815352320,30.24,United States
1463,WaFd Bank,WAFD,2806559488,37.95,United States
1464,Trustmark,TRMK,2803647232,48.28,United States
1465,Whirlpool,WHR,2793793280,42.85,United States
1466,Alignment Healthcare,ALHC,2792077056,13.46,United States
1467,NBT Bancorp,NBTB,2786188032,53.57,United States
1468,Central Garden &amp; Pet,CENT,2781615104,44.44,United States
1469,Delek Logistics Partners,DKL,2780697088,52.3,United States
1470,Privia Health Group,PRVA,2779496448,21.76,United States
1471,Patrick Industries,PATK,2776945152,86.46,United States
1472,Soleno Therapeutics,SLNO,2762888960,53.01,United States
1473,Cohu,COHU,2761724160,58.34,United States
1474,Four Corners Property Trust,FCPT,2761289728,25.16,United States
1475,ManpowerGroup,MAN,2748119040,59.09,United States
1476,Supernus Pharmaceuticals,SUPN,2740688640,47.15,United States
1477,Alarm.com,ALRM,2738743808,55.79,United States
1478,Beam Therapeutics,BEAM,2738156032,26.51,United States
1479,Grindr,GRND,2737674752,15.75,United States
1480,First Bancorp,FBNC,2736077056,66.13,United States
1481,American Eagle Outfitters,AEO,2731444992,16.3,United States
1482,First Merchants Corporation,FRME,2723697664,43.37,United States
1483,Beacon Financial Corporation,BBT,2712288768,32.36,United States
1484,PHINIA,PHIN,2700960000,73.72,United States
1485,HeartFlow,HTFL,2674328320,31.01,United States
1486,Helios Technologies,HLIO,2673609728,81.14,United States
1487,Hawkins,HWKN,2673058560,128.05,United States
1488,Ichor Systems,ICHR,2666366464,71.19,United States
1489,Infleqtion,INFQ,2657638144,12.18,United States
1490,Appian,APPN,2650937344,37.01,United States
1491,H2O America,HTO,2649117184,63.29,United States
1492,Stock Yards Bancorp,SYBT,2640158720,84.98,United States
1493,John Wiley &amp; Sons,WLY,2630401536,51.82,United States
1494,Newell Brands,NWL,2627803136,6.17,United States
1495,Voyager Technologies,VOYG,2624127744,44.28,United States
1496,InvenTrust Properties,IVT,2616956160,33.56,United States
1497,Northern Oil and Gas,NOG,2605126144,24.45,United States
1498,LCI Industries,LCII,2604734976,107.14,United States
1499,Ultragenyx Pharmaceutical,RARE,2600774400,26.38,United States
1500,Neogen,NEOG,2592686080,11.89,United States
1501,Ingevity,NGVT,2589688832,75.33,United States
1502,Trevi Therapeutics,TRVI,2585936384,18.15,United States
1503,Axogen,AXGN,2583240704,48.05,United States
1504,Talos Energy,TALO,2579616512,15.45,United States
1505,First Busey,BUSE,2575575552,31.19,United States
1506,Teradata,TDC,2569590016,27.63,United States
1507,Nektar Therapeutics,NKTR,2565035520,75.92,United States
1508,V2X,VVX,2547437056,81.27,United States
1509,Hub Group,HUBG,2547043840,41.65,United States
1510,Curaleaf,CURLF,2544803072,9.61,United States
1511,Merchants Bancorp,MBIN,2542524672,55.35,United States
1512,Bob's Discount Furniture,BOBS,2539249920,19.43,United States
1513,PENN Entertainment,PENN,2530884608,18.85,United States
1514,Five9,FIVN,2525655296,33.8,United States
1515,Diamondrock Hospitality Company,DRH,2524232192,12.29,United States
1516,Slide Insurance,SLDE,2521965056,21.59,United States
1517,Hemab Therapeutics Holdings,COAG,2519756800,53.95,United States
1518,Federal Agricultural Mortgage Corporation,AGM,2514254592,231.66,United States
1519,Lucid Motors,LCID,2513253888,6.44,United States
1520,Calix,CALX,2508485376,39.84,United States
1521,Medical Properties Trust,MPT,2508239872,4.2,United States
1522,BioCryst Pharmaceuticals,BCRX,2506799360,9.81,United States
1523,Sonic Automotive,SAH,2505156864,79.24,United States
1524,Amylyx Pharmaceuticals,AMLX,2504790016,22.48,United States
1525,Banner Bank,BANR,2504347904,73.69,United States
1526,Kodiak Sciences,KOD,2501885952,39.98,United States
1527,SELLAS Life Sciences,SLS,2496048896,12.36,United States
1528,Viridian Therapeutics,VRDN,2491297024,21.99,United States
1529,Kayne Anderson Capital Advisors,KYN,2486152704,14.7,United States
1530,UFP Technologies,UFPT,2477568256,319.86,United States
1531,Hycroft Mining,HYMC,2475837184,26.57,United States
1532,Huron Consulting,HURN,2470993152,155.31,United States
1533,FIGS,FIGS,2465521152,14.84,United States
1534,Aveanna Healthcare,AVAH,2458456320,11.29,United States
1535,Rogers Corporation,ROG,2457922048,137.71,United States
1536,Diebold Nixdorf,DBD,2452301568,72.24,United States
1537,CareDx,CDNA,2451167488,47.38,United States
1538,Blackstone Mortgage Trust,BXMT,2443881984,14.5,United States
1539,Peloton,PTON,2440127232,5.56,United States
1540,Atrium Therapeutics,RNA,2438628096,15.47,United States
1541,Prestige Consumer Healthcare,PBH,2431139584,51.32,United States
1542,Coty,COTY,2421282816,2.75,United States
1543,Payoneer,PAYO,2419395072,7.14,United States
1544,Goosehead Insurance,GSHD,2408767488,67.4,United States
1545,Enterprise Financial Services Corp,EFSC,2404992768,66.45,United States
1546,Skyward Specialty Insurance Group,SKWD,2391229952,58.98,United States
1547,Douglas Emmett,DEI,2390848000,11.89,United States
1548,HawkEye 360,HAWK,2387284480,24.37,United States
1549,Clover Health Investments,CLOV,2384891392,4.49,United States
1550,Uniti,UNIT,2376279040,9.79,United States
1551,Sunrun,RUN,2374750976,9.86,United States
1552,ARMOUR Residential REIT,ARR,2366766848,16.72,United States
1553,Allegiant Travel Company,ALGT,2363348992,86.45,United States
1554,GeneDx Holdings,WGS,2360454144,79.15,United States
1555,Butterfly Network,BFLY,2359286528,8.86,United States
1556,AMC Entertainment,AMC,2347550208,2.63,United States
1557,UroGen Pharma,URGN,2344488192,48.12,United States
1558,Asana,ASAN,2342775808,9.87,United States
1559,Western Union,WU,2335973376,7.49,United States
1560,Mister Car Wash,MCW,2335151104,7.1,United States
1561,Trinity Industries,TRN,2335112704,29.31,United States
1562,Custom Truck One Source,CTOS,2334206976,10.26,United States
1563,Sunshine Silver Mining & Refining Company,SSMR,2334120192,16.24,United States
1564,Centuri Holdings,CTRI,2331236864,23.09,United States
1565,Kailera Therapeutics,KLRA,2328293888,17.97,United States
1566,ePlus,PLUS,2320168448,88.72,United States
1567,HCI Group,HCI,2317858304,186.34,United States
1568,Kennametal,KMT,2315262976,30.38,United States
1569,Precigen,PGEN,2313756160,6.49,United States
1570,Innospec,IOSP,2313348096,93.92,United States
1571,Northwest Bancshares,NWBI,2312589568,15.79,United States
1572,Buckle,BKE,2309040640,44.82,United States
1573,Dentsply Sirona,XRAY,2308517888,11.58,United States
1574,Werner Enterprises,WERN,2307480064,38.49,United States
1575,Trump Media &amp; Technology Group,DJT,2306912768,8.3,United States
1576,LiveRamp,RAMP,2305345792,37.92,United States
1577,CSG International,CSGS,2300464128,80.69,United States
1578,Mineralys Therapeutics,MLYS,2300054784,26.09,United States
1579,Chemours,CC,2296614656,15.26,United States
1580,Alamar Biosciences,ALMR,2284409856,32.92,United States
1581,Pitney Bowes,PBI,2282551808,16.65,United States
1582,Vericel,VCEL,2280742656,44.54,United States
1583,Hilltop Holdings,HTH,2279426560,39.79,United States
1584,Stagwell,STGW,2276066560,9.31,United States
1585,Rapport Therapeutics,RAPP,2272251648,47.36,United States
1586,Minerals Technologies,MTX,2264928768,72.76,United States
1587,nCino,NCNO,2263364096,20.66,United States
1588,OFG Bancorp,OFG,2262894592,53.54,United States
1589,Lindblad Expeditions,LIND,2262566912,34.48,United States
1590,Palvella Therapeutics,PVLA,2255636224,156.55,United States
1591,Under Armour,UA,2250818560,5.24,United States
1592,Biohaven,BHVN,2243000064,14.85,United States
1593,Harmony Biosciences,HRMY,2242100992,38.5,United States
1594,"Interface, Inc.",TILE,2238611712,38.73,United States
1595,Quantinuum Inc.,QNT,2229901824,71.1,United States
1596,Trulieve Cannabis,TRUL.CN,2227958461,11.5854,United States
1597,P3 Health Partners,PIII,2226077440,10.955,United States
1598,Kohl's,KSS,2224908032,19.62,United States
1599,Day One Biopharmaceuticals,DAWN,2224784640,21.53,United States
1600,Alkami Technology,ALKT,2222254592,20.78,United States
1601,Flywire,FLYW,2219218432,18.24,United States
1602,"The Andersons, Inc.",ANDE,2218281216,65.14,United States
1603,Ocular Therapeutix,OCUL,2218120448,10.1,United States
1604,LendingClub,LC,2215891200,19.21,United States
1605,AtriCure,ATRC,2212175360,43.49,United States
1606,Protolabs,PRLB,2208469504,92.32,United States
1607,Monarch Casino &amp; Resort,MCRI,2200706304,122.79,United States
1608,Addus HomeCare,ADUS,2194790912,117.59,United States
1609,Jetblue Airways,JBLU,2188410880,5.8,United States
1610,Preformed Line Products,PLPC,2187155968,447.39,United States
1611,First Commonwealth Financial Corp,FCF,2185839616,21.63,United States
1612,Olin Corporation,OLN,2172506112,19.06,United States
1613,Mach Natural Resources LP,MNR,2165086464,12.98,United States
1614,Innovex International,INVX,2149071616,30.78,United States
1615,Encore Capital Group,ECPG,2148296704,101.29,United States
1616,Vertex,VERX,2144074240,13.25,United States
1617,Pediatrix Medical Group,MD,2142648832,26.37,United States
1618,Nuvation Bio,NUVB,2141851648,6.1,United States
1619,Maravai LifeSciences,MRVI,2140667520,5.78,United States
1620,NW Natural Holdings,NWN,2138772608,50.81,United States
1621,NeoGenomics,NEO,2134170880,16.39,United States
1622,1st Source,SRCE,2133225856,88.63,United States
1623,PDF Solutions,PDFS,2126140288,50.35,United States
1624,Driven Brands,DRVN,2121333632,12.86,United States
1625,American Axle &amp; Manufacturing,AXL,2121012480,9.0,United States
1626,NGL Energy Partners,NGL,2117224320,17.1,United States
1627,Expro Group,XPRO,2114836736,18.65,United States
1628,Gorman-Rupp,GRC,2110706688,79.92,United States
1629,ADMA Biologics,ADMA,2107695744,9.41,United States
1630,Septerna,SEPN,2106997376,45.14,United States
1631,Horace Mann Educators,HMN,2101194880,51.88,United States
1632,LTC Properties,LTC,2100699904,38.97,United States
1633,Blackbaud,BLKB,2097476352,46.21,United States
1634,Spectrum Brands,SPB,2085470720,90.69,United States
1635,Vera Therapeutics,VERA,2081909760,28.89,United States
1636,City Holding Company,CHCO,2078402688,147.98,United States
1637,Stewart Information Services,STC,2061160576,67.69,United States
1638,Insperity,NSP,2053759744,53.77,United States
1639,Getty Realty,GTY,2050591744,33.11,United States
1640,Blue Bird Corporation,BLBD,2048489472,64.67,United States
1641,Pebblebrook Hotel Trust,PEB,2047747840,18.21,United States
1642,Select Medical Holdings,SEM,2046298112,16.51,United States
1643,Keel Infrastructure,KEEL,2044167168,3.31,United States
1644,PC Connection,CNXN,2043528960,80.97,United States
1645,Hawaiian Electric Industries,HE,2043372288,11.83,United States
1646,United Parks &amp; Resorts,PRKS,2042625920,45.05,United States
1647,DoubleVerify,DV,2041073792,13.3,United States
1648,Century Communities,CCS,2040324864,71.76,United States
1649,Innodata,INOD,2028877440,62.13,United States
1650,Sunstone Hotel Investors,SHO,2024929536,10.89,United States
1651,Stoke Therapeutics,STOK,2020316544,31.31,United States
1652,Quantum Computing,QUBT,2019014016,8.92,United States
1653,Thermon Group,THR,2013932928,61.14,United States
1654,Netstreit,NTST,2013035520,20.61,United States
1655,Live Oak Bank,LOB,2005932160,43.34,United States
1656,Stellar Bancorp,STEL,2002201728,39.32,United States
1657,Agios Pharmaceuticals,AGIO,1998221952,33.47,United States
1658,Perdoceo Education,PRDO,1994956544,31.88,United States
1659,Alamo Group,ALG,1990926464,163.58,United States
1660,Surgery Partners,SGRY,1988648192,15.19,United States
1661,Progyny,PGNY,1986456832,25.89,United States
1662,Photronics,PLAB,1974104576,33.48,United States
1663,Alpha Metallurgical Resources,AMR,1972859520,155.6,United States
1664,Evertec,EVTC,1970618624,31.98,United States
1665,Sonos,SONO,1962497024,16.59,United States
1666,A10 Networks,ATEN,1960443648,27.0,United States
1667,Dorian LPG,LPG,1952173696,45.63,United States
1668,"Kardigan, Inc.",KARD,1948486144,21.81,United States
1669,Midera Food Processing,MFP,1947844480,43.08,United States
1670,Sarepta Therapeutics,SRPT,1945649792,18.42,United States
1671,Veris Residential,VRE,1943780352,18.99,United States
1672,Standard Nuclear,STDN,1942543104,12.09,United States
1673,Worthington Steel,WS,1938067456,38.04,United States
1674,National Bank Holdings,NBHC,1937470336,43.5,United States
1675,Generate Biomedicines,GENB,1929137024,15.03,United States
1676,Boston Beer Company,SAM,1924820608,184.84,United States
1677,Republic Bank,RBCAA,1923754240,97.98,United States
1678,Porch Group,PRCH,1923026176,16.94,United States
1679,German American Bancorp,GABC,1920547840,51.11,United States
1680,Genesis Energy  L.P.,GEL,1919986944,15.71,United States
1681,Ziff Davis,ZD,1916997760,55.91,United States
1682,Taysha Gene Therapies,TSHA,1915967488,5.99,United States
1683,Global Net Lease,GNL,1902589568,9.02,United States
1684,Enerpac Tool Group,EPAC,1902458368,36.91,United States
1685,World Kinect,WKC,1898748032,37.12,United States
1686,SmartStop Self Storage REIT,SMA,1895277568,34.23,United States
1687,MasterBrand,MBC,1890426752,9.29,United States
1688,Sonida Senior Living,SNDA,1884922752,39.23,United States
1689,Xenia Hotels &amp; Resorts,XHR,1884583680,19.05,United States
1690,OceanFirst Financial,OCFC,1882648704,19.48,United States
1691,Astrana Health,ASTH,1874549120,37.79,United States
1692,Triumph Financial,TFIN,1874048512,78.43,United States
1693,LeMaitre Vascular,LMAT,1873678208,81.93,United States
1694,Strategic Education,STRA,1865483264,82.07,United States
1695,Allient,ALNT,1864835584,109.68,United States
1696,TriCo Bancshares,TCBK,1855662848,58.05,United States
1697,Hope Bancorp,HOPE,1852256640,14.5,United States
1698,Zenas BioPharma,ZBIO,1843494656,29.2,United States
1699,Braveheart Bio,BRVE,1834854144,25.97,United States
1700,Progress Software,PRGS,1834508928,44.73,United States
1701,BlackLine,BL,1822808576,31.36,United States
1702,Sixth Street Specialty Lending,TSLX,1821525760,19.17,United States
1703,Dime Community Bancshares,DCOM,1819251840,41.2,United States
1704,S&amp;T Bancorp,STBA,1818288768,51.56,United States
1705,Albany International,AIN,1817269504,64.09,United States
1706,Semrush,SEMR,1814168832,12.0,United States
1707,Huntsman Corporation,HUN,1809907328,10.32,United States
1708,NextDecade Corp,NEXT,1804737280,6.78,United States
1709,Ellington Financial,EFC,1796507008,13.68,United States
1710,Anterix,ATEX,1794099328,91.49,United States
1711,DXC Technology,DXC,1789521280,11.2,United States
1712,Pathward Financial,CASH,1789209600,86.13,United States
1713,Vestis,VSTS,1786804608,13.52,United States
1714,CTS Corporation,CTS,1786761216,62.57,United States
1715,EverCommerce,EVCM,1786085632,10.11,United States
1716,Byline Bancorp,BY,1782767488,39.26,United States
1717,CBL Properties,CBL,1781374464,57.57,United States
1718,American Assets Trust,AAT,1781063936,22.96,United States
1719,Goodyear,GT,1779214208,6.18,United States
1720,Recursion Pharmaceuticals,RXRX,1775057280,3.31,United States
1721,Weis Markets,WMK,1770228480,71.54,United States
1722,EZCorp,EZPW,1760352640,28.65,United States
1723,Soho House & Co,SHCO,1758889344,8.99,United States
1724,Bank First,BFC,1756181888,158.42,United States
1725,QCR Holdings,QCRH,1745476608,106.59,United States
1726,Trinity Capital,TRIN,1745202688,18.43,United States
1727,Amprius Technologies,AMPX,1744202624,11.94,United States
1728,Bandwidth,BAND,1739693440,54.06,United States
1729,Kimbell Royalty Partners,KRP,1733171200,15.11,United States
1730,Revolve Group,RVLV,1728781952,24.16,United States
1731,Biolife Solutions,BLFS,1722983168,35.23,United States
1732,ANI Pharmaceuticals,ANIP,1717493120,74.77,United States
1733,Omnicell,OMCL,1716944256,37.64,United States
1734,Hillman Solutions,HLMN,1711995904,8.8,United States
1735,Perella Weinberg Partners,PWP,1711396352,18.0,United States
1736,Xencor,XNCR,1709384704,22.99,United States
1737,Six Flags,FUN,1706636160,16.68,United States
1738,PROG Holdings,PRG,1703997184,42.78,United States
1739,J&amp;J Snack Foods,JJSF,1700213120,91.01,United States
1740,Fortrea,FTRE,1694681984,17.82,United States
1741,Syndax Pharmaceuticals,SNDX,1690679296,19.08,United States
1742,Origin Bancorp,OBK,1687477376,54.7,United States
1743,Global Partners LP,GLP,1686694784,49.83,United States
1744,Inspire Medical Systems,INSP,1682583936,58.2,United States
1745,Ingles Markets,IMKTA,1681002240,88.5,United States
1746,RAPT Therapeutics,RAPT,1680292864,58.02,United States
1747,ConnectOne Bancorp,CNOB,1678166272,33.35,United States
1748,Sila Realty Trust,SILA,1677119744,30.36,United States
1749,RLJ Lodging Trust,RLJ,1676957440,10.95,United States
1750,Liberty Latin America,LILA,1674945024,8.55,United States
1751,Turning Point Brands,TPB,1672386560,86.35,United States
1752,Savers Value Village,SVV,1670593792,10.83,United States
1753,La-Z-Boy,LZB,1669267584,41.72,United States
1754,IDT Corporation,IDT,1669178240,67.12,United States
1755,Innovative Industrial Properties,IIPR,1668103168,57.53,United States
1756,Amplitude,AMPL,1661383680,13.3,United States
1757,AnaptysBio,ANAB,1658667008,56.02,United States
1758,Intellia Therapeutics,NTLA,1657698688,11.83,United States
1759,Wendy’s,WEN,1649027328,8.65,United States
1760,Sprinklr,CXM,1646628352,7.03,United States
1761,Wolfspeed,WOLF,1637640832,31.51,United States
1762,Wolverine World Wide,WWW,1629952128,19.88,United States
1763,FuelCell Energy,FCEL,1626268288,20.34,United States
1764,Central Securities,CET,1625800576,55.02,United States
1765,Kestra Medical Technologies,KMTS,1625633280,27.74,United States
1766,Absci,ABSI,1623468544,9.46,United States
1767,Avalyn Pharma,AVLN,1621704704,36.58,United States
1768,Target Hospitality,TH,1620873216,16.27,United States
1769,MillerKnoll,MLKN,1616564480,23.73,United States
1770,Distribution Solutions Group,DSGR,1612464128,34.86,United States
1771,Green Thumb Industries,GTII.CN,1612263902,7.37578,United States
1772,Tandem Diabetes Care,TNDM,1609355392,23.13,United States
1773,Hudson Pacific Properties,HPP,1607628288,14.5,United States
1774,Dauch Corporation,DCH,1603831040,6.75,United States
1775,BigBear.ai,BBAI,1601511552,3.34,United States
1776,ICF International,ICFI,1601137152,89.28,United States
1777,SkyWater Technology,SKYT,1597181312,32.46,United States
1778,Flowers Foods,FLO,1596309120,7.53,United States
1779,Kemper,KMPR,1585622016,26.91,United States
1780,C3 AI,AI,1582473728,10.18,United States
1781,ARKO Petroleum,APC,1574614144,19.07,United States
1782,Frontier Airlines,ULCC,1570071680,6.82,United States
1783,Bicara Therapeutics,BCAX,1563666432,23.63,United States
1784,Aeva Technologies,AEVA,1562803200,22.42,United States
1785,Red Cat Holdings,RCAT,1562267904,10.23,United States
1786,Lakeland Financial Corp,LKFN,1558089472,62.68,United States
1787,Ardent Health,ARDT,1554325888,11.02,United States
1788,Ambiq Micro,AMBQ,1553517440,64.34,United States
1789,Energizer Holdings,ENR,1552294016,22.67,United States
1790,Sally Beauty Holdings,SBH,1548512768,16.54,United States
1791,Sylvamo,SLVM,1547071104,38.91,United States
1792,Arlo Technologies,ARLO,1544251008,14.35,United States
1793,Personalis,PSNL,1539347712,14.42,United States
1794,"Yesway, Inc.",YSWY,1538792064,24.35,United States
1795,Maze Therapeutics,MAZE,1536767744,27.665,United States
1796,Coursera,COUR,1533520000,5.8,United States
1797,Amalgamated Financial,AMAL,1527299584,51.08,United States
1798,Digital Turbine,APPS,1527225088,12.62,United States
1799,Vir Biotechnology,VIR,1522943616,9.0,United States
1800,Kennedy Wilson,KW,1521191808,10.92,United States
1801,Safety Insurance,SAFT,1520604416,103.58,United States
1802,Xeris Pharmaceuticals,XERS,1518728064,8.33,United States
1803,Alexander &amp; Baldwin,ALEX,1518725120,20.84,United States
1804,Concentrix,CNXC,1517526528,24.87,United States
1805,Eos Energy Enterprises,EOSE,1514937728,4.16,United States
1806,York Space Systems,YSS,1512391424,11.51,United States
1807,Kosmos Energy,KOS,1506583808,2.53,United States
1808,National Vision Holdings,EYE,1506055552,19.05,United States
1809,Forestar Group,FOR,1504757632,29.5,United States
1810,Innoviva,INVA,1499093888,20.75,United States
1811,Global Industrial Company,GIC,1494861184,39.07,United States
1812,Agilon Health,AGL,1492738560,88.9,United States
1813,CONMED,CNMD,1492171136,49.82,United States
1814,Helix Energy Solutions,HLX,1491510400,10.12,United States
1815,Tyra Biosciences,TYRA,1487948928,25.02,United States
1816,Azenta,AZTA,1485542528,33.91,United States
1817,Peoples Bancorp,PEBO,1485136512,41.32,United States
1818,Stepan Company,SCL,1483980160,65.28,United States
1819,Enovis,ENOV,1479799296,25.66,United States
1820,Empire State Realty Trust,ESRT,1479650432,4.83,United States
1821,Ameresco,AMRC,1474710144,27.79,United States
1822,Atlas Energy Solutions,AESI,1473790592,11.79,United States
1823,Atlanticus,ATLC,1472100480,97.04,United States
1824,WaterBridge Infrastructure,WBI,1469251840,31.25,United States
1825,Walker &amp; Dunlop,WD,1468455296,42.78,United States
1826,"Harrow, Inc.",HROW,1457152640,38.87,United States
1827,Corsair Gaming,CRSR,1454980096,13.45,United States
1828,Tompkins Financial,TMP,1454543104,101.13,United States
1829,Gibraltar Industries,ROCK,1452432640,48.93,United States
1830,"Cadre Holdings, Inc.",CDRE,1451623040,33.9,United States
1831,Healthcare Services Group,HCSG,1447453056,21.09,United States
1832,InnovAge,INNV,1445592576,10.65,United States
1833,REX American Resources,REX,1439048832,43.69,United States
1834,KalVista Pharmaceuticals,KALV,1437504000,27.0,United States
1835,Community Trust Bancorp,CTBI,1437266816,79.11,United States
1836,Carter's,CRI,1437242880,39.15,United States
1837,i-80 Gold,IAUX,1428737792,1.65,United States
1838,G-III Apparel Group,GIII,1426041344,33.8,United States
1839,Replimune,REPL,1423721600,15.19,United States
1840,Universal Technical Institute,UTI,1423660800,25.84,United States
1841,Inhibrx Biosciences,INBX,1423251840,97.01,United States
1842,The Greenbrier Companies,GBX,1423225600,46.0,United States
1843,ORIC Pharmaceuticals,ORIC,1422114432,13.72,United States
1844,Harmonic Inc.,HLIT,1419133312,13.08,United States
1845,Integra LifeSciences,IART,1418570496,18.24,United States
1846,BJ's Restaurants,BJRI,1418321792,66.67,United States
1847,ProPetro,PUMP,1417388032,11.54,United States
1848,UMH Properties,UMH,1416547072,16.59,United States
1849,Exzeo Group,XZO,1411646336,15.67,United States
1850,Wealthfront Corporation,WLTH,1411463424,9.45,United States
1851,T1 Energy,TE,1410784640,4.79,United States
1852,PureCycle Technologies,PCT,1406333696,7.0,United States
1853,"Alexander's, Inc.",ALX,1402615040,274.63,United States
1854,ArriVent BioPharma,AVBP,1397247872,30.0,United States
1855,Babcock &amp; Wilcox,BW,1392823424,9.35,United States
1856,"RPC, Inc.",RES,1392006016,6.28,United States
1857,Olaplex,OLPX,1391282176,2.07,United States
1858,ACV Auctions,ACVA,1389695744,7.96,United States
1859,TriMas,TRS,1388318848,38.7,United States
1860,First Mid Bancshares,FMBH,1386491648,52.12,United States
1861,XPEL,XPEL,1385981568,50.27,United States
1862,Artivion,AORT,1385164160,28.41,United States
1863,Westamerica Bancorporation,WABC,1385051392,59.93,United States
1864,Phibro Animal Health,PAHC,1381634304,34.06,United States
1865,Schrödinger,SDGR,1380911872,18.46,United States
1866,United Fire Group,UFCS,1378249216,53.72,United States
1867,Bristow Group,VTOL,1377760128,46.48,United States
1868,Arhaus,ARHS,1374991744,9.7,United States
1869,Everforth,EFOR,1371449984,33.45,United States
1870,Shoals Technologies,SHLS,1369961728,8.14,United States
1871,LGI Homes,LGIH,1367219584,58.85,United States
1872,NAPCO Security Technologies,NSSC,1366927872,38.26,United States
1873,Unusual Machines,UMAC,1360815104,27.24,United States
1874,Trupanion,TRUP,1360050944,31.0,United States
1875,Arteris,AIP,1356106496,27.59,United States
1876,Dorchester Minerals,DMLP,1354432000,27.59,United States
1877,HBT Financial,HBT,1353528064,37.22,United States
1878,Monte Rosa Therapeutics,GLUE,1351364224,15.84,United States
1879,The Pennant Group,PNTG,1349659264,38.64,United States
1880,Dream Finders Homes,DFH,1346342400,14.84,United States
1881,Liquidity Services,LQDT,1345379584,42.94,United States
1882,Novavax,NVAX,1342658304,8.14,United States
1883,AMN Healthcare Services,AMN,1335797504,34.49,United States
1884,Jefferson Capital,JCAP,1331469312,21.61,United States
1885,The RealReal,REAL,1331081856,10.94,United States
1886,Orchid Island Capital,ORC,1330642560,6.63,United States
1887,Leggett &amp; Platt,LEG,1324913152,9.7,United States
1888,Yelp,YELP,1323489664,24.39,United States
1889,Gentherm,THRM,1322473344,43.07,United States
1890,Aktis Oncology,AKTS,1315050496,23.79,United States
1891,Old Second Bancorp,OSBC,1313102208,25.81,United States
1892,Seneca Foods,SENEA,1312791552,193.9,United States
1893,Edgewell Personal Care,EPC,1312151424,28.47,United States
1894,Cracker Barrel,CBRL,1305325312,58.4,United States
1895,Graham Corporation,GHM,1303749632,111.08,United States
1896,Willis Lease Finance Corporation,WLFC,1301107712,54.44,United States
1897,Willdan Group,WLDN,1290462720,84.72,United States
1898,ProAssurance,PRA,1290193152,25.0,United States
1899,Pursuit Attractions and Hospitality,PRSU,1286322944,47.18,United States
1900,TripAdvisor,TRIP,1285676800,10.97,United States
1901,NexPoint Residential Trust,NXRT,1284934656,24.9,United States
1902,Nutex Health,NUTX,1279269760,186.81,United States
1903,Preferred Bank,PFBC,1278240000,107.84,United States
1904,BellRing Brands,BRBR,1277897344,10.99,United States
1905,Herbalife,HLF,1275457152,12.17,United States
1906,Ladder Capital,LADR,1273727616,10.04,United States
1907,Corvus Pharmaceuticals,CRVS,1273591168,15.14,United States
1908,FMC Corporation,FMC,1272304640,10.16,United States
1909,Oil-Dri Corporation Of America,ODC,1271923712,87.84,United States
1910,Seaport Therapeutics,SPTX,1269209344,23.71,United States
1911,GoodRx,GDRX,1269060864,3.72,United States
1912,BlackSky Technology,BKSY,1268260992,30.99,United States
1913,Two Harbors Investment,TWO,1264771072,12.03,United States
1914,Backblaze,BLZE,1264616960,20.43,United States
1915,Teladoc Health,TDOC,1264520704,6.96,United States
1916,Cullinan Therapeutics,CGEM,1263926144,19.64,United States
1917,Vor Biopharma,VOR,1261989120,23.29,United States
1918,STAAR Surgical,STAA,1261142656,25.33,United States
1919,PROCEPT BioRobotics,PRCT,1257156864,21.95,United States
1920,CVR Partners,UAN,1255990144,118.83,United States
1921,Winmark,WINA,1255822336,349.6,United States
1922,Omeros Corporation,OMER,1255712384,17.35,United States
1923,Alto Neuroscience,ANRO,1255513088,32.3,United States
1924,Utz Brands,UTZ,1254763136,14.16,United States
1925,ZoomInfo,GTM,1254684288,4.31,United States
1926,Tetra Technologies,TTI,1251214976,8.45,United States
1927,Myers Industries,MYE,1248543744,33.19,United States
1928,Flotek Industries,FTK,1246344960,34.41,United States
1929,Certara,CERT,1243191040,8.15,United States
1930,Marten Transport,MRTN,1242602496,15.23,United States
1931,Cricut,CRCT,1242005376,5.93,United States
1932,"U.S. Physical Therapy, Inc.",USPH,1235002496,82.76,United States
1933,Oppenheimer Holdings,OPY,1233347968,115.18,United States
1934,Heritage Financial,HFWA,1226648448,29.98,United States
1935,Newsmax,NMAX,1225734528,9.49,United States
1936,Donnelley Financial Solutions,DFIN,1219926784,49.62,United States
1937,Biglari,BH,1218441984,388.16,United States
1938,Easterly Government Properties,DEA,1218284416,24.86,United States
1939,Saul Centers,BFS,1215515136,35.0,United States
1940,Latigo Biotherapeutics,LTGO,1206673024,20.06,United States
1941,Ategrity Specialty Insurance Company,ASIC,1204178560,25.07,United States
1942,Piedmont Realty Trust,PDM,1203777792,9.62,United States
1943,Marcus &amp; Millichap,MMI,1203161856,31.77,United States
1944,MannKind Corp,MNKD,1199346560,3.73,United States
1945,QuinStreet,QNST,1191416960,20.74,United States
1946,Univest Financial Corporation,UVSP,1185145600,42.97,United States
1947,Red Violet,RDVT,1183303936,73.74,United States
1948,Clear Channel Outdoor,CCO,1181097728,2.32,United States
1949,Universal Insurance Holdings,UVE,1179728768,42.39,United States
1950,AEVEX Corp.,AVEX,1179665152,20.89,United States
1951,Prospect Capital,PSEC,1177367936,2.35,United States
1952,NPK International,NPKI,1176002048,13.85,United States
1953,MeiraGTx,MGTX,1173362688,12.67,United States
1954,NCR Voyix Corporation,VYX,1172213504,8.49,United States
1955,Lumexa Imaging,LMRI,1172184960,12.2,United States
1956,Suburban Propane Partners,SPH,1171469440,17.56,United States
1957,Avanos Medical,AVNS,1170726912,24.99,United States
1958,Metropolitan Bank Holding,MCB,1170350208,94.4,United States
1959,Bioventus,BVS,1168036224,13.89,United States
1960,Lindsay Corporation,LNN,1165252480,114.59,United States
1961,Northeast Bank,NBN,1164812160,136.15,United States
1962,EyePoint Pharmaceuticals,EYPT,1162139520,13.48,United States
1963,Five Star Bancorp,FSBC,1155674496,47.1,United States
1964,WEBTOON Entertainment,WBTN,1154901248,8.51,United States
1965,Tennant Company,TNC,1153214976,67.64,United States
1966,Mission Produce,AVO,1151559424,13.03,United States
1967,MarineMax,HZO,1149393792,52.04,United States
1968,Upbound Group,UPBD,1147040768,19.675,United States
1969,"Apnimed, Inc.",APMD,1146509440,28.79,United States
1970,Amerant Bancorp,AMTB,1143951872,29.19,United States
1971,Virtus Investment Partners,VRTS,1137297152,170.2,United States
1972,Great Lakes Dredge &amp; Dock Corp.,GLDD,1135273600,17.0,United States
1973,Genco Shipping &amp; Trading,GNK,1132815872,25.99,United States
1974,Lightwave Logic,LWLG,1123240448,7.29,United States
1975,Universal Corporation,UVV,1117727616,44.89,United States
1976,IRadimed,IRMD,1114514176,87.16,United States
1977,Northwest Pipe Company,NWPX,1111843968,115.37,United States
1978,Deluxe Corporation,DLX,1111556352,24.24,United States
1979,Middlesex Water Company,MSEX,1109343104,58.87,United States
1980,Ecovyst,ECVT,1103441408,10.08,United States
1981,Bowhead Specialty Holdings,BOW,1103261312,33.49,United States
1982,Compass Minerals,CMP,1102837504,26.27,United States
1983,NANO Nuclear Energy,NNE,1101885952,20.52,United States
1984,Sana Biotechnology,SANA,1098653568,3.67,United States
1985,WhiteFiber,WYFI,1096293888,28.22,United States
1986,Rackspace Technology,RXT,1095953280,4.3,United States
1987,Safehold,SAFE,1095527808,15.47,United States
1988,XPLR Infrastructure,XIFR,1093880064,11.6,United States
1989,Capitol Federal Financial,CFFN,1090585984,8.84,United States
1990,Green Plains,GPRE,1089281408,15.54,United States
1991,Resolute Holdings Management,RHLD,1084284672,131.31,United States
1992,Kforce,KFRC,1082599040,60.45,United States
1993,Upwork,UPWK,1081663104,8.66,United States
1994,BrightView,BV,1080188032,11.59,United States
1995,Savara,SVRA,1079966464,5.27,United States
1996,ASA Gold and Precious Metals,ASA,1078428672,57.4,United States
1997,"Strive Asset Management, LLC",ASST,1074859136,12.58,United States
1998,eXp World Holdings,EXPI,1073469056,6.74,United States
1999,CRA International,CRAI,1072276032,170.83,United States
2000,Grocery Outlet,GO,1068364864,10.8,United States
2001,Arbor Realty Trust,ABR,1066350656,5.26,United States
2002,Equity Bancshares,EQBK,1065249472,51.73,United States
2003,Taboola.com,TBLA,1064412288,3.94,United States
2004,ScanSource,SCSC,1063582592,52.33,United States
2005,Mercantile Bank,MBWM,1061356032,61.4,United States
2006,Service Properties Trust,SVC,1058092544,8.17,United States
2007,Horizon Bancorp,HBNC,1054103040,20.53,United States
2008,O-I Glass,OI,1051032704,6.84,United States
2009,OPKO Health,OPK,1044859520,1.4,United States
2010,MetroCity Bankshares,MCBS,1041505920,36.34,United States
2011,Lexicon Pharmaceuticals,LXRX,1041196864,2.34,United States
2012,Evolv Technologies,EVLV,1036059328,5.76,United States
2013,CNB Financial Corp,CCNE,1035249920,34.95,United States
2014,QuidelOrtho,QDEL,1034803136,15.09,United States
2015,"Sinclair, Inc.",SBGI,1032701952,14.28,United States
2016,MidWestOne Financial Group,MOFG,1017475776,49.31,United States
2017,Diversified Energy,DEC.L,1013174340,14.3165,United States
2018,Accel Entertainment,ACEL,1010085824,12.41,United States
2019,Ardelyx,ARDX,1009513408,3.91,United States
2020,Glass House Brands,GLASF,1007483904,11.81,United States
2021,Ventyx Biosciences,VTYX,1004502016,14.0,United States
2022,USA TODAY Co.,TDAY,1004234688,6.84,United States
2023,NB Bancorp,NBBK,1003005184,22.89,United States
2024,Central Pacific Financial,CPF,1002862528,38.95,United States
2025,Emerald Holding,EEX,997505920,5.04,United States
2026,Camden National Corporation,CAC,996249920,58.96,United States
2027,Kronos Worldwide,KRO,995593536,8.65,United States
2028,Odyssey Therapeutics,ODTX,995208896,20.72,United States
2029,LegalZoom,LZ,993335936,5.8,United States
2030,Chimera Investment Corporation,CIM,992822080,11.86,United States
2031,Unitil Corporation,UTL,992257408,54.41,United States
2032,Centerspace,CSR,989689856,55.93,United States
2033,Heritage Insurance,HRTG,989197504,33.27,United States
2034,Simply Good Foods,SMPL,988772736,11.18,United States
2035,Whitestone REIT,WSR,988012416,18.99,United States
2036,Daktronics,DAKT,987854144,20.45,United States
2037,Ridgepost Capital,RPC,987736448,8.96,United States
2038,Phoenix Education Partners,PXED,987698112,27.4,United States
2039,National Presto Industries,NPK,987480768,137.8,United States
2040,Barings BDC,BBDC,987385920,9.43,United States
2041,Geron,GERN,984734656,1.535,United States
2042,Nextdoor,NXDR,983980288,2.58,United States
2043,Southside Bancshares,SBSI,982401536,33.02,United States
2044,Quanex Building Products,NX,981480640,21.37,United States
2045,Global Medical REIT,GMRE,979776256,35.98,United States
2046,Heartland Express,HTLD,979030784,12.66,United States
2047,Janux Therapeutics,JANX,978188352,16.0,United States
2048,Eastman Kodak Company,KODK,978089728,9.99,United States
2049,"Eve Holding, Inc.",EVEX,975761728,2.8,United States
2050,Astec Industries,ASTE,974894080,42.34,United States
2051,First Financial,THFF,974659776,81.96,United States
2052,Solid Biosciences,SLDB,973605184,9.08,United States
2053,Quantum Corporation,QMCO,972638784,24.68,United States
2054,Mid Penn Bancorp,MPB,971352192,38.34,United States
2055,Trustco Bank,TRST,970581184,57.0,United States
2056,Douglas Dynamics,PLOW,967389696,41.92,United States
2057,Enovix,ENVX,966419712,4.43,United States
2058,"Forbright, Inc.",FRBT,965616768,19.43,United States
2059,Hanmi Financial,HAFC,963304384,32.49,United States
2060,Tronox,TROX,958200192,6.0,United States
2061,ProFrac,ACDC,957965824,5.26,United States
2062,Lincoln Educational Services,LINC,955133760,30.11,United States
2063,Karat Packaging,KRT,953334208,47.83,United States
2064,Oxford Lane Capital,OXLC,950131008,9.73,United States
2065,HighPeak Energy,HPK,947131456,7.49,United States
2066,MFA Financial,MFA,931019904,9.21,United States
2067,Lucky Strike Entertainment,LUCK,930126144,6.82,United States
2068,Marcus Corporation,MCS,929281280,30.14,United States
2069,Rapid7,RPD,928780800,13.78,United States
2070,Forum Energy Technologies,FET,926919616,82.42,United States
2071,PagerDuty,PD,926691328,12.09,United States
2072,Compass Diversified Holdings,CODI,923897664,12.28,United States
2073,Bloomin' Brands,BLMN,923849728,10.79,United States
2074,Winnebago Industries,WGO,920717824,32.57,United States
2075,Olema Pharmaceuticals,OLMA,919599872,10.51,United States
2076,"MNTN, Inc.",MNTN,918582784,12.28,United States
2077,Alpha &amp; Omega Semiconductor,AOSL,916443712,30.62,United States
2078,Adaptive Biotechnologies,ADPT,916254080,22.9,United States
2079,Collegium Pharmaceutical,COLL,913010880,28.15,United States
2080,JBG SMITH,JBGS,912090944,11.81,United States
2081,Pacira Biosciences,PCRX,912084864,23.18,United States
2082,LSI Industries,LYTS,911936128,24.84,United States
2083,Vishay Precision Group,VPG,907520832,68.13,United States
2084,Ryerson,RYI,907088320,28.16,United States
2085,Arbutus Biopharma,ABUS,906143104,4.58,United States
2086,Satellogic,SATL,905528000,5.89,United States
2087,Design Therapeutics,DSGN,900550016,14.39,United States
2088,SmartFinancial (SmartBank),SMBK,898866688,52.57,United States
2089,Capital City Bank Group,CCBG,898276928,52.49,United States
2090,Kopin Corporation,KOPN,897764672,4.83,United States
2091,Kura Oncology,KURA,895733376,10.09,United States
2092,Metallus,MTUS,895414144,21.51,United States
2093,Groupon,GRPN,893823168,21.98,United States
2094,CeriBell,CBLL,892290816,23.25,United States
2095,Sabre,SABR,891918912,2.21,United States
2096,American Bitcoin Corp,ABTC,891720320,7.32,United States
2097,"Lincoln International, Inc.",LCLN,890279168,25.63,United States
2098,Latham Group,SWIM,889404416,7.56,United States
2099,Apogee Enterprises,APOG,888363264,42.57,United States
2100,Great Southern Bancorp,GSBC,887928896,81.48,United States
2101,Transcat,TRNS,887871552,94.86,United States
2102,CrossAmerica Partners,CAPL,887088192,23.25,United States
2103,Reformation Inc.,REF,886143104,15.0,United States
2104,Fox Factory Holding,FOXF,886013504,21.08,United States
2105,Apollo Commercial Real Estate Finance,ARI,885945536,6.91,United States
2106,Covenant Logistics,CVLG,879847488,34.67,United States
2107,Eagle Bancorp,EGBN,877328704,28.78,United States
2108,Sun Country Airlines,SNCY,876356672,16.17,United States
2109,World Acceptance Corporation,WRLD,875232256,187.69,United States
2110,indie Semiconductor,INDI,874734720,4.14,United States
2111,Beazer Homes USA,BZH,874338624,33.19,United States
2112,Koppers Holdings,KOP,874092672,46.22,United States
2113,HMH Holding,HMH,872974080,19.87,United States
2114,Employers Holdings,EIG,871084544,48.5,United States
2115,Talkspace,TALK,870574976,5.25,United States
2116,Postal Realty Trust,PSTL,870459584,23.16,United States
2117,IperionX,IPX,869846080,24.02,United States
2118,Hippo Holdings,HIPO,869002304,32.93,United States
2119,Standard Motor Products,SMP,867377344,38.96,United States
2120,EverQuote,EVER,867352832,24.52,United States
2121,Navient,NAVI,866562496,9.24,United States
2122,Viant Technology,DSP,865082368,12.98,United States
2123,Aclaris Therapeutics,ACRS,862585536,5.86,United States
2124,Annexon,ANNX,861811840,5.26,United States
2125,South Plains Financial,SPFI,859439936,45.62,United States
2126,Amphastar Pharmaceuticals,AMPH,858415744,20.18,United States
2127,Frequency Electronics,FEIM,855525248,78.08,United States
2128,Orrstown Financial Services,ORRF,855235328,43.48,United States
2129,CEVA,CEVA,855039168,30.37,United States
2130,Independent Bank Corporation,IBCP,853784896,38.46,United States
2131,Mitek Systems,MITK,853264128,18.91,United States
2132,Southern Missouri Bancorp,SMBC,850498048,77.24,United States
2133,HealthStream,HSTM,848543552,29.02,United States
2134,GCM Grosvenor,GCMG,848383488,14.05,United States
2135,Alerus Financial,ALRS,844219776,33.9,United States
2136,Securitize Corp.,SECZ,843957632,5.7,United States
2137,SpyGlass Pharma,SGP,841885632,25.17,United States
2138,Sky Harbour Group,SKYH,841807360,11.0,United States
2139,SI-BONE,SIBN,840418944,18.95,United States
2140,HomeTrust Bancshares,HTB,836829120,50.13,United States
2141,Hertz,HTZ,835878528,2.345,United States
2142,ASGN,ASGN,833931008,19.53,United States
2143,Abacus Global Management,ABX,833190016,8.52,United States
2144,Heritage Commerce,HTBK,828429632,13.45,United States
2145,Daily Journal,DJCO,828332032,601.22,United States
2146,American Public Education,APEI,827961856,45.24,United States
2147,Dakota Gold,DC,827847360,6.17,United States
2148,PennyMac Mortgage Investment Trust,PMT,827550400,9.49,United States
2149,Cantaloupe,CTLP,825815936,11.2,United States
2150,Financial Institutions,FISI,825499392,41.89,United States
2151,LightPath Technologies,LPTH,823797056,13.12,United States
2152,CTO Realty Growth,CTO,823180608,21.96,United States
2153,Peapack-Gladstone Financial,PGC,822045120,46.37,United States
2154,Bain Capital Specialty Finance,BCSF,821235328,12.66,United States
2155,Westrock Coffee,WEST,820070016,8.4,United States
2156,Entravision Communications,EVC,819520128,8.88,United States
2157,Esperion Therapeutics,ESPR,819464832,3.18,United States
2158,Petco,WOOF,816716608,2.86,United States
2159,Beta Bionics,BBNX,813413568,18.08,United States
2160,MediaAlpha,MAX,812972992,13.27,United States
2161,Park Aerospace,PKE,810885184,37.28,United States
2162,Papa John's Pizza,PZZA,804276864,24.43,United States
2163,EVgo,EVGO,804070912,1.65,United States
2164,Montrose Environmental,MEG,800798912,22.14,United States
2165,First Watch Restaurant,FWRG,800410304,12.97,United States
2166,Barrett Business Services,BBSI,800003264,33.01,United States
2167,United States Antimony Corporation,UAMY,799234496,5.34,United States
2168,Hovnanian Enterprises,HOV,799073216,136.37,United States
2169,Shore Bancshares,SHBI,798932288,23.94,United States
2170,Movado Group,MOV,796401792,35.83,United States
2171,Array Technologies,ARRY,796219776,5.17,United States
2172,Aura Biosciences,AURA,791288576,7.65,United States
2173,Mama's Creations,MAMA,789988992,16.99,United States
2174,SunCoke Energy,SXC,788487360,9.29,United States
2175,PubMatic,PUBM,787105088,17.28,United States
2176,Riley Exploration Permian,REPX,786237824,35.49,United States
2177,Scholastic,SCHL,784494528,41.59,United States
2178,"TXO Partners, L.P.",TXO,782786368,14.17,United States
2179,Carlyle Secured Lending,CGBD,782308096,11.37,United States
2180,Peakstone Realty Trust,PKST,780562688,20.99,United States
2181,Varex Imaging,VREX,779742720,18.5,United States
2182,Phreesia,PHR,779591488,12.62,United States
2183,Immix Biopharma,IMMX,777394304,10.92,United States
2184,AdaptHealth,AHCO,775508608,5.7,United States
2185,Strawberry Fields REIT,STRW,774315712,13.7,United States
2186,Sable Offshore,SOC,773234368,4.03,United States
2187,Root Insurance,ROOT,772028800,49.83,United States
2188,Green Dot,GDOT,769869824,13.51,United States
2189,PAR Technology,PAR,769760000,18.61,United States
2190,Ibotta,IBTA,769273600,38.18,United States
2191,Washington Trust Bancorp,WASH,766596864,40.19,United States
2192,CryoPort,CYRX,766320896,15.13,United States
2193,Third Coast Bancshares,TCBX,765399872,46.0,United States
2194,Bright Minds Biosciences,DRUG,765340736,78.0,United States
2195,Westlake Chemical Partners,WLKP,763778240,21.67,United States
2196,PRA Group,PRAA,762371968,20.25,United States
2197,Rigel Pharmaceuticals,RIGL,754699840,40.79,United States
2198,GMR Solutions Inc.,GMRS,754003520,13.96,United States
2199,Golden Entertainment,GDEN,753686080,28.55,United States
2200,The Manitowoc Company,MTW,752613312,20.87,United States
2201,PennantPark Floating Rate Capital Ltd.,PFLT,752071616,7.58,United States
2202,Cass Information Systems,CASS,749672000,58.54,United States
2203,NioCorp Developments,NB,745405632,5.12,United States
2204,Shentel,SHEN,743547648,13.43,United States
2205,Phathom Pharmaceuticals,PHAT,742670592,9.18,United States
2206,Monopar Therapeutics,MNPR,741090944,110.41,United States
2207,Paysign,PAYS,735137280,13.02,United States
2208,Shattuck Labs,STTK,734659072,7.32,United States
2209,Hyliion,HYLN,734034560,4.11,United States
2210,Verra Mobility,VRRM,730670976,4.81,United States
2211,Hallador Energy Company,HNRG,730250560,15.49,United States
2212,CytomX Therapeutics,CTMX,729962560,3.35,United States
2213,Once Upon A Farm,OFRM,725598464,17.28,United States
2214,Arrow Financial,AROW,723351424,39.05,United States
2215,Matthews International Corporation,MATW,722336448,23.15,United States
2216,National Healthcare Properties,NHP,722125248,16.31,United States
2217,Sweetgreen,SG,721390336,6.06,United States
2218,ParkOhio Holdings Corp.,PKOH,717979968,49.55,United States
2219,Peoples Financial Services,PFIS,716842368,71.61,United States
2220,Consensus Cloud Solutions,CCSI,716504448,39.1,United States
2221,Claritev,CTEV,715521920,42.22,United States
2222,Velocity Financial,VEL,714614400,18.1,United States
2223,Neurogene,NGNE,713005568,35.63,United States
2224,SLR Investment,SLRC,711392384,13.04,United States
2225,LSB Industries,LXU,710615360,9.87,United States
2226,XOMA Royalty,XOMA,710155008,40.17,United States
2227,Enhabit,EHAB,706913408,13.8,United States
2228,Community West Bancshares,CWBC,706574720,26.04,United States
2229,REGENXBIO,RGNX,703700608,10.66,United States
2230,American Woodmark,AMWD,700651840,48.09,United States
2231,California BanCorp,BCAL,698952704,21.74,United States
2232,Helen of Troy,HELE,698761792,30.0,United States
2233,Midland States Bancorp,MSBI,697893568,33.63,United States
2234,Bluelinx,BXC,697536064,89.63,United States
2235,N-Able,NABL,695172352,3.68,United States
2236,Donegal Group,DGICA,694680064,18.75,United States
2237,Alight,ALIT,693981504,14.63,United States
2238,Gyre Therapeutics,GYRE,693460800,6.54,United States
2239,Legacy Housing Corporation,LEGH,692282368,29.11,United States
2240,Cardinal Infrastructure Group,CDNL,689598272,34.66,United States
2241,Hingham Institution for Savings,HIFS,686420864,312.4,United States
2242,Janus International Group,JBI,686272064,5.03,United States
2243,RE/MAX Holdings,RMAX,685019264,12.43,United States
2244,Allogene Therapeutics,ALLO,683406016,1.98,United States
2245,Forward Air,FWRD,682373504,20.2,United States
2246,Vitesse Energy,VTS,682089920,16.2,United States
2247,Bar Harbor Bankshares,BHB,681205824,40.63,United States
2248,Red River Bancshares,RRBI,680994112,103.43,United States
2249,Tiptree,TIPT,677390016,18.19,United States
2250,Udemy,UDMY,677283328,4.63,United States
2251,Franklin BSP Realty Trust,FBRT,675159232,8.13,United States
2252,Cannae Holdings,CNNE,674902976,15.56,United States
2253,Camping World,CWH,674515776,6.53,United States
2254,Ironwood Pharmaceuticals,IRWD,674179008,4.08,United States
2255,Cars.com,CARS,671835520,12.55,United States
2256,Energy Vault,NRGV,668772864,3.69,United States
2257,Ramaco Resources,METC,667478144,10.53,United States
2258,Mativ Holdings,MATV,667248256,12.09,United States
2259,TaskUs,TASK,666564672,7.27,United States
2260,Granite Ridge Resources,GRNT,664777216,5.04,United States
2261,River City Bank,RCBC,664756544,47.5,United States
2262,Tectonic Therapeutic,TECX,664287424,33.98,United States
2263,Zevra Therapeutics,ZVRA,663910656,11.18,United States
2264,ACNB Corporation,ACNB,662659520,64.89,United States
2265,OTC Markets Group,OTCM,662370176,55.0,United States
2266,Bally's Corporation,BALY,660319232,13.49,United States
2267,Gladstone Investment,GAIN,658257152,16.53,United States
2268,ADTRAN,ADTN,657554944,8.07,United States
2269,Summit Hotel Properties,INN,655749056,6.08,United States
2270,Reservoir Media,RSVR,654852544,9.95,United States
2271,OrthoPediatrics,KIDS,653005824,25.01,United States
2272,Contango Ore,CTGO,652531648,19.48,United States
2273,AH Realty Trust,AHRT,651223488,6.79,United States
2274,Armada Hoffler Properties,AHH,647902656,6.25,United States
2275,NETGEAR,NTGR,647404224,23.82,United States
2276,AngioDynamics,ANGO,647265216,15.66,United States
2277,Gladstone Commercial,GOOD,646458880,13.24,United States
2278,Kura Sushi USA,KRUS,645642304,53.14,United States
2279,Grid Dynamics,GDYN,644147456,7.94,United States
2280,Smith &amp; Wesson,SWBI,643001024,14.34,United States
2281,BitGo,BTGO,641255552,5.53,United States
2282,Miller Industries,MLR,639809088,56.36,United States
2283,Northfield Bancorp,NFBK,639406784,15.31,United States
2284,NerdWallet,NRDS,639231744,10.0,United States
2285,CorMedix,CRMD,638598400,8.14,United States
2286,Village Super Market,VLGEA,637548608,43.05,United States
2287,Cytek Biosciences,CTKB,635618112,4.89,United States
2288,AlTi Global,ALTI,635278784,4.19,United States
2289,Insteel Industries,IIIN,634176192,32.76,United States
2290,Chatham Lodging Trust,CLDT,633626176,12.91,United States
2291,Mesa Laboratories,MLAB,633452352,113.2,United States
2292,BrightSpire Capital,BRSP,628825152,4.97,United States
2293,OneSpan,OSPN,627272576,16.92,United States
2294,Nuvectis Pharma,NVCT,626542848,19.23,United States
2295,Kimball Electronics,KE,625993536,26.03,United States
2296,Forge Global,FRGE,623007296,45.0,United States
2297,"Citi Trends, Inc.",CTRN,620906880,74.54,United States
2298,Bridgewater Bancshares,BWB,620136256,22.24,United States
2299,TPG Real Estate Finance Trust,TRTX,620011840,8.02,United States
2300,Unity Bancorp,UNTY,619928320,61.73,United States
2301,DoubleDown Interactive,DDI,618426880,12.48,United States
2302,EagleRock Land,EROK,616527872,25.21,United States
2303,Hyster-Yale Materials Handling,HY,616127872,34.39,United States
2304,Yext,YEXT,612515968,6.11,United States
2305,MiMedx Group,MDXG,612193920,4.2,United States
2306,Southern First Bancshares,SFST,611875328,64.6,United States
2307,Industrial Logistics Properties Trust,ILPT,610724800,9.15,United States
2308,4D Molecular Therapeutics,FDMT,609018368,11.65,United States
2309,OppFi,OPFI,607534848,7.13,United States
2310,ARS Pharmaceuticals,SPRY,605749888,6.1,United States
2311,Kearny Financial,KRNY,604155584,9.6,United States
2312,Sprout Social,SPT,604104384,9.97,United States
2313,Verastem Oncology,VSTM,604058176,6.67,United States
2314,Northpointe Bancshares,NPB,602761472,17.43,United States
2315,3D Systems,DDD,601452224,3.62,United States
2316,First Business Financial Services,FBIZ,601096448,71.83,United States
2317,Northrim BanCorp,NRIM,601053568,27.02,United States
2318,"Sturm, Ruger &amp; Co",RGR,600782400,37.6,United States
2319,WhiteHawk Minerals Corp,WHK,599290880,26.06,United States
2320,Redwood Trust,RWT,599171328,4.77,United States
2321,MasterCraft Boat,MCFT,597563392,24.67,United States
2322,Mayville Engineering Company,MEC,596707776,23.4,United States
2323,Civista Bancshares,CIVB,595339008,28.63,United States
2324,Greene County Bancorp,GCBC,595210880,34.96,United States
2325,Methode Electronics,MEI,593475456,16.72,United States
2326,Vaalco Energy,EGY,592229696,5.63,United States
2327,Arvinas,ARVN,589129600,9.01,United States
2328,MISTRAS Group,MG,584127040,18.34,United States
2329,Ethan Allen,ETD,582721152,22.9,United States
2330,Sagimet Biosciences,SGMT,576832256,9.28,United States
2331,Contineum Therapeutics,CTNM,575603328,15.3,United States
2332,Prime Medicine,PRME,574964672,3.17,United States
2333,Ooma,OOMA,573949056,20.89,United States
2334,Universal Health Realty Income Trust,UHT,573458240,41.26,United States
2335,Malibu Boats,MBUU,572616064,29.16,United States
2336,Cerus Corporation,CERS,572330688,2.84,United States
2337,KinderCare Learning Companies,KLC,572008640,4.83,United States
2338,Rayonier Advanced Materials,RYAM,570240704,8.43,United States
2339,Home Bancorp,HBCP,569448768,72.35,United States
2340,Krispy Kreme,DNUT,569080000,3.28,United States
2341,Kelly Services,KELYA,566478016,16.31,United States
2342,Enviri Corporation,NVRI,564248192,20.07,United States
2343,NVE Corporation,NVEC,562707648,116.33,United States
2344,Altimmune,ALT,560085632,2.88,United States
2345,Eikon Therapeutics,EIKN,559252032,10.33,United States
2346,Carriage Services,CSV,554609728,34.92,United States
2347,Artiva Biotherapeutics,ARTV,552458368,11.3,United States
2348,Columbus McKinnon,CMCO,550441152,19.07,United States
2349,W&amp;T Offshore,WTI,546413440,3.62,United States
2350,Solid Power,SLDP,545353152,2.39,United States
2351,Brandywine Realty Trust,BDN,544165184,3.15,United States
2352,GAMCO Investors,GAMI,543781696,25.25,United States
2353,Gemini Space Station,GEMI,543661056,4.3,United States
2354,Oxford Industries,OXM,542142144,36.31,United States
2355,Bankwell Financial Group,BWFG,542094080,68.0,United States
2356,The Honest Company,HNST,539640448,5.03,United States
2357,Spire Global,SPIR,539638976,13.94,United States
2358,Zura Bio,ZURA,539518016,5.63,United States
2359,Olympic Steel,ZEUS,538983936,47.86,United States
2360,ASP Isotopes,ASPI,538866752,4.28,United States
2361,One Liberty Properties,OLP,537332096,24.62,United States
2362,Tactile Medical,TCMD,537085696,23.71,United States
2363,York Water,YORW,535543168,33.0,United States
2364,Investors Title Company,ITIC,533906400,282.79,United States
2365,Aquestive Therapeutics,AQST,533424512,4.25,United States
2366,Ur-Energy,URG,533137376,1.34,United States
2367,Sierra Bancorp,BSRR,532017824,41.04,United States
2368,Cogent Communications,CCOI,530082880,10.35,United States
2369,Evolus,EOLS,529724544,8.02,United States
2370,Strata Critical Medical,SRTA,528146816,5.97,United States
2371,Limbach Holdings,LMB,526911168,44.2,United States
2372,Evolent Health,EVH,526856480,4.66,United States
2373,Oil States International,OIS,526013248,8.72,United States
2374,MapLight Therapeutics,MPLT,525102912,11.58,United States
2375,Orange County Bancorp,OBT,524251328,39.1,United States
2376,Flushing Financial Corp,FFIC,524179680,15.47,United States
2377,Ovid Therapeutics,OVID,522592256,2.8,United States
2378,Gray Media,GTN,520071168,5.05,United States
2379,Bit Digital,BTBT,519900960,1.49,United States
2380,Universal Logistics Holdings,ULH,518428128,19.66,United States
2381,Veradigm,MDRX,516615808,4.74,United States
2382,SandRidge Energy,SD,516458880,13.93,United States
2383,The Elmet Group,ELMT,514154656,17.15,United States
2384,Fulgent Genetics,FLGT,513160192,18.65,United States
2385,The Oncology Institute,TOI,512912480,5.13,United States
2386,Eagle Point Credit Company,ECC,511647904,3.87,United States
2387,Johnson Outdoors,JOUT,511512704,48.81,United States
2388,West Bancorporation,WTBA,511312320,30.0,United States
2389,Evommune,EVMN,510630016,14.07,United States
2390,Wabash National,WNC,508807264,12.49,United States
2391,AMERISAFE,AMSF,508742624,27.2,United States
2392,Relmada Therapeutics,RLMD,506681792,4.75,United States
2393,Quad,QUAD,505798944,9.81,United States
2394,ARKO Corp.,ARKO,504835744,4.5,United States
2395,Aspen Aerogels,ASPN,503741920,6.07,United States
2396,C4 Therapeutics,CCCC,501942560,4.08,United States
2397,KKR Real Estate Finance Trust,KREF,501543264,7.8,United States
2398,Ponce Financial Group,PDLB,501173280,20.72,United States
2399,Idaho Strategic Resources,IDR,500223936,31.64,United States
2400,Kyverna Therapeutics,KYTX,499695008,8.08,United States
2401,OmniAb,OABI,498689088,3.43,United States
2402,Bank7,BSVN,498583296,52.34,United States
2403,NeuroPace,NPCE,498045184,14.51,United States
2404,Vital Farms,VITL,497576320,11.59,United States
2405,AMC Networks,AMCX,495824672,12.02,United States
2406,Pangaea Logistics Solutions,PANL,495636480,7.57,United States
2407,"ERock, Inc.",EROC,494265504,10.26,United States
2408,ATN International,ATNI,490904992,31.87,United States
2409,First Foundation,FFWM,489265120,5.9,United States
2410,Ginkgo Bioworks,DNA,487543616,7.24,United States
2411,Stitch Fix,SFIX,487004384,3.65,United States
2412,Farmers &amp; Merchants Bancorp,FMAO,486430112,35.33,United States
2413,"Deep Fission, Inc.",FISN,485973984,8.25,United States
2414,Commercial Bancgroup,CBK,485436000,35.43,United States
2415,Intrepid Potash,IPI,484171136,35.98,United States
2416,Cooper Standard,CPS,483855520,27.23,United States
2417,IBEX,IBEX,481874304,35.99,United States
2418,Summit Midstream,SMC,479807776,34.81,United States
2419,Ranpak,PACK,479388832,5.59,United States
2420,BioAge Labs,BIOA,478704768,10.43,United States
2421,BlossomHill Therapeutics,BLSM,475476992,16.35,United States
2422,Virgin Galactic,SPCE,475318208,3.14,United States
2423,Zion Oil &amp; Gas,ZNOG,474102912,0.4005,United States
2424,Build-A-Bear Workshop,BBW,473664576,37.78,United States
2425,Diamond Hill Investment Group,DHIL,473290400,174.99,United States
2426,Shoe Carnival,SCVL,473247296,17.43,United States
2427,NRC Health,NRC,471788800,21.31,United States
2428,El Pollo Loco,LOCO,470534336,15.45,United States
2429,Rimini Street,RMNI,469580704,5.03,United States
2430,Swarmer,SWMR,466764512,42.99,United States
2431,Calavo Growers,CVGW,466334752,26.09,United States
2432,Citizens &amp; Northern Corp,CZNC,466306560,26.0,United States
2433,Valhi,VHI,465855712,16.46,United States
2434,RBB Bancorp,RBB,465527328,27.52,United States
2435,Havertys,HVT,464833792,28.88,United States
2436,i3 Verticals,IIIV,464501056,16.63,United States
2437,iHeartMedia,IHRT,464367488,3.0,United States
2438,Bank of Marin Bancorp,BMRC,461859968,28.52,United States
2439,LendingTree,TREE,461480352,32.87,United States
2440,American Coastal Insurance Corporation,ACIC,461350496,9.76,United States
2441,Caleres,CAL,461187168,13.73,United States
2442,Priority Technology Holdings,PRTH,458368448,5.56,United States
2443,Sight Sciences,SGHT,458332064,8.32,United States
2444,Ocugen,OCGN,457799040,1.35,United States
2445,Q32 Bio,QTTB,457556704,15.37,United States
2446,Eventbrite,EB,452958144,4.51,United States
2447,Gladstone Capital Corporation,GLAD,451861376,20.0,United States
2448,Puma Biotechnology,PBYI,449610752,8.71,United States
2449,Acacia Research,ACTG,448899296,4.6,United States
2450,Hamilton Beach Brands,HBB,446957536,33.25,United States
2451,AdvanSix,ASIX,446329632,16.53,United States
2452,WideOpenWest,WOW,445855520,5.2,United States
2453,Larimar Therapeutics,LRMR,443580128,4.27,United States
2454,Tejon Ranch,TRC,443421888,16.41,United States
2455,Rezolute,RZLT,442944704,4.6,United States
2456,Plumas Bancorp,PLBC,442384640,63.57,United States
2457,Cabaletta Bio,CABA,441878528,2.71,United States
2458,Andersen Group,ANDG,440472992,34.82,United States
2459,Dine Brands Global,DIN,439905472,34.75,United States
2460,Titan International,TWI,438242560,6.79,United States
2461,Weyco Group,WEYS,437435008,45.8,United States
2462,Magnera,MAGN,433252000,12.17,United States
2463,Community Healthcare Trust,CHCT,432005504,15.12,United States
2464,Editas Medicine,EDIT,431559872,2.81,United States
2465,Benitec Biopharma,BNTC,431490464,12.56,United States
2466,Boston Omaha,BOC,430863008,14.26,United States
2467,Marqeta,MQ,430390752,4.06,United States
2468,Serve Robotics,SERV,428335072,4.94,United States
2469,Farmland Partners,FPI,428256416,9.75,United States
2470,Cross Country Healthcare,CCRN,428060928,13.25,United States
2471,Prelude Therapeutics,PRLD,426898848,5.36,United States
2472,"Merlin, Inc.",MRLN,426636288,4.42,United States
2473,Weave Communications,WEAV,425595328,5.32,United States
2474,X4 Pharmaceuticals,XFOR,425339520,4.29,United States
2475,Investar Holding,ISTR,424883488,30.84,United States
2476,FRP Holdings,FRPH,424429888,22.14,United States
2477,ProKidney,PROK,424393760,1.405,United States
2478,Barnes &amp; Noble Education,BNED,424034880,12.24,United States
2479,PureTech Health,PRTC,424034496,17.42,United States
2480,Advantage Solutions,ADV,423005376,32.99,United States
2481,Bed Bath &amp; Beyond,BBBY,422973376,4.44,United States
2482,PowerFleet,AIOT,421469408,3.14,United States
2483,loanDepot,LDI,420144928,0.9455,United States
2484,Envela Corporation,ELA,420089056,16.18,United States
2485,Titan Machinery,TITN,419905280,18.02,United States
2486,Community Health Systems,CYH,418797792,2.97,United States
2487,Pioneer Bancorp,PBFS,418067904,17.29,United States
2488,908 Devices,MASS,417883744,10.11,United States
2489,Bumble,BMBL,416749600,2.72,United States
2490,ThredUp,TDUP,416327680,3.17,United States
2491,Orthofix Medical,OFIX,414657952,10.18,United States
2492,Primis Financial,FRST,413400544,16.67,United States
2493,Parke Bancorp,PKBK,413180448,35.13,United States
2494,Xerox,XRX,412327584,3.14,United States
2495,Star Group,SGU,411080832,12.52,United States
2496,Everspin Technologies,MRAM,409810624,16.83,United States
2497,Paysafe,PSFE,408759936,7.91,United States
2498,Senseonics Holdings,SENS,408716416,7.73,United States
2499,AIAI Holdings Corporation,AIAI,407821152,5.8,United States
2500,Innovative Aerosystems,ISSC,407328384,22.765,United States
2501,Compass Therapeutics,CMPX,406998688,2.26,United States
2502,Lexeo Therapeutics,LXEO,406949440,4.96,United States
2503,Radiant Logistics,RLGT,406498848,8.68,United States
2504,Atea Pharmaceuticals,AVIR,405737376,5.07,United States
2505,Ranger Energy Services,RNGR,405323040,17.32,United States
2506,L.B. Foster,FSTR,404274496,38.43,United States
2507,Aimco,AIV,402655136,2.61,United States
2508,First Bancorp,FNLC,400748736,35.52,United States
2509,Gevo,GEVO,400524096,1.62,United States
2510,PCB Bancorp,PCB,400411616,28.51,United States
2511,Shoulder Innovations,SI,400348512,19.23,United States
2512,Energy Recovery,ERII,399170944,7.82,United States
2513,Acco Brands,ACCO,398768704,4.32,United States
2514,Newegg,NEGG,397026912,18.93,United States
2515,MVB Financial,MVBF,396805728,30.6,United States
2516,Nathan's Famous,NATH,396338432,96.8,United States
2517,First Carolina Financial Services,FCBM,396127872,12.75,United States
2518,Clean Energy Fuels,CLNE,394596544,1.79,United States
2519,Genesco,GCO,394297536,35.5,United States
2520,TruBridge,TBRG,393577312,26.24,United States
2521,Orion Group Holdings,ORN,391994400,9.68,United States
2522,Enanta Pharmaceuticals,ENTA,391445376,13.44,United States
2523,Clearfield,CLFD,390402848,28.74,United States
2524,Lands' End,LE,390101600,12.69,United States
2525,Cerence,CRNC,389432480,8.61,United States
2526,CompX International,CIX,389285376,31.59,United States
2527,OPAL Fuels,OPAL,388833376,2.225,United States
2528,MGP Ingredients,MGPI,388665472,18.15,United States
2529,NexPoint Real Estate Finance,NREF,388585920,16.87,United States
2530,"Mobia Medical, Inc.",MOBI,388348416,11.68,United States
2531,ZipRecruiter,ZIP,388107456,4.72,United States
2532,Genie Energy,GNE,385845696,14.66,United States
2533,Foghorn Therapeutics,FHTX,385410688,6.49,United States
2534,Waterstone Financial,WSBF,384888160,21.41,United States
2535,Richtech Robotics,RR,384585056,1.72,United States
2536,Scribe Therapeutics,SCTX,384267552,20.37,United States
2537,CION Investment Corporation,CION,382381120,7.68,United States
2538,Perma-Fix Environmental Services,PESI,380815776,17.96,United States
2539,Upstream Bio,UPB,378467872,6.91,United States
2540,NewtekOne,NEWT,377523424,13.07,United States
2541,Lifeway Foods,LWAY,377462656,24.7,United States
2542,Ribbon Communications,RBBN,377317280,2.11,United States
2543,Chaince Digital Holdings,CD,377313056,3.43,United States
2544,Gogo Inflight Internet,GOGO,376711840,2.78,United States
2545,Open Lending,LPRO,371532640,3.14,United States
2546,Simulations Plus,SLP,370316768,18.31,United States
2547,Dave & Buster's,PLAY,369803840,10.63,United States
2548,Artesian Resources,ARTNA,368582432,35.7,United States
2549,Rocket Pharmaceuticals,RCKT,366647168,3.34,United States
2550,Blend Labs,BLND,366595616,1.55,United States
2551,M-tron Industries,MPTI,365032288,84.47,United States
2552,Portillo's,PTLO,364406368,5.025,United States
2553,Holley,HLLY,362490080,2.99,United States
2554,Abeona Therapeutics,ABEO,361634176,6.345,United States
2555,Southern States Bancshares,SSBK,361068608,36.37,United States
2556,Timberland Bancorp,TSBK,360946496,46.42,United States
2557,Orion S.A.,OEC,360049600,6.37,United States
2558,Jack in the Box,JACK,357821056,18.76,United States
2559,Gladstone Land,LAND,357602176,8.29,United States
2560,Pacific Biosciences,PACB,357455360,1.15,United States
2561,"TWFG, Inc.",TWFG,356770720,27.45,United States
2562,Galectin Therapeutics,GALT,355999264,3.53,United States
2563,Clearwater Paper,CLW,353949312,21.95,United States
2564,Perspective Therapeutics,CATX,353870144,3.1,United States
2565,International Money Express,IMXI,353476032,11.7,United States
2566,Sutro Biopharma,STRO,353344736,21.31,United States
2567,Rocky Brands,RCKY,352829792,47.12,United States
2568,Syntec Optics,OPTX,352448960,8.75,United States
2569,Monro,MNRO,352152320,11.27,United States
2570,Oportun Financial,OPRT,351342592,7.64,United States
2571,Presidio Production Company,FTW,351196832,11.21,United States
2572,Alpine Income Property Trust,PINE,349291744,19.68,United States
2573,Viemed Healthcare,VMD,349269056,9.17,United States
2574,Ring Energy,REI,349123072,1.34,United States
2575,Horizon Technology Finance,HRZN,348814304,5.11,United States
2576,Twin Disc,TWIN,348599744,24.17,United States
2577,ON24,ONTF,348249024,8.1,United States
2578,Nano Dimension,NNDM,347884352,1.65,United States
2579,TriSalus Life Sciences,TLSI,346664992,5.63,United States
2580,The RMR Group,RMR,346045376,20.26,United States
2581,Civeo,CVEO,344320800,33.31,United States
2582,Telos,TLS,343789248,4.6,United States
2583,American Battery Technology Company,ABAT,342400192,2.51,United States
2584,Microvast,MVST,341235904,0.8874,United States
2585,Value Line,VALU,341132224,36.34,United States
2586,Verano Holdings,VRNOF,340106912,0.94,United States
2587,CapsoVision,CV,339252736,6.79,United States
2588,BayCom (United Business Bank),BCML,339178816,31.06,United States
2589,Strattec Security,STRT,337646976,80.8,United States
2590,Repay Holdings,RPAY,337372544,3.83,United States
2591,Lyell Immunopharma,LYEL,336700608,13.74,United States
2592,Immuneering,IMRX,336426464,5.2,United States
2593,"TSS, Inc.",TSSI,335764512,11.96,United States
2594,Funko,FNKO,334854688,5.98,United States
2595,CoastalSouth Bancshares,COSO,334844032,28.01,United States
2596,CPI Card Group,PMTS,334389408,29.0,United States
2597,Bakkt Holdings,BKKT,330831232,7.4,United States
2598,Fossil Group,FOSL,329786912,5.58,United States
2599,Onity Group,ONIT,329752928,39.47,United States
2600,Vista Gold,VGZ,328435520,2.25,United States
2601,John Marshall Bancorp,JMSB,328248256,23.26,United States
2602,Matrix Service Company,MTRX,328040672,11.66,United States
2603,One Stop Systems,OSS,326965088,13.11,United States
2604,SuRo Capital,SSSS,326920416,12.54,United States
2605,Lightbridge Corporation,LTBR,326634560,8.72,United States
2606,Alto Ingredients,ALTO,325787520,4.2,United States
2607,Aeluma,ALMU,322173920,17.6,United States
2608,Public Policy Holding Company,PPHC,321201728,10.63,United States
2609,Neumora Therapeutics,NMRA,320541728,1.73,United States
2610,Xperi,XPER,320430880,6.57,United States
2611,NL Industries,NL,319308768,6.53,United States
2612,Zumiez,ZUMZ,318884864,18.9,United States
2613,Friedman Industries,FRD,318877472,44.21,United States
2614,PrimeEnergy Resources,PNRG,316464608,195.59,United States
2615,NACCO Industries,NC,316281984,41.91,United States
2616,Agenus,AGEN,315067712,7.0,United States
2617,Saratoga Investment,SAR,314381888,19.55,United States
2618,Chain Bridge Bancorp,CBNA,314179808,47.88,United States
2619,Sanara MedTech,SMTI,314034976,34.16,United States
2620,NI Holdings,NODK,313008480,15.34,United States
2621,Transcontinental Realty Investors,TCI,312002208,35.56,United States
2622,Designer Brands,DBI,311771264,6.14,United States
2623,E. W. Scripps Company,SSP,310441120,3.35,United States
2624,Palladyne AI,PDYN,310339232,6.29,United States
2625,Maui Land &amp; Pineapple Company,MLP,309689216,15.59,United States
2626,TrueBlue,TBI,308705664,10.14,United States
2627,First Western Financial,MYFW,308578080,31.6,United States
2628,Movano,MOVE,308138528,11.15,United States
2629,Alico,ALCO,304457760,41.04,United States
2630,Vanda Pharmaceuticals,VNDA,304127328,5.03,United States
2631,Gloo Holdings,GLOO,303875840,3.47,United States
2632,8x8,EGHT,303314560,2.1,United States
2633,Myriad Genetics,MYGN,303209376,3.17,United States
2634,Anavex Life Sciences,AVXL,303118656,3.27,United States
2635,BRC Group Holdings,RILY,303106144,7.54,United States
2636,Flexsteel Industries,FLXS,303066144,74.36,United States
2637,American Resources Corp,AREC,301658976,2.82,United States
2638,Regional Management Corp.,RM,301498944,32.68,United States
2639,Richardson Electronics,RELL,299873792,20.41,United States
2640,B&amp;G Foods,BGS,299094464,3.68,United States
2641,"NN, Inc.",NNBR,298116896,3.61,United States
2642,Zentalis Pharmaceuticals,ZNTL,297438432,4.15,United States
2643,CS Disco,LAW,297332512,4.58,United States
2644,Alliance Entertainment,AENT,296062304,5.81,United States
2645,fuboTV,FUBO,296001920,9.8,United States
2646,Cresco Labs,CRLBF,295843424,0.7985,United States
2647,Princeton Bancorp,BPRN,295829184,43.42,United States
2648,Sionna Therapeutics,SION,295689088,6.54,United States
2649,Cadiz Inc.,CDZI,295142880,3.51,United States
2650,Ready Capital,RC,294609568,1.78,United States
2651,Standard BioTools,LAB,294355616,0.7498,United States
2652,Jakks Pacific,JAKK,294136832,25.7,United States
2653,Duos Technologies Group,DUOT,294027488,9.36,United States
2654,Fate Therapeutics,FATE,293729152,2.52,United States
2655,Turn Therapeutics,TTRX,293710080,9.86,United States
2656,Treace Medical Concepts,TMCI,293305856,4.51,United States
2657,Runway Growth Finance,RWAY,292112032,6.97,United States
2658,RxSight,RXST,291568736,7.01,United States
2659,Omega Flex,OFLX,290817408,28.81,United States
2660,Entrada Therapeutics,TRDA,290078176,7.45,United States
2661,Embecta,EMBC,289530560,5.11,United States
2662,C&amp;F Financial Corporation,CFFI,287709632,88.48,United States
2663,Escalade Sports,ESCA,286609664,20.82,United States
2664,Eledon Pharmaceuticals,ELDN,285594944,3.7,United States
2665,LCNB Corp.,LCNB,284814656,19.98,United States
2666,Anika Therapeutics,ANIK,283317376,21.17,United States
2667,Fulcrum Therapeutics,FULC,283062816,3.71,United States
2668,J.Jill,JILL,282731264,18.91,United States
2669,Aviat Networks,AVNW,282339072,21.82,United States
2670,Kingstone Companies,KINS,281850304,19.47,United States
2671,Western New England Bancorp,WNEB,281644512,14.05,United States
2672,Ames National Corp.,ATLO,281482464,31.78,United States
2673,Amtech Systems,ASYS,280129600,16.0,United States
2674,Marine Products Corporation,MPX,280037408,8.18,United States
2675,Tredegar,TG,277908480,7.98,United States
2676,The Hackett Group,HCKT,277388256,11.15,United States
2677,OraSure Technologies,OSUR,277253856,4.02,United States
2678,Hawthorn Bancshares,HWBK,277131232,40.16,United States
2679,TechTarget,TTGT,277034080,3.83,United States
2680,SmartRent,SMRT,275920992,1.44,United States
2681,Middlefield Banc,MBCN,273627936,33.67,United States
2682,Pure Cycle (water),PCYO,273264192,11.34,United States
2683,AerSale,ASLE,272997088,5.72,United States
2684,Lantronix,LTRX,271666368,6.09,United States
2685,National Bankshares,NKSH,271485312,42.63,United States
2686,Nature's Sunshine Products,NATR,269211456,15.3,United States
2687,BRT Apartments,BRT,268743840,14.3,United States
2688,ALX Oncology,ALXO,268257376,1.94,United States
2689,Lineage Cell Therapeutics,LCTX,268081888,1.06,United States
2690,Claros Mortgage Trust,CMTG,268059984,1.9,United States
2691,Montauk Renewables,MNTK,267601328,1.88,United States
2692,Orchestra BioMed,OBIO,267467456,4.45,United States
2693,Whitehawk Therapeutics,WHWK,266802144,4.68,United States
2694,Rare Earths Americas,REA,266558512,13.39,United States
2695,Ares Commercial Real Estate,ACRE,264090112,4.76,United States
2696,Chicago Atlantic Real Estate Finance,REFI,263897808,10.3,United States
2697,Gencor Industries,GENC,263838640,18.0,United States
2698,Cartesian Therapeutics,RNAC,263826672,8.72,United States
2699,MBIA,MBI,262224512,5.14,United States
2700,SEACOR Marine,SMHI,261831760,9.65,United States
2701,Slam Corp,SLMWF,261266432,11.14,United States
2702,NexPoint Diversified Real Estate Trust,NXDT,261205072,5.05,United States
2703,Comstock Inc.,LODE,261141024,3.44,United States
2704,"1-800-Flowers.com, Inc.",FLWS,260880848,4.07,United States
2705,MacroGenics,MGNX,259337536,4.08,United States
2706,LoveSac,LOVE,258368080,17.65,United States
2707,Richmond Mutual Bancorporation,RMBI,256387072,15.99,United States
2708,Infinity Natural Resources,INR,256327888,13.75,United States
2709,LiveWire Group,LVWR,255952288,1.25,United States
2710,First Internet Bancorp,INBK,255719056,29.28,United States
2711,Global Water Resources,GWRS,255708720,8.89,United States
2712,Outdoor Holding Company,POWW,255233792,2.2,United States
2713,Virginia National Bankshares,VABK,254153184,46.87,United States
2714,Stellus Capital Investment Corporation,SCM,253756224,8.91,United States
2715,National CineMedia,NCMI,252108784,2.68,United States
2716,Conduent,CNDT,251943696,1.62,United States
2717,InfuSystem,INFU,251867664,12.48,United States
2718,USANA,USNA,251650848,13.63,United States
2719,OpGen,OPGN,251197920,24.75,United States
2720,Biodesix,BDSX,251011104,23.79,United States
2721,Asure Software,ASUR,250672576,8.68,United States
2722,Limoneira,LMNR,250403040,13.81,United States
2723,Information Services Group,III,250297616,5.17,United States
2724,Silvaco Group,SVCO,250076912,7.38,United States
2725,PennantPark Investment,PNNT,249431088,3.82,United States
2726,FutureFuel,FF,249143648,5.68,United States
2727,U.S. Gold Corp,USAU,248507520,15.06,United States
2728,Immersion Corporation,IMMR,247943488,7.47,United States
2729,AVITA Medical,RCEL,247724064,8.01,United States
2730,Sidus Space,SIDU,247268704,2.54,United States
2731,American Realty Investors,ARL,246480176,15.26,United States
2732,HireQuest,HQI,245999296,17.71,United States
2733,"Suja Life, Inc.",SUJA,244496320,6.33,United States
2734,Capricor Therapeutics,CAPR,243809072,4.21,United States
2735,AirSculpt Technologies,AIRS,243681808,3.38,United States
2736,Huuuge,HUG.WA,243611128,5.92381,United States
2737,FreightCar America,RAIL,242983376,7.41,United States
2738,Niagen Bioscience,NAGE,242915200,3.05,United States
2739,Third Harmonic Bio,THRD,242787568,5.38,United States
2740,Kaltura,KLTR,242556432,1.59,United States
2741,Xponential Fitness,XPOF,241147792,4.87,United States
2742,Akebia Therapeutics,AKBA,240971584,0.8696,United States
2743,RideNow Group,RDNW,240698416,6.17,United States
2744,Greenwich LifeSciences,GLSI,240429040,16.38,United States
2745,Hudson Technologies,HDSN,238431616,5.665,United States
2746,"QumulusAI, Inc.",QMLS,237635152,7.23,United States
2747,Peoples Bancorp of North Carolina,PEBK,237118336,44.56,United States
2748,CuriosityStream,CURI,236557520,3.99,United States
2749,Nu Skin,NUS,236081664,4.85,United States
2750,OP Bancorp (Open Bank),OPBK,235039360,15.74,United States
2751,Motorcar Parts of America,MPAA,234582448,12.39,United States
2752,CAMP4 Therapeutics,CAMP,233666096,4.5,United States
2753,Alta Equipment Group,ALTG,233568144,7.15,United States
2754,Acme United,ACU,232981424,60.77,United States
2755,Protara Therapeutics,TARA,232836224,3.94,United States
2756,Emergent BioSolutions,EBS,230217264,4.49,United States
2757,Spok Holdings,SPOK,230099488,11.0,United States
2758,RCI Hospitality Holdings,RICK,230080608,30.07,United States
2759,Quicklogic,QUIK,230048960,12.56,United States
2760,Torrid Holding,CURV,229892080,2.31,United States
2761,Turtle Beach Corp,TBCH,229781600,12.83,United States
2762,Utah Medical Products,UTMD,229553280,72.1,United States
2763,Optimum Communications,OPTU,227864800,0.836,United States
2764,Alector,ALEC,227780112,2.04,United States
2765,Franklin Covey,FC,227345648,20.13,United States
2766,SES AI,SES,227116496,0.6117,United States
2767,"AstroNova, Inc.",ALOT,226610704,28.9,United States
2768,Organogenesis,ORGO,226467200,1.76,United States
2769,RGC Resources,RGCO,226312752,21.72,United States
2770,Immunic,IMUX,226225264,16.58,United States
2771,AN2 Therapeutics,ANTX,225662688,5.98,United States
2772,Forrester Research,FORR,224469808,11.79,United States
2773,Arcturus Therapeutics,ARCT,223405312,7.86,United States
2774,Core Molding Technologies,CMT,221104384,25.82,United States
2775,Lifetime Brands,LCUT,220003152,9.57,United States
2776,Vuzix,VUZI,219537808,2.64,United States
2777,Ohio Valley Banc Corp,OVBC,218072288,46.29,United States
2778,Pro-Dex,PDEX,216788336,67.9,United States
2779,Shutterstock,SSTK,216513440,5.86,United States
2780,American Well,AMWL,216207760,12.94,United States
2781,CARGO Therapeutics,CRGX,216188416,4.47,United States
2782,Chicago Atlantic BDC,LIEN,216087152,9.44,United States
2783,Perma-Pipe International,PPIH,215818928,26.56,United States
2784,Silver Bow Mining,SBMT,215262768,7.29,United States
2785,Modiv Industrial,MDV,215101808,18.05,United States
2786,Tonix Pharmaceuticals,TNXP,214387808,12.5,United States
2787,TPG Mortgage Investment Trust,MITT,213719360,6.72,United States
2788,Conexeu Sciences,CNXU,213263888,7.97,United States
2789,Smart Sand,SND,212779104,4.95,United States
2790,Octave Specialty Group,OSG,212192512,4.71,United States
2791,Crexendo,CXDO,211996528,6.54,United States
2792,Black Rifle Coffee Company (BRCC),BRCC,211542960,0.8452,United States
2793,Atomera,ATOM,211510304,5.42,United States
2794,Keros Therapeutics,KROS,211357824,10.66,United States
2795,Neuronetics,STIM,210851152,3.03,United States
2796,Unisys,UIS,209997952,2.88,United States
2797,Beyond Meat,BYND,209938320,0.407,United States
2798,Superior Group of Companies,SGC,209679392,13.15,United States
2799,EVI Industries,EVI,209380480,16.27,United States
2800,Angel Oak Mortgage REIT,AOMR,208933888,9.0,United States
2801,SIGA Technologies,SIGA,206927184,2.88,United States
2802,PepGen,PEPG,206393376,2.98,United States
2803,eGain,EGAN,206150112,7.51,United States
2804,Cable One,CABO,205963472,36.3,United States
2805,Soluna Holdings,SLNH,205071568,1.3,United States
2806,RCM Technologies,RCMT,204973792,28.92,United States
2807,OneWater Marine,ONEW,203487216,12.21,United States
2808,GrafTech,EAF,202913008,7.79,United States
2809,NeoVolta,NEOV,202489584,3.44,United States
2810,Expensify,EXFY,202434400,2.22,United States
2811,Invivyd,IVVD,202012336,0.6857,United States
2812,Precision BioSciences,DTIL,201491344,7.3,United States
2813,Stoneridge,SRI,201371488,7.06,United States
2814,Amplify Energy,AMPY,200234640,4.83,United States
2815,Kolibri Global Energy,KGEI,199532832,5.6,United States
2816,Rhinebeck Bancorp,RBKB,199074752,12.73,United States
2817,Voyager Therapeutics,VYGR,198409792,3.22,United States
2818,Citizens Inc,CIA,197508128,3.9,United States
2819,GCT Semiconductor,GCTS,196815232,2.14,United States
2820,Landmark Bancorp,LARK,196742224,32.25,United States
2821,Korro Bio,KRRO,195703840,13.29,United States
2822,Angi Inc.,ANGI,195363920,4.83,United States
2823,Corbus Pharmaceuticals,CRBP,194960224,10.08,United States
2824,flyExclusive,FLYX,194575024,1.28,United States
2825,Hanover Bancorp,HNVR,193671392,27.45,United States
2826,SWK Holdings,SWKH,192326064,15.9,United States
2827,"Belpointe PREP, LLC",OZ,191029008,47.125,United States
2828,Pyxis Oncology,PYXS,190700000,3.01,United States
2829,FinWise Bancorp,FINW,189984992,13.88,United States
2830,Tharimmune,THAR,187371472,4.74,United States
2831,"Domo, Inc.",DOMO,187203920,3.98,United States
2832,Wheels Up,UP,187183328,5.16,United States
2833,Minerva Neurosciences,NERV,187170432,3.92,United States
2834,United Security Bancshares,UBFO,185027760,10.51,United States
2835,Streamex Corp.,STEX,184714000,0.8658,United States
2836,Acumen Pharmaceuticals,ABOS,184180336,2.55,United States
2837,Lucid Diagnostics,LUCD,184075456,0.9649,United States
2838,Commerce.com,CMRC,183946960,2.22,United States
2839,Westwood Holdings Group,WHG,183896544,19.27,United States
2840,Red Robin,RRGB,183146544,9.9,United States
2841,Journey Medical,DERM,183104752,6.65,United States
2842,Douglas Elliman,DOUG,182689840,2.01,United States
2843,"Owlet, Inc.",OWLT,182230992,6.27,United States
2844,ECB Bancorp,ECBK,182181088,20.85,United States
2845,Lee Enterprises,LEE,181011392,8.12,United States
2846,BV Financial,BVFL,180423856,21.3,United States
2847,MainStreet Bancshares,MNSB,179308688,25.18,United States
2848,Oramed Pharmaceuticals,ORMP,179256240,4.38,United States
2849,Lifecore Biomedical,LFCR,179044976,4.73,United States
2850,Armata Pharmaceuticals,ARMP,176946096,4.82,United States
2851,Coherus BioSciences,CHRS,176131088,1.14,United States
2852,Codexis,CDXS,175209232,1.6,United States
2853,Seven Hills Realty Trust,SEVN,174908992,7.72,United States
2854,inTEST Corporation,INTT,174302432,13.59,United States
2855,DHI Group,DHX,174131024,4.01,United States
2856,Waldencast,WALD,173150832,1.35,United States
2857,Quantum-Si,QSI,172030528,0.79,United States
2858,SB Financial Group,SBFG,170956800,27.34,United States
2859,Taylor Devices,TAYD,170162256,52.86,United States
2860,Bassett Furniture,BSET,169961808,19.63,United States
2861,Jeld-Wen,JELD,168856592,1.96,United States
2862,Tingo Group,TIO,166947568,0.69,United States
2863,Ellington Credit Company,EARN,166805472,4.44,United States
2864,LifeMD,LFMD,166774896,3.46,United States
2865,Outlook Therapeutics,OTLK,166202928,0.8888,United States
2866,OptimizeRx,OPRX,164757360,8.78,United States
2867,Nkarta,NKTX,164737024,2.3,United States
2868,Tenaya Therapeutics,TNYA,164360592,0.733,United States
2869,Inspired Entertainment,INSE,164212656,6.23,United States
2870,KORE Group,KORE,163005168,9.25,United States
2871,BCB Bancorp,BCBP,162916400,9.0,United States
2872,1stdibs.com,DIBS,162698016,4.84,United States
2873,Quipt Home Medical,QIPT,162297152,3.65,United States
2874,Orion Properties,ONL,161436528,2.83,United States
2875,Epsilon Energy,EPSN,160922640,5.32,United States
2876,Oxford Square Capital,OXSQ,160484592,1.49,United States
2877,TON Strategy Co.,TONX,160259488,2.91,United States
2878,PEDEVCO,PED,160155376,12.05,United States
2879,SITE Centers,SITC,158475520,3.02,United States
2880,Hooker Furnishings,HOFT,158117088,14.72,United States
2881,Digimarc,DMRC,157744768,7.04,United States
2882,ReposiTrak,TRAK,157564800,8.67,United States
2883,OnKure Therapeutics,OKUR,157542368,3.9,United States
2884,Mammoth Energy Services,TUSK,154489552,3.21,United States
2885,The Eastern Company,EML,154440624,25.665,United States
2886,Stratus Properties,STRS,154226208,19.32,United States
2887,Inogen,INGN,154187728,5.81,United States
2888,Shimmick,SHIM,154182624,3.73,United States
2889,Proficient Auto Logistics,PAL,153730032,5.48,United States
2890,KORU Medical Systems,KRMD,153521584,3.325,United States
2891,DMC Global,BOOM,153440880,7.47,United States
2892,WhiteHorse Finance,WHF,152482944,7.1,United States
2893,Assertio Holdings,ASRT,151861232,23.5,United States
2894,ChargePoint,CHPT,151136496,6.19,United States
2895,Duluth Holdings,DLTH,150868224,3.97,United States
2896,MaxCyte,MXCT,148899120,1.39,United States
2897,PLBY Group (Playboy),PLBY,148561536,1.24,United States
2898,Braemar Hotels &amp; Resorts,BHR,148319152,2.02,United States
2899,Humacyte,HUMA,148300976,0.55,United States
2900,SKYX Platforms,SKYX,147932496,1.1,United States
2901,Smith-Midland Corporation,SMID,147256880,27.75,United States
2902,RGP (Resources Connection),RGP,145352080,4.22,United States
2903,Clarus,CLAR,145112112,3.79,United States
2904,LENZ Therapeutics,LENZ,144533584,4.6,United States
2905,Elme Communities,ELME,143949760,1.62,United States
2906,KVH Industries,KVHI,143313600,7.9,United States
2907,NET Power,NPWR,143181760,1.62,United States
2908,Spruce Biosciences,SPRB,143039632,49.77,United States
2909,NRx Pharmaceuticals,NRXP,142953392,3.34,United States
2910,Hurco Companies,HURC,142932432,22.07,United States
2911,Aardvark Therapeutics,AARD,140281856,6.41,United States
2912,Affinity Bancshares,AFBI,140182352,23.0,United States
2913,Clipper Realty,CLPR,139317872,3.28,United States
2914,"Nerdy, Inc,",NRDY,138821360,0.7245,United States
2915,Veritone,VERI,138502064,1.49,United States
2916,Skillz,SKLZ,137970800,8.84,United States
2917,Vaxart,VXRT,137796128,0.5693,United States
2918,Stereotaxis,STXS,137487408,1.38,United States
2919,KULR Technology Group,KULR,137383776,2.97,United States
2920,First Guaranty Bancshares,FGBI,137109088,8.29,United States
2921,Quanterix,QTRX,135258160,2.86,United States
2922,Lake Shore Bancorp,LSBK,135085152,17.2,United States
2923,Legacy Education,LGCY,133985088,10.59,United States
2924,Getty Images,GETY,133252344,0.3165,United States
2925,NCS Multistage,NCSM,132433432,50.46,United States
2926,Fluent,FLNT,132377528,4.19,United States
2927,Health Catalyst,HCAT,131698672,1.75,United States
2928,Commercial Vehicle Group (CVG),CVGI,130024576,3.2,United States
2929,Medifast,MED,128354464,11.48,United States
2930,Apyx Medical,APYX,128057032,3.04,United States
2931,Seritage Growth Properties,SRG,127856856,2.27,United States
2932,Equillium,EQ,127085376,2.01,United States
2933,SelectQuote,SLQT,125912312,0.714,United States
2934,Magyar Bancorp,MGYR,125635456,19.44,United States
2935,Aemetis,AMTX,125575088,1.74,United States
2936,Broadwind,BWEN,125384080,5.3,United States
2937,Oconee Federal Financial,OFED,125132624,21.5,United States
2938,Ultralife Corporation,ULBI,123974720,7.44,United States
2939,Tillys,TLYS,122258568,4.01,United States
2940,Rent the Runway,RENT,122254600,3.64,United States
2941,Union Bankshares,UNB,121618896,24.59,United States
2942,vTv Therapeutics,VTVT,121507480,30.85,United States
2943,Insight Molecular Diagnostics,IMDX,121407096,3.71,United States
2944,Fonar Corporation,FONR,120195888,19.09,United States
2945,Unifi,UFI,120073664,6.46,United States
2946,Sound Financial Bancorp,SFBC,119619448,46.58,United States
2947,ALT5 Sigma,ALTS,119560224,0.855,United States
2948,The Joint Corp.,JYNT,119085360,8.42,United States
2949,Smith Douglas Homes,SDHC,118921496,14.17,United States
2950,Venu Holding Corporation,VENU,118618696,2.05,United States
2951,U.S. GoldMining,USGO,118512104,8.54,United States
2952,Polaryx Therapeutics,PLYX,118358240,2.5,United States
2953,Genelux,GNLX,117930296,2.63,United States
2954,Lakeland Industries,LAKE,117344360,11.89,United States
2955,GoPro,GPRO,116551432,0.6317,United States
2956,Seer Inc,SEER,116281232,2.1,United States
2957,a.k.a. Brands,AKA,116085336,10.7267,United States
2958,Vivani Medical,VANI,115555040,1.34,United States
2959,Nautilus Biotechnology,NAUT,113100184,0.89,United States
2960,Microbot Medical,MBOT,112836864,1.68,United States
2961,Provident Financial Holdings,PROV,112628976,18.01,United States
2962,Tile Shop Holdings,TTSH,111899088,2.81,United States
2963,GrowGeneration,GRWG,110567264,1.84,United States
2964,Rani Therapeutics,RANI,109698256,0.7979,United States
2965,Coya Therapeutics,COYA,109548152,4.67,United States
2966,Cherry Hill Mortgage Investment,CHMI,109064192,2.91,United States
2967,Anixa Biosciences,ANIX,108873808,3.2,United States
2968,AMC Robotics Corporation,AMCI,108683792,4.81,United States
2969,First Northwest Bancorp,FNWB,108051944,11.36,United States
2970,"SoundThinking 
 (ShotSpotter)",SSTI,107129064,8.27,United States
2971,Riverview Bancorp,RVSB,107052848,5.31,United States
2972,Fractyl Health,GUTS,105377056,0.662,United States
2973,Solana Company,HSDT,105096016,1.8,United States
2974,Kewaunee Scientific Corporation,KEQU,104844072,36.55,United States
2975,HilleVax,HLVX,104762376,2.09,United States
2976,Logistic Properties of the Americas,LPA,104605496,3.3,United States
2977,Stabilis Solutions,SLNG,104325248,5.61,United States
2978,Park Dental Partners,PARK,104071992,23.05,United States
2979,Townsquare Media,TSQ,103920344,5.7,United States
2980,Synchronoss Technologies,SNCR,103560608,9.0,United States
2981,INNOVATE Corp.,VATE,102450416,7.51,United States
2982,Rafael Holdings,RFL,102439992,1.97,United States
2983,Pathfinder Bancorp,PBHC,102027952,16.25,United States
2984,LENSAR,LNSR,101568680,8.27,United States
2985,Team Inc,TISI,101301824,22.16,United States
2986,ACRES Commercial Realty,ACR,100691144,14.12,United States
2987,Zevia,ZVIA,100549016,1.3,United States
2988,Noodles &amp; Company,NDLS,100478552,16.84,United States
2989,Arq Inc.,ARQ,99564144,2.28,United States
2990,ReneSola,SOL,99563952,1.94,United States
2991,Fortress Biotech,FBIO,98992832,2.98,United States
2992,Surf Air Mobility,SRFM,97814960,0.7911,United States
2993,Rekor Systems,REKR,97619192,0.7094,United States
2994,HF Foods Group,HFFG,97560704,1.81,United States
2995,Virco Manufacturing,VIRC,97208576,6.18,United States
2996,Wrap Technologies,WRAP,96984552,1.74,United States
2997,Thryv,THRY,96877264,2.18,United States
2998,PodcastOne,PODC,95725624,3.17,United States
2999,Tigo Energy,TYGO,95647600,1.26,United States
3000,Zomedica Pharmaceuticals,ZOM,95349136,0.0973,United States
3001,Buzzfeed,BZFD,95001600,1.14,United States
3002,BCP Investment Corporation,BCIC,94858776,7.66,United States
3003,Hyperfine,HYPR,94733280,0.8933,United States
3004,Vera Bradley,VRA,94699376,3.33,United States
3005,Inovio Pharmaceuticals,INO,93003616,0.9001,United States
3006,New Fortress Energy,NFE,93002640,0.3256,United States
3007,Atlas Lithium,ATLX,92896304,3.15,United States
3008,Cullman Bancorp,CULL,92815808,16.15,United States
3009,Momentus Inc.,MNTS,92483856,4.91,United States
3010,DeFi Development,DFDV,91860520,3.05,United States
3011,Comscore,SCOR,91618736,6.07,United States
3012,Sotherly Hotels,SOHO,91583664,2.25,United States
3013,Ispire Technology,ISPR,91265040,1.59,United States
3014,Pulmonx,LUNG,91232368,2.16,United States
3015,Rallybio,RLYB,90066056,16.96,United States
3016,Golden Matrix Group,GMGI,89996768,0.6372,United States
3017,MicroVision,MVIS,89682360,3.77,United States
3018,electroCore,ECOR,89617896,9.94,United States
3019,Martin Midstream Partners,MMLP,89595536,2.29,United States
3020,Chegg,CHGG,89343816,0.8047,United States
3021,Ascend Wellness (AWH),AAWH,88368216,0.4351,United States
3022,PhenixFIN,PFX,88319824,45.7,United States
3023,Interlink Electronics,LINK,87727544,5.57,United States
3024,Summit State Bank,SSBI,87354984,12.9097,United States
3025,Blink Charging,BLNK,87108176,0.601,United States
3026,Aptera Motors,SEV,86976040,2.2,United States
3027,Aldeyra Therapeutics,ALDX,86870048,1.44,United States
3028,Drilling Tools International,DTI,86794272,2.46,United States
3029,Velo3D,VLDX,86513896,6.15,United States
3030,SkinHealth Systems,SKIN,85892904,0.66,United States
3031,Rapid Micro Biosystems,RPID,85271248,1.7,United States
3032,Accendra Health,ACH,84595176,1.1,United States
3033,Full House Resorts,FLL,84282304,2.3,United States
3034,Verrica Pharmaceuticals,VRCA,83488912,4.86,United States
3035,Gossamer Bio,GOSS,83250600,0.1703,United States
3036,Jushi Holdings,JUSHF,82261016,0.41193,United States
3037,Prairie Operating,PROP,82095024,0.84,United States
3038,Energous,WATT,81993912,14.905,United States
3039,Lifevantage,LFVN,81876680,6.49,United States
3040,MAIA Biotechnology,MAIA,81506632,1.34,United States
3041,LanzaTech Global,LNZA,81283704,6.21,United States
3042,Sono-Tek Corporation,SOTK,81019712,5.155,United States
3043,Great Elm Capital,GECC,80990624,5.83,United States
3044,Marchex,MCHX,80631096,1.82,United States
3045,Vivid Seats,SEAT,80486952,7.16,United States
3046,Outset Medical,OM,79887944,4.25,United States
3047,Acrivon Therapeutics,ACRV,79183200,1.85,United States
3048,Hennessy Advisors,HNNA,78965056,9.99,United States
3049,Orion Energy Systems,OESX,78923216,19.3,United States
3050,Vince Holding,VNCE,78882384,6.14,United States
3051,Sera Prognostics,SERA,78709032,2.01,United States
3052,MediaCo Holding,MDIA,78545560,0.9541,United States
3053,Skillsoft,SKIL,78376200,8.74,United States
3054,CVRx,CVRX,78326296,2.94,United States
3055,Blackboxstocks,BLBX,78138184,18.15,United States
3056,Silvercrest Asset Management Group,SAMG,78124120,10.17,United States
3057,"Air T, Inc.",AIRT,78058256,29.0,United States
3058,Genasys,GNSS,77876832,1.71,United States
3059,Siebert Financial,SIEB,77787776,1.9,United States
3060,Inseego,INSG,77669400,4.73,United States
3061,TTEC,TTEC,77394632,1.57,United States
3062,Adicet Bio,ACET,77325912,8.26,United States
3063,Steel Connect,STCN,77168096,12.18,United States
3064,Northern Technologies International,NTIC,76695368,8.08,United States
3065,Atara Biotherapeutics,ATRA,76676568,8.51,United States
3066,Research Solutions,RSSS,76594848,2.29,United States
3067,Annovis Bio,ANVS,76149944,1.79,United States
3068,Intellicheck,IDN,75942072,3.75,United States
3069,The InterGroup Corporation,INTG,75573712,35.17,United States
3070,Westwater Resources,WWR,75197576,0.5849,United States
3071,Travelzoo,TZOO,74425088,7.24,United States
3072,LeonaBio,LONA,73926952,7.87,United States
3073,Solitario Resources,XPL,73853880,0.78,United States
3074,Home Federal Bancorp (HFB Bank),HFBL,73049248,24.01,United States
3075,OS Therapies,OSTX,73001320,1.6,United States
3076,AudioEye,AEYE,72586744,5.81,United States
3077,Telomir Pharmaceuticals,TELO,72213704,1.05,United States
3078,Spero Therapeutics,SPRO,71797848,1.24,United States
3079,United Homes Group,UHG,71769208,1.22,United States
3080,Usio,USIO,71473624,2.59,United States
3081,XBiotech,XBIT,71036416,2.33,United States
3082,Regis Corporation,RGS,70078232,28.045,United States
3083,Ideal Power,IPWR,69955680,4.26,United States
3084,iBio,IBIO,69549984,1.4,United States
3085,Hour Loop,HOUR,69328024,1.97,United States
3086,WM Technology,MAPS,69195760,0.3999,United States
3087,Laser Photonics,LASE,68741384,1.37,United States
3088,Advanced Flower Capital,AFCG,68655280,3.01,United States
3089,Definitive Healthcare,DH,68391336,0.6407,United States
3090,BranchOut Food,BOF,68156328,4.45,United States
3091,Forian,FORA,67792720,2.17,United States
3092,Airgain,AIRG,67728208,5.17,United States
3093,Great Elm Group,GEG,67417568,2.15,United States
3094,Rein Therapeutics,RNTX,67361992,0.7875,United States
3095,5E Advanced Materials,FEAM,67254664,1.62,United States
3096,Cingulate,CING,67210488,4.99,United States
3097,Pliant Therapeutics,PLRX,66875652,1.08,United States
3098,Airship AI,AISP,66812748,1.94,United States
3099,NSTS Bancorp,NSTS,66796508,13.82,United States
3100,ImageneBio,IMA,66633044,5.87,United States
3101,Universal Electronics,UEIC,66615772,5.17,United States
3102,Geospace Technologies,GEOS,66488996,5.14,United States
3103,AMCON Distributing Company,DIT,66372284,68.0,United States
3104,Playstudios,MYPS,66246944,0.5515,United States
3105,Cato Fashion,CATO,65711440,3.34,United States
3106,BBX Capital Corporation,BBXIA,65579672,3.9,United States
3107,MindWalk Holdings,HYFT,65312340,1.39,United States
3108,PMV Pharmaceuticals,PMVP,64798100,1.215,United States
3109,DocGo,DCGO,64522060,0.6532,United States
3110,MediciNova,MNOV,64479832,1.31,United States
3111,GEN Restaurant Group,GENK,64281008,1.95,United States
3112,Off the Hook YS Inc,OTH,64247460,2.57,United States
3113,Identiv,INVE,64111792,2.65,United States
3114,Teads,TEAD,63624676,0.6488,United States
3115,Heron Therapeutics,HRTX,63486612,0.3344,United States
3116,Boundless Bio,BOLD,63125656,2.775,United States
3117,American Vanguard,AVD,62836348,2.13,United States
3118,Talphera,TLPH,62798576,1.21,United States
3119,AgEagle Aerial Systems,UAVS,62698920,1.07,United States
3120,Castellum,CTM,62366088,0.658,United States
3121,Where Food Comes From,WFCF,62245788,12.5,United States
3122,Saga Communications,SGA,61876072,9.71,United States
3123,AEye,LIDR,59505040,1.28,United States
3124,LiveOne,LVO,59391644,4.31,United States
3125,iLearningEngines,AILE,59292656,0.42,United States
3126,BG Staffing,BGSF,59240596,5.55,United States
3127,Solidion Technology,STI,58944648,7.61,United States
3128,Global Self Storage,SELF,58934524,5.16,United States
3129,Granite Point Mortgage Trust,GPMT,58801768,1.22,United States
3130,Mesa Air,MESA,58631804,1.4,United States
3131,Myomo,MYO,57827472,1.46,United States
3132,INmune Bio,INMB,57727876,2.08,United States
3133,Verde Clean Fuels,VGAS,57023516,1.28,United States
3134,The ONE Group Hospitality,STKS,56815740,1.8,United States
3135,The Arena Group,AREN,56656680,1.19,United States
3136,"Stem, Inc",STEM,55891384,6.24,United States
3137,eXoZymes,EXOZ,55688152,6.0,United States
3138,Marpai,MRAI,55643872,2.2,United States
3139,Ocean Power Technologies,OPTT,55378456,0.205,United States
3140,MiNK Therapeutics,INKT,54800888,11.0,United States
3141,Upexi,UPXI,54788112,0.7459,United States
3142,Greenland Energy Company,GLND,54662740,1.25,United States
3143,Allied Esports,AESE,54324936,1.3899,United States
3144,aTyr Pharma,ATYR,54242344,0.553,United States
3145,NextNRG,NXXT,54155784,0.3221,United States
3146,Hain Celestial,HAIN,53935480,0.5976,United States
3147,Kezar Life Sciences,KZR,53856340,7.29,United States
3148,IZEA Worldwide,IZEA,53765988,3.07,United States
3149,Zeo Energy,ZEO,53705456,0.6226,United States
3150,Vroom,VRM,53690636,10.31,United States
3151,Elauwit Connection,ELWT,53620352,8.1,United States
3152,The Children's Place,PLCE,53368964,2.4,United States
3153,Odyssey Marine Exploration,OMEX,53302448,0.91,United States
3154,MarketWise,MKTW,53145292,19.03,United States
3155,CarParts.com,PRTS,52965832,6.54,United States
3156,Comtech Telecommunications,CMTL,52732120,1.76,United States
3157,tinyBuild,8Z3.F,52606872,0.133764,United States
3158,TransAct Technologies,TACT,52460404,5.105,United States
3159,Luna Innovations,LUNA,52045528,1.5,United States
3160,Sensus Healthcare,SRTS,52020108,3.16,United States
3161,Greenidge Generation Holdings,GREE,51500392,2.84,United States
3162,Reading International,RDI,51063176,1.46,United States
3163,SCYNEXIS,SCYX,50941996,5.12,United States
3164,TScan Therapeutics,TCRX,50450832,0.772,United States
3165,Planet13,PLTH.CN,49320531,0.147085,United States
3166,Instil Bio,TIL,49304972,7.27,United States
3167,Milestone Scientific,MLSS,48912520,0.553,United States
3168,SunPower,SPWR,48694300,0.2421,United States
3169,TechPrecision,TPCS,48518432,4.84,United States
3170,Devolver Digital,DEVO.L,48442367,0.0977352,United States
3171,VIDA Global Inc.,VIDA,48422588,2.42,United States
3172,Laird Superfood,LSF,48199044,4.38,United States
3173,"RYTHM, Inc.",RYM,47760500,22.2232,United States
3174,The Beachbody Company,BODI,47569328,6.53,United States
3175,Scilex Holding,SCLX,47402452,6.74,United States
3176,"FreeCast, Inc.",CAST,47343160,0.995,United States
3177,Charlotte's Web,CWEB.TO,47245499,0.29417,United States
3178,Manhattan Bridge Capital,LOAN,47203220,4.13,United States
3179,Sportsman's Warehouse,SPWH,46823756,1.2,United States
3180,Context Therapeutics,CNTX,46527612,0.5064,United States
3181,Metagenomi,MGX,46465840,1.23,United States
3182,Franklin Street Properties,FSP,46410028,0.4462,United States
3183,the Marygold Companies,MGLD,46377324,1.07,United States
3184,Veru,VERU,46035864,2.7,United States
3185,NOMADAR,NOMA,45886984,2.64,United States
3186,Filana Therapeutics,FLNA,45694440,0.9459,United States
3187,Pixelworks,PXLW,45688192,7.18,United States
3188,Karyopharm Therapeutics,KPTI,45099260,1.99,United States
3189,Seres Therapeutics,MCRB,45000620,4.48,United States
3190,Beasley Broadcast Group,BBGI,44704284,24.7,United States
3191,374Water,SCWO,44649764,2.52,United States
3192,Lulu's Fashion Lounge,LVLU,44259644,15.45,United States
3193,Rave Restaurant Group,RAVE,44197972,3.11,United States
3194,Grove Collaborative,GROV,43982080,1.03,United States
3195,Xtant Medical,XTNT,43769848,0.312,United States
3196,Grace Therapeutics,GRCE,43544372,2.07,United States
3197,PetMed Express,PETS,43384916,2.03,United States
3198,Phunware,PHUN,43380872,2.12,United States
3199,"Culp, Inc.",CULP,43180096,3.41,United States
3200,Massimo Motor,MAMO,42935988,1.0311,United States
3201,Hyperion DeFi,HYPD,42896424,2.83,United States
3202,Serina Therapeutics,SER,42742888,2.85,United States
3203,Ekso Bionics,EKSO,42047896,11.8,United States
3204,Plutus Financial Group,PLUT,41828748,2.725,United States
3205,Precipio,PRPO,41484904,23.21,United States
3206,BeyondSpring,BYSI,40967676,0.9963,United States
3207,CervoMed,CRVO,39631864,2.93,United States
3208,AXIL Brands,AXIL,39542760,5.8,United States
3209,U.S. Global Investors,GROW,38825136,3.13,United States
3210,eHealth,EHTH,38759512,1.21,United States
3211,Abundia Global Impact Group,AGIG,38383496,0.8719,United States
3212,Kartoon Studios,TOON,38182424,0.6456,United States
3213,VirTra,VTSI,38104200,3.37,United States
3214,Elutia,ELUT,38032344,0.8603,United States
3215,Sachem Capital,SACH,37639592,0.7849,United States
3216,Heritage Global,HGBL,37520876,1.08,United States
3217,Enzo Biochem,ENZB,36587800,0.69887,United States
3218,Lument Finance Trust,LFT,36445428,0.695,United States
3219,KLX Energy Services,KLXE,35951472,1.69,United States
3220,LivePerson,LPSN,35901536,2.91,United States
3221,Katapult Holdings,KPLT,35900764,7.22,United States
3222,CleanCore Solutions,ZONE,35510216,0.16,United States
3223,"Xos, Inc.",XOS,35394552,2.58,United States
3224,Idaho Copper Corporation,COPR,35273128,2.52,United States
3225,Century Casinos,CNTY,35172116,1.25,United States
3226,Game Your Game,GYGY,35038552,2.18,United States
3227,BioXcel Therapeutics,BTAI,34891692,1.13,United States
3228,Koss,KOSS,34741828,3.67,United States
3229,NanoViricides,NNVC,34678852,1.36,United States
3230,LianBio,LIAN,34472096,0.319,United States
3231,PAVmed,PAVM,33933820,4.74,United States
3232,Spruce Power,SPRU,33615820,1.83,United States
3233,Lantern Pharma,LTRN,33556556,2.63,United States
3234,Pioneer Power Solutions,PPSI,33510724,3.02,United States
3235,Gaia,GAIA,33307786,1.31,United States
3236,Destination XL,DXLG,33235710,0.6013,United States
3237,Workhorse Group,WKHS,33115936,3.04,United States
3238,Accuray,ARAY,32903912,0.2755,United States
3239,HeartBeam,BEAT,32737932,0.5898,United States
3240,Ascent Solar Technologies,ASTI,32688714,3.33,United States
3241,BioLargo,BLGO,32569650,0.1015,United States
3242,Salem Media Group,SALM,31635926,0.9985,United States
3243,Cryo-Cell International,CCEL,31404022,3.895,United States
3244,Enviva,EVA,31273630,0.4198,United States
3245,Rockwell Medical,RMTI,30885502,7.825,United States
3246,Quest Resource Holding,QRHC,30795570,1.46,United States
3247,Live Ventures,LIVE,30777994,10.02,United States
3248,IGC Pharma,IGC,30683654,0.294,United States
3249,Sangamo Therapeutics,SGMO,30657374,0.074,United States
3250,TELA Bio,TELA,30438644,0.678,United States
3251,Harvard Bioscience,HBIO,30363874,6.67,United States
3252,Actinium Pharmaceuticals,ATNM,30242358,0.9639,United States
3253,Barfresh Food Group,BRFH,29704042,1.84,United States
3254,Battalion Oil,BATL,29505258,1.34,United States
3255,GenFlat Holdings,GFLT,29486776,2.25,United States
3256,Southland Holdings,SLND,29061320,0.536,United States
3257,Jasper Therapeutics,JSPR,28719272,0.8631,United States
3258,Crown Crafts,CRWS,28622364,2.66,United States
3259,Kyntra Bio,KYNB,28498708,7.04,United States
3260,Old Market Capital Corporation,OMCC,28292780,4.15,United States
3261,Farmer Brothers,FARM,28089448,1.28,United States
3262,Knightscope,KSCP,27947696,1.62,United States
3263,PermRock Royalty Trust,PRT,27007926,2.22,United States
3264,Zoom Telephonics,MINM,26534076,3.61,United States
3265,Local Bounti,LOCL,26436956,1.14,United States
3266,Cel-Sci,CVM,26040944,1.49,United States
3267,Hoth Therapeutics,HOTH,26013596,1.36,United States
3268,MariMed,MRMD,25952294,0.065,United States
3269,America's Car-Mart,CRMT,25731446,3.09,United States
3270,Atossa Therapeutics,ATOS,25547002,2.56,United States
3271,Beam Global,BEEM,25531824,1.15,United States
3272,Cardlytics,CDLX,25085932,4.26,United States
3273,GEE Group,JOB,24918672,0.2268,United States
3274,Latch,LTCH,24720800,0.1505,United States
3275,Aytu BioScience,AYTU,24686378,2.3,United States
3276,SPI Energy,SPI,24207974,0.766,United States
3277,TherapeuticsMD,TXMD,24074672,2.08,United States
3278,Mobix Labs,MOBX,23253976,1.53,United States
3279,Allbirds,BIRD,23247976,2.64,United States
3280,Urban One,UONE,22993796,5.09,United States
3281,Cytosorbents,CTSO,22767928,0.3623,United States
3282,FGI Industries,FGI,22634496,11.72,United States
3283,Exyn Technologies,EXYN,22430158,2.82,United States
3284,Longeveron,LGVN,22042732,0.6976,United States
3285,Offerpad,OPAD,21844026,4.52,United States
3286,180 Life Sciences,ATNF,21620372,3.58,United States
3287,Ashford Hospitality Trust,AHT,20910934,3.12,United States
3288,Harte Hanks,HHS,20848710,2.81,United States
3289,Neuphoria Therapeutics,NEUP,20699430,3.83,United States
3290,Dare Bioscience,DARE,20521918,1.37,United States
3291,Retractable Technologies,RVP,20324338,0.6789,United States
3292,Citius Pharmaceuticals,CTXR,20139206,0.7336,United States
3293,Celularity,CELU,20126126,0.6953,United States
3294,ESS Tech,GWH,19567710,0.5935,United States
3295,CXApp,CXAI,19177432,0.1758,United States
3296,Energy Focus,EFOI,19107666,3.0,United States
3297,Skye Bioscience,SKYE,19012752,0.541,United States
3298,Scienture Holdings,SCNX,18893330,0.465,United States
3299,Werewolf Therapeutics,HOWL,18759240,0.386,United States
3300,SPAR Group,SGRP,18743050,0.66,United States
3301,Motorsport Gaming,MSGM,18699766,4.48,United States
3302,Tempest Therapeutics,TPST,18695910,1.17,United States
3303,Dragonfly Energy,DFLI,18609942,1.3,United States
3304,Upland Software,UPLD,17911552,6.1,United States
3305,Elite Express,ETS,17886840,1.07,United States
3306,Astrotech,ASTC,17880544,8.9,United States
3307,KALA BIO,KALA,17869962,0.924,United States
3308,System1,SST,17830704,1.7,United States
3309,Palatin Technologies,PTN,17792750,10.0,United States
3310,Austin Gold,AUST,17663970,1.29,United States
3311,Lipocine,LPCN,16983160,2.06,United States
3312,FingerMotion,FNGR,16933922,0.2762,United States
3313,Cyclerion Therapeutics,CYCN,16931528,3.91,United States
3314,Know Labs,KNW,16795408,2.24,United States
3315,Camber Energy,CEI,16771320,0.0954,United States
3316,Avant Technologies Inc.,AVAI,16590270,0.12,United States
3317,Smith Micro Software,SMSI,16154754,2.89,United States
3318,Biofrontera,BFRI,16132213,1.26,United States
3319,Dolphin Entertainment,DLPN,15881071,1.22,United States
3320,Psychemedics,PMD,15738209,2.67,United States
3321,Rocky Mountain Chocolate Factory,RMCF,15575318,1.65,United States
3322,Natural Health Trends,NHTC,15440128,1.8,United States
3323,Cyngn,CYN,15360795,1.065,United States
3324,Cocrystal Pharma,COCP,15166199,1.1,United States
3325,AppTech Payments,APCX,15121418,0.36,United States
3326,iRobot,IRBT,14843741,0.4664,United States
3327,Office Properties Income Trust,OPI,14795239,0.2,United States
3328,Passage Bio,PASG,14721480,4.575,United States
3329,The Cannabist Company,CBSTF,14475953,0.0291,United States
3330,Synlogic,SYBX,14386869,1.23,United States
3331,The Glimpse Group,VRAR,14332026,0.68,United States
3332,HOOKIPA Pharma,HOOK,14232977,1.15,United States
3333,Inuvo,INUV,14175448,0.86,United States
3334,T Stamp Inc. (TrustStamp),IDAI,13943910,2.49,United States
3335,Bionano Genomics,BNGO,13540499,1.18,United States
3336,Gaxos.ai,GXAI,13538239,1.26,United States
3337,AEON Biopharma,AEON,13220139,0.2706,United States
3338,PDS Biotechnology,PDSB,13040966,0.2332,United States
3339,Flux Power,FLUX,12686526,0.5939,United States
3340,SeaStar Medical,ICU,12670497,3.17,United States
3341,Phio Pharmaceuticals,PHIO,12662804,1.09,United States
3342,AMASS Brands Inc.,AMSS,12566747,1.1,United States
3343,Arrive AI,ARAI,12446243,0.24,United States
3344,CISO Global,CISO,12234601,0.27,United States
3345,Air Industries Group,AIRI,12175152,2.51,United States
3346,Quoin Pharmaceuticals,QNRX,12150929,6.05,United States
3347,Senti Biosciences,SNTI,11959586,0.384,United States
3348,VistaGen Therapeutics,VTGN,11817571,0.2663,United States
3349,Urgent.ly Inc.,ULY,11787284,5.38,United States
3350,Cambium Networks,CMBM,11325767,0.401,United States
3351,Socket Mobile,SCKT,11207703,1.36,United States
3352,Clean Energy Technologies,CETY,11192818,0.92,United States
3353,Reborn Coffee,REBN,11170299,1.36,United States
3354,Bullfrog AI,BFRG,10958117,0.591,United States
3355,"Reed's, Inc.",REED,10908519,0.92,United States
3356,SINTX Technologies,SINT,10871548,1.71,United States
3357,Intensity Therapeutics,INTS,10811280,4.0,United States
3358,Trio Petroleum,TPET,10783605,0.2436,United States
3359,Phoenix Motor,PEV,10575262,0.23,United States
3360,SUNation Energy Inc.,SUNE,10431623,2.53,United States
3361,Lunai Bioworks,LNAI,10155914,2.24,United States
3362,Ryvyl Inc.,RVYL,9994965,7.81,United States
3363,Solo Brands,SBDS,9928858,3.88,United States
3364,Carver Bancorp,CARV,9853632,1.69,United States
3365,BrainStorm Cell Therapeutics,BCLI,9710602,0.88,United States
3366,Adial Pharmaceuticals,ADIL,9607379,4.39,United States
3367,Superior Industries International,SUP,9576233,0.3249,United States
3368,Gauzy,GAUZ,8938602,0.4769,United States
3369,GoHealth,GOCO,8937260,0.305,United States
3370,Wellgistics Health,WGRX,8847256,3.52,United States
3371,Hydrofarm,HYFM,8576301,1.8,United States
3372,Northann Corp,NCL,8543560,0.159,United States
3373,SeaChange International,SEAC,8398952,3.25,United States
3374,Aprea Therapeutics,APRE,8308842,0.671,United States
3375,Soligenix,SNGX,8290471,0.3809,United States
3376,Trinseo,TSE,8278525,0.23,United States
3377,Mangoceuticals,MGRX,8165958,0.5332,United States
3378,reAlpha Tech,AIRE,8100774,1.51,United States
3379,HeartSciences Inc.,HSCS,8032951,2.06,United States
3380,authID,AUID,7910392,0.4731,United States
3381,AquaBounty Technologies,AQB,7720806,1.5,United States
3382,FibroBiologics,FBLG,7656922,1.15,United States
3383,VolitionRx,VNRX,7595160,0.6306,United States
3384,Xenetic Biosciences,XBIO,7537574,3.29,United States
3385,enVVeno Medical Corporation,NVNO,7410947,10.855,United States
3386,Signing Day Sports,SGN,7408163,0.5401,United States
3387,Leslie's,LESL,7205839,0.7699,United States
3388,AIM ImmunoTech,AIM,7169489,0.2586,United States
3389,Nauticus Robotics,KITT,7045379,1.03,United States
3390,Polar Power,POLA,6933031,1.8,United States
3391,Femasys,FEMY,6914732,2.29,United States
3392,Vislink Technologies,VISL,6843381,2.76,United States
3393,Imunon,IMNN,6639346,1.58,United States
3394,Innovative Eyewear,LUCY,6491711,0.7543,United States
3395,Sonoma Pharmaceuticals,SNOA,6412973,1.34,United States
3396,SurgePays,SURG,6195059,0.2466,United States
3397,TPI Composites,TPIC,6193621,0.1271,United States
3398,"Cyabra, Inc.",CYAB,6167413,0.3912,United States
3399,Beyond Air,XAIR,6141790,6.92,United States
3400,Bakhu Holdings,BKUH,6026059,0.02,United States
3401,cbdMD,YCBD,5931324,0.565,United States
3402,CaliberCos,CWD,5907038,0.6682,United States
3403,Cadrenal Therapeutics,CVKD,5763381,1.86,United States
3404,BioAtla,BCAB,5725461,3.45,United States
3405,Pulmatrix,PULM,5514950,1.51,United States
3406,Co-Diagnostics,CODX,5449496,1.49,United States
3407,Super League Enterprise,SLE,5406068,3.36,United States
3408,Ensysce Biosciences,ENSC,5354887,0.3485,United States
3409,Aterian,ATER,5247859,0.4837,United States
3410,Origin Materials,ORGN,5228483,0.9501,United States
3411,Cemtrex,CETX,5197846,3.02,United States
3412,Cheetah Net Supply Chain Service,CTNT,5181401,1.64,United States
3413,"DSS, Inc. (Document Security Systems)",DSS,5178926,0.5157,United States
3414,Talis Biomedical,TLIS,5176808,2.84,United States
3415,Sonim Technologies,SONM,5045896,3.39,United States
3416,Eterna Therapeutics,ERNA,5015232,4.3,United States
3417,Biomerica,BMRA,5006236,1.62,United States
3418,Urban-gro,UGRO,4942725,3.15,United States
3419,Vertex Energy,VTNR,4872095,0.0521,United States
3420,Alaunos Therapeutics,TCRT,4859870,1.99,United States
3421,Kidpik,PIK,4644903,2.38,United States
3422,Sonendo,SONX,4616787,0.9689,United States
3423,OLB Group,OLB,4579857,0.3123,United States
3424,Boxlight,BOXL,4535987,6.8,United States
3425,Cloudastructure,CSAI,4483129,5.24,United States
3426,"Bark, Inc.",BARK,4377870,0.5066,United States
3427,CASI Pharmaceuticals,CASI,4263766,0.2075,United States
3428,QVC Group,QVCGA,4255453,0.34,United States
3429,BIO-key International,BKYI,4091807,3.77,United States
3430,Lakewood-Amedex Biotherapeutics,LABT,4079030,2.33,United States
3431,PMGC Holdings,ELAB,4073927,0.8966,United States
3432,Tivic Health Systems,TIVC,4029097,1.4,United States
3433,Allurion Technologies,ALUR,4001668,4.0,United States
3434,Curis,CRIS,3908444,1.87,United States
3435,Focus Universal,FCUV,3893573,5.54,United States
3436,Jaguar Health,JAGX,3845335,0.7831,United States
3437,DataMEDS AI,MEDS,3745003,1.49,United States
3438,Avalon GloboCare,ALBT,3707637,0.282,United States
3439,Expion360,XPON,3457700,3.6275,United States
3440,Unity Biotechnology,UBX,3444161,0.2001,United States
3441,iSpecimen,ISPC,3305461,2.3,United States
3442,Eagle Pharmaceuticals,EGRX,3289388,0.25,United States
3443,ShiftPixy,PIXY,3265294,6.53,United States
3444,Golden Minerals,AUMN,3236691,0.2136,United States
3445,Forza X1,FRZA,3150960,0.2,United States
3446,Advent Technologies,ADN,3023365,0.9185,United States
3447,ATI Physical Therapy,ATIP,2977762,0.675,United States
3448,Sleep Number,SNBR,2881125,0.125,United States
3449,Marin Software,MRIN,2863609,0.8981,United States
3450,Fly-E Group,FLYE,2842800,1.7415,United States
3451,Inotiv,NOTV,2787563,0.0799,United States
3452,PREIT (Pennsylvania Real Estate Investment Trust),PRET,2690436,0.4974,United States
3453,Xilio Therapeutics,XLO,2676465,0.5101,United States
3454,Staffing 360 Solutions,STAF,2654640,1.615,United States
3455,bioAffinity Technologies,BIAF,2597912,0.383,United States
3456,Netcapital,NCPL,2576465,0.3283,United States
3457,Jet.AI,JTAI,2544880,1.79,United States
3458,Genprex,GNPX,2459038,4.87,United States
3459,LM Funding America,LMFA,2430118,2.6,United States
3460,Oragenics,OGEN,2391788,0.5301,United States
3461,Azitra,AZTR,2266941,0.14,United States
3462,Vaccinex,VCNX,2228835,0.8327,United States
3463,Sow Good,SOWG,2203871,0.1099,United States
3464,Clearside Biomedical,CLSD,2145948,0.41,United States
3465,Direct Digital Holdings,DRCT,2033710,2.75,United States
3466,Cutera,CUTR,1956013,0.0969,United States
3467,Cue Biopharma,CUE,1804119,0.5542,United States
3468,SolarMax Technology,SMXT,1766948,0.3726,United States
3469,Alkaline Water Company,WTER,1744895,0.049,United States
3470,Sonder Holdings,SOND,1680861,0.1263,United States
3471,SOBR Safe,SOBR,1669268,0.5803,United States
3472,Hepion Pharmaceuticals,HEPA,1653977,0.0568,United States
3473,Traeger,COOK,1642351,0.5983,United States
3474,CorEnergy Infrastructure Trust,CORR,1627350,0.0198,United States
3475,Synergy CHC,SNYR,1624087,0.109,United States
3476,Lazydays Holdings,GORV,1573084,0.4211,United States
3477,Aethlon Medical,AEMD,1543266,2.93,United States
3478,Benson Hill,BHIL,1522391,0.249,United States
3479,Matinas BioPharma,MTNB,1492642,0.233,United States
3480,22nd Century Group,XXII,1418459,4.11,United States
3481,Trinity Place Holdings,TPHS,1353969,0.0205,United States
3482,Purple Innovation,PRPL,1261071,0.2897,United States
3483,Arcadia Biosciences,RKDA,1243359,0.5699,United States
3484,"Freight Technologies, Inc.",FRGT,1241511,2.17,United States
3485,Maison Solutions,MSS,1227460,1.41,United States
3486,"Greenlane Holdings, Inc.",GNLN,1218715,1.93,United States
3487,zSpace,ZSPC,1192409,0.2485,United States
3488,Actelis Networks,ASNS,1182327,0.041,United States
3489,VivoSim Labs,VIVS,1146404,0.3281,United States
3490,Solar Integrated Roofing,SIRC,1097545,0.0001,United States
3491,Edible Garden,EDBL,1068522,1.67,United States
3492,Danimer Scientific,DNMR,1056961,0.35,United States
3493,La Rosa Holdings,LRHC,1016353,0.6289,United States
3494,BNB Plus Corp.,BNBX,1016248,0.1412,United States
3495,Evofem Biosciences,EVFM,993975,0.0075,United States
3496,LMP Automotive Holdings,LMPX,981789,0.09,United States
3497,Vivakor,VIVK,937216,1.28,United States
3498,Quince Therapeutics,QNCX,900311,0.9206,United States
3499,iEntertainment Network,IENT,876829,0.0067,United States
3500,iPower,IPW,712330,3.39,United States
3501,Yellow Corporation,YELLQ,693890,0.0102,United States
3502,ProPhase Labs,PRPH,685392,0.0489,United States
3503,Tapinator,TAPM,673183,0.247,United States
3504,Tevogen Bio,TVGN,627896,0.1551,United States
3505,Kaival Brands Innovations,KAVL,586062,0.03,United States
3506,Lyra Therapeutics,LYRA,443720,0.25,United States
3507,Ayr Wellness,AYRWF,432062,0.0037,United States
3508,Ontrak,OTRK,425780,0.0601,United States
3509,Vicarious Surgical,RBOT,410052,0.0575,United States
3510,Viracta Therapeutics,VIRX,388698,0.00978,United States
3511,Wheeler Real Estate Investment Trust,WHLR,383209,0.4124,United States
3512,Greene Concepts,INKW,376258,0.0059,United States
3513,Impac Mortgage Holdings,IMPM,365688,0.01,United States
3514,VYNE Therapeutics,VYNE,339859,0.509,United States
3515,NantHealth,NHIQ,329655,0.012,United States
3516,Onfolio Holdings,ONFO,325264,2.31,United States
3517,Leafly Holdings,LFLY,232138,37.0,United States
3518,Trulite,TRUL,212013,0.0001,United States
3519,Ampio Pharmaceuticals,AMPE,207884,0.1831,United States
3520,BloomZ,BLMZ,187531,0.128,United States
3521,Wearable Health Solutions,WHSI,182670,0.0001,United States
3522,Faraday Future,FFAI,174605,0.0717,United States
3523,Hallmark Financial Services,HALL,145478,0.08,United States
3524,Petros Pharmaceuticals,PTPI,144065,0.0034,United States
3525,Nuwellis,NUWE,119861,1.3,United States
3526,Cenntro Inc.,CENN,113554,0.0775,United States
3527,Carisma Therapeutics,CARM,104612,0.0025,United States
3528,Loop Media,LPTV,103383,0.0007,United States
3529,Remark Holdings,MARK,68092,0.0011,United States
3530,Vincerx Pharma,VINC,68045,0.013,United States
3531,AiRWA Inc.,YYAI,67322,0.0639,United States
3532,Vinco Ventures,BBIG,66300,0.0051,United States
3533,PaxMedica,PXMD,63132,0.0005,United States
3534,Mobile Global Esports (Mogo),MGAM,60366,0.0008,United States
3535,ToughBuilt Industries,TBLT,47699,0.011,United States
3536,Ocean Biomedical,OCEA,46473,0.0002,United States
3537,Presto Automation,PRST,41851,0.0001,United States
3538,Gaming Technologies (Gametech),GMGT,27420,0.0006,United States
3539,Novo Integrated Sciences,NVOS,15784,0.0008,United States
3540,Gamer Pakistan,GPAK,15347,0.0006,United States
3541,T2 Biosystems,TTOO,14022,0.0005,United States
3542,Vaxxinity,VAXX,12678,0.0001,United States
3543,Movella,MVLA,10181,0.0002,United States
3544,Trevena,TRVN,9501,0.011,United States
3545,4Front Ventures,FFNTF,9152,1e-05,United States
3546,Exela Technologies,XELA,8325,0.0003,United States
3547,Freeze Tag,FRZT,7505,0.0001,United States
3548,Stryve Foods,SNAX,4792,0.0011,United States
3549,Adamas One,JEWL,3804,0.0001,United States
3550,USD Partners,USDP,3377,0.0001,United States
3551,Syros Pharmaceuticals,SYRS,2683,0.0001,United States
3552,Viveve Medical,VIVE,2144,0.0002,United States
3553,Telesis Bio,TBIO,1953,0.0011,United States
3554,Grom Social Enterprises,GROM,1804,0.0002,United States
3555,Hempacco,HPCO,1184,0.0002,United States
3556,eFFECTOR Therapeutics,EFTR,940,0.0002,United States
3557,Lipella Pharmaceuticals,LIPO,924,0.0002,United States
3558,Minerva Surgical,UTRS,887,0.0001,United States
3559,Lightning eMotors,ZEVY,659,0.0001,United States
3560,Calithera Biosciences,CALA,487,0.0001,United States
3561,Applied Aerospace &amp; Defense,AADX,0,0.0,United States
3562,Attovia Therapeutics,ATTO,0,0.0,United States
3563,GigCapital9,GIXXU,0,0.0,United States
3564,Pershing Square USA,PSUS,0,0.0,United States
3565,Saluda Medical,SLD.AX,0,0.0,United States
