Rank,Name,Symbol,marketcap,price (USD),country
1,NVIDIA,NVDA,5453600260096,225.16,United States
2,Apple,AAPL,4464797286400,305.93,United States
3,Alphabet (Google),GOOG,4201472065536,343.54,United States
4,Microsoft,MSFT,3678615371776,495.4,United States
5,Amazon,AMZN,2833025073152,262.65,United States
6,Broadcom,AVGO,1869681393664,392.99,United States
7,SpaceX,SPCX,1844386201600,140.0,United States
8,Meta Platforms (Facebook),META,1502646501376,589.85,United States
9,Tesla,TSLA,1351811596288,342.27,United States
10,Micron Technology,MU,1097386098688,971.66,United States
11,Berkshire Hathaway,BRK-B,1078981951488,504.03,United States
12,Eli Lilly,LLY,1051943960576,1180.16,United States
13,JPMorgan Chase,JPM,964496261120,362.84,United States
14,Walmart,WMT,917327708160,115.27,United States
15,AMD,AMD,839728824320,514.39,United States
16,Visa,V,679885275136,364.15,United States
17,Exxon Mobil,XOM,658317115392,160.1,United States
18,Johnson & Johnson,JNJ,627417088000,260.35,United States
19,Intel,INTC,541825761280,102.5,United States
20,Mastercard,MA,498703663104,569.29,United States
21,Bank of America,BAC,450962325504,64.49,United States
22,AbbVie,ABBV,440825085952,249.46,United States
23,Cisco,CSCO,440179425280,111.68,United States
24,Oracle,ORCL,433568514048,150.52,United States
25,Costco,COST,426227466240,961.1,United States
26,Palantir,PLTR,418228273152,174.04,United States
27,Lam Research,LRCX,415889031168,332.36,United States
28,Applied Materials,AMAT,402680348672,507.18,United States
29,Caterpillar,CAT,393743728640,856.57,United States
30,Chevron,CVX,392320679936,200.0,United States
31,General Electric,GE,382217289728,368.38,United States
32,Coca-Cola,KO,377376571392,87.71,United States
33,UnitedHealth,UNH,360590770176,401.73,United States
34,Morgan Stanley,MS,341689925632,217.36,United States
35,Home Depot,HD,337882939392,338.86,United States
36,Procter & Gamble,PG,336598990848,144.55,United States
37,Merck,MRK,335140585472,135.84,United States
38,Netflix,NFLX,325453545472,78.16,United States
39,Dell,DELL,317133160448,490.81,United States
40,Palo Alto Networks,PANW,313180028928,384.27,United States
41,Goldman Sachs,GS,302649376768,1039.42,United States
42,RTX,RTX,300509626368,222.97,United States
43,Philip Morris International,PM,296744386560,190.39,United States
44,GE Vernova,GEV,283179188224,1063.25,United States
45,Wells Fargo,WFC,268591611904,88.82,United States
46,KLA,KLAC,266169712640,203.72,United States
47,Texas Instruments,TXN,255325782016,279.58,United States
48,Arista Networks,ANET,250756710400,198.82,United States
49,Sandisk,SNDK,239602057216,1641.11,United States
50,Citigroup,C,233717268480,139.33,United States
51,American Express,AXP,231280115712,342.48,United States
52,Amgen,AMGN,224092274688,415.21,United States
53,CrowdStrike,CRWD,220911337472,216.95,United States
54,IBM,IBM,220760932352,234.32,United States
55,Thermo Fisher Scientific,TMO,217518620672,588.29,United States
56,Amphenol,APH,206043856896,167.11,United States
57,Verizon,VZ,201423503360,48.48,United States
58,Marvell Technology,MRVL,199272824832,222.02,United States
59,T-Mobile US,TMUS,195880566784,182.61,United States
60,Abbott Laboratories,ABT,193776713728,111.25,United States
61,McDonald,MCD,193065828352,272.83,United States
62,Pepsico,PEP,192319127552,140.79,United States
63,Charles Schwab,SCHW,192111886336,111.09,United States
64,BlackRock,BLK,190703173632,1173.73,United States
65,Analog Devices,ADI,189666836480,389.39,United States
66,Walt Disney,DIS,184496488448,106.85,United States
67,Boeing,BA,182971236352,231.67,United States
68,Nextera Energy,NEE,179758333952,86.19,United States
69,Western Digital,WDC,175374270464,508.8,United States
70,Union Pacific Corporation,UNP,174468087808,293.68,United States
71,QUALCOMM,QCOM,174079492096,165.79,United States
72,Blackstone Group,BX,172039208960,143.93,United States
73,Gilead Sciences,GILD,171560206336,138.36,United States
74,AT&T,T,170555883520,24.89,United States
75,Welltower,WELL,169709125632,235.52,United States
76,TJX Companies,TJX,168036581376,152.11,United States
77,Deere &amp; Company (John Deere),DE,164454825984,608.85,United States
78,Booking Holdings (Booking.com),BKNG,164320722944,212.06,United States
79,Salesforce,CRM,160695992320,196.21,United States
80,Interactive Brokers,IBKR,156853256192,92.06,United States
81,Southern Copper,SCCO,155874279424,184.61,United States
82,Uber,UBER,155132428288,75.95,United States
83,Pfizer,PFE,152694259712,26.79,United States
84,ConocoPhillips,COP,152305565696,126.78,United States
85,Corning,GLW,142691287040,165.99,United States
86,Danaher,DHR,142319517696,202.45,United States
87,Intuitive Surgical,ISRG,141344276480,394.51,United States
88,Lockheed Martin,LMT,140477710336,608.68,United States
89,Capital One,COF,139473092608,227.34,United States
90,Prologis,PLD,137094045696,141.03,United States
91,Parker-Hannifin,PH,133128314880,1055.85,United States
92,Bristol-Myers Squibb,BMY,130386477056,63.83,United States
93,Stryker Corporation,SYK,130111815680,339.21,United States
94,ServiceNow,NOW,128198893568,124.0,United States
95,Vertex Pharmaceuticals,VRTX,128106471424,505.75,United States
96,CVS Health,CVS,124264767488,97.16,United States
97,Newmont,NEM,124082806784,117.76,United States
98,S&P Global,SPGI,123462238208,418.8,United States
99,Starbucks,SBUX,122766606336,107.69,United States
100,Lowe's Companies,LOW,122561667072,218.47,United States
101,Progressive,PGR,121855524864,209.6,United States
102,Fortinet,FTNT,117401518080,160.01,United States
103,Howmet Aerospace,HWM,115325386752,289.18,United States
104,Snowflake,SNOW,114003673088,328.92,United States
105,Vertiv Holdings,VRT,113124917248,293.84,United States
106,Carvana,CVNA,112483377152,75.59,United States
107,Cloudflare,NET,112442851328,315.78,United States
108,Airbnb,ABNB,110212489216,184.06,United States
109,Altria Group,MO,109702168576,65.7,United States
110,Equinix,EQIX,108746063872,1102.1,United States
111,Automatic Data Processing,ADP,108436840448,272.96,United States
112,General Dynamics,GD,107081121792,395.78,United States
113,Southern Company,SO,106753687552,92.8,United States
114,AppLovin,APP,105562161152,315.44,United States
115,KKR & Co.,KKR,105298558976,114.01,United States
116,Adobe,ADBE,104947949568,264.02,United States
117,Marathon Petroleum,MPC,103760125952,355.42,United States
118,Quanta Services,PWR,103102496768,685.78,United States
119,PNC Financial Services,PNC,102531031040,256.97,United States
120,U.S. Bancorp,USB,101927723008,65.42,United States
121,McKesson,MCK,101317025792,869.0,United States
122,Constellation Energy,CEG,100091838464,282.5,United States
123,Valero Energy,VLO,98376179712,341.67,United States
124,CME Group,CME,97014480896,269.8,United States
125,Duke Energy,DUK,96620699648,123.92,United States
126,Intuit,INTU,94550794240,345.66,United States
127,3M,MMM,94196695040,182.65,United States
128,BNY Mellon (Bank of New York Mellon),BK,94143750144,137.16,United States
129,DoorDash,DASH,94033821696,217.02,United States
130,Phillips 66,PSX,93215277056,233.61,United States
131,Freeport-McMoRan,FCX,93085999104,66.49,United States
132,Marriott International,MAR,93020553216,356.72,United States
133,CSX Corporation,CSX,92920135680,50.16,United States
134,Comcast,CMCSA,92903309312,26.18,United States
135,Williams Companies,WMB,91982192640,75.2,United States
136,Datadog,DDOG,91729305600,255.46,United States
137,Monster Beverage,MNST,91722801152,46.82,United States
138,Emerson,EMR,91391508480,163.17,United States
139,HCA Healthcare,HCA,89774129152,404.68,United States
140,Waste Management,WM,89756049408,224.55,United States
141,Marsh & McLennan Companies,MRSH,89629827072,187.82,United States
142,Cadence Design Systems,CDNS,89590554624,324.82,United States
143,United Parcel Service,UPS,88906670080,104.5,United States
144,Sherwin-Williams,SHW,87174447104,359.1,United States
145,Cummins,CMI,87106985984,631.26,United States
146,Intercontinental Exchange,ICE,86864568320,154.73,United States
147,Elevance Health,ELV,86817120256,400.32,United States
148,Robinhood,HOOD,85916303360,95.56,United States
149,Enterprise Products,EPD,84003667968,38.9,United States
150,Moody's,MCO,83985850368,484.96,United States
151,Simon Property Group,SPG,83357728768,219.58,United States
152,Northrop Grumman,NOC,83230466048,585.87,United States
153,Apollo Global Management,APO,83124854784,140.76,United States
154,Illinois Tool Works,ITW,82822684672,290.81,United States
155,Regeneron Pharmaceuticals,REGN,82722275328,803.48,United States
156,Lumentum,LITE,82056003584,926.14,United States
157,American Tower,AMT,81813266432,175.58,United States
158,Mondelez International,MDLZ,81652965376,63.61,United States
159,Royal Caribbean Group,RCL,81572880384,305.0,United States
160,Synopsys,SNPS,80708534272,421.5,United States
161,Cintas,CTAS,79841837056,199.52,United States
162,SLB (Schlumberger),SLB,79802384384,53.77,United States
163,FedEx,FDX,79169527808,334.64,United States
164,Ross Stores,ROST,78706851840,245.36,United States
165,General Motors,GM,78479253504,86.77,United States
166,Hewlett Packard Enterprise,HPE,77743988736,58.71,United States
167,Ecolab,ECL,77401530368,276.11,United States
168,The Travelers Companies,TRV,77247840256,370.36,United States
169,Motorola Solutions,MSI,77204512768,466.51,United States
170,EOG Resources,EOG,75958157312,142.61,United States
171,Digital Realty,DLR,75396743168,200.15,United States
172,Boston Scientific,BSX,75113570304,51.83,United States
173,Norfolk Southern,NSC,75111284736,334.41,United States
174,The Cigna Group,CI,74663788544,282.56,United States
175,Honeywell,HON,74151280640,233.96,United States
176,O'Reilly Automotive,ORLY,73655877632,91.05,United States
177,Hilton Worldwide,HLT,73643491328,327.21,United States
178,Colgate-Palmolive,CL,73300033536,91.95,United States
179,Kinder Morgan,KMI,73018785792,32.82,United States
180,Energy Transfer LP,ET,72481456128,21.05,United States
181,United Rentals,URI,71817248768,1153.83,United States
182,TransDigm Group,TDG,70302924800,1256.9,United States
183,Warner Bros. Discovery,WBD,70174760960,27.99,United States
184,Target,TGT,70163439616,154.48,United States
185,Monolithic Power Systems,MPWR,68898979840,1402.01,United States
186,Paccar,PCAR,68843266048,130.79,United States
187,Air Products and Chemicals,APD,68803149824,308.97,United States
188,American Electric Power,AEP,68376309760,125.6,United States
189,Bloom Energy,BE,67723620352,229.94,United States
190,Allstate,ALL,66099597312,261.41,United States
191,Republic Services,RSG,65746993152,214.71,United States
192,Teradyne,TER,65473945600,418.79,United States
193,Truist Financial Corporation,TFC,64868352000,53.1,United States
194,Arthur J. Gallagher & Co.,AJG,64395423744,251.21,United States
195,Baker Hughes,BKR,64345133056,64.82,United States
196,Coherent Corp.,COHR,63745159168,325.83,United States
197,W. W. Grainger,GWW,62445961216,1322.64,United States
198,Comfort Systems USA,FIX,62436851712,1774.06,United States
199,MetLife,MET,62060679168,97.66,United States
200,Keysight,KEYS,61149777920,357.82,United States
201,Nucor,NUE,61009141760,268.91,United States
202,Aflac,AFL,60888141824,121.45,United States
203,Public Storage,PSA,60866039808,325.93,United States
204,Ciena,CIEN,60693647360,428.77,United States
205,Dominion Energy,D,60484997120,68.77,United States
206,Nike,NKE,60422901760,40.73,United States
207,MPLX,MPLX,60356358144,59.48,United States
208,Cencora,COR,59885383680,313.82,United States
209,Oneok,OKE,59846815744,94.99,United States
210,Realty Income,O,59364712448,62.74,United States
211,Targa Resources,TRGP,59137933312,275.79,United States
212,Delta Air Lines,DAL,58758619136,89.35,United States
213,Fastenal,FAST,58545328128,51.02,United States
214,Ametek,AME,58398633984,254.79,United States
215,Occidental Petroleum,OXY,58338836480,58.36,United States
216,CoreWeave,CRWV,58054742016,105.26,United States
217,Ford,F,57301749760,14.37,United States
218,Diamondback Energy,FANG,56957505536,202.47,United States
219,Sempra,SRE,56503533568,86.41,United States
220,Cheniere Energy,LNG,56102940672,271.64,United States
221,Astera Labs,ALAB,55794540544,321.61,United States
222,Cardinal Health,CAH,54694834176,235.17,United States
223,L3Harris Technologies,LHX,54341152768,291.82,United States
224,Nasdaq,NDAQ,54231982080,97.02,United States
225,PayPal,PYPL,53150920704,61.66,United States
226,Autodesk,ADSK,53136814080,251.66,United States
227,Electronic Arts,EA,52925640704,209.7,United States
228,Edwards Lifesciences,EW,52743278592,91.6,United States
229,Honeywell Aerospace,HONA,52726095872,166.36,United States
230,State Street Corporation,STT,52671315968,191.74,United States
231,Fifth Third Bank,FITB,52635627520,58.06,United States
232,HEICO,HEI,52355530752,374.67,United States
233,Carrier Global,CARR,52143837184,62.78,United States
234,Cerebras Systems,CBRS,52021772288,218.98,United States
235,Rocket Lab,RKLB,51312734208,80.25,United States
236,Corteva,CTVA,51160592384,76.68,United States
237,Wabtec,WAB,50507718656,299.02,United States
238,Devon Energy,DVN,50434998272,45.85,United States
239,Ameriprise Financial,AMP,50347335680,569.54,United States
240,Entergy,ETR,50321539072,107.84,United States
241,Becton Dickinson,BDX,49955741696,183.4,United States
242,Rockwell Automation,ROK,49901940736,449.37,United States
243,Block,XYZ,49793888256,82.88,United States
244,Axon Enterprise,AXON,49784725504,612.83,United States
245,Vistra,VST,49717645312,148.13,United States
246,Xcel Energy,XEL,49452298240,79.17,United States
247,AutoZone,AZO,49384198144,3025.0,United States
248,Workday,WDAY,49068687360,198.68,United States
249,Credo Technology,CRDO,48465604608,259.9,United States
250,Medline,MDLN,48085786624,35.74,United States
251,Ares Management,ARES,47504510976,144.02,United States
252,Exelon Corporation,EXC,47247446016,45.86,United States
253,Ventas,VTR,46944849920,91.52,United States
254,Humana,HUM,46717239296,389.05,United States
255,Take-Two Interactive,TTWO,46174822400,246.95,United States
256,eBay,EBAY,45897297920,103.14,United States
257,Natera,NTRA,44674605056,309.93,United States
258,CBRE Group,CBRE,44264480768,152.86,United States
259,Live Nation,LYV,43903549440,188.46,United States
260,Old Dominion Freight Line,ODFL,43746025472,210.97,United States
261,Revolution Medicines,RVMD,43662471168,203.71,United States
262,IDEXX Laboratories,IDXX,43461378048,550.96,United States
263,Paychex,PAYX,43400421376,122.02,United States
264,Prudential Financial,PRU,43169849344,125.13,United States
265,Microchip Technology,MCHP,42989998080,79.17,United States
266,Keurig Dr Pepper,KDP,42784370688,31.44,United States
267,Chipotle Mexican Grill,CMG,42391502848,33.5,United States
268,Agilent Technologies,A,41949614080,148.53,United States
269,Waste Connections,WCN,41833447424,166.29,United States
270,Rocket Companies,RKT,41795043328,14.76,United States
271,D. R. Horton,DHI,41622347776,148.81,United States
272,MSCI,MSCI,41375752192,569.13,United States
273,Grayscale Bitcoin Trust,GBTC,41085235200,59.34,United States
274,United Airlines Holdings,UAL,40681570304,125.34,United States
275,NetApp,NTAP,40571097088,207.08,United States
276,Waters Corporation,WAT,40469266432,412.17,United States
277,Yum! Brands,YUM,40419381248,148.11,United States
278,Consolidated Edison,ED,40237359104,108.8,United States
279,American International Group,AIG,40074534912,76.64,United States
280,Expedia Group,EXPE,39929237504,332.69,United States
281,Sysco,SYY,39730659328,82.99,United States
282,Veeva Systems,VEEV,39595552768,243.75,United States
283,Roper Technologies,ROP,39495073792,399.34,United States
284,BeOne Medicines,ONC,39307689984,347.48,United States
285,PG&amp;E Corporation,PCG,39290228736,17.84,United States
286,Everpure,P,39276965888,118.16,United States
287,Coinbase,COIN,39171870720,148.47,United States
288,IQVIA,IQV,38954237952,236.66,United States
289,Archer Daniels Midland (ADM),ADM,38773399552,80.45,United States
290,Iron Mountain,IRM,38531674112,129.43,United States
291,Carnival Corporation,CCL,38514536448,28.12,United States
292,TKO Group Holdings,TKO,38096207872,201.28,United States
293,Jabil,JBL,38048190464,363.1,United States
294,PSEG,PEG,37892362240,76.04,United States
295,The Hartford,HIG,37835538432,138.02,United States
296,MongoDB,MDB,37025226752,460.33,United States
297,The Hershey Company,HSY,37014528000,184.22,United States
298,Emcor,EME,36888666112,836.29,United States
299,Kenvue,KVUE,36878852096,19.2,United States
300,M&T Bank,MTB,36826021888,254.09,United States
301,Steel Dynamics,STLD,36659027968,255.77,United States
302,Kimberly-Clark,KMB,36642893824,110.39,United States
303,"Strategy 
 (MicroStrategy)",MSTR,36641271808,93.04,United States
304,Twilio,TWLO,36581617664,238.2,United States
305,Vulcan Materials,VMC,36541202432,282.0,United States
306,Huntington Bancshares,HBAN,36185628672,17.91,United States
307,WEC Energy Group,WEC,36012871680,110.52,United States
308,Northern Trust,NTRS,35019542528,191.41,United States
309,Venture Global,VG,34976301056,13.99,United States
310,Raymond James Financial,RJF,34780921856,180.81,United States
311,Kroger,KR,34730975232,56.69,United States
312,Ubiquiti,UI,34667048960,572.8,United States
313,Reddit,RDDT,34263894016,178.09,United States
314,EQT Corporation,EQT,34040582144,54.42,United States
315,DexCom,DXCM,33868128256,89.75,United States
316,GE HealthCare Technologies,GEHC,33520975872,73.69,United States
317,"Cheniere Energy
Partners",CQP,33424185344,69.05,United States
318,Centene,CNC,33329844224,67.47,United States
319,Martin Marietta Materials,MLM,32911876096,547.93,United States
320,Extra Space Storage,EXR,32641904640,147.9,United States
321,ResMed,RMD,32378873856,224.46,United States
322,Crown Castle,CCI,32326105088,75.98,United States
323,ON Semiconductor,ON,32180506624,82.66,United States
324,Teledyne Technologies,TDY,31488522240,679.67,United States
325,Citizens Financial Group,CFG,31474544640,74.73,United States
326,Casey's General Stores,CASY,31322808320,846.45,United States
327,Estee Lauder,EL,31150540800,86.1,United States
328,ATI Inc.,ATI,31112208384,228.48,United States
329,Zoom,ZM,31070885888,105.96,United States
330,Biogen,BIIB,31003222016,209.83,United States
331,Cboe Global Markets,CBOE,30926202880,296.14,United States
332,Alnylam Pharmaceuticals,ALNY,30595454976,228.65,United States
333,Zoetis,ZTS,30491770880,73.79,United States
334,Copart,CPRT,30450180096,31.61,United States
335,Ameren,AEE,30380779520,109.74,United States
336,Kraft Heinz,KHC,30250364928,25.51,United States
337,GlobalFoundries,GFS,29950836736,54.58,United States
338,Las Vegas Sands,LVS,29943226368,46.23,United States
339,Blue Owl Capital,OWL,29845397504,12.22,United States
340,Qnity Electronics,Q,29788968960,142.3,United States
341,Zscaler,ZS,29689868288,183.6,United States
342,DTE Energy,DTE,29307121664,140.84,United States
343,LPL Financial,LPLA,29187405824,370.67,United States
344,VICI Properties,VICI,29024403456,26.36,United States
345,Coupang,CPNG,28936435712,16.12,United States
346,Fiserv,FISV,28922791936,54.39,United States
347,Illumina,ILMN,28824389632,190.89,United States
348,Halliburton,HAL,28754388992,34.42,United States
349,Atmos Energy,ATO,28714534912,169.92,United States
350,Williams-Sonoma,WSM,28445224960,241.58,United States
351,Mettler Toledo,MTD,28432279552,1419.02,United States
352,Xylem,XYL,27943702528,119.68,United States
353,Dover Corporation,DOV,27888234496,207.07,United States
354,Cognizant Technology Solutions,CTSH,27807670272,58.79,United States
355,Otis Worldwide,OTIS,27648014336,72.63,United States
356,AST SpaceMobile,ASTS,27623108608,70.98,United States
357,HP,HPQ,27536279552,30.11,United States
358,Edison International,EIX,27479568384,71.41,United States
359,FirstEnergy,FE,27423422464,47.41,United States
360,Corpay,CPAY,27419449344,417.6,United States
361,Roblox,RBLX,27310592000,38.23,United States
362,Eversource Energy,ES,27213152256,72.36,United States
363,Dollar General,DG,27193921536,123.28,United States
364,Regions Financial,RF,27176552448,31.9,United States
365,PPL,PPL,27099660288,36.02,United States
366,American Water,AWK,27066888192,136.2,United States
367,Carpenter Technology,CRS,27058288640,544.59,United States
368,Hubbell,HUBB,27022755840,511.39,United States
369,Insmed,INSM,27022526464,123.74,United States
370,CenterPoint Energy,CNP,26895548416,40.83,United States
371,EchoStar,ECHO,26693191680,91.89,United States
372,Cincinnati Financial,CINF,26577793024,173.17,United States
373,NRG Energy,NRG,26536970240,126.24,United States
374,Synchrony Financial,SYF,26355038208,81.0,United States
375,AvalonBay Communities,AVB,26283393024,184.06,United States
376,J. B. Hunt,JBHT,26264768512,279.71,United States
377,Affirm,AFRM,26239301632,78.35,United States
378,W. R. Berkley,WRB,26175252480,70.51,United States
379,SharkNinja,SN,26075324416,185.1,United States
380,Formula One Group,FWONK,26048612352,103.9,United States
381,First Citizens BancShares,FCNCA,25876264960,2291.33,United States
382,Quest Diagnostics,DGX,25871515648,234.4,United States
383,Okta,OKTA,25851326464,147.43,United States
384,Symbotic,SYM,25849077760,42.7,United States
385,Curtiss-Wright,CW,25828626432,699.31,United States
386,LabCorp,LH,25800343552,318.13,United States
387,Supermicro,SMCI,25771421696,39.84,United States
388,Fox Corporation,FOX,25770715136,61.41,United States
389,Tapestry,TPR,25717538816,128.98,United States
390,VeriSign,VRSN,25695295488,284.24,United States
391,Darden Restaurants,DRI,25576415232,225.26,United States
392,Equity Residential,EQR,25502982144,65.97,United States
393,PPG Industries,PPG,25366652928,114.11,United States
394,Moderna,MRNA,25279617024,63.32,United States
395,KeyCorp (KeyBank),KEY,24989134848,23.31,United States
396,Omnicom Group,OMC,24957992960,87.57,United States
397,Dollar Tree,DLTR,24865470464,129.39,United States
398,PulteGroup,PHM,24797511680,130.18,United States
399,Texas Pacific Land Corporation,TPL,24728801280,358.52,United States
400,Coterra Energy,CTRA,24724652032,32.56,United States
401,XPO Logistics,XPO,24712269824,211.06,United States
402,Entegris,ENTG,24636047360,161.76,United States
403,Global Payments,GPN,24622741504,93.05,United States
404,West Pharmaceutical Services,WST,24590698496,349.42,United States
405,Principal Financial Group,PFG,24403648512,113.98,United States
406,Incyte,INCY,24356161536,120.16,United States
407,First Solar,FSLR,24240885760,225.56,United States
408,Expeditors International,EXPD,24193853440,186.12,United States
409,MACOM Technology Solutions,MTSI,24166815744,316.44,United States
410,Church & Dwight,CHD,24028755968,101.3,United States
411,"Arxis, Inc.",ARXS,23912931328,57.28,United States
412,MasTec,MTZ,23897948160,297.59,United States
413,Veralto,VLTO,23813734400,97.68,United States
414,Verisk Analytics,VRSK,23802736640,181.67,United States
415,Constellation Brands,STZ,23772549120,139.18,United States
416,SoFi,SOFI,23622821888,18.29,United States
417,Brown &amp; Brown,BRO,23603415040,70.54,United States
418,T. Rowe Price,TROW,23584200704,110.56,United States
419,US Foods,USFD,23562741760,108.92,United States
420,Fair Isaac (FICO),FICO,23450281984,1085.78,United States
421,Roku,ROKU,23402702848,157.68,United States
422,Samsara,IOT,23186034688,39.79,United States
423,Tradeweb,TW,23173986304,106.29,United States
424,Ralph Lauren,RL,23172724736,388.92,United States
425,Loews Corporation,L,23106463744,113.03,United States
426,Markel Group,MKL,22887225344,1847.24,United States
427,F5,FFIV,22832080896,403.2,United States
428,Packaging Corporation of America,PKG,22762831872,255.48,United States
429,Expand Energy,EXE,22674110464,94.78,United States
430,FedEx Freight,FDXF,22471077888,150.29,United States
431,Dow,DOW,22443126784,31.07,United States
432,FTAI Aviation,FTAI,22300790784,217.13,United States
433,Rivian,RIVN,22239137792,15.36,United States
434,Fidelity National Information Services,FIS,22184452096,42.92,United States
435,Viper Energy,VNOM,22159314944,42.29,United States
436,CMS Energy,CMS,21967273984,71.11,United States
437,ULTA Beauty,ULTA,21956790272,510.75,United States
438,Woodward,WWD,21880018944,370.56,United States
439,Burlington Stores,BURL,21844201472,347.67,United States
440,Bunge Global SA,BG,21842022400,113.69,United States
441,Reliance,RS,21776146432,426.54,United States
442,Southwest Airlines,LUV,21652353024,44.26,United States
443,International Paper,IP,21574678528,40.74,United States
444,Tenet Healthcare,THC,21571039232,267.9,United States
445,International Flavors & Fragrances,IFF,21491445760,84.18,United States
446,United Therapeutics,UTHR,21433765888,499.73,United States
447,SiTime,SITM,21407870976,711.91,United States
448,Equifax,EFX,21247143936,180.85,United States
449,Guardant Health,GH,21096980480,157.21,United States
450,Rubrik,RBRK,21041854464,102.23,United States
451,MKS Instruments,MKSI,21010804736,310.73,United States
452,General Mills,GIS,20957474816,39.2,United States
453,Lennar,LEN,20916924416,86.83,United States
454,Snap-on,SNA,20874997760,403.56,United States
455,Charter Communications,CHTR,20792123392,154.27,United States
456,TD Synnex,SNX,20688527360,258.74,United States
457,LyondellBasell,LYB,20596899840,63.76,United States
458,Tyson Foods,TSN,20464291840,58.17,United States
459,NiSource,NI,20381304832,42.5,United States
460,TPG Inc.,TPG,20380084224,53.03,United States
461,Unity Software,U,20354113536,46.25,United States
462,Onto Innovation,ONTO,20275255296,331.71,United States
463,Western Midstream,WES,20212500480,48.92,United States
464,Toast,TOST,20085499904,34.75,United States
465,Exact Sciences,EXAS,20026083328,104.91,United States
466,Essex Property Trust,ESS,19817658368,287.52,United States
467,Broadridge Financial Solutions,BR,19778723840,171.01,United States
468,Dupont De Nemours,DD,19747938304,146.26,United States
469,ITT,ITT,19710857216,219.4,United States
470,SBA Communications,SBAC,19647518720,185.2,United States
471,Royal Gold,RGLD,19545020416,230.68,United States
472,Circle Internet Group,CRCL,19517739008,71.6,United States
473,Evergy,EVRG,19374559232,84.03,United States
474,Coeur Mining,CDE,19335456768,18.81,United States
475,Zimmer Biomet,ZBH,19197749248,100.65,United States
476,SS&C Technologies,SSNC,19124381696,81.5,United States
477,APi Group,APG,18993444864,43.95,United States
478,Fortive,FTV,18785536000,61.62,United States
479,IonQ,IONQ,18741573632,46.26,United States
480,East West Bancorp,EWBC,18715820032,136.6,United States
481,Tractor Supply,TSCO,18668869632,35.83,United States
482,Viatris,VTRS,18641629184,16.23,United States
483,Genuine Parts Company,GPC,18615203840,135.03,United States
484,Lattice Semiconductor,LSCC,18492604416,130.46,United States
485,Alliant Energy,LNT,18305499136,70.6,United States
486,Best Buy,BBY,18214494208,86.42,United States
487,Leidos,LDOS,18091722752,143.83,United States
488,Dick's Sporting Goods,DKS,18076827648,201.97,United States
489,Permian Resources,PR,18007476224,21.5,United States
490,Nutanix,NTNX,18004699136,66.605,United States
491,Invitation Homes,INVH,17993531392,30.29,United States
492,Akamai,AKAM,17963139072,124.99,United States
493,News Corp,NWS,17922990080,33.17,United States
494,Zebra Technologies,ZBRA,17911584768,376.03,United States
495,CF Industries,CF,17903300608,118.3,United States
496,RBC Bearings,RBC,17744689152,560.49,United States
497,Weyerhaeuser,WY,17701275648,24.56,United States
498,Sterling Infrastructure,STRL,17633669120,576.48,United States
499,WESCO International,WCC,17619363840,361.55,United States
500,IDEX,IEX,17614632960,238.94,United States
501,Annaly Capital Management,NLY,17584156672,23.33,United States
502,Carlyle Group,CG,17560080384,49.28,United States
503,Ovintiv,OVV,17431332864,63.02,United States
504,CDW Corporation,CDW,17429929984,139.42,United States
505,Rollins,ROL,17417463808,36.2,United States
506,Talen Energy,TLN,17380417536,362.74,United States
507,C. H. Robinson,CHRW,17360592896,148.57,United States
508,Jones Lang LaSalle,JLL,17252888576,375.0,United States
509,Franklin Resources,BEN,17203484672,33.86,United States
510,Nordson,NDSN,17201244160,308.72,United States
511,Jacobs Engineering,J,17081580544,144.66,United States
512,Hyatt Hotels,H,17054963712,180.98,United States
513,Gen Digital,GEN,17047757824,28.48,United States
514,Clean Harbors,CLH,16996439040,321.98,United States
515,Hologic,HOLX,16968846336,76.01,United States
516,Plains All American Pipeline,PAA,16863038464,23.9,United States
517,Performance Food Group,PFGC,16846021632,107.25,United States
518,NVR,NVR,16809750528,6307.93,United States
519,HF Sinclair,DINO,16653012992,93.67,United States
520,Ball Corporation,BALL,16459359232,61.82,United States
521,Aramark,ARMK,16447565824,62.39,United States
522,Kimco Realty,KIM,16373968896,24.41,United States
523,Pershing Square Inc.,PS,16332000256,40.83,United States
524,Pinnacle Financial Partners,PNFP,16321676288,108.01,United States
525,W. P. Carey,WPC,16315555840,71.62,United States
526,Ryan Specialty,RYAN,16310053888,41.82,United States
527,Reinsurance Group of America,RGA,16289500160,249.45,United States
528,PTC,PTC,16248812544,149.75,United States
529,Medpace,MEDP,16146892800,578.5,United States
530,Albemarle,ALB,16066387968,136.15,United States
531,Mid-America Apartment Communities,MAA,15928913920,133.49,United States
532,Host Hotels & Resorts,HST,15909235712,22.9,United States
533,BWX Technologies,BWXT,15870759936,173.22,United States
534,Lamar Advertising,LAMR,15787928576,155.47,United States
535,Sun Communities,SUI,15763958784,123.29,United States
536,Madison Air Solutions,MAIR,15693884416,31.28,United States
537,Lincoln Electric,LECO,15636066304,286.87,United States
538,UL Solutions,ULS,15613079552,77.46,United States
539,BridgeBio Pharma,BBIO,15611629568,79.86,United States
540,Nextpower,NXT,15589684224,101.47,United States
541,Neurocrine Biosciences,NBIX,15523863552,152.72,United States
542,Textron,TXT,15476118528,89.0,United States
543,TransUnion,TRU,15419968512,80.48,United States
544,Stanley Black &amp; Decker,SWK,15414267904,102.07,United States
545,Corebridge Financial,CRBG,15365779456,34.47,United States
546,DigitalOcean,DOCN,15188699136,129.92,United States
547,Solventum,SOLV,15080119296,88.59,United States
548,IES Holdings,IESC,15066399744,756.18,United States
549,"QXO, Inc.",QXO,15058555904,14.51,United States
550,Unum,UNM,14911917056,93.33,United States
551,Cooper Companies,COO,14855482368,76.17,United States
552,CACI International Inc,CACI,14818625536,670.54,United States
553,TTM Technologies,TTMI,14748840960,140.0,United States
554,Healthpeak Properties,DOC,14739014656,20.79,United States
555,McCormick & Company,MKC,14698114048,54.67,United States
556,Carlisle Companies,CSL,14695818240,370.04,United States
557,Omega Healthcare Investors,OHI,14675341312,46.53,United States
558,Masco,MAS,14656942080,74.33,United States
559,Amkor Technology,AMKR,14622000128,58.99,United States
560,Guidewire Software,GWRE,14618985472,175.59,United States
561,Lennox,LII,14584950784,422.01,United States
562,Mueller Industries,MLI,14575853568,65.9,United States
563,RPM International,RPM,14528326656,113.82,United States
564,Equitable Holdings,EQH,14481135616,53.09,United States
565,Penske Automotive Group,PAG,14435982336,219.85,United States
566,U-Haul,UHAL,14425940992,74.21,United States
567,Invesco,IVZ,14370824192,32.55,United States
568,Regency Centers,REG,14341604352,76.71,United States
569,Ares Capital,ARCC,14267114496,19.87,United States
570,Sunoco,SUN,14240319488,75.58,United States
571,Dynatrace,DT,14201563136,49.14,United States
572,APA Corporation,APA,14178726912,40.47,United States
573,UDR Apartments,UDR,14057363456,37.94,United States
574,Globe Life,GL,14053701632,181.0,United States
575,BorgWarner,BWA,13983732736,68.66,United States
576,AMH (American Homes 4 Rent),AMH,13971165184,34.08,United States
577,DT Midstream,DTM,13965893632,136.9,United States
578,Assurant,AIZ,13928045568,282.38,United States
579,Somnigroup International,SGI,13896743936,66.06,United States
580,Toll Brothers,TOL,13858946048,148.27,United States
581,Baxter,BAX,13819302912,26.73,United States
582,CNA Financial,CNA,13800647680,51.0,United States
583,Aurora Innovation,AUR,13708809216,6.99,United States
584,Avery Dennison,AVY,13686423552,178.93,United States
585,Ally Financial,ALLY,13661607936,44.91,United States
586,Hasbro,HAS,13638999040,96.7,United States
587,Texas Roadhouse,TXRH,13594236928,207.1,United States
588,Figma,FIG,13549110272,25.42,United States
589,Five Below,FIVE,13521925120,244.54,United States
590,Hormel Foods,HRL,13503975424,24.54,United States
591,Pinterest,PINS,13477384192,24.06,United States
592,Tyler Technologies,TYL,13458554880,328.64,United States
593,Trimble,TRMB,13431158784,57.6,United States
594,Warner Music Group,WMG,13417764864,25.65,United States
595,Wayfair,W,13414803456,101.63,United States
596,Erie Indemnity,ERIE,13385683968,255.99,United States
597,Charles River Laboratories,CRL,13369270272,280.05,United States
598,Applied Industrial Technologies,AIT,13283151872,361.95,United States
599,Graco,GGG,13270496256,81.94,United States
600,Fidelity National Financial,FNF,13267500032,49.47,United States
601,Brown Forman,BF-A,13261176832,28.9,United States
602,Advanced Energy,AEIS,13227059200,330.26,United States
603,Alcoa,AA,13190194176,49.98,United States
604,Equity LifeStyle Properties,ELS,13147185152,65.61,United States
605,CoStar Group,CSGP,13120299008,32.38,United States
606,Semtech,SMTC,13073767424,140.35,United States
607,Gaming and Leisure Properties,GLPI,13049235456,43.57,United States
608,BioMarin Pharmaceutical,BMRN,13039128576,67.36,United States
609,Revvity,RVTY,13037754368,116.84,United States
610,AGNC Investment,AGNC,12992876544,10.96,United States
611,DraftKings,DKNG,12977308672,26.14,United States
612,J.M. Smucker Company,SJM,12974246912,121.39,United States
613,Crown Holdings,CCK,12944675840,119.02,United States
614,Generac,GNRC,12939936768,219.3,United States
615,Stifel,SF,12928768000,85.62,United States
616,Watsco,WSO,12914411520,313.06,United States
617,Huntington Ingalls Industries,HII,12913281024,327.71,United States
618,Penumbra,PEN,12881129472,327.02,United States
619,Align Technology,ALGN,12880236544,181.31,United States
620,Watts Water Technologies,WTS,12833112064,384.42,United States
621,Webster Financial,WBS,12800642048,79.0,United States
622,Clorox,CLX,12782407680,105.7,United States
623,SEI Investments,SEIC,12767640576,106.38,United States
624,Applied Optoelectronics,AAOI,12709065728,150.28,United States
625,Exelixis,EXEL,12696334336,51.24,United States
626,Deckers Brands,DECK,12677168128,93.09,United States
627,Crane Company,CR,12620129280,218.34,United States
628,Coca-Cola Consolidated,COKE,12587973632,189.11,United States
629,Dycom Industries,DY,12579895296,419.07,United States
630,First Horizon Corporation,FHN,12422436864,26.22,United States
631,"BXP, Inc.",BXP,12381059072,68.45,United States
632,Corcept Therapeutics,CORT,12374024192,114.47,United States
633,Hecla Mining,HL,12320987136,18.37,United States
634,Pinnacle West Capital,PNW,12299095040,101.48,United States
635,Owens Corning,OC,12226459648,154.67,United States
636,Pershing Square Holdings,PSHZF,12225084416,56.685,United States
637,BrightSpring Health Services,BTSG,12210201600,61.71,United States
638,Arrowhead Pharmaceuticals,ARWR,12203852800,86.64,United States
639,Encompass Health,EHC,12192571392,123.59,United States
640,Leonardo DRS,DRS,12151570432,45.53,United States
641,American Financial Group,AFG,12130580480,146.29,United States
642,Chime Financial,CHYM,12122295296,32.02,United States
643,Kratos Defense &amp; Security Solutions,KTOS,12110041088,64.58,United States
644,Forgent Power Solutions,FPS,12073650176,39.66,United States
645,GoDaddy,GDDY,12020133888,94.91,United States
646,BJ's Wholesale Club,BJ,11927750656,93.41,United States
647,DocuSign,DOCU,11846203392,62.04,United States
648,Elanco,ELAN,11826049024,23.67,United States
649,Evercore,EVR,11821151232,307.38,United States
650,Knight-Swift Transportation,KNX,11786788864,72.42,United States
651,Madrigal Pharmaceuticals,MDGL,11726730240,507.56,United States
652,Regal Rexnord,RRX,11686207488,175.49,United States
653,JFrog,FROG,11648083968,96.17,United States
654,Littelfuse,LFUS,11621705728,457.57,United States
655,DaVita,DVA,11557150720,180.06,United States
656,UMB Financial,UMBF,11547442176,152.04,United States
657,Globus Medical,GMED,11533099008,85.9,United States
658,Manhattan Associates,MANH,11508817920,197.39,United States
659,Antero Resources,AR,11488995328,37.37,United States
660,Service Corporation International,SCI,11479840768,84.23,United States
661,Essential Utilities,WTRG,11458979840,40.38,United States
662,Domino's Pizza,DPZ,11455212544,346.27,United States
663,Gartner,IT,11435648000,181.09,United States
664,ViaSat,VSAT,11415824384,82.87,United States
665,Advanced Drainage Systems,WMS,11379421184,150.91,United States
666,Paramount Skydance,PSKY,11348415488,10.14,United States
667,"Popular, Inc. (Banco Popular de Puerto Rico)",BPOP,11344281600,177.87,United States
668,Instacart (Maplebear Inc.),CART,11315723264,48.88,United States
669,Sanmina,SANM,11300466688,210.84,United States
670,Bio-Techne,TECH,11280692224,72.4,United States
671,Avidity Biosciences,RNAM,11249150976,72.82,United States
672,Jefferies Financial Group,JEF,11215034368,55.14,United States
673,Halozyme Therapeutics,HALO,11197713408,98.66,United States
674,Axsome Therapeutics,AXSM,11192208384,213.67,United States
675,Dayforce,DAY,11180042240,69.86,United States
676,HubSpot,HUBS,11177010176,224.14,United States
677,Confluent,CFLT,11133729792,30.99,United States
678,Modine Manufacturing,MOD,11127112704,209.5,United States
679,Donaldson Company,DCI,11121665024,95.95,United States
680,Camden Property Trust,CPT,11095523328,110.36,United States
681,MGM Resorts,MGM,11095239680,44.1,United States
682,Molina Healthcare,MOH,11088845824,212.43,United States
683,SailPoint,SAIL,11077084160,19.53,United States
684,Cognex,CGNX,11040530432,65.63,United States
685,Dutch Bros,BROS,11035384832,52.02,United States
686,Wintrust Financial,WTFC,10961196032,162.47,United States
687,Bentley Systems,BSY,10947847168,36.24,United States
688,EastGroup Properties,EGP,10919208960,203.06,United States
689,Bitmine Immersion Technologies,BMNR,10906333184,18.08,United States
690,Rambus,RMBS,10905613312,100.85,United States
691,Arrow Electronics,ARW,10893251584,213.99,United States
692,Jack Henry &amp; Associates,JKHY,10892795904,153.31,United States
693,SPX Technologies,SPXC,10884659200,217.32,United States
694,Glaukos,GKOS,10884305920,184.53,United States
695,Vicor,VICR,10823094272,234.74,United States
696,South State Corp,SSB,10821388288,111.59,United States
697,VIAVI Solutions,VIAV,10743487488,43.54,United States
698,Acuity Brands,AYI,10729798656,358.43,United States
699,Antero Midstream,AM,10703897600,22.55,United States
700,Globalstar,GSAT,10674727936,82.39,United States
701,The Ensign Group,ENSG,10587003904,181.65,United States
702,Darling Ingredients,DAR,10579107840,67.04,United States
703,Cullen/Frost Bankers,CFR,10570265600,170.08,United States
704,Wynn Resorts,WYNN,10557913088,102.53,United States
705,Zions Bancorporation,ZION,10537832448,72.2,United States
706,AES,AES,10504812544,14.73,United States
707,Skyworks Solutions,SWKS,10471264256,69.62,United States
708,American Healthcare REIT,AHR,10466748416,54.31,United States
709,MP Materials,MP,10461687808,58.74,United States
710,Murphy USA,MUSA,10460623872,569.12,United States
711,New York Times,NYT,10449563648,64.79,United States
712,Old National Bank,ONB,10394426368,27.17,United States
713,Allison Transmission,ALSN,10394097664,125.87,United States
714,Lineage,LINE,10384878592,41.75,United States
715,Old Republic International,ORI,10345400320,42.85,United States
716,Flowserve,FLS,10335754240,80.87,United States
717,Cytokinetics,CYTK,10305806336,74.13,United States
718,Federal Realty Investment Trust,FRT,10290269184,118.39,United States
719,FormFactor,FORM,10258847744,131.6,United States
720,Saia,SAIA,10251601920,384.32,United States
721,Henry Schein,HSIC,10226307072,89.77,United States
722,Praxis Precision Medicines,PRAX,10226212864,366.81,United States
723,Apogee Therapeutics,APGE,10183785472,134.55,United States
724,Brinker International,EAT,10170840064,237.15,United States
725,Westlake Corporation,WLK,10166215680,79.55,United States
726,Ryder,R,10122039296,263.96,United States
727,Life Time Group,LTH,10113887232,45.26,United States
728,Oscar Health,OSCR,10111209472,32.76,United States
729,FactSet,FDS,10082476032,283.49,United States
730,Chart Industries,GTLS,10047718400,209.9,United States
731,Protagonist Therapeutics,PTGX,10036255744,155.1,United States
732,Universal Health Services,UHS,10020386816,170.02,United States
733,Compass,COMP,9994733568,13.02,United States
734,Solstice Advanced Materials,SOLS,9951788032,62.65,United States
735,Insulet,PODD,9941230592,143.34,United States
736,TopBuild,BLD,9935550464,354.53,United States
737,Affiliated Managers Group,AMG,9887891456,374.37,United States
738,Krystal Biotech,KRYS,9834805248,332.27,United States
739,Paycom,PAYC,9831473152,218.13,United States
740,American Airlines,AAL,9817014272,14.83,United States
741,Madison Square Garden Sports,MSGS,9804628992,407.17,United States
742,OGE Energy,OGE,9802780672,47.5,United States
743,Nuvalent,NUVL,9792580608,123.96,United States
744,Kymera Therapeutics,KYMR,9761050624,117.39,United States
745,AeroVironment,AVAV,9757734912,192.81,United States
746,Liberty Live Holdings,LLYVA,9659643904,104.99,United States
747,Primerica,PRI,9654547456,313.69,United States
748,Valmont Industries,VMI,9614611456,495.25,United States
749,Rush Enterprises,RUSHA,9598742528,82.23,United States
750,Sirius XM,SIRI,9592923136,28.46,United States
751,Bio-Rad Laboratories,BIO,9534087168,356.26,United States
752,Oshkosh Corporation,OSK,9532891136,152.89,United States
753,Ionis Pharmaceuticals,IONS,9512390656,57.24,United States
754,Mohawk Industries,MHK,9490114560,140.1,United States
755,Element Solutions,ESI,9457456128,38.81,United States
756,Masimo,MASI,9423817728,179.95,United States
757,Range Resources,RRC,9421958144,40.32,United States
758,Repligen,RGEN,9415154688,166.83,United States
759,CubeSmart,CUBE,9404195840,41.48,United States
760,Tempus AI,TEM,9400650752,52.1,United States
761,The Toro Company,TTC,9368681472,98.38,United States
762,Tetra Tech,TTEK,9348182016,36.51,United States
763,Agree Realty,ADC,9322232832,74.74,United States
764,Booz Allen Hamilton,BAH,9317274624,77.46,United States
765,FirstCash,FCFS,9314094080,214.75,United States
766,Timken Company,TKR,9277517824,133.5,United States
767,Columbia Banking System,COLB,9245287424,32.69,United States
768,Avantor,AVTR,9239061504,13.66,United States
769,StandardAero,SARO,9232652288,27.9,United States
770,Brixmor Property Group,BRX,9200031744,29.98,United States
771,Voya Financial,VOYA,9197341696,101.52,United States
772,Chewy,CHWY,9179290624,22.42,United States
773,Jackson Financial,JXN,9165053952,135.32,United States
774,CareTrust REIT,CTRE,9161086976,38.77,United States
775,Snap,SNAP,9149379584,5.41,United States
776,Procore,PCOR,9086929920,59.8,United States
777,Elastic NV,ESTC,9079857152,86.68,United States
778,Kinetik,KNTK,9042040832,53.44,United States
779,Prosperity Bancshares,PB,9019267072,75.05,United States
780,Spyre Therapeutics,SYRE,8999359488,103.63,United States
781,Houlihan Lokey,HLI,8992994304,128.68,United States
782,Crinetics Pharmaceuticals,CRNX,8986263552,84.7,United States
783,Applied Digital,APLD,8981968896,31.2,United States
784,Western Alliance Bancorporation,WAL,8981183488,82.32,United States
785,Smithfield Foods,SFD,8955542528,22.76,United States
786,Primo Brands,PRMB,8940009472,24.7,United States
787,Core &amp; Main,CNM,8898970624,45.98,United States
788,BOK Financial,BOKF,8875212800,146.07,United States
789,InterDigital,IDCC,8868234240,343.65,United States
790,NewMarket Corp,NEU,8846206976,961.92,United States
791,NNN REIT,NNN,8828844032,46.0,United States
792,Planet Labs,PL,8799578112,24.69,United States
793,Bruker,BRKR,8791132160,57.7,United States
794,HealthEquity,HQY,8779564032,104.73,United States
795,Dillard's,DDS,8759291904,560.88,United States
796,Norwegian Cruise Line,NCLH,8729160704,19.01,United States
797,Match Group,MTCH,8711459840,37.95,United States
798,Lincoln National Corporation,LNC,8703195136,45.46,United States
799,CAVA Group,CAVA,8692717568,74.42,United States
800,Levi Strauss &amp; Co.,LEVI,8678379520,22.55,United States
801,TeraWulf,WULF,8672074752,17.38,United States
802,Qorvo,QRVO,8655069184,98.11,United States
803,Commerce Bancshares,CBSH,8644657152,60.27,United States
804,Vaxcyte,PCVX,8641122304,58.07,United States
805,Immunovant,IMVT,8638032896,41.82,United States
806,Kinsale Capital Group,KNSL,8637350912,379.19,United States
807,ServiceTitan,TTAN,8623940608,90.4,United States
808,First Industrial Realty Trust,FR,8614223872,62.87,United States
809,PBF Energy,PBF,8516872192,71.85,United States
810,CarMax,KMX,8503312896,59.92,United States
811,Eastman Chemical,EMN,8468172800,74.07,United States
812,Zurn Elkay Water Solutions,ZWS,8454093312,50.97,United States
813,A. O. Smith,AOS,8449436160,62.17,United States
814,Clearway Energy,CWEN,8420152832,34.14,United States
815,AptarGroup,ATR,8399067648,132.1,United States
816,GameStop,GME,8372578816,18.66,United States
817,Hess Midstream,HESM,8356408832,40.53,United States
818,Lear Corporation,LEA,8318516736,124.95,United States
819,Lithia Motors,LAD,8299725312,377.55,United States
820,UiPath,PATH,8295105536,16.01,United States
821,Valley Bank,VLY,8294604800,15.01,United States
822,Alexandria Real Estate Equities,ARE,8284666880,48.14,United States
823,Rexford Industrial,REXR,8283460096,36.23,United States
824,Allegro MicroSystems,ALGM,8274386944,44.39,United States
825,Oklo,OKLO,8255463424,44.38,United States
826,Idacorp,IDA,8248854016,142.61,United States
827,AECOM,ACM,8122031616,63.11,United States
828,Argan,AGX,8106208768,578.22,United States
829,StoneX Group,SNEX,8093382656,67.1,United States
830,SM Energy,SM,8027574784,33.75,United States
831,ImmunityBio,IBRX,8022960640,7.57,United States
832,Ralliant Corporation,RAL,7998166528,72.29,United States
833,Vornado Realty Trust,VNO,7986888704,39.0,United States
834,Axalta,AXTA,7985086464,37.31,United States
835,Molson Coors,TAP,7974635008,42.77,United States
836,Simpson Manufacturing Company,SSD,7942011392,193.78,United States
837,ESCO Technologies,ESE,7924088320,305.86,United States
838,Commercial Metals Company,CMC,7924020736,71.63,United States
839,Ryman Hospitality Properties,RHP,7921475584,125.52,United States
840,Rhythm Pharmaceuticals,RYTM,7921186304,115.48,United States
841,SentinelOne,S,7891651584,23.11,United States
842,Galaxy Digital Holdings,7LX.F,7887111260,22.3715,United States
843,Hexcel,HXL,7870133248,104.07,United States
844,Paylocity,PCTY,7867286528,148.28,United States
845,Avnet,AVT,7855204352,95.71,United States
846,Hanover Insurance Group,THG,7844646912,225.29,United States
847,Joby Aviation,JOBY,7833863680,7.92,United States
848,Central Bancompany,CBC,7833225216,32.67,United States
849,Zillow,Z,7821150720,34.78,United States
850,Builders FirstSource,BLDR,7801819136,72.51,United States
851,National Fuel Gas,NFG,7786094080,81.92,United States
852,Morningstar,MORN,7780689920,207.41,United States
853,Powell Industries,POWL,7777427968,213.48,United States
854,Terex,TEX,7763255808,67.92,United States
855,Armstrong World Industries,AWI,7700286464,182.2,United States
856,MaxLinear,MXL,7694410240,84.84,United States
857,Sprouts Farmers Market,SFM,7692929024,82.5,United States
858,Federal Signal,FSS,7682086912,125.85,United States
859,Ozon,OZON.ME,7660378599,37.82,United States
860,UGI Corporation,UGI,7586686464,35.37,United States
861,OneMain Financial,OMF,7555923968,65.68,United States
862,First American Financial Corporation,FAF,7541106176,73.86,United States
863,NOV,NOV,7535947264,21.14,United States
864,Chord Energy,CHRD,7511112192,137.32,United States
865,Dropbox,DBX,7484374528,34.42,United States
866,Conagra Brands,CAG,7475194880,15.62,United States
867,TG Therapeutics,TGTX,7460585984,48.74,United States
868,Navan,NAVN,7440460800,29.255,United States
869,Twist Bioscience,TWST,7435219456,118.57,United States
870,Terreno Realty,TRNO,7433954816,68.22,United States
871,PJT Partners,PJT,7427248640,174.36,United States
872,Gap Inc.,GAP,7415566336,20.6,United States
873,Cipher Mining,CIFR,7410373120,17.855,United States
874,Celsius Holdings,CELH,7360789504,29.09,United States
875,EnerSys,ENS,7335666176,203.4,United States
876,Etsy,ETSY,7333361664,79.9,United States
877,Clearwater Analytics,CWAN,7330872320,24.56,United States
878,Kirby Corporation,KEX,7319135744,138.62,United States
879,10x Genomics,TXG,7308031488,56.09,United States
880,MSA Safety,MSA,7296311808,189.13,United States
881,Lamb Weston,LW,7296230912,53.07,United States
882,Zeta Global,ZETA,7291944960,29.05,United States
883,Macerich,MAC,7290200064,24.71,United States
884,Silicon Labs,SLAB,7287633920,218.41,United States
885,Air Lease Corporation,AL,7282301440,65.0,United States
886,Victory Capital,VCTR,7272584192,118.235,United States
887,EnPro Industries,NPO,7267710976,343.34,United States
888,Loar Holdings,LOAR,7252425216,77.41,United States
889,Aaon,AAON,7239429632,87.8,United States
890,AppFolio,APPF,7232504320,204.21,United States
891,STAG Industrial,STAG,7232496640,36.75,United States
892,Fannie Mae,FNMA,7203304448,6.22,United States
893,GitLab,GTLB,7198517760,42.62,United States
894,Hinge Health,HNGE,7140648448,88.49,United States
895,Arcosa,ACA,7140129792,145.4,United States
896,Riot Platforms,RIOT,7135548416,19.015,United States
897,Plexus,PLXS,7127037952,267.41,United States
898,AGCO,AGCO,7096314880,101.33,United States
899,POOLCORP,POOL,7080631296,194.84,United States
900,Ormat Technologies,ORA,7057389056,114.76,United States
901,PACS Group,PACS,7033624576,44.44,United States
902,Light &amp; Wonder,LNW,7028988928,86.22,United States
903,Gates Industrial Corp,GTES,7027476480,27.76,United States
904,Fluor Corporation,FLR,7004019200,52.37,United States
905,Hamilton Lane,HLNE,6986380288,104.24,United States
906,Chemed,CHE,6964720640,532.88,United States
907,F.N.B. Corporation,FNB,6934177280,19.48,United States
908,Lumen Technologies,LUMN,6923689984,6.72,United States
909,AutoNation,AN,6923263488,209.41,United States
910,MSC Industrial Direct,MSM,6914888192,123.82,United States
911,Campbell's,CPB,6909438464,23.17,United States
912,Construction Partners,ROAD,6898637824,121.55,United States
913,The Mosaic Company,MOS,6869725184,21.61,United States
914,Enact Holdings,ACT,6865933824,49.94,United States
915,H&amp;R Block,HRB,6834910208,53.92,United States
916,Weatherford International,WFRD,6794704896,94.785,United States
917,Cleveland-Cliffs,CLF,6789426176,11.9,United States
918,VSE Corporation,VSEC,6786671616,241.82,United States
919,Healthcare Realty Trust,HR,6751975936,19.25,United States
920,Essential Properties Realty Trust,EPRT,6734389760,31.06,United States
921,Arcellx,ACLX,6732325376,115.07,United States
922,Sensata Technologies,ST,6728122368,46.23,United States
923,United Bankshares,UBSI,6711193600,49.27,United States
924,Southwest Gas,SWX,6708486144,92.6,United States
925,Mercury Systems,MRCY,6672009728,111.12,United States
926,Taylor Morrison,TMHC,6665396224,72.45,United States
927,Urban Outfitters,URBN,6663265280,77.81,United States
928,Liquidia Corporation,LQDA,6663042048,74.44,United States
929,CG Oncology,CGON,6650687488,75.03,United States
930,Matador Resources,MTDR,6644363776,53.69,United States
931,The Trade Desk,TTD,6644106240,14.14,United States
932,Pilgrim's Pride,PPC,6643227648,27.9,United States
933,Ingredion,INGR,6634330624,105.2,United States
934,Lyft,LYFT,6616883712,17.48,United States
935,Janus Living,JAN,6615252480,30.63,United States
936,Enova International,ENVA,6609273344,265.45,United States
937,Kodiak Gas Services,KGS,6595050496,65.35,United States
938,Lantheus Holdings,LNTH,6589245440,100.95,United States
939,Brookfield Renewable,BEPC,6588773888,35.5,United States
940,Ingram Micro Holding Corporation,INGM,6585397248,28.55,United States
941,Cogent Biosciences,COGT,6581802496,37.93,United States
942,Hims &amp; Hers Health,HIMS,6567772160,28.15,United States
943,Belite Bio,BLTE,6556305408,162.8,United States
944,Qualys,QLYS,6552124416,186.05,United States
945,WEX,WEX,6536171520,191.78,United States
946,Rayonier,RYN,6523417600,21.57,United States
947,StepStone Group,STEP,6505830400,50.4,United States
948,Glacier Bancorp,GBCI,6500988928,49.93,United States
949,Matson,MATX,6498021376,217.3,United States
950,Red Rock Resorts,RRR,6492538880,63.66,United States
951,Core Scientific,CORZ,6484650496,20.18,United States
952,SOLV Energy,MWH,6476532224,32.0,United States
953,Landstar System,LSTR,6454463488,190.19,United States
954,LKQ Corporation,LKQ,6431312896,25.42,United States
955,Erasca,ERAS,6428625920,18.38,United States
956,Hancock Whitney,HWC,6400195072,79.78,United States
957,Eagle Materials,EXP,6396418560,208.52,United States
958,Scholar Rock Holding,SRRK,6396163072,52.52,United States
959,MGIC Investment,MTG,6391689728,31.16,United States
960,National Storage Affiliates Trust,NSA,6391416320,43.41,United States
961,Netskope,NTSK,6386033152,15.81,United States
962,Installed Building Products,IBP,6385115136,240.23,United States
963,GATX,GATX,6377505280,180.64,United States
964,Aura Minerals,AUGO,6373276160,76.02,United States
965,Solaris Energy Infrastructure,SEI,6369648640,63.3,United States
966,Magnolia Oil &amp; Gas,MGY,6362991616,26.24,United States
967,Churchill Downs,CHDN,6330176000,90.82,United States
968,Schneider National,SNDR,6328361984,36.1,United States
969,Amneal Pharmaceuticals,AMRX,6321572864,18.15,United States
970,Crocs,CROX,6315325440,131.72,United States
971,Novanta,NOVT,6299683840,166.58,United States
972,Rigetti Computing,RGTI,6281527296,18.82,United States
973,Home BancShares,HOMB,6279557632,31.39,United States
974,Floor &amp; Decor,FND,6237117440,58.57,United States
975,JBT Marel Corporation,JBTM,6234555904,120.18,United States
976,Duolingo,DUOL,6214620160,132.83,United States
977,Sealed Air,SEE,6211799552,42.15,United States
978,Starwood Property Trust,STWD,6190233600,16.3,United States
979,Amdocs,DOX,6180868096,58.22,United States
980,CLEAR Secure,YOU,6171568128,45.45,United States
981,Caris Life Sciences,CAI,6160574976,21.8,United States
982,Macy's,M,6157718528,23.41,United States
983,Credit Acceptance,CACC,6142885888,587.27,United States
984,Mirum Pharmaceuticals,MIRM,6137150976,100.64,United States
985,Atlantic Union Bankshares,AUB,6123902976,42.88,United States
986,Terns Pharmaceuticals,TERN,6116845568,52.95,United States
987,Boyd Gaming,BYD,6112499712,84.13,United States
988,LandBridge,LB,6104947712,78.69,United States
989,Associated Banc-Corp,ASB,6101253120,32.33,United States
990,Commvault,CVLT,6095874048,147.085,United States
991,Albertsons,ACI,6083047936,12.42,United States
992,Archrock,AROC,6082481664,34.69,United States
993,Cirrus Logic,CRUS,6068734976,121.09,United States
994,Caesars Entertainment,CZR,6060680704,29.75,United States
995,Sphere Entertainment,SPHR,6033486336,168.0,United States
996,"X-Energy, Inc.",XE,6029446656,20.975,United States
997,Ameris Bancorp,ABCB,6024216576,89.77,United States
998,Plains GP,PAGP,6020731392,25.84,United States
999,RadNet,RDNT,6008535552,76.35,United States
1000,"Mobility Global, Inc.",MBGL,6001869312,20.34,United States
1001,PTC Therapeutics,PTCT,5984139264,71.7,United States
1002,Portland General Electric,POR,5969768960,50.76,United States
1003,Frontdoor,FTDR,5957204992,86.47,United States
1004,BETA Technologies,BETA,5947941888,24.86,United States
1005,Rush Street Interactive,RSI,5923669504,25.58,United States
1006,Flagstar Bank,FLG,5915073024,14.25,United States
1007,TXNM Energy,TXNM,5914847232,57.4,United States
1008,Materion,MTRN,5898861056,283.14,United States
1009,Cactus Inc,WHD,5875547648,73.28,United States
1010,Ligand Pharmaceuticals,LGND,5872930304,294.595,United States
1011,RLI Corp.,RLI,5852364288,63.77,United States
1012,AAR,AIR,5847596544,145.25,United States
1013,VF Corporation,VFC,5845911040,14.87,United States
1014,Dolby,DLB,5843995648,62.39,United States
1015,Nexstar Media Group,NXST,5840329728,189.57,United States
1016,Mercury General,MCY,5836853248,105.38,United States
1017,Fervo Energy Company,FRVO,5822184448,19.76,United States
1018,Teleflex,TFX,5812221440,137.17,United States
1019,Herc Holdings,HRI,5800689664,173.51,United States
1020,Axos Financial,AX,5795950592,102.16,United States
1021,Rithm Capital,RITM,5785096704,10.36,United States
1022,Blue Owl Capital Corporation,OBDC,5779631104,11.72,United States
1023,Travere Therapeutics,TVTX,5778578944,62.14,United States
1024,Casella Waste Systems,CWST,5773425152,90.72,United States
1025,Sonoco,SON,5761078272,58.27,United States
1026,Definium Therapeutics,DFTX,5728062976,42.63,United States
1027,Bank OZK,OZK,5723384832,52.49,United States
1028,MarketAxess,MKTX,5721308672,162.57,United States
1029,Phillips Edison &amp; Company,PECO,5717447168,40.5,United States
1030,Fortune Brands Innovations,FBIN,5710731776,47.84,United States
1031,Balchem,BCPC,5690545152,178.51,United States
1032,Sensient Technologies,SXT,5681679360,133.47,United States
1033,Black Hills,BKH,5664846336,74.29,United States
1034,MiniMed Group,MMED,5658983424,20.15,United States
1035,The Cheesecake Factory,CAKE,5641860096,113.38,United States
1036,Selective Insurance,SIGI,5624452096,94.37,United States
1037,CSW Industrials,CSW,5623696896,345.15,United States
1038,New Jersey Resources,NJR,5611239424,55.6,United States
1039,ACM Research,ACMR,5601188352,80.42,United States
1040,GXO Logistics,GXO,5589060608,48.58,United States
1041,Granite Construction,GVA,5562469376,127.1,United States
1042,PriceSmart,PSMT,5561683456,180.22,United States
1043,Perimeter Solutions,PRM,5548986880,33.9,United States
1044,Remitly,RELY,5537756160,26.3,United States
1045,Reynolds Consumer Products,REYN,5532643840,26.25,United States
1046,Versant Media Group,VSNT,5518093824,39.65,United States
1047,Kite Realty,KRG,5499382272,26.45,United States
1048,Main Street Capital,MAIN,5498297856,58.8,United States
1049,Uranium Energy,UEC,5495374848,11.21,United States
1050,ADT,ADT,5471888384,7.49,United States
1051,Wyndham Hotels &amp; Resorts,WH,5464164352,73.63,United States
1052,Merit Medical,MMSI,5419317760,90.76,United States
1053,HASI (HA Sustainable Infrastructure Capita),HASI,5412242432,42.12,United States
1054,Piper Sandler,PIPR,5406277120,76.5,United States
1055,Eastern Bankshares,EBC,5398585344,23.625,United States
1056,e.l.f. Beauty,ELF,5395691520,91.44,United States
1057,ACI Worldwide,ACIW,5395047936,53.44,United States
1058,Sotera Health,SHC,5390729728,18.89,United States
1059,RingCentral,RNG,5385312256,64.49,United States
1060,Vishay Intertechnology,VSH,5380541440,35.08,United States
1061,Brunswick Corporation,BC,5356803072,82.67,United States
1062,SAIC (Science Applications International Corp),SAIC,5355627520,126.68,United States
1063,AXT Inc,AXTI,5353396736,81.64,United States
1064,Enphase Energy,ENPH,5335192064,40.48,United States
1065,Middleby,MIDD,5332167168,117.91,United States
1066,Outfront Media,OUT,5326329856,30.24,United States
1067,BGC Group,BGC,5325224960,11.2,United States
1068,Iridium Communications,IRDM,5319211520,50.2,United States
1069,EXL Service,EXLS,5319137280,34.815,United States
1070,Xometry,XMTR,5317966336,96.26,United States
1071,Pegasystems,PEGA,5313567744,32.32,United States
1072,Belden,BDC,5310726144,135.9,United States
1073,Virtu Financial,VIRT,5299806720,60.02,United States
1074,CNX Resources,CNX,5284546560,35.72,United States
1075,Vail Resorts,MTN,5284452352,148.3,United States
1076,Impinj,PI,5275218944,172.65,United States
1077,Icahn Enterprises,IEP,5274990080,7.42,United States
1078,ESAB,ESAB,5272451584,84.81,United States
1079,Ondas Holdings,ONDS,5271903232,9.24,United States
1080,Paymentus,PAY,5271833600,41.86,United States
1081,SLM Corporation (Sallie Mae),SLM,5269640192,28.03,United States
1082,Klaviyo,KVYO,5264609792,18.49,United States
1083,Acushnet Holdings,GOLF,5259958272,90.06,United States
1084,Apellis Pharmaceuticals,APLS,5252712960,41.03,United States
1085,Amentum,AMTM,5249552384,21.47,United States
1086,EquipmentShare.com,EQPT,5227146240,20.63,United States
1087,Liberty Broadband,LBRDA,5222163968,36.3,United States
1088,MYR Group,MYRG,5206201856,334.39,United States
1089,First National of Nebraska,FINN,5201927680,19250.0,United States
1090,Oceaneering International,OII,5195447808,52.2,United States
1091,Sabra Health Care REIT,SBRA,5191003136,20.32,United States
1092,UniFirst,UNF,5185817088,286.76,United States
1093,Warrior Met Coal,HCC,5185164800,98.2,United States
1094,EPAM Systems,EPAM,5184491520,100.5,United States
1095,Laureate Education,LAUR,5182130688,37.62,United States
1096,Varonis Systems,VRNS,5167573504,44.99,United States
1097,Louisiana-Pacific,LPX,5166640640,73.89,United States
1098,Jersey Mike's Subs,JMKE,5159605248,22.16,United States
1099,Trex,TREX,5156493824,49.63,United States
1100,Champion Homes,SKY,5131101184,94.53,United States
1101,Alaska Airlines,ALK,5127617536,45.96,United States
1102,Parsons,PSN,5115978240,47.9,United States
1103,CNO Financial Group,CNO,5114580992,55.28,United States
1104,Archer Aviation,ACHR,5097577472,6.62,United States
1105,ONE Gas,OGS,5090101248,80.98,United States
1106,Tutor Perini Corporation,TPC,5089741824,96.82,United States
1107,Gentex,GNTX,5083160576,23.87,United States
1108,Moelis &amp; Company,MC,5067874304,68.41,United States
1109,Alliance Laundry Holdings,ALH,5062648320,25.47,United States
1110,First Financial Bankshares,FFIN,5056323072,35.28,United States
1111,Graham Holdings,GHC,5044645888,1191.2,United States
1112,Millrose Properties,MRP,5036233216,30.33,United States
1113,Celanese,CE,5011136000,45.66,United States
1114,ServisFirst Bancshares,SFBS,4993240576,91.33,United States
1115,Radian Group,RDN,4976296448,37.26,United States
1116,Greif,GEF,4965686784,87.35,United States
1117,Bill.com,BILL,4957924864,49.78,United States
1118,UFP Industries,UFPI,4957363200,89.87,United States
1119,Murphy Oil,MUR,4956685312,34.57,United States
1120,TFS Financial,TFSL,4947010048,17.64,United States
1121,Boot Barn Holdings,BOOT,4946120704,163.32,United States
1122,Global Business Travel Group,GBTG,4941652992,9.46,United States
1123,Spire Inc.,SR,4896904704,82.84,United States
1124,USA Rare Earth,USAR,4893422592,20.0,United States
1125,Cousins Properties,CUZ,4888681472,29.7,United States
1126,Avis Budget Group,CAR,4869655040,137.85,United States
1127,KBR,KBR,4837219328,38.37,United States
1128,ACADIA Pharmaceuticals,ACAD,4835700736,28.24,United States
1129,International Seaways,INSW,4807013888,97.05,United States
1130,Abercrombie &amp; Fitch,ANF,4804401152,108.13,United States
1131,Dyne Therapeutics,DYN,4799383552,25.7,United States
1132,Federated Hermes,FHI,4787963392,64.13,United States
1133,Fastly,FSLY,4767848960,29.93,United States
1134,Diodes Incorporated,DIOD,4765430272,103.48,United States
1135,Meritage Homes,MTH,4762923008,73.08,United States
1136,Core Natural Resources,CNR,4762102272,95.94,United States
1137,Waystar,WAY,4751525888,24.78,United States
1138,LifeStance Health Group,LFST,4745131008,12.42,United States
1139,California Resources Corporation,CRC,4734988800,53.31,United States
1140,Griffon Corporation,GFF,4717897728,104.16,United States
1141,Fulton Financial,FULT,4717598720,24.64,United States
1142,Veradermics,MANE,4709039104,112.71,United States
1143,Brink's,BCO,4706739200,114.27,United States
1144,Choice Hotels International,CHH,4700700672,104.44,United States
1145,Kontoor Brands,KTB,4692623360,84.9,United States
1146,EPR Properties,EPR,4692296192,61.25,United States
1147,Tidewater,TDW,4691017728,94.28,United States
1148,Franklin Electric,FELE,4676246528,105.77,United States
1149,CECO Environmental,CECO,4661572608,79.59,United States
1150,Cavco Industries,CVCO,4652472832,605.05,United States
1151,Travel + Leisure,TNL,4626184192,75.49,United States
1152,Century Aluminum,CENX,4624966656,46.72,United States
1153,Ollie's Bargain Outlet,OLLI,4624072192,76.49,United States
1154,Astronics Corporation,ATRO,4611608576,93.45,United States
1155,Indivior PLC,INDV,4603712000,39.01,United States
1156,Tanger Inc.,SKT,4596264960,38.45,United States
1157,Bread Financial,BFH,4582160896,113.4,United States
1158,ICU Medical,ICUI,4575787520,182.98,United States
1159,Nelnet,NNI,4572254720,127.79,United States
1160,International Bancshares Corp,IBOC,4563613184,73.38,United States
1161,UWM Holdings,UWMC,4556926464,1.59,United States
1162,Broadstone Net Lease,BNL,4553858560,21.39,United States
1163,Amicus Therapeutics,FOLD,4549870080,14.49,United States
1164,AZZ,AZZ,4548294656,151.35,United States
1165,Cabot Corporation,CBT,4536489984,87.88,United States
1166,Parabilis Medicines,PBLS,4534122496,37.07,United States
1167,Insight Enterprises,NSIT,4527059968,154.25,United States
1168,"Box, Inc.",BOX,4523090944,32.65,United States
1169,Concentra Group,CON,4517953536,35.43,United States
1170,Envista,NVST,4508538880,28.07,United States
1171,Silgan Holdings,SLGN,4489372160,42.48,United States
1172,Primoris Services Corporation,PRIM,4484233216,83.3,United States
1173,Firefly Aerospace,FLY,4464681984,26.67,United States
1174,Hagerty,HGTY,4456786432,12.97,United States
1175,Chefs' Warehouse,CHEF,4450036736,109.08,United States
1176,Itron,ITRI,4446982656,101.56,United States
1177,Vontier,VNT,4439968256,32.84,United States
1178,Brady Corporation,BRC,4435198464,94.14,United States
1179,United Community Bank,UCB,4429944320,36.74,United States
1180,Robert Half,RHI,4421129216,43.22,United States
1181,Doximity,DOCS,4420500480,24.8,United States
1182,NorthWestern Energy,NWE,4417596416,71.81,United States
1183,Helmerich &amp; Payne,HP,4417301504,44.2,United States
1184,BillionToOne,BLLN,4403966464,93.33,United States
1185,Texas Capital Bancshares,TCBI,4391780352,101.02,United States
1186,Aehr Test Systems,AEHR,4373097472,134.06,United States
1187,SiteOne Landscape Supply,SITE,4368791040,98.6,United States
1188,Valvoline,VVV,4362643968,34.19,United States
1189,OPENLANE Corporate,OPLN,4359309824,35.5,United States
1190,Cohen &amp; Steers,CNS,4357460480,84.74,United States
1191,Relay Therapeutics,RLAY,4352153088,19.86,United States
1192,Neptune Insurance Holdings,NP,4351661056,31.71,United States
1193,MDU Resources,MDU,4343716352,20.65,United States
1194,Sezzle,SEZL,4342730240,128.96,United States
1195,CommScope,COMM,4337923584,19.58,United States
1196,Cinemark Theatres,CNK,4332785152,37.38,United States
1197,Cathay General Bancorp,CATY,4331728384,64.93,United States
1198,Axcelis Technologies,ACLS,4328040448,140.15,United States
1199,Korn Ferry,KFY,4323673088,84.19,United States
1200,MIAX (Miami International Holdings),MIAX,4318528512,43.52,United States
1201,Tango Therapeutics,TNGX,4316425728,25.6,United States
1202,Patterson-UTI Energy,PTEN,4316252672,11.37,United States
1203,Victoria's Secret &amp; Co,VSCO,4312813568,54.3,United States
1204,Enliven Therapeutics,ELVN,4309786112,58.82,United States
1205,WillScot,WSC,4305097216,23.76,United States
1206,SL Green Realty,SLG,4303686144,56.09,United States
1207,Mattel,MAT,4294071040,15.03,United States
1208,COPT Defense Properties,CDP,4280452864,36.95,United States
1209,Webull,BULL,4275822080,8.04,United States
1210,Pattern Group,PTRN,4268738304,21.44,United States
1211,Americold,COLD,4268281600,14.88,United States
1212,Dave Inc.,DAVE,4267610112,334.57,United States
1213,SkyWest,SKYW,4266652928,107.58,United States
1214,Kilroy Realty,KRC,4264339200,36.31,United States
1215,Integer Holdings,ITGR,4253183232,125.26,United States
1216,Avient,AVNT,4250284032,46.34,United States
1217,Synaptics,SYNA,4248191488,108.63,United States
1218,Tenable,TENB,4226725120,38.33,United States
1219,"Calumet, Inc.",CLMT,4194503680,47.72,United States
1220,FTI Consulting,FCN,4192817920,151.85,United States
1221,Seaboard Corporation,SEB,4179960832,4364.15,United States
1222,Life360,LIF,4172609536,51.21,United States
1223,WSFS Financial,WSFS,4172058880,81.66,United States
1224,iRhythm,IRTC,4167842304,126.44,United States
1225,Atmus Filtration Technologies,ATMU,4162187776,51.01,United States
1226,Marriott Vacations Worldwide,VAC,4161489664,120.99,United States
1227,Excelerate Energy,EE,4153919232,36.63,United States
1228,Haemonetics,HAE,4131132416,90.8,United States
1229,Comstock Resources,CRK,4128304896,14.06,United States
1230,Bel Fuse,BELFB,4125722624,290.08,United States
1231,Independence Realty Trust,IRT,4115407360,17.03,United States
1232,Thor Industries,THO,4112532480,79.0,United States
1233,Geo Group,GEO,4109163264,31.22,United States
1234,CCC Intelligent Solutions,CCC,4105292800,6.97,United States
1235,WesBanco,WSBC,4094222336,42.69,United States
1236,CVB Financial,CVBF,4091940352,23.25,United States
1237,Universal Display Corporation,OLED,4087371008,88.92,United States
1238,Fermi Inc.,FRMI,4083733248,6.4,United States
1239,Lemonade,LMND,4074157824,52.64,United States
1240,Independent Bank Corp.,INDB,4070900480,85.94,United States
1241,Telephone and Data Systems,TDS,4053234176,35.21,United States
1242,PennyMac Financial Services,PFSI,4051697920,78.03,United States
1243,Dorman Products,DORM,4047457536,136.39,United States
1244,Madison Square Garden Entertainment,MSGE,4041759232,85.44,United States
1245,Q2,QTWO,4036219648,64.73,United States
1246,Par Pacific Holdings,PARR,4024002048,80.32,United States
1247,Standex International,SXI,4013724416,331.18,United States
1248,Delek US,DK,4008870656,65.47,United States
1249,Tri Pointe Homes,TPH,3998444288,46.95,United States
1250,Mueller Water Products,MWA,3987450112,25.54,United States
1251,Renasant Corp,RNST,3980664320,43.55,United States
1252,Howard Hughes Holdings,HHH,3977420800,66.6,United States
1253,Mirion Technologies,MIR,3957208320,15.89,United States
1254,Workiva,WK,3956974592,70.51,United States
1255,Polaris,PII,3954225664,69.49,United States
1256,Legend Biotech,LEGN,3947084032,20.37,United States
1257,Kadant,KAI,3946843136,334.22,United States
1258,Bath &amp; Body Works,BBWI,3912314624,19.41,United States
1259,Denali Therapeutics,DNLI,3900276736,24.4,United States
1260,Otter Tail,OTTR,3899201024,92.87,United States
1261,St. Joe Company,JOE,3894042880,68.4,United States
1262,BancFirst,BANF,3886616832,115.72,United States
1263,RXO,RXO,3879062528,23.52,United States
1264,Structure Therapeutics,GPCR,3874271488,54.51,United States
1265,Viking Therapeutics,VKTX,3871710720,33.19,United States
1266,USA Compression Partners,USAC,3858392064,26.62,United States
1267,Catalyst Pharmaceuticals,CPRX,3854925568,31.49,United States
1268,NuScale Power,SMR,3853557760,9.39,United States
1269,M/I Homes,MHO,3845801984,152.11,United States
1270,Genworth Financial,GNW,3838966528,10.16,United States
1271,Planet Fitness,PLNT,3819767040,50.36,United States
1272,QuantumScape,QS,3807748096,6.19,United States
1273,UCT (Ultra Clean Holdings),UCTT,3807271936,84.93,United States
1274,Cal-Maine Foods,CALM,3804505856,81.09,United States
1275,PVH Corp.,PVH,3802534400,82.47,United States
1276,Centrus Energy,LEU,3794035712,190.15,United States
1277,Apple Hospitality REIT,APLE,3793849088,16.07,United States
1278,Badger Meter,BMI,3792059648,130.82,United States
1279,Mechanics Bancorp,MCHB,3781964800,17.08,United States
1280,Asbury Automotive Group,ABG,3781750784,210.66,United States
1281,Energy Fuels,UUUU,3774471424,15.1,United States
1282,The Vita Coco Company,COCO,3773321216,65.21,United States
1283,Knife River Corporation,KNF,3768456192,66.4,United States
1284,OSI Systems,OSIS,3762549248,228.27,United States
1285,Grand Canyon Education,LOPE,3758578176,144.2,United States
1286,Arcus Biosciences,RCUS,3753787904,29.48,United States
1287,Park National Corp,PRK,3753551616,207.79,United States
1288,Nicolet Bankshares,NIC,3751813888,179.02,United States
1289,Bright Horizons,BFAM,3751382016,71.31,United States
1290,First Interstate BancSystem,FIBK,3733081344,39.17,United States
1291,Newmark,NMRK,3728983552,15.25,United States
1292,First Advantage,FA,3706444800,21.58,United States
1293,"GPGI, Inc.",GPGI,3704795136,12.78,United States
1294,Rumble,RUM,3698744064,7.46,United States
1295,Atlanta Braves Holdings,BATRA,3678745600,57.33,United States
1296,Interparfums,IPAR,3671115008,114.63,United States
1297,Post Holdings,POST,3668862976,80.95,United States
1298,National Energy Services Reunited,NESR,3661927168,36.31,United States
1299,HeartFlow,HTFL,3659008768,42.08,United States
1300,IPG Photonics,IPGP,3641237760,85.79,United States
1301,Freddie Mac,FMCC,3614331136,5.56,United States
1302,First Financial Bank,FFBC,3608832512,34.38,United States
1303,Organon,OGN,3603001600,13.72,United States
1304,Ambarella,AMBA,3598945792,82.04,United States
1305,Liftoff Mobile,LFTO,3597644288,21.61,United States
1306,Liberty Energy,LBRT,3591843328,22.01,United States
1307,Option Care Health,OPCH,3586607616,23.945,United States
1308,National Health Investors,NHI,3582605824,72.95,United States
1309,Shift4 Payments,FOUR,3582420480,45.37,United States
1310,Adtalem Global Education,ATGE,3579815168,98.54,United States
1311,LXP Industrial Trust,LXP,3571041536,60.57,United States
1312,Hilton Grand Vacations,HGV,3569870080,45.93,United States
1313,Lionsgate Studios,LION,3567740416,11.99,United States
1314,MARA Holdings,MARA,3553953536,9.2,United States
1315,ScottsMiracle-Gro,SMG,3547943168,60.94,United States
1316,Magnite,MGNI,3546879488,24.73,United States
1317,CVR Energy,CVI,3544708864,35.26,United States
1318,Highwoods Properties,HIW,3539100928,31.51,United States
1319,HNI Corporation,HNI,3526802688,48.86,United States
1320,American States Water,AWR,3526381568,88.97,United States
1321,"Csquare, Inc.",CSQR,3522070272,22.72,United States
1322,Ouster,OUST,3512591872,48.71,United States
1323,Opendoor,OPEN,3511641344,3.64,United States
1324,Power Integrations,POWI,3506049280,62.75,United States
1325,National Healthcare,NHC,3501731328,223.59,United States
1326,Freshworks,FRSH,3499656704,12.66,United States
1327,Seacoast Banking,SBCF,3498215168,36.13,United States
1328,Freshpet,FRPT,3496705536,72.76,United States
1329,TowneBank,TOWN,3495977472,37.82,United States
1330,IDEAYA Biosciences,IDYA,3494775040,36.3,United States
1331,Simmons First National,SFNC,3479169536,24.075,United States
1332,NCR Atleos Corporation,NATL,3467983104,46.93,United States
1333,Stride (K12 Education),LRN,3464428544,83.36,United States
1334,Community Financial System,CBU,3464230912,65.84,United States
1335,WisdomTree,WT,3455991296,22.81,United States
1336,Steve Madden,SHOO,3449568256,47.14,United States
1337,Curbline Properties,CURB,3448498432,30.24,United States
1338,BankUnited,BKU,3443366912,48.34,United States
1339,Golub Capital,GBDC,3442980096,13.26,United States
1340,Restoration Hardware,RH,3440029696,181.76,United States
1341,NMI Holdings,NMIH,3438207744,45.71,United States
1342,"Atlanta Braves Holdings, Inc.",BATRK,3438116096,53.58,United States
1343,KB Home,KBH,3437023488,56.06,United States
1344,Wingstop Restaurants,WING,3435830016,126.12,United States
1345,FS KKR Capital,FSK,3415565824,12.36,United States
1346,AllianceBernstein,AB,3414871808,36.65,United States
1347,Advance Auto Parts,AAP,3411616768,56.55,United States
1348,Redwire,RDW,3394899712,13.58,United States
1349,Cushman &amp; Wakefield,CWK,3379877376,14.4,United States
1350,Ashland,ASH,3375429120,73.71,United States
1351,H.B. Fuller,FUL,3375160064,62.75,United States
1352,Brighthouse Financial,BHF,3374778624,58.68,United States
1353,Palomar Holdings,PLMR,3374190336,128.21,United States
1354,Graphic Packaging,GPK,3373116160,11.4,United States
1355,United States Lime &amp; Minerals,USLM,3368300800,117.41,United States
1356,First Hawaiian Bank,FHB,3365686272,27.66,United States
1357,NextNav,NN,3358473216,19.895,United States
1358,CarGurus,CARG,3334910976,37.44,United States
1359,CorVel Corporation,CRVL,3320454400,65.73,United States
1360,Veracyte,VCYT,3316117504,41.25,United States
1361,MBX Biosciences,MBX,3302337792,68.57,United States
1362,SoundHound AI,SOUN,3299736064,7.43,United States
1363,Celldex Therapeutics,CLDX,3294313984,41.95,United States
1364,Arcutis Biotherapeutics,ARQT,3291872512,26.19,United States
1365,Adeia,ADEA,3289656832,29.83,United States
1366,Knowles,KN,3289151488,38.51,United States
1367,Acadian Asset Management,AAMI,3283191808,92.51,United States
1368,Avista,AVA,3278923520,39.15,United States
1369,Alumis,ALMS,3276005888,25.31,United States
1370,Alliance Resource Partners,ARLP,3270506752,25.42,United States
1371,Penguin Solutions,PENG,3269284096,63.8,United States
1372,Dana Incorporated,DAN,3264952320,30.35,United States
1373,Ethos Technologies,LIFE,3260424192,34.02,United States
1374,Braze,BRZE,3258434304,28.93,United States
1375,Chesapeake Utilities,CPK,3256782336,135.1,United States
1376,YETI Holdings,YETI,3252380928,44.56,United States
1377,CoreCivic,CXW,3245684224,32.82,United States
1378,Tegna,TGNA,3243011584,20.03,United States
1379,Plug Power,PLUG,3241492992,2.32,United States
1380,Dynex Capital,DX,3231430144,13.06,United States
1381,PotlatchDeltic,PCH,3230610432,41.73,United States
1382,Digi International,DGII,3230144512,85.12,United States
1383,"Hayward Holdings, Inc.",HAYW,3215732736,15.16,United States
1384,Agilysys,AGYS,3215459840,114.0,United States
1385,Provident Financial Services,PFS,3213613056,24.64,United States
1386,Shake Shack,SHAK,3206065920,74.84,United States
1387,Veeco,VECO,3203193344,52.4,United States
1388,Extreme Networks,EXTR,3202982656,24.41,United States
1389,Warby Parker,WRBY,3202684672,25.91,United States
1390,ArcBest,ARCB,3193561600,142.88,United States
1391,Exponent,EXPO,3190342144,67.1,United States
1392,The Marzetti Company,MZTI,3182367232,116.05,United States
1393,Pulse Biosciences,PLSE,3176709120,44.54,United States
1394,Atkore,ATKR,3167865600,93.8,United States
1395,Bank of Hawaii,BOH,3167472384,80.29,United States
1396,Iovance Biotherapeutics,IOVA,3161740544,6.98,United States
1397,Perpetua Resources,PPTA,3157385216,25.24,United States
1398,TriNet,TNET,3155950592,68.75,United States
1399,Group 1 Automotive,GPI,3146871552,263.95,United States
1400,IAC Inc.,IAC,3142127872,42.24,United States
1401,Banc of California,BANC,3127457792,19.74,United States
1402,Hercules Capital,HTGC,3125638912,16.7,United States
1403,Ducommun,DCO,3125352192,206.98,United States
1404,California Water Service Group,CWT,3116690688,50.4,United States
1405,DXP Enterprises,DXPE,3116463872,200.84,United States
1406,Resideo Technologies,REZI,3112871168,20.5,United States
1407,Peabody Energy,BTU,3106011904,25.48,United States
1408,CleanSpark,CLSK,3104918528,12.09,United States
1409,Immunome,IMNM,3089311744,27.2,United States
1410,FB Financial,FBK,3088648704,61.8,United States
1411,MGE Energy,MGEE,3088087552,81.73,United States
1412,StubHub Holdings,STUB,3087286784,8.08,United States
1413,WD-40 Company,WDFC,3076652032,229.24,United States
1414,Tootsie Roll Industries,TR,3075672064,40.92,United States
1415,Intapp,INTA,3068862464,40.11,United States
1416,TransMedics Group,TMDX,3061405696,88.58,United States
1417,Gulfport Energy,GPOR,3055377920,170.03,United States
1418,Black Stone Minerals,BSM,3051490304,14.36,United States
1419,Baldwin Insurance Group,BWIN,3051383552,31.51,United States
1420,Intuitive Machines,LUNR,3050198272,19.01,United States
1421,Park Hotels &amp; Resorts,PK,3046248960,15.13,United States
1422,Acadia Realty Trust,AKR,3039785984,20.85,United States
1423,Tarsus Pharmaceuticals,TARS,3036703232,69.2,United States
1424,nLIGHT,LASR,3034504192,52.6,United States
1425,GRAIL,GRAL,3031497216,67.87,United States
1426,Green Brick Partners,GRBK,3030533632,70.46,United States
1427,Disc Medicine,IRON,3026891776,78.84,United States
1428,Brookdale Senior Living,BKD,3018650112,12.64,United States
1429,Urban Edge Properties,UE,3011217664,21.87,United States
1430,Artisan Partners,APAM,2994629632,42.18,United States
1431,Fluence Energy,FLNC,2987276032,13.14,United States
1432,McGrath RentCorp,MGRC,2986770176,122.28,United States
1433,Select Water Solutions,WTTR,2977426432,20.86,United States
1434,Academy Sports + Outdoors,ASO,2975951616,47.985,United States
1435,Crane NXT,CXT,2973616896,51.66,United States
1436,Kaiser Aluminum,KALU,2971120384,181.73,United States
1437,DNOW Inc.,DNOW,2970312192,16.43,United States
1438,Callaway Golf Company,CALY,2962404608,16.48,United States
1439,Titan America,TTAM,2957174016,16.04,United States
1440,CBIZ,CBZ,2955783936,54.46,United States
1441,DigitalBridge Group,DBRG,2943298560,15.92,United States
1442,Columbia Sportswear,COLM,2939513088,57.42,United States
1443,Quaker Houghton,KWR,2937698816,170.72,United States
1444,Benchmark Electronics,BHE,2936454400,81.75,United States
1445,National Beverage,FIZZ,2930994944,31.31,United States
1446,United Natural Foods,UNFI,2930336768,48.42,United States
1447,Ionic Digital,IOND,2926631168,65.15,United States
1448,BKV Corporation,BKV,2925273088,26.73,United States
1449,Upstart,UPST,2912503040,30.43,United States
1450,Boise Cascade,BCC,2904356096,83.24,United States
1451,Alignment Healthcare,ALHC,2895794688,13.96,United States
1452,Maximus,MMS,2894337024,55.28,United States
1453,Harley-Davidson,HOG,2891134208,27.78,United States
1454,Infleqtion,INFQ,2889400064,12.86,United States
1455,Visteon,VC,2888826880,108.22,United States
1456,NETSCOUT,NTCT,2884299008,39.67,United States
1457,Delek Logistics Partners,DKL,2873186048,54.01,United States
1458,Acadia Healthcare,ACHC,2870281472,30.83,United States
1459,Worthington Enterprises,WOR,2870045184,58.66,United States
1460,Kyndryl,KD,2868666368,13.17,United States
1461,SPS Commerce,SPSC,2858414080,79.4,United States
1462,AvePoint,AVPT,2851901696,13.48,United States
1463,"The Bancorp, Inc.",TBBK,2842024704,69.68,United States
1464,Customers Bancorp,CUBI,2827100928,83.58,United States
1465,ABM Industries,ABM,2819500032,48.13,United States
1466,Privia Health Group,PRVA,2810152448,22.0,United States
1467,Nurix Therapeutics,NRIX,2807294464,27.05,United States
1468,Cohu,COHU,2807169024,59.3,United States
1469,WaFd Bank,WAFD,2805819904,37.94,United States
1470,Supernus Pharmaceuticals,SUPN,2805790976,48.27,United States
1471,Trustmark,TRMK,2804228096,48.29,United States
1472,Euronet Worldwide,EEFT,2787096832,73.2,United States
1473,NBT Bancorp,NBTB,2782980864,53.56,United States
1474,Grindr,GRND,2782868224,16.01,United States
1475,Four Corners Property Trust,FCPT,2766777344,25.21,United States
1476,Patrick Industries,PATK,2764097792,86.06,United States
1477,Beam Therapeutics,BEAM,2762945024,26.75,United States
1478,Soleno Therapeutics,SLNO,2762888960,53.01,United States
1479,First Bancorp,FBNC,2744765696,66.34,United States
1480,First Merchants Corporation,FRME,2744422400,43.7,United States
1481,Central Garden &amp; Pet,CENT,2737174272,43.73,United States
1482,Hawkins,HWKN,2735684096,131.05,United States
1483,PHINIA,PHIN,2729171200,74.49,United States
1484,Alarm.com,ALRM,2727943936,55.57,United States
1485,ManpowerGroup,MAN,2711378176,58.3,United States
1486,American Eagle Outfitters,AEO,2709660672,16.17,United States
1487,Whirlpool,WHR,2697298176,41.37,United States
1488,"Lincoln International, Inc.",LCLN,2692205312,25.59,United States
1489,Beacon Financial Corporation,BBT,2687981824,32.07,United States
1490,Helios Technologies,HLIO,2685142272,81.49,United States
1491,Aveanna Healthcare,AVAH,2682744064,12.32,United States
1492,H2O America,HTO,2672556800,63.85,United States
1493,Ichor Systems,ICHR,2661123072,71.05,United States
1494,Newell Brands,NWL,2657615872,6.24,United States
1495,Stock Yards Bancorp,SYBT,2642643968,85.06,United States
1496,Ingevity,NGVT,2639192832,76.77,United States
1497,Talos Energy,TALO,2633045504,15.77,United States
1498,Trevi Therapeutics,TRVI,2630103808,18.46,United States
1499,InvenTrust Properties,IVT,2622414848,33.63,United States
1500,Axogen,AXGN,2619798528,48.73,United States
1501,Ultragenyx Pharmaceutical,RARE,2611619072,26.49,United States
1502,Northern Oil and Gas,NOG,2610453760,24.5,United States
1503,John Wiley &amp; Sons,WLY,2608740864,51.39,United States
1504,V2X,VVX,2601664768,83.0,United States
1505,Kodiak Sciences,KOD,2598824960,41.35,United States
1506,SELLAS Life Sciences,SLS,2580866048,12.78,United States
1507,LCI Industries,LCII,2579450880,106.1,United States
1508,First Busey,BUSE,2578878464,31.23,United States
1509,Teradata,TDC,2574240000,27.68,United States
1510,Hemab Therapeutics Holdings,COAG,2565995008,54.94,United States
1511,Slide Insurance,SLDE,2561681152,21.93,United States
1512,Sonic Automotive,SAH,2555424512,80.83,United States
1513,Rogers Corporation,ROG,2550734336,142.91,United States
1514,Voyager Technologies,VOYG,2547087104,42.98,United States
1515,Neogen,NEOG,2540352512,11.65,United States
1516,Diamondrock Hospitality Company,DRH,2538609152,12.36,United States
1517,Appian,APPN,2536333312,35.41,United States
1518,Federal Agricultural Mortgage Corporation,AGM,2525541888,232.7,United States
1519,PENN Entertainment,PENN,2522828800,18.79,United States
1520,Hycroft Mining,HYMC,2522428160,27.07,United States
1521,Merchants Bancorp,MBIN,2520935168,54.88,United States
1522,Banner Bank,BANR,2515223040,74.01,United States
1523,Coty,COTY,2509329152,2.85,United States
1524,Curaleaf,CURLF,2507730176,9.47,United States
1525,Kayne Anderson Capital Advisors,KYN,2506447616,14.82,United States
1526,Viridian Therapeutics,VRDN,2501493248,22.08,United States
1527,Medical Properties Trust,MPT,2496295936,4.18,United States
1528,Nektar Therapeutics,NKTR,2493121280,73.02,United States
1529,UFP Technologies,UFPT,2492285440,321.76,United States
1530,Calix,CALX,2489596160,39.54,United States
1531,BioCryst Pharmaceuticals,BCRX,2488911872,9.74,United States
1532,Diebold Nixdorf,DBD,2480137728,73.06,United States
1533,Bob's Discount Furniture,BOBS,2472599296,18.92,United States
1534,Peloton,PTON,2470848256,5.63,United States
1535,Five9,FIVN,2465876480,33.0,United States
1536,Hub Group,HUBG,2464486400,40.3,United States
1537,Sunrun,RUN,2454230528,10.19,United States
1538,Clover Health Investments,CLOV,2443318784,4.6,United States
1539,FIGS,FIGS,2440600064,14.69,United States
1540,Blackstone Mortgage Trust,BXMT,2440510976,14.48,United States
1541,Atrium Therapeutics,RNA,2438628096,15.47,United States
1542,Prestige Consumer Healthcare,PBH,2433981952,51.38,United States
1543,Uniti,UNIT,2429678592,10.01,United States
1544,Lucid Motors,LCID,2427397120,6.22,United States
1545,Skyward Specialty Insurance Group,SKWD,2424475136,59.8,United States
1546,Huron Consulting,HURN,2416262656,151.87,United States
1547,Payoneer,PAYO,2416006656,7.13,United States
1548,Amylyx Pharmaceuticals,AMLX,2410080512,21.63,United States
1549,Enterprise Financial Services Corp,EFSC,2404269056,66.43,United States
1550,Custom Truck One Source,CTOS,2395633152,10.53,United States
1551,Chemours,CC,2385409024,15.85,United States
1552,Centuri Holdings,CTRI,2384747520,23.62,United States
1553,Kennametal,KMT,2379557888,31.22,United States
1554,ARMOUR Residential REIT,ARR,2369597952,16.74,United States
1555,Goosehead Insurance,GSHD,2369097728,66.29,United States
1556,Trinity Industries,TRN,2357420288,29.59,United States
1557,UroGen Pharma,URGN,2357020928,48.22,United States
1558,Butterfly Network,BFLY,2353960960,8.84,United States
1559,Douglas Emmett,DEI,2348621312,11.68,United States
1560,CareDx,CDNA,2344594944,45.32,United States
1561,Allegiant Travel Company,ALGT,2344212480,85.75,United States
1562,Mister Car Wash,MCW,2335151104,7.1,United States
1563,Werner Enterprises,WERN,2330860544,38.88,United States
1564,GeneDx Holdings,WGS,2328544000,78.08,United States
1565,Kailera Therapeutics,KLRA,2325807616,17.94,United States
1566,Western Union,WU,2323498240,7.45,United States
1567,ePlus,PLUS,2315199744,88.53,United States
1568,Innospec,IOSP,2311623936,93.85,United States
1569,Dentsply Sirona,XRAY,2310511360,11.59,United States
1570,Sunshine Silver Mining & Refining Company,SSMR,2308249344,16.06,United States
1571,Northwest Bancshares,NWBI,2306731264,15.75,United States
1572,LiveRamp,RAMP,2301090048,37.85,United States
1573,Alamar Biosciences,ALMR,2301064192,33.16,United States
1574,CSG International,CSGS,2300464128,80.69,United States
1575,Trump Media &amp; Technology Group,DJT,2298574592,8.27,United States
1576,HCI Group,HCI,2293105152,184.35,United States
1577,Flywire,FLYW,2288568832,18.81,United States
1578,OFG Bancorp,OFG,2280223488,53.95,United States
1579,nCino,NCNO,2279796992,20.81,United States
1580,Vera Therapeutics,VERA,2279363328,31.63,United States
1581,Rapport Therapeutics,RAPP,2275130368,47.42,United States
1582,Buckle,BKE,2272462848,44.11,United States
1583,Minerals Technologies,MTX,2271777280,72.98,United States
1584,Preformed Line Products,PLPC,2271437056,464.63,United States
1585,Hilltop Holdings,HTH,2268541952,39.6,United States
1586,Vericel,VCEL,2263332352,44.2,United States
1587,Mineralys Therapeutics,MLYS,2260383488,25.64,United States
1588,Under Armour,UA,2255113984,5.25,United States
1589,AtriCure,ATRC,2253376768,44.3,United States
1590,Pitney Bowes,PBI,2251021312,16.42,United States
1591,Palvella Therapeutics,PVLA,2249584640,156.13,United States
1592,"The Andersons, Inc.",ANDE,2244162304,65.9,United States
1593,HawkEye 360,HAWK,2231528192,22.78,United States
1594,AMC Entertainment,AMC,2231511552,2.5,United States
1595,Quantinuum Inc.,QNT,2229901824,71.1,United States
1596,Stagwell,STGW,2229616128,9.12,United States
1597,Trulieve Cannabis,TRUL.CN,2227958461,11.5854,United States
1598,NGL Energy Partners,NGL,2224942592,17.97,United States
1599,Day One Biopharmaceuticals,DAWN,2224784640,21.53,United States
1600,Monarch Casino &amp; Resort,MCRI,2223826432,124.08,United States
1601,Harmony Biosciences,HRMY,2219971328,38.12,United States
1602,LendingClub,LC,2215891200,19.21,United States
1603,Biohaven,BHVN,2211280896,14.64,United States
1604,Alkami Technology,ALKT,2210490880,20.67,United States
1605,Ocular Therapeutix,OCUL,2204943360,10.04,United States
1606,Lindblad Expeditions,LIND,2203509248,33.58,United States
1607,Encore Capital Group,ECPG,2200259584,103.74,United States
1608,Protolabs,PRLB,2197704704,91.87,United States
1609,"Interface, Inc.",TILE,2194105344,37.96,United States
1610,First Commonwealth Financial Corp,FCF,2184829184,21.62,United States
1611,Nuvation Bio,NUVB,2183986432,6.22,United States
1612,Innovex International,INVX,2181189120,31.24,United States
1613,Kohl's,KSS,2178413824,19.21,United States
1614,Olin Corporation,OLN,2177065472,19.1,United States
1615,Precigen,PGEN,2174716928,6.1,United States
1616,Mach Natural Resources LP,MNR,2170090752,13.01,United States
1617,Asana,ASAN,2169500672,9.14,United States
1618,LTC Properties,LTC,2168081920,40.22,United States
1619,Keel Infrastructure,KEEL,2167681792,3.51,United States
1620,Addus HomeCare,ADUS,2166233856,116.06,United States
1621,Pediatrix Medical Group,MD,2162149632,26.61,United States
1622,PDF Solutions,PDFS,2149365248,50.9,United States
1623,NW Natural Holdings,NWN,2140877312,50.86,United States
1624,Standard Nuclear,STDN,2138564864,13.31,United States
1625,P3 Health Partners,PIII,2135599744,10.685,United States
1626,Driven Brands,DRVN,2134530176,12.94,United States
1627,Gorman-Rupp,GRC,2134211712,80.81,United States
1628,1st Source,SRCE,2132503808,88.6,United States
1629,Jetblue Airways,JBLU,2131813888,5.65,United States
1630,Horace Mann Educators,HMN,2125090432,52.47,United States
1631,Expro Group,XPRO,2121640448,18.71,United States
1632,ADMA Biologics,ADMA,2121134848,9.47,United States
1633,American Axle &amp; Manufacturing,AXL,2121012480,9.0,United States
1634,Maravai LifeSciences,MRVI,2111038848,5.7,United States
1635,Alpha Metallurgical Resources,AMR,2105355520,166.05,United States
1636,Innodata,INOD,2085044608,63.85,United States
1637,Septerna,SEPN,2077124224,44.5,United States
1638,Stewart Information Services,STC,2076689920,68.2,United States
1639,NeoGenomics,NEO,2075575680,15.94,United States
1640,City Holding Company,CHCO,2068571136,147.28,United States
1641,Spectrum Brands,SPB,2067993984,89.93,United States
1642,Midera Food Processing,MFP,2060428800,45.57,United States
1643,Vertex,VERX,2058311424,12.72,United States
1644,Getty Realty,GTY,2054926976,33.18,United States
1645,Blackbaud,BLKB,2053901824,45.25,United States
1646,Blue Bird Corporation,BLBD,2052924032,64.81,United States
1647,Pebblebrook Hotel Trust,PEB,2052246016,18.25,United States
1648,PC Connection,CNXN,2046305152,81.08,United States
1649,Select Medical Holdings,SEM,2046298112,16.51,United States
1650,DoubleVerify,DV,2039539072,13.29,United States
1651,Quantum Computing,QUBT,2039385344,9.01,United States
1652,United Parks &amp; Resorts,PRKS,2037185024,44.93,United States
1653,Sunstone Hotel Investors,SHO,2034226560,10.94,United States
1654,Dorian LPG,LPG,2026615552,47.37,United States
1655,Global Net Lease,GNL,2026344448,8.76,United States
1656,Hawaiian Electric Industries,HE,2026099328,11.73,United States
1657,Astrana Health,ASTH,2024354304,40.81,United States
1658,Netstreit,NTST,2022802560,20.71,United States
1659,Stoke Therapeutics,STOK,2017735552,31.27,United States
1660,Progyny,PGNY,2016380416,26.28,United States
1661,Thermon Group,THR,2013932928,61.14,United States
1662,Century Communities,CCS,2008195840,70.63,United States
1663,Generate Biomedicines,GENB,2007432064,15.64,United States
1664,Alamo Group,ALG,2007357184,164.93,United States
1665,Agios Pharmaceuticals,AGIO,2003595136,33.56,United States
1666,Perdoceo Education,PRDO,2003091456,32.01,United States
1667,Live Oak Bank,LOB,2002692224,43.27,United States
1668,Stellar Bancorp,STEL,2002201728,39.32,United States
1669,Insperity,NSP,1993793280,52.2,United States
1670,A10 Networks,ATEN,1989487232,27.4,United States
1671,Porch Group,PRCH,1972974720,17.38,United States
1672,Surgery Partners,SGRY,1967701376,15.03,United States
1673,Photronics,PLAB,1964670336,33.32,United States
1674,Evertec,EVTC,1945354240,31.57,United States
1675,Veris Residential,VRE,1943780352,18.99,United States
1676,Kimbell Royalty Partners,KRP,1940519168,15.1,United States
1677,National Bank Holdings,NBHC,1938806528,43.53,United States
1678,Taysha Gene Therapies,TSHA,1938709504,5.95,United States
1679,Boston Beer Company,SAM,1934505216,185.77,United States
1680,Genesis Energy  L.P.,GEL,1933430528,15.82,United States
1681,Worthington Steel,WS,1932972544,37.94,United States
1682,German American Bancorp,GABC,1930693504,51.38,United States
1683,Sonos,SONO,1929374720,16.31,United States
1684,Republic Bank,RBCAA,1923557888,97.97,United States
1685,Zenas BioPharma,ZBIO,1923365120,29.51,United States
1686,NextDecade Corp,NEXT,1913873280,7.19,United States
1687,Sarepta Therapeutics,SRPT,1911849216,18.1,United States
1688,OceanFirst Financial,OCFC,1910675968,19.77,United States
1689,Braveheart Bio,BRVE,1909746304,27.03,United States
1690,Enerpac Tool Group,EPAC,1904004608,36.94,United States
1691,Ziff Davis,ZD,1898825600,55.38,United States
1692,Xenia Hotels &amp; Resorts,XHR,1895465856,19.16,United States
1693,Allient,ALNT,1894249984,111.41,United States
1694,SmartStop Self Storage REIT,SMA,1890848128,34.15,United States
1695,"Kardigan, Inc.",KARD,1888774784,20.2,United States
1696,LeMaitre Vascular,LMAT,1883969280,82.38,United States
1697,Sonida Senior Living,SNDA,1881078912,39.15,United States
1698,Triumph Financial,TFIN,1869030656,78.22,United States
1699,MasterBrand,MBC,1861937920,9.15,United States
1700,World Kinect,WKC,1847085056,36.11,United States
1701,Hope Bancorp,HOPE,1845869568,14.45,United States
1702,TriCo Bancshares,TCBK,1840318848,57.57,United States
1703,Albany International,AIN,1839386624,64.87,United States
1704,Strategic Education,STRA,1828348416,82.33,United States
1705,Amprius Technologies,AMPX,1827468672,12.51,United States
1706,Semrush,SEMR,1814168832,12.0,United States
1707,CTS Corporation,CTS,1812461824,63.47,United States
1708,EZCorp,EZPW,1811965184,29.49,United States
1709,Dime Community Bancshares,DCOM,1808654080,40.96,United States
1710,Huntsman Corporation,HUN,1806399872,10.3,United States
1711,S&amp;T Bancorp,STBA,1803477248,51.14,United States
1712,Pathward Financial,CASH,1800427264,86.67,United States
1713,EverCommerce,EVCM,1800218752,10.19,United States
1714,CBL Properties,CBL,1798083584,58.11,United States
1715,Ellington Financial,EFC,1795193728,13.67,United States
1716,Anterix,ATEX,1794883712,91.53,United States
1717,Progress Software,PRGS,1793496064,43.73,United States
1718,FuelCell Energy,FCEL,1788575360,22.37,United States
1719,Sixth Street Specialty Lending,TSLX,1783517952,18.77,United States
1720,Byline Bancorp,BY,1783221632,39.27,United States
1721,BlackLine,BL,1774564608,30.53,United States
1722,American Assets Trust,AAT,1766325248,22.77,United States
1723,Vestis,VSTS,1761694208,13.33,United States
1724,WaterBridge Infrastructure,WBI,1759527424,31.73,United States
1725,Goodyear,GT,1759061376,6.11,United States
1726,Soho House & Co,SHCO,1758889344,8.99,United States
1727,ANI Pharmaceuticals,ANIP,1758150784,76.54,United States
1728,Syndax Pharmaceuticals,SNDX,1758022912,19.84,United States
1729,Weis Markets,WMK,1755134208,70.93,United States
1730,Bank First,BFC,1751525888,158.0,United States
1731,QCR Holdings,QCRH,1744985344,106.56,United States
1732,Avalyn Pharma,AVLN,1740073984,39.25,United States
1733,Target Hospitality,TH,1737432576,17.44,United States
1734,Bandwidth,BAND,1736797184,53.97,United States
1735,Xencor,XNCR,1735408384,23.34,United States
1736,AnaptysBio,ANAB,1731207808,58.47,United States
1737,Wolverine World Wide,WWW,1724240128,21.03,United States
1738,DXC Technology,DXC,1724012032,10.79,United States
1739,Global Partners LP,GLP,1720543744,50.83,United States
1740,Trinity Capital,TRIN,1717741440,18.14,United States
1741,Biolife Solutions,BLFS,1715158144,35.07,United States
1742,Unusual Machines,UMAC,1701518592,34.06,United States
1743,Omnicell,OMCL,1701435136,37.3,United States
1744,Red Cat Holdings,RCAT,1699710976,11.13,United States
1745,PROG Holdings,PRG,1697624064,42.62,United States
1746,Revolve Group,RVLV,1695150848,23.69,United States
1747,Recursion Pharmaceuticals,RXRX,1694616576,3.16,United States
1748,Hillman Solutions,HLMN,1692541440,8.7,United States
1749,Turning Point Brands,TPB,1691560320,87.34,United States
1750,Liberty Latin America,LILA,1688657920,8.62,United States
1751,Origin Bancorp,OBK,1684392320,54.6,United States
1752,RLJ Lodging Trust,RLJ,1683083264,10.99,United States
1753,RAPT Therapeutics,RAPT,1680292864,58.02,United States
1754,Six Flags,FUN,1677987456,16.4,United States
1755,Sila Realty Trust,SILA,1677119744,30.36,United States
1756,La-Z-Boy,LZB,1674468992,41.85,United States
1757,J&amp;J Snack Foods,JJSF,1671443456,89.47,United States
1758,Intellia Therapeutics,NTLA,1668908800,11.91,United States
1759,ConnectOne Bancorp,CNOB,1661812480,33.025,United States
1760,Fortrea,FTRE,1655691008,17.41,United States
1761,IDT Corporation,IDT,1655003136,66.55,United States
1762,Ingles Markets,IMKTA,1652700672,87.01,United States
1763,Perella Weinberg Partners,PWP,1652448128,17.38,United States
1764,Wolfspeed,WOLF,1652193152,31.79,United States
1765,Inspire Medical Systems,INSP,1650782464,57.1,United States
1766,Wendy’s,WEN,1647121152,8.64,United States
1767,Kestra Medical Technologies,KMTS,1642041984,28.02,United States
1768,Savers Value Village,SVV,1633480448,10.66,United States
1769,Central Securities,CET,1629937408,55.16,United States
1770,Amplitude,AMPL,1627656320,13.03,United States
1771,Agilon Health,AGL,1627068288,96.9,United States
1772,Innovative Industrial Properties,IIPR,1623450368,55.99,United States
1773,MillerKnoll,MLKN,1623376768,23.83,United States
1774,Aeva Technologies,AEVA,1622750080,23.28,United States
1775,Distribution Solutions Group,DSGR,1617089536,34.96,United States
1776,Kemper,KMPR,1615672832,27.42,United States
1777,Sprinklr,CXM,1613836160,6.89,United States
1778,Bicara Therapeutics,BCAX,1606678912,24.28,United States
1779,Dauch Corporation,DCH,1599079040,6.73,United States
1780,SkyWater Technology,SKYT,1597181312,32.46,United States
1781,Flowers Foods,FLO,1594189056,7.52,United States
1782,ARKO Petroleum,APC,1589476864,19.25,United States
1783,ICF International,ICFI,1585175936,88.39,United States
1784,Green Thumb Industries,GTII.CN,1583017988,7.24199,United States
1785,Tandem Diabetes Care,TNDM,1580828160,22.72,United States
1786,Absci,ABSI,1575416704,9.18,United States
1787,Xeris Pharmaceuticals,XERS,1567954688,8.6,United States
1788,BigBear.ai,BBAI,1567947008,3.27,United States
1789,Vir Biotechnology,VIR,1563555328,9.24,United States
1790,Ambiq Micro,AMBQ,1560144512,64.51,United States
1791,Energizer Holdings,ENR,1558456576,22.76,United States
1792,Atlas Energy Solutions,AESI,1556292864,12.45,United States
1793,Atlanticus,ATLC,1556142464,102.58,United States
1794,Lakeland Financial Corp,LKFN,1553366400,62.49,United States
1795,C3 AI,AI,1543611392,9.93,United States
1796,Arlo Technologies,ARLO,1542098688,14.33,United States
1797,Hudson Pacific Properties,HPP,1541105792,13.9,United States
1798,Frontier Airlines,ULCC,1540143616,6.69,United States
1799,Ardent Health,ARDT,1538810752,10.91,United States
1800,Sally Beauty Holdings,SBH,1537277952,16.42,United States
1801,Helix Energy Solutions,HLX,1537198976,10.43,United States
1802,Babcock &amp; Wilcox,BW,1532850560,10.29,United States
1803,Innoviva,INVA,1530881920,21.19,United States
1804,Coursera,COUR,1528232064,5.78,United States
1805,Amalgamated Financial,AMAL,1526701568,51.06,United States
1806,Sylvamo,SLVM,1526395776,38.39,United States
1807,National Vision Holdings,EYE,1526037632,19.3,United States
1808,Kennedy Wilson,KW,1521191808,10.92,United States
1809,Alexander &amp; Baldwin,ALEX,1518725120,20.84,United States
1810,Harmonic Inc.,HLIT,1517614080,13.92,United States
1811,Safety Insurance,SAFT,1517227776,103.35,United States
1812,Kosmos Energy,KOS,1512538624,2.54,United States
1813,CONMED,CNMD,1509842432,50.41,United States
1814,Maze Therapeutics,MAZE,1509826432,27.18,United States
1815,Digital Turbine,APPS,1505442048,12.44,United States
1816,T1 Energy,TE,1505033344,5.11,United States
1817,Tyra Biosciences,TYRA,1504006016,25.29,United States
1818,Enovis,ENOV,1502867072,26.06,United States
1819,Forestar Group,FOR,1501697152,29.44,United States
1820,"Harrow, Inc.",HROW,1500638464,40.03,United States
1821,Personalis,PSNL,1498782336,14.04,United States
1822,Concentrix,CNXC,1494339456,24.49,United States
1823,Global Industrial Company,GIC,1490652416,38.96,United States
1824,Peoples Bancorp,PEBO,1487293056,41.38,United States
1825,ProPetro,PUMP,1486169472,12.1,United States
1826,Healthcare Services Group,HCSG,1481769216,21.59,United States
1827,Stepan Company,SCL,1481479552,65.17,United States
1828,Ameresco,AMRC,1480547328,27.9,United States
1829,REX American Resources,REX,1468692864,44.59,United States
1830,Eos Energy Enterprises,EOSE,1463954304,4.02,United States
1831,Azenta,AZTA,1462324224,33.38,United States
1832,"Cadre Holdings, Inc.",CDRE,1461899904,34.14,United States
1833,Walker &amp; Dunlop,WD,1460903680,42.56,United States
1834,Tompkins Financial,TMP,1455693824,101.21,United States
1835,Empire State Realty Trust,ESRT,1455142784,4.75,United States
1836,ArriVent BioPharma,AVBP,1455071104,29.51,United States
1837,i-80 Gold,IAUX,1446055808,1.67,United States
1838,BJ's Restaurants,BJRI,1445552256,67.95,United States
1839,ACV Auctions,ACVA,1443817216,8.27,United States
1840,InnovAge,INNV,1440163200,10.61,United States
1841,ORIC Pharmaceuticals,ORIC,1437662336,13.87,United States
1842,KalVista Pharmaceuticals,KALV,1437504000,27.0,United States
1843,Community Trust Bancorp,CTBI,1432906624,78.87,United States
1844,G-III Apparel Group,GIII,1430260480,33.9,United States
1845,Integra LifeSciences,IART,1426347776,18.34,United States
1846,Shoals Technologies,SHLS,1422134528,8.45,United States
1847,Carter's,CRI,1421457152,38.72,United States
1848,Gibraltar Industries,ROCK,1421264640,47.88,United States
1849,Artivion,AORT,1420756224,29.14,United States
1850,Dream Finders Homes,DFH,1415292544,15.6,United States
1851,York Space Systems,YSS,1413388800,10.93,United States
1852,"RPC, Inc.",RES,1409738624,6.36,United States
1853,The Greenbrier Companies,GBX,1405899264,45.44,United States
1854,Corsair Gaming,CRSR,1405218688,12.99,United States
1855,UMH Properties,UMH,1404593152,16.45,United States
1856,Newsmax,NMAX,1403976192,10.87,United States
1857,Replimune,REPL,1403101568,14.97,United States
1858,TriMas,TRS,1396928512,38.94,United States
1859,PureCycle Technologies,PCT,1396288384,6.95,United States
1860,Phibro Animal Health,PAHC,1393803648,34.36,United States
1861,United Fire Group,UFCS,1392616704,54.28,United States
1862,Arteris,AIP,1391987584,28.32,United States
1863,Olaplex,OLPX,1391282176,2.07,United States
1864,Arhaus,ARHS,1390584448,9.81,United States
1865,LGI Homes,LGIH,1389290368,59.8,United States
1866,The RealReal,REAL,1387050624,11.4,United States
1867,Aktis Oncology,AKTS,1386594176,24.93,United States
1868,Universal Technical Institute,UTI,1385645056,25.15,United States
1869,Westamerica Bancorporation,WABC,1383895808,59.88,United States
1870,First Mid Bancshares,FMBH,1383565440,52.01,United States
1871,Bristow Group,VTOL,1379242240,46.53,United States
1872,XPEL,XPEL,1378537344,50.0,United States
1873,Jefferson Capital,JCAP,1378212864,24.0,United States
1874,"Alexander's, Inc.",ALX,1377691520,269.75,United States
1875,The Pennant Group,PNTG,1373411072,39.32,United States
1876,NAPCO Security Technologies,NSSC,1369071488,38.32,United States
1877,Exzeo Group,XZO,1366603392,15.17,United States
1878,Wealthfront Corporation,WLTH,1365161600,9.14,United States
1879,Liquidity Services,LQDT,1361985536,43.47,United States
1880,Willis Lease Finance Corporation,WLFC,1360618368,56.93,United States
1881,Dorchester Minerals,DMLP,1360322816,27.71,United States
1882,HBT Financial,HBT,1352437120,37.19,United States
1883,Gentherm,THRM,1351029120,44.0,United States
1884,Trupanion,TRUP,1342501888,30.6,United States
1885,Yelp,YELP,1340311424,24.7,United States
1886,Graham Corporation,GHM,1337904384,113.99,United States
1887,AMN Healthcare Services,AMN,1336184704,34.5,United States
1888,Novavax,NVAX,1327813120,8.05,United States
1889,Monte Rosa Therapeutics,GLUE,1322357760,15.5,United States
1890,Orchid Island Capital,ORC,1322068608,6.65,United States
1891,Leggett &amp; Platt,LEG,1319449600,9.66,United States
1892,Old Second Bancorp,OSBC,1318189824,25.91,United States
1893,Willdan Group,WLDN,1316052736,86.4,United States
1894,Schrödinger,SDGR,1315831040,17.59,United States
1895,STAAR Surgical,STAA,1312769536,26.18,United States
1896,Edgewell Personal Care,EPC,1309847040,28.42,United States
1897,Oil-Dri Corporation Of America,ODC,1309137536,90.41,United States
1898,Cullinan Therapeutics,CGEM,1308974464,20.34,United States
1899,Pursuit Attractions and Hospitality,PRSU,1307588864,47.96,United States
1900,CVR Partners,UAN,1305350272,123.5,United States
1901,Inhibrx Biosciences,INBX,1300599680,88.37,United States
1902,MeiraGTx,MGTX,1298501248,13.52,United States
1903,Everforth,EFOR,1298470016,31.67,United States
1904,Seneca Foods,SENEA,1297896576,191.7,United States
1905,Flotek Industries,FTK,1297778048,35.83,United States
1906,Seaport Therapeutics,SPTX,1296509952,24.22,United States
1907,Cracker Barrel,CBRL,1294708352,57.925,United States
1908,Herbalife,HLF,1292225664,12.33,United States
1909,ProAssurance,PRA,1290193152,25.0,United States
1910,Nutex Health,NUTX,1283447040,187.42,United States
1911,Preferred Bank,PFBC,1278951296,107.9,United States
1912,GoodRx,GDRX,1272472320,3.73,United States
1913,EyePoint Pharmaceuticals,EYPT,1271629056,14.75,United States
1914,FMC Corporation,FMC,1271052416,10.15,United States
1915,Ladder Capital,LADR,1266115712,9.98,United States
1916,Tetra Technologies,TTI,1266022272,8.55,United States
1917,Two Harbors Investment,TWO,1265822464,12.04,United States
1918,BlackSky Technology,BKSY,1265396352,30.92,United States
1919,"Apnimed, Inc.",APMD,1264386048,31.75,United States
1920,NexPoint Residential Trust,NXRT,1264293120,24.5,United States
1921,Alto Neuroscience,ANRO,1261241216,32.14,United States
1922,Winmark,WINA,1260887296,351.01,United States
1923,TripAdvisor,TRIP,1258720896,10.74,United States
1924,Utz Brands,UTZ,1255649280,14.17,United States
1925,Corvus Pharmaceuticals,CRVS,1252560896,14.89,United States
1926,BellRing Brands,BRBR,1249990528,10.75,United States
1927,Vor Biopharma,VOR,1247900800,23.03,United States
1928,Oppenheimer Holdings,OPY,1245769216,116.34,United States
1929,Omeros Corporation,OMER,1244355200,17.19,United States
1930,Myers Industries,MYE,1241396352,33.0,United States
1931,Marten Transport,MRTN,1240970752,15.21,United States
1932,PROCEPT BioRobotics,PRCT,1239974656,21.65,United States
1933,MannKind Corp,MNKD,1237931392,3.85,United States
1934,Teladoc Health,TDOC,1237268096,6.81,United States
1935,Certara,CERT,1220310272,8.0,United States
1936,Heritage Financial,HFWA,1216828800,29.74,United States
1937,AEVEX Corp.,AVEX,1216370944,21.54,United States
1938,Easterly Government Properties,DEA,1214854016,24.79,United States
1939,"U.S. Physical Therapy, Inc.",USPH,1212320000,81.24,United States
1940,Biglari,BH,1208616832,385.03,United States
1941,Saul Centers,BFS,1208569344,34.8,United States
1942,NPK International,NPKI,1207418752,14.22,United States
1943,Cricut,CRCT,1206399872,5.76,United States
1944,Donnelley Financial Solutions,DFIN,1204438016,48.99,United States
1945,Universal Insurance Holdings,UVE,1202549632,43.21,United States
1946,Bioventus,BVS,1199150208,14.26,United States
1947,Marcus &amp; Millichap,MMI,1195966336,31.58,United States
1948,Univest Financial Corporation,UVSP,1190385920,43.16,United States
1949,Piedmont Realty Trust,PDM,1186259072,9.48,United States
1950,Clear Channel Outdoor,CCO,1186188672,2.33,United States
1951,Suburban Propane Partners,SPH,1184144896,17.75,United States
1952,Ategrity Specialty Insurance Company,ASIC,1183795200,24.7,United States
1953,ZoomInfo,GTM,1178995712,4.05,United States
1954,QuinStreet,QNST,1177630080,20.5,United States
1955,Backblaze,BLZE,1177337984,19.02,United States
1956,Latigo Biotherapeutics,LTGO,1172385664,19.49,United States
1957,Avanos Medical,AVNS,1170726912,24.99,United States
1958,Lindsay Corporation,LNN,1170133632,115.07,United States
1959,Tennant Company,TNC,1169411712,68.59,United States
1960,Lightwave Logic,LWLG,1167046144,7.57,United States
1961,Metropolitan Bank Holding,MCB,1165887104,94.04,United States
1962,Lumexa Imaging,LMRI,1154890496,12.02,United States
1963,Northeast Bank,NBN,1154289152,134.92,United States
1964,Mission Produce,AVO,1154210816,13.06,United States
1965,Prospect Capital,PSEC,1152317568,2.3,United States
1966,MarineMax,HZO,1148952064,52.02,United States
1967,Genco Shipping &amp; Trading,GNK,1148071168,26.34,United States
1968,Five Star Bancorp,FSBC,1147086720,46.75,United States
1969,WhiteFiber,WYFI,1146796544,29.52,United States
1970,Upbound Group,UPBD,1143834368,19.62,United States
1971,Amerant Bancorp,AMTB,1143168128,29.17,United States
1972,Ecovyst,ECVT,1137376768,10.39,United States
1973,Great Lakes Dredge &amp; Dock Corp.,GLDD,1135273600,17.0,United States
1974,Virtus Investment Partners,VRTS,1129479040,169.03,United States
1975,NCR Voyix Corporation,VYX,1126650368,8.16,United States
1976,WEBTOON Entertainment,WBTN,1124366208,8.285,United States
1977,Red Violet,RDVT,1119757952,69.78,United States
1978,Northwest Pipe Company,NWPX,1119457408,116.16,United States
1979,Universal Corporation,UVV,1114739712,44.77,United States
1980,IRadimed,IRMD,1111828864,86.95,United States
1981,XPLR Infrastructure,XIFR,1108024960,11.75,United States
1982,Compass Minerals,CMP,1107035648,26.37,United States
1983,Middlesex Water Company,MSEX,1106704896,58.73,United States
1984,Bowhead Specialty Holdings,BOW,1103920000,33.51,United States
1985,Deluxe Corporation,DLX,1102843648,24.05,United States
1986,Grocery Outlet,GO,1102810496,11.13,United States
1987,Savara,SVRA,1102508416,5.38,United States
1988,Resolute Holdings Management,RHLD,1102038272,133.46,United States
1989,ASA Gold and Precious Metals,ASA,1100974208,58.6,United States
1990,BrightView,BV,1094167936,11.74,United States
1991,Taboola.com,TBLA,1094129408,4.05,United States
1992,Green Plains,GPRE,1092786176,15.59,United States
1993,ScanSource,SCSC,1081061632,53.19,United States
1994,Safehold,SAFE,1079948288,15.25,United States
1995,Capitol Federal Financial,CFFN,1077015168,8.73,United States
1996,eXp World Holdings,EXPI,1073469056,6.74,United States
1997,"Sinclair, Inc.",SBGI,1073200064,14.84,United States
1998,Rackspace Technology,RXT,1073014720,4.21,United States
1999,Mercantile Bank,MBWM,1064121728,61.56,United States
2000,Equity Bancshares,EQBK,1063396160,51.64,United States
2001,Sana Biotechnology,SANA,1062730240,3.55,United States
2002,Upwork,UPWK,1059805056,8.485,United States
2003,CRA International,CRAI,1056583872,168.33,United States
2004,Horizon Bancorp,HBNC,1056156736,20.57,United States
2005,NANO Nuclear Energy,NNE,1055705472,19.66,United States
2006,Service Properties Trust,SVC,1052912128,8.13,United States
2007,"Strive Asset Management, LLC",ASST,1052217024,12.315,United States
2008,Ardelyx,ARDX,1048241536,4.06,United States
2009,O-I Glass,OI,1043349632,6.79,United States
2010,Evolv Technologies,EVLV,1043254208,5.8,United States
2011,Kforce,KFRC,1040154752,58.08,United States
2012,MetroCity Bankshares,MCBS,1038640000,36.24,United States
2013,CNB Financial Corp,CCNE,1034953664,34.94,United States
2014,USA TODAY Co.,TDAY,1033598272,7.04,United States
2015,Lexicon Pharmaceuticals,LXRX,1032297728,2.32,United States
2016,Arbor Realty Trust,ABR,1031886848,5.09,United States
2017,OPKO Health,OPK,1029932992,1.38,United States
2018,Quantum Corporation,QMCO,1028995136,26.11,United States
2019,Kopin Corporation,KOPN,1022299328,5.5,United States
2020,MidWestOne Financial Group,MOFG,1017475776,49.31,United States
2021,Accel Entertainment,ACEL,1010899776,12.42,United States
2022,Heritage Insurance,HRTG,1009712832,33.96,United States
2023,Diversified Energy,DEC.L,1009297400,14.2617,United States
2024,Glass House Brands,GLASF,1007483904,11.81,United States
2025,NB Bancorp,NBBK,1006948864,22.98,United States
2026,Ventyx Biosciences,VTYX,1004502016,14.0,United States
2027,Annexon,ANNX,1002873600,5.29,United States
2028,National Presto Industries,NPK,1002242752,139.86,United States
2029,Simply Good Foods,SMPL,1000270080,11.31,United States
2030,Emerald Holding,EEX,997505920,5.04,United States
2031,Astec Industries,ASTE,996537920,43.28,United States
2032,Central Pacific Financial,CPF,996425664,38.7,United States
2033,Odyssey Therapeutics,ODTX,996253248,20.73,United States
2034,indie Semiconductor,INDI,995169280,4.71,United States
2035,Unitil Corporation,UTL,994992960,54.56,United States
2036,Camden National Corporation,CAC,993039488,58.77,United States
2037,Heartland Express,HTLD,989084032,12.79,United States
2038,Centerspace,CSR,988097280,55.84,United States
2039,Whitestone REIT,WSR,988012416,18.99,United States
2040,Chimera Investment Corporation,CIM,987799424,11.8,United States
2041,Solid Biosciences,SLDB,986472192,9.2,United States
2042,Daktronics,DAKT,985921856,20.41,United States
2043,Janux Therapeutics,JANX,985524800,16.12,United States
2044,Southside Bancshares,SBSI,984186688,33.08,United States
2045,Nextdoor,NXDR,983980288,2.58,United States
2046,QuidelOrtho,QDEL,980628608,14.3,United States
2047,Phoenix Education Partners,PXED,980128192,27.19,United States
2048,Global Medical REIT,GMRE,979776256,35.98,United States
2049,Eastman Kodak Company,KODK,979068800,10.0,United States
2050,ProFrac,ACDC,977999232,5.37,United States
2051,Trustco Bank,TRST,976540864,57.35,United States
2052,First Financial,THFF,975848960,82.06,United States
2053,Douglas Dynamics,PLOW,975697472,42.28,United States
2054,Kronos Worldwide,KRO,974876032,8.47,United States
2055,Barings BDC,BBDC,974821120,9.31,United States
2056,Mid Penn Bancorp,MPB,973632384,38.43,United States
2057,Vishay Precision Group,VPG,968661696,72.72,United States
2058,Kura Oncology,KURA,966112256,10.86,United States
2059,Enovix,ENVX,963379008,4.39,United States
2060,LegalZoom,LZ,962508224,5.62,United States
2061,Quanex Building Products,NX,962190912,20.95,United States
2062,Hanmi Financial,HAFC,961821824,32.44,United States
2063,"Forbright, Inc.",FRBT,961144000,19.34,United States
2064,Forum Energy Technologies,FET,959983744,85.36,United States
2065,Compass Diversified Holdings,CODI,956249152,12.71,United States
2066,Ridgepost Capital,RPC,955767296,8.67,United States
2067,Karat Packaging,KRT,954928704,47.91,United States
2068,LightPath Technologies,LPTH,952515328,15.17,United States
2069,Tronox,TROX,951812224,5.96,United States
2070,"Eve Holding, Inc.",EVEX,951367680,2.73,United States
2071,Lincoln Educational Services,LINC,949741120,29.94,United States
2072,Lucky Strike Entertainment,LUCK,949219648,6.96,United States
2073,Geron,GERN,943035840,1.47,United States
2074,HighPeak Energy,HPK,939544256,7.43,United States
2075,Oxford Lane Capital,OXLC,938413056,9.61,United States
2076,CEVA,CEVA,936967488,33.28,United States
2077,"MNTN, Inc.",MNTN,936535616,12.52,United States
2078,Olema Pharmaceuticals,OLMA,930099584,10.63,United States
2079,Design Therapeutics,DSGN,928085888,14.83,United States
2080,MFA Financial,MFA,925965504,9.16,United States
2081,Marcus Corporation,MCS,924964800,30.0,United States
2082,Arbutus Biopharma,ABUS,923949440,4.67,United States
2083,Alpha &amp; Omega Semiconductor,AOSL,920933120,30.77,United States
2084,Reformation Inc.,REF,918635072,15.55,United States
2085,Adaptive Biotechnologies,ADPT,916254080,22.9,United States
2086,LSI Industries,LYTS,912670400,24.86,United States
2087,PagerDuty,PD,912127936,11.9,United States
2088,World Acceptance Corporation,WRLD,908154304,194.75,United States
2089,Metallus,MTUS,907902464,21.81,United States
2090,Ryerson,RYI,907088320,28.16,United States
2091,Abacus Global Management,ABX,906534208,9.27,United States
2092,Pacira Biosciences,PCRX,905002240,23.0,United States
2093,Bloomin' Brands,BLMN,903300736,10.55,United States
2094,SmartFinancial (SmartBank),SMBK,902457344,52.78,United States
2095,Ibotta,IBTA,902098880,38.84,United States
2096,CrossAmerica Partners,CAPL,900442240,23.6,United States
2097,Sabre,SABR,899990528,2.23,United States
2098,HMH Holding,HMH,898456000,20.45,United States
2099,Capital City Bank Group,CCBG,898276928,52.49,United States
2100,CeriBell,CBLL,895361088,23.33,United States
2101,Winnebago Industries,WGO,891883520,31.55,United States
2102,Satellogic,SATL,891691456,5.8,United States
2103,Koppers Holdings,KOP,891491328,47.14,United States
2104,Amphastar Pharmaceuticals,AMPH,889468416,20.91,United States
2105,Great Southern Bancorp,GSBC,889127552,81.59,United States
2106,Apogee Enterprises,APOG,888571968,42.58,United States
2107,JBG SMITH,JBGS,886604864,11.48,United States
2108,Covenant Logistics,CVLG,885684480,34.9,United States
2109,American Bitcoin Corp,ABTC,884411136,7.26,United States
2110,Fox Factory Holding,FOXF,883491648,21.02,United States
2111,Eagle Bancorp,EGBN,877938368,28.8,United States
2112,Transcat,TRNS,877014144,93.7,United States
2113,Mitek Systems,MITK,876727808,19.43,United States
2114,Sun Country Airlines,SNCY,876356672,16.17,United States
2115,SpyGlass Pharma,SGP,876337088,26.2,United States
2116,Rapid7,RPD,876208320,13.0,United States
2117,Apollo Commercial Real Estate Finance,ARI,875688576,6.83,United States
2118,Employers Holdings,EIG,875215424,48.73,United States
2119,Collegium Pharmaceutical,COLL,875107200,28.23,United States
2120,Groupon,GRPN,874710528,21.51,United States
2121,Beazer Homes USA,BZH,871967680,33.1,United States
2122,Hippo Holdings,HIPO,871905152,33.04,United States
2123,Talkspace,TALK,870574976,5.25,United States
2124,Viant Technology,DSP,867081856,13.01,United States
2125,Standard Motor Products,SMP,866932096,38.94,United States
2126,Postal Realty Trust,PSTL,864446080,23.0,United States
2127,EverQuote,EVER,863815488,24.42,United States
2128,Frequency Electronics,FEIM,862647296,78.73,United States
2129,Latham Group,SWIM,861169408,7.32,United States
2130,Navient,NAVI,859997696,9.17,United States
2131,South Plains Financial,SPFI,858309632,45.56,United States
2132,IperionX,IPX,853550016,23.57,United States
2133,Orrstown Financial Services,ORRF,852481600,43.34,United States
2134,Aclaris Therapeutics,ACRS,850809664,5.78,United States
2135,Independent Bank Corporation,IBCP,850455040,38.31,United States
2136,HealthStream,HSTM,846204352,28.94,United States
2137,Southern Missouri Bancorp,SMBC,845212736,76.76,United States
2138,SI-BONE,SIBN,839531968,18.93,United States
2139,Alerus Financial,ALRS,838491968,33.67,United States
2140,GCM Grosvenor,GCMG,836910656,13.86,United States
2141,Dakota Gold,DC,835897728,6.23,United States
2142,HomeTrust Bancshares,HTB,834325120,49.98,United States
2143,ASGN,ASGN,833931008,19.53,United States
2144,Entravision Communications,EVC,831517632,9.01,United States
2145,Daily Journal,DJCO,831359808,603.33,United States
2146,Park Aerospace,PKE,830896320,38.2,United States
2147,Securitize Corp.,SECZ,830632064,5.61,United States
2148,Heritage Commerce,HTBK,828429632,13.45,United States
2149,American Public Education,APEI,827778816,45.23,United States
2150,Peapack-Gladstone Financial,PGC,827540800,46.68,United States
2151,Sky Harbour Group,SKYH,826511552,10.26,United States
2152,Cantaloupe,CTLP,825815936,11.2,United States
2153,CTO Realty Growth,CTO,824680064,22.0,United States
2154,United States Antimony Corporation,UAMY,824678272,5.51,United States
2155,PennyMac Mortgage Investment Trust,PMT,824062272,9.45,United States
2156,Westrock Coffee,WEST,822998848,8.43,United States
2157,Financial Institutions,FISI,822740544,41.75,United States
2158,Esperion Therapeutics,ESPR,819464832,3.18,United States
2159,Bain Capital Specialty Finance,BCSF,814099776,12.55,United States
2160,MediaAlpha,MAX,806846592,13.17,United States
2161,Petco,WOOF,805293952,2.82,United States
2162,EVgo,EVGO,804070912,1.65,United States
2163,Movado Group,MOV,803069888,36.13,United States
2164,Mama's Creations,MAMA,802078272,17.25,United States
2165,PubMatic,PUBM,801225536,17.59,United States
2166,Montrose Environmental,MEG,800798912,22.14,United States
2167,Riley Exploration Permian,REPX,800416256,36.13,United States
2168,Shore Bancshares,SHBI,799933440,23.97,United States
2169,Papa John's Pizza,PZZA,798680128,24.26,United States
2170,Hertz,HTZ,798451136,2.24,United States
2171,Aura Biosciences,AURA,797489984,7.69,United States
2172,Root Insurance,ROOT,797127808,51.45,United States
2173,Sable Offshore,SOC,796258752,4.15,United States
2174,SunCoke Energy,SXC,794428544,9.36,United States
2175,AdaptHealth,AHCO,790474560,5.81,United States
2176,Beta Bionics,BBNX,790468800,17.57,United States
2177,PAR Technology,PAR,787959552,19.05,United States
2178,Rigel Pharmaceuticals,RIGL,787818624,42.58,United States
2179,Hovnanian Enterprises,HOV,785478976,134.05,United States
2180,First Watch Restaurant,FWRG,784982208,12.72,United States
2181,"Yesway, Inc.",YSWY,784940544,25.17,United States
2182,Cardinal Infrastructure Group,CDNL,784303616,39.42,United States
2183,Scholastic,SCHL,781476544,41.43,United States
2184,Barrett Business Services,BBSI,781342272,32.24,United States
2185,Immix Biopharma,IMMX,780953792,10.97,United States
2186,Carlyle Secured Lending,CGBD,780932032,11.35,United States
2187,Peakstone Realty Trust,PKST,780562688,20.99,United States
2188,Varex Imaging,VREX,779321216,18.49,United States
2189,Array Technologies,ARRY,777738880,5.05,United States
2190,Strawberry Fields REIT,STRW,776576512,13.74,United States
2191,Ramaco Resources,METC,776505920,12.25,United States
2192,PRA Group,PRAA,775548800,20.6,United States
2193,Phathom Pharmaceuticals,PHAT,775030976,9.58,United States
2194,CryoPort,CYRX,772398784,15.25,United States
2195,Green Dot,GDOT,771009472,13.53,United States
2196,Third Coast Bancshares,TCBX,767562944,46.13,United States
2197,Washington Trust Bancorp,WASH,766596864,40.19,United States
2198,"TXO Partners, L.P.",TXO,765714944,13.81,United States
2199,Westlake Chemical Partners,WLKP,764835648,21.7,United States
2200,Hallador Energy Company,HNRG,761836608,16.16,United States
2201,Monopar Therapeutics,MNPR,758743936,113.04,United States
2202,Phreesia,PHR,758588224,12.28,United States
2203,Golden Entertainment,GDEN,753686080,28.55,United States
2204,Bright Minds Biosciences,DRUG,750033984,76.44,United States
2205,Cass Information Systems,CASS,748007168,58.41,United States
2206,Sweetgreen,SG,747579456,6.28,United States
2207,The Manitowoc Company,MTW,745761536,20.68,United States
2208,Shattuck Labs,STTK,744695360,7.42,United States
2209,NioCorp Developments,NB,743949824,5.11,United States
2210,Paysign,PAYS,743606592,13.17,United States
2211,LSB Industries,LXU,736534464,10.23,United States
2212,Shentel,SHEN,734689344,13.27,United States
2213,Once Upon A Farm,OFRM,733576640,17.47,United States
2214,CytomX Therapeutics,CTMX,732141568,3.36,United States
2215,PennantPark Floating Rate Capital Ltd.,PFLT,730243712,7.36,United States
2216,Arrow Financial,AROW,727056192,39.25,United States
2217,National Healthcare Properties,NHP,725667200,16.39,United States
2218,Matthews International Corporation,MATW,725456704,23.25,United States
2219,Hyliion,HYLN,725104704,4.06,United States
2220,Neurogene,NGNE,723211328,36.14,United States
2221,GMR Solutions Inc.,GMRS,718895936,13.31,United States
2222,Verra Mobility,VRRM,716999360,4.72,United States
2223,Velocity Financial,VEL,716983232,18.16,United States
2224,Consensus Cloud Solutions,CCSI,715954688,39.07,United States
2225,ParkOhio Holdings Corp.,PKOH,715806528,49.4,United States
2226,Peoples Financial Services,PFIS,714339776,71.36,United States
2227,Ironwood Pharmaceuticals,IRWD,712184192,4.31,United States
2228,REGENXBIO,RGNX,710632064,10.765,United States
2229,XOMA Royalty,XOMA,710155008,40.17,United States
2230,Community West Bancshares,CWBC,708474112,26.11,United States
2231,Gyre Therapeutics,GYRE,708305472,6.68,United States
2232,Allogene Therapeutics,ALLO,707566848,2.05,United States
2233,Enhabit,EHAB,706913408,13.8,United States
2234,Helen of Troy,HELE,703886016,30.22,United States
2235,SLR Investment,SLRC,703209216,12.89,United States
2236,American Woodmark,AMWD,700651840,48.09,United States
2237,Legacy Housing Corporation,LEGH,697514304,29.33,United States
2238,Janus International Group,JBI,697186944,5.11,United States
2239,California BanCorp,BCAL,697023744,21.68,United States
2240,Donegal Group,DGICA,694680064,18.75,United States
2241,Midland States Bancorp,MSBI,692705536,33.38,United States
2242,RE/MAX Holdings,RMAX,691632448,12.55,United States
2243,TaskUs,TASK,687652672,7.5,United States
2244,Energy Vault,NRGV,686896832,3.79,United States
2245,Bally's Corporation,BALY,684793664,13.99,United States
2246,ADTRAN,ADTN,684443776,8.4,United States
2247,Vitesse Energy,VTS,682931968,16.22,United States
2248,Tectonic Therapeutic,TECX,682468352,34.91,United States
2249,Bar Harbor Bankshares,BHB,681038144,40.62,United States
2250,Hingham Institution for Savings,HIFS,679675328,309.33,United States
2251,Udemy,UDMY,677283328,4.63,United States
2252,BitGo,BTGO,677062848,5.76,United States
2253,Contango Ore,CTGO,676649920,20.2,United States
2254,Red River Bancshares,RRBI,676187648,102.7,United States
2255,Granite Ridge Resources,GRNT,674010240,5.11,United States
2256,Mativ Holdings,MATV,673871104,12.21,United States
2257,4D Molecular Therapeutics,FDMT,673426944,12.19,United States
2258,Bluelinx,BXC,673332800,86.52,United States
2259,Zevra Therapeutics,ZVRA,672224384,11.32,United States
2260,Tiptree,TIPT,672176384,18.05,United States
2261,Franklin BSP Realty Trust,FBRT,670176512,8.07,United States
2262,River City Bank,RCBC,666995712,47.66,United States
2263,ACNB Corporation,ACNB,663068032,64.93,United States
2264,Cars.com,CARS,662734976,12.38,United States
2265,Camping World,CWH,662120384,6.41,United States
2266,OTC Markets Group,OTCM,659090880,55.0,United States
2267,NETGEAR,NTGR,656373312,24.15,United States
2268,Sagimet Biosciences,SGMT,655773760,10.55,United States
2269,Reservoir Media,RSVR,655510720,9.96,United States
2270,AngioDynamics,ANGO,655118336,15.85,United States
2271,Alight,ALIT,654610048,13.8,United States
2272,Summit Hotel Properties,INN,651434944,6.04,United States
2273,AH Realty Trust,AHRT,651223488,6.79,United States
2274,N-Able,NABL,649835008,3.44,United States
2275,Gladstone Investment,GAIN,649496256,16.31,United States
2276,Armada Hoffler Properties,AHH,647902656,6.25,United States
2277,OrthoPediatrics,KIDS,647522752,24.8,United States
2278,Claritev,CTEV,646037312,38.12,United States
2279,Miller Industries,MLR,645485184,56.86,United States
2280,Kura Sushi USA,KRUS,643455296,52.96,United States
2281,Smith &amp; Wesson,SWBI,642552640,14.33,United States
2282,Forward Air,FWRD,640485120,18.96,United States
2283,DoubleDown Interactive,DDI,640230464,12.92,United States
2284,Northfield Bancorp,NFBK,639406784,15.31,United States
2285,Chatham Lodging Trust,CLDT,637552640,12.99,United States
2286,Village Super Market,VLGEA,637400512,43.04,United States
2287,Cannae Holdings,CNNE,634564992,14.63,United States
2288,BrightSpire Capital,BRSP,632620864,5.0,United States
2289,Insteel Industries,IIIN,631466048,32.62,United States
2290,Gladstone Commercial,GOOD,631322752,12.93,United States
2291,NerdWallet,NRDS,629004032,9.84,United States
2292,Grid Dynamics,GDYN,628733312,7.75,United States
2293,AlTi Global,ALTI,625333184,4.01,United States
2294,Forge Global,FRGE,623007296,45.0,United States
2295,MiMedx Group,MDXG,622397184,4.27,United States
2296,Kimball Electronics,KE,621664704,25.85,United States
2297,Unity Bancorp,UNTY,620832192,61.82,United States
2298,Bridgewater Bancshares,BWB,619857408,22.23,United States
2299,Nuvectis Pharma,NVCT,617745792,18.96,United States
2300,Hyster-Yale Materials Handling,HY,617023616,34.44,United States
2301,3D Systems,DDD,616405440,3.71,United States
2302,"Citi Trends, Inc.",CTRN,615659072,73.91,United States
2303,Mayville Engineering Company,MEC,614302976,24.09,United States
2304,TPG Real Estate Finance Trust,TRTX,613054080,7.93,United States
2305,EagleRock Land,EROK,611881344,25.02,United States
2306,OppFi,OPFI,610091072,7.16,United States
2307,Cytek Biosciences,CTKB,609621504,4.69,United States
2308,Methode Electronics,MEI,608383296,17.14,United States
2309,Vaalco Energy,EGY,608008512,5.78,United States
2310,Southern First Bancshares,SFST,607897216,64.18,United States
2311,Northrim BanCorp,NRIM,606169856,27.25,United States
2312,OneSpan,OSPN,605770368,16.34,United States
2313,Kearny Financial,KRNY,605414208,9.62,United States
2314,Northpointe Bancshares,NPB,605182208,17.5,United States
2315,MasterCraft Boat,MCFT,605072320,24.98,United States
2316,Redwood Trust,RWT,604195776,4.81,United States
2317,"Sturm, Ruger &amp; Co",RGR,601900864,37.67,United States
2318,WhiteHawk Minerals Corp,WHK,601360576,26.15,United States
2319,Cerus Corporation,CERS,600544192,2.98,United States
2320,Sprout Social,SPT,599257024,9.89,United States
2321,Eikon Therapeutics,EIKN,598523584,11.05,United States
2322,First Business Financial Services,FBIZ,597832832,71.44,United States
2323,Verastem Oncology,VSTM,595907456,6.58,United States
2324,Greene County Bancorp,GCBC,595381184,34.97,United States
2325,Industrial Logistics Properties Trust,ILPT,595373248,8.92,United States
2326,Yext,YEXT,594471296,5.93,United States
2327,Mesa Laboratories,MLAB,593385984,106.04,United States
2328,Civista Bancshares,CIVB,592843712,28.51,United States
2329,CorMedix,CRMD,587700160,7.54,United States
2330,Arvinas,ARVN,586514176,8.97,United States
2331,NVE Corporation,NVEC,586506496,121.25,United States
2332,Ethan Allen,ETD,581194432,22.84,United States
2333,Cogent Communications,CCOI,579249984,11.31,United States
2334,Enviri Corporation,NVRI,578867520,20.59,United States
2335,Carriage Services,CSV,578750848,36.44,United States
2336,Krispy Kreme,DNUT,577755008,3.33,United States
2337,MISTRAS Group,MG,576483072,18.1,United States
2338,Malibu Boats,MBUU,575954368,29.33,United States
2339,Universal Health Realty Income Trust,UHT,574014208,41.3,United States
2340,Ooma,OOMA,572300608,20.83,United States
2341,Altimmune,ALT,571882048,2.94,United States
2342,Rayonier Advanced Materials,RYAM,569564224,8.42,United States
2343,Home Bancorp,HBCP,566379136,71.96,United States
2344,Bit Digital,BTBT,566194624,1.57,United States
2345,The Elmet Group,ELMT,564071168,18.815,United States
2346,ARS Pharmaceuticals,SPRY,561877504,5.65,United States
2347,Prime Medicine,PRME,560454464,3.09,United States
2348,Artiva Biotherapeutics,ARTV,559791872,11.45,United States
2349,Kelly Services,KELYA,557795008,16.06,United States
2350,Columbus McKinnon,CMCO,555636672,19.25,United States
2351,W&amp;T Offshore,WTI,553960640,3.67,United States
2352,Solid Power,SLDP,552198592,2.42,United States
2353,Tactile Medical,TCMD,548185344,24.2,United States
2354,MapLight Therapeutics,MPLT,544939520,11.75,United States
2355,ARKO Corp.,ARKO,544100736,4.85,United States
2356,GAMCO Investors,GAMI,543811776,25.32,United States
2357,Investors Title Company,ITIC,543195328,287.71,United States
2358,Bankwell Financial Group,BWFG,543130432,68.13,United States
2359,Oxford Industries,OXM,543037952,36.37,United States
2360,Limbach Holdings,LMB,542885376,45.54,United States
2361,York Water,YORW,540574080,33.31,United States
2362,Spire Global,SPIR,540026112,13.95,United States
2363,Olympic Steel,ZEUS,538983936,47.86,United States
2364,Oil States International,OIS,538681024,8.93,United States
2365,Evolus,EOLS,538641344,8.155,United States
2366,ASP Isotopes,ASPI,537607744,4.27,United States
2367,Gray Media,GTN,537578432,5.22,United States
2368,Ur-Energy,URG,537116032,1.35,United States
2369,Contineum Therapeutics,CTNM,533843840,14.19,United States
2370,Brandywine Realty Trust,BDN,533800096,3.09,United States
2371,Zura Bio,ZURA,533768288,5.57,United States
2372,Aquestive Therapeutics,AQST,533424512,4.25,United States
2373,Evommune,EVMN,531679424,14.65,United States
2374,Sierra Bancorp,BSRR,531628896,41.01,United States
2375,ProKidney,PROK,530912832,1.33,United States
2376,One Liberty Properties,OLP,530648000,24.23,United States
2377,Evolent Health,EVH,529117664,4.68,United States
2378,Ovid Therapeutics,OVID,528191456,2.83,United States
2379,Orange County Bancorp,OBT,525458048,39.19,United States
2380,Flushing Financial Corp,FFIC,524179680,15.47,United States
2381,Strata Critical Medical,SRTA,521954176,5.9,United States
2382,C4 Therapeutics,CCCC,521626560,4.24,United States
2383,SandRidge Energy,SD,520166400,14.03,United States
2384,The Honest Company,HNST,519256384,4.84,United States
2385,AMERISAFE,AMSF,517159296,27.65,United States
2386,Veradigm,MDRX,516615808,4.74,United States
2387,The Oncology Institute,TOI,512912480,5.13,United States
2388,Quad,QUAD,512501632,9.94,United States
2389,Relmada Therapeutics,RLMD,512015296,4.8,United States
2390,Wabash National,WNC,511658912,12.56,United States
2391,Fulgent Genetics,FLGT,510683808,18.56,United States
2392,Eagle Point Credit Company,ECC,510325824,3.86,United States
2393,AMC Networks,AMCX,509849632,12.36,United States
2394,"Deep Fission, Inc.",FISN,508947296,8.64,United States
2395,Universal Logistics Holdings,ULH,508634976,19.29,United States
2396,West Bancorporation,WTBA,508414880,29.83,United States
2397,Gemini Space Station,GEMI,508236640,3.92,United States
2398,NeuroPace,NPCE,506969504,14.77,United States
2399,Cooper Standard,CPS,505533984,28.45,United States
2400,Kyverna Therapeutics,KYTX,505260928,8.17,United States
2401,Johnson Outdoors,JOUT,504910496,48.18,United States
2402,Idaho Strategic Resources,IDR,504696544,31.89,United States
2403,Virgin Galactic,SPCE,503298400,3.32,United States
2404,Ponce Financial Group,PDLB,502140800,20.76,United States
2405,Bank7,BSVN,498107008,52.29,United States
2406,"ERock, Inc.",EROC,494265504,10.26,United States
2407,Intrepid Potash,IPI,492783392,36.62,United States
2408,OmniAb,OABI,491419584,3.38,United States
2409,KKR Real Estate Finance Trust,KREF,489969152,7.62,United States
2410,First Foundation,FFWM,489265120,5.9,United States
2411,ATN International,ATNI,488440448,31.71,United States
2412,Pangaea Logistics Solutions,PANL,487124864,7.44,United States
2413,BioAge Labs,BIOA,486507232,10.6,United States
2414,Aspen Aerogels,ASPN,485484384,5.85,United States
2415,Zion Oil &amp; Gas,ZNOG,485348800,0.41,United States
2416,Commercial Bancgroup,CBK,483654816,35.3,United States
2417,Farmers &amp; Merchants Bancorp,FMAO,483401088,35.11,United States
2418,Summit Midstream,SMC,481875264,34.96,United States
2419,Build-A-Bear Workshop,BBW,480685568,38.34,United States
2420,IBEX,IBEX,479732064,35.83,United States
2421,Stitch Fix,SFIX,478998816,3.59,United States
2422,Ranpak,PACK,477673664,5.57,United States
2423,Diamond Hill Investment Group,DHIL,473290400,174.99,United States
2424,El Pollo Loco,LOCO,473275328,15.54,United States
2425,Shoe Carnival,SCVL,473247296,17.43,United States
2426,BlossomHill Therapeutics,BLSM,470533184,16.18,United States
2427,Swarmer,SWMR,469446368,41.6,United States
2428,NRC Health,NRC,469132128,21.19,United States
2429,Vital Farms,VITL,467953536,10.9,United States
2430,RBB Bancorp,RBB,466711456,27.59,United States
2431,Calavo Growers,CVGW,466334752,26.09,United States
2432,Cabaletta Bio,CABA,466249952,2.75,United States
2433,American Coastal Insurance Corporation,ACIC,466077408,9.86,United States
2434,Citizens &amp; Northern Corp,CZNC,465947872,25.98,United States
2435,Rimini Street,RMNI,465846432,4.99,United States
2436,Havertys,HVT,463385216,28.79,United States
2437,AdvanSix,ASIX,460100224,17.04,United States
2438,Everspin Technologies,MRAM,459728128,18.88,United States
2439,Valhi,VHI,458780128,16.21,United States
2440,Bank of Marin Bancorp,BMRC,458135296,28.29,United States
2441,Ocugen,OCGN,457799040,1.35,United States
2442,LendingTree,TREE,457549280,32.59,United States
2443,Ginkgo Bioworks,DNA,457240512,6.79,United States
2444,iHeartMedia,IHRT,456628064,2.95,United States
2445,i3 Verticals,IIIV,456400928,16.34,United States
2446,Puma Biotechnology,PBYI,455805152,8.83,United States
2447,Eventbrite,EB,452958144,4.51,United States
2448,Larimar Therapeutics,LRMR,452929600,4.36,United States
2449,Priority Technology Holdings,PRTH,452597600,5.49,United States
2450,Q32 Bio,QTTB,451007392,15.15,United States
2451,Caleres,CAL,449094880,13.37,United States
2452,Sight Sciences,SGHT,448416288,8.14,United States
2453,Hamilton Beach Brands,HBB,448167360,33.34,United States
2454,Acacia Research,ACTG,447923456,4.59,United States
2455,Dine Brands Global,DIN,446994592,35.31,United States
2456,Gladstone Capital Corporation,GLAD,446439040,19.76,United States
2457,WideOpenWest,WOW,445855520,5.2,United States
2458,Titan International,TWI,445342240,6.9,United States
2459,Magnera,MAGN,444287968,12.48,United States
2460,Rezolute,RZLT,442944704,4.6,United States
2461,Prelude Therapeutics,PRLD,442031456,5.55,United States
2462,Tejon Ranch,TRC,441800608,16.35,United States
2463,International Money Express,IMXI,440787648,14.59,United States
2464,Andersen Group,ANDG,440472992,34.82,United States
2465,Plumas Bancorp,PLBC,438974752,63.08,United States
2466,Weave Communications,WEAV,436795200,5.46,United States
2467,Farmland Partners,FPI,435723456,9.92,United States
2468,Chaince Digital Holdings,CD,435615040,3.96,United States
2469,Editas Medicine,EDIT,433095680,2.82,United States
2470,Serve Robotics,SERV,432670432,4.99,United States
2471,Weyco Group,WEYS,432277472,45.26,United States
2472,Shoulder Innovations,SI,431576960,20.73,United States
2473,Benitec Biopharma,BNTC,431490464,12.56,United States
2474,Community Healthcare Trust,CHCT,430862624,15.08,United States
2475,Marqeta,MQ,430390752,4.06,United States
2476,Titan Machinery,TITN,429226144,18.42,United States
2477,Cross Country Healthcare,CCRN,428060928,13.25,United States
2478,Investar Holding,ISTR,426398976,30.95,United States
2479,Energy Recovery,ERII,426224736,8.35,United States
2480,FRP Holdings,FRPH,424429888,22.14,United States
2481,PureTech Health,PRTC,424034496,17.42,United States
2482,Community Health Systems,CYH,423028096,3.0,United States
2483,Pioneer Bancorp,PBFS,421211232,17.42,United States
2484,Orthofix Medical,OFIX,421175168,10.34,United States
2485,Barnes &amp; Noble Education,BNED,420570560,12.14,United States
2486,Advantage Solutions,ADV,420312672,32.78,United States
2487,Boston Omaha,BOC,419964320,13.94,United States
2488,X4 Pharmaceuticals,XFOR,418399232,4.22,United States
2489,Gevo,GEVO,417830720,1.69,United States
2490,PowerFleet,AIOT,417442592,3.11,United States
2491,Envela Corporation,ELA,416194528,16.03,United States
2492,Bumble,BMBL,415217440,2.71,United States
2493,Star Group,SGU,414733792,12.64,United States
2494,Bed Bath &amp; Beyond,BBBY,414399584,4.35,United States
2495,908 Devices,MASS,413750400,10.01,United States
2496,AIAI Holdings Corporation,AIAI,413446272,5.88,United States
2497,Parke Bancorp,PKBK,413180448,35.13,United States
2498,Primis Financial,FRST,413152544,16.66,United States
2499,Senseonics Holdings,SENS,412946336,7.81,United States
2500,Innovative Aerosystems,ISSC,411680960,23.0,United States
2501,Atea Pharmaceuticals,AVIR,410648032,5.12,United States
2502,Radiant Logistics,RLGT,407903808,8.71,United States
2503,L.B. Foster,FSTR,407535648,38.74,United States
2504,Aimco,AIV,407283392,2.64,United States
2505,Xerox,XRX,407074976,3.1,United States
2506,Ranger Energy Services,RNGR,406961184,17.39,United States
2507,Cerence,CRNC,406620000,8.99,United States
2508,Compass Therapeutics,CMPX,405197824,2.25,United States
2509,Clean Energy Fuels,CLNE,403414368,1.83,United States
2510,ThredUp,TDUP,403194304,3.07,United States
2511,Richtech Robotics,RR,402472736,1.8,United States
2512,Orion Group Holdings,ORN,402118208,9.93,United States
2513,First Bancorp,FNLC,401876928,35.62,United States
2514,Acco Brands,ACCO,400614848,4.34,United States
2515,PCB Bancorp,PCB,399288032,28.43,United States
2516,loanDepot,LDI,398415584,0.8966,United States
2517,MVB Financial,MVBF,398232128,30.71,United States
2518,Lexeo Therapeutics,LXEO,397103904,4.84,United States
2519,Nathan's Famous,NATH,397034464,96.97,United States
2520,First Carolina Financial Services,FCBM,395506464,12.73,United States
2521,TruBridge,TBRG,393577312,26.24,United States
2522,Newegg,NEGG,392203040,18.7,United States
2523,Clearfield,CLFD,391082080,28.79,United States
2524,Scribe Therapeutics,SCTX,391058720,20.73,United States
2525,"Mobia Medical, Inc.",MOBI,391008320,11.76,United States
2526,Genesco,GCO,390854368,35.19,United States
2527,NexPoint Real Estate Finance,NREF,390428672,16.95,United States
2528,Lifeway Foods,LWAY,390056192,25.82,United States
2529,Upstream Bio,UPB,387231264,7.07,United States
2530,ZipRecruiter,ZIP,386462944,4.7,United States
2531,Capricor Therapeutics,CAPR,386424768,6.65,United States
2532,CompX International,CIX,384479392,31.2,United States
2533,Lands' End,LE,383646016,12.48,United States
2534,Gogo Inflight Internet,GOGO,383487232,2.83,United States
2535,Enanta Pharmaceuticals,ENTA,383290272,13.16,United States
2536,Genie Energy,GNE,382687328,14.54,United States
2537,M-tron Industries,MPTI,382620576,88.54,United States
2538,Waterstone Financial,WSBF,382191616,21.26,United States
2539,Rocket Pharmaceuticals,RCKT,380917856,3.47,United States
2540,"Merlin, Inc.",MRLN,379509536,3.755,United States
2541,MGP Ingredients,MGPI,379457408,17.72,United States
2542,Ribbon Communications,RBBN,377317280,2.11,United States
2543,Holley,HLLY,377038176,3.11,United States
2544,NewtekOne,NEWT,376079232,13.02,United States
2545,OPAL Fuels,OPAL,375726656,2.15,United States
2546,Portillo's,PTLO,374196384,5.16,United States
2547,Foghorn Therapeutics,FHTX,371752096,6.26,United States
2548,Open Lending,LPRO,371532640,3.14,United States
2549,Simulations Plus,SLP,371125792,18.35,United States
2550,CION Investment Corporation,CION,369933792,7.43,United States
2551,Artesian Resources,ARTNA,369504384,35.78,United States
2552,Perma-Fix Environmental Services,PESI,368562784,17.37,United States
2553,Perspective Therapeutics,CATX,365285344,3.2,United States
2554,Orion S.A.,OEC,364006176,6.44,United States
2555,Southern States Bancshares,SSBK,361068608,36.37,United States
2556,Monro,MNRO,358714112,11.48,United States
2557,Gladstone Land,LAND,358464928,8.31,United States
2558,Timberland Bancorp,TSBK,358069504,46.05,United States
2559,Pacific Biosciences,PACB,357455360,1.15,United States
2560,Ring Energy,REI,356939264,1.37,United States
2561,"TWFG, Inc.",TWFG,356770720,27.45,United States
2562,Rocky Brands,RCKY,355899840,47.53,United States
2563,Syntec Optics,OPTX,354865760,8.81,United States
2564,Oportun Financial,OPRT,354561728,7.71,United States
2565,Dave & Buster's,PLAY,354496800,10.19,United States
2566,Twin Disc,TWIN,353936192,24.54,United States
2567,Value Line,VALU,352678528,37.57,United States
2568,Blend Labs,BLND,352404832,1.49,United States
2569,Presidio Production Company,FTW,351510144,11.22,United States
2570,Alpine Income Property Trust,PINE,350534144,19.75,United States
2571,Viemed Healthcare,VMD,350411680,9.2,United States
2572,Strattec Security,STRT,348261088,83.34,United States
2573,ON24,ONTF,348249024,8.1,United States
2574,Galectin Therapeutics,GALT,346922784,3.44,United States
2575,The RMR Group,RMR,346045376,20.26,United States
2576,Clearwater Paper,CLW,345402912,21.42,United States
2577,Civeo,CVEO,344114048,33.29,United States
2578,Funko,FNKO,343814016,6.14,United States
2579,Nano Dimension,NNDM,343667584,1.63,United States
2580,Paysafe,PSFE,343130976,6.64,United States
2581,Abeona Therapeutics,ABEO,342246336,5.985,United States
2582,Bakkt Holdings,BKKT,342007968,7.65,United States
2583,Horizon Technology Finance,HRZN,341988192,5.01,United States
2584,Lyell Immunopharma,LYEL,341846688,13.95,United States
2585,CAMP4 Therapeutics,CAMP,341377408,5.44,United States
2586,Verano Holdings,VRNOF,340106912,0.94,United States
2587,American Battery Technology Company,ABAT,339671904,2.49,United States
2588,Sutro Biopharma,STRO,339582368,20.48,United States
2589,One Stop Systems,OSS,339435168,13.61,United States
2590,Telos,TLS,339305024,4.54,United States
2591,BayCom (United Business Bank),BCML,339233440,31.065,United States
2592,Vista Gold,VGZ,337193792,2.31,United States
2593,Aeluma,ALMU,337184288,18.42,United States
2594,Matrix Service Company,MTRX,335074144,11.91,United States
2595,CoastalSouth Bancshares,COSO,332453152,27.81,United States
2596,Friedman Industries,FRD,330706464,45.85,United States
2597,Agenus,AGEN,329470816,7.32,United States
2598,Fossil Group,FOSL,329398944,5.57,United States
2599,Xperi,XPER,328722080,6.74,United States
2600,CPI Card Group,PMTS,328624064,28.5,United States
2601,John Marshall Bancorp,JMSB,328107104,23.25,United States
2602,Onity Group,ONIT,327664288,39.22,United States
2603,Immuneering,IMRX,327368832,5.06,United States
2604,SuRo Capital,SSSS,326920416,12.54,United States
2605,Jack in the Box,JACK,326624000,17.03,United States
2606,Palladyne AI,PDYN,326127584,6.61,United States
2607,PrimeEnergy Resources,PNRG,325185632,200.98,United States
2608,TriSalus Life Sciences,TLSI,324498144,5.27,United States
2609,Alto Ingredients,ALTO,324236160,4.18,United States
2610,Movano,MOVE,323890912,11.72,United States
2611,CapsoVision,CV,323303040,6.46,United States
2612,Microvast,MVST,322432192,0.8385,United States
2613,Repay Holdings,RPAY,322397824,3.66,United States
2614,"NN, Inc.",NNBR,322065376,3.9,United States
2615,NACCO Industries,NC,321791072,42.64,United States
2616,E. W. Scripps Company,SSP,319708032,3.45,United States
2617,Lightbridge Corporation,LTBR,316520864,8.45,United States
2618,Vanda Pharmaceuticals,VNDA,315615232,5.22,United States
2619,Transcontinental Realty Investors,TCI,315073088,35.91,United States
2620,NL Industries,NL,314907872,6.44,United States
2621,Zumiez,ZUMZ,314498080,18.64,United States
2622,Sanara MedTech,SMTI,313771424,34.15,United States
2623,NI Holdings,NODK,312192288,15.3,United States
2624,Treace Medical Concepts,TMCI,311515488,4.79,United States
2625,TrueBlue,TBI,311445632,10.23,United States
2626,First Western Financial,MYFW,309652224,31.71,United States
2627,Regional Management Corp.,RM,309064096,33.5,United States
2628,KinderCare Learning Companies,KLC,308144256,2.6,United States
2629,American Resources Corp,AREC,308077280,2.88,United States
2630,Fate Therapeutics,FATE,307938720,2.57,United States
2631,Chain Bridge Bancorp,CBNA,307421120,46.85,United States
2632,fuboTV,FUBO,306573376,10.15,United States
2633,Ready Capital,RC,306195328,1.85,United States
2634,Public Policy Holding Company,PPHC,305791296,10.12,United States
2635,Gloo Holdings,GLOO,304751552,3.48,United States
2636,Saratoga Investment,SAR,303929312,18.9,United States
2637,Maui Land &amp; Pineapple Company,MLP,303531168,15.28,United States
2638,Rare Earths Americas,REA,301396256,15.14,United States
2639,Flexsteel Industries,FLXS,300743040,73.79,United States
2640,Neumora Therapeutics,NMRA,300633440,1.6,United States
2641,8x8,EGHT,300425824,2.08,United States
2642,BRC Group Holdings,RILY,299488160,7.45,United States
2643,Designer Brands,DBI,299076992,5.89,United States
2644,Richardson Electronics,RELL,298845312,20.34,United States
2645,Anavex Life Sciences,AVXL,298483840,3.22,United States
2646,Alico,ALCO,297335936,40.08,United States
2647,Princeton Bancorp,BPRN,296169856,43.47,United States
2648,B&amp;G Foods,BGS,294217920,3.62,United States
2649,Jakks Pacific,JAKK,294136832,25.7,United States
2650,Cadiz Inc.,CDZI,293829440,3.47,United States
2651,Sionna Therapeutics,SION,292072096,6.46,United States
2652,Entrada Therapeutics,TRDA,290467552,7.46,United States
2653,Runway Growth Finance,RWAY,290016544,6.92,United States
2654,Myriad Genetics,MYGN,289818432,3.03,United States
2655,Omega Flex,OFLX,289404224,28.67,United States
2656,Embecta,EMBC,288963968,5.1,United States
2657,Lantronix,LTRX,288617600,6.47,United States
2658,Alliance Entertainment,AENT,288418688,5.66,United States
2659,Anika Therapeutics,ANIK,287733760,21.5,United States
2660,Eledon Pharmaceuticals,ELDN,287664480,3.54,United States
2661,C&amp;F Financial Corporation,CFFI,287416960,88.39,United States
2662,Cresco Labs,CRLBF,287080832,0.771,United States
2663,Aviat Networks,AVNW,286609088,22.15,United States
2664,RxSight,RXST,286577536,6.89,United States
2665,Duos Technologies Group,DUOT,286174208,9.11,United States
2666,CS Disco,LAW,285646976,4.4,United States
2667,SmartRent,SMRT,285501568,1.49,United States
2668,Fulcrum Therapeutics,FULC,285351744,3.74,United States
2669,Turn Therapeutics,TTRX,285071520,9.57,United States
2670,Kingstone Companies,KINS,285035072,19.69,United States
2671,LCNB Corp.,LCNB,282961504,19.85,United States
2672,J.Jill,JILL,282581728,18.9,United States
2673,Amtech Systems,ASYS,280829952,16.04,United States
2674,AerSale,ASLE,280156096,5.87,United States
2675,Marine Products Corporation,MPX,280037408,8.18,United States
2676,Ames National Corp.,ATLO,279888160,31.6,United States
2677,Standard BioTools,LAB,279673152,0.7124,United States
2678,TechTarget,TTGT,278480704,3.85,United States
2679,Western New England Bancorp,WNEB,277835776,13.86,United States
2680,Escalade Sports,ESCA,276216288,20.065,United States
2681,Tredegar,TG,276167200,7.93,United States
2682,Hawthorn Bancshares,HWBK,275337056,39.9,United States
2683,Middlefield Banc,MBCN,273627936,33.67,United States
2684,"TSS, Inc.",TSSI,273160608,9.68,United States
2685,NexPoint Diversified Real Estate Trust,NXDT,271371808,5.11,United States
2686,Pure Cycle (water),PCYO,271336384,11.26,United States
2687,ALX Oncology,ALXO,271022912,1.96,United States
2688,Lineage Cell Therapeutics,LCTX,270610976,1.07,United States
2689,National Bankshares,NKSH,270084256,42.41,United States
2690,BRT Apartments,BRT,269871424,14.36,United States
2691,National CineMedia,NCMI,269041440,2.86,United States
2692,MacroGenics,MGNX,268584896,4.22,United States
2693,Montauk Renewables,MNTK,267601328,1.88,United States
2694,SEACOR Marine,SMHI,267529648,9.86,United States
2695,Cartesian Therapeutics,RNAC,267457312,8.84,United States
2696,Nature's Sunshine Products,NATR,266044256,15.12,United States
2697,The Hackett Group,HCKT,265198112,10.66,United States
2698,Orchestra BioMed,OBIO,265063248,4.41,United States
2699,OraSure Technologies,OSUR,264839504,3.84,United States
2700,Gencor Industries,GENC,263838640,18.0,United States
2701,MBIA,MBI,263755024,5.17,United States
2702,Sidus Space,SIDU,263185840,2.6,United States
2703,Comstock Inc.,LODE,262659280,3.46,United States
2704,Infinity Natural Resources,INR,262479760,14.08,United States
2705,Ares Commercial Real Estate,ACRE,261870832,4.72,United States
2706,Vuzix,VUZI,261684112,3.1,United States
2707,"1-800-Flowers.com, Inc.",FLWS,261521808,4.08,United States
2708,Slam Corp,SLMWF,261266432,11.14,United States
2709,Chicago Atlantic Real Estate Finance,REFI,260054624,10.15,United States
2710,Outdoor Holding Company,POWW,259874400,2.24,United States
2711,Claros Mortgage Trust,CMTG,256773264,1.82,United States
2712,Richmond Mutual Bancorporation,RMBI,255319280,15.92,United States
2713,Zentalis Pharmaceuticals,ZNTL,255152000,3.56,United States
2714,Whitehawk Therapeutics,WHWK,254260176,4.46,United States
2715,Virginia National Bankshares,VABK,253848944,46.79,United States
2716,First Internet Bancorp,INBK,253797648,29.06,United States
2717,Biodesix,BDSX,253226832,24.0,United States
2718,LoveSac,LOVE,253098256,17.29,United States
2719,OpGen,OPGN,251197920,24.75,United States
2720,Limoneira,LMNR,251128320,13.85,United States
2721,Pyxis Oncology,PYXS,251058224,3.01,United States
2722,Optimum Communications,OPTU,250869328,0.9204,United States
2723,Stellus Capital Investment Corporation,SCM,250053824,8.78,United States
2724,Information Services Group,III,249813472,5.16,United States
2725,RCM Technologies,RCMT,249232096,35.05,United States
2726,Immersion Corporation,IMMR,248939248,7.5,United States
2727,Kaltura,KLTR,248658480,1.63,United States
2728,RideNow Group,RDNW,247720400,6.35,United States
2729,Global Water Resources,GWRS,247640032,8.6,United States
2730,InfuSystem,INFU,247629520,12.27,United States
2731,AirSculpt Technologies,AIRS,247286576,3.43,United States
2732,USANA,USNA,247031264,13.37,United States
2733,Greenwich LifeSciences,GLSI,246593888,16.8,United States
2734,LiveWire Group,LVWR,246494960,1.2,United States
2735,Silvaco Group,SVCO,246010624,7.26,United States
2736,FutureFuel,FF,245195968,5.59,United States
2737,U.S. Gold Corp,USAU,245042272,14.85,United States
2738,Asure Software,ASUR,244607920,8.47,United States
2739,Huuuge,HUG.WA,244063156,5.9348,United States
2740,PennantPark Investment,PNNT,242901472,3.72,United States
2741,Third Harmonic Bio,THRD,242787568,5.38,United States
2742,AVITA Medical,RCEL,242775760,7.85,United States
2743,American Realty Investors,ARL,242280640,15.0,United States
2744,Akebia Therapeutics,AKBA,241858320,0.8728,United States
2745,Xponential Fitness,XPOF,241147792,4.87,United States
2746,"QumulusAI, Inc.",QMLS,240593264,7.32,United States
2747,Niagen Bioscience,NAGE,240525872,3.02,United States
2748,FreightCar America,RAIL,240032176,7.32,United States
2749,Hudson Technologies,HDSN,238642064,5.67,United States
2750,Peoples Bancorp of North Carolina,PEBK,238608304,44.84,United States
2751,Conexeu Sciences,CNXU,238149120,8.9,United States
2752,Alta Equipment Group,ALTG,236834816,7.25,United States
2753,Conduent,CNDT,236391616,1.52,United States
2754,Silver Bow Mining,SBMT,236228000,8.0,United States
2755,RCI Hospitality Holdings,RICK,236201808,30.87,United States
2756,Motorcar Parts of America,MPAA,235907776,12.46,United States
2757,Emergent BioSolutions,EBS,235344624,4.59,United States
2758,Protara Therapeutics,TARA,234609088,3.97,United States
2759,Arcturus Therapeutics,ARCT,233921840,8.23,United States
2760,Quicklogic,QUIK,233712160,12.76,United States
2761,Nu Skin,NUS,233647840,4.8,United States
2762,HireQuest,HQI,233636832,16.82,United States
2763,OP Bancorp (Open Bank),OPBK,233396768,15.63,United States
2764,Beyond Meat,BYND,231602720,13.47,United States
2765,Acme United,ACU,231562912,60.4,United States
2766,Organogenesis,ORGO,230327424,1.79,United States
2767,Neuronetics,STIM,229639872,3.3,United States
2768,Spok Holdings,SPOK,229262768,10.96,United States
2769,Franklin Covey,FC,228700928,20.25,United States
2770,Turtle Beach Corp,TBCH,228348832,12.75,United States
2771,"AstroNova, Inc.",ALOT,226689120,28.91,United States
2772,Utah Medical Products,UTMD,226051072,71.0,United States
2773,AN2 Therapeutics,ANTX,226040048,5.99,United States
2774,Lifetime Brands,LCUT,225980256,9.83,United States
2775,RGC Resources,RGCO,224437248,21.54,United States
2776,SES AI,SES,223143728,0.601,United States
2777,Streamex Corp.,STEX,221878672,1.04,United States
2778,Octave Specialty Group,OSG,220752288,4.9,United States
2779,Immunic,IMUX,219130128,16.06,United States
2780,Torrid Holding,CURV,218944848,2.2,United States
2781,Alector,ALEC,218847568,1.96,United States
2782,Minerva Neurosciences,NERV,218683824,4.58,United States
2783,Atomera,ATOM,218534624,5.6,United States
2784,Tonix Pharmaceuticals,TNXP,217989520,12.71,United States
2785,Perma-Pipe International,PPIH,217931616,26.82,United States
2786,Chicago Atlantic BDC,LIEN,217918432,9.52,United States
2787,Core Molding Technologies,CMT,216737088,25.31,United States
2788,Forrester Research,FORR,216663824,11.38,United States
2789,Smart Sand,SND,216235200,5.1,United States
2790,CARGO Therapeutics,CRGX,216188416,4.47,United States
2791,Crexendo,CXDO,215562224,6.65,United States
2792,SIGA Technologies,SIGA,215549136,3.0,United States
2793,Modiv Industrial,MDV,215101808,18.05,United States
2794,TPG Mortgage Investment Trust,MITT,214991504,6.76,United States
2795,Pro-Dex,PDEX,213978704,67.02,United States
2796,NeoVolta,NEOV,213673600,3.63,United States
2797,Black Rifle Coffee Company (BRCC),BRCC,212569136,0.8493,United States
2798,Invivyd,IVVD,212491584,0.7209,United States
2799,EVI Industries,EVI,210924752,16.39,United States
2800,CuriosityStream,CURI,210650000,3.55,United States
2801,Shutterstock,SSTK,210232320,5.69,United States
2802,Ohio Valley Banc Corp,OVBC,209969360,44.57,United States
2803,Expensify,EXFY,209729328,2.3,United States
2804,Unisys,UIS,208539616,2.86,United States
2805,American Well,AMWL,208020608,12.45,United States
2806,Superior Group of Companies,SGC,207765968,13.03,United States
2807,Angel Oak Mortgage REIT,AOMR,207308848,8.93,United States
2808,PepGen,PEPG,207085968,2.99,United States
2809,Soluna Holdings,SLNH,206649040,1.31,United States
2810,eGain,EGAN,205875600,7.5,United States
2811,Kolibri Global Energy,KGEI,205590080,5.77,United States
2812,Vogenx,VOGX,205525392,14.78,United States
2813,Precision BioSciences,DTIL,205079536,7.43,United States
2814,Stoneridge,SRI,205079472,7.19,United States
2815,Voyager Therapeutics,VYGR,201490688,3.27,United States
2816,Citizens Inc,CIA,201053136,3.97,United States
2817,Keros Therapeutics,KROS,200254608,10.1,United States
2818,Rhinebeck Bancorp,RBKB,198605600,12.7,United States
2819,OneWater Marine,ONEW,198320864,11.9,United States
2820,GrafTech,EAF,198224400,7.61,United States
2821,Amplify Energy,AMPY,198161824,4.78,United States
2822,Lucid Diagnostics,LUCD,196679184,0.9677,United States
2823,Landmark Bancorp,LARK,196376176,32.19,United States
2824,Cable One,CABO,195636928,34.48,United States
2825,Korro Bio,KRRO,195556576,13.28,United States
2826,Corbus Pharmaceuticals,CRBP,195153632,10.09,United States
2827,"Owlet, Inc.",OWLT,194616352,6.66,United States
2828,Hanover Bancorp,HNVR,194235824,27.53,United States
2829,Acumen Pharmaceuticals,ABOS,193087168,2.67,United States
2830,SWK Holdings,SWKH,192326064,15.9,United States
2831,"Belpointe PREP, LLC",OZ,191576256,47.26,United States
2832,flyExclusive,FLYX,191534800,1.26,United States
2833,Angi Inc.,ANGI,190914624,4.72,United States
2834,Lee Enterprises,LEE,190151136,8.53,United States
2835,FinWise Bancorp,FINW,189984992,13.88,United States
2836,Red Robin,RRGB,187586480,10.14,United States
2837,Tharimmune,THAR,187371472,4.74,United States
2838,Westwood Holdings Group,WHG,185614320,19.45,United States
2839,Coherus BioSciences,CHRS,185401152,1.2,United States
2840,Journey Medical,DERM,185032160,6.72,United States
2841,United Security Bancshares,UBFO,185027760,10.51,United States
2842,Douglas Elliman,DOUG,184507648,2.03,United States
2843,"Domo, Inc.",DOMO,183911392,3.91,United States
2844,Oramed Pharmaceuticals,ORMP,183348832,4.48,United States
2845,Wheels Up,UP,182467488,5.03,United States
2846,ECB Bancorp,ECBK,181482080,20.77,United States
2847,Commerce.com,CMRC,181461200,2.19,United States
2848,GCT Semiconductor,GCTS,181180368,1.97,United States
2849,BV Financial,BVFL,179576816,21.2,United States
2850,inTEST Corporation,INTT,179176240,13.97,United States
2851,Lifecore Biomedical,LFCR,178666432,4.72,United States
2852,Taylor Devices,TAYD,178210048,55.36,United States
2853,MainStreet Bancshares,MNSB,177029952,24.86,United States
2854,Seven Hills Realty Trust,SEVN,175815264,7.76,United States
2855,Waldencast,WALD,173150832,1.35,United States
2856,NET Power,NPWR,172537328,1.95,United States
2857,DHI Group,DHX,171091312,3.94,United States
2858,Codexis,CDXS,170828992,1.56,United States
2859,SB Financial Group,SBFG,170331504,27.24,United States
2860,Armata Pharmaceuticals,ARMP,169549824,4.56,United States
2861,Epsilon Energy,EPSN,168787280,5.58,United States
2862,Digimarc,DMRC,168724176,7.53,United States
2863,Humacyte,HUMA,168012288,0.6048,United States
2864,Tingo Group,TIO,166947568,0.69,United States
2865,Nkarta,NKTX,166885760,2.33,United States
2866,LifeMD,LFMD,166292880,3.45,United States
2867,Jeld-Wen,JELD,166272048,1.93,United States
2868,PEDEVCO,PED,166136272,12.5,United States
2869,Bassett Furniture,BSET,165546112,19.12,United States
2870,Ellington Credit Company,EARN,165302720,4.4,United States
2871,1stdibs.com,DIBS,164714928,4.9,United States
2872,OptimizeRx,OPRX,164249504,8.72,United States
2873,Inspired Entertainment,INSE,163949072,6.22,United States
2874,Orion Properties,ONL,163718320,2.87,United States
2875,Tenaya Therapeutics,TNYA,163261872,0.7281,United States
2876,KORE Group,KORE,163005168,9.25,United States
2877,BCB Bancorp,BCBP,162916400,9.0,United States
2878,Quipt Home Medical,QIPT,162297152,3.65,United States
2879,Quantum-Si,QSI,161930304,0.7398,United States
2880,OnKure Therapeutics,OKUR,161177968,3.99,United States
2881,Mammoth Energy Services,TUSK,159783568,3.32,United States
2882,Hooker Furnishings,HOFT,157580000,14.67,United States
2883,Oxford Square Capital,OXSQ,157253360,1.46,United States
2884,KORU Medical Systems,KRMD,156984480,3.4,United States
2885,SITE Centers,SITC,155327008,2.96,United States
2886,DMC Global,BOOM,155084160,7.55,United States
2887,ReposiTrak,TRAK,154838768,8.52,United States
2888,Proficient Auto Logistics,PAL,154291088,5.5,United States
2889,Stratus Properties,STRS,154226208,19.32,United States
2890,"Suja Life, Inc.",SUJA,154150784,6.48,United States
2891,Shimmick,SHIM,153355904,3.71,United States
2892,Duluth Holdings,DLTH,153148352,4.03,United States
2893,The Eastern Company,EML,152906144,25.41,United States
2894,Inogen,INGN,152595424,5.75,United States
2895,Assertio Holdings,ASRT,151861232,23.5,United States
2896,WhiteHorse Finance,WHF,151838656,7.07,United States
2897,SKYX Platforms,SKYX,151682704,1.12,United States
2898,Spruce Biosciences,SPRB,151288048,52.64,United States
2899,PLBY Group (Playboy),PLBY,150957680,1.26,United States
2900,ChargePoint,CHPT,150892336,6.18,United States
2901,Smith-Midland Corporation,SMID,149697888,28.21,United States
2902,Equillium,EQ,149643056,2.36,United States
2903,Braemar Hotels &amp; Resorts,BHR,149053392,2.03,United States
2904,LENZ Therapeutics,LENZ,148618224,4.73,United States
2905,TON Strategy Co.,TONX,148143648,2.69,United States
2906,Hurco Companies,HURC,145846768,22.52,United States
2907,RGP (Resources Connection),RGP,145524304,4.225,United States
2908,KVH Industries,KVHI,144764880,7.98,United States
2909,Elme Communities,ELME,143949760,1.62,United States
2910,Aardvark Therapeutics,AARD,143126896,6.54,United States
2911,Clipper Realty,CLPR,141866368,3.34,United States
2912,Outlook Therapeutics,OTLK,141444528,0.7564,United States
2913,Insight Molecular Diagnostics,IMDX,141368912,4.32,United States
2914,Affinity Bancshares,AFBI,140182352,23.0,United States
2915,NRx Pharmaceuticals,NRXP,139957376,3.27,United States
2916,Clarus,CLAR,139751776,3.65,United States
2917,Health Catalyst,HCAT,139224320,1.85,United States
2918,Skillz,SKLZ,137970800,8.84,United States
2919,Stereotaxis,STXS,137487408,1.38,United States
2920,First Guaranty Bancshares,FGBI,137439872,8.31,United States
2921,MaxCyte,MXCT,136232192,1.32,United States
2922,Legacy Education,LGCY,135882880,10.74,United States
2923,NCS Multistage,NCSM,135648480,51.685,United States
2924,"Nerdy, Inc,",NRDY,135487344,0.7071,United States
2925,Lake Shore Bancorp,LSBK,134771008,17.16,United States
2926,Commercial Vehicle Group (CVG),CVGI,132462536,3.26,United States
2927,Vaxart,VXRT,130704216,0.54,United States
2928,Getty Images,GETY,129463176,0.3075,United States
2929,Fluent,FLNT,129431008,4.095,United States
2930,SelectQuote,SLQT,128522256,0.7288,United States
2931,Medifast,MED,127907240,11.44,United States
2932,Seritage Growth Properties,SRG,127856856,2.27,United States
2933,Aemetis,AMTX,127740176,1.77,United States
2934,Apyx Medical,APYX,127635792,3.03,United States
2935,Broadwind,BWEN,127276664,5.38,United States
2936,Vivani Medical,VANI,126284704,1.4,United States
2937,Ultralife Corporation,ULBI,125141152,7.51,United States
2938,Oconee Federal Financial,OFED,125132624,21.5,United States
2939,Magyar Bancorp,MGYR,124730664,19.3,United States
2940,U.S. GoldMining,USGO,123935544,8.83,United States
2941,Polaryx Therapeutics,PLYX,123092568,2.6,United States
2942,Genelux,GNLX,122862744,2.74,United States
2943,Quanterix,QTRX,122489032,2.59,United States
2944,KULR Technology Group,KULR,122180048,2.64,United States
2945,Tillys,TLYS,121648800,3.99,United States
2946,Union Bankshares,UNB,121618896,24.59,United States
2947,Stabilis Solutions,SLNG,120504024,6.48,United States
2948,Fonar Corporation,FONR,120195888,19.09,United States
2949,Unifi,UFI,119887784,6.45,United States
2950,a.k.a. Brands,AKA,119582720,10.88,United States
2951,ALT5 Sigma,ALTS,119560224,0.855,United States
2952,The Joint Corp.,JYNT,119509648,8.45,United States
2953,vTv Therapeutics,VTVT,119092312,30.12,United States
2954,Sound Financial Bancorp,SFBC,118771992,46.25,United States
2955,Rent the Runway,RENT,118560088,3.53,United States
2956,Smith Douglas Homes,SDHC,117326920,13.98,United States
2957,Lakeland Industries,LAKE,116998936,11.855,United States
2958,Veritone,VERI,115525632,1.15,United States
2959,Seer Inc,SEER,115173792,2.08,United States
2960,Nautilus Biotechnology,NAUT,113354344,0.892,United States
2961,Inovio Pharmaceuticals,INO,112625200,1.09,United States
2962,Provident Financial Holdings,PROV,112441360,17.98,United States
2963,Coya Therapeutics,COYA,112363088,4.79,United States
2964,Tile Shop Holdings,TTSH,111899088,2.81,United States
2965,Venu Holding Corporation,VENU,111296896,1.98,United States
2966,GoPro,GPRO,109780136,0.595,United States
2967,First Northwest Bancorp,FNWB,109478688,11.51,United States
2968,Rani Therapeutics,RANI,109450784,0.7961,United States
2969,Cherry Hill Mortgage Investment,CHMI,109438984,2.92,United States
2970,Park Dental Partners,PARK,109228824,22.97,United States
2971,INNOVATE Corp.,VATE,108589256,7.96,United States
2972,Fractyl Health,GUTS,108242296,0.68,United States
2973,Anixa Biosciences,ANIX,108193344,3.18,United States
2974,AMC Robotics Corporation,AMCI,107554032,4.76,United States
2975,Noodles &amp; Company,NDLS,106922544,17.92,United States
2976,GrowGeneration,GRWG,106360896,1.77,United States
2977,Riverview Bancorp,RVSB,105843216,5.25,United States
2978,Wrap Technologies,WRAP,104787904,1.88,United States
2979,HilleVax,HLVX,104762376,2.09,United States
2980,Kewaunee Scientific Corporation,KEQU,104715000,36.505,United States
2981,Microbot Medical,MBOT,104105440,1.55,United States
2982,Logistic Properties of the Americas,LPA,103971528,3.28,United States
2983,Townsquare Media,TSQ,103920344,5.7,United States
2984,Synchronoss Technologies,SNCR,103560608,9.0,United States
2985,Rafael Holdings,RFL,103479992,1.99,United States
2986,Pulmonx,LUNG,102214040,2.42,United States
2987,Arq Inc.,ARQ,102184248,2.34,United States
2988,Pathfinder Bancorp,PBHC,102153528,16.27,United States
2989,Zevia,ZVIA,102095936,1.32,United States
2990,ACRES Commercial Realty,ACR,101618192,14.25,United States
2991,Team Inc,TISI,101118976,22.12,United States
2992,LENSAR,LNSR,100744088,8.2,United States
2993,AudioEye,AEYE,100431696,7.99,United States
2994,ReneSola,SOL,99563952,1.94,United States
2995,Solana Company,HSDT,99257352,1.7,United States
2996,HF Foods Group,HFFG,99177736,1.84,United States
2997,Rekor Systems,REKR,98231168,0.7137,United States
2998,Prairie Operating,PROP,97732176,1.0,United States
2999,Fortress Biotech,FBIO,97718408,2.93,United States
3000,Thryv,THRY,95988488,2.16,United States
3001,PodcastOne,PODC,95725624,3.17,United States
3002,Zomedica Pharmaceuticals,ZOM,95349136,0.0973,United States
3003,Virco Manufacturing,VIRC,95163736,6.05,United States
3004,DeFi Development,DFDV,95163216,3.07,United States
3005,Cullman Bancorp,CULL,94827296,16.5,United States
3006,BCP Investment Corporation,BCIC,94734936,7.65,United States
3007,Hyperfine,HYPR,94690856,0.8929,United States
3008,Atlas Lithium,ATLX,94665752,3.21,United States
3009,Aldeyra Therapeutics,ALDX,94109208,1.56,United States
3010,Martin Midstream Partners,MMLP,93899256,2.4,United States
3011,Comscore,SCOR,93580912,6.2,United States
3012,Vera Bradley,VRA,92993080,3.27,United States
3013,Tigo Energy,TYGO,92611168,1.22,United States
3014,New Fortress Energy,NFE,92574192,0.3241,United States
3015,Buzzfeed,BZFD,92501560,1.11,United States
3016,Sotherly Hotels,SOHO,91583664,2.25,United States
3017,Momentus Inc.,MNTS,91165352,4.84,United States
3018,Interlink Electronics,LINK,91113792,5.785,United States
3019,Rallybio,RLYB,90225376,16.99,United States
3020,Golden Matrix Group,GMGI,89996768,0.6372,United States
3021,Drilling Tools International,DTI,89969672,2.55,United States
3022,electroCore,ECOR,89888376,9.97,United States
3023,Surf Air Mobility,SRFM,89778088,0.7261,United States
3024,Ispire Technology,ISPR,88969064,1.55,United States
3025,PhenixFIN,PFX,88319824,45.7,United States
3026,Chegg,CHGG,87511864,0.7882,United States
3027,Summit State Bank,SSBI,87424680,12.92,United States
3028,SkinHealth Systems,SKIN,86803888,0.667,United States
3029,Velo3D,VLDX,86513896,6.15,United States
3030,Aptera Motors,SEV,86185352,2.18,United States
3031,Energous,WATT,86001224,15.56,United States
3032,Ideal Power,IPWR,85953248,5.23,United States
3033,Blink Charging,BLNK,85876184,0.5925,United States
3034,Verrica Pharmaceuticals,VRCA,85378576,4.97,United States
3035,MAIA Biotechnology,MAIA,85156184,1.4,United States
3036,Outset Medical,OM,84775216,4.51,United States
3037,Rapid Micro Biosystems,RPID,84268048,1.68,United States
3038,Ascend Wellness (AWH),AAWH,83473544,0.411,United States
3039,Acrivon Therapeutics,ACRV,83463368,1.95,United States
3040,LanzaTech Global,LNZA,82985296,6.34,United States
3041,Lifevantage,LFVN,82885952,6.57,United States
3042,Jushi Holdings,JUSHF,82261016,0.41193,United States
3043,CVRx,CVRX,82056112,3.08,United States
3044,Marchex,MCHX,82025096,1.85,United States
3045,Full House Resorts,FLL,81717192,2.23,United States
3046,"SoundThinking 
 (ShotSpotter)",SSTI,81615536,6.2,United States
3047,Vince Holding,VNCE,80937952,6.3,United States
3048,Sono-Tek Corporation,SOTK,80783952,5.14,United States
3049,Vivid Seats,SEAT,80711776,7.18,United States
3050,Hennessy Advisors,HNNA,79241704,10.025,United States
3051,"Air T, Inc.",AIRT,79215672,29.43,United States
3052,Orion Energy Systems,OESX,79127688,19.35,United States
3053,Great Elm Capital,GECC,79032680,5.69,United States
3054,Genasys,GNSS,78787672,1.73,United States
3055,Annovis Bio,ANVS,78702456,1.85,United States
3056,Usio,USIO,78647344,2.76,United States
3057,Siebert Financial,SIEB,78606592,1.92,United States
3058,MediaCo Holding,MDIA,78562024,0.9543,United States
3059,Adicet Bio,ACET,78449288,8.38,United States
3060,Silvercrest Asset Management Group,SAMG,78200944,10.18,United States
3061,Blackboxstocks,BLBX,78138184,18.15,United States
3062,TTEC,TTEC,77887584,1.58,United States
3063,Research Solutions,RSSS,77598272,2.32,United States
3064,Sera Prognostics,SERA,77320952,1.96,United States
3065,Steel Connect,STCN,77168096,12.18,United States
3066,Inseego,INSG,77012576,4.69,United States
3067,The InterGroup Corporation,INTG,76239848,35.48,United States
3068,Northern Technologies International,NTIC,75841088,7.99,United States
3069,Solitario Resources,XPL,75738104,0.7999,United States
3070,Gossamer Bio,GOSS,75380168,0.1542,United States
3071,Telomir Pharmaceuticals,TELO,74964712,1.09,United States
3072,LeonaBio,LONA,74819344,7.965,United States
3073,Laser Photonics,LASE,74260768,1.48,United States
3074,Skillsoft,SKIL,74161472,8.27,United States
3075,Cingulate,CING,74017896,5.09,United States
3076,OS Therapies,OSTX,73913832,1.62,United States
3077,Accendra Health,ACH,73128688,0.9509,United States
3078,Home Federal Bancorp (HFB Bank),HFBL,72957976,23.98,United States
3079,Atara Biotherapeutics,ATRA,72892296,8.09,United States
3080,Travelzoo,TZOO,72844688,7.14,United States
3081,Westwater Resources,WWR,72703416,0.5655,United States
3082,Geospace Technologies,GEOS,72439376,5.6,United States
3083,Airgain,AIRG,72182296,5.51,United States
3084,Advanced Flower Capital,AFCG,72076648,3.16,United States
3085,United Homes Group,UHG,71769208,1.22,United States
3086,Spero Therapeutics,SPRO,71628840,1.23,United States
3087,iBio,IBIO,71040336,1.43,United States
3088,XBiotech,XBIT,70121784,2.3,United States
3089,WM Technology,MAPS,69559136,0.402,United States
3090,Rein Therapeutics,RNTX,69531224,0.806,United States
3091,Regis Corporation,RGS,69291112,27.73,United States
3092,Hour Loop,HOUR,68413032,1.944,United States
3093,Definitive Healthcare,DH,68231216,0.6392,United States
3094,NSTS Bancorp,NSTS,68160288,13.86,United States
3095,Myomo,MYO,68125512,1.72,United States
3096,Universal Electronics,UEIC,67904280,5.27,United States
3097,Forian,FORA,67792720,2.17,United States
3098,Great Elm Group,GEG,67731136,2.16,United States
3099,Airship AI,AISP,67501536,1.96,United States
3100,PMV Pharmaceuticals,PMVP,67198024,1.26,United States
3101,Cato Fashion,CATO,66891888,3.4,United States
3102,5E Advanced Materials,FEAM,66839512,1.61,United States
3103,Teads,TEAD,66752956,0.6807,United States
3104,Zeo Energy,ZEO,66543028,0.6182,United States
3105,AMCON Distributing Company,DIT,66372284,68.0,United States
3106,ImageneBio,IMA,66292504,5.84,United States
3107,Pliant Therapeutics,PLRX,66256432,1.07,United States
3108,MindWalk Holdings,HYFT,66252084,1.41,United States
3109,DocGo,DCGO,65924716,0.6674,United States
3110,MediciNova,MNOV,64479832,1.31,United States
3111,BBX Capital Corporation,BBXIA,64436228,3.832,United States
3112,Boundless Bio,BOLD,64376792,2.83,United States
3113,Off the Hook YS Inc,OTH,64247460,2.57,United States
3114,Identiv,INVE,64224744,2.65,United States
3115,Heron Therapeutics,HRTX,63923268,0.3367,United States
3116,AgEagle Aerial Systems,UAVS,63870864,1.09,United States
3117,Talphera,TLPH,63836568,1.23,United States
3118,BranchOut Food,BOF,63714684,4.16,United States
3119,GEN Restaurant Group,GENK,63621712,1.93,United States
3120,Playstudios,MYPS,63135800,0.5256,United States
3121,American Vanguard,AVD,62541336,2.12,United States
3122,Saga Communications,SGA,62194692,9.76,United States
3123,Verde Clean Fuels,VGAS,61923976,1.39,United States
3124,Castellum,CTM,61778440,0.6518,United States
3125,Where Food Comes From,WFCF,61498840,12.35,United States
3126,Global Self Storage,SELF,61104596,5.35,United States
3127,Solidion Technology,STI,61035984,7.88,United States
3128,AEye,LIDR,60899688,1.31,United States
3129,TechPrecision,TPCS,60500860,5.99,United States
3130,BG Staffing,BGSF,60414732,5.66,United States
3131,INmune Bio,INMB,60225724,2.17,United States
3132,iLearningEngines,AILE,59292656,0.42,United States
3133,Mesa Air,MESA,58631804,1.4,United States
3134,The ONE Group Hospitality,STKS,57762672,1.83,United States
3135,MiNK Therapeutics,INKT,57510836,11.27,United States
3136,Granite Point Mortgage Trust,GPMT,57355824,1.19,United States
3137,LiveOne,LVO,57186852,4.15,United States
3138,Intellicheck,IDN,56848220,2.805,United States
3139,"Stem, Inc",STEM,56787084,6.34,United States
3140,Vroom,VRM,56502756,10.85,United States
3141,Reading International,RDI,56309388,1.61,United States
3142,Greenland Energy Company,GLND,55974644,1.28,United States
3143,Ocean Power Technologies,OPTT,55918736,0.207,United States
3144,Marpai,MRAI,55896796,2.21,United States
3145,Elauwit Connection,ELWT,54960856,8.3025,United States
3146,Upexi,UPXI,54905640,0.7475,United States
3147,aTyr Pharma,ATYR,54830872,0.559,United States
3148,The Arena Group,AREN,54752248,1.15,United States
3149,Allied Esports,AESE,54324936,1.3899,United States
3150,The Children's Place,PLCE,54258448,2.44,United States
3151,MarketWise,MKTW,54150664,19.39,United States
3152,eXoZymes,EXOZ,54017512,5.82,United States
3153,Kezar Life Sciences,KZR,53856340,7.29,United States
3154,Devolver Digital,DEVO.L,53653273,0.108249,United States
3155,IZEA Worldwide,IZEA,53467996,3.07,United States
3156,TransAct Technologies,TACT,53231124,5.18,United States
3157,MicroVision,MVIS,53168080,2.235,United States
3158,Odyssey Marine Exploration,OMEX,52763564,0.9008,United States
3159,Comtech Telecommunications,CMTL,52732120,1.76,United States
3160,Laird Superfood,LSF,52718484,4.71,United States
3161,Hain Celestial,HAIN,52392144,0.5805,United States
3162,Luna Innovations,LUNA,52045528,1.5,United States
3163,SCYNEXIS,SCYX,51538972,5.18,United States
3164,Greenidge Generation Holdings,GREE,51500392,2.84,United States
3165,tinyBuild,8Z3.F,51406405,0.130711,United States
3166,The Beachbody Company,BODI,51211696,7.03,United States
3167,TScan Therapeutics,TCRX,50895216,0.7788,United States
3168,Franklin Street Properties,FSP,50778520,0.4882,United States
3169,Planet13,PLTH.CN,50742271,0.151325,United States
3170,Instil Bio,TIL,50050992,7.38,United States
3171,CarParts.com,PRTS,49645344,6.13,United States
3172,Context Therapeutics,CNTX,48043620,0.5229,United States
3173,Charlotte's Web,CWEB.TO,48028769,0.299047,United States
3174,Scilex Holding,SCLX,47543116,6.76,United States
3175,"FreeCast, Inc.",CAST,47405012,0.9963,United States
3176,Manhattan Bridge Capital,LOAN,47088924,4.12,United States
3177,Sensus Healthcare,SRTS,47081488,2.86,United States
3178,VIDA Global Inc.,VIDA,47021932,2.35,United States
3179,NOMADAR,NOMA,46756052,2.69,United States
3180,Lulu's Fashion Lounge,LVLU,46720544,16.27,United States
3181,the Marygold Companies,MGLD,46594040,1.075,United States
3182,Veru,VERU,46547372,2.73,United States
3183,Metagenomi,MGX,46465840,1.23,United States
3184,Sportsman's Warehouse,SPWH,46433560,1.19,United States
3185,Karyopharm Therapeutics,KPTI,45816548,2.02,United States
3186,Seres Therapeutics,MCRB,45603304,4.54,United States
3187,Grace Therapeutics,GRCE,45437612,2.16,United States
3188,NextNRG,NXXT,44948848,0.2672,United States
3189,"RYTHM, Inc.",RYM,44701860,20.8,United States
3190,SunPower,SPWR,44349828,0.2205,United States
3191,374Water,SCWO,44295400,2.5,United States
3192,Massimo Motor,MAMO,44139408,1.06,United States
3193,Filana Therapeutics,FLNA,44119600,0.9133,United States
3194,Grove Collaborative,GROV,43982080,1.03,United States
3195,Milestone Scientific,MLSS,43934768,0.4951,United States
3196,Rave Restaurant Group,RAVE,43203164,3.04,United States
3197,Xtant Medical,XTNT,42787832,0.305,United States
3198,Phunware,PHUN,42766992,2.09,United States
3199,Pixelworks,PXLW,42224764,6.98,United States
3200,"Culp, Inc.",CULP,42166544,3.315,United States
3201,Ekso Bionics,EKSO,42047896,11.8,United States
3202,Precipio,PRPO,42003240,23.5,United States
3203,Serina Therapeutics,SER,41993012,2.8,United States
3204,Plutus Financial Group,PLUT,41828748,2.725,United States
3205,Elutia,ELUT,41599948,0.941,United States
3206,AXIL Brands,AXIL,41485808,6.085,United States
3207,CervoMed,CRVO,41275132,2.73,United States
3208,Hyperion DeFi,HYPD,41229072,2.72,United States
3209,Beasley Broadcast Group,BBGI,40885416,22.59,United States
3210,PetMed Express,PETS,39564020,1.825,United States
3211,Abundia Global Impact Group,AGIG,39514884,0.8976,United States
3212,U.S. Global Investors,GROW,39445344,3.18,United States
3213,eHealth,EHTH,39079840,1.22,United States
3214,Sachem Capital,SACH,37884160,0.79,United States
3215,Heritage Global,HGBL,37756996,1.09,United States
3216,Kartoon Studios,TOON,37372168,0.6319,United States
3217,PAVmed,PAVM,37226976,5.2,United States
3218,Gaia,GAIA,37121656,1.46,United States
3219,BioXcel Therapeutics,BTAI,36744352,1.19,United States
3220,Katapult Holdings,KPLT,36696348,7.38,United States
3221,Enzo Biochem,ENZB,36587800,0.69887,United States
3222,VirTra,VTSI,36562384,3.23,United States
3223,Idaho Copper Corporation,COPR,36112964,2.58,United States
3224,Century Casinos,CNTY,36016244,1.28,United States
3225,CleanCore Solutions,ZONE,35532408,0.1601,United States
3226,Koss,KOSS,35499144,3.75,United States
3227,Spruce Power,SPRU,35424024,1.84,United States
3228,Destination XL,DXLG,35396888,0.6404,United States
3229,KLX Energy Services,KLXE,35313280,1.66,United States
3230,NanoViricides,NNVC,35188836,1.38,United States
3231,LivePerson,LPSN,35099612,2.845,United States
3232,Game Your Game,GYGY,34877824,2.17,United States
3233,Lument Finance Trust,LFT,34625096,0.6597,United States
3234,BeyondSpring,BYSI,34503640,0.8391,United States
3235,LianBio,LIAN,34472096,0.319,United States
3236,Lantern Pharma,LTRN,33877988,2.65,United States
3237,Quest Resource Holding,QRHC,33748572,1.6,United States
3238,Workhorse Group,WKHS,33333804,3.06,United States
3239,Accuray,ARAY,33226384,0.2782,United States
3240,Actinium Pharmaceuticals,ATNM,32629992,1.04,United States
3241,Ascent Solar Technologies,ASTI,32590550,3.32,United States
3242,Pioneer Power Solutions,PPSI,32290136,2.91,United States
3243,Southland Holdings,SLND,32127688,0.5902,United States
3244,BioLargo,BLGO,32088326,0.1,United States
3245,Live Ventures,LIVE,31960580,10.405,United States
3246,Cryo-Cell International,CCEL,31928094,3.96,United States
3247,Harte Hanks,HHS,31903722,4.3,United States
3248,Salem Media Group,SALM,31683452,1.0,United States
3249,Enviva,EVA,31273630,0.4198,United States
3250,IGC Pharma,IGC,31080246,0.2978,United States
3251,Barfresh Food Group,BRFH,30995522,1.92,United States
3252,Old Market Capital Corporation,OMCC,30678916,4.5,United States
3253,Crown Crafts,CRWS,30666816,2.85,United States
3254,Sangamo Therapeutics,SGMO,30657374,0.074,United States
3255,Knightscope,KSCP,30623252,1.52,United States
3256,Battalion Oil,BATL,30386010,1.38,United States
3257,Harvard Bioscience,HBIO,30295590,6.655,United States
3258,"Xos, Inc.",XOS,29786400,2.095,United States
3259,Rockwell Medical,RMTI,29247484,7.41,United States
3260,TELA Bio,TELA,28925690,0.6443,United States
3261,Kyntra Bio,KYNB,28546324,7.05,United States
3262,Latch,LTCH,28161556,0.17,United States
3263,HeartBeam,BEAT,28135142,0.4993,United States
3264,Farmer Brothers,FARM,28089448,1.28,United States
3265,MariMed,MRMD,27150094,0.068,United States
3266,GEE Group,JOB,26962266,0.2454,United States
3267,Cel-Sci,CVM,26914802,1.54,United States
3268,PermRock Royalty Trust,PRT,26642954,2.19,United States
3269,Zoom Telephonics,MINM,26534076,3.61,United States
3270,Jasper Therapeutics,JSPR,26290230,0.7901,United States
3271,Local Bounti,LOCL,26185734,1.12,United States
3272,Hoth Therapeutics,HOTH,26013596,1.36,United States
3273,Atossa Therapeutics,ATOS,25946174,2.6,United States
3274,America's Car-Mart,CRMT,25731446,3.09,United States
3275,Aytu BioScience,AYTU,25545036,2.38,United States
3276,Cytosorbents,CTSO,25130814,0.3999,United States
3277,Beam Global,BEEM,25087792,1.13,United States
3278,Cardlytics,CDLX,24909268,4.23,United States
3279,System1,SST,24648324,2.35,United States
3280,SPI Energy,SPI,24207974,0.766,United States
3281,TherapeuticsMD,TXMD,23958928,2.07,United States
3282,Longeveron,LGVN,23379324,0.7399,United States
3283,Urban One,UONE,22819872,5.0515,United States
3284,Allbirds,BIRD,22455430,2.55,United States
3285,180 Life Sciences,ATNF,21620372,3.58,United States
3286,Cocrystal Pharma,COCP,21574784,1.12,United States
3287,Exyn Technologies,EXYN,21555224,2.71,United States
3288,Ashford Hospitality Trust,AHT,21514136,3.21,United States
3289,Offerpad,OPAD,21505732,4.45,United States
3290,Neuphoria Therapeutics,NEUP,20915612,3.87,United States
3291,Citius Pharmaceuticals,CTXR,20743162,0.7556,United States
3292,Retractable Technologies,RVP,20731484,0.6925,United States
3293,ESS Tech,GWH,20408446,0.619,United States
3294,Celularity,CELU,20140600,0.6958,United States
3295,Werewolf Therapeutics,HOWL,19668042,0.4047,United States
3296,Mobix Labs,MOBX,19302320,1.27,United States
3297,FGI Industries,FGI,19293396,9.99,United States
3298,Energy Focus,EFOI,19196834,3.014,United States
3299,Scienture Holdings,SCNX,18848442,0.459,United States
3300,FingerMotion,FNGR,18699660,0.305,United States
3301,Motorsport Gaming,MSGM,18532804,4.44,United States
3302,Elite Express,ETS,18471922,1.105,United States
3303,SPAR Group,SGRP,18459064,0.65,United States
3304,Dragonfly Energy,DFLI,18323634,1.28,United States
3305,KALA BIO,KALA,18285768,0.9455,United States
3306,Austin Gold,AUST,17937830,1.31,United States
3307,GenFlat Holdings,GFLT,17692066,1.35,United States
3308,Skye Bioscience,SKYE,17624576,0.5015,United States
3309,Lipocine,LPCN,17395372,2.11,United States
3310,Avant Technologies Inc.,AVAI,17281532,0.125,United States
3311,Astrotech,ASTC,16896110,8.41,United States
3312,Know Labs,KNW,16795408,2.24,United States
3313,Camber Energy,CEI,16771320,0.0954,United States
3314,Palatin Technologies,PTN,16654013,9.36,United States
3315,Biofrontera,BFRI,16644347,1.3,United States
3316,Cyclerion Therapeutics,CYCN,16411890,3.79,United States
3317,AppTech Payments,APCX,16381534,0.39,United States
3318,Tempest Therapeutics,TPST,16219102,1.015,United States
3319,Cyngn,CYN,16009842,1.11,United States
3320,Smith Micro Software,SMSI,15987056,2.86,United States
3321,Psychemedics,PMD,15738209,2.67,United States
3322,Upland Software,UPLD,15709312,5.35,United States
3323,Dolphin Entertainment,DLPN,15620726,1.2,United States
3324,Natural Health Trends,NHTC,15525906,1.81,United States
3325,iRobot,IRBT,14843741,0.4664,United States
3326,Office Properties Income Trust,OPI,14795239,0.2,United States
3327,Passage Bio,PASG,14769748,4.59,United States
3328,The Cannabist Company,CBSTF,14475953,0.0291,United States
3329,The Glimpse Group,VRAR,14332026,0.68,United States
3330,Synlogic,SYBX,14269902,1.22,United States
3331,HOOKIPA Pharma,HOOK,14232977,1.15,United States
3332,Senti Biosciences,SNTI,13983995,0.449,United States
3333,Dare Bioscience,DARE,13930937,0.93,United States
3334,Bionano Genomics,BNGO,13896859,1.18,United States
3335,T Stamp Inc. (TrustStamp),IDAI,13663912,2.44,United States
3336,AEON Biopharma,AEON,13439986,0.2751,United States
3337,Arrive AI,ARAI,13098742,0.2525,United States
3338,Intensity Therapeutics,INTS,12929247,3.9601,United States
3339,PDS Biotechnology,PDSB,12906990,0.2306,United States
3340,Inuvo,INUV,12888119,0.7819,United States
3341,SeaStar Medical,ICU,12710467,3.18,United States
3342,Flux Power,FLUX,12710024,0.595,United States
3343,Phio Pharmaceuticals,PHIO,12662804,1.09,United States
3344,Air Industries Group,AIRI,12320671,2.54,United States
3345,CISO Global,CISO,12211943,0.2695,United States
3346,CXApp,CXAI,12064983,0.1106,United States
3347,VistaGen Therapeutics,VTGN,11875262,0.2676,United States
3348,Urgent.ly Inc.,ULY,11787284,5.38,United States
3349,AMASS Brands Inc.,AMSS,11652801,1.02,United States
3350,Rocky Mountain Chocolate Factory,RMCF,11516296,1.22,United States
3351,Clean Energy Technologies,CETY,11344894,0.9325,United States
3352,Cambium Networks,CMBM,11325767,0.401,United States
3353,Reborn Coffee,REBN,11006030,1.34,United States
3354,BrainStorm Cell Therapeutics,BCLI,10924427,0.99,United States
3355,"Reed's, Inc.",REED,10908519,0.92,United States
3356,Trio Petroleum,TPET,10894274,0.2461,United States
3357,Phoenix Motor,PEV,10575262,0.23,United States
3358,SUNation Energy Inc.,SUNE,10555318,2.56,United States
3359,Bullfrog AI,BFRG,10535367,0.5682,United States
3360,Adial Pharmaceuticals,ADIL,10451042,3.98,United States
3361,SINTX Technologies,SINT,10426513,1.64,United States
3362,Quoin Pharmaceuticals,QNRX,10222848,5.09,United States
3363,Lunai Bioworks,LNAI,10065236,2.22,United States
3364,Carver Bancorp,CARV,10028548,1.72,United States
3365,Ryvyl Inc.,RVYL,9994965,7.81,United States
3366,Solo Brands,SBDS,9749729,3.81,United States
3367,Socket Mobile,SCKT,9641921,1.17,United States
3368,Superior Industries International,SUP,9576233,0.3249,United States
3369,Imunon,IMNN,9258815,1.65,United States
3370,GoHealth,GOCO,8937260,0.305,United States
3371,Gaxos.ai,GXAI,8918046,0.83,United States
3372,Wellgistics Health,WGRX,8847256,3.52,United States
3373,authID,AUID,8826667,0.5279,United States
3374,reAlpha Tech,AIRE,8744544,1.63,United States
3375,Soligenix,SNGX,8706192,0.4,United States
3376,Northann Corp,NCL,8543560,0.159,United States
3377,Aprea Therapeutics,APRE,8419049,0.6799,United States
3378,SeaChange International,SEAC,8398952,3.25,United States
3379,Trinseo,TSE,8278525,0.23,United States
3380,Mangoceuticals,MGRX,8184336,0.5344,United States
3381,HeartSciences Inc.,HSCS,8032951,2.06,United States
3382,Gauzy,GAUZ,7808390,0.4166,United States
3383,AquaBounty Technologies,AQB,7643598,1.485,United States
3384,Xenetic Biosciences,XBIO,7514663,3.28,United States
3385,enVVeno Medical Corporation,NVNO,7503114,10.99,United States
3386,Vislink Technologies,VISL,7463253,3.01,United States
3387,Signing Day Sports,SGN,7408163,0.5401,United States
3388,SurgePays,SURG,7084375,0.282,United States
3389,FibroBiologics,FBLG,7057684,1.06,United States
3390,Hydrofarm,HYFM,7003980,1.47,United States
3391,Femasys,FEMY,6914732,2.29,United States
3392,VolitionRx,VNRX,6891462,0.5374,United States
3393,Polar Power,POLA,6855997,1.78,United States
3394,Ensysce Biosciences,ENSC,6489384,0.3999,United States
3395,Innovative Eyewear,LUCY,6318725,0.7342,United States
3396,Nauticus Robotics,KITT,6243711,0.9128,United States
3397,Sonoma Pharmaceuticals,SNOA,6221541,1.3,United States
3398,TPI Composites,TPIC,6193621,0.1271,United States
3399,AIM ImmunoTech,AIM,6096561,0.2199,United States
3400,Leslie's,LESL,6040731,0.645,United States
3401,Bakhu Holdings,BKUH,6026059,0.02,United States
3402,"Cyabra, Inc.",CYAB,5939012,0.3375,United States
3403,Cadrenal Therapeutics,CVKD,5794367,1.87,United States
3404,"DSS, Inc. (Document Security Systems)",DSS,5675027,0.5651,United States
3405,Pulmatrix,PULM,5624519,1.54,United States
3406,Beyond Air,XAIR,5604828,6.315,United States
3407,Aterian,ATER,5425790,0.5001,United States
3408,Origin Materials,ORGN,5228483,0.9501,United States
3409,cbdMD,YCBD,5204343,0.49575,United States
3410,Cemtrex,CETX,5197846,3.02,United States
3411,Sonim Technologies,SONM,5188045,3.4855,United States
3412,Talis Biomedical,TLIS,5176808,2.84,United States
3413,Co-Diagnostics,CODX,5159439,1.4,United States
3414,BioAtla,BCAB,5148249,3.09,United States
3415,Cheetah Net Supply Chain Service,CTNT,5086619,1.61,United States
3416,Eterna Therapeutics,ERNA,4980242,4.27,United States
3417,Urban-gro,UGRO,4942725,3.15,United States
3418,Cloudastructure,CSAI,4885242,5.71,United States
3419,Biomerica,BMRA,4882625,1.58,United States
3420,Vertex Energy,VTNR,4872095,0.0521,United States
3421,Alaunos Therapeutics,TCRT,4713341,1.93,United States
3422,Kidpik,PIK,4644903,2.38,United States
3423,CaliberCos,CWD,4641117,0.525,United States
3424,Boxlight,BOXL,4636046,6.95,United States
3425,Jaguar Health,JAGX,4497928,0.916,United States
3426,"Bark, Inc.",BARK,4377870,0.5066,United States
3427,OLB Group,OLB,4370149,0.298,United States
3428,Curis,CRIS,4365140,1.8,United States
3429,CASI Pharmaceuticals,CASI,4263766,0.2075,United States
3430,QVC Group,QVCGA,4255453,0.34,United States
3431,PMGC Holdings,ELAB,4134813,0.91,United States
3432,Tivic Health Systems,TIVC,4029097,1.4,United States
3433,Allurion Technologies,ALUR,4001668,4.0,United States
3434,Lakewood-Amedex Biotherapeutics,LABT,3973991,2.27,United States
3435,Focus Universal,FCUV,3949797,5.62,United States
3436,DataMEDS AI,MEDS,3719869,1.48,United States
3437,Avalon GloboCare,ALBT,3707637,0.282,United States
3438,Super League Enterprise,SLE,3652314,2.27,United States
3439,Expion360,XPON,3469615,3.64,United States
3440,BIO-key International,BKYI,3451444,3.18,United States
3441,Unity Biotechnology,UBX,3444161,0.2001,United States
3442,Eagle Pharmaceuticals,EGRX,3289388,0.25,United States
3443,ShiftPixy,PIXY,3265294,6.53,United States
3444,iSpecimen,ISPC,3233603,2.25,United States
3445,Vaxxinity,VAXX,3233009,0.0255,United States
3446,Golden Minerals,AUMN,3182140,0.21,United States
3447,Forza X1,FRZA,3150960,0.2,United States
3448,Advent Technologies,ADN,3023365,0.9185,United States
3449,ATI Physical Therapy,ATIP,2977762,0.675,United States
3450,Sleep Number,SNBR,2881125,0.125,United States
3451,Marin Software,MRIN,2863609,0.8981,United States
3452,Fly-E Group,FLYE,2813090,1.7233,United States
3453,Inotiv,NOTV,2787563,0.0799,United States
3454,bioAffinity Technologies,BIAF,2727468,0.4021,United States
3455,PREIT (Pennsylvania Real Estate Investment Trust),PRET,2690436,0.4974,United States
3456,Xilio Therapeutics,XLO,2676465,0.5101,United States
3457,Staffing 360 Solutions,STAF,2654640,1.615,United States
3458,Sonendo,SONX,2620738,0.55,United States
3459,Netcapital,NCPL,2488568,0.3171,United States
3460,Jet.AI,JTAI,2431143,1.71,United States
3461,LM Funding America,LMFA,2430118,2.6,United States
3462,Oragenics,OGEN,2404421,0.5329,United States
3463,Azitra,AZTR,2255606,0.1393,United States
3464,Vaccinex,VCNX,2221608,0.83,United States
3465,Sow Good,SOWG,2203871,0.1099,United States
3466,Hepion Pharmaceuticals,HEPA,2183948,0.075,United States
3467,Genprex,GNPX,2181323,4.32,United States
3468,Clearside Biomedical,CLSD,2145948,0.41,United States
3469,Cutera,CUTR,1956013,0.0969,United States
3470,Direct Digital Holdings,DRCT,1952361,2.64,United States
3471,Cue Biopharma,CUE,1804119,0.5542,United States
3472,SolarMax Technology,SMXT,1766948,0.3726,United States
3473,Sonder Holdings,SOND,1680861,0.1263,United States
3474,Traeger,COOK,1642351,0.5983,United States
3475,CorEnergy Infrastructure Trust,CORR,1627350,0.0198,United States
3476,SOBR Safe,SOBR,1586424,0.5515,United States
3477,Lazydays Holdings,GORV,1573084,0.4211,United States
3478,Benson Hill,BHIL,1522391,0.249,United States
3479,Matinas BioPharma,MTNB,1499048,0.234,United States
3480,22nd Century Group,XXII,1492661,4.325,United States
3481,Aethlon Medical,AEMD,1490594,2.83,United States
3482,Synergy CHC,SNYR,1485518,0.0997,United States
3483,Trinity Place Holdings,TPHS,1479458,0.0224,United States
3484,Alkaline Water Company,WTER,1477819,0.0415,United States
3485,Arcadia Biosciences,RKDA,1362699,0.6246,United States
3486,Purple Innovation,PRPL,1261071,0.2897,United States
3487,Maison Solutions,MSS,1253576,1.44,United States
3488,"Greenlane Holdings, Inc.",GNLN,1218715,1.93,United States
3489,Actelis Networks,ASNS,1211164,0.042,United States
3490,VivoSim Labs,VIVS,1126837,0.3225,United States
3491,Solar Integrated Roofing,SIRC,1097545,0.0001,United States
3492,BNB Plus Corp.,BNBX,1079584,0.15,United States
3493,Edible Garden,EDBL,1068522,1.67,United States
3494,Evofem Biosciences,EVFM,1060240,0.008,United States
3495,Danimer Scientific,DNMR,1056961,0.35,United States
3496,"Freight Technologies, Inc.",FRGT,1046988,1.83,United States
3497,LMP Automotive Holdings,LMPX,981789,0.09,United States
3498,La Rosa Holdings,LRHC,964800,0.597,United States
3499,zSpace,ZSPC,959686,0.2,United States
3500,Wheeler Real Estate Investment Trust,WHLR,916022,0.3646,United States
3501,Quince Therapeutics,QNCX,900311,0.9206,United States
3502,Vivakor,VIVK,893284,1.22,United States
3503,iEntertainment Network,IENT,876829,0.0067,United States
3504,iPower,IPW,717583,3.415,United States
3505,Yellow Corporation,YELLQ,693890,0.0102,United States
3506,Tapinator,TAPM,673183,0.247,United States
3507,Tevogen Bio,TVGN,627896,0.1551,United States
3508,ProPhase Labs,PRPH,560648,0.04,United States
3509,Kaival Brands Innovations,KAVL,527455,0.027,United States
3510,Lyra Therapeutics,LYRA,443720,0.25,United States
3511,Ayr Wellness,AYRWF,432062,0.0037,United States
3512,Vicarious Surgical,RBOT,427881,0.06,United States
3513,Ontrak,OTRK,425780,0.0601,United States
3514,Viracta Therapeutics,VIRX,388698,0.00978,United States
3515,Greene Concepts,INKW,376258,0.0059,United States
3516,Impac Mortgage Holdings,IMPM,365688,0.01,United States
3517,Onfolio Holdings,ONFO,364690,2.59,United States
3518,VYNE Therapeutics,VYNE,339859,0.509,United States
3519,NantHealth,NHIQ,329655,0.012,United States
3520,Ocean Biomedical,OCEA,232365,0.001,United States
3521,Leafly Holdings,LFLY,232138,37.0,United States
3522,Trulite,TRUL,212013,0.0001,United States
3523,Ampio Pharmaceuticals,AMPE,207884,0.1831,United States
3524,BloomZ,BLMZ,187531,0.128,United States
3525,Wearable Health Solutions,WHSI,182670,0.0001,United States
3526,Faraday Future,FFAI,174605,0.0717,United States
3527,Hallmark Financial Services,HALL,145478,0.08,United States
3528,Petros Pharmaceuticals,PTPI,127116,0.003,United States
3529,Nuwellis,NUWE,120783,1.31,United States
3530,Cenntro Inc.,CENN,113554,0.0775,United States
3531,Loop Media,LPTV,103383,0.0007,United States
3532,Carisma Therapeutics,CARM,92059,0.0022,United States
3533,Vinco Ventures,BBIG,91000,0.007,United States
3534,Mobile Global Esports (Mogo),MGAM,75457,0.001,United States
3535,Remark Holdings,MARK,74282,0.0012,United States
3536,Vincerx Pharma,VINC,68045,0.013,United States
3537,PaxMedica,PXMD,63132,0.0005,United States
3538,ToughBuilt Industries,TBLT,47699,0.011,United States
3539,Novo Integrated Sciences,NVOS,44393,0.00225,United States
3540,Presto Automation,PRST,41851,0.0001,United States
3541,T2 Biosystems,TTOO,28045,0.001,United States
3542,Gaming Technologies (Gametech),GMGT,27420,0.0006,United States
3543,Gamer Pakistan,GPAK,15347,0.0006,United States
3544,Movella,MVLA,15272,0.0003,United States
3545,Trevena,TRVN,9501,0.011,United States
3546,4Front Ventures,FFNTF,9152,1e-05,United States
3547,Exela Technologies,XELA,8325,0.0003,United States
3548,Freeze Tag,FRZT,7505,0.0001,United States
3549,USD Partners,USDP,6754,0.0002,United States
3550,Stryve Foods,SNAX,4792,0.0011,United States
3551,Adamas One,JEWL,3804,0.0001,United States
3552,AiRWA Inc.,YYAI,2976,0.0565,United States
3553,Syros Pharmaceuticals,SYRS,2683,0.0001,United States
3554,Viveve Medical,VIVE,2144,0.0002,United States
3555,Grom Social Enterprises,GROM,1804,0.0002,United States
3556,Telesis Bio,TBIO,1775,0.001,United States
3557,Hempacco,HPCO,1184,0.0002,United States
3558,eFFECTOR Therapeutics,EFTR,940,0.0002,United States
3559,Lipella Pharmaceuticals,LIPO,924,0.0002,United States
3560,Minerva Surgical,UTRS,887,0.0001,United States
3561,Lightning eMotors,ZEVY,659,0.0001,United States
3562,Calithera Biosciences,CALA,487,0.0001,United States
3563,GigCapital9,GIXXU,0,0.0,United States
3564,Saluda Medical,SLD.AX,0,0.0,United States
3565,Pershing Square USA,PSUS,0,0.0,United States
3566,Applied Aerospace &amp; Defense,AADX,0,0.0,United States
3567,Attovia Therapeutics,ATTO,0,0.0,United States
