Rank,Name,Symbol,marketcap,price (USD),country
1,NVIDIA,NVDA,5200733011968,214.72,United States
2,Apple,AAPL,4514709504000,309.35,United States
3,Alphabet (Google),GOOG,4179580420096,341.75,United States
4,Microsoft,MSFT,3588320657408,483.24,United States
5,Amazon,AMZN,2789664358400,258.63,United States
6,SpaceX,SPCX,1804468355072,136.97,United States
7,Broadcom,AVGO,1752930451456,368.45,United States
8,Tesla,TSLA,1433132728320,362.86,United States
9,Meta Platforms (Facebook),META,1400873680896,549.9,United States
10,Eli Lilly,LLY,1119009636352,1255.4,United States
11,Micron Technology,MU,1091874717696,966.78,United States
12,Berkshire Hathaway,BRK-B,1061406703616,495.82,United States
13,JPMorgan Chase,JPM,934565052416,351.58,United States
14,Walmart,WMT,825252773888,103.7,United States
15,AMD,AMD,772568776704,473.25,United States
16,Visa,V,692749271040,371.04,United States
17,Exxon Mobil,XOM,678917767168,165.11,United States
18,Johnson & Johnson,JNJ,651250958336,270.24,United States
19,Mastercard,MA,508637642752,580.63,United States
20,Intel,INTC,476119498752,90.07,United States
21,AbbVie,ABBV,468215398400,264.96,United States
22,Cisco,CSCO,437656911872,111.04,United States
23,Palantir,PLTR,432406331392,179.94,United States
24,Bank of America,BAC,431382659072,61.69,United States
25,Oracle,ORCL,421902581760,146.47,United States
26,Costco,COST,420302618624,947.74,United States
27,Chevron,CVX,402658328576,205.27,United States
28,Lam Research,LRCX,392914796544,314.0,United States
29,Coca-Cola,KO,391962198016,91.1,United States
30,Applied Materials,AMAT,390882099200,492.32,United States
31,Caterpillar,CAT,380564832256,827.9,United States
32,Merck,MRK,376367022080,152.55,United States
33,General Electric,GE,361455648768,348.37,United States
34,UnitedHealth,UNH,350160715776,390.11,United States
35,Procter & Gamble,PG,336901701632,144.68,United States
36,Morgan Stanley,MS,336415293440,214.2,United States
37,Home Depot,HD,334642315264,335.61,United States
38,Netflix,NFLX,331407949824,79.59,United States
39,Goldman Sachs,GS,302608613376,1039.28,United States
40,Philip Morris International,PM,293377802240,188.23,United States
41,Palo Alto Networks,PANW,291664035840,357.87,United States
42,Dell,DELL,285646618624,442.08,United States
43,RTX,RTX,282907901952,209.91,United States
44,GE Vernova,GEV,254841290752,956.85,United States
45,Wells Fargo,WFC,253532078080,83.84,United States
46,Texas Instruments,TXN,241426137088,264.36,United States
47,KLA,KLAC,240391553024,183.99,United States
48,Arista Networks,ANET,237930037248,188.65,United States
49,Amgen,AMGN,237110034432,439.33,United States
50,Sandisk,SNDK,233696444416,1596.08,United States
51,Thermo Fisher Scientific,TMO,232670887936,629.27,United States
52,American Express,AXP,226904096768,336.0,United States
53,IBM,IBM,222042226688,235.68,United States
54,Citigroup,C,220834545664,131.65,United States
55,Marvell Technology,MRVL,212753924096,237.04,United States
56,Verizon,VZ,205453639680,49.45,United States
57,Abbott Laboratories,ABT,203165073408,116.64,United States
58,T-Mobile US,TMUS,196341809152,183.04,United States
59,Pepsico,PEP,195993681920,143.48,United States
60,CrowdStrike,CRWD,195454861312,191.95,United States
61,Charles Schwab,SCHW,194204401664,112.3,United States
62,Amphenol,APH,193590722560,157.01,United States
63,McDonald,MCD,191735480320,270.95,United States
64,BlackRock,BLK,187911847936,1156.55,United States
65,Walt Disney,DIS,186102300672,107.78,United States
66,Union Pacific Corporation,UNP,183004954624,308.05,United States
67,Southern Copper,SCCO,182378233856,216.0,United States
68,Analog Devices,ADI,181727297536,373.09,United States
69,Gilead Sciences,GILD,181182251008,146.12,United States
70,Deere &amp; Company (John Deere),DE,174886354944,647.47,United States
71,Nextera Energy,NEE,174460895232,83.65,United States
72,AT&T,T,173296844800,25.29,United States
73,Welltower,WELL,172375244800,239.22,United States
74,Blackstone Group,BX,171381800960,143.38,United States
75,Salesforce,CRM,171310235648,209.17,United States
76,Boeing,BA,169173549056,214.2,United States
77,QUALCOMM,QCOM,168825110528,160.75,United States
78,Western Digital,WDC,165646925824,459.44,United States
79,Booking Holdings (Booking.com),BKNG,162430025728,209.62,United States
80,ConocoPhillips,COP,162024374272,134.87,United States
81,Uber,UBER,160953745408,78.8,United States
82,Pfizer,PFE,159989841920,28.07,United States
83,Interactive Brokers,IBKR,159937167360,93.87,United States
84,TJX Companies,TJX,155244101632,140.53,United States
85,Danaher,DHR,153848496128,218.85,United States
86,Vertex Pharmaceuticals,VRTX,138821058560,548.05,United States
87,Newmont,NEM,138644832256,131.58,United States
88,Prologis,PLD,137842556928,141.8,United States
89,Bristol-Myers Squibb,BMY,136882315264,67.01,United States
90,Intuitive Surgical,ISRG,135719305216,378.81,United States
91,Capital One,COF,133687795712,217.91,United States
92,ServiceNow,NOW,132830584832,128.48,United States
93,Lockheed Martin,LMT,130066743296,563.57,United States
94,Corning,GLW,128808124416,149.84,United States
95,Progressive,PGR,127483199488,219.28,United States
96,S&P Global,SPGI,127144296448,431.29,United States
97,Stryker Corporation,SYK,126368145408,329.45,United States
98,Parker-Hannifin,PH,126305779712,1001.74,United States
99,Starbucks,SBUX,122071203840,107.08,United States
100,Lowe's Companies,LOW,121226485760,216.09,United States
101,CVS Health,CVS,118969819136,93.02,United States
102,Snowflake,SNOW,115341549568,332.78,United States
103,Fortinet,FTNT,112632381440,153.51,United States
104,Airbnb,ABNB,112152559616,187.3,United States
105,Automatic Data Processing,ADP,111555354624,280.81,United States
106,Altria Group,MO,110353367040,66.09,United States
107,Freeport-McMoRan,FCX,110085111808,76.66,United States
108,Adobe,ADBE,109431742464,275.3,United States
109,Howmet Aerospace,HWM,108346359808,271.68,United States
110,BNY Mellon (Bank of New York Mellon),BNY,107536121856,158.49,United States
111,Marathon Petroleum,MPC,105307381760,360.72,United States
112,Equinix,EQIX,105123831808,1065.39,United States
113,Cloudflare,NET,104381210624,293.14,United States
114,Carvana,CVNA,104031141888,69.91,United States
115,General Dynamics,GD,103972421632,384.29,United States
116,AppLovin,APP,102326091776,305.77,United States
117,Southern Company,SO,102313287680,88.94,United States
118,Vertiv Holdings,VRT,100847656960,261.95,United States
119,Valero Energy,VLO,100446371840,348.86,United States
120,Intuit,INTU,100388077568,367.0,United States
121,KKR & Co.,KKR,100191100928,108.48,United States
122,McKesson,MCK,100139466752,858.9,United States
123,CME Group,CME,98877112320,274.98,United States
124,Robinhood,HOOD,97217765376,108.13,United States
125,PNC Financial Services,PNC,96995180544,243.13,United States
126,Phillips 66,PSX,96910213120,242.87,United States
127,DoorDash,DASH,96837246976,223.49,United States
128,Constellation Energy,CEG,96683401216,272.88,United States
129,U.S. Bancorp,USB,96677093376,62.05,United States
130,Quanta Services,PWR,96120545280,639.34,United States
131,CSX Corporation,CSX,95569182720,51.59,United States
132,Comcast,CMCSA,95280898048,26.85,United States
133,HCA Healthcare,HCA,95211429888,429.19,United States
134,Monster Beverage,MNST,93623083008,47.79,United States
135,Duke Energy,DUK,93447307264,119.85,United States
136,Marriott International,MAR,92934504448,356.39,United States
137,3M,MMM,92293693440,178.96,United States
138,Marsh & McLennan Companies,MRSH,91629330432,192.01,United States
139,Intercontinental Exchange,ICE,90524860416,161.25,United States
140,Waste Management,WM,89560186880,224.06,United States
141,Emerson,EMR,88081317888,157.26,United States
142,Cadence Design Systems,CDNS,87990820864,319.02,United States
143,Moody's,MCO,87165460480,503.32,United States
144,Elevance Health,ELV,86864830464,400.54,United States
145,United Parcel Service,UPS,86788227072,102.01,United States
146,Williams Companies,WMB,86221070336,70.49,United States
147,Regeneron Pharmaceuticals,REGN,85868576768,834.04,United States
148,Datadog,DDOG,84605255680,235.62,United States
149,Sherwin-Williams,SHW,84137541632,346.59,United States
150,Simon Property Group,SPG,82868011008,218.29,United States
151,Mondelez International,MDLZ,82731229184,64.45,United States
152,Enterprise Products,EPD,82081726464,38.01,United States
153,American Tower,AMT,81915781120,175.8,United States
154,Cintas,CTAS,81550557184,203.79,United States
155,EOG Resources,EOG,81518796800,153.05,United States
156,Cummins,CMI,81093419008,587.68,United States
157,Illinois Tool Works,ITW,80396197888,282.29,United States
158,SLB (Schlumberger),SLB,79950790656,53.87,United States
159,General Motors,GM,79528419328,87.93,United States
160,Motorola Solutions,MSI,79514804224,480.47,United States
161,Ecolab,ECL,78948950016,281.63,United States
162,Norfolk Southern,NSC,78774648832,350.72,United States
163,Apollo Global Management,APO,78359175168,132.69,United States
164,Northrop Grumman,NOC,78280990720,551.03,United States
165,Royal Caribbean Group,RCL,78096007168,292.0,United States
166,Lumentum,LITE,77743890432,866.71,United States
167,FedEx,FDX,76936822784,325.08,United States
168,Ross Stores,ROST,76679512064,239.04,United States
169,Synopsys,SNPS,76183879680,397.87,United States
170,The Travelers Companies,TRV,75833704448,363.58,United States
171,Target,TGT,75141373952,165.44,United States
172,Hilton Worldwide,HLT,73512951808,326.63,United States
173,The Cigna Group,CI,73329377280,277.51,United States
174,Boston Scientific,BSX,72997691392,50.37,United States
175,Energy Transfer LP,ET,72963522560,21.19,United States
176,Colgate-Palmolive,CL,72606498816,91.08,United States
177,O'Reilly Automotive,ORLY,72086495232,89.11,United States
178,Digital Realty,DLR,71806779392,190.62,United States
179,Warner Bros. Discovery,WBD,71578755072,28.55,United States
180,Hewlett Packard Enterprise,HPE,70778675200,53.45,United States
181,Paccar,PCAR,68969603072,131.03,United States
182,Kinder Morgan,KMI,68925104128,30.98,United States
183,Honeywell,HON,68427345920,215.9,United States
184,United Rentals,URI,68373995520,1098.51,United States
185,Air Products and Chemicals,APD,67941359616,305.1,United States
186,Arthur J. Gallagher & Co.,AJG,67625316352,263.81,United States
187,Republic Services,RSG,67572019200,220.67,United States
188,TransDigm Group,TDG,67139874816,1200.35,United States
189,American Electric Power,AEP,65839419392,120.94,United States
190,Monolithic Power Systems,MPWR,64685948928,1316.28,United States
191,Allstate,ALL,64182935552,253.83,United States
192,Targa Resources,TRGP,64136318976,299.1,United States
193,W. W. Grainger,GWW,61954945024,1312.24,United States
194,Baker Hughes,BKR,61883301888,62.34,United States
195,Truist Financial Corporation,TFC,61594394624,50.42,United States
196,Occidental Petroleum,OXY,61277769728,61.3,United States
197,Cencora,COR,60690673664,318.04,United States
198,Nike,NKE,60467404800,40.76,United States
199,Public Storage,PSA,60223631360,322.49,United States
200,MetLife,MET,59950891008,94.34,United States
201,Bloom Energy,BE,59332534272,201.45,United States
202,Diamondback Energy,FANG,59278340096,210.72,United States
203,MPLX,MPLX,59270594560,58.41,United States
204,Realty Income,O,59233247232,62.6,United States
205,Fastenal,FAST,58820726784,51.26,United States
206,Oneok,OKE,58800963584,93.33,United States
207,Teradyne,TER,58743472128,375.74,United States
208,Dominion Energy,D,58576429056,66.6,United States
209,Comfort Systems USA,FIX,58268082176,1655.61,United States
210,Aflac,AFL,58190917632,116.07,United States
211,Moderna,MRNA,57941106688,145.13,United States
212,Ford,F,57461256192,14.41,United States
213,Cheniere Energy,LNG,57315295232,277.51,United States
214,Coherent Corp.,COHR,56697348096,289.52,United States
215,Ciena,CIEN,56025235456,395.79,United States
216,Nucor,NUE,55273721856,243.63,United States
217,Ametek,AME,54905581568,239.55,United States
218,Nasdaq,NDAQ,54902755328,98.22,United States
219,Corteva,CTVA,54569963520,81.79,United States
220,Sempra,SRE,54201798656,82.89,United States
221,Delta Air Lines,DAL,54194716672,82.41,United States
222,Devon Energy,DVN,54009999360,49.1,United States
223,Keysight,KEYS,53836939264,316.13,United States
224,Autodesk,ADSK,53593939968,253.825,United States
225,Cardinal Health,CAH,53378453504,229.51,United States
226,PayPal,PYPL,53056098304,61.55,United States
227,Electronic Arts,EA,52925640704,209.7,United States
228,Becton Dickinson,BDX,52298268672,192.0,United States
229,Honeywell Aerospace,HONA,52211621888,164.73,United States
230,Edwards Lifesciences,EW,51701084160,89.79,United States
231,State Street Corporation,STT,51404943360,187.13,United States
232,Axon Enterprise,AXON,50996789248,627.75,United States
233,Wabtec,WAB,50262802432,297.57,United States
234,Carrier Global,CARR,50142138368,60.37,United States
235,Fifth Third Bank,FITB,49698332672,54.82,United States
236,L3Harris Technologies,LHX,49669029888,266.73,United States
237,HEICO,HEI,49612476416,355.04,United States
238,Astera Labs,ALAB,49438048256,284.97,United States
239,Workday,WDAY,49397161984,200.01,United States
240,Block,XYZ,49361321984,82.16,United States
241,Coinbase,COIN,49202950144,186.49,United States
242,Ameriprise Financial,AMP,49114157056,555.59,United States
243,Entergy,ETR,48818987008,104.62,United States
244,Rockwell Automation,ROK,48537153536,437.08,United States
245,CoreWeave,CRWV,48452489216,87.85,United States
246,AutoZone,AZO,48289583104,2957.95,United States
247,Natera,NTRA,47860191232,332.03,United States
248,Ventas,VTR,47734788096,93.06,United States
249,Xcel Energy,XEL,47659597824,76.3,United States
250,"Strategy 
 (MicroStrategy)",MSTR,47375839232,119.25,United States
251,Chipotle Mexican Grill,CMG,46693924864,36.9,United States
252,Cerebras Systems,CBRS,46593437696,196.13,United States
253,Ares Management,ARES,46590836736,141.25,United States
254,Rocket Lab,RKLB,46402056192,72.57,United States
255,eBay,EBAY,46337847296,104.13,United States
256,Medline,MDLN,46094540800,34.26,United States
257,Vistra,VST,45716873216,136.21,United States
258,Humana,HUM,45496025088,378.88,United States
259,Exelon Corporation,EXC,45104517120,43.78,United States
260,Agilent Technologies,A,44906676224,159.0,United States
261,Revolution Medicines,RVMD,44894908416,209.46,United States
262,Take-Two Interactive,TTWO,44804255744,239.62,United States
263,Paychex,PAYX,44273623040,124.475,United States
264,CBRE Group,CBRE,44044402688,152.1,United States
265,IDEXX Laboratories,IDXX,43932307456,556.93,United States
266,Keurig Dr Pepper,KDP,43600867328,32.04,United States
267,Credo Technology,CRDO,42996211712,230.57,United States
268,Old Dominion Freight Line,ODFL,42812923904,206.47,United States
269,IQVIA,IQV,42766372864,259.82,United States
270,Waste Connections,WCN,42615828480,169.4,United States
271,BeOne Medicines,ONC,42360856576,374.47,United States
272,Live Nation,LYV,42356699136,181.82,United States
273,Prudential Financial,PRU,41796751360,121.15,United States
274,Yum! Brands,YUM,41751138304,152.99,United States
275,D. R. Horton,DHI,41493688320,148.35,United States
276,Microchip Technology,MCHP,41312104448,76.08,United States
277,Grayscale Bitcoin Trust,GBTC,41085235200,59.34,United States
278,MSCI,MSCI,40965722112,563.49,United States
279,Roper Technologies,ROP,40726392832,411.79,United States
280,Waters Corporation,WAT,40324931584,410.7,United States
281,Veeva Systems,VEEV,40269692928,247.9,United States
282,Sysco,SYY,40262062080,84.1,United States
283,American International Group,AIG,39802630144,76.12,United States
284,Rocket Companies,RKT,39444779008,13.93,United States
285,Consolidated Edison,ED,39331274752,106.35,United States
286,PG&amp;E Corporation,PCG,38761660416,17.6,United States
287,Archer Daniels Midland (ADM),ADM,38701109248,80.3,United States
288,Expedia Group,EXPE,38601822208,321.63,United States
289,NetApp,NTAP,37669523456,192.27,United States
290,The Hershey Company,HSY,37464600576,186.46,United States
291,Estee Lauder,EL,36881375232,101.94,United States
292,The Hartford,HIG,36865679360,136.1,United States
293,United Airlines Holdings,UAL,36731555840,113.17,United States
294,Kenvue,KVUE,36609941504,19.06,United States
295,TKO Group Holdings,TKO,36555550720,193.14,United States
296,Iron Mountain,IRM,36325695488,122.02,United States
297,Kimberly-Clark,KMB,36284399616,109.31,United States
298,PSEG,PEG,36183117824,72.61,United States
299,Everpure,P,36082556928,108.55,United States
300,Vulcan Materials,VMC,35768913920,276.04,United States
301,Venture Global,VG,35526320128,14.21,United States
302,Kroger,KR,35472277504,57.9,United States
303,Carnival Corporation,CCL,35241070592,25.73,United States
304,DexCom,DXCM,34845491200,92.34,United States
305,M&T Bank,MTB,34833195008,240.34,United States
306,MongoDB,MDB,34652487680,430.83,United States
307,Twilio,TWLO,34600497152,225.3,United States
308,WEC Energy Group,WEC,34543292416,106.01,United States
309,Huntington Bancshares,HBAN,34407665664,17.03,United States
310,Emcor,EME,34256629760,776.62,United States
311,GE HealthCare Technologies,GEHC,34035003392,74.82,United States
312,Ubiquiti,UI,33831845888,559.0,United States
313,Raymond James Financial,RJF,33701771264,175.2,United States
314,Northern Trust,NTRS,33645543424,183.9,United States
315,EQT Corporation,EQT,33602721792,53.72,United States
316,ResMed,RMD,33397293056,231.52,United States
317,Illumina,ILMN,33129398272,219.4,United States
318,"Cheniere Energy
Partners",CQP,33099864064,68.38,United States
319,Jabil,JBL,32820363264,313.21,United States
320,Steel Dynamics,STLD,32776267776,228.68,United States
321,Copart,CPRT,32559822848,33.8,United States
322,Extra Space Storage,EXR,32401340416,146.81,United States
323,Martin Marietta Materials,MLM,32130418688,534.92,United States
324,Crown Castle,CCI,32126140416,75.51,United States
325,Zoetis,ZTS,32119873536,77.73,United States
326,Centene,CNC,32119554048,65.02,United States
327,Biogen,BIIB,32030111744,216.78,United States
328,Alnylam Pharmaceuticals,ALNY,31608389632,236.22,United States
329,Zoom,ZM,31501938688,107.43,United States
330,Cboe Global Markets,CBOE,31406581760,300.74,United States
331,Casey's General Stores,CASY,30926485504,835.74,United States
332,Las Vegas Sands,LVS,30461386752,47.03,United States
333,Kraft Heinz,KHC,30333370368,25.58,United States
334,Coupang,CPNG,29528807424,16.45,United States
335,Halliburton,HAL,29522956288,35.34,United States
336,Reddit,RDDT,29492459520,153.29,United States
337,Teledyne Technologies,TDY,29472280576,636.15,United States
338,Citizens Financial Group,CFG,29423411200,69.86,United States
339,Zscaler,ZS,29389895680,181.745,United States
340,Ameren,AEE,29381373952,106.13,United States
341,Cognizant Technology Solutions,CTSH,29264508928,61.87,United States
342,VICI Properties,VICI,29189564416,26.51,United States
343,ON Semiconductor,ON,28890822656,74.21,United States
344,Blue Owl Capital,OWL,28502108160,11.67,United States
345,LPL Financial,LPLA,28453525504,361.35,United States
346,Atmos Energy,ATO,28195741696,166.85,United States
347,ATI Inc.,ATI,28188631040,207.01,United States
348,DTE Energy,DTE,28137668608,135.22,United States
349,Williams-Sonoma,WSM,27974240256,237.58,United States
350,Fiserv,FISV,27960295424,52.58,United States
351,Mettler Toledo,MTD,27956011008,1395.25,United States
352,Edison International,EIX,27548831744,71.59,United States
353,Insmed,INSM,27465840640,125.77,United States
354,Roblox,RBLX,27410604032,38.37,United States
355,Corpay,CPAY,27388590080,417.13,United States
356,LabCorp,LH,27277172736,336.34,United States
357,Dollar General,DG,27222597632,123.41,United States
358,Otis Worldwide,OTIS,27214051328,71.49,United States
359,Dover Corporation,DOV,27194630144,201.92,United States
360,HP,HPQ,27170467840,29.71,United States
361,Qnity Electronics,Q,26979637248,128.88,United States
362,Quest Diagnostics,DGX,26974144512,244.39,United States
363,American Water,AWK,26905917440,135.39,United States
364,AST SpaceMobile,ASTS,26716348416,68.65,United States
365,FirstEnergy,FE,26584696832,45.96,United States
366,Xylem,XYL,26482073600,113.42,United States
367,Texas Pacific Land Corporation,TPL,26461448192,383.64,United States
368,Eversource Energy,ES,26446333952,70.21,United States
369,GlobalFoundries,GFS,26367490048,48.05,United States
370,Formula One Group,FWONK,26309349376,104.94,United States
371,AvalonBay Communities,AVB,26283393024,184.06,United States
372,Tapestry,TPR,25954813952,130.17,United States
373,Regions Financial,RF,25907177472,30.41,United States
374,Incyte,INCY,25906798592,127.81,United States
375,PPL,PPL,25872492544,34.38,United States
376,J. B. Hunt,JBHT,25864755200,275.45,United States
377,Synchrony Financial,SYF,25857222656,79.47,United States
378,Cincinnati Financial,CINF,25828818944,168.29,United States
379,Affirm,AFRM,25797234688,77.03,United States
380,Fox Corporation,FOX,25619640320,61.05,United States
381,CenterPoint Energy,CNP,25538584576,38.77,United States
382,VeriSign,VRSN,25474719744,281.8,United States
383,W. R. Berkley,WRB,25466208256,68.6,United States
384,SharkNinja,SN,25463941120,180.76,United States
385,Fair Isaac (FICO),FICO,25326901248,1172.67,United States
386,Symbotic,SYM,25322409984,41.83,United States
387,Dollar Tree,DLTR,25267113984,131.48,United States
388,PPG Industries,PPG,25259948032,113.63,United States
389,EchoStar,ECHO,25217499136,86.81,United States
390,Darden Restaurants,DRI,25160855552,221.6,United States
391,Omnicom Group,OMC,24949444608,87.54,United States
392,West Pharmaceutical Services,WST,24848273408,353.08,United States
393,Hubbell,HUBB,24837220352,470.03,United States
394,Global Payments,GPN,24739172352,93.49,United States
395,Coterra Energy,CTRA,24724652032,32.56,United States
396,First Citizens BancShares,FCNCA,24658978816,2183.54,United States
397,Equity Residential,EQR,24609972224,63.66,United States
398,PulteGroup,PHM,24572739584,129.0,United States
399,Rivian,RIVN,24570193920,16.97,United States
400,Verisk Analytics,VRSK,24566595584,187.5,United States
401,SoFi,SOFI,24423593984,18.91,United States
402,Expeditors International,EXPD,24413538304,187.81,United States
403,Carpenter Technology,CRS,24401647616,492.38,United States
404,Brown &amp; Brown,BRO,24399788032,72.92,United States
405,Supermicro,SMCI,24089552896,37.24,United States
406,Veralto,VLTO,24079468544,98.77,United States
407,Circle Internet Group,CRCL,23982831616,87.98,United States
408,T. Rowe Price,TROW,23786852352,111.51,United States
409,NRG Energy,NRG,23776907264,113.11,United States
410,Viper Energy,VNOM,23720790016,45.27,United States
411,US Foods,USFD,23714174976,109.62,United States
412,Principal Financial Group,PFG,23712088064,110.75,United States
413,Okta,OKTA,23696318464,135.14,United States
414,Curtiss-Wright,CW,23453001728,634.99,United States
415,Church & Dwight,CHD,23435747328,98.8,United States
416,Roku,ROKU,23374505984,157.49,United States
417,Dow,DOW,23367720960,32.35,United States
418,KeyCorp (KeyBank),KEY,23338102784,21.87,United States
419,Tradeweb,TW,23337504768,107.04,United States
420,Samsara,IOT,23273439232,39.94,United States
421,Constellation Brands,STZ,23171319808,135.66,United States
422,XPO Logistics,XPO,23152678912,197.74,United States
423,First Solar,FSLR,23028627456,214.28,United States
424,Expand Energy,EXE,22987499520,96.09,United States
425,"Arxis, Inc.",ARXS,22945810432,53.26,United States
426,Guardant Health,GH,22905944064,170.69,United States
427,Equifax,EFX,22629939200,192.62,United States
428,Tenet Healthcare,THC,22607319040,280.77,United States
429,Packaging Corporation of America,PKG,22523158528,252.79,United States
430,Loews Corporation,L,22452295680,109.83,United States
431,ULTA Beauty,ULTA,22417207296,521.46,United States
432,Markel Group,MKL,22247655424,1795.62,United States
433,Ralph Lauren,RL,22199746560,372.59,United States
434,United Therapeutics,UTHR,22008072192,513.12,United States
435,International Paper,IP,21971855360,41.49,United States
436,Royal Gold,RGLD,21945362432,259.01,United States
437,Entegris,ENTG,21879418880,143.66,United States
438,LyondellBasell,LYB,21814753280,67.53,United States
439,F5,FFIV,21780514816,384.63,United States
440,Bunge Global SA,BG,21730592768,113.11,United States
441,Coeur Mining,CDE,21555795968,20.97,United States
442,FTAI Aviation,FTAI,21537675264,209.7,United States
443,International Flavors & Fragrances,IFF,21516976128,84.28,United States
444,MasTec,MTZ,21381994496,266.26,United States
445,General Mills,GIS,21369141248,39.97,United States
446,Fidelity National Information Services,FIS,21367783424,41.34,United States
447,Toast,TOST,21177919488,36.64,United States
448,CMS Energy,CMS,21089941504,68.27,United States
449,Broadridge Financial Solutions,BR,21070626816,182.18,United States
450,Lennar,LEN,20962693120,87.02,United States
451,Unity Software,U,20653373440,46.93,United States
452,Rubrik,RBRK,20601378816,100.09,United States
453,Tyson Foods,TSN,20573351936,58.48,United States
454,FedEx Freight,FDXF,20531830784,137.32,United States
455,Burlington Stores,BURL,20514082816,326.5,United States
456,TPG Inc.,TPG,20465729536,52.4,United States
457,MACOM Technology Solutions,MTSI,20361252864,266.61,United States
458,Snap-on,SNA,20348934144,393.39,United States
459,Woodward,WWD,20268068864,343.26,United States
460,Charter Communications,CHTR,20239536128,150.17,United States
461,Exact Sciences,EXAS,20026083328,104.91,United States
462,TD Synnex,SNX,20000882688,250.14,United States
463,Western Midstream,WES,19981123584,48.36,United States
464,Essex Property Trust,ESS,19919669248,289.0,United States
465,Permian Resources,PR,19891980288,23.75,United States
466,Reliance,RS,19802949632,387.89,United States
467,Southwest Airlines,LUV,19754227712,40.38,United States
468,CF Industries,CF,19613421568,129.6,United States
469,NiSource,NI,19479730176,40.62,United States
470,SS&C Technologies,SSNC,19464630272,82.95,United States
471,SBA Communications,SBAC,19370627072,182.59,United States
472,Zimmer Biomet,ZBH,19260692480,100.98,United States
473,MKS Instruments,MKSI,18872735744,279.11,United States
474,Viatris,VTRS,18745001984,16.32,United States
475,ITT,ITT,18695667712,208.1,United States
476,Dupont De Nemours,DD,18677235712,138.33,United States
477,News Corp,NWS,18662666240,34.55,United States
478,Evergy,EVRG,18657495040,80.92,United States
479,Nordson,NDSN,18511730688,332.24,United States
480,SiTime,SITM,18488576000,614.83,United States
481,Ovintiv,OVV,18482411520,66.82,United States
482,Genuine Parts Company,GPC,18467694592,133.96,United States
483,Fortive,FTV,18316050432,60.08,United States
484,Nutanix,NTNX,18284478464,67.64,United States
485,Tractor Supply,TSCO,18225983488,34.98,United States
486,IonQ,IONQ,18174386176,44.86,United States
487,Best Buy,BBY,18102788096,85.89,United States
488,Onto Innovation,ONTO,17929336832,293.33,United States
489,Invitation Homes,INVH,17886605312,30.11,United States
490,Jones Lang LaSalle,JLL,17822003200,387.37,United States
491,East West Bancorp,EWBC,17807431680,129.97,United States
492,APi Group,APG,17787717632,41.16,United States
493,Leidos,LDOS,17784807424,141.39,United States
494,Rollins,ROL,17759076352,36.91,United States
495,Jacobs Engineering,J,17721579520,150.08,United States
496,Weyerhaeuser,WY,17607581696,24.43,United States
497,Alliant Energy,LNT,17595060224,67.86,United States
498,Carlyle Group,CG,17592150016,49.37,United States
499,Zebra Technologies,ZBRA,17553381376,368.51,United States
500,Annaly Capital Management,NLY,17456025600,23.16,United States
501,Franklin Resources,BEN,17432119296,34.31,United States
502,Plains All American Pipeline,PAA,17363990528,24.61,United States
503,Medpace,MEDP,17326159872,620.75,United States
504,Gen Digital,GEN,17317122048,28.93,United States
505,HF Sinclair,DINO,17301923840,97.32,United States
506,IDEX,IEX,17279205376,234.39,United States
507,CDW Corporation,CDW,17158641664,137.25,United States
508,Hyatt Hotels,H,17025751040,180.67,United States
509,WESCO International,WCC,17014590464,349.14,United States
510,Hologic,HOLX,16968846336,76.01,United States
511,NVR,NVR,16944538624,6358.51,United States
512,Ball Corporation,BALL,16930615296,63.59,United States
513,Albemarle,ALB,16904224768,143.25,United States
514,Ryan Specialty,RYAN,16879462400,43.28,United States
515,PTC,PTC,16783748096,154.68,United States
516,Lattice Semiconductor,LSCC,16682465280,117.69,United States
517,Clean Harbors,CLH,16679714816,315.98,United States
518,C. H. Robinson,CHRW,16549644288,141.63,United States
519,Performance Food Group,PFGC,16489467904,104.98,United States
520,Dick's Sporting Goods,DKS,16399549440,183.23,United States
521,W. P. Carey,WPC,16219875328,71.2,United States
522,TransUnion,TRU,16211275776,84.61,United States
523,Host Hotels & Resorts,HST,16124600320,23.21,United States
524,Kimco Realty,KIM,16112361472,24.02,United States
525,Pershing Square Inc.,PS,16024000512,40.06,United States
526,RBC Bearings,RBC,16007863296,505.63,United States
527,BridgeBio Pharma,BBIO,15932679168,81.5,United States
528,Reinsurance Group of America,RGA,15876794368,243.13,United States
529,Akamai,AKAM,15869188096,110.42,United States
530,Sterling Infrastructure,STRL,15808451584,516.81,United States
531,Aramark,ARMK,15756868608,59.77,United States
532,Guidewire Software,GWRE,15751272448,189.19,United States
533,Mid-America Apartment Communities,MAA,15668781056,131.31,United States
534,Sun Communities,SUI,15555546112,121.66,United States
535,Neurocrine Biosciences,NBIX,15508617216,152.57,United States
536,Pinnacle Financial Partners,PNFP,15452778496,102.26,United States
537,Lincoln Electric,LECO,15360813056,281.82,United States
538,Lamar Advertising,LAMR,15310645248,150.77,United States
539,Solventum,SOLV,15246939136,89.57,United States
540,APA Corporation,APA,15201752064,43.39,United States
541,Healthpeak Properties,DOC,15171471360,21.4,United States
542,UL Solutions,ULS,15129327616,75.06,United States
543,Stanley Black &amp; Decker,SWK,15104684032,100.02,United States
544,Talen Energy,TLN,15067117568,314.46,United States
545,McCormick & Company,MKC,14897064960,55.41,United States
546,Cooper Companies,COO,14865233920,76.22,United States
547,Omega Healthcare Investors,OHI,14700573696,46.61,United States
548,Carlisle Companies,CSL,14602091520,367.68,United States
549,Masco,MAS,14451866624,73.29,United States
550,Figma,FIG,14444567552,27.1,United States
551,Textron,TXT,14424089600,82.95,United States
552,BWX Technologies,BWXT,14364494848,156.78,United States
553,Tyler Technologies,TYL,14363191296,350.73,United States
554,CACI International Inc,CACI,14307021824,647.39,United States
555,Ares Capital,ARCC,14303014912,19.92,United States
556,Sunoco,SUN,14291190784,75.85,United States
557,"QXO, Inc.",QXO,14275871744,13.76,United States
558,Dynatrace,DT,14247803904,49.3,United States
559,Corebridge Financial,CRBG,14242432000,31.95,United States
560,Penske Automotive Group,PAG,14240307200,216.87,United States
561,Regency Centers,REG,14220081152,76.06,United States
562,Warner Music Group,WMG,14191967232,27.13,United States
563,Invesco,IVZ,14136822784,32.02,United States
564,Charles River Laboratories,CRL,14092038144,295.19,United States
565,AMH (American Homes 4 Rent),AMH,14081850368,34.35,United States
566,Avery Dennison,AVY,14052048896,183.71,United States
567,Trimble,TRMB,14049085440,60.25,United States
568,Assurant,AIZ,14009923584,284.04,United States
569,UDR Apartments,UDR,13994376192,37.77,United States
570,Mueller Industries,MLI,13983087616,63.22,United States
571,Lennox,LII,13923459072,402.87,United States
572,Revvity,RVTY,13920403456,124.75,United States
573,Hecla Mining,HL,13897159680,20.72,United States
574,Unum,UNM,13894587392,87.77,United States
575,U-Haul,UHAL,13881639936,71.41,United States
576,RPM International,RPM,13865859072,108.63,United States
577,Erie Indemnity,ERIE,13848972288,264.85,United States
578,Five Below,FIVE,13837109248,250.24,United States
579,BorgWarner,BWA,13804505088,67.78,United States
580,Bitmine Immersion Technologies,BMNR,13771658240,22.83,United States
581,Toll Brothers,TOL,13748648960,147.09,United States
582,Alcoa,AA,13683703808,51.85,United States
583,IES Holdings,IESC,13648979968,685.04,United States
584,Baxter,BAX,13617674240,26.34,United States
585,Somnigroup International,SGI,13612750848,64.71,United States
586,DigitalOcean,DOCN,13519252480,115.64,United States
587,Texas Roadhouse,TXRH,13422257152,204.48,United States
588,Wayfair,W,13400284160,101.52,United States
589,Exelixis,EXEL,13400034304,54.08,United States
590,Equitable Holdings,EQH,13338247168,48.9,United States
591,Brown Forman,BF-A,13334594560,29.06,United States
592,J.M. Smucker Company,SJM,13287406592,124.32,United States
593,CNA Financial,CNA,13254033408,48.98,United States
594,Nextpower,NXT,13240553472,86.18,United States
595,Corcept Therapeutics,CORT,13215029248,122.25,United States
596,Hasbro,HAS,13193298944,93.54,United States
597,Globe Life,GL,13147403264,171.08,United States
598,SEI Investments,SEIC,13145701376,109.53,United States
599,Hormel Foods,HRL,13140787200,23.88,United States
600,Equity LifeStyle Properties,ELS,13117126656,65.46,United States
601,Tempus AI,TEM,13115802624,72.69,United States
602,Pinterest,PINS,13107681280,23.4,United States
603,CoStar Group,CSGP,13071674368,32.26,United States
604,Graco,GGG,13059956736,80.64,United States
605,Ally Financial,ALLY,13059292160,42.93,United States
606,Gaming and Leisure Properties,GLPI,13043246080,43.55,United States
607,Madison Air Solutions,MAIR,13039770624,25.99,United States
608,Crown Holdings,CCK,12993618944,119.47,United States
609,DraftKings,DKNG,12992202752,26.17,United States
610,DT Midstream,DTM,12932478976,126.77,United States
611,BioMarin Pharmaceutical,BMRN,12911369216,66.7,United States
612,AGNC Investment,AGNC,12909893632,10.89,United States
613,Clorox,CLX,12902129664,106.69,United States
614,Watsco,WSO,12868208640,311.94,United States
615,Penumbra,PEN,12808652800,325.18,United States
616,Fidelity National Financial,FNF,12685520896,47.3,United States
617,Coca-Cola Consolidated,COKE,12587309056,189.1,United States
618,Webster Financial,WBS,12568934400,77.57,United States
619,Watts Water Technologies,WTS,12537672704,375.57,United States
620,Applied Industrial Technologies,AIT,12537063424,341.62,United States
621,Manhattan Associates,MANH,12509915136,214.56,United States
622,Aurora Innovation,AUR,12505928704,6.24,United States
623,Deckers Brands,DECK,12485152768,91.68,United States
624,Amkor Technology,AMKR,12458072064,50.26,United States
625,Chime Financial,CHYM,12410019840,32.78,United States
626,Gartner,IT,12370883584,195.9,United States
627,BJ's Wholesale Club,BJ,12312103936,96.42,United States
628,GoDaddy,GDDY,12293692416,97.07,United States
629,Halozyme Therapeutics,HALO,12277078016,108.17,United States
630,Arrowhead Pharmaceuticals,ARWR,12270055424,87.11,United States
631,"BXP, Inc.",BXP,12239975424,67.67,United States
632,Stifel,SF,12225099776,80.96,United States
633,Pershing Square Holdings,PSHZF,12225084416,56.685,United States
634,American Healthcare REIT,AHR,12192670720,55.93,United States
635,Generac,GNRC,12153981952,205.98,United States
636,Crane Company,CR,12046172160,208.41,United States
637,Elanco,ELAN,11975934976,23.97,United States
638,HubSpot,HUBS,11968386048,240.01,United States
639,Madrigal Pharmaceuticals,MDGL,11938826240,516.74,United States
640,American Financial Group,AFG,11915813888,143.7,United States
641,Encompass Health,EHC,11868988416,120.31,United States
642,DocuSign,DOCU,11838565376,62.0,United States
643,Jack Henry &amp; Associates,JKHY,11808640000,166.2,United States
644,Pinnacle West Capital,PNW,11799762944,97.36,United States
645,Dycom Industries,DY,11795809280,392.95,United States
646,Huntington Ingalls Industries,HII,11750452224,298.2,United States
647,Owens Corning,OC,11703947264,148.06,United States
648,First Horizon Corporation,FHN,11669131264,24.63,United States
649,Globus Medical,GMED,11668704256,86.91,United States
650,Antero Resources,AR,11664235520,37.94,United States
651,Knight-Swift Transportation,KNX,11653328896,71.6,United States
652,BrightSpring Health Services,BTSG,11648267264,58.87,United States
653,TTM Technologies,TTMI,11645263872,110.54,United States
654,Paramount Skydance,PSKY,11583441920,10.35,United States
655,Semtech,SMTC,11559128064,124.09,United States
656,Align Technology,ALGN,11547529216,162.55,United States
657,Instacart (Maplebear Inc.),CART,11535648768,49.83,United States
658,Advanced Energy,AEIS,11447616512,285.83,United States
659,Essential Utilities,WTRG,11402223616,40.18,United States
660,JFrog,FROG,11359749120,92.13,United States
661,Service Corporation International,SCI,11351726080,83.29,United States
662,Domino's Pizza,DPZ,11308991488,341.85,United States
663,Bio-Techne,TECH,11268227072,72.32,United States
664,Avidity Biosciences,RNAM,11249150976,72.82,United States
665,Evercore,EVR,11225441280,291.89,United States
666,Bentley Systems,BSY,11201605632,37.08,United States
667,Dayforce,DAY,11180042240,69.86,United States
668,DaVita,DVA,11156636672,173.82,United States
669,Confluent,CFLT,11133729792,30.99,United States
670,Regal Rexnord,RRX,11064238080,166.15,United States
671,UMB Financial,UMBF,11023387648,145.14,United States
672,MGM Resorts,MGM,11004667904,43.74,United States
673,Allison Transmission,ALSN,11001872384,133.23,United States
674,Glaukos,GKOS,10905539584,184.89,United States
675,Axsome Therapeutics,AXSM,10883162112,207.77,United States
676,Leonardo DRS,DRS,10862485504,40.7,United States
677,Advanced Drainage Systems,WMS,10838009856,143.73,United States
678,Camden Property Trust,CPT,10817028096,107.59,United States
679,Donaldson Company,DCI,10808706048,93.25,United States
680,EastGroup Properties,EGP,10808436736,201.0,United States
681,"Popular, Inc. (Banco Popular de Puerto Rico)",BPOP,10783031296,169.07,United States
682,Arrow Electronics,ARW,10733409280,210.85,United States
683,Kratos Defense &amp; Security Solutions,KTOS,10720517120,57.17,United States
684,MP Materials,MP,10695000064,60.05,United States
685,Cytokinetics,CYTK,10682559488,76.84,United States
686,Globalstar,GSAT,10670840832,82.36,United States
687,FactSet,FDS,10666462208,299.91,United States
688,Jefferies Financial Group,JEF,10643504128,52.33,United States
689,New York Times,NYT,10594718720,65.69,United States
690,SailPoint,SAIL,10572290048,18.64,United States
691,Applied Optoelectronics,AAOI,10555932672,124.82,United States
692,Brinker International,EAT,10552970240,246.06,United States
693,AES,AES,10533339136,14.77,United States
694,Antero Midstream,AM,10509281280,22.14,United States
695,Modine Manufacturing,MOD,10499319808,197.68,United States
696,Praxis Precision Medicines,PRAX,10496240640,375.94,United States
697,Murphy USA,MUSA,10471651328,569.72,United States
698,Littelfuse,LFUS,10470888448,412.26,United States
699,The Ensign Group,ENSG,10460530688,179.48,United States
700,Molina Healthcare,MOH,10455137280,200.29,United States
701,Universal Health Services,UHS,10447086592,177.26,United States
702,SPX Technologies,SPXC,10377790464,207.2,United States
703,Darling Ingredients,DAR,10373962752,65.74,United States
704,South State Corp,SSB,10362698752,106.86,United States
705,Lineage,LINE,10350055424,41.61,United States
706,Wynn Resorts,WYNN,10326221824,100.28,United States
707,Paycom,PAYC,10324556800,229.07,United States
708,Wintrust Financial,WTFC,10300028928,152.67,United States
709,ViaSat,VSAT,10293113856,74.72,United States
710,Insulet,PODD,10275518464,148.16,United States
711,Acuity Brands,AYI,10270886912,343.1,United States
712,Krystal Biotech,KRYS,10258364416,346.58,United States
713,Repligen,RGEN,10222184448,181.13,United States
714,Cullen/Frost Bankers,CFR,10204209152,164.19,United States
715,Apogee Therapeutics,APGE,10198922240,134.75,United States
716,Cognex,CGNX,10184271872,60.54,United States
717,Bio-Rad Laboratories,BIO,10170210304,380.03,United States
718,Federal Realty Investment Trust,FRT,10146853888,116.74,United States
719,Flowserve,FLS,10146599936,79.39,United States
720,Sanmina,SANM,10124004352,188.89,United States
721,Forgent Power Solutions,FPS,10100951040,33.18,United States
722,Skyworks Solutions,SWKS,10098256896,67.14,United States
723,Westlake Corporation,WLK,10086981632,78.93,United States
724,Henry Schein,HSIC,10081633280,88.5,United States
725,Life Time Group,LTH,10080368640,45.11,United States
726,Chart Industries,GTLS,10047718400,209.9,United States
727,Old Republic International,ORI,10038781952,41.58,United States
728,Protagonist Therapeutics,PTGX,9985782784,154.32,United States
729,Kymera Therapeutics,KYMR,9961444352,119.8,United States
730,Zions Bancorporation,ZION,9945262080,68.14,United States
731,TopBuild,BLD,9935550464,354.53,United States
732,Ionis Pharmaceuticals,IONS,9927852032,59.74,United States
733,Oscar Health,OSCR,9888986112,32.04,United States
734,Old National Bank,ONB,9874130944,25.81,United States
735,Rambus,RMBS,9866417152,91.24,United States
736,Chewy,CHWY,9834369024,24.02,United States
737,Oshkosh Corporation,OSK,9794766848,157.09,United States
738,Nuvalent,NUVL,9792580608,123.96,United States
739,Madison Square Garden Sports,MSGS,9780308992,406.16,United States
740,Avantor,AVTR,9780149248,14.46,United States
741,FirstCash,FCFS,9770799104,225.28,United States
742,Dillard's,DDS,9708027904,621.63,United States
743,Sirius XM,SIRI,9670449152,28.69,United States
744,Saia,SAIA,9660224512,362.15,United States
745,Procore,PCOR,9647644672,63.49,United States
746,VIAVI Solutions,VIAV,9598568448,38.9,United States
747,Range Resources,RRC,9594881024,41.06,United States
748,Ryder,R,9576363008,249.73,United States
749,Janus Living,JAN,9529029632,30.71,United States
750,Tetra Tech,TTEK,9473643520,37.0,United States
751,The Toro Company,TTC,9469625344,99.44,United States
752,Valmont Industries,VMI,9431734272,485.83,United States
753,Masimo,MASI,9423817728,179.95,United States
754,OGE Energy,OGE,9414796288,45.62,United States
755,Affiliated Managers Group,AMG,9408247808,356.21,United States
756,Match Group,MTCH,9381748736,40.87,United States
757,Liberty Live Holdings,LLYVA,9356946432,101.7,United States
758,CareTrust REIT,CTRE,9352484864,39.58,United States
759,Vaxcyte,PCVX,9318185984,62.62,United States
760,CubeSmart,CUBE,9270433792,40.89,United States
761,Booz Allen Hamilton,BAH,9267957760,77.05,United States
762,Spyre Therapeutics,SYRE,9247725568,106.49,United States
763,Vicor,VICR,9246243840,200.54,United States
764,Mohawk Industries,MHK,9227289600,136.22,United States
765,Kinetik,KNTK,9221393408,54.5,United States
766,Agree Realty,ADC,9214965760,73.88,United States
767,Alexandria Real Estate Equities,ARE,9205377024,53.49,United States
768,Immunovant,IMVT,9164742656,44.37,United States
769,American Airlines,AAL,9148424192,13.82,United States
770,Twist Bioscience,TWST,9129573376,145.59,United States
771,Primerica,PRI,9104556032,295.82,United States
772,Bruker,BRKR,9074521088,59.56,United States
773,ServiceTitan,TTAN,9050368000,94.87,United States
774,Compass,COMP,9019824128,11.75,United States
775,Houlihan Lokey,HLI,9018852352,129.05,United States
776,Elastic NV,ESTC,9002341376,85.94,United States
777,Brixmor Property Group,BRX,8994427904,29.31,United States
778,Crinetics Pharmaceuticals,CRNX,8985203712,84.69,United States
779,Solstice Advanced Materials,SOLS,8920868864,56.16,United States
780,FormFactor,FORM,8899316736,114.16,United States
781,Ryman Hospitality Properties,RHP,8864481280,128.5,United States
782,Snap,SNAP,8861875200,5.24,United States
783,Voya Financial,VOYA,8856699904,97.76,United States
784,SM Energy,SM,8848171008,37.2,United States
785,HealthEquity,HQY,8836569088,105.41,United States
786,InterDigital,IDCC,8836493312,342.42,United States
787,CarMax,KMX,8816936960,62.13,United States
788,Jackson Financial,JXN,8796609536,129.88,United States
789,NNN REIT,NNN,8796216320,45.83,United States
790,Smithfield Foods,SFD,8761325568,22.25,United States
791,Dutch Bros,BROS,8747020288,49.87,United States
792,Prosperity Bancshares,PB,8745263104,72.77,United States
793,Kinsale Capital Group,KNSL,8736664576,383.55,United States
794,PBF Energy,PBF,8716014592,73.53,United States
795,Columbia Banking System,COLB,8713591808,30.81,United States
796,Timken Company,TKR,8693763072,125.1,United States
797,Western Alliance Bancorporation,WAL,8692065280,79.67,United States
798,Core &amp; Main,CNM,8686076928,44.88,United States
799,First Industrial Realty Trust,FR,8622445568,62.93,United States
800,NewMarket Corp,NEU,8620158976,937.34,United States
801,Element Solutions,ESI,8604555264,35.31,United States
802,CAVA Group,CAVA,8600439808,73.63,United States
803,A. O. Smith,AOS,8573113344,63.08,United States
804,AptarGroup,ATR,8570736128,134.8,United States
805,Lear Corporation,LEA,8557519872,128.54,United States
806,Rush Enterprises,RUSHA,8539101696,78.78,United States
807,BOK Financial,BOKF,8534956032,140.47,United States
808,Rexford Industrial,REXR,8512095744,37.23,United States
809,UiPath,PATH,8491990528,16.39,United States
810,10x Genomics,TXG,8484561408,65.12,United States
811,Eastman Chemical,EMN,8470459392,74.09,United States
812,Celsius Holdings,CELH,8441249280,33.36,United States
813,Qorvo,QRVO,8430112768,95.56,United States
814,Commerce Bancshares,CBSH,8373570560,58.38,United States
815,Primo Brands,PRMB,8368138752,23.12,United States
816,AECOM,ACM,8338241536,64.79,United States
817,TG Therapeutics,TGTX,8307057664,54.27,United States
818,StandardAero,SARO,8292840448,25.06,United States
819,Levi Strauss &amp; Co.,LEVI,8270438400,21.49,United States
820,StoneX Group,SNEX,8258628096,68.47,United States
821,ImmunityBio,IBRX,8256124416,7.79,United States
822,GameStop,GME,8170667520,18.21,United States
823,Lithia Motors,LAD,8149800960,370.73,United States
824,AeroVironment,AVAV,8142799360,160.22,United States
825,Paylocity,PCTY,8135754752,153.34,United States
826,Zurn Elkay Water Solutions,ZWS,8128998912,49.01,United States
827,Morningstar,MORN,8101806080,215.97,United States
828,Chord Energy,CHRD,8087080960,147.85,United States
829,Hess Midstream,HESM,8069821440,39.14,United States
830,Lincoln National Corporation,LNC,8069505024,42.15,United States
831,Zillow,Z,8068513792,35.88,United States
832,UGI Corporation,UGI,8062865408,37.59,United States
833,Clearway Energy,CWEN,8030468608,32.56,United States
834,Molson Coors,TAP,8006331904,42.94,United States
835,AppFolio,APPF,7947572736,224.4,United States
836,Planet Labs,PL,7944212480,22.29,United States
837,Idacorp,IDA,7935928320,137.2,United States
838,Norwegian Cruise Line,NCLH,7916398080,17.24,United States
839,Galaxy Digital Holdings,7LX.F,7887111260,22.3715,United States
840,Hims &amp; Hers Health,HIMS,7881326592,33.78,United States
841,Conagra Brands,CAG,7862833664,16.43,United States
842,National Fuel Gas,NFG,7839320064,82.48,United States
843,Oklo,OKLO,7829483008,42.09,United States
844,Valley Bank,VLY,7824890368,14.16,United States
845,TeraWulf,WULF,7803870208,15.64,United States
846,Hanover Insurance Group,THG,7770480640,223.16,United States
847,The Mosaic Company,MOS,7759832576,24.41,United States
848,Vornado Realty Trust,VNO,7757521920,37.88,United States
849,Axalta,AXTA,7747524096,36.2,United States
850,Simpson Manufacturing Company,SSD,7736678400,188.77,United States
851,Applied Digital,APLD,7735906304,27.21,United States
852,Ozon,OZON.ME,7710994396,36.28,United States
853,Pilgrim's Pride,PPC,7679000064,32.25,United States
854,Central Bancompany,CBC,7654583808,31.96,United States
855,Terex,TEX,7598664192,66.48,United States
856,"X-Energy, Inc.",XE,7586855424,18.67,United States
857,Sprouts Farmers Market,SFM,7560517632,81.08,United States
858,Builders FirstSource,BLDR,7554347008,70.21,United States
859,Armstrong World Industries,AWI,7545604096,178.54,United States
860,Rhythm Pharmaceuticals,RYTM,7545293312,110.0,United States
861,Dropbox,DBX,7495247360,34.47,United States
862,AGCO,AGCO,7480088576,106.81,United States
863,Federal Signal,FSS,7478208000,122.51,United States
864,PJT Partners,PJT,7452807168,174.96,United States
865,Joby Aviation,JOBY,7448105472,7.53,United States
866,ESCO Technologies,ESE,7441689600,287.24,United States
867,Riot Platforms,RIOT,7441384960,19.83,United States
868,Etsy,ETSY,7437074432,81.03,United States
869,Terreno Realty,TRNO,7428506112,68.17,United States
870,Caris Life Sciences,CAI,7423776256,26.27,United States
871,Navan,NAVN,7416299520,29.16,United States
872,Kirby Corporation,KEX,7388303360,139.93,United States
873,Lamb Weston,LW,7380095488,53.68,United States
874,Commercial Metals Company,CMC,7335499264,66.31,United States
875,Clearwater Analytics,CWAN,7330872320,24.56,United States
876,First American Financial Corporation,FAF,7326696448,71.76,United States
877,Aura Minerals,AUGO,7315602944,87.26,United States
878,MSA Safety,MSA,7307885056,189.43,United States
879,Zeta Global,ZETA,7296965120,29.07,United States
880,Fannie Mae,FNMA,7295951872,6.3,United States
881,Air Lease Corporation,AL,7282301440,65.0,United States
882,NOV,NOV,7279283200,20.42,United States
883,Avnet,AVT,7274948608,88.64,United States
884,Silicon Labs,SLAB,7273953792,218.0,United States
885,OneMain Financial,OMF,7269470208,63.19,United States
886,SentinelOne,S,7236005888,21.19,United States
887,Matador Resources,MTDR,7224771072,58.38,United States
888,STAG Industrial,STAG,7216751616,36.67,United States
889,Powell Industries,POWL,7201443840,197.67,United States
890,Macerich,MAC,7192840192,24.38,United States
891,Campbell's,CPB,7142039552,23.95,United States
892,Hinge Health,HNGE,7135000064,88.42,United States
893,Gap Inc.,GAP,7127582720,19.8,United States
894,Arcosa,ACA,7115576320,144.9,United States
895,Victory Capital,VCTR,7112351744,115.63,United States
896,Hexcel,HXL,7098017792,93.86,United States
897,CG Oncology,CGON,7074387968,79.81,United States
898,Chemed,CHE,7065228800,540.57,United States
899,Hamilton Lane,HLNE,7060774912,105.35,United States
900,GitLab,GTLB,7038062592,41.67,United States
901,Ralliant Corporation,RAL,7037811200,63.61,United States
902,Argan,AGX,7032475136,501.63,United States
903,Light &amp; Wonder,LNW,7028988928,86.22,United States
904,Loar Holdings,LOAR,7026635264,75.0,United States
905,Fluor Corporation,FLR,7010706432,52.42,United States
906,PACS Group,PACS,7003552768,44.25,United States
907,Allegro MicroSystems,ALGM,6926700032,37.16,United States
908,LandBridge,LB,6915332096,89.71,United States
909,Scholar Rock Holding,SRRK,6880868352,56.5,United States
910,EnerSys,ENS,6843736576,189.76,United States
911,Duolingo,DUOL,6836877824,146.13,United States
912,POOLCORP,POOL,6831333888,187.98,United States
913,Magnolia Oil &amp; Gas,MGY,6823726592,28.14,United States
914,WEX,WEX,6813936640,199.93,United States
915,Healthcare Realty Trust,HR,6801080832,19.39,United States
916,Enact Holdings,ACT,6762821120,49.19,United States
917,Ingredion,INGR,6737755648,106.84,United States
918,Arcellx,ACLX,6732325376,115.07,United States
919,MSC Industrial Direct,MSM,6690944512,119.81,United States
920,Essential Properties Realty Trust,EPRT,6686689792,30.84,United States
921,Taylor Morrison,TMHC,6665396224,72.45,United States
922,Ormat Technologies,ORA,6665038336,108.38,United States
923,Matson,MATX,6662490624,222.8,United States
924,H&amp;R Block,HRB,6616914432,53.68,United States
925,EnPro Industries,NPO,6616804864,312.59,United States
926,Lyft,LYFT,6613097984,17.47,United States
927,F.N.B. Corporation,FNB,6596012032,18.53,United States
928,AutoNation,AN,6595300352,199.49,United States
929,Installed Building Products,IBP,6560006144,246.81,United States
930,Gates Industrial Corp,GTES,6556615168,25.9,United States
931,Aaon,AAON,6550117376,79.44,United States
932,Cipher Mining,CIFR,6542959616,15.765,United States
933,Churchill Downs,CHDN,6531609600,93.71,United States
934,Lantheus Holdings,LNTH,6525278720,99.97,United States
935,LKQ Corporation,LKQ,6519863808,25.77,United States
936,United Bankshares,UBSI,6512323584,47.81,United States
937,Weatherford International,WFRD,6488249344,90.51,United States
938,Belite Bio,BLTE,6486231552,161.06,United States
939,StepStone Group,STEP,6452905984,49.99,United States
940,Southwest Gas,SWX,6438263296,88.87,United States
941,Cleveland-Cliffs,CLF,6429986304,11.27,United States
942,Rayonier,RYN,6411518464,21.2,United States
943,Amdocs,DOX,6411081216,61.4,United States
944,Qualys,QLYS,6408791040,181.98,United States
945,Plexus,PLXS,6400235520,240.14,United States
946,National Storage Affiliates Trust,NSA,6391416320,43.41,United States
947,Cogent Biosciences,COGT,6373572096,36.73,United States
948,Construction Partners,ROAD,6366270464,112.17,United States
949,Urban Outfitters,URBN,6357548032,74.24,United States
950,Eagle Materials,EXP,6350712320,207.03,United States
951,Ingram Micro Holding Corporation,INGM,6343202304,27.5,United States
952,MGIC Investment,MTG,6338357248,30.9,United States
953,Landstar System,LSTR,6331951104,186.58,United States
954,Credit Acceptance,CACC,6287025664,601.05,United States
955,Schneider National,SNDR,6279278080,35.82,United States
956,Uranium Energy,UEC,6255217152,12.76,United States
957,Plains GP,PAGP,6253731840,26.84,United States
958,GATX,GATX,6246876672,176.94,United States
959,Amneal Pharmaceuticals,AMRX,6237981696,17.91,United States
960,Sensata Technologies,ST,6233300992,42.83,United States
961,Red Rock Resorts,RRR,6230430208,61.09,United States
962,Starwood Property Trust,STWD,6220615168,16.38,United States
963,Sealed Air,SEE,6211799552,42.15,United States
964,Kodiak Gas Services,KGS,6202476032,61.46,United States
965,The Trade Desk,TTD,6193020928,13.18,United States
966,Brookfield Renewable,BEPC,6171175424,33.25,United States
967,Erasca,ERAS,6166304768,17.63,United States
968,Glacier Bancorp,GBCI,6152047104,47.25,United States
969,Liquidia Corporation,LQDA,6142099968,68.62,United States
970,Lumen Technologies,LUMN,6120047616,5.94,United States
971,Terns Pharmaceuticals,TERN,6116845568,52.95,United States
972,Dolby,DLB,6113761792,65.27,United States
973,Travere Therapeutics,TVTX,6110563840,65.71,United States
974,VSE Corporation,VSEC,6106376704,217.58,United States
975,Albertsons,ACI,6063457280,12.38,United States
976,Caesars Entertainment,CZR,6062717952,29.76,United States
977,JBT Marel Corporation,JBTM,6062324736,116.86,United States
978,Home BancShares,HOMB,6055502336,30.27,United States
979,Enova International,ENVA,6048561152,242.93,United States
980,Hancock Whitney,HWC,6047213568,75.38,United States
981,RadNet,RDNT,6045561856,76.82,United States
982,MaxLinear,MXL,6041073664,66.61,United States
983,Definium Therapeutics,DFTX,6034419200,44.91,United States
984,e.l.f. Beauty,ELF,6015275008,101.94,United States
985,Macy's,M,6002526208,22.82,United States
986,RLI Corp.,RLI,6000118272,65.38,United States
987,Virtu Financial,VIRT,5998265344,67.93,United States
988,Rigetti Computing,RGTI,5977798144,17.91,United States
989,Rush Street Interactive,RSI,5974615552,25.8,United States
990,BETA Technologies,BETA,5919230464,24.74,United States
991,TXNM Energy,TXNM,5896298496,57.22,United States
992,Teleflex,TFX,5882560000,138.83,United States
993,Sonoco,SON,5880709632,59.48,United States
994,CLEAR Secure,YOU,5878265856,43.29,United States
995,Atlantic Union Bankshares,AUB,5876833280,41.15,United States
996,Mirum Pharmaceuticals,MIRM,5873101824,96.31,United States
997,Boyd Gaming,BYD,5869104640,80.78,United States
998,Netskope,NTSK,5860932096,14.51,United States
999,"Mobility Global, Inc.",MBGL,5857281536,19.85,United States
1000,Casella Waste Systems,CWST,5855520768,92.01,United States
1001,Mercury General,MCY,5854577664,105.7,United States
1002,Crocs,CROX,5854573056,122.11,United States
1003,Portland General Electric,POR,5832167936,49.59,United States
1004,PTC Therapeutics,PTCT,5827233280,69.82,United States
1005,Associated Banc-Corp,ASB,5820063232,30.84,United States
1006,Ameris Bancorp,ABCB,5784644096,86.2,United States
1007,Cirrus Logic,CRUS,5780058112,115.33,United States
1008,Balchem,BCPC,5778847232,181.28,United States
1009,Floor &amp; Decor,FND,5778145280,54.26,United States
1010,MiniMed Group,MMED,5743236608,20.45,United States
1011,SOLV Energy,MWH,5735639552,28.34,United States
1012,Nexstar Media Group,NXST,5734657024,186.14,United States
1013,EXL Service,EXLS,5733943296,37.53,United States
1014,Sensient Technologies,SXT,5728079360,134.56,United States
1015,Core Scientific,CORZ,5723073024,17.81,United States
1016,Ligand Pharmaceuticals,LGND,5707365376,286.29,United States
1017,MarketAxess,MKTX,5705119744,162.11,United States
1018,EPAM Systems,EPAM,5692107264,110.34,United States
1019,Rithm Capital,RITM,5690167296,10.19,United States
1020,Frontdoor,FTDR,5689898496,82.59,United States
1021,Sphere Entertainment,SPHR,5687279104,158.36,United States
1022,VF Corporation,VFC,5649343488,14.37,United States
1023,Remitly,RELY,5645613568,26.67,United States
1024,The Cheesecake Factory,CAKE,5639372288,113.33,United States
1025,Warrior Met Coal,HCC,5635567104,106.73,United States
1026,BGC Group,BGC,5634278400,11.85,United States
1027,RingCentral,RNG,5595747840,67.01,United States
1028,Flagstar Bank,FLG,5591300608,13.47,United States
1029,Sotera Health,SHC,5584784384,19.57,United States
1030,Archrock,AROC,5575754240,31.8,United States
1031,Blue Owl Capital Corporation,OBDC,5572511232,11.3,United States
1032,Cactus Inc,WHD,5566856704,69.43,United States
1033,Jersey Mike's Subs,JMKE,5555423744,23.86,United States
1034,Commvault,CVLT,5545696768,133.81,United States
1035,Phillips Edison &amp; Company,PECO,5543806464,39.27,United States
1036,Wyndham Hotels &amp; Resorts,WH,5537633792,74.62,United States
1037,ACM Research,ACMR,5530843136,79.41,United States
1038,Pegasystems,PEGA,5517430272,33.56,United States
1039,Granite Construction,GVA,5497383424,123.74,United States
1040,Novanta,NOVT,5492653056,145.24,United States
1041,Mercury Systems,MRCY,5485554688,91.36,United States
1042,Axos Financial,AX,5483913216,96.66,United States
1043,Black Hills,BKH,5466588160,71.69,United States
1044,Selective Insurance,SIGI,5451612160,91.47,United States
1045,Main Street Capital,MAIN,5450608640,58.29,United States
1046,Vail Resorts,MTN,5445159424,152.81,United States
1047,Kite Realty,KRG,5437006848,26.15,United States
1048,AAR,AIR,5427697152,134.82,United States
1049,Merit Medical,MMSI,5420511744,90.78,United States
1050,SAIC (Science Applications International Corp),SAIC,5413123584,128.04,United States
1051,Herc Holdings,HRI,5412550656,161.9,United States
1052,New Jersey Resources,NJR,5401323008,53.52,United States
1053,Versant Media Group,VSNT,5392840704,38.75,United States
1054,ADT,ADT,5391527424,7.38,United States
1055,Bank OZK,OZK,5388638720,49.42,United States
1056,CNX Resources,CNX,5379230720,36.36,United States
1057,CSW Industrials,CSW,5378317312,330.09,United States
1058,Reynolds Consumer Products,REYN,5368244736,25.47,United States
1059,Murphy Oil,MUR,5363887616,37.41,United States
1060,Solaris Energy Infrastructure,SEI,5361372160,53.28,United States
1061,PriceSmart,PSMT,5334858752,172.87,United States
1062,Fortune Brands Innovations,FBIN,5315611648,44.53,United States
1063,Piper Sandler,PIPR,5301684736,75.02,United States
1064,Oceaneering International,OII,5275071488,53.0,United States
1065,First National of Nebraska,FINN,5269485056,19500.0,United States
1066,Amentum,AMTM,5254443008,21.49,United States
1067,Outfront Media,OUT,5254114304,29.83,United States
1068,Apellis Pharmaceuticals,APLS,5252712960,41.03,United States
1069,UniFirst,UNF,5248930816,290.25,United States
1070,GXO Logistics,GXO,5243379200,45.72,United States
1071,Parsons,PSN,5238804480,49.05,United States
1072,Brunswick Corporation,BC,5237576192,80.83,United States
1073,ACI Worldwide,ACIW,5235538944,51.86,United States
1074,Middleby,MIDD,5222277120,115.48,United States
1075,Klaviyo,KVYO,5219053568,18.33,United States
1076,Sabra Health Care REIT,SBRA,5208885248,20.39,United States
1077,Eastern Bankshares,EBC,5196352512,22.74,United States
1078,Iridium Communications,IRDM,5189939712,48.98,United States
1079,Acushnet Holdings,GOLF,5187535872,88.82,United States
1080,Avis Budget Group,CAR,5179108352,146.61,United States
1081,Liberty Broadband,LBRDA,5177567232,35.99,United States
1082,Laureate Education,LAUR,5160091136,37.46,United States
1083,Perimeter Solutions,PRM,5146317312,31.44,United States
1084,Celanese,CE,5136249856,46.8,United States
1085,Louisiana-Pacific,LPX,5116995072,73.18,United States
1086,Enphase Energy,ENPH,5088729600,38.61,United States
1087,HASI (HA Sustainable Infrastructure Capita),HASI,5073013760,39.48,United States
1088,ESAB,ESAB,5060459520,81.4,United States
1089,Moelis &amp; Company,MC,5058984448,68.29,United States
1090,Impinj,PI,5057977344,165.54,United States
1091,ACADIA Pharmaceuticals,ACAD,5051458048,29.5,United States
1092,Millrose Properties,MRP,5046196224,30.39,United States
1093,Paymentus,PAY,5037585920,40.0,United States
1094,Gentex,GNTX,5034181120,23.64,United States
1095,Boot Barn Holdings,BOOT,5014261760,165.57,United States
1096,Greif,GEF,4997521920,87.91,United States
1097,Fervo Energy Company,FRVO,4987393536,16.92,United States
1098,SLM Corporation (Sallie Mae),SLM,4974479872,26.46,United States
1099,Ondas Holdings,ONDS,4969510912,8.71,United States
1100,ONE Gas,OGS,4954959872,78.83,United States
1101,CNO Financial Group,CNO,4951743488,53.52,United States
1102,Haemonetics,HAE,4950079488,108.8,United States
1103,TFS Financial,TFSL,4947010048,17.64,United States
1104,Graham Holdings,GHC,4941864960,1166.93,United States
1105,Global Business Travel Group,GBTG,4936429056,9.45,United States
1106,Choice Hotels International,CHH,4933845504,109.62,United States
1107,International Seaways,INSW,4929355776,99.52,United States
1108,Champion Homes,SKY,4898782208,90.25,United States
1109,UFP Industries,UFPI,4898340864,88.8,United States
1110,First Financial Bankshares,FFIN,4891505664,34.13,United States
1111,Cousins Properties,CUZ,4885389312,29.68,United States
1112,Dyne Therapeutics,DYN,4874081792,26.1,United States
1113,Trex,TREX,4865577472,46.83,United States
1114,KBR,KBR,4863694336,38.58,United States
1115,Parabilis Medicines,PBLS,4862268416,39.36,United States
1116,Vishay Intertechnology,VSH,4851382784,31.63,United States
1117,Archer Aviation,ACHR,4851169280,6.3,United States
1118,Abercrombie &amp; Fitch,ANF,4843501056,109.01,United States
1119,Radian Group,RDN,4840905216,36.59,United States
1120,MYR Group,MYRG,4840012800,310.87,United States
1121,Materion,MTRN,4832590848,231.96,United States
1122,Icahn Enterprises,IEP,4827113472,6.79,United States
1123,Tutor Perini Corporation,TPC,4797983232,91.27,United States
1124,Waystar,WAY,4795628032,25.01,United States
1125,Belden,BDC,4785515520,122.46,United States
1126,Spire Inc.,SR,4783408128,80.92,United States
1127,LifeStance Health Group,LFST,4764233728,12.47,United States
1128,Bill.com,BILL,4762715648,47.82,United States
1129,Federated Hermes,FHI,4755859968,63.7,United States
1130,Tidewater,TDW,4739280896,95.25,United States
1131,ServisFirst Bancshares,SFBS,4739013120,43.34,United States
1132,Varonis Systems,VRNS,4735697920,41.23,United States
1133,California Resources Corporation,CRC,4728771584,53.24,United States
1134,Core Natural Resources,CNR,4721896960,95.13,United States
1135,USA Rare Earth,USAR,4712366080,19.26,United States
1136,EquipmentShare.com,EQPT,4689989120,18.51,United States
1137,Patterson-UTI Energy,PTEN,4684482048,12.34,United States
1138,Meritage Homes,MTH,4671678976,71.68,United States
1139,Webull,BULL,4669367808,8.78,United States
1140,Alliance Laundry Holdings,ALH,4665579520,23.47,United States
1141,AXT Inc,AXTI,4638648832,70.74,United States
1142,EPR Properties,EPR,4623348224,60.35,United States
1143,Xometry,XMTR,4618000896,83.59,United States
1144,Franklin Electric,FELE,4602413568,104.1,United States
1145,Ollie's Bargain Outlet,OLLI,4598682112,76.07,United States
1146,Brink's,BCO,4589760512,111.43,United States
1147,Neptune Insurance Holdings,NP,4578096128,33.36,United States
1148,Robert Half,RHI,4577638400,44.75,United States
1149,ICU Medical,ICUI,4572286976,182.84,United States
1150,Tanger Inc.,SKT,4568771072,38.22,United States
1151,"Box, Inc.",BOX,4559109120,32.91,United States
1152,Griffon Corporation,GFF,4554383872,100.55,United States
1153,Amicus Therapeutics,FOLD,4549870080,14.49,United States
1154,Nelnet,NNI,4545062400,127.03,United States
1155,Fulton Financial,FULT,4526137856,23.64,United States
1156,Dave Inc.,DAVE,4524633600,354.72,United States
1157,Doximity,DOCS,4514970624,25.33,United States
1158,Chefs' Warehouse,CHEF,4512454656,110.61,United States
1159,Alaska Airlines,ALK,4508421120,40.41,United States
1160,Broadstone Net Lease,BNL,4496376320,21.12,United States
1161,Hagerty,HGTY,4494584832,13.08,United States
1162,Rumble,RUM,4487082496,9.05,United States
1163,BillionToOne,BLLN,4484184576,95.03,United States
1164,Kontoor Brands,KTB,4482143744,82.01,United States
1165,Silgan Holdings,SLGN,4479860736,42.39,United States
1166,Cavco Industries,CVCO,4479460864,582.55,United States
1167,Concentra Group,CON,4463120896,35.0,United States
1168,Excelerate Energy,EE,4462372864,39.35,United States
1169,Vontier,VNT,4458895872,32.98,United States
1170,International Bancshares Corp,IBOC,4446071296,71.49,United States
1171,SL Green Realty,SLG,4408036352,57.45,United States
1172,Cabot Corporation,CBT,4397628416,85.19,United States
1173,CCC Intelligent Solutions,CCC,4393900544,7.46,United States
1174,Travel + Leisure,TNL,4393312768,71.69,United States
1175,Enliven Therapeutics,ELVN,4383056896,59.82,United States
1176,Itron,ITRI,4379988992,100.03,United States
1177,Delek US,DK,4376263680,71.47,United States
1178,Americold,COLD,4374414848,15.25,United States
1179,Envista,NVST,4368801792,27.2,United States
1180,Korn Ferry,KFY,4368352256,85.06,United States
1181,Helmerich &amp; Payne,HP,4352340992,43.55,United States
1182,Indivior PLC,INDV,4351162880,36.87,United States
1183,MARA Holdings,MARA,4349730304,11.26,United States
1184,Century Aluminum,CENX,4347785216,43.92,United States
1185,CommScope,COMM,4337923584,19.58,United States
1186,Valvoline,VVV,4333296128,33.96,United States
1187,Diodes Incorporated,DIOD,4330702336,94.04,United States
1188,HeartFlow,HTFL,4325942784,49.75,United States
1189,Insight Enterprises,NSIT,4325580288,147.385,United States
1190,COPT Defense Properties,CDP,4317522944,37.27,United States
1191,Victoria's Secret &amp; Co,VSCO,4312813568,54.3,United States
1192,"Calumet, Inc.",CLMT,4307892224,49.01,United States
1193,Amylyx Pharmaceuticals,AMLX,4307615232,38.66,United States
1194,Geo Group,GEO,4305276416,32.71,United States
1195,Brady Corporation,BRC,4300926976,91.29,United States
1196,FTI Consulting,FCN,4300227072,155.74,United States
1197,Kilroy Realty,KRC,4296048640,36.58,United States
1198,Veradermics,MANE,4295833600,102.82,United States
1199,United Community Bank,UCB,4290076672,35.58,United States
1200,Texas Capital Bancshares,TCBI,4273530624,98.3,United States
1201,NorthWestern Energy,NWE,4272414464,69.45,United States
1202,Relay Therapeutics,RLAY,4260113408,19.44,United States
1203,Integer Holdings,ITGR,4251145984,125.2,United States
1204,SiteOne Landscape Supply,SITE,4250931456,95.94,United States
1205,AZZ,AZZ,4245675776,141.28,United States
1206,Legend Biotech,LEGN,4243737088,21.82,United States
1207,Cinemark Theatres,CNK,4242373632,36.6,United States
1208,iRhythm,IRTC,4236405504,128.52,United States
1209,MIAX (Miami International Holdings),MIAX,4226243840,42.59,United States
1210,Workiva,WK,4199409920,74.83,United States
1211,MDU Resources,MDU,4196471808,19.95,United States
1212,CECO Environmental,CECO,4188914176,71.52,United States
1213,Cohen &amp; Steers,CNS,4186740992,81.42,United States
1214,Comstock Resources,CRK,4175284224,14.22,United States
1215,Cathay General Bancorp,CATY,4156270848,62.3,United States
1216,Pattern Group,PTRN,4155250432,20.87,United States
1217,Primoris Services Corporation,PRIM,4154779136,77.18,United States
1218,Mattel,MAT,4145507072,14.51,United States
1219,Thor Industries,THO,4138040320,79.49,United States
1220,Lemonade,LMND,4130657280,53.37,United States
1221,Planet Fitness,PLNT,4111027968,54.2,United States
1222,Avient,AVNT,4096195072,44.66,United States
1223,Firefly Aerospace,FLY,4093043456,24.45,United States
1224,WSFS Financial,WSFS,4081117184,79.88,United States
1225,Seaboard Corporation,SEB,4080168448,4259.96,United States
1226,OPENLANE Corporate,OPLN,4077133568,33.4,United States
1227,Bread Financial,BFH,4068984832,105.91,United States
1228,Atmus Filtration Technologies,ATMU,4063457280,49.8,United States
1229,Tango Therapeutics,TNGX,4026415360,23.88,United States
1230,UWM Holdings,UWMC,4012387840,1.4,United States
1231,WillScot,WSC,4011567616,22.14,United States
1232,Sezzle,SEZL,4011031296,119.11,United States
1233,SkyWest,SKYW,4009257472,101.09,United States
1234,Independence Realty Trust,IRT,4009078272,16.59,United States
1235,Tri Pointe Homes,TPH,3998444288,46.95,United States
1236,Q2,QTWO,3985088512,63.91,United States
1237,Denali Therapeutics,DNLI,3983397376,24.92,United States
1238,Fastly,FSLY,3974535168,24.95,United States
1239,CVB Financial,CVBF,3972262144,22.57,United States
1240,CVR Energy,CVI,3971963904,39.51,United States
1241,Howard Hughes Holdings,HHH,3971448832,66.5,United States
1242,Newmark,NMRK,3967169280,16.21,United States
1243,Independent Bank Corp.,INDB,3966214912,83.73,United States
1244,Par Pacific Holdings,PARR,3959373568,79.03,United States
1245,Viking Therapeutics,VKTX,3953367808,33.89,United States
1246,Universal Display Corporation,OLED,3945793024,85.84,United States
1247,Apple Hospitality REIT,APLE,3935498752,16.67,United States
1248,Axcelis Technologies,ACLS,3924110592,127.07,United States
1249,St. Joe Company,JOE,3921938688,68.89,United States
1250,Dorman Products,DORM,3920742400,132.12,United States
1251,Bath &amp; Body Works,BBWI,3920377344,19.45,United States
1252,WesBanco,WSBC,3918714624,40.86,United States
1253,WaterBridge Infrastructure,WBI,3913561856,31.7,United States
1254,PennyMac Financial Services,PFSI,3899038720,75.09,United States
1255,Mueller Water Products,MWA,3893774592,24.94,United States
1256,Marriott Vacations Worldwide,VAC,3871193344,112.55,United States
1257,Telephone and Data Systems,TDS,3867897344,33.6,United States
1258,Cal-Maine Foods,CALM,3867256320,82.8,United States
1259,Arcus Biosciences,RCUS,3863294720,30.34,United States
1260,NuScale Power,SMR,3857661440,9.4,United States
1261,Asbury Automotive Group,ABG,3856251136,214.81,United States
1262,Catalyst Pharmaceuticals,CPRX,3854925568,31.49,United States
1263,M/I Homes,MHO,3852375552,152.37,United States
1264,USA Compression Partners,USAC,3848245760,26.55,United States
1265,Grand Canyon Education,LOPE,3843550464,147.46,United States
1266,IDEAYA Biosciences,IDYA,3827737856,39.67,United States
1267,Badger Meter,BMI,3820756480,131.81,United States
1268,Synaptics,SYNA,3819188224,97.66,United States
1269,Otter Tail,OTTR,3814809856,90.86,United States
1270,Renasant Corp,RNST,3793285376,41.5,United States
1271,BancFirst,BANF,3792239104,112.91,United States
1272,Fermi Inc.,FRMI,3791566592,5.92,United States
1273,Tenable,TENB,3791150592,34.38,United States
1274,Shift4 Payments,FOUR,3784558592,47.93,United States
1275,Energy Fuels,UUUU,3784470016,15.14,United States
1276,Madison Square Garden Entertainment,MSGE,3779214848,79.89,United States
1277,Standex International,SXI,3760427520,310.28,United States
1278,Knife River Corporation,KNF,3755402496,66.17,United States
1279,Iovance Biotherapeutics,IOVA,3755133184,8.29,United States
1280,Genworth Financial,GNW,3733168384,9.88,United States
1281,Freddie Mac,FMCC,3718340608,5.72,United States
1282,RXO,RXO,3717435136,22.54,United States
1283,Centrus Energy,LEU,3716419328,186.26,United States
1284,"GPGI, Inc.",GPGI,3707694080,12.79,United States
1285,Interparfums,IPAR,3702180096,115.6,United States
1286,Kadant,KAI,3701095424,313.41,United States
1287,Mirion Technologies,MIR,3690737920,14.82,United States
1288,QuantumScape,QS,3678567680,5.98,United States
1289,The Vita Coco Company,COCO,3665693952,63.35,United States
1290,Polaris,PII,3664017920,64.39,United States
1291,National Healthcare,NHC,3655369472,233.4,United States
1292,Park National Corp,PRK,3651308800,202.13,United States
1293,Post Holdings,POST,3648467968,80.5,United States
1294,Life360,LIF,3638913280,44.66,United States
1295,Atlanta Braves Holdings,BATRA,3636394496,56.67,United States
1296,Bel Fuse,BELFB,3633332736,255.46,United States
1297,Nicolet Bankshares,NIC,3630469632,173.23,United States
1298,PVH Corp.,PVH,3619485184,78.5,United States
1299,Organon,OGN,3610879744,13.75,United States
1300,National Health Investors,NHI,3602741248,73.36,United States
1301,Pulse Biosciences,PLSE,3596085760,50.42,United States
1302,LXP Industrial Trust,LXP,3590497536,60.9,United States
1303,First Advantage,FA,3589652224,20.9,United States
1304,Mechanics Bancorp,MCHB,3587109632,16.2,United States
1305,Adtalem Global Education,ATGE,3579815168,98.54,United States
1306,First Interstate BancSystem,FIBK,3572969984,37.49,United States
1307,WisdomTree,WT,3562049792,23.51,United States
1308,Freshpet,FRPT,3554615040,73.965,United States
1309,HNI Corporation,HNI,3553509888,49.23,United States
1310,GRAIL,GRAL,3552752128,79.54,United States
1311,ScottsMiracle-Gro,SMG,3552018688,61.01,United States
1312,Option Care Health,OPCH,3549910528,23.7,United States
1313,Bright Horizons,BFAM,3544540928,72.88,United States
1314,CorVel Corporation,CRVL,3543737600,70.15,United States
1315,Graphic Packaging,GPK,3538813184,11.96,United States
1316,Highwoods Properties,HIW,3526745856,31.4,United States
1317,American States Water,AWR,3512905216,88.63,United States
1318,Hilton Grand Vacations,HGV,3506136064,45.11,United States
1319,Stride (K12 Education),LRN,3505988352,84.36,United States
1320,Structure Therapeutics,GPCR,3500600832,49.09,United States
1321,Braze,BRZE,3498339584,31.06,United States
1322,TowneBank,TOWN,3489507072,37.75,United States
1323,Cushman &amp; Wakefield,CWK,3478457088,14.82,United States
1324,First Financial Bank,FFBC,3467123968,33.03,United States
1325,NCR Atleos Corporation,NATL,3429556736,46.41,United States
1326,Golub Capital,GBDC,3427400960,13.2,United States
1327,UCT (Ultra Clean Holdings),UCTT,3426231040,76.43,United States
1328,Lionsgate Studios,LION,3424911872,11.51,United States
1329,Palomar Holdings,PLMR,3423667456,130.09,United States
1330,Dana Incorporated,DAN,3412332288,31.72,United States
1331,United States Lime &amp; Minerals,USLM,3410759680,118.89,United States
1332,OSI Systems,OSIS,3407507712,206.73,United States
1333,Opendoor,OPEN,3405520384,3.53,United States
1334,Veracyte,VCYT,3401331712,42.31,United States
1335,NMI Holdings,NMIH,3396837888,45.16,United States
1336,KB Home,KBH,3394719488,55.37,United States
1337,Warby Parker,WRBY,3391805184,27.44,United States
1338,"Csquare, Inc.",CSQR,3387668992,20.33,United States
1339,Freshworks,FRSH,3386751488,12.98,United States
1340,Alliance Resource Partners,ARLP,3383726336,26.3,United States
1341,AllianceBernstein,AB,3378533120,36.26,United States
1342,Steve Madden,SHOO,3372000768,46.08,United States
1343,Magnite,MGNI,3370467840,23.5,United States
1344,Peabody Energy,BTU,3365659136,27.61,United States
1345,CoreCivic,CXW,3363367424,34.01,United States
1346,Astronics Corporation,ATRO,3354706944,78.0,United States
1347,Seacoast Banking,SBCF,3352012032,34.62,United States
1348,Curbline Properties,CURB,3351566336,29.39,United States
1349,Community Financial System,CBU,3344267008,63.56,United States
1350,Exponent,EXPO,3338210560,70.21,United States
1351,"Atlanta Braves Holdings, Inc.",BATRK,3332238848,51.93,United States
1352,National Energy Services Reunited,NESR,3331133184,33.03,United States
1353,Ashland,ASH,3327346176,72.66,United States
1354,Simmons First National,SFNC,3325262336,23.01,United States
1355,Aehr Test Systems,AEHR,3318478592,101.73,United States
1356,BankUnited,BKU,3300190208,46.33,United States
1357,FS KKR Capital,FSK,3291212800,11.91,United States
1358,CarGurus,CARG,3282357504,36.85,United States
1359,Acadian Asset Management,AAMI,3275738880,92.3,United States
1360,TransMedics Group,TMDX,3275337472,94.77,United States
1361,Ethos Technologies,LIFE,3273841664,34.16,United States
1362,SoundHound AI,SOUN,3250884096,7.32,United States
1363,Shake Shack,SHAK,3248048128,75.82,United States
1364,Tegna,TGNA,3243011584,20.03,United States
1365,Immunome,IMNM,3239234048,28.52,United States
1366,TriNet,TNET,3235365888,70.48,United States
1367,Ambarella,AMBA,3234401280,73.73,United States
1368,Chesapeake Utilities,CPK,3233399040,134.13,United States
1369,PotlatchDeltic,PCH,3230610432,41.73,United States
1370,Dynex Capital,DX,3224006912,13.03,United States
1371,Perpetua Resources,PPTA,3214962176,25.7,United States
1372,Liftoff Mobile,LFTO,3212218880,18.97,United States
1373,Agilysys,AGYS,3209818880,113.8,United States
1374,Hercules Capital,HTGC,3206119168,17.13,United States
1375,First Hawaiian Bank,FHB,3202634240,26.32,United States
1376,Maravai LifeSciences,MRVI,3199890688,8.64,United States
1377,MBX Biosciences,MBX,3194459136,66.33,United States
1378,YETI Holdings,YETI,3193989888,43.76,United States
1379,Tarsus Pharmaceuticals,TARS,3190293760,72.7,United States
1380,Infleqtion,INFQ,3182041600,14.12,United States
1381,Park Hotels &amp; Resorts,PK,3177118976,15.78,United States
1382,Plug Power,PLUG,3171633152,2.27,United States
1383,Celldex Therapeutics,CLDX,3171022848,40.38,United States
1384,Black Stone Minerals,BSM,3164114944,14.89,United States
1385,Intapp,INTA,3163736064,41.35,United States
1386,Atkore,ATKR,3161110784,93.6,United States
1387,Liberty Energy,LBRT,3159386112,19.36,United States
1388,H.B. Fuller,FUL,3157321216,58.7,United States
1389,Arcutis Biotherapeutics,ARQT,3152354304,25.08,United States
1390,Avista,AVA,3146593792,37.57,United States
1391,Wingstop Restaurants,WING,3144606976,115.43,United States
1392,IAC Inc.,IAC,3142127872,42.24,United States
1393,ArcBest,ARCB,3136788992,140.34,United States
1394,Delek Logistics Partners,DKL,3128567808,54.13,United States
1395,Alumis,ALMS,3128449792,24.17,United States
1396,SELLAS Life Sciences,SLS,3122080768,15.46,United States
1397,Group 1 Automotive,GPI,3121834752,261.85,United States
1398,Gulfport Energy,GPOR,3116834048,173.45,United States
1399,IPG Photonics,IPGP,3109419520,73.26,United States
1400,Green Brick Partners,GRBK,3093329152,71.92,United States
1401,"Hayward Holdings, Inc.",HAYW,3092703488,14.58,United States
1402,Provident Financial Services,PFS,3092320000,23.71,United States
1403,Baldwin Insurance Group,BWIN,3089150464,31.9,United States
1404,Columbia Sportswear,COLM,3088485376,60.33,United States
1405,Ionic Digital,IOND,3087449856,68.73,United States
1406,Power Integrations,POWI,3083088384,55.18,United States
1407,Tootsie Roll Industries,TR,3080933888,40.99,United States
1408,Resideo Technologies,REZI,3077946368,20.27,United States
1409,CleanSpark,CLSK,3076668416,11.98,United States
1410,Beam Therapeutics,BEAM,3073840896,29.76,United States
1411,Acadia Realty Trust,AKR,3068944384,21.05,United States
1412,Disc Medicine,IRON,3064132864,79.81,United States
1413,California Water Service Group,CWT,3064127232,49.55,United States
1414,The Marzetti Company,MZTI,3061160192,111.63,United States
1415,Bank of Hawaii,BOH,3057405696,77.5,United States
1416,Maximus,MMS,3048269056,58.22,United States
1417,National Beverage,FIZZ,3030223616,32.37,United States
1418,Brighthouse Financial,BHF,3006129408,52.27,United States
1419,Redwire,RDW,3004911360,12.02,United States
1420,Extreme Networks,EXTR,3003895040,23.02,United States
1421,Artisan Partners,APAM,3000308992,42.26,United States
1422,MGE Energy,MGEE,2972090624,78.66,United States
1423,CBIZ,CBZ,2966638848,54.66,United States
1424,NextNav,NN,2962613760,17.55,United States
1425,Banc of California,BANC,2953181952,18.64,United States
1426,DXP Enterprises,DXPE,2952602880,190.28,United States
1427,Urban Edge Properties,UE,2950635264,21.43,United States
1428,DigitalBridge Group,DBRG,2945147392,15.93,United States
1429,Intuitive Machines,LUNR,2939486208,18.32,United States
1430,Harley-Davidson,HOG,2934844672,28.2,United States
1431,FB Financial,FBK,2931217664,58.65,United States
1432,Veeco,VECO,2925664512,47.86,United States
1433,SPS Commerce,SPSC,2919254016,81.09,United States
1434,Talos Energy,TALO,2916886784,17.47,United States
1435,WD-40 Company,WDFC,2913451520,217.08,United States
1436,Northern Oil and Gas,NOG,2913053184,27.34,United States
1437,United Natural Foods,UNFI,2907339520,48.04,United States
1438,Upstart,UPST,2900060416,30.3,United States
1439,Restoration Hardware,RH,2899686400,153.21,United States
1440,Adeia,ADEA,2894853888,26.25,United States
1441,Ducommun,DCO,2893872640,191.65,United States
1442,Crane NXT,CXT,2889577472,50.2,United States
1443,Boise Cascade,BCC,2877489920,82.47,United States
1444,Aveanna Healthcare,AVAH,2871771136,13.16,United States
1445,ManpowerGroup,MAN,2857876224,61.45,United States
1446,Callaway Golf Company,CALY,2856347904,15.89,United States
1447,McGrath RentCorp,MGRC,2849253632,116.65,United States
1448,Knowles,KN,2845872128,33.32,United States
1449,Digi International,DGII,2842694144,74.91,United States
1450,Academy Sports + Outdoors,ASO,2842302208,45.83,United States
1451,DNOW Inc.,DNOW,2834722816,15.68,United States
1452,AvePoint,AVPT,2828629760,13.37,United States
1453,Visteon,VC,2827964416,105.94,United States
1454,Alarm.com,ALRM,2823179008,57.51,United States
1455,Brookdale Senior Living,BKD,2818043648,11.8,United States
1456,Select Water Solutions,WTTR,2814709760,19.72,United States
1457,Quaker Houghton,KWR,2805199616,163.02,United States
1458,NETSCOUT,NTCT,2798504448,38.49,United States
1459,Titan America,TTAM,2796943616,15.17,United States
1460,Worthington Enterprises,WOR,2781977088,56.86,United States
1461,Central Garden &amp; Pet,CENT,2779111424,44.4,United States
1462,Nurix Therapeutics,NRIX,2773046528,26.72,United States
1463,Ouster,OUST,2770555904,38.42,United States
1464,Four Corners Property Trust,FCPT,2768972288,25.23,United States
1465,Soleno Therapeutics,SLNO,2762888960,53.01,United States
1466,Viridian Therapeutics,VRDN,2751869440,24.29,United States
1467,Appian,APPN,2743336960,38.3,United States
1468,ABM Industries,ABM,2742173184,46.81,United States
1469,"The Bancorp, Inc.",TBBK,2740465664,67.19,United States
1470,nLIGHT,LASR,2733938432,47.39,United States
1471,Kyndryl,KD,2733619200,12.55,United States
1472,Alignment Healthcare,ALHC,2729846528,13.16,United States
1473,American Eagle Outfitters,AEO,2709660672,16.17,United States
1474,Axogen,AXGN,2709580288,50.4,United States
1475,NBT Bancorp,NBTB,2706599424,52.09,United States
1476,Trustmark,TRMK,2701443328,46.52,United States
1477,Grindr,GRND,2699434240,15.53,United States
1478,Customers Bancorp,CUBI,2698903808,79.79,United States
1479,Privia Health Group,PRVA,2697746688,21.12,United States
1480,Penguin Solutions,PENG,2696390912,52.62,United States
1481,WaFd Bank,WAFD,2690451456,36.38,United States
1482,Sunshine Silver Mining & Refining Company,SSMR,2679063808,18.64,United States
1483,Patrick Industries,PATK,2678984448,83.41,United States
1484,First Bancorp,FBNC,2676911872,64.7,United States
1485,Euronet Worldwide,EEFT,2667921920,70.07,United States
1486,PHINIA,PHIN,2665420800,72.75,United States
1487,Supernus Pharmaceuticals,SUPN,2665123328,45.85,United States
1488,Alpha Metallurgical Resources,AMR,2662726144,210.01,United States
1489,H2O America,HTO,2657069824,63.48,United States
1490,Slide Insurance,SLDE,2656298496,22.74,United States
1491,Beacon Financial Corporation,BBT,2652779264,31.65,United States
1492,BKV Corporation,BKV,2648395520,24.2,United States
1493,Curaleaf,CURLF,2646022656,9.99,United States
1494,First Merchants Corporation,FRME,2639543808,42.03,United States
1495,Diamondrock Hospitality Company,DRH,2633088256,12.82,United States
1496,Whirlpool,WHR,2630794752,40.35,United States
1497,John Wiley &amp; Sons,WLY,2618386176,51.58,United States
1498,Benchmark Electronics,BHE,2609223936,72.64,United States
1499,Neogen,NEOG,2605769472,11.95,United States
1500,GeneDx Holdings,WGS,2596499456,87.065,United States
1501,Newell Brands,NWL,2593731072,6.09,United States
1502,Goosehead Insurance,GSHD,2591747840,72.52,United States
1503,Acadia Healthcare,ACHC,2590049536,27.82,United States
1504,Applied Aerospace &amp; Defense,AADX,2579006976,14.96,United States
1505,Teradata,TDC,2575170048,27.69,United States
1506,Cohu,COHU,2573790464,54.37,United States
1507,Huron Consulting,HURN,2571704064,161.64,United States
1508,Advance Auto Parts,AAP,2568817664,42.58,United States
1509,Precigen,PGEN,2566878976,7.2,United States
1510,Trevi Therapeutics,TRVI,2558865920,17.96,United States
1511,StubHub Holdings,STUB,2552360704,6.68,United States
1512,InvenTrust Properties,IVT,2549114880,32.69,United States
1513,Ultragenyx Pharmaceutical,RARE,2546550528,25.83,United States
1514,Stock Yards Bancorp,SYBT,2545290240,81.93,United States
1515,Butterfly Network,BFLY,2543023616,9.55,United States
1516,Trump Media &amp; Technology Group,DJT,2529265664,9.1,United States
1517,Nektar Therapeutics,NKTR,2527264256,74.02,United States
1518,Calix,CALX,2526115072,40.12,United States
1519,Hycroft Mining,HYMC,2522428160,27.07,United States
1520,Kaiser Aluminum,KALU,2520376064,154.16,United States
1521,CareDx,CDNA,2514800640,48.61,United States
1522,Merchants Bancorp,MBIN,2512207360,54.69,United States
1523,Helios Technologies,HLIO,2510174976,76.18,United States
1524,"Lincoln International, Inc.",LCLN,2504939776,23.81,United States
1525,PENN Entertainment,PENN,2503360512,18.645,United States
1526,First Busey,BUSE,2502081792,30.3,United States
1527,AtriCure,ATRC,2491431168,48.98,United States
1528,Hub Group,HUBG,2490782464,40.73,United States
1529,Hawkins,HWKN,2483930112,118.99,United States
1530,LCI Industries,LCII,2479287552,101.98,United States
1531,Kayne Anderson Capital Advisors,KYN,2470931200,14.61,United States
1532,V2X,VVX,2460610560,78.5,United States
1533,Medical Properties Trust,MPT,2460463872,4.12,United States
1534,Sonic Automotive,SAH,2448566272,77.45,United States
1535,Five9,FIVN,2447195648,32.75,United States
1536,BioCryst Pharmaceuticals,BCRX,2440360192,9.55,United States
1537,FIGS,FIGS,2438938880,14.68,United States
1538,Atrium Therapeutics,RNA,2438628096,15.47,United States
1539,Ocular Therapeutix,OCUL,2433343744,11.08,United States
1540,Nuvation Bio,NUVB,2433283840,6.93,United States
1541,Prestige Consumer Healthcare,PBH,2430786560,51.31,United States
1542,Uniti,UNIT,2419969792,9.97,United States
1543,Banner Bank,BANR,2417686272,71.14,United States
1544,Ingevity,NGVT,2415736320,70.27,United States
1545,Coty,COTY,2412477952,2.74,United States
1546,Payoneer,PAYO,2409229568,7.11,United States
1547,Kodiak Sciences,KOD,2409019648,38.33,United States
1548,Blackstone Mortgage Trust,BXMT,2405116928,14.27,United States
1549,Chemours,CC,2403469056,15.97,United States
1550,Federal Agricultural Mortgage Corporation,AGM,2396822784,220.84,United States
1551,UFP Technologies,UFPT,2394456064,309.13,United States
1552,Flywire,FLYW,2377386496,19.54,United States
1553,Alamar Biosciences,ALMR,2376008448,34.24,United States
1554,Peloton,PTON,2374296320,5.41,United States
1555,Diebold Nixdorf,DBD,2374224384,69.94,United States
1556,Trinity Industries,TRN,2373354240,29.79,United States
1557,Douglas Emmett,DEI,2370739968,11.79,United States
1558,Mister Car Wash,MCW,2335151104,7.1,United States
1559,Werner Enterprises,WERN,2330860544,38.88,United States
1560,Vera Therapeutics,VERA,2325844224,32.275,United States
1561,"The Andersons, Inc.",ANDE,2317719040,68.06,United States
1562,Rapport Therapeutics,RAPP,2314472704,48.24,United States
1563,ARMOUR Residential REIT,ARR,2312976640,16.34,United States
1564,Skyward Specialty Insurance Group,SKWD,2306494976,56.89,United States
1565,Innospec,IOSP,2306204928,93.63,United States
1566,Enterprise Financial Services Corp,EFSC,2304377600,63.67,United States
1567,CSG International,CSGS,2300464128,80.69,United States
1568,Hemab Therapeutics Holdings,COAG,2296367616,49.16,United States
1569,Midera Food Processing,MFP,2293636352,50.71,United States
1570,UroGen Pharma,URGN,2290543360,46.86,United States
1571,Bob's Discount Furniture,BOBS,2288330752,17.51,United States
1572,LiveRamp,RAMP,2284675584,37.58,United States
1573,Kennametal,KMT,2283521792,29.96,United States
1574,Western Union,WU,2276716544,7.3,United States
1575,AMC Entertainment,AMC,2276141824,2.55,United States
1576,Voyager Technologies,VOYG,2275666688,38.4,United States
1577,Asana,ASAN,2273940480,9.58,United States
1578,ePlus,PLUS,2271265024,86.85,United States
1579,HCI Group,HCI,2270342144,182.52,United States
1580,Mineralys Therapeutics,MLYS,2261264896,25.65,United States
1581,Monarch Casino &amp; Resort,MCRI,2259850496,126.09,United States
1582,Pitney Bowes,PBI,2259246592,16.48,United States
1583,nCino,NCNO,2258981888,20.62,United States
1584,Rogers Corporation,ROG,2258732288,126.55,United States
1585,Northwest Bancshares,NWBI,2258399744,15.42,United States
1586,Buckle,BKE,2257007616,43.81,United States
1587,Addus HomeCare,ADUS,2254891520,120.81,United States
1588,Ichor Systems,ICHR,2254744576,60.2,United States
1589,Under Armour,UA,2250818560,5.24,United States
1590,"Interface, Inc.",TILE,2250749952,38.94,United States
1591,Allegiant Travel Company,ALGT,2237595392,81.85,United States
1592,Quantinuum Inc.,QNT,2229901824,71.1,United States
1593,Trulieve Cannabis,TRUL.CN,2227958461,11.5854,United States
1594,Kailera Therapeutics,KLRA,2225981952,17.17,United States
1595,Day One Biopharmaceuticals,DAWN,2224784640,21.53,United States
1596,Custom Truck One Source,CTOS,2222729216,9.77,United States
1597,Harmony Biosciences,HRMY,2221718528,38.15,United States
1598,LendingClub,LC,2215891200,19.21,United States
1599,Hilltop Holdings,HTH,2215838464,38.68,United States
1600,Minerals Technologies,MTX,2213566208,71.11,United States
1601,NeoGenomics,NEO,2210995968,16.98,United States
1602,Innodata,INOD,2207709952,64.21,United States
1603,OFG Bancorp,OFG,2207526912,52.23,United States
1604,Sunrun,RUN,2206158336,9.16,United States
1605,Clover Health Investments,CLOV,2204298496,4.15,United States
1606,ADMA Biologics,ADMA,2204009216,9.84,United States
1607,Dorian LPG,LPG,2187478528,51.13,United States
1608,Vericel,VCEL,2185498368,42.68,United States
1609,Vertex,VERX,2179674112,13.47,United States
1610,Alkami Technology,ALKT,2179477504,20.38,United States
1611,Dentsply Sirona,XRAY,2176944384,10.92,United States
1612,Driven Brands,DRVN,2172784128,13.17,United States
1613,LTC Properties,LTC,2170777088,40.27,United States
1614,Pediatrix Medical Group,MD,2158899456,26.57,United States
1615,Blackbaud,BLKB,2156937472,47.52,United States
1616,Centuri Holdings,CTRI,2156570880,21.36,United States
1617,Lucid Motors,LCID,2150315008,5.51,United States
1618,Encore Capital Group,ECPG,2146599936,101.21,United States
1619,Stagwell,STGW,2133048448,8.725,United States
1620,First Commonwealth Financial Corp,FCF,2131269504,21.09,United States
1621,Mach Natural Resources LP,MNR,2121910272,12.71,United States
1622,American Axle &amp; Manufacturing,AXL,2121012480,9.0,United States
1623,Fluence Energy,FLNC,2108212352,11.34,United States
1624,Stewart Information Services,STC,2107139968,69.2,United States
1625,Zenas BioPharma,ZBIO,2104556416,32.29,United States
1626,HawkEye 360,HAWK,2101361152,21.45,United States
1627,Sunstone Hotel Investors,SHO,2099307008,11.29,United States
1628,Preformed Line Products,PLPC,2098719232,429.3,United States
1629,Olin Corporation,OLN,2097277696,18.4,United States
1630,Biohaven,BHVN,2091956352,13.85,United States
1631,Global Net Lease,GNL,2091113472,9.04,United States
1632,Stoke Therapeutics,STOK,2083552384,32.29,United States
1633,NGL Energy Partners,NGL,2081318144,16.81,United States
1634,NW Natural Holdings,NWN,2080262528,49.42,United States
1635,Pebblebrook Hotel Trust,PEB,2078109952,18.48,United States
1636,Generate Biomedicines,GENB,2069041280,16.12,United States
1637,Xencor,XNCR,2067024512,27.8,United States
1638,Perdoceo Education,PRDO,2066294400,33.02,United States
1639,Expro Group,XPRO,2066076416,18.22,United States
1640,1st Source,SRCE,2065833088,85.83,United States
1641,DoubleVerify,DV,2062884864,13.31,United States
1642,Gorman-Rupp,GRC,2062375808,78.09,United States
1643,P3 Health Partners,PIII,2060648960,10.31,United States
1644,United Parks &amp; Resorts,PRKS,2055321600,45.33,United States
1645,Getty Realty,GTY,2050591744,33.11,United States
1646,Keel Infrastructure,KEEL,2050342912,3.32,United States
1647,Horace Mann Educators,HMN,2049353344,50.6,United States
1648,Innovex International,INVX,2047133824,29.32,United States
1649,Palvella Therapeutics,PVLA,2046569984,142.04,United States
1650,Select Medical Holdings,SEM,2046298112,16.51,United States
1651,Lindblad Expeditions,LIND,2040116096,31.09,United States
1652,Standard Nuclear,STDN,2030913536,12.64,United States
1653,City Holding Company,CHCO,2029244672,144.48,United States
1654,Quantum Computing,QUBT,2019014016,8.92,United States
1655,Insperity,NSP,2016328448,52.79,United States
1656,Thermon Group,THR,2013932928,61.14,United States
1657,Stellar Bancorp,STEL,2002201728,39.32,United States
1658,Alamo Group,ALG,2000906624,164.4,United States
1659,Spectrum Brands,SPB,1998547328,86.91,United States
1660,Kohl's,KSS,1995839872,17.6,United States
1661,Netstreit,NTST,1987640576,20.35,United States
1662,Hawaiian Electric Industries,HE,1986371968,11.5,United States
1663,Sarepta Therapeutics,SRPT,1984731904,18.79,United States
1664,Taysha Gene Therapies,TSHA,1984326272,6.09,United States
1665,Century Communities,CCS,1984028160,69.78,United States
1666,Genesis Energy  L.P.,GEL,1979872128,16.2,United States
1667,EZCorp,EZPW,1979705600,32.22,United States
1668,Kimbell Royalty Partners,KRP,1979072384,15.4,United States
1669,Agios Pharmaceuticals,AGIO,1975535232,33.09,United States
1670,Progyny,PGNY,1968042368,25.65,United States
1671,PC Connection,CNXN,1966805120,77.93,United States
1672,"Kardigan, Inc.",KARD,1965447680,21.02,United States
1673,Personalis,PSNL,1962081024,18.38,United States
1674,Blue Bird Corporation,BLBD,1960430080,61.89,United States
1675,Astrana Health,ASTH,1951931776,39.35,United States
1676,Braveheart Bio,BRVE,1948605312,27.58,United States
1677,Veris Residential,VRE,1943780352,18.99,United States
1678,Porch Group,PRCH,1940054144,17.09,United States
1679,Boston Beer Company,SAM,1936379520,185.95,United States
1680,PDF Solutions,PDFS,1927672448,45.65,United States
1681,Ziff Davis,ZD,1922826624,56.08,United States
1682,Xenia Hotels &amp; Resorts,XHR,1921187200,19.42,United States
1683,Enerpac Tool Group,EPAC,1919982976,37.25,United States
1684,Protolabs,PRLB,1904422144,79.61,United States
1685,Surgery Partners,SGRY,1900933120,14.52,United States
1686,Sonida Senior Living,SNDA,1900778624,39.56,United States
1687,Live Oak Bank,LOB,1896702720,40.98,United States
1688,A10 Networks,ATEN,1896547712,26.12,United States
1689,NextDecade Corp,NEXT,1895240320,7.12,United States
1690,SmartStop Self Storage REIT,SMA,1894170112,34.21,United States
1691,Recursion Pharmaceuticals,RXRX,1876948736,3.5,United States
1692,German American Bancorp,GABC,1875182592,49.9,United States
1693,Sonos,SONO,1872593664,15.83,United States
1694,LeMaitre Vascular,LMAT,1872077312,81.86,United States
1695,Septerna,SEPN,1867077888,40.0,United States
1696,National Bank Holdings,NBHC,1863980032,41.85,United States
1697,MasterBrand,MBC,1853798400,9.11,United States
1698,Republic Bank,RBCAA,1852678656,94.36,United States
1699,Strategic Education,STRA,1852554624,83.42,United States
1700,BlackLine,BL,1850127360,31.83,United States
1701,Jetblue Airways,JBLU,1845056512,4.89,United States
1702,OceanFirst Financial,OCFC,1842057728,19.06,United States
1703,Evertec,EVTC,1841832064,29.89,United States
1704,World Kinect,WKC,1838900736,35.95,United States
1705,Anterix,ATEX,1828612608,93.25,United States
1706,Progress Software,PRGS,1819334272,44.36,United States
1707,Biolife Solutions,BLFS,1814438656,37.1,United States
1708,Semrush,SEMR,1814168832,12.0,United States
1709,Inspire Medical Systems,INSP,1802851072,62.36,United States
1710,Intellia Therapeutics,NTLA,1799226752,12.84,United States
1711,Photronics,PLAB,1798982400,30.51,United States
1712,Sixth Street Specialty Lending,TSLX,1791497600,18.79,United States
1713,Triumph Financial,TFIN,1790895360,74.95,United States
1714,Ellington Financial,EFC,1789940736,13.63,United States
1715,Dime Community Bancshares,DCOM,1785251200,40.43,United States
1716,Hope Bancorp,HOPE,1784553600,13.97,United States
1717,Worthington Steel,WS,1779565440,34.93,United States
1718,Target Hospitality,TH,1778278144,17.85,United States
1719,S&amp;T Bancorp,STBA,1776675584,50.38,United States
1720,American Assets Trust,AAT,1770979584,22.83,United States
1721,Kosmos Energy,KOS,1762643584,2.96,United States
1722,RLJ Lodging Trust,RLJ,1761188224,11.5,United States
1723,TriCo Bancshares,TCBK,1760402304,55.07,United States
1724,Soho House & Co,SHCO,1758889344,8.99,United States
1725,Weis Markets,WMK,1756866304,71.0,United States
1726,Fortrea,FTRE,1748888960,18.39,United States
1727,Huntsman Corporation,HUN,1748524928,9.97,United States
1728,Syndax Pharmaceuticals,SNDX,1741186944,19.65,United States
1729,Pathward Financial,CASH,1738314880,83.68,United States
1730,Trinity Capital,TRIN,1737627136,18.35,United States
1731,Sprinklr,CXM,1733292928,7.4,United States
1732,ANI Pharmaceuticals,ANIP,1730816000,75.35,United States
1733,Byline Bancorp,BY,1728380544,38.25,United States
1734,DXC Technology,DXC,1725609856,10.8,United States
1735,Wolverine World Wide,WWW,1720110336,20.96,United States
1736,Goodyear,GT,1718755456,5.97,United States
1737,Wendy’s,WEN,1717657472,9.01,United States
1738,CBL Properties,CBL,1712372096,55.34,United States
1739,Six Flags,FUN,1711751808,16.73,United States
1740,AnaptysBio,ANAB,1709593728,57.74,United States
1741,Global Partners LP,GLP,1705311616,50.38,United States
1742,EverCommerce,EVCM,1703053056,9.64,United States
1743,Avalyn Pharma,AVLN,1701060864,38.37,United States
1744,Revolve Group,RVLV,1700159744,23.76,United States
1745,Bank First,BFC,1693381888,152.755,United States
1746,IDT Corporation,IDT,1689072896,67.92,United States
1747,RAPT Therapeutics,RAPT,1680292864,58.02,United States
1748,Sila Realty Trust,SILA,1677119744,30.36,United States
1749,Vestis,VSTS,1677111680,12.69,United States
1750,Green Thumb Industries,GTII.CN,1676026427,7.66749,United States
1751,Albany International,AIN,1675778304,59.1,United States
1752,Amplitude,AMPL,1660134528,13.29,United States
1753,Liberty Latin America,LILA,1659273088,8.47,United States
1754,QCR Holdings,QCRH,1657703424,101.23,United States
1755,Vir Biotechnology,VIR,1654931968,9.78,United States
1756,CTS Corporation,CTS,1648834816,57.74,United States
1757,Savers Value Village,SVV,1647271552,10.75,United States
1758,Absci,ABSI,1638913920,9.55,United States
1759,Azenta,AZTA,1638433920,37.4,United States
1760,J&amp;J Snack Foods,JJSF,1636321920,87.59,United States
1761,Maze Therapeutics,MAZE,1634812032,29.43,United States
1762,Dauch Corporation,DCH,1634719744,6.88,United States
1763,Origin Bancorp,OBK,1631639424,52.89,United States
1764,Allient,ALNT,1629520640,95.84,United States
1765,Hillman Solutions,HLMN,1626396032,8.36,United States
1766,ConnectOne Bancorp,CNOB,1623821056,32.27,United States
1767,Omnicell,OMCL,1622977664,35.58,United States
1768,Agilon Health,AGL,1621695104,96.58,United States
1769,Central Securities,CET,1618413184,54.77,United States
1770,Turning Point Brands,TPB,1615446144,83.41,United States
1771,Ingles Markets,IMKTA,1613382400,84.94,United States
1772,Distribution Solutions Group,DSGR,1609688704,34.8,United States
1773,Hudson Pacific Properties,HPP,1607628288,14.5,United States
1774,C3 AI,AI,1601127552,10.3,United States
1775,SkyWater Technology,SKYT,1597181312,32.46,United States
1776,ICF International,ICFI,1596295040,89.01,United States
1777,Kemper,KMPR,1592692864,27.03,United States
1778,Coursera,COUR,1586400000,6.0,United States
1779,Xeris Pharmaceuticals,XERS,1586186624,8.7,United States
1780,Kestra Medical Technologies,KMTS,1581681408,26.99,United States
1781,Bicara Therapeutics,BCAX,1581533184,23.9,United States
1782,Perella Weinberg Partners,PWP,1579238656,16.61,United States
1783,Atlas Energy Solutions,AESI,1572543360,12.58,United States
1784,MillerKnoll,MLKN,1568878208,23.03,United States
1785,"Strive Asset Management, LLC",ASST,1567596288,18.22,United States
1786,i-80 Gold,IAUX,1567282048,1.81,United States
1787,Innovative Industrial Properties,IIPR,1563571072,56.71,United States
1788,Healthcare Services Group,HCSG,1562755200,22.77,United States
1789,FuelCell Energy,FCEL,1562305024,19.54,United States
1790,Tandem Diabetes Care,TNDM,1552996608,22.32,United States
1791,Sally Beauty Holdings,SBH,1551321344,16.57,United States
1792,Ardent Health,ARDT,1550094464,10.99,United States
1793,Concentrix,CNXC,1549866112,25.4,United States
1794,Tyra Biosciences,TYRA,1549203328,26.05,United States
1795,PROG Holdings,PRG,1544272384,38.77,United States
1796,BigBear.ai,BBAI,1543972352,3.22,United States
1797,"Harrow, Inc.",HROW,1535127424,40.95,United States
1798,CONMED,CNMD,1529610240,51.07,United States
1799,Bandwidth,BAND,1529231104,47.52,United States
1800,Helix Energy Solutions,HLX,1525408384,10.35,United States
1801,Inhibrx Biosciences,INBX,1525191040,103.63,United States
1802,Innoviva,INVA,1522212352,21.07,United States
1803,Kennedy Wilson,KW,1521191808,10.92,United States
1804,Safety Insurance,SAFT,1520751104,103.59,United States
1805,Exzeo Group,XZO,1519749504,16.87,United States
1806,ARKO Petroleum,APC,1519292032,18.4,United States
1807,Alexander &amp; Baldwin,ALEX,1518725120,20.84,United States
1808,Amprius Technologies,AMPX,1510473728,10.34,United States
1809,Global Industrial Company,GIC,1509400448,39.45,United States
1810,Enovis,ENOV,1502867072,26.06,United States
1811,Lakeland Financial Corp,LKFN,1497933440,60.26,United States
1812,Forestar Group,FOR,1487924736,29.17,United States
1813,InnovAge,INNV,1487670912,10.96,United States
1814,Empire State Realty Trust,ESRT,1476587136,4.82,United States
1815,Novavax,NVAX,1474614784,8.94,United States
1816,Schrödinger,SDGR,1474418944,19.71,United States
1817,Flowers Foods,FLO,1473352960,6.95,United States
1818,Phibro Animal Health,PAHC,1473310464,36.32,United States
1819,ORIC Pharmaceuticals,ORIC,1471867648,14.2,United States
1820,REX American Resources,REX,1471327744,44.67,United States
1821,Energizer Holdings,ENR,1470125696,21.47,United States
1822,Red Cat Holdings,RCAT,1469112192,9.62,United States
1823,Sylvamo,SLVM,1462779392,36.79,United States
1824,"Cadre Holdings, Inc.",CDRE,1461043456,34.12,United States
1825,Amalgamated Financial,AMAL,1457931136,48.76,United States
1826,Atlanticus,ATLC,1457688832,96.09,United States
1827,Stepan Company,SCL,1446471552,63.63,United States
1828,Peoples Bancorp,PEBO,1439849216,40.06,United States
1829,KalVista Pharmaceuticals,KALV,1437504000,27.0,United States
1830,ArriVent BioPharma,AVBP,1435841024,29.12,United States
1831,Ambiq Micro,AMBQ,1427371264,59.02,United States
1832,G-III Apparel Group,GIII,1425197440,33.78,United States
1833,The Greenbrier Companies,GBX,1424772480,46.05,United States
1834,Dorchester Minerals,DMLP,1424632704,29.02,United States
1835,BJ's Restaurants,BJRI,1420236544,66.76,United States
1836,XPEL,XPEL,1415482240,51.34,United States
1837,Latigo Biotherapeutics,LTGO,1414634880,22.37,United States
1838,National Vision Holdings,EYE,1413759232,17.88,United States
1839,TriMas,TRS,1412713088,39.38,United States
1840,"RPC, Inc.",RES,1411955072,6.37,United States
1841,Arlo Technologies,ARLO,1409734272,13.1,United States
1842,UMH Properties,UMH,1409716224,16.51,United States
1843,Tompkins Financial,TMP,1408230272,97.91,United States
1844,Cullinan Therapeutics,CGEM,1395209856,21.68,United States
1845,Omeros Corporation,OMER,1394923008,19.27,United States
1846,Replimune,REPL,1391624064,14.77,United States
1847,ProPetro,PUMP,1391595008,11.33,United States
1848,Olaplex,OLPX,1391282176,2.07,United States
1849,Community Trust Bancorp,CTBI,1390211840,76.52,United States
1850,Newsmax,NMAX,1388476928,10.75,United States
1851,Eos Energy Enterprises,EOSE,1387479040,3.81,United States
1852,Walker &amp; Dunlop,WD,1380581504,40.22,United States
1853,FMC Corporation,FMC,1379999872,11.02,United States
1854,Gibraltar Industries,ROCK,1379707136,46.48,United States
1855,MeiraGTx,MGTX,1377256576,14.34,United States
1856,Wealthfront Corporation,WLTH,1377110400,9.22,United States
1857,Frontier Airlines,ULCC,1372086016,5.96,United States
1858,Unusual Machines,UMAC,1370306944,27.43,United States
1859,Artivion,AORT,1369074688,28.08,United States
1860,PureCycle Technologies,PCT,1366152832,6.8,United States
1861,Trupanion,TRUP,1364438272,31.1,United States
1862,NAPCO Security Technologies,NSSC,1360854272,38.09,United States
1863,United Fire Group,UFCS,1360289920,53.02,United States
1864,Harmonic Inc.,HLIT,1360058624,12.47,United States
1865,The Pennant Group,PNTG,1358042368,38.88,United States
1866,Liquidity Services,LQDT,1355719168,43.27,United States
1867,Dream Finders Homes,DFH,1353600256,14.92,United States
1868,"Alexander's, Inc.",ALX,1353585024,265.03,United States
1869,The RealReal,REAL,1352982784,11.12,United States
1870,Westamerica Bancorporation,WABC,1351309056,58.47,United States
1871,LGI Homes,LGIH,1351189376,58.16,United States
1872,La-Z-Boy,LZB,1350178944,33.71,United States
1873,Alto Neuroscience,ANRO,1345219328,34.28,United States
1874,Bristow Group,VTOL,1342486144,45.29,United States
1875,Everforth,EFOR,1340700032,32.7,United States
1876,Wolfspeed,WOLF,1338801280,25.76,United States
1877,Aktis Oncology,AKTS,1338761344,24.07,United States
1878,First Mid Bancshares,FMBH,1337544064,50.28,United States
1879,AMN Healthcare Services,AMN,1334635520,34.46,United States
1880,MannKind Corp,MNKD,1334393728,4.15,United States
1881,Orchid Island Capital,ORC,1332008960,6.7,United States
1882,Pursuit Attractions and Hospitality,PRSU,1331308800,48.83,United States
1883,CVR Partners,UAN,1330717440,125.9,United States
1884,Arhaus,ARHS,1330339968,9.385,United States
1885,Herbalife,HLF,1325762688,12.65,United States
1886,Edgewell Personal Care,EPC,1316760320,28.57,United States
1887,Digital Turbine,APPS,1315446656,10.87,United States
1888,Seneca Foods,SENEA,1313942656,194.07,United States
1889,Carter's,CRI,1313159040,35.77,United States
1890,Willdan Group,WLDN,1303257728,85.56,United States
1891,Oil-Dri Corporation Of America,ODC,1302331904,89.94,United States
1892,Integra LifeSciences,IART,1301911680,16.74,United States
1893,T1 Energy,TE,1301809664,4.42,United States
1894,Seaport Therapeutics,SPTX,1301327744,24.31,United States
1895,HBT Financial,HBT,1300070656,35.75,United States
1896,Willis Lease Finance Corporation,WLFC,1299434752,54.37,United States
1897,ACV Auctions,ACVA,1297165696,7.43,United States
1898,ProAssurance,PRA,1290193152,25.0,United States
1899,Old Second Bancorp,OSBC,1288936192,25.335,United States
1900,Cracker Barrel,CBRL,1288561664,57.65,United States
1901,Certara,CERT,1285901952,8.43,United States
1902,Leggett &amp; Platt,LEG,1285302400,9.41,United States
1903,York Space Systems,YSS,1280172800,9.32,United States
1904,Jefferson Capital,JCAP,1280015232,22.29,United States
1905,Aeva Technologies,AEVA,1274918400,18.29,United States
1906,Yelp,YELP,1273024512,23.46,United States
1907,Nutex Health,NUTX,1272627328,185.84,United States
1908,Odyssey Therapeutics,ODTX,1268264576,26.39,United States
1909,Two Harbors Investment,TWO,1266873856,12.05,United States
1910,Vor Biopharma,VOR,1265782144,23.36,United States
1911,NexPoint Residential Trust,NXRT,1264293120,24.5,United States
1912,Myers Industries,MYE,1261333888,33.53,United States
1913,Ladder Capital,LADR,1258503808,9.92,United States
1914,Utz Brands,UTZ,1244129536,14.04,United States
1915,Gentherm,THRM,1242639744,40.47,United States
1916,Oppenheimer Holdings,OPY,1242021504,115.99,United States
1917,PROCEPT BioRobotics,PRCT,1241692928,21.68,United States
1918,Preferred Bank,PFBC,1238532096,104.49,United States
1919,Ategrity Specialty Insurance Company,ASIC,1238431872,25.84,United States
1920,Biglari,BH,1238284288,388.85,United States
1921,Winmark,WINA,1236711936,344.28,United States
1922,Babcock &amp; Wilcox,BW,1233430784,8.28,United States
1923,Universal Technical Institute,UTI,1231378432,22.35,United States
1924,Marcus &amp; Millichap,MMI,1223990784,32.32,United States
1925,Monte Rosa Therapeutics,GLUE,1219981696,14.3,United States
1926,Marten Transport,MRTN,1218125824,14.93,United States
1927,Corvus Pharmaceuticals,CRVS,1216388864,14.46,United States
1928,Clear Channel Outdoor,CCO,1211643392,2.38,United States
1929,Piedmont Realty Trust,PDM,1207531648,9.65,United States
1930,Easterly Government Properties,DEA,1205542912,24.6,United States
1931,WEBTOON Entertainment,WBTN,1194257408,8.8,United States
1932,Shoals Technologies,SHLS,1194088064,7.095,United States
1933,Lumexa Imaging,LMRI,1193251200,12.42,United States
1934,Graham Corporation,GHM,1191191424,101.49,United States
1935,Heritage Financial,HFWA,1190642816,29.1,United States
1936,ASA Gold and Precious Metals,ASA,1188713984,63.27,United States
1937,Donnelley Financial Solutions,DFIN,1185753088,48.23,United States
1938,BellRing Brands,BRBR,1184874752,10.19,United States
1939,QuinStreet,QNST,1184523520,20.62,United States
1940,Corsair Gaming,CRSR,1182374144,10.93,United States
1941,Lindsay Corporation,LNN,1181319296,116.17,United States
1942,Universal Insurance Holdings,UVE,1177780608,42.32,United States
1943,Suburban Propane Partners,SPH,1177473664,17.65,United States
1944,GoodRx,GDRX,1176951552,3.45,United States
1945,Mission Produce,AVO,1174537600,13.29,United States
1946,Arteris,AIP,1174243712,23.89,United States
1947,TripAdvisor,TRIP,1171993472,10.0,United States
1948,Saul Centers,BFS,1171062016,33.72,United States
1949,Tennant Company,TNC,1170946176,68.68,United States
1950,Cricut,CRCT,1170794368,5.59,United States
1951,Avanos Medical,AVNS,1170726912,24.99,United States
1952,Sana Biotechnology,SANA,1170500096,3.91,United States
1953,Prospect Capital,PSEC,1167347840,2.33,United States
1954,"U.S. Physical Therapy, Inc.",USPH,1167104256,78.21,United States
1955,NPK International,NPKI,1161567360,13.68,United States
1956,Teladoc Health,TDOC,1160960896,6.39,United States
1957,STAAR Surgical,STAA,1160331776,23.14,United States
1958,Genco Shipping &amp; Trading,GNK,1155916800,26.52,United States
1959,ZoomInfo,GTM,1155706880,3.97,United States
1960,MarineMax,HZO,1152927616,52.2,United States
1961,Grocery Outlet,GO,1149380224,11.6,United States
1962,Univest Financial Corporation,UVSP,1147911552,41.62,United States
1963,Savara,SVRA,1145543168,5.59,United States
1964,Ecovyst,ECVT,1142850048,10.44,United States
1965,Red Violet,RDVT,1142063232,71.17,United States
1966,Metropolitan Bank Holding,MCB,1139851776,91.94,United States
1967,Green Plains,GPRE,1139049088,16.25,United States
1968,BlackSky Technology,BKSY,1135664512,27.75,United States
1969,Great Lakes Dredge &amp; Dock Corp.,GLDD,1135273600,17.0,United States
1970,Ameresco,AMRC,1134555520,21.38,United States
1971,Amerant Bancorp,AMTB,1124356992,28.69,United States
1972,IRadimed,IRMD,1123337088,87.85,United States
1973,Universal Corporation,UVV,1120466560,45.0,United States
1974,Virtus Investment Partners,VRTS,1116515712,167.09,United States
1975,Northeast Bank,NBN,1116474496,130.5,United States
1976,"Apnimed, Inc.",APMD,1116243840,28.03,United States
1977,CRA International,CRAI,1110376448,176.9,United States
1978,Five Star Bancorp,FSBC,1107828096,45.15,United States
1979,ScanSource,SCSC,1104638080,54.35,United States
1980,OPKO Health,OPK,1104565888,1.48,United States
1981,Bowhead Specialty Holdings,BOW,1103590656,33.5,United States
1982,O-I Glass,OI,1103276928,7.18,United States
1983,Middlesex Water Company,MSEX,1097848320,58.26,United States
1984,Upbound Group,UPBD,1096028800,18.8,United States
1985,NCR Voyix Corporation,VYX,1092132864,7.91,United States
1986,Compass Minerals,CMP,1091502720,26.0,United States
1987,Safehold,SAFE,1088446208,15.37,United States
1988,Deluxe Corporation,DLX,1082667008,23.61,United States
1989,Upwork,UPWK,1075417984,8.61,United States
1990,eXp World Holdings,EXPI,1073469056,6.74,United States
1991,National Presto Industries,NPK,1070053248,149.95,United States
1992,Tetra Technologies,TTI,1064643328,7.19,United States
1993,Janux Therapeutics,JANX,1063168448,17.39,United States
1994,Northwest Pipe Company,NWPX,1060863232,110.08,United States
1995,Kura Oncology,KURA,1057741760,11.89,United States
1996,Capitol Federal Financial,CFFN,1052341376,8.53,United States
1997,Arbor Realty Trust,ABR,1052159680,5.19,United States
1998,HighPeak Energy,HPK,1052087232,8.32,United States
1999,XPLR Infrastructure,XIFR,1051444992,11.15,United States
2000,BrightView,BV,1046380032,11.3,United States
2001,Kforce,KFRC,1045706496,58.39,United States
2002,Service Properties Trust,SVC,1045141504,8.07,United States
2003,"Sinclair, Inc.",SBGI,1042103296,14.41,United States
2004,Diversified Energy,DEC.L,1035826449,14.6366,United States
2005,AEVEX Corp.,AVEX,1033971776,18.31,United States
2006,Arbutus Biopharma,ABUS,1030787264,5.21,United States
2007,Mercantile Bank,MBWM,1030414208,59.61,United States
2008,Equity Bancshares,EQBK,1026741568,49.86,United States
2009,Lexicon Pharmaceuticals,LXRX,1023398656,2.3,United States
2010,Phoenix Education Partners,PXED,1023024512,28.38,United States
2011,MetroCity Bankshares,MCBS,1020297472,35.6,United States
2012,MidWestOne Financial Group,MOFG,1017475776,49.31,United States
2013,NANO Nuclear Energy,NNE,1012210048,18.85,United States
2014,QuidelOrtho,QDEL,1010801728,14.74,United States
2015,Taboola.com,TBLA,1007679616,3.73,United States
2016,Glass House Brands,GLASF,1007483904,11.81,United States
2017,Heritage Insurance,HRTG,1006144960,33.84,United States
2018,Ventyx Biosciences,VTYX,1004502016,14.0,United States
2019,Ardelyx,ARDX,1004349696,3.89,United States
2020,Horizon Bancorp,HBNC,1003785344,19.55,United States
2021,Astec Industries,ASTE,1002754752,43.55,United States
2022,CNB Financial Corp,CCNE,1002370688,33.84,United States
2023,Securitize Corp.,SECZ,1000818624,6.13,United States
2024,LegalZoom,LZ,999330176,5.835,United States
2025,Resolute Holdings Management,RHLD,998014912,127.63,United States
2026,Emerald Holding,EEX,997505920,5.04,United States
2027,Solid Biosciences,SLDB,997194752,9.3,United States
2028,Bloomin' Brands,BLMN,995771328,11.63,United States
2029,Heartland Express,HTLD,992950720,12.84,United States
2030,Whitestone REIT,WSR,988012416,18.99,United States
2031,Bioventus,BVS,982227968,14.38,United States
2032,Accel Entertainment,ACEL,981598336,12.06,United States
2033,Global Medical REIT,GMRE,979776256,35.98,United States
2034,Sable Offshore,SOC,978534784,5.1,United States
2035,Backblaze,BLZE,978020032,15.8,United States
2036,Barings BDC,BBDC,977962304,9.34,United States
2037,Geron,GERN,976559552,1.52,United States
2038,Douglas Dynamics,PLOW,973389824,42.18,United States
2039,Immix Biopharma,IMMX,972454720,13.66,United States
2040,Pacira Biosciences,PCRX,970713280,24.67,United States
2041,Unitil Corporation,UTL,969643904,53.17,United States
2042,Trustco Bank,TRST,967686464,56.83,United States
2043,American Bitcoin Corp,ABTC,966030272,7.93,United States
2044,Ridgepost Capital,RPC,965688768,8.76,United States
2045,JBG SMITH,JBGS,965379904,12.5,United States
2046,"MNTN, Inc.",MNTN,964960704,12.9,United States
2047,Chimera Investment Corporation,CIM,964360128,11.52,United States
2048,Central Pacific Financial,CPF,963726400,37.43,United States
2049,Eastman Kodak Company,KODK,963403712,9.84,United States
2050,NB Bancorp,NBBK,963130368,21.98,United States
2051,Simply Good Foods,SMPL,962240384,10.88,United States
2052,Annexon,ANNX,961166272,5.07,United States
2053,Evolv Technologies,EVLV,960513344,5.34,United States
2054,Karat Packaging,KRT,957719104,48.05,United States
2055,Camden National Corporation,CAC,957555648,56.67,United States
2056,Centerspace,CSR,954830400,53.96,United States
2057,Lightwave Logic,LWLG,954295296,6.19,United States
2058,Southside Bancshares,SBSI,954137408,32.07,United States
2059,USA TODAY Co.,TDAY,949912000,6.47,United States
2060,"Forbright, Inc.",FRBT,949293952,18.7,United States
2061,Abacus Global Management,ABX,944673088,9.66,United States
2062,PagerDuty,PD,944320704,12.32,United States
2063,Kronos Worldwide,KRO,943799616,8.2,United States
2064,Aclaris Therapeutics,ACRS,943544896,6.41,United States
2065,Mid Penn Bancorp,MPB,943483456,37.24,United States
2066,First Financial,THFF,940054400,79.05,United States
2067,Design Therapeutics,DSGN,938098944,14.99,United States
2068,Kopin Corporation,KOPN,936797952,5.04,United States
2069,Olema Pharmaceuticals,OLMA,935349376,10.69,United States
2070,Quanex Building Products,NX,931419136,20.28,United States
2071,CeriBell,CBLL,928750080,24.2,United States
2072,Daktronics,DAKT,927471872,19.2,United States
2073,Lucky Strike Entertainment,LUCK,927398528,6.8,United States
2074,Hanmi Financial,HAFC,922388352,31.11,United States
2075,Amphastar Pharmaceuticals,AMPH,918819584,21.6,United States
2076,Fox Factory Holding,FOXF,918377344,21.85,United States
2077,"Eve Holding, Inc.",EVEX,916519104,2.63,United States
2078,Adaptive Biotechnologies,ADPT,916254080,22.9,United States
2079,Marcus Corporation,MCS,911706944,29.57,United States
2080,Nextdoor,NXDR,911516672,2.39,United States
2081,Postal Realty Trust,PSTL,911430400,22.9,United States
2082,CrossAmerica Partners,CAPL,910050432,23.84,United States
2083,Ryerson,RYI,907088320,28.16,United States
2084,Oxford Lane Capital,OXLC,906188736,9.28,United States
2085,LightPath Technologies,LPTH,905423296,14.42,United States
2086,MFA Financial,MFA,900693504,8.91,United States
2087,Winnebago Industries,WGO,898385408,31.78,United States
2088,Flotek Industries,FTK,893557952,24.67,United States
2089,Covenant Logistics,CVLG,893297792,35.2,United States
2090,EverQuote,EVER,892821568,25.24,United States
2091,Apollo Commercial Real Estate Finance,ARI,888509824,6.93,United States
2092,Tronox,TROX,887932160,5.56,United States
2093,Vishay Precision Group,VPG,887273856,66.61,United States
2094,SpyGlass Pharma,SGP,886705984,26.51,United States
2095,Navient,NAVI,886257088,9.45,United States
2096,SI-BONE,SIBN,885211648,19.96,United States
2097,Beazer Homes USA,BZH,883896000,33.13,United States
2098,ProFrac,ACDC,879652928,4.83,United States
2099,Satellogic,SATL,879392192,5.72,United States
2100,Compass Diversified Holdings,CODI,878756160,11.68,United States
2101,Capital City Bank Group,CCBG,878425536,51.33,United States
2102,World Acceptance Corporation,WRLD,877936896,188.27,United States
2103,Quantum Corporation,QMCO,876872512,22.25,United States
2104,indie Semiconductor,INDI,876847680,4.15,United States
2105,Sun Country Airlines,SNCY,876356672,16.17,United States
2106,Ibotta,IBTA,875853440,37.71,United States
2107,4D Molecular Therapeutics,FDMT,874515840,15.83,United States
2108,Hippo Holdings,HIPO,874016256,33.12,United States
2109,SmartFinancial (SmartBank),SMBK,872706048,51.04,United States
2110,Forum Energy Technologies,FET,870688128,77.42,United States
2111,Talkspace,TALK,870574976,5.25,United States
2112,Apogee Enterprises,APOG,868121024,41.6,United States
2113,CryoPort,CYRX,867619072,17.13,United States
2114,Transcat,TRNS,865782400,92.5,United States
2115,Cardinal Infrastructure Group,CDNL,865479680,43.5,United States
2116,Employers Holdings,EIG,865157568,48.17,United States
2117,Root Insurance,ROOT,864368512,55.79,United States
2118,Great Southern Bancorp,GSBC,862210752,79.12,United States
2119,Eagle Bancorp,EGBN,860867392,28.24,United States
2120,Standard Motor Products,SMP,859585280,38.61,United States
2121,Beta Bionics,BBNX,857053504,19.05,United States
2122,Reformation Inc.,REF,855423488,14.48,United States
2123,Koppers Holdings,KOP,854613760,45.19,United States
2124,Rigel Pharmaceuticals,RIGL,849060416,45.89,United States
2125,Sabre,SABR,847524672,2.1,United States
2126,Rackspace Technology,RXT,846177856,3.32,United States
2127,Riley Exploration Permian,REPX,845609920,38.17,United States
2128,HealthStream,HSTM,844157568,28.87,United States
2129,Sky Harbour Group,SKYH,841817280,10.45,United States
2130,Collegium Pharmaceutical,COLL,840388096,27.11,United States
2131,GCM Grosvenor,GCMG,839263616,13.73,United States
2132,Mitek Systems,MITK,837471296,18.56,United States
2133,American Public Education,APEI,834733440,45.61,United States
2134,ASGN,ASGN,833931008,19.53,United States
2135,South Plains Financial,SPFI,832876800,44.21,United States
2136,Sweetgreen,SG,832098752,6.99,United States
2137,Viant Technology,DSP,829759296,12.45,United States
2138,Heritage Commerce,HTBK,828429632,13.45,United States
2139,Latham Group,SWIM,827052032,7.03,United States
2140,Daily Journal,DJCO,826536960,599.83,United States
2141,Orrstown Financial Services,ORRF,826517696,42.02,United States
2142,Cantaloupe,CTLP,825815936,11.2,United States
2143,Dakota Gold,DC,825163904,6.15,United States
2144,Independent Bank Corporation,IBCP,824259904,37.13,United States
2145,SunCoke Energy,SXC,822437248,9.69,United States
2146,United States Antimony Corporation,UAMY,821684864,5.49,United States
2147,Esperion Therapeutics,ESPR,819464832,3.18,United States
2148,Southern Missouri Bancorp,SMBC,819006272,74.38,United States
2149,CTO Realty Growth,CTO,817182912,21.8,United States
2150,Alerus Financial,ALRS,816079104,32.77,United States
2151,Lincoln Educational Services,LINC,815876416,25.72,United States
2152,Metallus,MTUS,815488768,19.59,United States
2153,PennyMac Mortgage Investment Trust,PMT,815342080,9.35,United States
2154,IperionX,IPX,814801664,22.5,United States
2155,Barrett Business Services,BBSI,813090240,33.55,United States
2156,Westrock Coffee,WEST,812259776,8.32,United States
2157,Financial Institutions,FISI,811902016,41.2,United States
2158,Petco,WOOF,811005248,2.84,United States
2159,Aura Biosciences,AURA,808897536,7.8,United States
2160,Peapack-Gladstone Financial,PGC,808040064,45.58,United States
2161,PAR Technology,PAR,807813696,19.53,United States
2162,WhiteFiber,WYFI,804932992,20.72,United States
2163,First Watch Restaurant,FWRG,804113024,13.03,United States
2164,BitGo,BTGO,804012096,6.84,United States
2165,Hertz,HTZ,802015616,2.25,United States
2166,Montrose Environmental,MEG,800798912,22.14,United States
2167,LSB Industries,LXU,800612224,11.12,United States
2168,Rapid7,RPD,798697600,11.85,United States
2169,Alpha &amp; Omega Semiconductor,AOSL,798376640,26.39,United States
2170,Groupon,GRPN,796633152,19.59,United States
2171,Paysign,PAYS,795551808,14.09,United States
2172,MediaAlpha,MAX,792755840,12.94,United States
2173,"TXO Partners, L.P.",TXO,789556864,14.24,United States
2174,Papa John's Pizza,PZZA,788145216,23.94,United States
2175,CEVA,CEVA,788032448,27.99,United States
2176,"Yesway, Inc.",YSWY,785876160,25.2,United States
2177,Bain Capital Specialty Finance,BCSF,782314240,12.06,United States
2178,Carlyle Secured Lending,CGBD,780932032,11.35,United States
2179,Peakstone Realty Trust,PKST,780562688,20.99,United States
2180,Varex Imaging,VREX,780164224,18.51,United States
2181,Strawberry Fields REIT,STRW,779967680,13.8,United States
2182,Shore Bancshares,SHBI,778908928,23.34,United States
2183,Movado Group,MOV,773729984,34.81,United States
2184,Neurogene,NGNE,773039680,38.63,United States
2185,HomeTrust Bancshares,HTB,772124096,46.7,United States
2186,Hovnanian Enterprises,HOV,770009664,131.41,United States
2187,Nuvectis Pharma,NVCT,767620864,23.56,United States
2188,AdaptHealth,AHCO,765984832,5.63,United States
2189,Green Dot,GDOT,765880768,13.44,United States
2190,Mama's Creations,MAMA,764415488,16.44,United States
2191,"Nerdy, Inc,",NRDY,762753216,10.56,United States
2192,Westlake Chemical Partners,WLKP,759901184,21.56,United States
2193,Bright Minds Biosciences,DRUG,759649728,77.42,United States
2194,Washington Trust Bancorp,WASH,757441216,39.71,United States
2195,Scholastic,SCHL,757143808,40.14,United States
2196,Third Coast Bancshares,TCBX,756913920,45.49,United States
2197,Shattuck Labs,STTK,755735360,7.53,United States
2198,Ramaco Resources,METC,754320000,11.9,United States
2199,Golden Entertainment,GDEN,753686080,28.55,United States
2200,National Healthcare Properties,NHP,750903936,16.96,United States
2201,RE/MAX Holdings,RMAX,750600320,13.62,United States
2202,Phreesia,PHR,748704384,12.12,United States
2203,PubMatic,PUBM,747476480,16.41,United States
2204,LSI Industries,LYTS,746730304,20.34,United States
2205,Entravision Communications,EVC,744766592,8.07,United States
2206,Enovix,ENVX,741736064,3.38,United States
2207,PRA Group,PRAA,737147968,19.58,United States
2208,Park Aerospace,PKE,736931072,33.88,United States
2209,EVgo,EVGO,735846720,1.51,United States
2210,Tectonic Therapeutic,TECX,735642688,37.63,United States
2211,TaskUs,TASK,733496192,8.0,United States
2212,Gyre Therapeutics,GYRE,732693248,6.91,United States
2213,PennantPark Floating Rate Capital Ltd.,PFLT,731235904,7.37,United States
2214,GMR Solutions Inc.,GMRS,728212672,13.48,United States
2215,Once Upon A Farm,OFRM,728117888,17.34,United States
2216,Hallador Energy Company,HNRG,725064832,15.38,United States
2217,Velocity Financial,VEL,724089920,18.34,United States
2218,Monopar Therapeutics,MNPR,723035200,107.72,United States
2219,Array Technologies,ARRY,722296128,4.69,United States
2220,Cass Information Systems,CASS,722266816,56.4,United States
2221,Allogene Therapeutics,ALLO,722075904,2.09,United States
2222,Vitesse Energy,VTS,720404864,17.11,United States
2223,Phathom Pharmaceuticals,PHAT,717591296,8.87,United States
2224,CytomX Therapeutics,CTMX,714709632,3.28,United States
2225,Arrow Financial,AROW,712792896,38.48,United States
2226,Consensus Cloud Solutions,CCSI,710457216,38.77,United States
2227,XOMA Royalty,XOMA,710155008,40.17,United States
2228,The Manitowoc Company,MTW,709699520,19.68,United States
2229,Ironwood Pharmaceuticals,IRWD,708879360,4.29,United States
2230,REGENXBIO,RGNX,707661440,10.72,United States
2231,Enhabit,EHAB,706913408,13.8,United States
2232,Zevra Therapeutics,ZVRA,704885440,11.87,United States
2233,Community West Bancshares,CWBC,703318592,25.92,United States
2234,Peoples Financial Services,PFIS,702127104,70.14,United States
2235,American Woodmark,AMWD,700651840,48.09,United States
2236,Mesa Laboratories,MLAB,698140608,124.76,United States
2237,Janus International Group,JBI,697186944,5.11,United States
2238,Franklin BSP Realty Trust,FBRT,696751040,8.39,United States
2239,Verra Mobility,VRRM,693041536,4.56,United States
2240,Donegal Group,DGICA,691716096,18.67,United States
2241,Energy Vault,NRGV,690990336,3.8,United States
2242,SLR Investment,SLRC,689025024,12.63,United States
2243,Mativ Holdings,MATV,688220480,12.47,United States
2244,California BanCorp,BCAL,686735552,21.36,United States
2245,River City Bank,RCBC,686308672,49.04,United States
2246,N-Able,NABL,685727040,3.63,United States
2247,Shentel,SHEN,682646528,12.33,United States
2248,Midland States Bancorp,MSBI,681706816,32.85,United States
2249,Legacy Housing Corporation,LEGH,680867200,28.63,United States
2250,Udemy,UDMY,677283328,4.63,United States
2251,Helen of Troy,HELE,676867264,29.06,United States
2252,Frequency Electronics,FEIM,675939392,61.69,United States
2253,Camping World,CWH,675548736,6.54,United States
2254,NioCorp Developments,NB,675523840,4.64,United States
2255,Tiptree,TIPT,674783232,18.12,United States
2256,Granite Ridge Resources,GRNT,674010240,5.11,United States
2257,Cannae Holdings,CNNE,672300544,15.5,United States
2258,OrthoPediatrics,KIDS,669716032,25.65,United States
2259,Contango Ore,CTGO,669148224,20.01,United States
2260,Red River Bancshares,RRBI,668681792,101.56,United States
2261,Chatham Lodging Trust,CLDT,665528384,13.56,United States
2262,Bar Harbor Bankshares,BHB,664775104,39.65,United States
2263,Summit Hotel Properties,INN,664377344,6.16,United States
2264,Matthews International Corporation,MATW,663904192,21.27,United States
2265,OTC Markets Group,OTCM,663884288,55.4,United States
2266,ParkOhio Holdings Corp.,PKOH,662193472,45.7,United States
2267,Bluelinx,BXC,658390592,84.6,United States
2268,ACNB Corporation,ACNB,658166208,64.45,United States
2269,Cars.com,CARS,654169728,12.22,United States
2270,Hingham Institution for Savings,HIFS,653506112,297.42,United States
2271,Village Super Market,VLGEA,653098560,44.1,United States
2272,Gladstone Investment,GAIN,651487424,16.36,United States
2273,AngioDynamics,ANGO,650985088,15.75,United States
2274,Reservoir Media,RSVR,650903744,9.89,United States
2275,Miller Industries,MLR,649344960,57.2,United States
2276,Grid Dynamics,GDYN,649015040,8.0,United States
2277,Armada Hoffler Properties,AHH,647902656,6.25,United States
2278,Contineum Therapeutics,CTNM,646707264,17.19,United States
2279,Scribe Therapeutics,SCTX,643841536,34.13,United States
2280,ProKidney,PROK,642683904,1.61,United States
2281,WhiteHawk Minerals Corp,WHK,642477120,27.0,United States
2282,AH Realty Trust,AHRT,639714368,6.67,United States
2283,Northfield Bancorp,NFBK,639406784,15.31,United States
2284,CorMedix,CRMD,639143424,8.2,United States
2285,DoubleDown Interactive,DDI,638743872,12.89,United States
2286,Sagimet Biosciences,SGMT,637126208,10.25,United States
2287,Yext,YEXT,636575488,6.35,United States
2288,ADTRAN,ADTN,633110528,7.77,United States
2289,Smith &amp; Wesson,SWBI,632239488,14.1,United States
2290,Claritev,CTEV,631632000,37.27,United States
2291,NerdWallet,NRDS,631560960,9.88,United States
2292,MiMedx Group,MDXG,631142784,4.33,United States
2293,Gladstone Commercial,GOOD,630340288,12.91,United States
2294,AlTi Global,ALTI,630011456,4.04,United States
2295,OmniAb,OABI,629540416,4.33,United States
2296,Cytek Biosciences,CTKB,625219456,4.81,United States
2297,Vaalco Energy,EGY,624839168,5.94,United States
2298,"Sturm, Ruger &amp; Co",RGR,624270464,39.07,United States
2299,Verastem Oncology,VSTM,623982080,6.89,United States
2300,Forge Global,FRGE,623007296,45.0,United States
2301,Krispy Kreme,DNUT,622864960,3.59,United States
2302,Hyster-Yale Materials Handling,HY,621860928,34.71,United States
2303,BrightSpire Capital,BRSP,621233664,4.91,United States
2304,Eikon Therapeutics,EIKN,616939712,11.39,United States
2305,MasterCraft Boat,MCFT,616698944,25.46,United States
2306,Prime Medicine,PRME,614867584,3.39,United States
2307,ASP Isotopes,ASPI,613237504,4.0,United States
2308,Arvinas,ARVN,612341696,9.365,United States
2309,Kearny Financial,KRNY,612336768,9.73,United States
2310,EagleRock Land,EROK,611881344,25.02,United States
2311,Forward Air,FWRD,611771456,18.11,United States
2312,TPG Real Estate Finance Trust,TRTX,609961728,7.89,United States
2313,Sprout Social,SPT,607134016,10.02,United States
2314,The Elmet Group,ELMT,605687104,19.885,United States
2315,Ooma,OOMA,604995648,22.02,United States
2316,Altimmune,ALT,604950016,3.11,United States
2317,MISTRAS Group,MG,603873920,18.96,United States
2318,Bridgewater Bancshares,BWB,603127104,21.63,United States
2319,Redwood Trust,RWT,602939712,4.8,United States
2320,Insteel Industries,IIIN,598557056,30.92,United States
2321,"Citi Trends, Inc.",CTRN,597333376,71.71,United States
2322,Southern First Bancshares,SFST,597004736,63.03,United States
2323,Unity Bancorp,UNTY,596930816,59.44,United States
2324,Ethan Allen,ETD,595189888,23.39,United States
2325,Northpointe Bancshares,NPB,595153408,17.21,United States
2326,OppFi,OPFI,594753600,6.98,United States
2327,Hyliion,HYLN,594728704,3.33,United States
2328,Kelly Services,KELYA,593568960,17.09,United States
2329,Greene County Bancorp,GCBC,592486848,34.8,United States
2330,W&amp;T Offshore,WTI,591696320,3.92,United States
2331,Kura Sushi USA,KRUS,587323072,48.34,United States
2332,Rayonier Advanced Materials,RYAM,585798848,8.66,United States
2333,Aquestive Therapeutics,AQST,584884288,4.66,United States
2334,Weave Communications,WEAV,583193600,7.29,United States
2335,OneSpan,OSPN,583155904,15.73,United States
2336,Enviri Corporation,NVRI,582125952,20.65,United States
2337,Malibu Boats,MBUU,579292672,29.5,United States
2338,First Business Financial Services,FBIZ,574819904,68.69,United States
2339,Civista Bancshares,CIVB,573920960,27.6,United States
2340,Northrim BanCorp,NRIM,573914944,25.8,United States
2341,Universal Health Realty Income Trust,UHT,573181760,41.24,United States
2342,NETGEAR,NTGR,571303040,21.02,United States
2343,Cerus Corporation,CERS,566284928,2.81,United States
2344,Spire Global,SPIR,566275840,13.94,United States
2345,Ur-Energy,URG,564966464,1.42,United States
2346,Zura Bio,ZURA,560600448,5.85,United States
2347,Kimball Electronics,KE,555770624,23.11,United States
2348,Gemini Space Station,GEMI,554911424,4.28,United States
2349,Evolus,EOLS,554163200,8.39,United States
2350,Mayville Engineering Company,MEC,554122176,21.73,United States
2351,Industrial Logistics Properties Trust,ILPT,553990848,8.3,United States
2352,York Water,YORW,552258560,34.03,United States
2353,Strata Critical Medical,SRTA,552032832,6.24,United States
2354,Bit Digital,BTBT,551769280,1.53,United States
2355,Home Bancorp,HBCP,548669952,69.71,United States
2356,Fulgent Genetics,FLGT,547554304,19.9,United States
2357,ARS Pharmaceuticals,SPRY,547457664,5.505,United States
2358,Carriage Services,CSV,547145088,34.45,United States
2359,Ovid Therapeutics,OVID,546833984,2.8,United States
2360,Investors Title Company,ITIC,546121728,289.26,United States
2361,The Honest Company,HNST,541786112,5.05,United States
2362,GAMCO Investors,GAMI,541234496,25.2,United States
2363,Solid Power,SLDP,540789440,2.37,United States
2364,Oxford Industries,OXM,540499776,36.2,United States
2365,Tactile Medical,TCMD,539577472,23.82,United States
2366,Olympic Steel,ZEUS,538983936,47.86,United States
2367,Evolent Health,EVH,535901216,4.74,United States
2368,Artiva Biotherapeutics,ARTV,534369024,10.93,United States
2369,Pangaea Logistics Solutions,PANL,532956512,8.14,United States
2370,ARKO Corp.,ARKO,532882176,4.75,United States
2371,SandRidge Energy,SD,532401248,14.36,United States
2372,Quad,QUAD,531578720,10.31,United States
2373,NVE Corporation,NVEC,531556288,109.89,United States
2374,Cabaletta Bio,CABA,530677248,3.13,United States
2375,3D Systems,DDD,530009024,3.19,United States
2376,One Liberty Properties,OLP,529333984,24.17,United States
2377,Bankwell Financial Group,BWFG,528541760,66.3,United States
2378,Prelude Therapeutics,PRLD,528048384,6.63,United States
2379,Alight,ALIT,527023008,14.22,United States
2380,Intrepid Potash,IPI,524541152,38.98,United States
2381,Flushing Financial Corp,FFIC,524179680,15.47,United States
2382,Brandywine Realty Trust,BDN,523435072,3.03,United States
2383,Oil States International,OIS,521790624,8.65,United States
2384,Kyverna Therapeutics,KYTX,520721792,8.42,United States
2385,MapLight Therapeutics,MPLT,519895488,11.21,United States
2386,Sierra Bancorp,BSRR,517498784,39.92,United States
2387,Idaho Strategic Resources,IDR,517040960,32.67,United States
2388,Veradigm,MDRX,516615808,4.74,United States
2389,Bally's Corporation,BALY,516303168,10.23,United States
2390,Senseonics Holdings,SENS,513407040,9.71,United States
2391,The Oncology Institute,TOI,512912480,5.13,United States
2392,Limbach Holdings,LMB,511413792,42.9,United States
2393,AMC Networks,AMCX,511087168,12.39,United States
2394,Orange County Bancorp,OBT,509368544,37.99,United States
2395,Evommune,EVMN,508815424,14.02,United States
2396,Gray Media,GTN,508742848,4.94,United States
2397,Columbus McKinnon,CMCO,508588000,17.62,United States
2398,Methode Electronics,MEI,506867776,14.28,United States
2399,Eagle Point Credit Company,ECC,506770944,3.81,United States
2400,Swarmer,SWMR,506597664,42.49,United States
2401,Universal Logistics Holdings,ULH,504679744,19.14,United States
2402,Ginkgo Bioworks,DNA,498318080,7.4,United States
2403,Cooper Standard,CPS,498070912,28.03,United States
2404,Johnson Outdoors,JOUT,497050752,47.43,United States
2405,"ERock, Inc.",EROC,494265504,10.26,United States
2406,Ponce Financial Group,PDLB,493916928,20.42,United States
2407,Relmada Therapeutics,RLMD,493881408,4.63,United States
2408,Bank7,BSVN,493725120,51.83,United States
2409,C4 Therapeutics,CCCC,492100544,4.0,United States
2410,NRC Health,NRC,491271424,22.19,United States
2411,Rezolute,RZLT,490127968,5.09,United States
2412,Rimini Street,RMNI,490119008,5.25,United States
2413,Wabash National,WNC,489660832,12.02,United States
2414,IBEX,IBEX,489506112,36.56,United States
2415,First Foundation,FFWM,489265120,5.9,United States
2416,El Pollo Loco,LOCO,488198432,16.03,United States
2417,Build-A-Bear Workshop,BBW,487581152,38.89,United States
2418,KKR Real Estate Finance Trust,KREF,487397152,7.58,United States
2419,AMERISAFE,AMSF,486485120,26.01,United States
2420,West Bancorporation,WTBA,486428480,28.54,United States
2421,"Deep Fission, Inc.",FISN,485973984,8.25,United States
2422,NeuroPace,NPCE,481569536,14.03,United States
2423,Editas Medicine,EDIT,477633888,3.11,United States
2424,Puma Biotechnology,PBYI,476969376,9.24,United States
2425,ATN International,ATNI,476733920,30.95,United States
2426,BlossomHill Therapeutics,BLSM,476349376,16.38,United States
2427,Valhi,VHI,475512832,16.79,United States
2428,Q32 Bio,QTTB,475418368,15.97,United States
2429,Diamond Hill Investment Group,DHIL,473290400,174.99,United States
2430,Shoe Carnival,SCVL,473247296,17.43,United States
2431,Zion Oil &amp; Gas,ZNOG,472939232,0.3968,United States
2432,Ocugen,OCGN,471363456,1.39,United States
2433,Titan Machinery,TITN,470237984,20.18,United States
2434,Summit Midstream,SMC,470159232,34.11,United States
2435,Cogent Communications,CCOI,469648288,9.17,United States
2436,Farmers &amp; Merchants Bancorp,FMAO,468976160,34.05,United States
2437,AIAI Holdings Corporation,AIAI,467787456,6.62,United States
2438,Virgin Galactic,SPCE,466915360,3.08,United States
2439,Calavo Growers,CVGW,466334752,26.09,United States
2440,AdvanSix,ASIX,463880384,17.18,United States
2441,Commercial Bancgroup,CBK,463239968,33.81,United States
2442,Benitec Biopharma,BNTC,463096448,13.48,United States
2443,Citizens &amp; Northern Corp,CZNC,462719584,25.8,United States
2444,Priority Technology Holdings,PRTH,462490464,5.61,United States
2445,Titan International,TWI,461477824,7.15,United States
2446,Shoulder Innovations,SI,459266144,22.06,United States
2447,EyePoint Pharmaceuticals,EYPT,458648576,5.32,United States
2448,Caleres,CAL,457492320,13.62,United States
2449,Sight Sciences,SGHT,455026816,8.26,United States
2450,Vital Farms,VITL,453786144,10.57,United States
2451,Dine Brands Global,DIN,453577376,35.83,United States
2452,Eventbrite,EB,452958144,4.51,United States
2453,RBB Bancorp,RBB,450641280,26.64,United States
2454,Farmland Partners,FPI,446265152,10.16,United States
2455,WideOpenWest,WOW,445855520,5.2,United States
2456,Stitch Fix,SFIX,445642336,3.34,United States
2457,Gladstone Capital Corporation,GLAD,444405664,19.67,United States
2458,Tejon Ranch,TRC,444232544,16.44,United States
2459,Innovative Aerosystems,ISSC,443541504,24.78,United States
2460,Hamilton Beach Brands,HBB,442252736,32.9,United States
2461,908 Devices,MASS,441443968,10.68,United States
2462,Advantage Solutions,ADV,440828288,34.38,United States
2463,Havertys,HVT,440690752,27.38,United States
2464,Andersen Group,ANDG,440472992,34.82,United States
2465,i3 Verticals,IIIV,440375840,16.68,United States
2466,Acacia Research,ACTG,440116512,4.51,United States
2467,Magnera,MAGN,439304000,12.34,United States
2468,Bank of Marin Bancorp,BMRC,435787200,26.91,United States
2469,Ranpak,PACK,435652096,5.08,United States
2470,Atea Pharmaceuticals,AVIR,435511488,5.43,United States
2471,BioAge Labs,BIOA,435102656,9.48,United States
2472,FRP Holdings,FRPH,434781856,22.68,United States
2473,Larimar Therapeutics,LRMR,434230656,4.18,United States
2474,American Coastal Insurance Corporation,ACIC,433934176,9.18,United States
2475,LendingTree,TREE,432699264,30.82,United States
2476,Compass Therapeutics,CMPX,432211040,2.4,United States
2477,iHeartMedia,IHRT,431861760,2.79,United States
2478,Serve Robotics,SERV,431803360,4.98,United States
2479,Marqeta,MQ,430390752,4.06,United States
2480,Aspen Aerogels,ASPN,429881888,5.18,United States
2481,Bumble,BMBL,429006944,2.8,United States
2482,Weyco Group,WEYS,428266080,44.84,United States
2483,Cross Country Healthcare,CCRN,428060928,13.25,United States
2484,Plumas Bancorp,PLBC,427979488,61.5,United States
2485,International Money Express,IMXI,426588192,14.12,United States
2486,Boston Omaha,BOC,425688384,14.13,United States
2487,Community Healthcare Trust,CHCT,424862528,14.87,United States
2488,Community Health Systems,CYH,424438176,3.01,United States
2489,PureTech Health,PRTC,424034496,17.42,United States
2490,Pioneer Bancorp,PBFS,419881344,17.365,United States
2491,Foghorn Therapeutics,FHTX,419854208,7.07,United States
2492,Pacific Biosciences,PACB,419621536,1.35,United States
2493,Barnes &amp; Noble Education,BNED,418059680,12.06,United States
2494,Investar Holding,ISTR,417581664,30.31,United States
2495,Everspin Technologies,MRAM,416628640,17.11,United States
2496,Bed Bath &amp; Beyond,BBBY,414399584,4.35,United States
2497,Star Group,SGU,412765088,12.58,United States
2498,Vogenx,VOGX,410494592,29.52,United States
2499,PowerFleet,AIOT,408046784,3.04,United States
2500,Orthofix Medical,OFIX,407733408,10.01,United States
2501,Aimco,AIV,404197856,2.62,United States
2502,Nathan's Famous,NATH,403749280,98.61,United States
2503,Energy Recovery,ERII,403254528,7.9,United States
2504,Parke Bancorp,PKBK,401654208,34.15,United States
2505,Ranger Energy Services,RNGR,400876640,17.13,United States
2506,L.B. Foster,FSTR,400592608,38.08,United States
2507,X4 Pharmaceuticals,XFOR,400552832,4.04,United States
2508,Primis Financial,FRST,400504992,16.15,United States
2509,Lexeo Therapeutics,LXEO,400385728,4.88,United States
2510,loanDepot,LDI,396593696,0.8925,United States
2511,MVB Financial,MVBF,395508960,30.5,United States
2512,Chaince Digital Holdings,CD,394913632,3.59,United States
2513,Genie Energy,GNE,394794368,15.0,United States
2514,Radiant Logistics,RLGT,394790944,8.43,United States
2515,CompX International,CIX,394337824,32.0,United States
2516,First Carolina Financial Services,FCBM,393953056,12.68,United States
2517,TruBridge,TBRG,393577312,26.24,United States
2518,NexPoint Real Estate Finance,NREF,393423072,17.08,United States
2519,Enanta Pharmaceuticals,ENTA,392319168,13.47,United States
2520,Monro,MNRO,392148288,12.55,United States
2521,First Bancorp,FNLC,391948512,34.74,United States
2522,Lifeway Foods,LWAY,391717952,25.93,United States
2523,Acco Brands,ACCO,391384064,4.24,United States
2524,PCB Bancorp,PCB,389878144,27.76,United States
2525,Genesco,GCO,389521536,35.07,United States
2526,Bakkt Holdings,BKKT,387146624,8.59,United States
2527,MGP Ingredients,MGPI,386738208,18.06,United States
2528,Presidio Production Company,FTW,385800896,11.69,United States
2529,Ring Energy,REI,385598624,1.48,United States
2530,Rocket Pharmaceuticals,RCKT,385308832,3.51,United States
2531,Arcturus Therapeutics,ARCT,382290272,13.45,United States
2532,Upstream Bio,UPB,381754144,6.97,United States
2533,Newegg,NEGG,381087104,18.17,United States
2534,Xerox,XRX,380812096,2.9,United States
2535,Gevo,GEVO,380745120,1.54,United States
2536,Lyell Immunopharma,LYEL,380564832,15.53,United States
2537,Richtech Robotics,RR,380113152,1.7,United States
2538,Waterstone Financial,WSBF,379135520,21.09,United States
2539,Perspective Therapeutics,CATX,376700480,3.3,United States
2540,Orion Group Holdings,ORN,375391328,9.27,United States
2541,Lands' End,LE,375038592,12.2,United States
2542,Holley,HLLY,374613504,3.09,United States
2543,Clearfield,CLFD,374102144,27.54,United States
2544,Gladstone Land,LAND,373131328,8.65,United States
2545,Simulations Plus,SLP,372137024,18.4,United States
2546,Open Lending,LPRO,371532640,3.14,United States
2547,Galectin Therapeutics,GALT,371126720,3.68,United States
2548,OPAL Fuels,OPAL,370483936,2.12,United States
2549,Perma-Fix Environmental Services,PESI,367077472,17.3,United States
2550,Envela Corporation,ELA,366863904,14.13,United States
2551,Artesian Resources,ARTNA,366819328,35.52,United States
2552,ThredUp,TDUP,366420864,2.79,United States
2553,Capricor Therapeutics,CAPR,365694240,6.29,United States
2554,Cerence,CRNC,364555872,8.06,United States
2555,Agenus,AGEN,364128256,8.09,United States
2556,Funko,FNKO,363972480,6.5,United States
2557,Vista Gold,VGZ,363468640,2.49,United States
2558,Gogo Inflight Internet,GOGO,363161056,2.68,United States
2559,Ribbon Communications,RBBN,363011424,2.03,United States
2560,Zentalis Pharmaceuticals,ZNTL,362120064,3.825,United States
2561,Timberland Bancorp,TSBK,361957344,46.55,United States
2562,NewtekOne,NEWT,361925696,12.53,United States
2563,Southern States Bancshares,SSBK,361068608,36.37,United States
2564,CION Investment Corporation,CION,360655808,7.33,United States
2565,Portillo's,PTLO,360417824,4.97,United States
2566,Blend Labs,BLND,359500224,1.52,United States
2567,Paysafe,PSFE,358720288,6.87,United States
2568,Clean Energy Fuels,CLNE,357120928,1.62,United States
2569,Civeo,CVEO,356931744,34.53,United States
2570,"TWFG, Inc.",TWFG,356770720,27.45,United States
2571,Dave & Buster's,PLAY,356584128,10.25,United States
2572,Repay Holdings,RPAY,353619424,4.01,United States
2573,"Mobia Medical, Inc.",MOBI,352771936,10.61,United States
2574,M-tron Industries,MPTI,352108032,81.01,United States
2575,Clearwater Paper,CLW,350724256,21.75,United States
2576,American Battery Technology Company,ABAT,350585056,2.57,United States
2577,Rocky Brands,RCKY,350358816,46.79,United States
2578,Sutro Biopharma,STRO,348867840,21.04,United States
2579,Abeona Therapeutics,ABEO,348250656,6.09,United States
2580,ON24,ONTF,348249024,8.1,United States
2581,Alpine Income Property Trust,PINE,346984416,19.55,United States
2582,ZipRecruiter,ZIP,346172128,4.21,United States
2583,Orion S.A.,OEC,345918912,6.12,United States
2584,Oportun Financial,OPRT,344904384,7.5,United States
2585,Value Line,VALU,344610880,36.73,United States
2586,Immuneering,IMRX,342896224,5.3,United States
2587,Syntec Optics,OPTX,342781792,8.51,United States
2588,Strattec Security,STRT,341783968,81.79,United States
2589,The RMR Group,RMR,341604512,20.0,United States
2590,Verano Holdings,VRNOF,340106912,0.94,United States
2591,Alto Ingredients,ALTO,339749888,4.38,United States
2592,Twin Disc,TWIN,337782624,23.42,United States
2593,Viemed Healthcare,VMD,337080832,8.85,United States
2594,PrimeEnergy Resources,PNRG,336539872,212.65,United States
2595,Telos,TLS,336315552,4.5,United States
2596,Transcontinental Realty Investors,TCI,332621024,37.91,United States
2597,Fossil Group,FOSL,331764480,5.61,United States
2598,Flexsteel Industries,FLXS,331718048,81.39,United States
2599,"Merlin, Inc.",MRLN,331502336,3.28,United States
2600,Jack in the Box,JACK,330651648,17.24,United States
2601,Horizon Technology Finance,HRZN,329018560,4.82,United States
2602,John Marshall Bancorp,JMSB,328107104,23.25,United States
2603,BayCom (United Business Bank),BCML,327603520,30.0,United States
2604,CoastalSouth Bancshares,COSO,327432256,27.39,United States
2605,SuRo Capital,SSSS,326920416,12.54,United States
2606,KinderCare Learning Companies,KLC,325921824,2.75,United States
2607,Nano Dimension,NNDM,324692064,1.54,United States
2608,TriSalus Life Sciences,TLSI,324498144,5.27,United States
2609,Duos Technologies Group,DUOT,324184160,10.32,United States
2610,Optimum Communications,OPTU,323453952,0.848,United States
2611,CPI Card Group,PMTS,323319968,28.04,United States
2612,TrueBlue,TBI,323014464,10.61,United States
2613,Orchestra BioMed,OBIO,322163072,5.36,United States
2614,Vanda Pharmaceuticals,VNDA,319243008,5.28,United States
2615,Public Policy Holding Company,PPHC,319086592,10.56,United States
2616,Sanara MedTech,SMTI,316527808,34.45,United States
2617,NL Industries,NL,316374816,6.47,United States
2618,Regional Management Corp.,RM,314691840,34.11,United States
2619,"NN, Inc.",NNBR,312155648,3.78,United States
2620,NI Holdings,NODK,311988224,15.29,United States
2621,Matrix Service Company,MTRX,311441696,11.07,United States
2622,Ready Capital,RC,311160672,1.88,United States
2623,AVITA Medical,RCEL,311124096,10.06,United States
2624,Maui Land &amp; Pineapple Company,MLP,310994368,15.66,United States
2625,Cadiz Inc.,CDZI,309918080,3.66,United States
2626,Microvast,MVST,309434912,0.8047,United States
2627,NACCO Industries,NC,309414496,41.0,United States
2628,fuboTV,FUBO,308989728,10.23,United States
2629,Zumiez,ZUMZ,308255392,18.27,United States
2630,Lightbridge Corporation,LTBR,307905536,8.22,United States
2631,Neumora Therapeutics,NMRA,306270336,1.63,United States
2632,Myriad Genetics,MYGN,306078880,3.2,United States
2633,Cresco Labs,CRLBF,305325920,0.82,United States
2634,Xperi,XPER,304823904,6.25,United States
2635,Cartesian Therapeutics,RNAC,303763744,10.04,United States
2636,E. W. Scripps Company,SSP,303027616,3.27,United States
2637,First Western Financial,MYFW,302719008,31.0,United States
2638,Palladyne AI,PDYN,302445088,6.13,United States
2639,J.Jill,JILL,302168096,20.21,United States
2640,CapsoVision,CV,301282400,6.02,United States
2641,Gloo Holdings,GLOO,301248672,3.44,United States
2642,Chain Bridge Bancorp,CBNA,301187424,45.9,United States
2643,Onity Group,ONIT,301013344,36.03,United States
2644,Friedman Industries,FRD,300845504,41.71,United States
2645,Anavex Life Sciences,AVXL,300337760,3.24,United States
2646,Alico,ALCO,299042208,40.31,United States
2647,Saratoga Investment,SAR,296371296,18.43,United States
2648,Embecta,EMBC,296329696,5.23,United States
2649,Entrada Therapeutics,TRDA,294750592,7.57,United States
2650,NexPoint Diversified Real Estate Trust,NXDT,294738464,5.55,United States
2651,Invivyd,IVVD,293727104,0.9965,United States
2652,Fulcrum Therapeutics,FULC,292218496,3.83,United States
2653,Designer Brands,DBI,291968224,5.75,United States
2654,Jakks Pacific,JAKK,291618912,25.48,United States
2655,Anika Therapeutics,ANIK,291481024,21.78,United States
2656,RCM Technologies,RCMT,290545632,40.86,United States
2657,Escalade Sports,ESCA,290326496,21.09,United States
2658,8x8,EGHT,290315360,2.01,United States
2659,Rare Earths Americas,REA,290129600,14.54,United States
2660,Princeton Bancorp,BPRN,289561056,42.5,United States
2661,Soluna Holdings,SLNH,288616864,1.18,United States
2662,Turn Therapeutics,TTRX,287278496,9.46,United States
2663,Kingstone Companies,KINS,287061728,19.83,United States
2664,American Resources Corp,AREC,286683008,2.68,United States
2665,Alliance Entertainment,AENT,286380416,5.62,United States
2666,BRC Group Holdings,RILY,286222272,7.12,United States
2667,One Stop Systems,OSS,284317472,11.4,United States
2668,Treace Medical Concepts,TMCI,282249952,4.34,United States
2669,ALX Oncology,ALXO,282085056,2.04,United States
2670,Ames National Corp.,ATLO,281305312,31.76,United States
2671,B&amp;G Foods,BGS,281213824,3.46,United States
2672,CAMP4 Therapeutics,CAMP,281134336,4.48,United States
2673,Biodesix,BDSX,280976256,26.63,United States
2674,Eledon Pharmaceuticals,ELDN,280350976,3.45,United States
2675,Marine Products Corporation,MPX,280037408,8.18,United States
2676,Fate Therapeutics,FATE,279181792,2.33,United States
2677,Gencor Industries,GENC,278789504,19.02,United States
2678,Runway Growth Finance,RWAY,278281760,6.64,United States
2679,Tredegar,TG,277560224,7.97,United States
2680,Infinity Natural Resources,INR,277393376,14.88,United States
2681,CS Disco,LAW,277207392,4.27,United States
2682,LCNB Corp.,LCNB,276974432,19.43,United States
2683,TechTarget,TTGT,276310752,3.82,United States
2684,C&amp;F Financial Corporation,CFFI,276198656,84.94,United States
2685,Chicago Atlantic Real Estate Finance,REFI,276195936,10.78,United States
2686,Omega Flex,OFLX,276180672,27.36,United States
2687,Western New England Bancorp,WNEB,275831200,13.76,United States
2688,The Hackett Group,HCKT,275646816,11.08,United States
2689,SmartRent,SMRT,274004864,1.43,United States
2690,BRT Apartments,BRT,273630112,14.56,United States
2691,Middlefield Banc,MBCN,273627936,33.67,United States
2692,Lineage Cell Therapeutics,LCTX,273140064,1.08,United States
2693,Pure Cycle (water),PCYO,272782208,11.32,United States
2694,U.S. Gold Corp,USAU,270698528,16.38,United States
2695,Hawthorn Bancshares,HWBK,270610080,39.215,United States
2696,Aeluma,ALMU,270369824,14.77,United States
2697,SEACOR Marine,SMHI,270242944,9.96,United States
2698,Whitehawk Therapeutics,WHWK,269652608,4.73,United States
2699,Aviat Networks,AVNW,269529024,20.83,United States
2700,Montauk Renewables,MNTK,267601328,1.88,United States
2701,OraSure Technologies,OSUR,267598272,3.88,United States
2702,Comstock Inc.,LODE,267214064,3.52,United States
2703,Lantronix,LTRX,266759408,5.98,United States
2704,AerSale,ASLE,265360800,5.56,United States
2705,Ares Commercial Real Estate,ACRE,264644896,4.77,United States
2706,Alector,ALEC,263510320,2.36,United States
2707,Standard BioTools,LAB,262635232,0.669,United States
2708,National Bankshares,NKSH,262060080,41.15,United States
2709,Slam Corp,SLMWF,261266432,11.14,United States
2710,MacroGenics,MGNX,261170768,4.1,United States
2711,Emergent BioSolutions,EBS,260468544,5.08,United States
2712,RxSight,RXST,259957856,6.25,United States
2713,Outdoor Holding Company,POWW,259874400,2.24,United States
2714,Xponential Fitness,XPOF,256993232,5.19,United States
2715,Pyxis Oncology,PYXS,256896784,3.08,United States
2716,Amtech Systems,ASYS,256143504,14.63,United States
2717,Global Water Resources,GWRS,255702736,8.88,United States
2718,Niagen Bioscience,NAGE,255658288,3.21,United States
2719,First Internet Bancorp,INBK,255020368,29.2,United States
2720,"1-800-Flowers.com, Inc.",FLWS,254470976,3.97,United States
2721,Beyond Meat,BYND,253954864,14.77,United States
2722,Richmond Mutual Bancorporation,RMBI,253875888,15.83,United States
2723,Virginia National Bankshares,VABK,253252160,46.68,United States
2724,Richardson Electronics,RELL,252857792,17.21,United States
2725,Claros Mortgage Trust,CMTG,252540720,1.79,United States
2726,Asure Software,ASUR,252405328,8.74,United States
2727,Nature's Sunshine Products,NATR,252319760,14.34,United States
2728,Akebia Therapeutics,AKBA,251224512,0.9066,United States
2729,OpGen,OPGN,251197920,24.75,United States
2730,Limoneira,LMNR,251128320,13.85,United States
2731,Conduent,CNDT,250388496,1.61,United States
2732,USANA,USNA,250357040,13.55,United States
2733,MBIA,MBI,249980576,4.9,United States
2734,Immersion Corporation,IMMR,249271184,7.51,United States
2735,Vuzix,VUZI,248177840,2.94,United States
2736,"TSS, Inc.",TSSI,246916864,8.75,United States
2737,LiveWire Group,LVWR,246494960,1.2,United States
2738,InfuSystem,INFU,246418608,12.21,United States
2739,Stellus Capital Investment Corporation,SCM,246351440,8.65,United States
2740,American Realty Investors,ARL,245672576,15.21,United States
2741,Kaltura,KLTR,245607456,1.61,United States
2742,HMH Holding,HMH,245308288,20.37,United States
2743,Greenwich LifeSciences,GLSI,244685728,16.67,United States
2744,Precision BioSciences,DTIL,244273760,8.85,United States
2745,FutureFuel,FF,243880064,5.56,United States
2746,Silver Bow Mining,SBMT,243610128,8.25,United States
2747,PennantPark Investment,PNNT,243554432,3.73,United States
2748,Third Harmonic Bio,THRD,242787568,5.38,United States
2749,Movano,MOVE,242466864,8.77,United States
2750,FreightCar America,RAIL,241671728,7.37,United States
2751,Expensify,EXFY,240732800,2.64,United States
2752,Sidus Space,SIDU,239904016,2.37,United States
2753,Huuuge,HUG.WA,239703480,5.82879,United States
2754,Sionna Therapeutics,SION,239173600,5.29,United States
2755,National CineMedia,NCMI,238938912,2.54,United States
2756,Information Services Group,III,238678368,4.93,United States
2757,HireQuest,HQI,238081760,17.14,United States
2758,Conexeu Sciences,CNXU,237881568,8.89,United States
2759,RCI Hospitality Holdings,RICK,237043472,30.98,United States
2760,Hudson Technologies,HDSN,236958528,5.63,United States
2761,Peoples Bancorp of North Carolina,PEBK,235894432,44.33,United States
2762,LoveSac,LOVE,235239376,16.07,United States
2763,Acme United,ACU,233709840,60.96,United States
2764,RideNow Group,RDNW,232896192,5.97,United States
2765,Organogenesis,ORGO,231614176,1.8,United States
2766,Minerva Neurosciences,NERV,231098192,4.84,United States
2767,Nu Skin,NUS,230727232,4.74,United States
2768,RGC Resources,RGCO,229438624,22.02,United States
2769,Franklin Covey,FC,229152688,20.29,United States
2770,Neuronetics,STIM,228591680,3.0,United States
2771,Acumen Pharmaceuticals,ABOS,228522640,3.16,United States
2772,OP Bancorp (Open Bank),OPBK,228469008,15.3,United States
2773,Chicago Atlantic BDC,LIEN,228434112,10.01,United States
2774,Silvaco Group,SVCO,228051168,6.73,United States
2775,Utah Medical Products,UTMD,227802192,71.55,United States
2776,Protara Therapeutics,TARA,227517616,3.85,United States
2777,"AstroNova, Inc.",ALOT,226767536,28.92,United States
2778,Turtle Beach Corp,TBCH,226736944,12.66,United States
2779,Motorcar Parts of America,MPAA,226251824,11.95,United States
2780,Immunic,IMUX,225133712,16.5,United States
2781,Perma-Pipe International,PPIH,224350944,27.61,United States
2782,Forrester Research,FORR,224279408,11.78,United States
2783,Core Molding Technologies,CMT,223930272,26.15,United States
2784,Torrid Holding,CURV,219940048,2.21,United States
2785,Coherus BioSciences,CHRS,219391360,1.42,United States
2786,AN2 Therapeutics,ANTX,219247536,5.81,United States
2787,Journey Medical,DERM,218739072,7.75,United States
2788,Keros Therapeutics,KROS,218693872,11.03,United States
2789,Kolibri Global Energy,KGEI,218446448,6.09,United States
2790,SIGA Technologies,SIGA,218423120,3.04,United States
2791,PepGen,PEPG,217474896,3.14,United States
2792,Black Rifle Coffee Company (BRCC),BRCC,216298416,0.8642,United States
2793,CARGO Therapeutics,CRGX,216188416,4.47,United States
2794,Spok Holdings,SPOK,215665984,10.31,United States
2795,Tonix Pharmaceuticals,TNXP,215245360,12.55,United States
2796,Modiv Industrial,MDV,215101808,18.05,United States
2797,TPG Mortgage Investment Trust,MITT,213401328,6.71,United States
2798,Alta Equipment Group,ALTG,212334672,6.5,United States
2799,Lifetime Brands,LCUT,210807632,9.17,United States
2800,Ohio Valley Banc Corp,OVBC,210063584,44.59,United States
2801,Pro-Dex,PDEX,209668480,65.67,United States
2802,Quicklogic,QUIK,209554944,11.44,United States
2803,Voyager Therapeutics,VYGR,208884848,3.39,United States
2804,Crexendo,CXDO,207134224,6.39,United States
2805,Smart Sand,SND,205635440,4.85,United States
2806,Stoneridge,SRI,205364688,7.2,United States
2807,Octave Specialty Group,OSG,204984272,4.55,United States
2808,Superior Group of Companies,SGC,201387888,12.63,United States
2809,Corbus Pharmaceuticals,CRBP,200762608,10.38,United States
2810,SES AI,SES,200606576,0.5403,United States
2811,eGain,EGAN,200385584,7.3,United States
2812,Amplify Energy,AMPY,199820080,4.82,United States
2813,Unisys,UIS,199789712,2.74,United States
2814,flyExclusive,FLYX,199135376,1.31,United States
2815,Angi Inc.,ANGI,199004240,4.92,United States
2816,American Well,AMWL,198830944,11.9,United States
2817,Rhinebeck Bancorp,RBKB,198576768,12.7,United States
2818,OneWater Marine,ONEW,198487520,11.91,United States
2819,Jeld-Wen,JELD,198148032,2.3,United States
2820,AirSculpt Technologies,AIRS,197540864,2.74,United States
2821,Oramed Pharmaceuticals,ORMP,196854448,4.81,United States
2822,NeoVolta,NEOV,196603248,3.34,United States
2823,Shutterstock,SSTK,196561680,5.32,United States
2824,Landmark Bancorp,LARK,196498192,32.21,United States
2825,EVI Industries,EVI,194838368,15.14,United States
2826,"Belpointe PREP, LLC",OZ,194575968,48.0,United States
2827,FinWise Bancorp,FINW,194357520,14.0,United States
2828,Korro Bio,KRRO,194084016,13.18,United States
2829,"QumulusAI, Inc.",QMLS,192606080,5.86,United States
2830,SWK Holdings,SWKH,192326064,15.9,United States
2831,Angel Oak Mortgage REIT,AOMR,191290576,8.24,United States
2832,Hanover Bancorp,HNVR,190919776,27.06,United States
2833,Nkarta,NKTX,190521952,2.66,United States
2834,Citizens Inc,CIA,190418080,3.76,United States
2835,Armata Pharmaceuticals,ARMP,189628096,5.1,United States
2836,Red Robin,RRGB,188848480,9.99,United States
2837,Taylor Devices,TAYD,188727872,58.52,United States
2838,Streamex Corp.,STEX,187916144,0.8332,United States
2839,GCT Semiconductor,GCTS,187618240,2.04,United States
2840,Westwood Holdings Group,WHG,187522928,19.65,United States
2841,Tharimmune,THAR,187371472,4.74,United States
2842,Atomera,ATOM,186534912,4.78,United States
2843,United Security Bancshares,UBFO,185027760,10.51,United States
2844,Lucid Diagnostics,LUCD,184131856,0.9643,United States
2845,Commerce.com,CMRC,183946960,2.22,United States
2846,PEDEVCO,PED,183547360,13.81,United States
2847,Codexis,CDXS,182874624,1.67,United States
2848,Quantum-Si,QSI,182768048,0.835,United States
2849,"Suja Life, Inc.",SUJA,182697216,7.68,United States
2850,Lee Enterprises,LEE,182348928,8.18,United States
2851,DHI Group,DHX,181947360,4.19,United States
2852,BV Financial,BVFL,181440336,21.42,United States
2853,ECB Bancorp,ECBK,180171424,20.62,United States
2854,Wheels Up,UP,179565408,4.95,United States
2855,"Domo, Inc.",DOMO,178737408,3.8,United States
2856,Humacyte,HUMA,178401952,0.6422,United States
2857,GrafTech,EAF,177907040,6.83,United States
2858,MainStreet Bancshares,MNSB,176673888,24.81,United States
2859,Douglas Elliman,DOUG,175418608,1.93,United States
2860,Seven Hills Realty Trust,SEVN,174455856,7.7,United States
2861,Lifecore Biomedical,LFCR,171852896,4.54,United States
2862,Epsilon Energy,EPSN,169392240,5.6,United States
2863,TON Strategy Co.,TONX,168520288,3.06,United States
2864,Tingo Group,TIO,166947568,0.69,United States
2865,Waldencast,WALD,166737824,1.3,United States
2866,SB Financial Group,SBFG,166142000,26.57,United States
2867,Ellington Credit Company,EARN,165678400,4.41,United States
2868,CuriosityStream,CURI,163772960,2.76,United States
2869,Bassett Furniture,BSET,163641280,18.9,United States
2870,KORE Group,KORE,163005168,9.25,United States
2871,Quipt Home Medical,QIPT,162297152,3.65,United States
2872,Orion Properties,ONL,162006976,2.84,United States
2873,SITE Centers,SITC,161099296,3.07,United States
2874,1stdibs.com,DIBS,160344944,4.77,United States
2875,Inspired Entertainment,INSE,160258896,6.08,United States
2876,LifeMD,LFMD,159544768,3.31,United States
2877,OnKure Therapeutics,OKUR,159158192,3.94,United States
2878,BCB Bancorp,BCBP,158571968,8.76,United States
2879,Outlook Therapeutics,OTLK,157057680,0.6472,United States
2880,Tenaya Therapeutics,TNYA,156355600,0.6973,United States
2881,SKYX Platforms,SKYX,155745632,1.15,United States
2882,Hooker Furnishings,HOFT,155431680,14.47,United States
2883,Shimmick,SHIM,155422704,3.76,United States
2884,NRx Pharmaceuticals,NRXP,154132928,3.56,United States
2885,WhiteHorse Finance,WHF,153771536,7.16,United States
2886,Stratus Properties,STRS,153348096,19.21,United States
2887,ChargePoint,CHPT,152601472,6.25,United States
2888,Braemar Hotels &amp; Resorts,BHR,151990400,2.07,United States
2889,"Owlet, Inc.",OWLT,151952704,5.2,United States
2890,Oxford Square Capital,OXSQ,151867968,1.41,United States
2891,Assertio Holdings,ASRT,151861232,23.5,United States
2892,The Eastern Company,EML,151040704,25.1,United States
2893,NET Power,NPWR,150417168,1.7,United States
2894,inTEST Corporation,INTT,149805184,11.68,United States
2895,Proficient Auto Logistics,PAL,149522080,5.33,United States
2896,RGP (Resources Connection),RGP,149485328,4.34,United States
2897,Aemetis,AMTX,149391056,2.07,United States
2898,Unifi,UFI,149255648,8.03,United States
2899,Aardvark Therapeutics,AARD,149254656,6.82,United States
2900,Inogen,INGN,148880064,5.61,United States
2901,Hurco Companies,HURC,148437296,22.92,United States
2902,Spruce Biosciences,SPRB,148241600,51.58,United States
2903,KORU Medical Systems,KRMD,148211808,3.21,United States
2904,Elme Communities,ELME,147504080,1.66,United States
2905,Mammoth Energy Services,TUSK,147270400,3.06,United States
2906,LENZ Therapeutics,LENZ,147047200,4.68,United States
2907,AMC Robotics Corporation,AMCI,146902368,6.5,United States
2908,Smith-Midland Corporation,SMID,146884544,27.69,United States
2909,Equillium,EQ,146472656,2.31,United States
2910,PLBY Group (Playboy),PLBY,146165376,1.22,United States
2911,SelectQuote,SLQT,146033600,0.8281,United States
2912,ReposiTrak,TRAK,145388512,8.0,United States
2913,OptimizeRx,OPRX,145225184,7.71,United States
2914,First Guaranty Bancshares,FGBI,145047856,8.77,United States
2915,Duluth Holdings,DLTH,144787888,3.81,United States
2916,DMC Global,BOOM,143992048,7.01,United States
2917,MaxCyte,MXCT,142424560,1.38,United States
2918,Stereotaxis,STXS,142287088,1.42,United States
2919,Clarus,CLAR,142049056,3.71,United States
2920,Insight Molecular Diagnostics,IMDX,142023392,4.34,United States
2921,Quanterix,QTRX,141406256,2.99,United States
2922,Affinity Bancshares,AFBI,140182352,23.0,United States
2923,KVH Industries,KVHI,139685408,7.7,United States
2924,Clipper Realty,CLPR,139317872,3.28,United States
2925,Digimarc,DMRC,138223264,6.15,United States
2926,Skillz,SKLZ,137970800,8.84,United States
2927,Lake Shore Bancorp,LSBK,135477840,17.25,United States
2928,U.S. GoldMining,USGO,135164144,9.63,United States
2929,Medifast,MED,133609400,11.95,United States
2930,Legacy Education,LGCY,133479000,10.55,United States
2931,vTv Therapeutics,VTVT,131487880,33.255,United States
2932,Apyx Medical,APYX,131426952,3.12,United States
2933,NCS Multistage,NCSM,130779984,49.83,United States
2934,Commercial Vehicle Group (CVG),CVGI,130430904,3.21,United States
2935,Fluent,FLNT,130379232,4.125,United States
2936,Cable One,CABO,129478968,22.82,United States
2937,Rent the Runway,RENT,127628424,3.8,United States
2938,Solana Company,HSDT,126963272,2.1,United States
2939,Oconee Federal Financial,OFED,126587656,21.75,United States
2940,Magyar Bancorp,MGYR,126525512,19.6,United States
2941,Vaxart,VXRT,126274384,0.52,United States
2942,Anixa Biosciences,ANIX,126225568,3.71,United States
2943,Vivani Medical,VANI,124480640,1.38,United States
2944,Fractyl Health,GUTS,124160272,0.78,United States
2945,Rani Therapeutics,RANI,123657176,0.88,United States
2946,Genelux,GNLX,123067312,2.72,United States
2947,DeFi Development,DFDV,122131296,3.94,United States
2948,Inovio Pharmaceuticals,INO,122009072,1.18,United States
2949,Sound Financial Bancorp,SFBC,121494120,47.31,United States
2950,Nautilus Biotechnology,NAUT,121296768,0.9545,United States
2951,Fonar Corporation,FONR,120195888,19.09,United States
2952,Seritage Growth Properties,SRG,119971424,2.13,United States
2953,a.k.a. Brands,AKA,119795944,10.8994,United States
2954,ALT5 Sigma,ALTS,119560224,0.855,United States
2955,Tillys,TLYS,119514608,3.92,United States
2956,The Joint Corp.,JYNT,119368216,8.44,United States
2957,Union Bankshares,UNB,118651376,23.99,United States
2958,KULR Technology Group,KULR,118477616,2.56,United States
2959,Ultralife Corporation,ULBI,116809520,7.01,United States
2960,GoPro,GPRO,116237784,0.63,United States
2961,Health Catalyst,HCAT,115142264,1.53,United States
2962,Coya Therapeutics,COYA,114239720,4.87,United States
2963,Provident Financial Holdings,PROV,112441360,17.98,United States
2964,Seer Inc,SEER,112405192,2.03,United States
2965,Rafael Holdings,RFL,112319992,2.16,United States
2966,Lakeland Industries,LAKE,111028096,11.25,United States
2967,Getty Images,GETY,111022576,0.2637,United States
2968,Cherry Hill Mortgage Investment,CHMI,110188568,2.94,United States
2969,Townsquare Media,TSQ,108113624,5.93,United States
2970,INNOVATE Corp.,VATE,107225072,7.86,United States
2971,Tile Shop Holdings,TTSH,106722264,2.68,United States
2972,LENSAR,LNSR,106641312,8.68,United States
2973,Kewaunee Scientific Corporation,KEQU,106335704,37.07,United States
2974,Venu Holding Corporation,VENU,106237944,1.89,United States
2975,Broadwind,BWEN,105511880,4.46,United States
2976,First Northwest Bancorp,FNWB,105483808,11.09,United States
2977,ACRES Commercial Realty,ACR,105468984,14.79,United States
2978,HilleVax,HLVX,104762376,2.09,United States
2979,Smith Douglas Homes,SDHC,104150728,12.41,United States
2980,Team Inc,TISI,104130504,22.72,United States
2981,Stabilis Solutions,SLNG,103767352,5.58,United States
2982,Synchronoss Technologies,SNCR,103560608,9.0,United States
2983,GrowGeneration,GRWG,103356360,1.72,United States
2984,Pathfinder Bancorp,PBHC,102907592,16.3901,United States
2985,Riverview Bancorp,RVSB,102559376,5.14,United States
2986,Logistic Properties of the Americas,LPA,101118648,3.19,United States
2987,Microbot Medical,MBOT,100747200,1.5,United States
2988,Arq Inc.,ARQ,100437512,2.3,United States
2989,Atlas Lithium,ATLX,99931344,3.32,United States
2990,ReneSola,SOL,99563952,1.94,United States
2991,PhenixFIN,PFX,98919808,51.22,United States
2992,HF Foods Group,HFFG,98638728,1.83,United States
2993,Park Dental Partners,PARK,98006368,20.61,United States
2994,Polaryx Therapeutics,PLYX,98000616,2.07,United States
2995,Aptera Motors,SEV,97650376,2.47,United States
2996,Ascend Wellness (AWH),AAWH,97542136,0.48,United States
2997,Atara Biotherapeutics,ATRA,97365784,9.7,United States
2998,Fortress Biotech,FBIO,95717344,2.87,United States
2999,Hyperfine,HYPR,95666512,0.9021,United States
3000,Pulmonx,LUNG,95456080,2.26,United States
3001,Zomedica Pharmaceuticals,ZOM,95349136,0.0973,United States
3002,electroCore,ECOR,94847112,10.52,United States
3003,Cullman Bancorp,CULL,94827296,16.5,United States
3004,Acrivon Therapeutics,ACRV,94705928,2.21,United States
3005,Momentus Inc.,MNTS,94662256,4.31,United States
3006,BCP Investment Corporation,BCIC,94611096,7.64,United States
3007,Wrap Technologies,WRAP,93900248,1.52,United States
3008,Virco Manufacturing,VIRC,93433488,5.94,United States
3009,Zevia,ZVIA,93056096,1.29,United States
3010,Buzzfeed,BZFD,92501560,1.11,United States
3011,Thryv,THRY,92433352,2.08,United States
3012,Accendra Health,ACH,92285648,1.2,United States
3013,Drilling Tools International,DTI,92086600,2.61,United States
3014,Aldeyra Therapeutics,ALDX,91696160,1.52,United States
3015,Sotherly Hotels,SOHO,91583664,2.25,United States
3016,Chegg,CHGG,90820480,0.818,United States
3017,Charlotte's Web,CWEB.TO,90697347,0.334317,United States
3018,AudioEye,AEYE,90501648,7.2,United States
3019,Golden Matrix Group,GMGI,89996768,0.6372,United States
3020,MediaCo Holding,MDIA,89901248,1.07,United States
3021,Noodles &amp; Company,NDLS,89678896,15.03,United States
3022,Vera Bradley,VRA,89580496,3.15,United States
3023,Rallybio,RLYB,89375696,16.83,United States
3024,Surf Air Mobility,SRFM,89023856,0.72,United States
3025,Martin Midstream Partners,MMLP,88813040,2.27,United States
3026,Summit State Bank,SSBI,86545016,12.79,United States
3027,Velo3D,VLDX,86513896,6.15,United States
3028,Veritone,VERI,86332808,0.8594,United States
3029,Blink Charging,BLNK,86224048,0.5949,United States
3030,Sono-Tek Corporation,SOTK,86049056,5.475,United States
3031,Adicet Bio,ACET,86032088,9.19,United States
3032,Ispire Technology,ISPR,85525104,1.49,United States
3033,SkinHealth Systems,SKIN,85020960,0.6533,United States
3034,MAIA Biotechnology,MAIA,84547920,1.39,United States
3035,Sera Prognostics,SERA,84421856,2.14,United States
3036,Lifevantage,LFVN,84399848,6.69,United States
3037,Rapid Micro Biosystems,RPID,84268048,1.68,United States
3038,Rekor Systems,REKR,83641696,0.6077,United States
3039,Great Elm Capital,GECC,83130152,5.985,United States
3040,Siebert Financial,SIEB,83110096,2.03,United States
3041,Verrica Pharmaceuticals,VRCA,82801760,4.82,United States
3042,Tigo Energy,TYGO,82742768,1.09,United States
3043,Jushi Holdings,JUSHF,82261016,0.41193,United States
3044,LanzaTech Global,LNZA,81807272,6.25,United States
3045,PodcastOne,PODC,81682280,2.7,United States
3046,Home Federal Bancorp (HFB Bank),HFBL,81613752,26.825,United States
3047,"SoundThinking 
 (ShotSpotter)",SSTI,81220584,6.17,United States
3048,Orion Energy Systems,OESX,81090544,19.83,United States
3049,Cingulate,CING,80707136,5.55,United States
3050,Vince Holding,VNCE,80295584,6.25,United States
3051,Usio,USIO,80072112,2.81,United States
3052,Interlink Electronics,LINK,79948544,5.075,United States
3053,Marchex,MCHX,79364816,1.79,United States
3054,Upexi,UPXI,79328552,1.08,United States
3055,Outset Medical,OM,79136064,4.21,United States
3056,New Fortress Energy,NFE,78549536,0.275,United States
3057,Hennessy Advisors,HNNA,78174616,9.89,United States
3058,Blackboxstocks,BLBX,78138184,18.15,United States
3059,Ideal Power,IPWR,78064608,4.75,United States
3060,Battalion Oil,BATL,77903736,1.36,United States
3061,Telomir Pharmaceuticals,TELO,77715704,1.13,United States
3062,Annovis Bio,ANVS,77543200,1.82,United States
3063,Westwater Resources,WWR,77460312,0.6025,United States
3064,Vivid Seats,SEAT,77451832,6.89,United States
3065,Steel Connect,STCN,77168096,12.18,United States
3066,"Air T, Inc.",AIRT,77100256,28.75,United States
3067,Comscore,SCOR,77060448,5.075,United States
3068,Silvercrest Asset Management Group,SAMG,77048664,10.03,United States
3069,Northern Technologies International,NTIC,76790288,8.09,United States
3070,Full House Resorts,FLL,76586960,2.09,United States
3071,Definitive Healthcare,DH,76226400,0.7141,United States
3072,Genasys,GNSS,76055152,1.67,United States
3073,Solitario Resources,XPL,75728632,0.7998,United States
3074,CVRx,CVRX,75662128,2.84,United States
3075,Gossamer Bio,GOSS,75624584,0.1547,United States
3076,Research Solutions,RSSS,75256944,2.25,United States
3077,"FreeCast, Inc.",CAST,75178080,1.58,United States
3078,Skillsoft,SKIL,74251136,8.28,United States
3079,Advanced Flower Capital,AFCG,74137176,3.27,United States
3080,Airship AI,AISP,74045056,2.15,United States
3081,OS Therapies,OSTX,73340064,1.59,United States
3082,Serina Therapeutics,SER,72899352,2.87,United States
3083,LeonaBio,LONA,72405480,7.685,United States
3084,Inseego,INSG,72086400,4.39,United States
3085,United Homes Group,UHG,71769208,1.22,United States
3086,Hain Celestial,HAIN,71598080,0.7933,United States
3087,Pliant Therapeutics,PLRX,71519792,1.155,United States
3088,Geospace Technologies,GEOS,71275176,5.51,United States
3089,PMV Pharmaceuticals,PMVP,71099216,1.33,United States
3090,Spero Therapeutics,SPRO,71046488,1.22,United States
3091,iBio,IBIO,71040336,1.43,United States
3092,Rein Therapeutics,RNTX,70566432,0.818,United States
3093,Airgain,AIRG,70479264,5.38,United States
3094,Energous,WATT,69806904,12.63,United States
3095,WM Technology,MAPS,69662072,0.4,United States
3096,XBiotech,XBIT,69512032,2.28,United States
3097,5E Advanced Materials,FEAM,69330424,1.67,United States
3098,Identiv,INVE,69071888,2.85,United States
3099,AMCON Distributing Company,DIT,69066216,70.76,United States
3100,NSTS Bancorp,NSTS,68799600,13.99,United States
3101,The InterGroup Corporation,INTG,68783472,32.01,United States
3102,GEN Restaurant Group,GENK,68566400,2.08,United States
3103,Myomo,MYO,68521592,1.73,United States
3104,MediciNova,MNOV,68417536,1.39,United States
3105,Boundless Bio,BOLD,68243952,3.0,United States
3106,Travelzoo,TZOO,68151608,6.68,United States
3107,American Vanguard,AVD,67851456,2.3,United States
3108,Forian,FORA,67792720,2.17,United States
3109,TTEC,TTEC,67535440,1.37,United States
3110,Great Elm Group,GEG,67417568,2.15,United States
3111,Regis Corporation,RGS,66942512,26.7901,United States
3112,eXoZymes,EXOZ,66361716,7.15,United States
3113,MindWalk Holdings,HYFT,66252084,1.41,United States
3114,Teads,TEAD,65311396,0.666,United States
3115,Greenland Energy Company,GLND,65157988,1.49,United States
3116,Hour Loop,HOUR,65119668,1.85,United States
3117,Solidion Technology,STI,65037568,7.64,United States
3118,INmune Bio,INMB,64388788,2.32,United States
3119,Off the Hook YS Inc,OTH,64247460,2.57,United States
3120,Laser Photonics,LASE,63725700,1.27,United States
3121,AgEagle Aerial Systems,UAVS,63534760,1.01,United States
3122,Global Self Storage,SELF,63388884,5.55,United States
3123,Playstudios,MYPS,63303972,0.527,United States
3124,ImageneBio,IMA,62546524,5.51,United States
3125,Universal Electronics,UEIC,62492548,4.85,United States
3126,MiNK Therapeutics,INKT,62256624,12.2,United States
3127,Where Food Comes From,WFCF,62246288,12.5001,United States
3128,Talphera,TLPH,61767900,1.19,United States
3129,Heron Therapeutics,HRTX,60411000,0.3182,United States
3130,SunPower,SPWR,60319788,0.2999,United States
3131,Intellicheck,IDN,59786896,2.95,United States
3132,Prairie Operating,PROP,59647588,0.5288,United States
3133,iLearningEngines,AILE,59292656,0.42,United States
3134,BranchOut Food,BOF,59119876,3.86,United States
3135,AEye,LIDR,59040156,1.27,United States
3136,Marpai,MRAI,58931916,2.33,United States
3137,BG Staffing,BGSF,58813636,5.51,United States
3138,Mesa Air,MESA,58631804,1.4,United States
3139,Saga Communications,SGA,58175588,9.15,United States
3140,Castellum,CTM,57873452,0.6106,United States
3141,TechPrecision,TPCS,57470772,5.69,United States
3142,Cato Fashion,CATO,57448328,2.92,United States
3143,Devolver Digital,DEVO.L,56977244,0.112642,United States
3144,The Children's Place,PLCE,55370300,2.49,United States
3145,Sensus Healthcare,SRTS,54983276,3.34,United States
3146,"Stem, Inc",STEM,54872440,5.7,United States
3147,Verde Clean Fuels,VGAS,54796040,1.23,United States
3148,tinyBuild,8Z3.F,54692681,0.139067,United States
3149,Precipio,PRPO,54511224,30.45,United States
3150,Granite Point Mortgage Trust,GPMT,54463928,1.13,United States
3151,LiveOne,LVO,54435804,3.97,United States
3152,Allied Esports,AESE,54324936,1.3899,United States
3153,Odyssey Marine Exploration,OMEX,54163488,0.9247,United States
3154,Kezar Life Sciences,KZR,53856340,7.29,United States
3155,Planet13,PLTH.CN,53614461,0.159891,United States
3156,Vroom,VRM,53534404,10.28,United States
3157,CarParts.com,PRTS,53289780,6.58,United States
3158,Comtech Telecommunications,CMTL,53031736,1.77,United States
3159,BBX Capital Corporation,BBXIA,52982156,3.832,United States
3160,The ONE Group Hospitality,STKS,52712380,1.67,United States
3161,IZEA Worldwide,IZEA,52074696,2.99,United States
3162,Luna Innovations,LUNA,52045528,1.5,United States
3163,Greenidge Generation Holdings,GREE,51500392,2.84,United States
3164,Instil Bio,TIL,51407384,7.58,United States
3165,TScan Therapeutics,TCRX,50940960,0.7795,United States
3166,MicroVision,MVIS,50777492,1.66,United States
3167,SCYNEXIS,SCYX,50743004,5.1,United States
3168,TransAct Technologies,TACT,50589908,4.9,United States
3169,MarketWise,MKTW,50575996,18.11,United States
3170,Ocean Power Technologies,OPTT,49786584,0.1843,United States
3171,"Xos, Inc.",XOS,49762480,3.5,United States
3172,Hyperion DeFi,HYPD,49415400,3.18,United States
3173,aTyr Pharma,ATYR,49190844,0.5015,United States
3174,"RYTHM, Inc.",RYM,48892664,22.75,United States
3175,Elauwit Connection,ELWT,48258312,7.29,United States
3176,VIDA Global Inc.,VIDA,47422120,2.37,United States
3177,Idaho Copper Corporation,COPR,47283756,2.67,United States
3178,Manhattan Bridge Capital,LOAN,46631752,4.08,United States
3179,Metagenomi,MGX,46465840,1.23,United States
3180,Filana Therapeutics,FLNA,46423888,0.961,United States
3181,The Beachbody Company,BODI,46403768,6.37,United States
3182,Grace Therapeutics,GRCE,46279048,2.2,United States
3183,Context Therapeutics,CNTX,45948776,0.5001,United States
3184,Seres Therapeutics,MCRB,45804200,4.56,United States
3185,Xtant Medical,XTNT,45579560,0.3249,United States
3186,Franklin Street Properties,FSP,45245096,0.435,United States
3187,Veru,VERU,45012848,2.64,United States
3188,Sportsman's Warehouse,SPWH,44872764,1.15,United States
3189,Karyopharm Therapeutics,KPTI,44455664,1.96,United States
3190,Rave Restaurant Group,RAVE,44197972,3.11,United States
3191,"Culp, Inc.",CULP,43502136,3.42,United States
3192,the Marygold Companies,MGLD,43343292,1.0,United States
3193,Massimo Motor,MAMO,43306588,1.04,United States
3194,The Arena Group,AREN,43140012,0.9061,United States
3195,DocGo,DCGO,42984376,0.4345,United States
3196,374Water,SCWO,42877948,2.42,United States
3197,Milestone Scientific,MLSS,42665800,0.4808,United States
3198,Phunware,PHUN,42562364,2.08,United States
3199,Werewolf Therapeutics,HOWL,42451280,0.8735,United States
3200,Reading International,RDI,42346736,1.85,United States
3201,Abundia Global Impact Group,AGIG,42266308,0.9601,United States
3202,Laird Superfood,LSF,42197172,3.77,United States
3203,Elutia,ELUT,42114632,0.9509,United States
3204,Ekso Bionics,EKSO,42047896,11.8,United States
3205,Grove Collaborative,GROV,41859836,0.9803,United States
3206,Plutus Financial Group,PLUT,41828748,2.725,United States
3207,AXIL Brands,AXIL,41754808,6.12,United States
3208,PAVmed,PAVM,41378876,5.175,United States
3209,Pixelworks,PXLW,41377848,6.84,United States
3210,U.S. Global Investors,GROW,40809804,3.29,United States
3211,Scilex Holding,SCLX,40309044,5.73,United States
3212,Lulu's Fashion Lounge,LVLU,40259496,14.02,United States
3213,Kartoon Studios,TOON,40078104,0.6443,United States
3214,Heritage Global,HGBL,39835360,1.15,United States
3215,Sachem Capital,SACH,39648888,0.8268,United States
3216,CervoMed,CRVO,39612028,2.62,United States
3217,eHealth,EHTH,39400164,1.23,United States
3218,NextNRG,NXXT,39262956,0.2334,United States
3219,PetMed Express,PETS,38154888,1.76,United States
3220,Spruce Power,SPRU,37541764,1.95,United States
3221,Beasley Broadcast Group,BBGI,37481152,20.23,United States
3222,Gaia,GAIA,37121656,1.46,United States
3223,Southland Holdings,SLND,37015976,0.68,United States
3224,Cryo-Cell International,CCEL,36765684,4.56,United States
3225,Enzo Biochem,ENZB,36587800,0.69887,United States
3226,NOMADAR,NOMA,35916292,2.35,United States
3227,Century Casinos,CNTY,35734868,1.27,United States
3228,GenFlat Holdings,GFLT,35685552,2.723,United States
3229,Zeo Energy,ZEO,35503712,0.405,United States
3230,VirTra,VTSI,35430424,3.13,United States
3231,Workhorse Group,WKHS,35299328,3.23,United States
3232,CleanCore Solutions,ZONE,35288276,0.159,United States
3233,Lument Finance Trust,LFT,34961012,0.6661,United States
3234,LivePerson,LPSN,34914548,2.83,United States
3235,Beam Global,BEEM,34856492,1.57,United States
3236,Actinium Pharmaceuticals,ATNM,34512496,1.1,United States
3237,LianBio,LIAN,34472096,0.319,United States
3238,Harvard Bioscience,HBIO,34051240,7.48,United States
3239,NanoViricides,NNVC,33913880,1.33,United States
3240,MariMed,MRMD,33855416,0.084,United States
3241,Koss,KOSS,33795184,3.57,United States
3242,Destination XL,DXLG,33683420,0.6094,United States
3243,Accuray,ARAY,33560796,0.281,United States
3244,Knightscope,KSCP,33538064,1.42,United States
3245,KLX Energy Services,KLXE,33398706,1.57,United States
3246,Rockwell Medical,RMTI,32646768,8.1,United States
3247,Pioneer Power Solutions,PPSI,32631842,2.94,United States
3248,BioLargo,BLGO,31985562,0.0973,United States
3249,Crown Crafts,CRWS,31850450,2.96,United States
3250,IGC Pharma,IGC,31842274,0.308,United States
3251,Salem Media Group,SALM,31670764,1.0,United States
3252,Enviva,EVA,31273630,0.4198,United States
3253,Old Market Capital Corporation,OMCC,30678916,4.5,United States
3254,Sangamo Therapeutics,SGMO,30657374,0.074,United States
3255,Kyntra Bio,KYNB,30449412,7.52,United States
3256,Ascent Solar Technologies,ASTI,30332770,3.09,United States
3257,Lantern Pharma,LTRN,29914900,2.34,United States
3258,Latch,LTCH,29818118,0.18,United States
3259,Quest Resource Holding,QRHC,29740926,1.41,United States
3260,BeyondSpring,BYSI,29610382,0.7201,United States
3261,Live Ventures,LIVE,29183804,9.501,United States
3262,TELA Bio,TELA,29015482,0.6463,United States
3263,Katapult Holdings,KPLT,28342708,5.7,United States
3264,Farmer Brothers,FARM,28089448,1.28,United States
3265,HeartBeam,BEAT,27797046,0.4933,United States
3266,Harte Hanks,HHS,27431604,3.68,United States
3267,GEE Group,JOB,26984240,0.2456,United States
3268,Longeveron,LGVN,26937086,0.8449,United States
3269,PermRock Royalty Trust,PRT,26642954,2.19,United States
3270,Zoom Telephonics,MINM,26534076,3.61,United States
3271,Hoth Therapeutics,HOTH,26013596,1.36,United States
3272,Aytu BioScience,AYTU,25437702,2.37,United States
3273,Atossa Therapeutics,ATOS,25347416,2.54,United States
3274,Cardlytics,CDLX,25321480,4.3,United States
3275,BioXcel Therapeutics,BTAI,25163360,0.8038,United States
3276,Cel-Sci,CVM,24976362,1.42,United States
3277,Femasys,FEMY,24790080,2.96,United States
3278,Local Bounti,LOCL,24315324,1.04,United States
3279,SPI Energy,SPI,24207974,0.766,United States
3280,TherapeuticsMD,TXMD,23843186,2.06,United States
3281,Jasper Therapeutics,JSPR,23824586,0.716,United States
3282,Cytosorbents,CTSO,23251818,0.37,United States
3283,Celularity,CELU,23156768,0.8,United States
3284,Ashford Hospitality Trust,AHT,22296168,3.33,United States
3285,Cocrystal Pharma,COCP,22152680,1.15,United States
3286,Urban One,UONE,22135480,4.9,United States
3287,Biofrontera,BFRI,21981492,1.48,United States
3288,Retractable Technologies,RVP,21854128,0.73,United States
3289,180 Life Sciences,ATNF,21620372,3.58,United States
3290,Allbirds,BIRD,21574826,2.45,United States
3291,Neuphoria Therapeutics,NEUP,21131794,3.91,United States
3292,Game Your Game,GYGY,21055276,1.31,United States
3293,America's Car-Mart,CRMT,20619114,2.38,United States
3294,Mobix Labs,MOBX,20539604,1.21,United States
3295,Barfresh Food Group,BRFH,20222134,1.24,United States
3296,Offerpad,OPAD,19910926,4.12,United States
3297,Elite Express,ETS,19224172,1.15,United States
3298,Energy Focus,EFOI,18598128,2.92,United States
3299,Austin Gold,AUST,18485552,1.35,United States
3300,Scienture Holdings,SCNX,18466546,0.4497,United States
3301,SPAR Group,SGRP,18459064,0.65,United States
3302,Avant Technologies Inc.,AVAI,18162154,0.118,United States
3303,Motorsport Gaming,MSGM,18148712,3.955,United States
3304,T Stamp Inc. (TrustStamp),IDAI,18045732,3.2,United States
3305,Dragonfly Energy,DFLI,17974564,1.2,United States
3306,Exyn Technologies,EXYN,17578246,2.21,United States
3307,Palatin Technologies,PTN,17241174,9.69,United States
3308,Lipocine,LPCN,17230488,2.09,United States
3309,Cyclerion Therapeutics,CYCN,16844922,3.89,United States
3310,System1,SST,16808220,1.93,United States
3311,Know Labs,KNW,16795408,2.24,United States
3312,Camber Energy,CEI,16771320,0.0954,United States
3313,Smith Micro Software,SMSI,16657843,2.98,United States
3314,Tempest Therapeutics,TPST,16618587,1.04,United States
3315,Citius Pharmaceuticals,CTXR,16477032,0.6002,United States
3316,Adial Pharmaceuticals,ADIL,16319907,6.215,United States
3317,Dare Bioscience,DARE,15885716,0.8199,United States
3318,Intensity Therapeutics,INTS,15867312,4.86,United States
3319,KALA BIO,KALA,15860559,0.8201,United States
3320,Psychemedics,PMD,15738209,2.67,United States
3321,Cyngn,CYN,15721377,1.09,United States
3322,AppTech Payments,APCX,15121418,0.36,United States
3323,Astrotech,ASTC,15087966,7.51,United States
3324,FGI Industries,FGI,14919068,7.725,United States
3325,iRobot,IRBT,14843741,0.4664,United States
3326,Office Properties Income Trust,OPI,14795239,0.2,United States
3327,SeaStar Medical,ICU,14762917,3.35,United States
3328,Synlogic,SYBX,14698741,1.2,United States
3329,Natural Health Trends,NHTC,14496565,1.69,United States
3330,The Cannabist Company,CBSTF,14475953,0.0291,United States
3331,Upland Software,UPLD,14431092,4.88,United States
3332,The Glimpse Group,VRAR,14332026,0.68,United States
3333,Dolphin Entertainment,DLPN,14328106,1.1,United States
3334,Passage Bio,PASG,14287077,4.44,United States
3335,HOOKIPA Pharma,HOOK,14232977,1.15,United States
3336,Bionano Genomics,BNGO,14132401,1.2,United States
3337,Phio Pharmaceuticals,PHIO,13708356,1.18,United States
3338,FingerMotion,FNGR,13500541,0.2202,United States
3339,ESS Tech,GWH,13342969,0.4047,United States
3340,Flux Power,FLUX,12793333,0.5989,United States
3341,Arrive AI,ARAI,12756360,0.2459,United States
3342,PDS Biotechnology,PDSB,12229737,0.2185,United States
3343,Clean Energy Technologies,CETY,12166106,1.0,United States
3344,Senti Biosciences,SNTI,12102851,0.3886,United States
3345,Inuvo,INUV,11961771,0.7257,United States
3346,Air Industries Group,AIRI,11884112,2.45,United States
3347,"Reed's, Inc.",REED,11857086,1.0,United States
3348,Urgent.ly Inc.,ULY,11787284,5.38,United States
3349,AMASS Brands Inc.,AMSS,11652801,1.02,United States
3350,Rocky Mountain Chocolate Factory,RMCF,11516296,1.22,United States
3351,BrainStorm Cell Therapeutics,BCLI,11365818,1.03,United States
3352,Cambium Networks,CMBM,11325767,0.401,United States
3353,Quoin Pharmaceuticals,QNRX,11186889,5.57,United States
3354,HeartSciences Inc.,HSCS,10918575,2.8,United States
3355,VistaGen Therapeutics,VTGN,10827967,0.244,United States
3356,Bullfrog AI,BFRG,10806074,0.5828,United States
3357,Reborn Coffee,REBN,10759626,1.31,United States
3358,Phoenix Motor,PEV,10575262,0.23,United States
3359,SINTX Technologies,SINT,10330027,1.55,United States
3360,Solo Brands,SBDS,10246360,3.99,United States
3361,Carver Bancorp,CARV,10203464,1.75,United States
3362,CISO Global,CISO,10061170,0.221,United States
3363,Ryvyl Inc.,RVYL,9994965,7.81,United States
3364,Skye Bioscience,SKYE,9917995,0.28,United States
3365,Lunai Bioworks,LNAI,9770533,2.155,United States
3366,FibroBiologics,FBLG,9587798,1.44,United States
3367,AEON Biopharma,AEON,9582485,0.1921,United States
3368,Superior Industries International,SUP,9576233,0.3249,United States
3369,Gaxos.ai,GXAI,9442384,0.8788,United States
3370,SUNation Energy Inc.,SUNE,9400830,2.28,United States
3371,reAlpha Tech,AIRE,9297155,1.58,United States
3372,Imunon,IMNN,9202701,1.64,United States
3373,Trio Petroleum,TPET,9163408,0.207,United States
3374,Gauzy,GAUZ,9126090,0.397,United States
3375,GoHealth,GOCO,8937260,0.305,United States
3376,Wellgistics Health,WGRX,8847256,3.52,United States
3377,Soligenix,SNGX,8727957,0.401,United States
3378,Northann Corp,NCL,8543560,0.159,United States
3379,Xenetic Biosciences,XBIO,8412020,3.59,United States
3380,SeaChange International,SEAC,8398952,3.25,United States
3381,Trinseo,TSE,8278525,0.23,United States
3382,Aprea Therapeutics,APRE,8062104,0.6403,United States
3383,AIM ImmunoTech,AIM,7866249,0.2584,United States
3384,authID,AUID,7858559,0.47,United States
3385,Aterian,ATER,7822793,0.4354,United States
3386,Vislink Technologies,VISL,7686406,3.1,United States
3387,Co-Diagnostics,CODX,7565306,1.21,United States
3388,Signing Day Sports,SGN,7408163,0.5401,United States
3389,Ensysce Biosciences,ENSC,7263221,0.3733,United States
3390,OLB Group,OLB,7143640,0.2974,United States
3391,enVVeno Medical Corporation,NVNO,7025209,10.29,United States
3392,Super League Enterprise,SLE,6831334,4.03,United States
3393,Hepion Pharmaceuticals,HEPA,6766449,0.075,United States
3394,AquaBounty Technologies,AQB,6742837,1.31,United States
3395,Nauticus Robotics,KITT,6562622,0.8783,United States
3396,Mangoceuticals,MGRX,6462930,0.422,United States
3397,Sonoma Pharmaceuticals,SNOA,6416489,1.34,United States
3398,TPI Composites,TPIC,6193621,0.1271,United States
3399,Focus Universal,FCUV,6120909,8.71,United States
3400,Bakhu Holdings,BKUH,6026059,0.02,United States
3401,Innovative Eyewear,LUCY,5887829,0.6839,United States
3402,Polar Power,POLA,5777526,1.5,United States
3403,cbdMD,YCBD,5702247,0.5089,United States
3404,VolitionRx,VNRX,5690428,0.4169,United States
3405,Eterna Therapeutics,ERNA,5668378,4.86,United States
3406,Leslie's,LESL,5628650,0.601,United States
3407,zSpace,ZSPC,5597253,0.151,United States
3408,Socket Mobile,SCKT,5524747,0.6663,United States
3409,Pulmatrix,PULM,5460166,1.495,United States
3410,CaliberCos,CWD,5430135,0.5229,United States
3411,"DSS, Inc. (Document Security Systems)",DSS,5422960,0.54,United States
3412,PMGC Holdings,ELAB,5391796,6.66,United States
3413,Lakewood-Amedex Biotherapeutics,LABT,5308101,2.24,United States
3414,BioAtla,BCAB,5298198,3.18,United States
3415,"Cyabra, Inc.",CYAB,5254485,0.2986,United States
3416,Origin Materials,ORGN,5228483,0.9501,United States
3417,Talis Biomedical,TLIS,5176808,2.84,United States
3418,Cheetah Net Supply Chain Service,CTNT,5023432,1.59,United States
3419,Cadrenal Therapeutics,CVKD,4988733,1.61,United States
3420,Biomerica,BMRA,4975333,1.61,United States
3421,Beyond Air,XAIR,4961411,5.04,United States
3422,Urban-gro,UGRO,4942725,3.15,United States
3423,Hydrofarm,HYFM,4915709,1.02,United States
3424,Vertex Energy,VTNR,4872095,0.0521,United States
3425,Sonim Technologies,SONM,4807742,3.23,United States
3426,Cemtrex,CETX,4715926,2.74,United States
3427,Kidpik,PIK,4644903,2.38,United States
3428,Cloudastructure,CSAI,4588927,5.29,United States
3429,Alaunos Therapeutics,TCRT,4471245,1.76,United States
3430,BIO-key International,BKYI,4409576,3.07,United States
3431,"Bark, Inc.",BARK,4377870,0.5066,United States
3432,SurgePays,SURG,4283283,0.1705,United States
3433,CASI Pharmaceuticals,CASI,4263766,0.2075,United States
3434,Jaguar Health,JAGX,4259774,0.8675,United States
3435,iSpecimen,ISPC,4256417,1.69,United States
3436,QVC Group,QVCGA,4255453,0.34,United States
3437,DataMEDS AI,MEDS,4194829,1.37,United States
3438,Tivic Health Systems,TIVC,4029097,1.4,United States
3439,Allurion Technologies,ALUR,4001668,4.0,United States
3440,Curis,CRIS,3831623,1.58,United States
3441,VivoSim Labs,VIVS,3829765,0.286,United States
3442,Boxlight,BOXL,3777444,5.66,United States
3443,Avalon GloboCare,ALBT,3707637,0.282,United States
3444,Nuwellis,NUWE,3683155,1.16,United States
3445,Unity Biotechnology,UBX,3444161,0.2001,United States
3446,Eagle Pharmaceuticals,EGRX,3289388,0.25,United States
3447,Expion360,XPON,3274211,3.435,United States
3448,ShiftPixy,PIXY,3265294,6.53,United States
3449,bioAffinity Technologies,BIAF,3240690,0.4,United States
3450,Genprex,GNPX,3237850,3.95,United States
3451,Golden Minerals,AUMN,3189716,0.2105,United States
3452,Forza X1,FRZA,3150960,0.2,United States
3453,Advent Technologies,ADN,3023365,0.9185,United States
3454,ATI Physical Therapy,ATIP,2977762,0.675,United States
3455,Vaccinex,VCNX,2944300,1.1,United States
3456,Matinas BioPharma,MTNB,2920927,0.1988,United States
3457,Sleep Number,SNBR,2881125,0.125,United States
3458,Marin Software,MRIN,2863609,0.8981,United States
3459,Edible Garden,EDBL,2849203,1.46,United States
3460,SOBR Safe,SOBR,2806736,0.521,United States
3461,Inotiv,NOTV,2787563,0.0799,United States
3462,Fly-E Group,FLYE,2730655,1.6728,United States
3463,PREIT (Pennsylvania Real Estate Investment Trust),PRET,2690436,0.4974,United States
3464,22nd Century Group,XXII,2681761,3.756,United States
3465,Xilio Therapeutics,XLO,2676465,0.5101,United States
3466,Staffing 360 Solutions,STAF,2654640,1.615,United States
3467,Sonendo,SONX,2620738,0.55,United States
3468,LM Funding America,LMFA,2430118,2.6,United States
3469,Oragenics,OGEN,2368777,0.525,United States
3470,Jet.AI,JTAI,2246319,1.58,United States
3471,Sow Good,SOWG,2203871,0.1099,United States
3472,Azitra,AZTR,2150355,0.1328,United States
3473,Clearside Biomedical,CLSD,2145948,0.41,United States
3474,"Greenlane Holdings, Inc.",GNLN,2048904,2.95,United States
3475,Trinity Place Holdings,TPHS,2014441,0.0305,United States
3476,Direct Digital Holdings,DRCT,1974708,2.46,United States
3477,Cutera,CUTR,1956013,0.0969,United States
3478,Aethlon Medical,AEMD,1941401,2.73,United States
3479,Netcapital,NCPL,1874078,0.2388,United States
3480,Cue Biopharma,CUE,1804119,0.5542,United States
3481,SolarMax Technology,SMXT,1766948,0.3726,United States
3482,Sonder Holdings,SOND,1680861,0.1263,United States
3483,Traeger,COOK,1642351,0.5983,United States
3484,CorEnergy Infrastructure Trust,CORR,1627350,0.0198,United States
3485,Lazydays Holdings,GORV,1573084,0.4211,United States
3486,Benson Hill,BHIL,1522391,0.249,United States
3487,Synergy CHC,SNYR,1503398,0.1009,United States
3488,Maison Solutions,MSS,1288397,1.48,United States
3489,Purple Innovation,PRPL,1261071,0.2897,United States
3490,La Rosa Holdings,LRHC,1231448,0.5918,United States
3491,Actelis Networks,ASNS,1153503,0.04,United States
3492,Arcadia Biosciences,RKDA,1102455,0.4576,United States
3493,Solar Integrated Roofing,SIRC,1097545,0.0001,United States
3494,Alkaline Water Company,WTER,1068303,0.03,United States
3495,Danimer Scientific,DNMR,1056961,0.35,United States
3496,Evofem Biosciences,EVFM,993975,0.0075,United States
3497,LMP Automotive Holdings,LMPX,981789,0.09,United States
3498,"Freight Technologies, Inc.",FRGT,938285,1.64,United States
3499,Quince Therapeutics,QNCX,900311,0.9206,United States
3500,Wheeler Real Estate Investment Trust,WHLR,896677,0.3569,United States
3501,BNB Plus Corp.,BNBX,886202,0.143,United States
3502,iEntertainment Network,IENT,876829,0.0067,United States
3503,Vivakor,VIVK,783454,1.07,United States
3504,Yellow Corporation,YELLQ,693890,0.0102,United States
3505,Tapinator,TAPM,673183,0.247,United States
3506,Tevogen Bio,TVGN,627896,0.1551,United States
3507,iPower,IPW,579950,2.76,United States
3508,Kaival Brands Innovations,KAVL,443453,0.0227,United States
3509,Ayr Wellness,AYRWF,432062,0.0037,United States
3510,Ontrak,OTRK,425780,0.0601,United States
3511,Ocean Biomedical,OCEA,418257,0.0018,United States
3512,Viracta Therapeutics,VIRX,388698,0.00978,United States
3513,Greene Concepts,INKW,376258,0.0059,United States
3514,Impac Mortgage Holdings,IMPM,365688,0.01,United States
3515,ProPhase Labs,PRPH,346200,0.0247,United States
3516,VYNE Therapeutics,VYNE,339859,0.509,United States
3517,NantHealth,NHIQ,329655,0.012,United States
3518,Vicarious Surgical,RBOT,249597,0.035,United States
3519,Leafly Holdings,LFLY,232138,37.0,United States
3520,Trulite,TRUL,212013,0.0001,United States
3521,Ampio Pharmaceuticals,AMPE,207884,0.1831,United States
3522,Onfolio Holdings,ONFO,202762,1.44,United States
3523,CXApp,CXAI,194174,0.089,United States
3524,BloomZ,BLMZ,187531,0.128,United States
3525,Wearable Health Solutions,WHSI,182670,0.0001,United States
3526,Faraday Future,FFAI,174605,0.0717,United States
3527,Petros Pharmaceuticals,PTPI,169489,0.004,United States
3528,Hallmark Financial Services,HALL,145478,0.08,United States
3529,Vinco Ventures,BBIG,130000,0.01,United States
3530,Cenntro Inc.,CENN,113554,0.0775,United States
3531,Loop Media,LPTV,103383,0.0007,United States
3532,PaxMedica,PXMD,101011,0.0008,United States
3533,Carisma Therapeutics,CARM,96243,0.0023,United States
3534,Mobile Global Esports (Mogo),MGAM,75457,0.001,United States
3535,Remark Holdings,MARK,74282,0.0012,United States
3536,Vincerx Pharma,VINC,68045,0.013,United States
3537,AiRWA Inc.,YYAI,56628,1.075,United States
3538,ToughBuilt Industries,TBLT,47699,0.011,United States
3539,Presto Automation,PRST,41851,0.0001,United States
3540,Exela Technologies,XELA,30526,0.0011,United States
3541,Gaming Technologies (Gametech),GMGT,27420,0.0006,United States
3542,T2 Biosystems,TTOO,16827,0.0006,United States
3543,Gamer Pakistan,GPAK,15347,0.0006,United States
3544,Movella,MVLA,15272,0.0003,United States
3545,Vaxxinity,VAXX,12678,0.0001,United States
3546,Novo Integrated Sciences,NVOS,11838,0.0006,United States
3547,Syros Pharmaceuticals,SYRS,10732,0.0004,United States
3548,Trevena,TRVN,9501,0.011,United States
3549,4Front Ventures,FFNTF,9152,1e-05,United States
3550,Freeze Tag,FRZT,7505,0.0001,United States
3551,USD Partners,USDP,6754,0.0002,United States
3552,Stryve Foods,SNAX,4792,0.0011,United States
3553,Adamas One,JEWL,3804,0.0001,United States
3554,eFFECTOR Therapeutics,EFTR,3763,0.0008,United States
3555,Viveve Medical,VIVE,2144,0.0002,United States
3556,Lipella Pharmaceuticals,LIPO,1848,0.0004,United States
3557,Telesis Bio,TBIO,1775,0.001,United States
3558,Grom Social Enterprises,GROM,902,0.0001,United States
3559,Minerva Surgical,UTRS,887,0.0001,United States
3560,Lyra Therapeutics,LYRA,709,0.0004,United States
3561,Lightning eMotors,ZEVY,659,0.0001,United States
3562,Hempacco,HPCO,592,0.0001,United States
3563,Calithera Biosciences,CALA,487,0.0001,United States
3564,GigCapital9,GIXXU,0,0.0,United States
3565,Saluda Medical,SLD.AX,0,0.0,United States
3566,Pershing Square USA,PSUS,0,0.0,United States
3567,Attovia Therapeutics,ATTO,0,0.0,United States
3568,Lyntris Inc.,LYNX,0,0.0,United States
