Rank,Name,Symbol,marketcap,price (USD),country
1,NVIDIA,NVDA,5253179637760,217.55,United States
2,Apple,AAPL,4665759498240,319.7,United States
3,Alphabet (Google),GOOG,4193400127488,342.88,United States
4,Microsoft,MSFT,3813240733696,513.53,United States
5,Amazon,AMZN,2873797378048,266.43,United States
6,SpaceX,SPCX,1865221931008,141.5,United States
7,Broadcom,AVGO,1754548011008,368.79,United States
8,Meta Platforms (Facebook),META,1472509509632,578.02,United States
9,Tesla,TSLA,1377404715008,348.75,United States
10,Berkshire Hathaway,BRK-B,1081058459648,505.0,United States
11,Micron Technology,MU,1053565648896,932.86,United States
12,Eli Lilly,LLY,1047448322048,1174.61,United States
13,JPMorgan Chase,JPM,950620520448,357.62,United States
14,Walmart,WMT,820398325760,103.09,United States
15,AMD,AMD,760047665152,465.58,United States
16,Visa,V,712465252352,381.6,United States
17,Johnson & Johnson,JNJ,645949227008,268.04,United States
18,Exxon Mobil,XOM,644377739264,156.71,United States
19,Mastercard,MA,521488695296,595.3,United States
20,Intel,INTC,472947818496,89.47,United States
21,AbbVie,ABBV,451463118848,255.48,United States
22,Palantir,PLTR,447665733632,186.29,United States
23,Bank of America,BAC,435788087296,62.32,United States
24,Oracle,ORCL,434519080960,150.85,United States
25,Cisco,CSCO,433281925120,109.93,United States
26,Costco,COST,419295887360,945.47,United States
27,Chevron,CVX,395969232896,201.86,United States
28,Coca-Cola,KO,385766555648,89.66,United States
29,Lam Research,LRCX,377773785088,301.9,United States
30,Caterpillar,CAT,367854813184,800.25,United States
31,Applied Materials,AMAT,366380154880,461.67,United States
32,Merck,MRK,366004928512,148.35,United States
33,General Electric,GE,355448160256,342.58,United States
34,UnitedHealth,UNH,352709902336,392.95,United States
35,Netflix,NFLX,340277133312,81.72,United States
36,Morgan Stanley,MS,337310515200,214.77,United States
37,Procter & Gamble,PG,334206992384,143.78,United States
38,Home Depot,HD,329427124224,330.19,United States
39,Palo Alto Networks,PANW,302845853696,371.59,United States
40,Goldman Sachs,GS,301068320768,1033.99,United States
41,Philip Morris International,PM,299082317824,191.89,United States
42,Dell,DELL,294796001280,456.24,United States
43,RTX,RTX,285333880832,211.71,United States
44,Wells Fargo,WFC,262150504448,86.69,United States
45,Arista Networks,ANET,246418096128,195.38,United States
46,GE Vernova,GEV,242877579264,911.93,United States
47,Texas Instruments,TXN,236202393600,258.64,United States
48,Amgen,AMGN,233780101120,432.42,United States
49,Thermo Fisher Scientific,TMO,230049366016,622.18,United States
50,KLA,KLAC,229351227392,175.54,United States
51,American Express,AXP,225013235712,333.2,United States
52,CrowdStrike,CRWD,223627362304,218.4,United States
53,Citigroup,C,222931337216,132.9,United States
54,IBM,IBM,221957439488,235.59,United States
55,Sandisk,SNDK,217429295104,1484.98,United States
56,Salesforce,CRM,210688000000,256.0,United States
57,Verizon,VZ,208154230784,50.1,United States
58,Marvell Technology,MRVL,194677391360,216.62,United States
59,Abbott Laboratories,ABT,194616213504,112.47,United States
60,T-Mobile US,TMUS,194550448128,181.37,United States
61,Amphenol,APH,194490810368,157.74,United States
62,Pepsico,PEP,192701628416,141.07,United States
63,Charles Schwab,SCHW,190503632896,110.16,United States
64,BlackRock,BLK,189200269312,1164.48,United States
65,McDonald,MCD,187525005312,265.0,United States
66,Walt Disney,DIS,186654851072,108.1,United States
67,Union Pacific Corporation,UNP,182624763904,307.41,United States
68,Gilead Sciences,GILD,180636663808,145.68,United States
69,AT&T,T,178230558720,26.01,United States
70,Southern Copper,SCCO,177143300096,209.8,United States
71,QUALCOMM,QCOM,175364849664,164.19,United States
72,Analog Devices,ADI,175306096640,361.78,United States
73,Welltower,WELL,171546591232,238.07,United States
74,Nextera Energy,NEE,170716446720,81.84,United States
75,Blackstone Group,BX,170198450176,142.39,United States
76,Deere &amp; Company (John Deere),DE,170149675008,630.33,United States
77,Boeing,BA,165835456512,209.82,United States
78,Western Digital,WDC,165650530304,459.45,United States
79,Interactive Brokers,IBKR,163293675520,95.84,United States
80,Uber,UBER,160994590720,78.82,United States
81,Pfizer,PFE,159362875392,27.96,United States
82,ConocoPhillips,COP,156594339840,130.35,United States
83,Booking Holdings (Booking.com),BKNG,154506379264,205.63,United States
84,Danaher,DHR,151894196224,216.07,United States
85,ServiceNow,NOW,149610184704,144.71,United States
86,TJX Companies,TJX,149267644416,135.12,United States
87,Vertex Pharmaceuticals,VRTX,137297248256,541.69,United States
88,Prologis,PLD,136773255168,140.7,United States
89,Bristol-Myers Squibb,BMY,136003944448,66.58,United States
90,Newmont,NEM,134851543040,127.98,United States
91,Intuitive Surgical,ISRG,133494398976,372.6,United States
92,Capital One,COF,132310278144,215.67,United States
93,S&P Global,SPGI,130563973120,442.89,United States
94,Lockheed Martin,LMT,130131361792,563.85,United States
95,Corning,GLW,128329629696,148.98,United States
96,Progressive,PGR,127051710464,218.64,United States
97,Stryker Corporation,SYK,126843772928,330.69,United States
98,Parker-Hannifin,PH,125419757568,995.02,United States
99,Starbucks,SBUX,122949001216,107.85,United States
100,Fortinet,FTNT,121796468736,166.0,United States
101,CVS Health,CVS,119020978176,93.06,United States
102,Lowe's Companies,LOW,116655104000,208.05,United States
103,Adobe,ADBE,115879198720,291.52,United States
104,Altria Group,MO,114627919872,68.65,United States
105,Automatic Data Processing,ADP,114205097984,287.48,United States
106,Snowflake,SNOW,113684799488,328.0,United States
107,Airbnb,ABNB,113427963904,189.43,United States
108,BNY Mellon (Bank of New York Mellon),BNY,110256922624,162.5,United States
109,Freeport-McMoRan,FCX,109783539712,76.45,United States
110,Cloudflare,NET,106766942208,299.84,United States
111,AppLovin,APP,106748141568,317.76,United States
112,Howmet Aerospace,HWM,105622552576,264.85,United States
113,McKesson,MCK,104160665600,893.39,United States
114,Marathon Petroleum,MPC,103576592384,368.83,United States
115,DoorDash,DASH,103152050176,236.74,United States
116,Equinix,EQIX,103053697024,1044.41,United States
117,CME Group,CME,102767747072,285.8,United States
118,General Dynamics,GD,102627753984,379.32,United States
119,Southern Company,SO,101519532032,88.25,United States
120,Valero Energy,VLO,101454110720,352.36,United States
121,KKR & Co.,KKR,100375822336,108.68,United States
122,Vertiv Holdings,VRT,98972753920,257.08,United States
123,Constellation Energy,CEG,98054569984,276.75,United States
124,Intuit,INTU,97942650880,358.06,United States
125,Phillips 66,PSX,97832148992,244.01,United States
126,U.S. Bancorp,USB,97331478528,62.47,United States
127,PNC Financial Services,PNC,96632135680,242.22,United States
128,Comcast,CMCSA,96026107904,27.06,United States
129,CSX Corporation,CSX,94994907136,51.28,United States
130,Duke Energy,DUK,93759193088,120.25,United States
131,Cadence Design Systems,CDNS,93741023232,340.39,United States
132,Robinhood,HOOD,93738319872,104.26,United States
133,Marsh & McLennan Companies,MRSH,91929976832,192.64,United States
134,Monster Beverage,MNST,91801165824,46.86,United States
135,Marriott International,MAR,91549827072,351.08,United States
136,Intercontinental Exchange,ICE,91131166720,162.33,United States
137,Quanta Services,PWR,90611965952,602.7,United States
138,HCA Healthcare,HCA,90458660864,417.82,United States
139,Williams Companies,WMB,90184146944,73.73,United States
140,3M,MMM,89911050240,174.34,United States
141,United Parcel Service,UPS,89612820480,105.33,United States
142,Moody's,MCO,89179553792,514.95,United States
143,Waste Management,WM,87801438208,219.66,United States
144,Emerson,EMR,86559399936,155.18,United States
145,Elevance Health,ELV,85539758080,394.43,United States
146,Datadog,DDOG,85093597184,236.98,United States
147,SLB (Schlumberger),SLB,85085937664,57.33,United States
148,Synopsys,SNPS,84820287488,442.61,United States
149,Enterprise Products,EPD,84262805504,39.02,United States
150,Sherwin-Williams,SHW,83717570560,344.86,United States
151,American Tower,AMT,82116141056,176.23,United States
152,Carvana,CVNA,82070659072,74.04,United States
153,Regeneron Pharmaceuticals,REGN,81765826560,794.19,United States
154,Cintas,CTAS,81706622976,204.18,United States
155,Simon Property Group,SPG,81452015616,214.56,United States
156,Motorola Solutions,MSI,80429981696,486.0,United States
157,Ecolab,ECL,80384229376,286.75,United States
158,Lumentum,LITE,80281501696,895.0,United States
159,Illinois Tool Works,ITW,79772483584,280.1,United States
160,Apollo Global Management,APO,79746949120,135.04,United States
161,Mondelez International,MDLZ,79590572032,62.36,United States
162,Norfolk Southern,NSC,78316445696,348.68,United States
163,FedEx,FDX,78309515264,330.88,United States
164,General Motors,GM,78027030528,86.27,United States
165,Cummins,CMI,77759774720,564.85,United States
166,Northrop Grumman,NOC,77505323008,545.57,United States
167,The Travelers Companies,TRV,77151903744,369.9,United States
168,EOG Resources,EOG,75191263232,143.35,United States
169,Royal Caribbean Group,RCL,74728783872,279.41,United States
170,Target,TGT,74131275776,163.18,United States
171,The Cigna Group,CI,73691389952,278.88,United States
172,Energy Transfer LP,ET,73376710656,21.31,United States
173,Ross Stores,ROST,73314516992,228.55,United States
174,Hilton Worldwide,HLT,72437145600,321.85,United States
175,Colgate-Palmolive,CL,72343429120,90.75,United States
176,Warner Bros. Discovery,WBD,72130322432,28.77,United States
177,O'Reilly Automotive,ORLY,71593025536,88.5,United States
178,Kinder Morgan,KMI,70277873664,31.56,United States
179,Digital Realty,DLR,70045286400,185.47,United States
180,Hewlett Packard Enterprise,HPE,69269086208,52.31,United States
181,Honeywell,HON,68912259072,217.43,United States
182,Air Products and Chemicals,APD,68607184896,308.09,United States
183,Arthur J. Gallagher & Co.,AJG,68586594304,267.56,United States
184,Republic Services,RSG,68012965888,222.11,United States
185,Boston Scientific,BSX,67881914368,46.84,United States
186,American Electric Power,AEP,66585243648,122.31,United States
187,Paccar,PCAR,65974583296,125.34,United States
188,Allstate,ALL,65889722368,260.58,United States
189,TransDigm Group,TDG,65556295680,1185.97,United States
190,United Rentals,URI,64125321216,1030.25,United States
191,Bloom Energy,BE,62077534208,210.77,United States
192,Baker Hughes,BKR,61952786432,62.41,United States
193,Monolithic Power Systems,MPWR,61736386560,1256.26,United States
194,Targa Resources,TRGP,61717540864,287.82,United States
195,Truist Financial Corporation,TFC,61606612992,50.43,United States
196,W. W. Grainger,GWW,61527965696,1306.3,United States
197,Cencora,COR,61452070912,322.03,United States
198,MetLife,MET,61329879040,96.51,United States
199,MPLX,MPLX,60071100416,59.25,United States
200,Oneok,OKE,59733831680,94.76,United States
201,Occidental Petroleum,OXY,59078565888,59.1,United States
202,Nike,NKE,58746548224,39.6,United States
203,Realty Income,O,58646593536,61.98,United States
204,Public Storage,PSA,58546659328,313.51,United States
205,Aflac,AFL,58416517120,116.52,United States
206,Cheniere Energy,LNG,58310787072,282.33,United States
207,Dominion Energy,D,57652928512,65.55,United States
208,Fastenal,FAST,57122430976,49.78,United States
209,Nucor,NUE,56832356352,250.5,United States
210,Corteva,CTVA,55977746432,83.9,United States
211,Nasdaq,NDAQ,55512039424,99.31,United States
212,Teradyne,TER,55496278016,354.97,United States
213,Diamondback Energy,FANG,55351508992,197.67,United States
214,Ford,F,55347830784,13.88,United States
215,Sempra,SRE,55130337280,84.31,United States
216,Moderna,MRNA,55090565120,137.99,United States
217,Autodesk,ADSK,55037120512,260.66,United States
218,Coherent Corp.,COHR,54676365312,279.2,United States
219,Cardinal Health,CAH,54550638592,234.55,United States
220,Keysight,KEYS,54490890240,319.97,United States
221,Ametek,AME,54162968576,236.25,United States
222,Ciena,CIEN,53569290240,378.44,United States
223,Comfort Systems USA,FIX,53450682368,1518.73,United States
224,State Street Corporation,STT,53108092928,193.33,United States
225,Delta Air Lines,DAL,52655878144,80.07,United States
226,Devon Energy,DVN,52084998144,47.35,United States
227,Edwards Lifesciences,EW,51997044736,90.21,United States
228,Becton Dickinson,BDX,51622752256,189.52,United States
229,Honeywell Aerospace,HONA,51463614464,162.37,United States
230,"Strategy 
 (MicroStrategy)",MSTR,50577928192,127.31,United States
231,Workday,WDAY,50560409600,204.72,United States
232,Astera Labs,ALAB,50218733568,289.47,United States
233,Block,XYZ,50208440320,83.57,United States
234,Fifth Third Bank,FITB,49461919744,54.54,United States
235,Ameriprise Financial,AMP,49406533632,559.32,United States
236,Wabtec,WAB,49360818176,292.23,United States
237,Entergy,ETR,49346281472,105.75,United States
238,L3Harris Technologies,LHX,48940929024,262.82,United States
239,Axon Enterprise,AXON,48801751040,600.73,United States
240,Carrier Global,CARR,48462069760,58.79,United States
241,Chipotle Mexican Grill,CMG,48123842560,38.03,United States
242,Rockwell Automation,ROK,47943491584,430.86,United States
243,AutoZone,AZO,47896223744,2933.86,United States
244,Xcel Energy,XEL,47753289728,76.45,United States
245,Medline,MDLN,47466881024,35.28,United States
246,Coinbase,COIN,47131828224,178.64,United States
247,Ventas,VTR,47093604352,91.81,United States
248,Natera,NTRA,47028482048,326.26,United States
249,Ares Management,ARES,47013040128,142.53,United States
250,eBay,EBAY,47000899584,105.62,United States
251,HEICO,HEI,46472572928,332.57,United States
252,CoreWeave,CRWV,46455926784,84.23,United States
253,Humana,HUM,46295760896,385.54,United States
254,Vistra,VST,46012227584,137.09,United States
255,PayPal,PYPL,45904031744,53.66,United States
256,Exelon Corporation,EXC,45259055104,43.93,United States
257,Paychex,PAYX,45185949696,127.04,United States
258,Veeva Systems,VEEV,44946436096,276.69,United States
259,Revolution Medicines,RVMD,44556255232,207.88,United States
260,Take-Two Interactive,TTWO,44013326336,235.39,United States
261,Keurig Dr Pepper,KDP,43791380480,32.18,United States
262,Credo Technology,CRDO,43741794304,232.75,United States
263,IDEXX Laboratories,IDXX,43722731520,554.99,United States
264,CBRE Group,CBRE,43673747456,150.82,United States
265,Agilent Technologies,A,43377623040,153.84,United States
266,IQVIA,IQV,43084050432,261.75,United States
267,Cerebras Systems,CBRS,42542968832,179.08,United States
268,Live Nation,LYV,42317090816,181.65,United States
269,Roper Technologies,ROP,42151550976,426.2,United States
270,Yum! Brands,YUM,41988562944,153.86,United States
271,Waste Connections,WCN,41742884864,165.93,United States
272,MSCI,MSCI,41494253568,570.76,United States
273,BeOne Medicines,ONC,41485291520,366.73,United States
274,Prudential Financial,PRU,41327550464,119.79,United States
275,Old Dominion Freight Line,ODFL,41308741632,198.63,United States
276,D. R. Horton,DHI,41225170944,147.39,United States
277,Rocket Lab,RKLB,41171673088,64.39,United States
278,Grayscale Bitcoin Trust,GBTC,41085235200,59.34,United States
279,Waters Corporation,WAT,40716693504,414.69,United States
280,American International Group,AIG,40226172928,76.93,United States
281,Consolidated Edison,ED,39752880128,107.49,United States
282,Microchip Technology,MCHP,39601623040,72.93,United States
283,Expedia Group,EXPE,39540072448,329.44,United States
284,Archer Daniels Midland (ADM),ADM,39298985984,81.54,United States
285,Sysco,SYY,39257128960,81.94,United States
286,Rocket Companies,RKT,38991716352,13.77,United States
287,Martin Marietta Materials,MLM,37714841600,531.05,United States
288,The Hartford,HIG,37529317376,138.55,United States
289,Estee Lauder,EL,37406351360,103.39,United States
290,Kenvue,KVUE,36821229568,19.17,United States
291,NetApp,NTAP,36699734016,187.02,United States
292,PG&amp;E Corporation,PCG,36559294464,16.6,United States
293,Twilio,TWLO,36517113856,237.78,United States
294,PSEG,PEG,36479365120,73.19,United States
295,Kimberly-Clark,KMB,36434034688,109.55,United States
296,Ubiquiti,UI,36277682176,599.35,United States
297,The Hershey Company,HSY,35975741440,179.05,United States
298,MongoDB,MDB,35922505728,446.62,United States
299,United Airlines Holdings,UAL,35897409536,110.6,United States
300,Vulcan Materials,VMC,35570659328,274.51,United States
301,Venture Global,VG,35451318272,14.18,United States
302,Kroger,KR,35362000896,57.72,United States
303,Iron Mountain,IRM,34950311936,117.4,United States
304,TKO Group Holdings,TKO,34946760704,184.64,United States
305,ResMed,RMD,34668154880,240.33,United States
306,WEC Energy Group,WEC,34611720192,106.22,United States
307,Raymond James Financial,RJF,34455056384,179.36,United States
308,DexCom,DXCM,34271905792,90.82,United States
309,M&T Bank,MTB,34268532736,237.29,United States
310,Huntington Bancshares,HBAN,34185418752,16.92,United States
311,Northern Trust,NTRS,34174283776,186.79,United States
312,EQT Corporation,EQT,34134409216,54.57,United States
313,Carnival Corporation,CCL,33912512512,24.76,United States
314,Steel Dynamics,STLD,33634086912,234.665,United States
315,"Cheniere Energy
Partners",CQP,33356417024,68.91,United States
316,Crown Castle,CCI,33273180160,76.14,United States
317,Emcor,EME,32648824832,740.17,United States
318,Illumina,ILMN,32554088448,215.59,United States
319,Cboe Global Markets,CBOE,32420610048,310.45,United States
320,GE HealthCare Technologies,GEHC,32397195264,71.725,United States
321,Biogen,BIIB,32284248064,218.5,United States
322,Centene,CNC,31986176000,64.75,United States
323,Zoetis,ZTS,31958712320,77.34,United States
324,Alnylam Pharmaceuticals,ALNY,31726143488,237.1,United States
325,Jabil,JBL,31588069376,301.45,United States
326,Extra Space Storage,EXR,31540600832,142.91,United States
327,Everpure,P,31046621184,93.4,United States
328,Copart,CPRT,30542522368,32.99,United States
329,Kraft Heinz,KHC,30475671552,25.7,United States
330,Halliburton,HAL,30142656512,36.18,United States
331,Zscaler,ZS,29791744000,184.23,United States
332,Coupang,CPNG,29694894080,16.52,United States
333,Reddit,RDDT,29436665856,153.0,United States
334,Ameren,AEE,29378607104,106.12,United States
335,Citizens Financial Group,CFG,29360234496,69.71,United States
336,LPL Financial,LPLA,29188978688,370.69,United States
337,Las Vegas Sands,LVS,29172461568,45.04,United States
338,Okta,OKTA,29060483072,166.23,United States
339,Cognizant Technology Solutions,CTSH,28846448640,64.04,United States
340,Teledyne Technologies,TDY,28831375360,621.96,United States
341,Zoom,ZM,28720271360,98.43,United States
342,ATI Inc.,ATI,28699269120,210.76,United States
343,VICI Properties,VICI,28484876288,25.87,United States
344,Fiserv,FISV,28279353344,53.18,United States
345,DTE Energy,DTE,28270843904,135.86,United States
346,ON Semiconductor,ON,28268425216,72.61,United States
347,Atmos Energy,ATO,28161941504,166.65,United States
348,Mettler Toledo,MTD,28022730752,1398.58,United States
349,Casey's General Stores,CASY,27956099072,755.47,United States
350,Williams-Sonoma,WSM,27686078464,235.09,United States
351,Roblox,RBLX,27524904960,38.53,United States
352,HP,HPQ,27522660352,30.52,United States
353,American Water,AWK,27484219392,138.3,United States
354,Otis Worldwide,OTIS,27309217792,71.74,United States
355,LabCorp,LH,27177420800,335.11,United States
356,Dollar General,DG,27111596032,122.89,United States
357,SharkNinja,SN,27062941696,191.23,United States
358,Edison International,EIX,27002396672,70.17,United States
359,Quest Diagnostics,DGX,26794235904,242.76,United States
360,Corpay,CPAY,26781237248,407.88,United States
361,Dover Corporation,DOV,26758266880,198.68,United States
362,Eversource Energy,ES,26683637760,70.84,United States
363,FirstEnergy,FE,26548000768,45.88,United States
364,Cincinnati Financial,CINF,26393620480,171.97,United States
365,VeriSign,VRSN,26390470656,291.93,United States
366,Affirm,AFRM,26041712640,77.76,United States
367,Xylem,XYL,25989416960,111.31,United States
368,Insmed,INSM,25886943232,118.54,United States
369,CenterPoint Energy,CNP,25848184832,39.24,United States
370,Regions Financial,RF,25839022080,30.33,United States
371,Fox Corporation,FOX,25781225472,61.32,United States
372,PPL,PPL,25737033728,34.2,United States
373,Formula One Group,FWONK,25522124800,101.8,United States
374,W. R. Berkley,WRB,25406812160,68.44,United States
375,Synchrony Financial,SYF,25395195904,78.05,United States
376,PPG Industries,PPG,25391106048,114.22,United States
377,EchoStar,ECHO,25226213376,86.84,United States
378,Incyte,INCY,25209518080,124.37,United States
379,Qnity Electronics,Q,25159419904,120.26,United States
380,Texas Pacific Land Corporation,TPL,25132994560,364.38,United States
381,Tapestry,TPR,25021661184,125.49,United States
382,Verisk Analytics,VRSK,24960020480,191.77,United States
383,Fair Isaac (FICO),FICO,24914382848,1153.57,United States
384,Expeditors International,EXPD,24824309760,190.97,United States
385,First Citizens BancShares,FCNCA,24777895936,2194.07,United States
386,Coterra Energy,CTRA,24724652032,32.56,United States
387,GlobalFoundries,GFS,24559849472,44.76,United States
388,Brown &amp; Brown,BRO,24530284544,73.31,United States
389,J. B. Hunt,JBHT,24514615296,261.03,United States
390,PulteGroup,PHM,24487020544,128.55,United States
391,Darden Restaurants,DRI,24483010560,215.63,United States
392,Global Payments,GPN,24297259008,91.82,United States
393,Hubbell,HUBB,24285020160,459.66,United States
394,Omnicom Group,OMC,24219260928,88.28,United States
395,Symbotic,SYM,24138921984,39.875,United States
396,Dollar Tree,DLTR,24065462272,128.26,United States
397,Veralto,VLTO,24028270592,98.56,United States
398,Church & Dwight,CHD,24019267584,101.26,United States
399,Supermicro,SMCI,23986053120,37.08,United States
400,Samsara,IOT,23984347136,41.16,United States
401,Principal Financial Group,PFG,23853398016,111.41,United States
402,Circle Internet Group,CRCL,23753850880,87.14,United States
403,West Pharmaceutical Services,WST,23749707776,337.47,United States
404,T. Rowe Price,TROW,23729254400,111.24,United States
405,Carpenter Technology,CRS,23611187200,476.43,United States
406,Tradeweb,TW,23518996480,108.87,United States
407,Roku,ROKU,23401961472,157.675,United States
408,KeyCorp (KeyBank),KEY,23380787200,21.91,United States
409,NRG Energy,NRG,23358588928,111.12,United States
410,SoFi,SOFI,23325759488,18.06,United States
411,Rivian,RIVN,23267119104,16.07,United States
412,US Foods,USFD,23205795840,107.27,United States
413,Viper Energy,VNOM,23149645824,44.18,United States
414,Equifax,EFX,22833190912,194.35,United States
415,Expand Energy,EXE,22724413440,98.16,United States
416,"Arxis, Inc.",ARXS,22605457408,52.47,United States
417,AST SpaceMobile,ASTS,22591172608,58.05,United States
418,Markel Group,MKL,22533492736,1818.69,United States
419,International Flavors & Fragrances,IFF,22440439808,87.95,United States
420,Loews Corporation,L,22429808640,109.72,United States
421,F5,FFIV,22324701184,394.24,United States
422,Constellation Brands,STZ,22322421760,130.69,United States
423,Royal Gold,RGLD,22270717952,262.85,United States
424,ULTA Beauty,ULTA,22246969344,517.5,United States
425,General Mills,GIS,22213853184,41.55,United States
426,Bunge Global SA,BG,22185916416,115.48,United States
427,United Therapeutics,UTHR,22108436480,515.46,United States
428,XPO Logistics,XPO,22077822976,188.56,United States
429,Dow,DOW,22038616064,30.51,United States
430,Curtiss-Wright,CW,22026594304,596.37,United States
431,First Solar,FSLR,21973274624,204.46,United States
432,Coeur Mining,CDE,21720264704,21.13,United States
433,Guardant Health,GH,21672681472,161.5,United States
434,Tenet Healthcare,THC,21482467328,266.8,United States
435,Packaging Corporation of America,PKG,21418338304,240.39,United States
436,CMS Energy,CMS,21389096960,68.21,United States
437,Fidelity National Information Services,FIS,21370853376,41.44,United States
438,Ralph Lauren,RL,21094496256,354.04,United States
439,TPG Inc.,TPG,21078921216,53.97,United States
440,Broadridge Financial Solutions,BR,20938962944,183.64,United States
441,International Paper,IP,20817393664,39.31,United States
442,Lennar,LEN,20796477440,86.33,United States
443,Charter Communications,CHTR,20704516096,153.62,United States
444,Entegris,ENTG,20615776256,134.92,United States
445,LyondellBasell,LYB,20567826432,63.67,United States
446,TD Synnex,SNX,20391081984,255.02,United States
447,Toast,TOST,20316700672,35.15,United States
448,Snap-on,SNA,20269789184,391.86,United States
449,MACOM Technology Solutions,MTSI,20258914304,265.27,United States
450,SBA Communications,SBAC,20257523712,190.95,United States
451,Woodward,WWD,20182452224,341.81,United States
452,Exact Sciences,EXAS,20026083328,104.91,United States
453,FTAI Aviation,FTAI,20025827328,194.98,United States
454,Western Midstream,WES,19956332544,48.3,United States
455,FedEx Freight,FDXF,19953192960,133.45,United States
456,Reliance,RS,19788234752,387.59,United States
457,Essex Property Trust,ESS,19579009024,284.03,United States
458,SS&C Technologies,SSNC,19574919168,83.42,United States
459,Tyson Foods,TSN,19489804288,55.4,United States
460,NiSource,NI,19455752192,40.57,United States
461,Southwest Airlines,LUV,19392212992,39.64,United States
462,MasTec,MTZ,19353491456,241.0,United States
463,Zimmer Biomet,ZBH,19247341568,100.91,United States
464,Rubrik,RBRK,19152347136,93.05,United States
465,Unity Software,U,19060252672,43.31,United States
466,CF Industries,CF,19036823552,125.79,United States
467,Permian Resources,PR,19012546560,22.7,United States
468,Genuine Parts Company,GPC,18957094912,137.51,United States
469,Blue Owl Capital,OWL,18837221376,12.02,United States
470,Viatris,VTRS,18767974400,16.34,United States
471,News Corp,NWS,18720022528,34.85,United States
472,Nutanix,NTNX,18695366656,69.16,United States
473,Evergy,EVRG,18595241984,80.65,United States
474,Gen Digital,GEN,18568169472,31.02,United States
475,Dupont De Nemours,DD,18498187264,136.98,United States
476,CDW Corporation,CDW,18463823872,147.69,United States
477,ITT,ITT,18236585984,202.99,United States
478,Tractor Supply,TSCO,18090514432,34.72,United States
479,Nordson,NDSN,18079457280,324.59,United States
480,Fortive,FTV,18027397120,59.69,United States
481,Plains All American Pipeline,PAA,17977833472,25.48,United States
482,Ovintiv,OVV,17865592832,64.59,United States
483,Jacobs Engineering,J,17787527168,151.98,United States
484,East West Bancorp,EWBC,17734815744,129.44,United States
485,HF Sinclair,DINO,17726828544,99.71,United States
486,Leidos,LDOS,17651734528,140.66,United States
487,Alliant Energy,LNT,17639137280,68.03,United States
488,Franklin Resources,BEN,17604866048,34.65,United States
489,C. H. Robinson,CHRW,17573261312,150.39,United States
490,Rollins,ROL,17504069632,36.38,United States
491,Carlyle Group,CG,17492377600,49.09,United States
492,Jones Lang LaSalle,JLL,17391372288,378.01,United States
493,Best Buy,BBY,17375641600,82.44,United States
494,Invitation Homes,INVH,17369788416,29.24,United States
495,Annaly Capital Management,NLY,17365581824,23.04,United States
496,MKS Instruments,MKSI,17293867008,255.76,United States
497,Burlington Stores,BURL,17180076032,272.95,United States
498,APi Group,APG,17152441344,39.69,United States
499,Guidewire Software,GWRE,17138323456,205.85,United States
500,NVR,NVR,17130189824,6396.27,United States
501,Ryan Specialty,RYAN,17109566464,43.87,United States
502,PTC,PTC,17051758592,157.15,United States
503,Weyerhaeuser,WY,17038198784,23.64,United States
504,IDEX,IEX,16976217088,230.28,United States
505,Ball Corporation,BALL,16880133120,63.77,United States
506,Pershing Square Inc.,PS,16867999744,42.17,United States
507,Zebra Technologies,ZBRA,16863885312,356.45,United States
508,Medpace,MEDP,16765136896,600.65,United States
509,SiTime,SITM,16710985728,557.86,United States
510,Onto Innovation,ONTO,16551615488,270.79,United States
511,TransUnion,TRU,16414371840,85.67,United States
512,Clean Harbors,CLH,16401525760,310.71,United States
513,WESCO International,WCC,16394707968,336.42,United States
514,Lattice Semiconductor,LSCC,16248263680,114.4,United States
515,Hyatt Hotels,H,16232278016,172.25,United States
516,Albemarle,ALB,16209174528,137.36,United States
517,W. P. Carey,WPC,16062689280,70.51,United States
518,Reinsurance Group of America,RGA,16034169856,245.54,United States
519,Kimco Realty,KIM,15951372288,23.78,United States
520,IonQ,IONQ,15881317376,39.2,United States
521,RBC Bearings,RBC,15849250816,500.62,United States
522,Performance Food Group,PFGC,15840757760,100.85,United States
523,Neurocrine Biosciences,NBIX,15660072960,154.06,United States
524,Dynatrace,DT,15576582144,53.67,United States
525,Sun Communities,SUI,15531273216,122.92,United States
526,Lincoln Electric,LECO,15528416256,284.895,United States
527,Solventum,SOLV,15510787072,91.12,United States
528,Host Hotels & Resorts,HST,15478506496,22.28,United States
529,Tyler Technologies,TYL,15477501952,377.94,United States
530,Akamai,AKAM,15445224448,107.47,United States
531,Mid-America Apartment Communities,MAA,15418897408,129.61,United States
532,Figma,FIG,15361343488,28.82,United States
533,Aramark,ARMK,15337704448,58.18,United States
534,Pinnacle Financial Partners,PNFP,15275976704,101.09,United States
535,Lamar Advertising,LAMR,15271041024,150.38,United States
536,UL Solutions,ULS,15027280896,74.43,United States
537,BridgeBio Pharma,BBIO,14974763008,76.6,United States
538,APA Corporation,APA,14903954432,42.54,United States
539,McCormick & Company,MKC,14875556864,55.33,United States
540,Healthpeak Properties,DOC,14859534336,20.96,United States
541,Stanley Black &amp; Decker,SWK,14769427456,97.8,United States
542,Unum,UNM,14730447872,93.05,United States
543,Omega Healthcare Investors,OHI,14684482560,45.99,United States
544,Warner Music Group,WMG,14662766592,28.03,United States
545,Corebridge Financial,CRBG,14536514560,32.61,United States
546,Invesco,IVZ,14507682816,32.86,United States
547,Masco,MAS,14443978752,73.25,United States
548,Sterling Infrastructure,STRL,14392509440,470.52,United States
549,Revvity,RVTY,14372328448,128.8,United States
550,Bitmine Immersion Technologies,BMNR,14356787200,23.8,United States
551,Ares Capital,ARCC,14324556800,19.95,United States
552,Textron,TXT,14281793536,83.04,United States
553,Penske Automotive Group,PAG,14249499648,217.01,United States
554,Trimble,TRMB,14226301952,61.01,United States
555,Wayfair,W,14211806208,103.76,United States
556,Talen Energy,TLN,14187652096,296.105,United States
557,Carlisle Companies,CSL,14159279104,356.53,United States
558,J.M. Smucker Company,SJM,14136979456,132.34,United States
559,Regency Centers,REG,14119122944,75.52,United States
560,Assurant,AIZ,14089333760,285.65,United States
561,Sunoco,SUN,14065094656,74.65,United States
562,Charles River Laboratories,CRL,14040892416,291.5,United States
563,"QXO, Inc.",QXO,14026874880,13.52,United States
564,BWX Technologies,BWXT,14004420608,152.85,United States
565,Mueller Industries,MLI,13890191360,62.8,United States
566,CACI International Inc,CACI,13882931200,628.2,United States
567,Cooper Companies,COO,13880329216,71.17,United States
568,AMH (American Homes 4 Rent),AMH,13749790720,33.54,United States
569,Equitable Holdings,EQH,13692843008,50.2,United States
570,Hecla Mining,HL,13690640384,20.38,United States
571,UDR Apartments,UDR,13636559872,37.12,United States
572,Erie Indemnity,ERIE,13616281600,260.4,United States
573,RPM International,RPM,13613126656,106.65,United States
574,Lennox,LII,13595825152,393.39,United States
575,Somnigroup International,SGI,13541227520,64.37,United States
576,Baxter,BAX,13509104640,26.13,United States
577,Toll Brothers,TOL,13506049024,146.22,United States
578,Exelixis,EXEL,13491714048,54.45,United States
579,Avery Dennison,AVY,13471342592,177.75,United States
580,U-Haul,UHAL,13408947200,68.59,United States
581,SEI Investments,SEIC,13397741568,111.63,United States
582,Five Below,FIVE,13375392768,241.89,United States
583,HubSpot,HUBS,13344393216,260.68,United States
584,CNA Financial,CNA,13343332352,49.31,United States
585,Hasbro,HAS,13290619904,94.23,United States
586,Alcoa,AA,13279923200,50.32,United States
587,Globe Life,GL,13278815232,172.79,United States
588,DT Midstream,DTM,13214041088,129.53,United States
589,Coca-Cola Consolidated,COKE,13212347392,198.49,United States
590,Madison Air Solutions,MAIR,13210356736,26.33,United States
591,Pinterest,PINS,13132798976,23.19,United States
592,Nextpower,NXT,13126860800,85.44,United States
593,DigitalOcean,DOCN,13076022272,111.21,United States
594,Texas Roadhouse,TXRH,13061889024,198.99,United States
595,CoStar Group,CSGP,13055467520,32.22,United States
596,BorgWarner,BWA,13052976128,64.09,United States
597,Manhattan Associates,MANH,13018334208,223.28,United States
598,AGNC Investment,AGNC,12921747456,10.9,United States
599,Crown Holdings,CCK,12881595392,118.44,United States
600,Graco,GGG,12841318400,79.29,United States
601,Ally Financial,ALLY,12831142912,42.18,United States
602,Watsco,WSO,12819531776,310.76,United States
603,Equity LifeStyle Properties,ELS,12780565504,63.74,United States
604,Fidelity National Financial,FNF,12752569344,47.55,United States
605,Gaming and Leisure Properties,GLPI,12746772480,42.56,United States
606,Brown Forman,BF-A,12733483008,27.75,United States
607,Penumbra,PEN,12670789632,321.68,United States
608,Chime Financial,CHYM,12569026560,33.2,United States
609,Webster Financial,WBS,12568934400,77.57,United States
610,DraftKings,DKNG,12540429312,25.26,United States
611,"BXP, Inc.",BXP,12538423296,69.32,United States
612,Gartner,IT,12528124928,198.39,United States
613,BioMarin Pharmaceutical,BMRN,12517447680,64.665,United States
614,TTM Technologies,TTMI,12499642368,118.65,United States
615,Clorox,CLX,12399055872,102.53,United States
616,GoDaddy,GDDY,12373480448,97.7,United States
617,IES Holdings,IESC,12345129984,309.8,United States
618,Madrigal Pharmaceuticals,MDGL,12332058624,533.76,United States
619,Corcept Therapeutics,CORT,12310245376,113.88,United States
620,Camden Property Trust,CPT,12308159488,106.35,United States
621,Stifel,SF,12274930688,81.29,United States
622,Semtech,SMTC,12241521664,131.17,United States
623,Watts Water Technologies,WTS,12229545984,366.34,United States
624,Pershing Square Holdings,PSHZF,12225084416,56.685,United States
625,DocuSign,DOCU,12220454912,64.0,United States
626,Paramount Skydance,PSKY,12206769152,10.88,United States
627,JFrog,FROG,12174771200,98.74,United States
628,American Healthcare REIT,AHR,12105470976,55.53,United States
629,Dick's Sporting Goods,DKS,12090897408,135.09,United States
630,Jack Henry &amp; Associates,JKHY,12059449344,169.73,United States
631,Elanco,ELAN,12041729024,24.11,United States
632,Arrowhead Pharmaceuticals,ARWR,11993917440,84.91,United States
633,Crane Company,CR,11964674048,207.0,United States
634,Halozyme Therapeutics,HALO,11957014528,105.35,United States
635,Deckers Brands,DECK,11951320064,87.76,United States
636,Encompass Health,EHC,11922260992,120.85,United States
637,American Financial Group,AFG,11909180416,143.62,United States
638,Amkor Technology,AMKR,11895905280,47.88,United States
639,Hormel Foods,HRL,11870292992,21.57,United States
640,Pinnacle West Capital,PNW,11833697280,97.64,United States
641,Applied Industrial Technologies,AIT,11825105920,322.22,United States
642,Antero Resources,AR,11821030400,38.45,United States
643,Instacart (Maplebear Inc.),CART,11700013056,50.54,United States
644,BrightSpring Health Services,BTSG,11699713024,59.13,United States
645,Aurora Innovation,AUR,11684225024,5.83,United States
646,First Horizon Corporation,FHN,11678606336,24.65,United States
647,Essential Utilities,WTRG,11657315328,41.1,United States
648,Huntington Ingalls Industries,HII,11593227264,294.21,United States
649,Domino's Pizza,DPZ,11578607616,350.0,United States
650,Tempus AI,TEM,11555041280,64.04,United States
651,DaVita,DVA,11527383040,180.68,United States
652,BJ's Wholesale Club,BJ,11444110336,90.6,United States
653,Service Corporation International,SCI,11361266688,83.36,United States
654,Bio-Techne,TECH,11345799168,72.35,United States
655,Owens Corning,OC,11314238464,143.13,United States
656,Bentley Systems,BSY,11268065280,37.3,United States
657,Avidity Biosciences,RNAM,11249150976,72.82,United States
658,SailPoint,SAIL,11247238144,19.83,United States
659,Align Technology,ALGN,11194460160,157.58,United States
660,Dayforce,DAY,11180042240,69.86,United States
661,Evercore,EVR,11156984832,290.11,United States
662,Globus Medical,GMED,11139712000,82.97,United States
663,Confluent,CFLT,11133729792,30.99,United States
664,New York Times,NYT,10993089536,68.16,United States
665,FactSet,FDS,10989041664,308.98,United States
666,UMB Financial,UMBF,10981235712,144.585,United States
667,Knight-Swift Transportation,KNX,10943713280,67.24,United States
668,Advanced Energy,AEIS,10926561280,272.82,United States
669,Generac,GNRC,10845369344,183.8,United States
670,"Popular, Inc. (Banco Popular de Puerto Rico)",BPOP,10826400768,169.75,United States
671,MGM Resorts,MGM,10817389568,42.28,United States
672,Jefferies Financial Group,JEF,10798081024,53.09,United States
673,EastGroup Properties,EGP,10754663424,200.0,United States
674,Paycom,PAYC,10750932992,238.53,United States
675,Donaldson Company,DCI,10624407552,91.66,United States
676,Glaukos,GKOS,10609440768,179.87,United States
677,Globalstar,GSAT,10593102848,81.76,United States
678,Antero Midstream,AM,10580483072,22.29,United States
679,AES,AES,10508951552,14.73,United States
680,Regal Rexnord,RRX,10480047104,157.43,United States
681,Molina Healthcare,MOH,10439999488,200.0,United States
682,Allison Transmission,ALSN,10431257600,126.32,United States
683,Axsome Therapeutics,AXSM,10424829952,199.02,United States
684,Krystal Biotech,KRYS,10402806784,351.46,United States
685,Sanmina,SANM,10398423040,194.01,United States
686,Elastic NV,ESTC,10385808384,99.91,United States
687,Arrow Electronics,ARW,10380634112,203.92,United States
688,Bio-Rad Laboratories,BIO,10366391296,387.7,United States
689,Advanced Drainage Systems,WMS,10329778176,136.99,United States
690,Wintrust Financial,WTFC,10317305856,152.95,United States
691,Littelfuse,LFUS,10297033728,405.415,United States
692,Leonardo DRS,DRS,10285999104,38.54,United States
693,South State Corp,SSB,10277361664,105.98,United States
694,Apogee Therapeutics,APGE,10215573504,134.97,United States
695,Flowserve,FLS,10210970624,80.33,United States
696,Federal Realty Investment Trust,FRT,10206090240,116.75,United States
697,Cognex,CGNX,10170813440,60.46,United States
698,Old Republic International,ORI,10157083648,42.07,United States
699,Darling Ingredients,DAR,10149882880,64.32,United States
700,Ionis Pharmaceuticals,IONS,10145552384,61.05,United States
701,Universal Health Services,UHS,10117042176,171.66,United States
702,Solstice Advanced Materials,SOLS,10091573248,63.53,United States
703,The Ensign Group,ENSG,10081694720,172.98,United States
704,Insulet,PODD,10065375232,145.13,United States
705,Cullen/Frost Bankers,CFR,10048836608,161.69,United States
706,Chart Industries,GTLS,10047718400,209.9,United States
707,Acuity Brands,AYI,10033198080,335.16,United States
708,Cytokinetics,CYTK,10022198272,72.09,United States
709,MP Materials,MP,9996841984,56.13,United States
710,Henry Schein,HSIC,9976693760,89.52,United States
711,SPX Technologies,SPXC,9953562624,198.73,United States
712,Repligen,RGEN,9947907072,176.27,United States
713,TopBuild,BLD,9935550464,354.53,United States
714,Skyworks Solutions,SWKS,9899604992,65.79,United States
715,Zions Bancorporation,ZION,9892718592,67.78,United States
716,Old National Bank,ONB,9889434624,25.85,United States
717,Brinker International,EAT,9872340992,230.19,United States
718,Avantor,AVTR,9861311488,14.58,United States
719,Lineage,LINE,9859405824,39.32,United States
720,Wynn Resorts,WYNN,9809292288,95.26,United States
721,Nuvalent,NUVL,9808736256,123.96,United States
722,Kratos Defense &amp; Security Solutions,KTOS,9761509376,52.0,United States
723,Life Time Group,LTH,9722828800,43.51,United States
724,Kymera Therapeutics,KYMR,9718733824,118.15,United States
725,Dillard's,DDS,9700062208,621.12,United States
726,Match Group,MTCH,9699222528,41.58,United States
727,Range Resources,RRC,9688352768,41.46,United States
728,Procore,PCOR,9682594816,63.72,United States
729,Westlake Corporation,WLK,9675475968,75.71,United States
730,Praxis Precision Medicines,PRAX,9625415680,344.75,United States
731,Sirius XM,SIRI,9619889152,28.54,United States
732,Affiliated Managers Group,AMG,9590672384,370.87,United States
733,ServiceTitan,TTAN,9527356416,99.87,United States
734,Chewy,CHWY,9523207168,23.26,United States
735,FirstCash,FCFS,9507532800,219.21,United States
736,Oshkosh Corporation,OSK,9505452032,153.96,United States
737,Janus Living,JAN,9463868416,30.5,United States
738,OGE Energy,OGE,9449027584,45.74,United States
739,Modine Manufacturing,MOD,9434411008,177.63,United States
740,Ryder,R,9427960832,245.86,United States
741,Oscar Health,OSCR,9404412928,30.47,United States
742,UiPath,PATH,9403882496,18.15,United States
743,Madison Square Garden Sports,MSGS,9375284224,389.34,United States
744,Saia,SAIA,9371649024,352.25,United States
745,Tetra Tech,TTEK,9355864064,36.54,United States
746,The Toro Company,TTC,9340589056,98.085,United States
747,Protagonist Therapeutics,PTGX,9339346944,144.33,United States
748,Rambus,RMBS,9301666816,85.76,United States
749,Houlihan Lokey,HLI,9296302080,133.02,United States
750,Voya Financial,VOYA,9290655744,102.55,United States
751,ViaSat,VSAT,9280609280,67.37,United States
752,Forgent Power Solutions,FPS,9254638592,30.4,United States
753,Murphy USA,MUSA,9248806912,503.19,United States
754,CareTrust REIT,CTRE,9222522880,39.03,United States
755,Valmont Industries,VMI,9194517504,476.28,United States
756,Liberty Live Holdings,LLYVA,9190417408,99.89,United States
757,Snap,SNAP,9183203328,5.43,United States
758,Agree Realty,ADC,9130010624,73.2,United States
759,Kinetik,KNTK,9104645120,53.81,United States
760,Jackson Financial,JXN,9086488576,134.16,United States
761,CubeSmart,CUBE,9058805760,40.02,United States
762,Booz Allen Hamilton,BAH,9050241024,75.24,United States
763,American Airlines,AAL,9029269504,13.64,United States
764,Applied Optoelectronics,AAOI,9019594752,106.23,United States
765,VIAVI Solutions,VIAV,9016239104,36.54,United States
766,Crinetics Pharmaceuticals,CRNX,9001116672,84.84,United States
767,Brixmor Property Group,BRX,8951465984,29.17,United States
768,Primerica,PRI,8937435136,290.39,United States
769,Ryman Hospitality Properties,RHP,8921738240,129.33,United States
770,Vaxcyte,PCVX,8903763968,59.835,United States
771,AECOM,ACM,8901931008,69.17,United States
772,Dycom Industries,DY,8877575168,294.34,United States
773,Alexandria Real Estate Equities,ARE,8874953728,51.57,United States
774,Twist Bioscience,TWST,8865575936,141.38,United States
775,CarMax,KMX,8814098432,62.11,United States
776,Mohawk Industries,MHK,8798507008,129.89,United States
777,Dutch Bros,BROS,8754035712,49.91,United States
778,Paylocity,PCTY,8743952384,157.93,United States
779,SM Energy,SM,8710215680,36.62,United States
780,Bruker,BRKR,8696670208,57.08,United States
781,Prosperity Bancshares,PB,8688780288,72.3,United States
782,NNN REIT,NNN,8688633856,45.67,United States
783,Kinsale Capital Group,KNSL,8669696000,380.61,United States
784,Vicor,VICR,8656538624,187.75,United States
785,InterDigital,IDCC,8648883200,335.15,United States
786,Smithfield Foods,SFD,8639257600,21.94,United States
787,Western Alliance Bancorporation,WAL,8567690752,78.53,United States
788,ImmunityBio,IBRX,8531682304,8.05,United States
789,Element Solutions,ESI,8512123392,34.93,United States
790,Immunovant,IMVT,8509970944,41.2,United States
791,Columbia Banking System,COLB,8506871296,30.07,United States
792,Rexford Industrial,REXR,8489198080,37.13,United States
793,First Industrial Realty Trust,FR,8486955008,61.94,United States
794,AptarGroup,ATR,8455654400,132.99,United States
795,Gap Inc.,GAP,8452305408,23.48,United States
796,PBF Energy,PBF,8449306624,71.28,United States
797,Compass,COMP,8421061632,10.97,United States
798,NewMarket Corp,NEU,8411860480,914.69,United States
799,Timken Company,TKR,8372444160,120.82,United States
800,Qorvo,QRVO,8357235712,94.73,United States
801,BOK Financial,BOKF,8354228736,137.48,United States
802,Eastman Chemical,EMN,8349273088,73.03,United States
803,Celsius Holdings,CELH,8345095680,32.98,United States
804,Core &amp; Main,CNM,8326092288,43.02,United States
805,Commerce Bancshares,CBSH,8324803584,58.04,United States
806,Primo Brands,PRMB,8324705280,23.0,United States
807,AppFolio,APPF,8304930816,234.49,United States
808,Lincoln National Corporation,LNC,8287754752,43.29,United States
809,StoneX Group,SNEX,8279132672,68.64,United States
810,StandardAero,SARO,8276294656,25.01,United States
811,Rush Enterprises,RUSHA,8267037696,76.27,United States
812,Lear Corporation,LEA,8256602112,124.02,United States
813,TG Therapeutics,TGTX,8255797760,53.93,United States
814,A. O. Smith,AOS,8206159872,60.38,United States
815,Levi Strauss &amp; Co.,LEVI,8193468928,21.29,United States
816,Morningstar,MORN,8164828672,217.65,United States
817,Hess Midstream,HESM,8156416512,39.56,United States
818,UGI Corporation,UGI,8152952832,38.01,United States
819,Lithia Motors,LAD,8141666304,370.36,United States
820,Zillow,Z,8019041280,35.66,United States
821,10x Genomics,TXG,8018118656,61.54,United States
822,GameStop,GME,8018113024,17.87,United States
823,Chord Energy,CHRD,7985889280,146.0,United States
824,HealthEquity,HQY,7971273216,96.37,United States
825,Zurn Elkay Water Solutions,ZWS,7969769472,48.05,United States
826,Spyre Therapeutics,SYRE,7967380992,90.36,United States
827,FormFactor,FORM,7944487424,101.695,United States
828,AGCO,AGCO,7940897792,113.39,United States
829,Hanover Insurance Group,THG,7927519232,227.67,United States
830,Axalta,AXTA,7923020288,37.02,United States
831,Galaxy Digital Holdings,7LX.F,7887111260,22.3715,United States
832,National Fuel Gas,NFG,7885891584,82.97,United States
833,Idacorp,IDA,7853792768,135.78,United States
834,Clearway Energy,CWEN,7833159168,31.76,United States
835,CAVA Group,CAVA,7819007488,66.94,United States
836,Central Bancompany,CBC,7807866880,32.6,United States
837,PJT Partners,PJT,7786768896,182.8,United States
838,Dropbox,DBX,7762701824,35.7,United States
839,Molson Coors,TAP,7730379776,41.46,United States
840,Conagra Brands,CAG,7700121088,16.09,United States
841,Valley Bank,VLY,7692264960,13.92,United States
842,Etsy,ETSY,7672035840,83.59,United States
843,TeraWulf,WULF,7659169280,15.35,United States
844,Norwegian Cruise Line,NCLH,7645477376,16.65,United States
845,Zeta Global,ZETA,7612327936,30.54,United States
846,First American Financial Corporation,FAF,7603386880,74.47,United States
847,Sprouts Farmers Market,SFM,7595951616,81.46,United States
848,GitLab,GTLB,7578542592,44.87,United States
849,Vornado Realty Trust,VNO,7565465600,38.2,United States
850,Lamb Weston,LW,7558823424,54.98,United States
851,Pilgrim's Pride,PPC,7545659392,31.69,United States
852,AeroVironment,AVAV,7518697984,147.94,United States
853,Commercial Metals Company,CMC,7515817472,67.94,United States
854,The Mosaic Company,MOS,7502337536,23.6,United States
855,NOV,NOV,7482475520,20.99,United States
856,Oklo,OKLO,7466748416,40.14,United States
857,Simpson Manufacturing Company,SSD,7462081024,182.07,United States
858,Armstrong World Industries,AWI,7399797760,175.09,United States
859,SentinelOne,S,7383992320,21.54,United States
860,Rhythm Pharmaceuticals,RYTM,7378877440,107.17,United States
861,MSA Safety,MSA,7342991360,190.34,United States
862,Kirby Corporation,KEX,7342367744,139.06,United States
863,Clearwater Analytics,CWAN,7330872320,24.56,United States
864,STAG Industrial,STAG,7317309440,37.18,United States
865,Silicon Labs,SLAB,7291971584,218.54,United States
866,Builders FirstSource,BLDR,7286432256,67.72,United States
867,Terex,TEX,7284339200,63.73,United States
868,Air Lease Corporation,AL,7282301440,65.0,United States
869,Victory Capital,VCTR,7277197312,118.31,United States
870,Avnet,AVT,7274127872,88.63,United States
871,Terreno Realty,TRNO,7256332800,66.59,United States
872,Navan,NAVN,7248440832,28.5,United States
873,Caris Life Sciences,CAI,7245106176,25.63,United States
874,OneMain Financial,OMF,7229206016,62.84,United States
875,Federal Signal,FSS,7210845696,118.13,United States
876,Applied Digital,APLD,7204258304,25.34,United States
877,Fannie Mae,FNMA,7191723520,6.21,United States
878,ESCO Technologies,ESE,7175360000,276.96,United States
879,Hexcel,HXL,7174397440,94.87,United States
880,Arcosa,ACA,7134237184,145.28,United States
881,Riot Platforms,RIOT,7126167040,18.99,United States
882,Fluor Corporation,FLR,7124386304,53.27,United States
883,Planet Labs,PL,7120922112,19.98,United States
884,Aura Minerals,AUGO,7086728192,84.53,United States
885,Hinge Health,HNGE,7048656896,87.35,United States
886,Scholar Rock Holding,SRRK,7039188992,57.8,United States
887,Light &amp; Wonder,LNW,7028988928,86.22,United States
888,Macerich,MAC,7006971392,23.75,United States
889,Matador Resources,MTDR,6978500096,56.39,United States
890,Campbell's,CPB,6975043584,23.39,United States
891,Urban Outfitters,URBN,6944148480,81.09,United States
892,Joby Aviation,JOBY,6904087040,6.98,United States
893,Duolingo,DUOL,6848256000,146.98,United States
894,Chemed,CHE,6840556032,523.38,United States
895,POOLCORP,POOL,6834604544,188.07,United States
896,Ralliant Corporation,RAL,6827594752,61.71,United States
897,PACS Group,PACS,6768847360,42.75,United States
898,Enact Holdings,ACT,6746323456,49.07,United States
899,Hims &amp; Hers Health,HIMS,6728758784,28.84,United States
900,WEX,WEX,6724983808,197.32,United States
901,Weatherford International,WFRD,6723377664,93.79,United States
902,Loar Holdings,LOAR,6716526592,71.69,United States
903,Matson,MATX,6707644416,224.31,United States
904,LandBridge,LB,6701805568,86.94,United States
905,Lyft,LYFT,6700163072,17.7,United States
906,EnerSys,ENS,6688656896,185.46,United States
907,Allegro MicroSystems,ALGM,6667601408,35.77,United States
908,Taylor Morrison,TMHC,6665396224,72.45,United States
909,Powell Industries,POWL,6656593920,182.71,United States
910,MSC Industrial Direct,MSM,6655761408,119.18,United States
911,Cleveland-Cliffs,CLF,6629675008,11.62,United States
912,Ingram Micro Holding Corporation,INGM,6619996672,28.7,United States
913,AutoNation,AN,6615136768,200.09,United States
914,Ingredion,INGR,6597753856,104.62,United States
915,Abercrombie &amp; Fitch,ANF,6594554368,148.42,United States
916,CG Oncology,CGON,6589524992,74.34,United States
917,Healthcare Realty Trust,HR,6589488128,18.99,United States
918,Essential Properties Realty Trust,EPRT,6585606656,30.37,United States
919,Lantheus Holdings,LNTH,6577496064,100.77,United States
920,Amdocs,DOX,6568747520,62.91,United States
921,F.N.B. Corporation,FNB,6553295872,18.41,United States
922,Gates Industrial Corp,GTES,6549021184,25.87,United States
923,Installed Building Products,IBP,6526782464,245.56,United States
924,Plains GP,PAGP,6517021696,27.97,United States
925,StepStone Group,STEP,6495503872,50.32,United States
926,United Bankshares,UBSI,6481850880,47.6,United States
927,"Mobility Global, Inc.",MBGL,6476800000,20.24,United States
928,Qualys,QLYS,6470994944,187.05,United States
929,H&amp;R Block,HRB,6468995584,52.48,United States
930,LKQ Corporation,LKQ,6459143168,25.53,United States
931,Southwest Gas,SWX,6454925824,89.1,United States
932,Rush Street Interactive,RSI,6450564096,26.41,United States
933,Plexus,PLXS,6419691008,240.87,United States
934,National Storage Affiliates Trust,NSA,6391416320,43.41,United States
935,The Trade Desk,TTD,6376273920,13.57,United States
936,Magnolia Oil &amp; Gas,MGY,6365416448,26.25,United States
937,MGIC Investment,MTG,6356818432,30.99,United States
938,Ormat Technologies,ORA,6336644608,103.04,United States
939,EnPro Industries,NPO,6328289280,298.96,United States
940,Erasca,ERAS,6306209792,18.03,United States
941,Cipher Mining,CIFR,6296015872,15.17,United States
942,GATX,GATX,6270178304,177.6,United States
943,Churchill Downs,CHDN,6266051584,89.9,United States
944,Aaon,AAON,6255757824,75.87,United States
945,Construction Partners,ROAD,6248786432,110.1,United States
946,Lumen Technologies,LUMN,6229929984,6.04,United States
947,Travere Therapeutics,TVTX,6190125056,65.67,United States
948,Credit Acceptance,CACC,6175303168,594.89,United States
949,e.l.f. Beauty,ELF,6142732288,104.1,United States
950,JBT Marel Corporation,JBTM,6136508416,118.29,United States
951,Uranium Energy,UEC,6136416768,12.4,United States
952,Terns Pharmaceuticals,TERN,6116845568,52.95,United States
953,Belite Bio,BLTE,6110089728,151.72,United States
954,Landstar System,LSTR,6109664256,180.03,United States
955,Amneal Pharmaceuticals,AMRX,6109112832,17.54,United States
956,Glacier Bancorp,GBCI,6104336384,46.88,United States
957,Rayonier,RYN,6098705408,20.38,United States
958,Netskope,NTSK,6095207936,15.09,United States
959,Albertsons,ACI,6081131008,12.53,United States
960,Eagle Materials,EXP,6060216832,197.56,United States
961,Liquidia Corporation,LQDA,6058856960,67.69,United States
962,Caesars Entertainment,CZR,6058300928,29.73,United States
963,VSE Corporation,VSEC,6056982528,215.82,United States
964,Schneider National,SNDR,6037362688,34.44,United States
965,Klaviyo,KVYO,6030488064,20.15,United States
966,Hancock Whitney,HWC,6022344704,75.07,United States
967,Cogent Biosciences,COGT,6016110592,34.67,United States
968,Starwood Property Trust,STWD,6004147200,15.81,United States
969,Brookfield Renewable,BEPC,5993000448,32.29,United States
970,Sensata Technologies,ST,5971336192,41.03,United States
971,Casella Waste Systems,CWST,5961799680,93.68,United States
972,Pegasystems,PEGA,5946526720,36.17,United States
973,Mirum Pharmaceuticals,MIRM,5943230464,97.46,United States
974,TXNM Energy,TXNM,5939577856,57.64,United States
975,Home BancShares,HOMB,5925470208,29.62,United States
976,EPAM Systems,EPAM,5922185216,114.8,United States
977,Teleflex,TFX,5918152704,139.67,United States
978,RLI Corp.,RLI,5901919232,64.31,United States
979,CLEAR Secure,YOU,5897276416,43.43,United States
980,RadNet,RDNT,5871640064,74.61,United States
981,Virtu Financial,VIRT,5862282240,66.39,United States
982,Crocs,CROX,5860326912,122.23,United States
983,Argan,AGX,5856399872,417.74,United States
984,Hamilton Lane,HLNE,5851883008,106.04,United States
985,PTC Therapeutics,PTCT,5849766912,70.09,United States
986,Associated Banc-Corp,ASB,5839231488,30.92,United States
987,Portland General Electric,POR,5833344000,49.6,United States
988,Kodiak Gas Services,KGS,5830669312,57.67,United States
989,EXL Service,EXLS,5821920256,38.4,United States
990,Red Rock Resorts,RRR,5810241024,56.97,United States
991,Atlantic Union Bankshares,AUB,5806853632,40.66,United States
992,Enova International,ENVA,5794349056,232.72,United States
993,RingCentral,RNG,5793657344,69.38,United States
994,Macy's,M,5789465600,22.01,United States
995,Boyd Gaming,BYD,5773925888,79.47,United States
996,BGC Group,BGC,5762654208,12.12,United States
997,Dolby,DLB,5760630784,61.5,United States
998,Sensient Technologies,SXT,5751087104,135.12,United States
999,Ameris Bancorp,ABCB,5743708672,85.59,United States
1000,MarketAxess,MKTX,5726587392,162.72,United States
1001,Frontdoor,FTDR,5710566400,82.89,United States
1002,Versant Media Group,VSNT,5708756992,41.02,United States
1003,Balchem,BCPC,5688313856,178.44,United States
1004,Mercury General,MCY,5682596352,102.595,United States
1005,MiniMed Group,MMED,5655133696,20.1,United States
1006,Warrior Met Coal,HCC,5653519360,107.07,United States
1007,Commvault,CVLT,5653038080,136.4,United States
1008,Nexstar Media Group,NXST,5647777792,183.32,United States
1009,Floor &amp; Decor,FND,5643968512,53.0,United States
1010,Wyndham Hotels &amp; Resorts,WH,5641529344,76.02,United States
1011,Rithm Capital,RITM,5628743168,10.08,United States
1012,Remitly,RELY,5620211200,26.55,United States
1013,Blue Owl Capital Corporation,OBDC,5608251392,11.3,United States
1014,MaxLinear,MXL,5598490624,61.73,United States
1015,Ligand Pharmaceuticals,LGND,5591738368,280.49,United States
1016,Sonoco,SON,5583471616,56.47,United States
1017,Flagstar Bank,FLG,5582998528,13.45,United States
1018,The Cheesecake Factory,CAKE,5576673792,112.07,United States
1019,Axos Financial,AX,5551426560,97.85,United States
1020,Black Hills,BKH,5551228928,72.8,United States
1021,Phillips Edison &amp; Company,PECO,5526316544,39.07,United States
1022,ADT,ADT,5508416512,7.54,United States
1023,Selective Insurance,SIGI,5507760640,92.46,United States
1024,Ozon,OZON.ME,5507153453,25.69,United States
1025,Definium Therapeutics,DFTX,5506357248,40.98,United States
1026,Sotera Health,SHC,5499172352,19.27,United States
1027,Archrock,AROC,5477564928,31.24,United States
1028,Main Street Capital,MAIN,5474920448,58.55,United States
1029,GXO Logistics,GXO,5458985472,47.6,United States
1030,Granite Construction,GVA,5443182592,122.52,United States
1031,New Jersey Resources,NJR,5438681600,53.6,United States
1032,Cirrus Logic,CRUS,5436752896,108.48,United States
1033,ACI Worldwide,ACIW,5434420736,53.83,United States
1034,Fortune Brands Innovations,FBIN,5427850240,45.5,United States
1035,Merit Medical,MMSI,5403195904,90.49,United States
1036,Xometry,XMTR,5394721280,94.11,United States
1037,Bank OZK,OZK,5386458624,49.4,United States
1038,Novanta,NOVT,5377686528,142.2,United States
1039,VF Corporation,VFC,5374149632,13.67,United States
1040,AAR,AIR,5362075136,133.19,United States
1041,CNX Resources,CNX,5355559424,36.2,United States
1042,Laureate Education,LAUR,5344674816,38.8,United States
1043,Piper Sandler,PIPR,5343380480,75.61,United States
1044,Kite Realty,KRG,5335109632,26.0,United States
1045,SAIC (Science Applications International Corp),SAIC,5325188096,125.96,United States
1046,Mercury Systems,MRCY,5324453376,88.54,United States
1047,SOLV Energy,MWH,5320747008,26.29,United States
1048,Core Scientific,CORZ,5305330688,16.51,United States
1049,First National of Nebraska,FINN,5269485056,19500.0,United States
1050,Sabra Health Care REIT,SBRA,5265087488,20.61,United States
1051,Parsons,PSN,5233464320,49.0,United States
1052,Jersey Mike's Subs,JMKE,5229455360,22.46,United States
1053,PriceSmart,PSMT,5225921024,169.34,United States
1054,Outfront Media,OUT,5213603328,29.6,United States
1055,Rigetti Computing,RGTI,5203454464,15.59,United States
1056,Impinj,PI,5196083200,170.06,United States
1057,CSW Industrials,CSW,5189475840,318.5,United States
1058,ACM Research,ACMR,5183293440,74.42,United States
1059,Liberty Broadband,LBRDA,5177567232,35.99,United States
1060,HASI (HA Sustainable Infrastructure Capita),HASI,5139831808,40.0,United States
1061,CNO Financial Group,CNO,5122908160,55.37,United States
1062,Murphy Oil,MUR,5107545088,35.63,United States
1063,Middleby,MIDD,5098819584,112.75,United States
1064,UniFirst,UNF,5097566720,281.88,United States
1065,Eastern Bankshares,EBC,5093522944,22.29,United States
1066,Sphere Entertainment,SPHR,5088239616,141.68,United States
1067,Millrose Properties,MRP,5082726912,30.61,United States
1068,Acushnet Holdings,GOLF,5075982336,86.91,United States
1069,Reynolds Consumer Products,REYN,5069522944,24.05,United States
1070,Moelis &amp; Company,MC,5067133440,68.4,United States
1071,Vail Resorts,MTN,5057466368,141.93,United States
1072,Varonis Systems,VRNS,5044672512,43.92,United States
1073,Oceaneering International,OII,5035205120,50.59,United States
1074,Herc Holdings,HRI,5034775552,150.6,United States
1075,Waystar,WAY,5031478272,26.24,United States
1076,Solaris Energy Infrastructure,SEI,5020249088,49.89,United States
1077,ACADIA Pharmaceuticals,ACAD,5015813632,29.11,United States
1078,Perimeter Solutions,PRM,5012093952,30.62,United States
1079,Core Natural Resources,CNR,5011276288,100.96,United States
1080,Bill.com,BILL,5010711552,50.31,United States
1081,ONE Gas,OGS,4995188224,79.47,United States
1082,Louisiana-Pacific,LPX,4982742016,71.26,United States
1083,Brunswick Corporation,BC,4966074880,76.64,United States
1084,Amentum,AMTM,4965925376,20.31,United States
1085,SLM Corporation (Sallie Mae),SLM,4965080064,26.41,United States
1086,Webull,BULL,4963892736,9.37,United States
1087,Materion,MTRN,4953009664,237.74,United States
1088,Choice Hotels International,CHH,4952639488,108.86,United States
1089,Global Business Travel Group,GBTG,4952099840,9.48,United States
1090,"X-Energy, Inc.",XE,4950039040,17.22,United States
1091,Iridium Communications,IRDM,4938740224,46.6,United States
1092,Celanese,CE,4938701824,45.0,United States
1093,Enphase Energy,ENPH,4922387968,37.25,United States
1094,Graham Holdings,GHC,4917301760,1161.13,United States
1095,TFS Financial,TFSL,4916161536,17.53,United States
1096,Champion Homes,SKY,4897154048,90.22,United States
1097,International Seaways,INSW,4894189056,98.81,United States
1098,BETA Technologies,BETA,4887641600,20.16,United States
1099,Spire Inc.,SR,4880353280,82.56,United States
1100,Avis Budget Group,CAR,4879192576,138.12,United States
1101,Cactus Inc,WHD,4856915456,69.65,United States
1102,Cousins Properties,CUZ,4846620672,29.44,United States
1103,Parabilis Medicines,PBLS,4831385088,39.11,United States
1104,Dave Inc.,DAVE,4828597248,378.55,United States
1105,Icahn Enterprises,IEP,4820004352,6.78,United States
1106,Radian Group,RDN,4817091072,36.41,United States
1107,Federated Hermes,FHI,4808868864,64.41,United States
1108,"Box, Inc.",BOX,4799282688,34.98,United States
1109,KBR,KBR,4794356224,38.03,United States
1110,First Financial Bankshares,FFIN,4785705472,33.39,United States
1111,Greif,GEF,4779793408,84.08,United States
1112,Gentex,GNTX,4776190976,22.67,United States
1113,Doximity,DOCS,4764514816,26.73,United States
1114,ESAB,ESAB,4749051904,76.43,United States
1115,UFP Industries,UFPI,4744439808,86.01,United States
1116,Patterson-UTI Energy,PTEN,4740614144,12.43,United States
1117,Haemonetics,HAE,4729873408,103.96,United States
1118,ServisFirst Bancshares,SFBS,4723705344,43.2,United States
1119,Alaska Airlines,ALK,4723043840,42.32,United States
1120,LifeStance Health Group,LFST,4703105024,12.31,United States
1121,Chefs' Warehouse,CHEF,4691549696,115.0,United States
1122,Boot Barn Holdings,BOOT,4689608192,154.85,United States
1123,Vishay Intertechnology,VSH,4687267328,30.56,United States
1124,Dyne Therapeutics,DYN,4681733120,25.07,United States
1125,Tutor Perini Corporation,TPC,4674290176,88.84,United States
1126,Trex,TREX,4662369792,45.77,United States
1127,Neptune Insurance Holdings,NP,4648084480,33.87,United States
1128,California Resources Corporation,CRC,4639063040,52.23,United States
1129,Robert Half,RHI,4638014464,45.31,United States
1130,Meritage Homes,MTH,4631270912,71.06,United States
1131,Alliance Laundry Holdings,ALH,4617870336,23.23,United States
1132,Century Aluminum,CENX,4612097536,46.59,United States
1133,Tidewater,TDW,4608422400,92.62,United States
1134,Hagerty,HGTY,4607816192,13.42,United States
1135,MYR Group,MYRG,4583898624,294.42,United States
1136,Brink's,BCO,4569858560,110.97,United States
1137,Insight Enterprises,NSIT,4568148480,155.65,United States
1138,EPR Properties,EPR,4562061312,59.55,United States
1139,Nelnet,NNI,4557227520,127.37,United States
1140,Griffon Corporation,GFF,4539879424,98.98,United States
1141,Paymentus,PAY,4532568064,35.99,United States
1142,Fulton Financial,FULT,4519902208,23.675,United States
1143,Tanger Inc.,SKT,4510315520,37.73,United States
1144,Ondas Holdings,ONDS,4507363328,7.9,United States
1145,Belden,BDC,4502198272,115.21,United States
1146,Broadstone Net Lease,BNL,4489989632,21.09,United States
1147,EquipmentShare.com,EQPT,4487288320,17.71,United States
1148,Rumble,RUM,4452375552,8.98,United States
1149,Silgan Holdings,SLGN,4449212928,42.1,United States
1150,Franklin Electric,FELE,4445904896,100.56,United States
1151,Korn Ferry,KFY,4431007232,86.28,United States
1152,Vontier,VNT,4429151744,32.76,United States
1153,Archer Aviation,ACHR,4427654144,5.75,United States
1154,Delek US,DK,4424024576,72.25,United States
1155,SL Green Realty,SLG,4414942208,57.54,United States
1156,CCC Intelligent Solutions,CCC,4411570176,7.49,United States
1157,International Bancshares Corp,IBOC,4411244032,70.93,United States
1158,USA Rare Earth,USAR,4402514432,17.99,United States
1159,BillionToOne,BLLN,4399719424,93.24,United States
1160,ICU Medical,ICUI,4378732544,175.1,United States
1161,Ollie's Bargain Outlet,OLLI,4378027520,72.42,United States
1162,Excelerate Energy,EE,4372785152,38.56,United States
1163,Brady Corporation,BRC,4372537856,92.81,United States
1164,Cavco Industries,CVCO,4370656256,568.4,United States
1165,Concentra Group,CON,4368757248,34.26,United States
1166,Travel + Leisure,TNL,4363897344,71.21,United States
1167,Envista,NVST,4357558272,27.13,United States
1168,Fervo Energy Company,FRVO,4353652736,14.77,United States
1169,CommScope,COMM,4337923584,19.58,United States
1170,NorthWestern Energy,NWE,4325935104,70.32,United States
1171,Mattel,MAT,4325497856,15.14,United States
1172,Cabot Corporation,CBT,4318934016,83.65,United States
1173,Victoria's Secret &amp; Co,VSCO,4312813568,54.3,United States
1174,Workiva,WK,4307065344,79.15,United States
1175,Americold,COLD,4305571840,15.01,United States
1176,Texas Capital Bancshares,TCBI,4288311552,98.64,United States
1177,OPENLANE Corporate,OPLN,4283431424,35.09,United States
1178,Itron,ITRI,4270521856,97.53,United States
1179,UWM Holdings,UWMC,4270327296,1.49,United States
1180,MIAX (Miami International Holdings),MIAX,4266928640,43.0,United States
1181,Integer Holdings,ITGR,4260223488,125.33,United States
1182,Cohen &amp; Steers,CNS,4254103552,82.73,United States
1183,Kilroy Realty,KRC,4252594688,36.21,United States
1184,Helmerich &amp; Payne,HP,4252401920,42.55,United States
1185,Geo Group,GEO,4248679936,32.28,United States
1186,FTI Consulting,FCN,4245003776,153.74,United States
1187,Enliven Therapeutics,ELVN,4239446272,57.86,United States
1188,COPT Defense Properties,CDP,4238748672,36.59,United States
1189,Pattern Group,PTRN,4214980864,21.17,United States
1190,United Community Bank,UCB,4213291264,35.18,United States
1191,SiteOne Landscape Supply,SITE,4207943168,96.39,United States
1192,Kontoor Brands,KTB,4207782144,76.99,United States
1193,CVR Energy,CVI,4198157568,41.76,United States
1194,"Calumet, Inc.",CLMT,4197140480,47.75,United States
1195,Comstock Resources,CRK,4195837440,14.29,United States
1196,Sezzle,SEZL,4179742976,124.12,United States
1197,Cinemark Theatres,CNK,4171667968,35.99,United States
1198,MDU Resources,MDU,4162816000,19.79,United States
1199,AZZ,AZZ,4157324288,138.34,United States
1200,HeartFlow,HTFL,4154643968,47.78,United States
1201,Tenable,TENB,4148973056,37.67,United States
1202,Cathay General Bancorp,CATY,4127584000,61.87,United States
1203,MARA Holdings,MARA,4121813504,10.67,United States
1204,Indivior PLC,INDV,4115135744,34.87,United States
1205,Relay Therapeutics,RLAY,4113288448,18.77,United States
1206,Lemonade,LMND,4098924800,52.96,United States
1207,Avient,AVNT,4097112320,44.67,United States
1208,Valvoline,VVV,4095183616,32.11,United States
1209,Veradermics,MANE,4091528704,97.93,United States
1210,CECO Environmental,CECO,4080560128,69.67,United States
1211,Bread Financial,BFH,4062453248,105.74,United States
1212,Q2,QTWO,4061161216,65.13,United States
1213,Diodes Incorporated,DIOD,4052549888,88.0,United States
1214,Planet Fitness,PLNT,4045039360,53.33,United States
1215,WSFS Financial,WSFS,4023680512,78.3,United States
1216,Thor Industries,THO,4009458688,77.02,United States
1217,Tri Pointe Homes,TPH,3998444288,46.95,United States
1218,Primoris Services Corporation,PRIM,3967121152,73.12,United States
1219,iRhythm,IRTC,3963801344,120.25,United States
1220,Par Pacific Holdings,PARR,3950355712,78.85,United States
1221,Independence Realty Trust,IRT,3941901824,16.31,United States
1222,Grand Canyon Education,LOPE,3940772864,151.19,United States
1223,Tango Therapeutics,TNGX,3935365888,23.34,United States
1224,Badger Meter,BMI,3930906368,135.61,United States
1225,Apple Hospitality REIT,APLE,3907168512,16.55,United States
1226,CVB Financial,CVBF,3905383168,22.19,United States
1227,USA Compression Partners,USAC,3903324416,26.93,United States
1228,Atmus Filtration Technologies,ATMU,3894554624,47.73,United States
1229,Braze,BRZE,3889171456,34.53,United States
1230,Independent Bank Corp.,INDB,3887108352,82.06,United States
1231,WaterBridge Infrastructure,WBI,3881463296,31.44,United States
1232,WesBanco,WSBC,3876515840,40.42,United States
1233,Bath &amp; Body Works,BBWI,3875622656,19.22,United States
1234,Newmark,NMRK,3874169856,15.83,United States
1235,Telephone and Data Systems,TDS,3873653504,33.65,United States
1236,Amylyx Pharmaceuticals,AMLX,3870836992,34.74,United States
1237,IDEAYA Biosciences,IDYA,3870193408,40.11,United States
1238,Howard Hughes Holdings,HHH,3869923328,64.8,United States
1239,Post Holdings,POST,3868282368,85.35,United States
1240,Legend Biotech,LEGN,3866429440,19.88,United States
1241,Catalyst Pharmaceuticals,CPRX,3854925568,31.49,United States
1242,AXT Inc,AXTI,3844557568,58.63,United States
1243,"GPGI, Inc.",GPGI,3841043456,13.25,United States
1244,SkyWest,SKYW,3838956544,98.87,United States
1245,Dorman Products,DORM,3838541312,129.35,United States
1246,Denali Therapeutics,DNLI,3836337664,24.0,United States
1247,St. Joe Company,JOE,3832558080,67.32,United States
1248,M/I Homes,MHO,3827851008,151.4,United States
1249,Universal Display Corporation,OLED,3814328320,82.98,United States
1250,Otter Tail,OTTR,3813969920,90.84,United States
1251,NuScale Power,SMR,3812518656,9.29,United States
1252,PennyMac Financial Services,PFSI,3812206336,73.38,United States
1253,Mueller Water Products,MWA,3806343936,24.38,United States
1254,Asbury Automotive Group,ABG,3798984448,211.62,United States
1255,WillScot,WSC,3786891008,20.9,United States
1256,Marriott Vacations Worldwide,VAC,3786580736,110.09,United States
1257,Interparfums,IPAR,3771996416,117.78,United States
1258,Genworth Financial,GNW,3770953216,9.98,United States
1259,Renasant Corp,RNST,3755809536,41.09,United States
1260,Viking Therapeutics,VKTX,3751558400,32.16,United States
1261,Seaboard Corporation,SEB,3748052992,3913.21,United States
1262,Cal-Maine Foods,CALM,3746287616,80.21,United States
1263,Synaptics,SYNA,3718292224,95.08,United States
1264,BancFirst,BANF,3714341376,110.55,United States
1265,Madison Square Garden Entertainment,MSGE,3703999744,78.3,United States
1266,Ethos Technologies,LIFE,3703197952,38.64,United States
1267,WisdomTree,WT,3701441024,24.43,United States
1268,Arcus Biosciences,RCUS,3673833984,29.21,United States
1269,Fastly,FSLY,3670272256,23.04,United States
1270,Energy Fuels,UUUU,3666986496,14.67,United States
1271,Freddie Mac,FMCC,3653334784,5.62,United States
1272,Knife River Corporation,KNF,3646481920,64.24,United States
1273,Bright Horizons,BFAM,3638406912,74.81,United States
1274,Polaris,PII,3629306624,63.78,United States
1275,Iovance Biotherapeutics,IOVA,3628301312,8.01,United States
1276,Standex International,SXI,3616933120,298.44,United States
1277,Freshworks,FRSH,3616361728,13.86,United States
1278,First Advantage,FA,3613698048,21.04,United States
1279,RXO,RXO,3613531392,21.91,United States
1280,Organon,OGN,3613506048,13.76,United States
1281,Stride (K12 Education),LRN,3609056768,86.84,United States
1282,Nicolet Bankshares,NIC,3599243264,171.74,United States
1283,Bel Fuse,BELFB,3590946816,248.69,United States
1284,Mirion Technologies,MIR,3586213888,14.4,United States
1285,Option Care Health,OPCH,3579867392,23.9,United States
1286,Adtalem Global Education,ATGE,3579815168,98.54,United States
1287,Park National Corp,PRK,3578871296,198.12,United States
1288,LXP Industrial Trust,LXP,3578116352,60.69,United States
1289,Atlanta Braves Holdings,BATRA,3575435264,55.72,United States
1290,GRAIL,GRAL,3573298688,80.0,United States
1291,The Vita Coco Company,COCO,3570796800,61.71,United States
1292,Kadant,KAI,3569187328,302.24,United States
1293,Axcelis Technologies,ACLS,3568973568,115.57,United States
1294,American States Water,AWR,3562449664,89.88,United States
1295,Firefly Aerospace,FLY,3559022592,21.26,United States
1296,HNI Corporation,HNI,3546291968,49.13,United States
1297,Life360,LIF,3543581440,43.49,United States
1298,National Health Investors,NHI,3537424384,72.03,United States
1299,First Interstate BancSystem,FIBK,3530082816,37.04,United States
1300,Peabody Energy,BTU,3525348096,28.92,United States
1301,Mechanics Bancorp,MCHB,3518467328,15.89,United States
1302,ScottsMiracle-Gro,SMG,3518251008,60.43,United States
1303,PVH Corp.,PVH,3511592448,76.16,United States
1304,Centrus Energy,LEU,3507313408,175.78,United States
1305,Highwoods Properties,HIW,3498875648,31.15,United States
1306,CorVel Corporation,CRVL,3497767424,69.24,United States
1307,Palomar Holdings,PLMR,3488704768,131.63,United States
1308,National Healthcare,NHC,3487792640,222.7,United States
1309,Veracyte,VCYT,3484134144,43.34,United States
1310,National Energy Services Reunited,NESR,3473334272,34.44,United States
1311,Shift4 Payments,FOUR,3471086848,43.96,United States
1312,TowneBank,TOWN,3459927040,37.43,United States
1313,QuantumScape,QS,3450963968,5.61,United States
1314,Curbline Properties,CURB,3449990400,29.99,United States
1315,First Financial Bank,FFBC,3445080832,32.82,United States
1316,United States Lime &amp; Minerals,USLM,3441456128,119.96,United States
1317,AllianceBernstein,AB,3432614144,36.88,United States
1318,Graphic Packaging,GPK,3422587648,11.56,United States
1319,NCR Atleos Corporation,NATL,3418472192,46.26,United States
1320,Ashland,ASH,3405652992,74.37,United States
1321,Hilton Grand Vacations,HGV,3405094912,43.81,United States
1322,Freshpet,FRPT,3403472640,70.82,United States
1323,Exponent,EXPO,3400971264,71.53,United States
1324,Magnite,MGNI,3399152640,23.7,United States
1325,Acadian Asset Management,AAMI,3398534656,95.76,United States
1326,Pulse Biosciences,PLSE,3392816384,47.57,United States
1327,Lionsgate Studios,LION,3392180224,11.4,United States
1328,FS KKR Capital,FSK,3387931904,12.26,United States
1329,Golub Capital,GBDC,3383260160,13.03,United States
1330,Structure Therapeutics,GPCR,3377947904,47.37,United States
1331,NMI Holdings,NMIH,3370511872,44.81,United States
1332,Alliance Resource Partners,ARLP,3368287488,26.18,United States
1333,KB Home,KBH,3363451648,54.86,United States
1334,CoreCivic,CXW,3343588864,33.81,United States
1335,Seacoast Banking,SBCF,3327799552,34.37,United States
1336,Intapp,INTA,3325939968,43.47,United States
1337,Agilysys,AGYS,3324898304,117.88,United States
1338,Community Financial System,CBU,3323220480,63.16,United States
1339,Cushman &amp; Wakefield,CWK,3314157568,14.12,United States
1340,BankUnited,BKU,3304463872,46.39,United States
1341,OSI Systems,OSIS,3294248192,206.64,United States
1342,Simmons First National,SFNC,3279017984,22.69,United States
1343,Hercules Capital,HTGC,3271626752,17.48,United States
1344,Dana Incorporated,DAN,3264952320,30.35,United States
1345,CarGurus,CARG,3256526592,36.56,United States
1346,Astronics Corporation,ATRO,3256216320,75.71,United States
1347,IPG Photonics,IPGP,3255168256,76.53,United States
1348,"Atlanta Braves Holdings, Inc.",BATRK,3243687168,50.55,United States
1349,Tegna,TGNA,3243011584,20.03,United States
1350,Steve Madden,SHOO,3237354752,44.24,United States
1351,TriNet,TNET,3225725696,70.27,United States
1352,"Csquare, Inc.",CSQR,3209370624,19.26,United States
1353,Dynex Capital,DX,3203834880,12.91,United States
1354,Ionic Digital,IOND,3203346944,71.31,United States
1355,Fermi Inc.,FRMI,3202336768,5.0,United States
1356,Liftoff Mobile,LFTO,3202059008,18.91,United States
1357,Chesapeake Utilities,CPK,3199168000,132.71,United States
1358,Opendoor,OPEN,3194889472,3.29,United States
1359,Park Hotels &amp; Resorts,PK,3187185920,15.83,United States
1360,Delek Logistics Partners,DKL,3166714112,54.79,United States
1361,Atkore,ATKR,3161110784,93.6,United States
1362,SoundHound AI,SOUN,3157621248,7.11,United States
1363,Avista,AVA,3154131712,37.66,United States
1364,Green Brick Partners,GRBK,3153114112,73.31,United States
1365,Tarsus Pharmaceuticals,TARS,3149043968,71.76,United States
1366,Group 1 Automotive,GPI,3146871552,263.95,United States
1367,UCT (Ultra Clean Holdings),UCTT,3145848064,69.48,United States
1368,IAC Inc.,IAC,3142127872,42.24,United States
1369,Perpetua Resources,PPTA,3141155584,25.11,United States
1370,First Hawaiian Bank,FHB,3138143488,25.79,United States
1371,Black Stone Minerals,BSM,3137480960,14.75,United States
1372,The Marzetti Company,MZTI,3134098432,114.84,United States
1373,Immunome,IMNM,3131335168,27.57,United States
1374,Maximus,MMS,3128376320,59.75,United States
1375,California Water Service Group,CWT,3121637632,50.48,United States
1376,Gulfport Energy,GPOR,3118903296,176.37,United States
1377,Liberty Energy,LBRT,3103900928,19.02,United States
1378,Tootsie Roll Industries,TR,3101979392,41.27,United States
1379,Ambarella,AMBA,3098409728,70.63,United States
1380,Wingstop Restaurants,WING,3094208512,113.58,United States
1381,Warby Parker,WRBY,3090201344,25.0,United States
1382,Artisan Partners,APAM,3086214912,43.47,United States
1383,Disc Medicine,IRON,3072579328,80.03,United States
1384,Celldex Therapeutics,CLDX,3072075264,39.12,United States
1385,TransMedics Group,TMDX,3066322944,88.43,United States
1386,Provident Financial Services,PFS,3066235648,23.51,United States
1387,Plug Power,PLUG,3059857664,2.19,United States
1388,SPS Commerce,SPSC,3057134848,84.92,United States
1389,ArcBest,ARCB,3051853824,136.54,United States
1390,Brighthouse Financial,BHF,3050413312,53.04,United States
1391,National Beverage,FIZZ,3049882624,32.58,United States
1392,Bank of Hawaii,BOH,3049121024,77.29,United States
1393,Appian,APPN,3044889088,42.51,United States
1394,YETI Holdings,YETI,3034144512,41.57,United States
1395,MBX Biosciences,MBX,3034086144,63.0,United States
1396,H.B. Fuller,FUL,3030920704,56.35,United States
1397,Beam Therapeutics,BEAM,3028394240,29.32,United States
1398,Acadia Realty Trust,AKR,3020891392,20.72,United States
1399,"Hayward Holdings, Inc.",HAYW,3001491968,14.15,United States
1400,CleanSpark,CLSK,2994487040,11.66,United States
1401,Shake Shack,SHAK,2990000384,69.89,United States
1402,Arcutis Biotherapeutics,ARQT,2988954880,23.78,United States
1403,DigitalBridge Group,DBRG,2986799872,15.93,United States
1404,Resideo Technologies,REZI,2980763904,19.63,United States
1405,Baldwin Insurance Group,BWIN,2971007488,30.68,United States
1406,Columbia Sportswear,COLM,2969716992,58.01,United States
1407,AvePoint,AVPT,2961915904,14.0,United States
1408,CBIZ,CBZ,2957924096,54.51,United States
1409,MGE Energy,MGEE,2949890560,78.15,United States
1410,Banc of California,BANC,2946844672,18.6,United States
1411,Extreme Networks,EXTR,2946479104,22.58,United States
1412,Urban Edge Properties,UE,2945127680,21.39,United States
1413,Harley-Davidson,HOG,2924437504,28.1,United States
1414,Knowles,KN,2923595520,34.23,United States
1415,WD-40 Company,WDFC,2914659328,217.17,United States
1416,Aveanna Healthcare,AVAH,2907631872,13.32,United States
1417,ManpowerGroup,MAN,2901593088,62.39,United States
1418,Alumis,ALMS,2896760576,22.38,United States
1419,FB Financial,FBK,2891235072,57.85,United States
1420,Crane NXT,CXT,2885548288,50.13,United States
1421,DXP Enterprises,DXPE,2884948224,185.92,United States
1422,Infleqtion,INFQ,2884570368,12.8,United States
1423,DNOW Inc.,DNOW,2879919360,15.93,United States
1424,Power Integrations,POWI,2878033408,51.51,United States
1425,Digi International,DGII,2875329280,75.77,United States
1426,Kyndryl,KD,2875201024,13.2,United States
1427,Alpha Metallurgical Resources,AMR,2868380416,226.23,United States
1428,Quaker Houghton,KWR,2854929920,165.91,United States
1429,Maravai LifeSciences,MRVI,2844347136,7.68,United States
1430,NETSCOUT,NTCT,2839947776,39.06,United States
1431,Adeia,ADEA,2836405504,25.72,United States
1432,Upstart,UPST,2829863424,29.08,United States
1433,Restoration Hardware,RH,2829280768,149.49,United States
1434,American Eagle Outfitters,AEO,2826962176,16.87,United States
1435,Alignment Healthcare,ALHC,2825266688,13.62,United States
1436,Alarm.com,ALRM,2821215488,57.47,United States
1437,Worthington Enterprises,WOR,2804483328,57.32,United States
1438,Callaway Golf Company,CALY,2800830208,15.69,United States
1439,Brookdale Senior Living,BKD,2798938112,11.72,United States
1440,Talos Energy,TALO,2783314432,16.67,United States
1441,United Natural Foods,UNFI,2771776512,45.8,United States
1442,Titan America,TTAM,2769287680,15.02,United States
1443,Four Corners Property Trust,FCPT,2769154048,25.23,United States
1444,Axogen,AXGN,2767105024,51.47,United States
1445,ABM Industries,ABM,2765019648,47.2,United States
1446,Soleno Therapeutics,SLNO,2762888960,53.01,United States
1447,Select Water Solutions,WTTR,2751907072,19.28,United States
1448,Boise Cascade,BCC,2747694080,78.75,United States
1449,Slide Insurance,SLDE,2742739200,23.48,United States
1450,McGrath RentCorp,MGRC,2742513408,112.28,United States
1451,Central Garden &amp; Pet,CENT,2741555712,43.8,United States
1452,Northern Oil and Gas,NOG,2741509120,25.73,United States
1453,John Wiley &amp; Sons,WLY,2726512384,53.71,United States
1454,Visteon,VC,2723467520,102.02,United States
1455,Nurix Therapeutics,NRIX,2720117760,26.21,United States
1456,Redwire,RDW,2717419520,10.87,United States
1457,Grindr,GRND,2709863680,15.59,United States
1458,Veeco,VECO,2703478016,44.295,United States
1459,Academy Sports + Outdoors,ASO,2697799168,43.5,United States
1460,Trustmark,TRMK,2694102528,46.27,United States
1461,Whirlpool,WHR,2682954496,41.15,United States
1462,Patrick Industries,PATK,2680911616,83.47,United States
1463,"The Bancorp, Inc.",TBBK,2679693056,65.7,United States
1464,NBT Bancorp,NBTB,2678541056,51.55,United States
1465,Trump Media &amp; Technology Group,DJT,2677964288,9.635,United States
1466,Teradata,TDC,2675610112,28.77,United States
1467,WaFd Bank,WAFD,2670488320,36.09,United States
1468,SELLAS Life Sciences,SLS,2667702784,13.21,United States
1469,Ducommun,DCO,2662091008,176.3,United States
1470,H2O America,HTO,2659999744,63.55,United States
1471,Acadia Healthcare,ACHC,2658012672,28.55,United States
1472,Privia Health Group,PRVA,2655594240,20.79,United States
1473,Customers Bancorp,CUBI,2653850880,78.58,United States
1474,BKV Corporation,BKV,2651678720,24.23,United States
1475,First Bancorp,FBNC,2647536384,63.99,United States
1476,Aehr Test Systems,AEHR,2636058368,80.81,United States
1477,First Merchants Corporation,FRME,2633263616,41.93,United States
1478,Beacon Financial Corporation,BBT,2630987008,31.39,United States
1479,"Lincoln International, Inc.",LCLN,2628029952,24.98,United States
1480,Newell Brands,NWL,2627803136,6.17,United States
1481,Euronet Worldwide,EEFT,2616381440,69.95,United States
1482,Viridian Therapeutics,VRDN,2614785536,23.08,United States
1483,Sunshine Silver Mining & Refining Company,SSMR,2608637952,18.15,United States
1484,Diamondrock Hospitality Company,DRH,2608441600,12.7,United States
1485,NextNav,NN,2592920064,15.36,United States
1486,Advance Auto Parts,AAP,2588123136,42.9,United States
1487,CareDx,CDNA,2575847168,49.79,United States
1488,GeneDx Holdings,WGS,2574728960,86.335,United States
1489,FIGS,FIGS,2561882624,15.42,United States
1490,Benchmark Electronics,BHE,2561450240,71.31,United States
1491,Curaleaf,CURLF,2558616576,9.66,United States
1492,Kaiser Aluminum,KALU,2556670976,156.38,United States
1493,Goosehead Insurance,GSHD,2546703616,71.26,United States
1494,Five9,FIVN,2544336128,34.05,United States
1495,Supernus Pharmaceuticals,SUPN,2543686656,43.73,United States
1496,Neogen,NEOG,2543116032,11.66,United States
1497,Huron Consulting,HURN,2543065856,159.84,United States
1498,InvenTrust Properties,IVT,2538198016,32.55,United States
1499,Penguin Solutions,PENG,2537026048,49.51,United States
1500,Ultragenyx Pharmaceutical,RARE,2524861184,25.61,United States
1501,Sonic Automotive,SAH,2519067392,79.68,United States
1502,PHINIA,PHIN,2515204864,68.65,United States
1503,Hawkins,HWKN,2512320256,120.35,United States
1504,BioCryst Pharmaceuticals,BCRX,2509354752,9.82,United States
1505,Coty,COTY,2509329152,2.85,United States
1506,Kayne Anderson Capital Advisors,KYN,2508139008,14.83,United States
1507,LCI Industries,LCII,2503112960,102.96,United States
1508,StubHub Holdings,STUB,2502689280,6.55,United States
1509,First Busey,BUSE,2501256192,30.29,United States
1510,Ouster,OUST,2496528896,34.62,United States
1511,Precigen,PGEN,2488344832,6.95,United States
1512,Prestige Consumer Healthcare,PBH,2485741056,52.47,United States
1513,Stock Yards Bancorp,SYBT,2480360704,79.84,United States
1514,nLIGHT,LASR,2477217024,42.94,United States
1515,Nektar Therapeutics,NKTR,2476049664,72.52,United States
1516,AtriCure,ATRC,2469050112,48.54,United States
1517,Intuitive Machines,LUNR,2466151936,15.37,United States
1518,Vera Therapeutics,VERA,2463845376,34.19,United States
1519,Merchants Bancorp,MBIN,2453552640,53.41,United States
1520,Medical Properties Trust,MPT,2442547968,4.09,United States
1521,Atrium Therapeutics,RNA,2438628096,15.47,United States
1522,V2X,VVX,2435220992,77.69,United States
1523,Uniti,UNIT,2432105984,10.02,United States
1524,nCino,NCNO,2430874624,22.99,United States
1525,Hub Group,HUBG,2422290688,39.61,United States
1526,Payoneer,PAYO,2409229568,7.11,United States
1527,Helios Technologies,HLIO,2408028160,73.08,United States
1528,Federal Agricultural Mortgage Corporation,AGM,2403226112,221.43,United States
1529,Banner Bank,BANR,2395936000,70.5,United States
1530,Trevi Therapeutics,TRVI,2392169472,16.79,United States
1531,Peloton,PTON,2391851264,5.45,United States
1532,Ingevity,NGVT,2386859008,69.43,United States
1533,Kodiak Sciences,KOD,2370681600,37.72,United States
1534,Douglas Emmett,DEI,2364707584,11.76,United States
1535,Skyward Specialty Insurance Group,SKWD,2363255296,58.29,United States
1536,Calix,CALX,2360519936,37.49,United States
1537,Pitney Bowes,PBI,2359322368,17.21,United States
1538,Chemours,CC,2350794240,15.62,United States
1539,Innospec,IOSP,2349309184,95.38,United States
1540,Asana,ASAN,2348894976,10.19,United States
1541,Rapport Therapeutics,RAPP,2339901184,48.77,United States
1542,Nuvation Bio,NUVB,2338480640,6.66,United States
1543,Mister Car Wash,MCW,2335151104,7.1,United States
1544,Trinity Industries,TRN,2331926016,29.27,United States
1545,PENN Entertainment,PENN,2330830592,17.36,United States
1546,Biohaven,BHVN,2327584512,15.41,United States
1547,UFP Technologies,UFPT,2324124160,300.05,United States
1548,NeoGenomics,NEO,2318981632,18.05,United States
1549,HCI Group,HCI,2317236480,186.29,United States
1550,Blackstone Mortgage Trust,BXMT,2314103296,13.73,United States
1551,AMC Entertainment,AMC,2311845888,2.59,United States
1552,ARMOUR Residential REIT,ARR,2310145536,16.32,United States
1553,Vertex,VERX,2307550976,14.225,United States
1554,Werner Enterprises,WERN,2304322304,38.42,United States
1555,Enterprise Financial Services Corp,EFSC,2301482240,63.59,United States
1556,CSG International,CSGS,2300464128,80.69,United States
1557,LiveRamp,RAMP,2294402816,37.74,United States
1558,Applied Aerospace &amp; Defense,AADX,2292833792,13.3,United States
1559,Diebold Nixdorf,DBD,2286302720,67.35,United States
1560,Flywire,FLYW,2286135552,18.79,United States
1561,Harmony Biosciences,HRMY,2283448832,39.21,United States
1562,ePlus,PLUS,2277171712,87.28,United States
1563,Ocular Therapeutix,OCUL,2275220480,10.36,United States
1564,Cohu,COHU,2272244736,48.0,United States
1565,Standard Nuclear,STDN,2265496832,14.1,United States
1566,Mineralys Therapeutics,MLYS,2263216384,25.6,United States
1567,Bob's Discount Furniture,BOBS,2262193152,17.31,United States
1568,Western Union,WU,2258003712,7.24,United States
1569,Kennametal,KMT,2251510016,29.54,United States
1570,Clover Health Investments,CLOV,2246790912,4.23,United States
1571,Northwest Bancshares,NWBI,2245722624,15.34,United States
1572,Butterfly Network,BFLY,2244784128,8.43,United States
1573,Minerals Technologies,MTX,2243761152,72.08,United States
1574,Rogers Corporation,ROG,2242833408,125.52,United States
1575,Buckle,BKE,2237339648,43.43,United States
1576,"Interface, Inc.",TILE,2229941760,38.58,United States
1577,Quantinuum Inc.,QNT,2229901824,71.1,United States
1578,Trulieve Cannabis,TRUL.CN,2227958461,11.5854,United States
1579,Day One Biopharmaceuticals,DAWN,2224784640,21.53,United States
1580,Hycroft Mining,HYMC,2220053504,23.825,United States
1581,Dentsply Sirona,XRAY,2216815104,11.12,United States
1582,OFG Bancorp,OFG,2215980032,52.43,United States
1583,LendingClub,LC,2215891200,19.21,United States
1584,Blackbaud,BLKB,2206866432,48.62,United States
1585,Hilltop Holdings,HTH,2205527040,38.5,United States
1586,Sarepta Therapeutics,SRPT,2203379712,20.86,United States
1587,Monarch Casino &amp; Resort,MCRI,2196763392,122.57,United States
1588,"The Andersons, Inc.",ANDE,2193462528,64.56,United States
1589,LTC Properties,LTC,2189644032,40.62,United States
1590,NGL Energy Partners,NGL,2186746368,17.52,United States
1591,Alkami Technology,ALKT,2162366720,20.22,United States
1592,Pediatrix Medical Group,MD,2162149632,26.61,United States
1593,Palvella Therapeutics,PVLA,2160828928,149.97,United States
1594,Allegiant Travel Company,ALGT,2158042624,78.94,United States
1595,Addus HomeCare,ADUS,2157815296,115.55,United States
1596,Stagwell,STGW,2136715392,8.74,United States
1597,Stewart Information Services,STC,2133807104,69.91,United States
1598,UroGen Pharma,URGN,2132170112,43.62,United States
1599,Alamar Biosciences,ALMR,2131051904,30.71,United States
1600,Dorian LPG,LPG,2129721728,49.78,United States
1601,Under Armour,UA,2121954944,4.94,United States
1602,Global Net Lease,GNL,2118871552,9.16,United States
1603,Midera Food Processing,MFP,2115428480,46.77,United States
1604,First Commonwealth Financial Corp,FCF,2107016192,20.85,United States
1605,Sunstone Hotel Investors,SHO,2106744832,11.33,United States
1606,Innovex International,INVX,2105767680,30.11,United States
1607,Kailera Therapeutics,KLRA,2101523968,16.21,United States
1608,Perdoceo Education,PRDO,2100711808,33.57,United States
1609,Encore Capital Group,ECPG,2098454784,98.94,United States
1610,Vericel,VCEL,2096910976,40.95,United States
1611,Hemab Therapeutics Holdings,COAG,2094571264,44.84,United States
1612,Sunrun,RUN,2094462592,8.78,United States
1613,Custom Truck One Source,CTOS,2093050880,9.2,United States
1614,Voyager Technologies,VOYG,2092686464,34.29,United States
1615,ADMA Biologics,ADMA,2092016896,9.34,United States
1616,Mach Natural Resources LP,MNR,2088520704,12.51,United States
1617,Netstreit,NTST,2086510592,20.47,United States
1618,Pebblebrook Hotel Trust,PEB,2086461824,18.49,United States
1619,NW Natural Holdings,NWN,2083630080,49.5,United States
1620,1st Source,SRCE,2080910720,86.41,United States
1621,Horace Mann Educators,HMN,2079729152,51.35,United States
1622,Ichor Systems,ICHR,2076649600,55.445,United States
1623,DoubleVerify,DV,2073733888,13.38,United States
1624,Driven Brands,DRVN,2057298304,12.47,United States
1625,Centuri Holdings,CTRI,2051569280,20.32,United States
1626,Select Medical Holdings,SEM,2046298112,16.51,United States
1627,Insperity,NSP,2044974848,53.54,United States
1628,Utz Brands,UTZ,2044263296,14.2,United States
1629,Stoke Therapeutics,STOK,2040319744,31.62,United States
1630,Spectrum Brands,SPB,2039249408,88.68,United States
1631,Zenas BioPharma,ZBIO,2038076160,31.27,United States
1632,Getty Realty,GTY,2035727744,32.87,United States
1633,EZCorp,EZPW,2027631360,33.0,United States
1634,Fluence Energy,FLNC,2022694016,10.88,United States
1635,City Holding Company,CHCO,2015900032,143.46,United States
1636,Thermon Group,THR,2013932928,61.14,United States
1637,Gorman-Rupp,GRC,2012988800,76.22,United States
1638,Alamo Group,ALG,2011495424,165.27,United States
1639,PC Connection,CNXN,2010719360,79.67,United States
1640,Progyny,PGNY,1994896768,26.0,United States
1641,Agios Pharmaceuticals,AGIO,1989266560,33.32,United States
1642,Keel Infrastructure,KEEL,1988585728,3.22,United States
1643,Kohl's,KSS,1984499840,17.5,United States
1644,Expro Group,XPRO,1978468608,17.61,United States
1645,Preformed Line Products,PLPC,1975279616,404.05,United States
1646,Porch Group,PRCH,1975245184,17.4,United States
1647,Lucid Motors,LCID,1974291712,5.01,United States
1648,Hawaiian Electric Industries,HE,1969099136,11.4,United States
1649,Generate Biomedicines,GENB,1967642752,15.33,United States
1650,Century Communities,CCS,1966419456,69.16,United States
1651,Genesis Energy  L.P.,GEL,1962761856,16.06,United States
1652,NextDecade Corp,NEXT,1956462976,7.35,United States
1653,Olin Corporation,OLN,1954799616,17.15,United States
1654,"Strive Asset Management, LLC",ASST,1949717632,21.74,United States
1655,Innodata,INOD,1945714304,56.59,United States
1656,Veris Residential,VRE,1943780352,18.99,United States
1657,Lindblad Expeditions,LIND,1941686528,29.59,United States
1658,Braveheart Bio,BRVE,1938713984,27.44,United States
1659,Enerpac Tool Group,EPAC,1938538624,37.61,United States
1660,Xencor,XNCR,1937649536,26.06,United States
1661,United Parks &amp; Resorts,PRKS,1926552192,42.49,United States
1662,Xenia Hotels &amp; Resorts,XHR,1925144192,19.46,United States
1663,BlackLine,BL,1916971392,32.98,United States
1664,Kimbell Royalty Partners,KRP,1916102016,14.91,United States
1665,Ziff Davis,ZD,1913911936,55.82,United States
1666,Sprinklr,CXM,1911306752,8.16,United States
1667,Protolabs,PRLB,1907531904,79.74,United States
1668,HawkEye 360,HAWK,1898572288,19.38,United States
1669,Amplitude,AMPL,1896455296,14.3,United States
1670,PDF Solutions,PDFS,1892201600,44.81,United States
1671,Boston Beer Company,SAM,1884715648,183.13,United States
1672,Astrana Health,ASTH,1882981760,37.96,United States
1673,Taysha Gene Therapies,TSHA,1880059520,5.77,United States
1674,Strategic Education,STRA,1879647872,84.64,United States
1675,German American Bancorp,GABC,1875934080,49.92,United States
1676,Blue Bird Corporation,BLBD,1874427392,59.23,United States
1677,"Kardigan, Inc.",KARD,1871944064,20.02,United States
1678,A10 Networks,ATEN,1866051968,25.7,United States
1679,Republic Bank,RBCAA,1863281024,94.9,United States
1680,Lyntris Inc.,LYNX,1857510912,14.06,United States
1681,Live Oak Bank,LOB,1857361664,40.13,United States
1682,Coursera,COUR,1852740224,6.47,United States
1683,Target Hospitality,TH,1848014464,18.55,United States
1684,Quantum Computing,QUBT,1844726912,8.15,United States
1685,P3 Health Partners,PIII,1842791680,9.22,United States
1686,LeMaitre Vascular,LMAT,1839831552,80.45,United States
1687,National Bank Holdings,NBHC,1835920256,41.22,United States
1688,Progress Software,PRGS,1835739264,44.76,United States
1689,Vir Biotechnology,VIR,1832608768,10.83,United States
1690,SmartStop Self Storage REIT,SMA,1829388672,33.04,United States
1691,Goodyear,GT,1828157056,6.35,United States
1692,OceanFirst Financial,OCFC,1824661632,18.88,United States
1693,Personalis,PSNL,1823073792,17.07,United States
1694,Inhibrx Biosciences,INBX,1816306432,123.41,United States
1695,Septerna,SEPN,1816200064,38.91,United States
1696,World Kinect,WKC,1813324928,35.45,United States
1697,Jetblue Airways,JBLU,1811098624,4.8,United States
1698,Anterix,ATEX,1810571520,92.33,United States
1699,Sonos,SONO,1809897856,15.3,United States
1700,Intellia Therapeutics,NTLA,1803430400,12.87,United States
1701,Sonida Senior Living,SNDA,1799877760,37.46,United States
1702,Concentrix,CNXC,1792719104,29.38,United States
1703,Surgery Partners,SGRY,1792270848,13.69,United States
1704,Evertec,EVTC,1791381248,29.98,United States
1705,Recursion Pharmaceuticals,RXRX,1791145344,3.34,United States
1706,DXC Technology,DXC,1791119104,11.21,United States
1707,Fortrea,FTRE,1788830976,18.81,United States
1708,Dime Community Bancshares,DCOM,1787017472,40.47,United States
1709,Sixth Street Specialty Lending,TSLX,1786730368,18.74,United States
1710,Ellington Financial,EFC,1782061312,13.57,United States
1711,Biolife Solutions,BLFS,1779225984,36.38,United States
1712,Hope Bancorp,HOPE,1778166400,13.92,United States
1713,Inspire Medical Systems,INSP,1776253440,61.44,United States
1714,Soho House & Co,SHCO,1758889344,8.99,United States
1715,MasterBrand,MBC,1756123008,8.63,United States
1716,S&amp;T Bancorp,STBA,1755868928,49.79,United States
1717,RLJ Lodging Trust,RLJ,1755062272,11.46,United States
1718,Syndax Pharmaceuticals,SNDX,1744865152,19.54,United States
1719,Weis Markets,WMK,1744246528,70.49,United States
1720,American Assets Trust,AAT,1740248448,22.43,United States
1721,Worthington Steel,WS,1735241984,34.06,United States
1722,Byline Bancorp,BY,1730639872,38.3,United States
1723,TriCo Bancshares,TCBK,1720124416,53.81,United States
1724,Triumph Financial,TFIN,1717061376,71.86,United States
1725,IDT Corporation,IDT,1712200704,68.85,United States
1726,Global Partners LP,GLP,1709373440,50.5,United States
1727,CBL Properties,CBL,1703089280,55.04,United States
1728,Perella Weinberg Partners,PWP,1697861888,16.98,United States
1729,Bank First,BFC,1693991552,152.81,United States
1730,Pathward Financial,CASH,1693028992,81.5,United States
1731,Turning Point Brands,TPB,1682706048,83.93,United States
1732,Sila Realty Trust,SILA,1677119744,30.36,United States
1733,Liberty Latin America,LILA,1676904064,8.56,United States
1734,ANI Pharmaceuticals,ANIP,1672930816,72.83,United States
1735,Wolverine World Wide,WWW,1669229312,20.34,United States
1736,Trinity Capital,TRIN,1668314752,18.56,United States
1737,J&amp;J Snack Foods,JJSF,1667520384,89.26,United States
1738,AnaptysBio,ANAB,1666365184,56.28,United States
1739,Huntsman Corporation,HUN,1660835584,9.47,United States
1740,Six Flags,FUN,1659570560,16.22,United States
1741,Albany International,AIN,1655456384,58.35,United States
1742,Vestis,VSTS,1649358080,12.48,United States
1743,QCR Holdings,QCRH,1647878016,100.63,United States
1744,Kemper,KMPR,1644357376,27.93,United States
1745,Kosmos Energy,KOS,1643545984,2.76,United States
1746,Origin Bancorp,OBK,1642745344,53.25,United States
1747,Green Thumb Industries,GTII.CN,1640794793,7.50631,United States
1748,C3 AI,AI,1636880896,10.53,United States
1749,Photronics,PLAB,1635063296,27.73,United States
1750,Revolve Group,RVLV,1628567040,22.91,United States
1751,EverCommerce,EVCM,1625320192,9.2,United States
1752,Central Securities,CET,1625209472,55.0,United States
1753,Savers Value Village,SVV,1619689216,10.57,United States
1754,ICF International,ICFI,1617995008,90.22,United States
1755,CTS Corporation,CTS,1615424000,56.57,United States
1756,Distribution Solutions Group,DSGR,1609226240,34.79,United States
1757,Atlas Energy Solutions,AESI,1605036800,12.85,United States
1758,i-80 Gold,IAUX,1601918208,1.85,United States
1759,SkyWater Technology,SKYT,1597181312,32.46,United States
1760,ConnectOne Bancorp,CNOB,1596648192,31.73,United States
1761,Allient,ALNT,1578296064,92.86,United States
1762,Bandwidth,BAND,1576858624,49.0,United States
1763,Wendy’s,WEN,1576584704,8.27,United States
1764,MillerKnoll,MLKN,1575690496,23.13,United States
1765,Ingles Markets,IMKTA,1559818240,82.12,United States
1766,PROG Holdings,PRG,1557416704,39.1,United States
1767,Agilon Health,AGL,1553858560,92.54,United States
1768,Innovative Industrial Properties,IIPR,1552542592,56.31,United States
1769,Bicara Therapeutics,BCAX,1550431872,23.43,United States
1770,Sally Beauty Holdings,SBH,1549448832,16.55,United States
1771,Xeris Pharmaceuticals,XERS,1546076032,8.48,United States
1772,Ardent Health,ARDT,1545863168,10.96,United States
1773,Healthcare Services Group,HCSG,1540106624,22.44,United States
1774,Avalyn Pharma,AVLN,1537915008,34.69,United States
1775,Latigo Biotherapeutics,LTGO,1532257536,24.23,United States
1776,Phibro Animal Health,PAHC,1529462400,37.67,United States
1777,ARKO Petroleum,APC,1527549184,18.5,United States
1778,Novavax,NVAX,1527397504,9.26,United States
1779,Energizer Holdings,ENR,1525130752,22.27,United States
1780,Maze Therapeutics,MAZE,1524269184,27.44,United States
1781,Exzeo Group,XZO,1521551104,16.89,United States
1782,Safety Insurance,SAFT,1521485184,103.64,United States
1783,Kennedy Wilson,KW,1521191808,10.92,United States
1784,Alexander &amp; Baldwin,ALEX,1518725120,20.84,United States
1785,Innoviva,INVA,1514987776,20.97,United States
1786,Hillman Solutions,HLMN,1511614592,7.77,United States
1787,Global Industrial Company,GIC,1509090176,39.6,United States
1788,Flowers Foods,FLO,1505151872,7.1,United States
1789,Omnicell,OMCL,1504442368,33.08,United States
1790,Kestra Medical Technologies,KMTS,1502583936,25.64,United States
1791,Dauch Corporation,DCH,1501661184,6.32,United States
1792,CONMED,CNMD,1496963328,49.98,United States
1793,Absci,ABSI,1494758144,8.71,United States
1794,Helix Energy Solutions,HLX,1494458112,10.14,United States
1795,Tandem Diabetes Care,TNDM,1491071616,21.43,United States
1796,Tyra Biosciences,TYRA,1488342912,24.94,United States
1797,ArriVent BioPharma,AVBP,1487614208,30.17,United States
1798,Lakeland Financial Corp,LKFN,1481775872,59.61,United States
1799,InnovAge,INNV,1474097280,10.86,United States
1800,Schrödinger,SDGR,1473671040,19.7,United States
1801,BigBear.ai,BBAI,1462458240,3.05,United States
1802,Forestar Group,FOR,1460634624,28.63,United States
1803,Replimune,REPL,1460404352,15.5,United States
1804,Hudson Pacific Properties,HPP,1456843904,13.14,United States
1805,Amalgamated Financial,AMAL,1455838208,48.69,United States
1806,Sylvamo,SLVM,1446080000,36.37,United States
1807,Amprius Technologies,AMPX,1444737408,9.89,United States
1808,Azenta,AZTA,1443486592,32.95,United States
1809,KalVista Pharmaceuticals,KALV,1437504000,27.0,United States
1810,Enovis,ENOV,1435970432,24.9,United States
1811,Aktis Oncology,AKTS,1433870720,25.78,United States
1812,Peoples Bancorp,PEBO,1425472256,39.66,United States
1813,Stepan Company,SCL,1422989824,62.65,United States
1814,The Greenbrier Companies,GBX,1420440960,45.91,United States
1815,FuelCell Energy,FCEL,1419986432,17.76,United States
1816,Walker &amp; Dunlop,WD,1419369472,41.35,United States
1817,FMC Corporation,FMC,1418820096,11.33,United States
1818,"RPC, Inc.",RES,1418604928,6.4,United States
1819,TriMas,TRS,1418094080,39.53,United States
1820,G-III Apparel Group,GIII,1411696512,33.46,United States
1821,T1 Energy,TE,1410784640,4.79,United States
1822,Tompkins Financial,TMP,1406648192,97.8,United States
1823,Dorchester Minerals,DMLP,1406468864,28.65,United States
1824,Empire State Realty Trust,ESRT,1406127488,4.59,United States
1825,UMH Properties,UMH,1403538816,16.48,United States
1826,"Harrow, Inc.",HROW,1397172096,37.27,United States
1827,Community Trust Bancorp,CTBI,1392755456,76.66,United States
1828,Olaplex,OLPX,1391282176,2.07,United States
1829,WEBTOON Entertainment,WBTN,1389681408,10.24,United States
1830,United Fire Group,UFCS,1387579648,53.98,United States
1831,Arlo Technologies,ARLO,1387135488,12.89,United States
1832,Ambiq Micro,AMBQ,1386741248,57.34,United States
1833,BJ's Restaurants,BJRI,1385347584,65.12,United States
1834,Newsmax,NMAX,1383310592,10.71,United States
1835,Atlanticus,ATLC,1381687040,91.08,United States
1836,Wealthfront Corporation,WLTH,1381591296,9.25,United States
1837,"Alexander's, Inc.",ALX,1379938688,270.19,United States
1838,Alto Neuroscience,ANRO,1378575104,35.13,United States
1839,National Vision Holdings,EYE,1374224640,17.38,United States
1840,ORIC Pharmaceuticals,ORIC,1372361088,13.24,United States
1841,XPEL,XPEL,1371920384,49.76,United States
1842,Pursuit Attractions and Hospitality,PRSU,1366149888,49.77,United States
1843,REX American Resources,REX,1361974528,41.35,United States
1844,Seneca Foods,SENEA,1353008128,199.84,United States
1845,ProPetro,PUMP,1348606592,10.98,United States
1846,Omeros Corporation,OMER,1347146624,18.61,United States
1847,Frontier Airlines,ULCC,1344460160,5.84,United States
1848,Wolfspeed,WOLF,1343478784,25.85,United States
1849,Gibraltar Industries,ROCK,1342795136,45.27,United States
1850,Digital Turbine,APPS,1342070272,11.09,United States
1851,Westamerica Bancorporation,WABC,1342064640,58.07,United States
1852,AMN Healthcare Services,AMN,1340832256,34.62,United States
1853,Willdan Group,WLDN,1340271616,87.99,United States
1854,Vor Biopharma,VOR,1340025984,22.65,United States
1855,First Mid Bancshares,FMBH,1339140224,50.34,United States
1856,Edgewell Personal Care,EPC,1338882944,29.05,United States
1857,LGI Homes,LGIH,1336775680,57.5,United States
1858,Dream Finders Homes,DFH,1336298368,14.76,United States
1859,Cullinan Therapeutics,CGEM,1333639680,21.7,United States
1860,Orchid Island Capital,ORC,1330020992,6.69,United States
1861,The RealReal,REAL,1329865344,10.93,United States
1862,MeiraGTx,MGTX,1327314176,13.82,United States
1863,CVR Partners,UAN,1323530112,125.22,United States
1864,"Cadre Holdings, Inc.",CDRE,1316309376,30.74,United States
1865,Ryerson,RYZ,1314073856,25.32,United States
1866,Integra LifeSciences,IART,1313577600,16.89,United States
1867,Harmonic Inc.,HLIT,1310978816,12.02,United States
1868,Everforth,EFOR,1309950080,31.95,United States
1869,PureCycle Technologies,PCT,1305881344,6.5,United States
1870,Artivion,AORT,1305203968,26.77,United States
1871,La-Z-Boy,LZB,1304518784,32.57,United States
1872,HBT Financial,HBT,1301525248,35.79,United States
1873,Liquidity Services,LQDT,1299635456,41.48,United States
1874,Corsair Gaming,CRSR,1298123520,12.0,United States
1875,Red Cat Holdings,RCAT,1296544896,8.49,United States
1876,Bristow Group,VTOL,1296244608,43.73,United States
1877,Nutex Health,NUTX,1295978880,189.25,United States
1878,The Pennant Group,PNTG,1295170048,37.08,United States
1879,Trupanion,TRUP,1292038400,29.62,United States
1880,ProAssurance,PRA,1290193152,25.0,United States
1881,Herbalife,HLF,1288610816,12.43,United States
1882,Oil-Dri Corporation Of America,ODC,1288447616,88.93,United States
1883,Seaport Therapeutics,SPTX,1286874496,24.04,United States
1884,Old Second Bancorp,OSBC,1284103040,25.24,United States
1885,Two Harbors Investment,TWO,1280541440,12.18,United States
1886,Ategrity Specialty Insurance Company,ASIC,1274376960,26.59,United States
1887,Oppenheimer Holdings,OPY,1274359680,119.01,United States
1888,Certara,CERT,1273698944,8.35,United States
1889,Arhaus,ARHS,1271029760,8.98,United States
1890,MannKind Corp,MNKD,1270100736,3.95,United States
1891,NAPCO Security Technologies,NSSC,1264414208,35.35,United States
1892,Yelp,YELP,1257830784,23.18,United States
1893,Leggett &amp; Platt,LEG,1256618752,9.2,United States
1894,Ladder Capital,LADR,1245817216,9.82,United States
1895,Cracker Barrel,CBRL,1244082304,55.66,United States
1896,BellRing Brands,BRBR,1243013760,10.69,United States
1897,Myers Industries,MYE,1233872768,32.8,United States
1898,York Space Systems,YSS,1232097664,8.97,United States
1899,Carter's,CRI,1231660160,33.55,United States
1900,Marcus &amp; Millichap,MMI,1230807680,32.5,United States
1901,Preferred Bank,PFBC,1227153024,103.53,United States
1902,ZoomInfo,GTM,1222662144,4.2,United States
1903,ASA Gold and Precious Metals,ASA,1217647360,64.81,United States
1904,Cricut,CRCT,1217412096,5.8,United States
1905,ACV Auctions,ACVA,1215825152,7.16,United States
1906,NexPoint Residential Trust,NXRT,1215269504,23.55,United States
1907,Gentherm,THRM,1214237440,39.545,United States
1908,NCR Voyix Corporation,VYX,1212253696,8.78,United States
1909,Winmark,WINA,1211458944,337.25,United States
1910,Jefferson Capital,JCAP,1211104512,21.09,United States
1911,Universal Insurance Holdings,UVE,1208672384,43.43,United States
1912,Easterly Government Properties,DEA,1207012992,24.63,United States
1913,Grocery Outlet,GO,1205858304,12.17,United States
1914,GoodRx,GDRX,1204243200,3.53,United States
1915,Shoals Technologies,SHLS,1201661696,7.14,United States
1916,Biglari,BH,1200452736,376.97,United States
1917,Unusual Machines,UMAC,1197956992,23.98,United States
1918,Piedmont Realty Trust,PDM,1193767168,9.54,United States
1919,Clear Channel Outdoor,CCO,1191279616,2.34,United States
1920,Corvus Pharmaceuticals,CRVS,1191152512,14.16,United States
1921,Donnelley Financial Solutions,DFIN,1187965696,48.32,United States
1922,Tennant Company,TNC,1186290560,69.58,United States
1923,PROCEPT BioRobotics,PRCT,1185619456,20.83,United States
1924,"Apnimed, Inc.",APMD,1183146752,29.71,United States
1925,Teladoc Health,TDOC,1180946048,6.5,United States
1926,Eos Energy Enterprises,EOSE,1179100672,3.26,United States
1927,Sana Biotechnology,SANA,1176487296,3.93,United States
1928,Red Violet,RDVT,1176243328,73.3,United States
1929,Suburban Propane Partners,SPH,1176139392,17.63,United States
1930,Universal Technical Institute,UTI,1174079360,21.31,United States
1931,"U.S. Physical Therapy, Inc.",USPH,1173371648,78.63,United States
1932,Heritage Financial,HFWA,1173049088,28.67,United States
1933,Marten Transport,MRTN,1172661632,14.36,United States
1934,National Healthcare Properties,NHP,1170852352,16.06,United States
1935,Avanos Medical,AVNS,1170726912,24.99,United States
1936,Odyssey Therapeutics,ODTX,1170705792,24.36,United States
1937,Ameresco,AMRC,1166925952,21.99,United States
1938,Lindsay Corporation,LNN,1158032640,113.88,United States
1939,Saul Centers,BFS,1155433984,33.27,United States
1940,Prospect Capital,PSEC,1153679744,2.25,United States
1941,MarineMax,HZO,1152485888,52.18,United States
1942,ScanSource,SCSC,1149352064,56.55,United States
1943,TripAdvisor,TRIP,1148484736,9.87,United States
1944,Univest Financial Corporation,UVSP,1146532480,41.57,United States
1945,Monte Rosa Therapeutics,GLUE,1141493248,13.38,United States
1946,Universal Corporation,UVV,1138892032,45.74,United States
1947,Metropolitan Bank Holding,MCB,1137992064,91.79,United States
1948,O-I Glass,OI,1135545472,7.39,United States
1949,Great Lakes Dredge &amp; Dock Corp.,GLDD,1135273600,17.0,United States
1950,Amerant Bancorp,AMTB,1130235392,28.84,United States
1951,Willis Lease Finance Corporation,WLFC,1129518464,53.42,United States
1952,Genco Shipping &amp; Trading,GNK,1128021248,25.88,United States
1953,Mission Produce,AVO,1127843968,12.77,United States
1954,Upwork,UPWK,1126628480,9.02,United States
1955,Kura Oncology,KURA,1126241408,12.66,United States
1956,Virtus Investment Partners,VRTS,1126071168,168.52,United States
1957,Upbound Group,UPBD,1120514560,19.22,United States
1958,Five Star Bancorp,FSBC,1119360256,45.62,United States
1959,NPK International,NPKI,1117414272,13.16,United States
1960,IRadimed,IRMD,1113363328,87.07,United States
1961,STAAR Surgical,STAA,1108683520,22.11,United States
1962,Bowhead Specialty Holdings,BOW,1106884864,33.6,United States
1963,Ecovyst,ECVT,1106725504,10.11,United States
1964,Lumexa Imaging,LMRI,1105822976,11.51,United States
1965,XPLR Infrastructure,XIFR,1105196032,11.72,United States
1966,OPKO Health,OPK,1104565888,1.48,United States
1967,Janux Therapeutics,JANX,1102296064,18.03,United States
1968,Middlesex Water Company,MSEX,1102182400,58.49,United States
1969,CRA International,CRAI,1098387712,174.99,United States
1970,QuinStreet,QNST,1094917376,19.18,United States
1971,Aeva Technologies,AEVA,1089501056,15.63,United States
1972,National Presto Industries,NPK,1089106560,152.62,United States
1973,Safehold,SAFE,1088446208,15.37,United States
1974,Deluxe Corporation,DLX,1084042624,23.64,United States
1975,Northeast Bank,NBN,1082937472,126.58,United States
1976,Arteris,AIP,1081837824,22.01,United States
1977,Savara,SVRA,1080719744,5.26,United States
1978,Northwest Pipe Company,NWPX,1079655680,112.03,United States
1979,eXp World Holdings,EXPI,1073469056,6.74,United States
1980,Capitol Federal Financial,CFFN,1068379392,8.66,United States
1981,PagerDuty,PD,1066605120,13.83,United States
1982,Babcock &amp; Wilcox,BW,1066589888,7.16,United States
1983,Resolute Holdings Management,RHLD,1059946112,135.55,United States
1984,Phoenix Education Partners,PXED,1057269504,29.33,United States
1985,LegalZoom,LZ,1053278656,6.15,United States
1986,Solid Biosciences,SLDB,1047590656,9.77,United States
1987,Mercantile Bank,MBWM,1040785728,60.21,United States
1988,Kforce,KFRC,1040512896,58.1,United States
1989,BrightView,BV,1038972032,11.22,United States
1990,"Sinclair, Inc.",SBGI,1035576128,14.35,United States
1991,Compass Minerals,CMP,1033569088,24.62,United States
1992,Green Plains,GPRE,1027597504,14.66,United States
1993,Securitize Corp.,SECZ,1026941120,6.29,United States
1994,Pacira Biosciences,PCRX,1026842240,25.76,United States
1995,Arbor Realty Trust,ABR,1025804992,5.06,United States
1996,HighPeak Energy,HPK,1024267712,8.1,United States
1997,Equity Bancshares,EQBK,1021799360,49.62,United States
1998,Taboola.com,TBLA,1021187392,3.78,United States
1999,Service Properties Trust,SVC,1019239680,7.87,United States
2000,Lexicon Pharmaceuticals,LXRX,1018949056,2.29,United States
2001,Kronos Worldwide,KRO,1012858176,8.8,United States
2002,MetroCity Bankshares,MCBS,1011372352,35.14,United States
2003,Diversified Energy,DEC.L,1011266912,14.6372,United States
2004,QuidelOrtho,QDEL,1010801728,14.74,United States
2005,Graham Corporation,GHM,1010323840,86.08,United States
2006,Tetra Technologies,TTI,1008375680,6.81,United States
2007,Glass House Brands,GLASF,1007483904,11.81,United States
2008,CNB Financial Corp,CCNE,1007406208,34.01,United States
2009,Heritage Insurance,HRTG,1006739648,33.86,United States
2010,Ventyx Biosciences,VTYX,1004502016,14.0,United States
2011,Arbutus Biopharma,ABUS,1004396160,5.07,United States
2012,Horizon Bancorp,HBNC,1004298752,19.56,United States
2013,AEVEX Corp.,AVEX,1002348416,17.75,United States
2014,Astec Industries,ASTE,997650176,43.39,United States
2015,Emerald Holding,EEX,997505920,5.04,United States
2016,Immix Biopharma,IMMX,992387904,13.94,United States
2017,"MNTN, Inc.",MNTN,989645760,13.23,United States
2018,Whitestone REIT,WSR,988012416,18.99,United States
2019,NB Bancorp,NBBK,984163200,22.46,United States
2020,Ardelyx,ARDX,983694592,3.81,United States
2021,Global Medical REIT,GMRE,979776256,35.98,United States
2022,Barings BDC,BBDC,979009344,9.35,United States
2023,Karat Packaging,KRT,978846784,49.11,United States
2024,Central Pacific Financial,CPF,974025408,37.83,United States
2025,Trustco Bank,TRST,972794816,57.13,United States
2026,Geron,GERN,970134848,1.51,United States
2027,BlackSky Technology,BKSY,969918912,23.7,United States
2028,Unitil Corporation,UTL,968367360,53.1,United States
2029,Simply Good Foods,SMPL,966662400,10.93,United States
2030,Douglas Dynamics,PLOW,965082048,41.82,United States
2031,NANO Nuclear Energy,NNE,964955584,17.97,United States
2032,Accel Entertainment,ACEL,963766528,11.87,United States
2033,Chimera Investment Corporation,CIM,961929216,11.5,United States
2034,Camden National Corporation,CAC,957386752,56.66,United States
2035,Ridgepost Capital,RPC,954664896,8.66,United States
2036,Abacus Global Management,ABX,952496448,9.74,United States
2037,Southside Bancshares,SBSI,950278400,31.88,United States
2038,Oxford Lane Capital,OXLC,948178112,9.71,United States
2039,Postal Realty Trust,PSTL,946056832,23.77,United States
2040,Design Therapeutics,DSGN,945608768,15.11,United States
2041,Bioventus,BVS,945343232,13.84,United States
2042,Evolv Technologies,EVLV,942526144,5.24,United States
2043,First Financial,THFF,942313792,79.24,United States
2044,Annexon,ANNX,942208256,4.97,United States
2045,Heartland Express,HTLD,941911168,12.18,United States
2046,American Bitcoin Corp,ABTC,936793600,7.69,United States
2047,"Forbright, Inc.",FRBT,936602880,18.45,United States
2048,Amphastar Pharmaceuticals,AMPH,936260160,22.01,United States
2049,JBG SMITH,JBGS,932943104,12.08,United States
2050,Daktronics,DAKT,932302336,19.3,United States
2051,USA TODAY Co.,TDAY,930825728,6.34,United States
2052,Mid Penn Bancorp,MPB,929042304,36.67,United States
2053,Centerspace,CSR,928641600,52.48,United States
2054,Hanmi Financial,HAFC,923277824,31.14,United States
2055,Adaptive Biotechnologies,ADPT,916254080,22.9,United States
2056,CeriBell,CBLL,910712320,23.73,United States
2057,ProFrac,ACDC,908792576,4.99,United States
2058,Forum Energy Technologies,FET,906563840,80.61,United States
2059,Bloomin' Brands,BLMN,905869312,10.58,United States
2060,EverQuote,EVER,904252032,25.66,United States
2061,Olema Pharmaceuticals,OLMA,898600448,10.27,United States
2062,Rapid7,RPD,895754496,13.29,United States
2063,Marcus Corporation,MCS,894749312,29.02,United States
2064,MFA Financial,MFA,892606464,8.83,United States
2065,Quanex Building Products,NX,891921088,19.42,United States
2066,Sabre,SABR,887883072,2.2,United States
2067,Covenant Logistics,CVLG,887714688,34.98,United States
2068,Beta Bionics,BBNX,887196608,19.72,United States
2069,Navient,NAVI,887195008,9.46,United States
2070,Backblaze,BLZE,887027008,14.33,United States
2071,Beazer Homes USA,BZH,886297152,33.22,United States
2072,Reformation Inc.,REF,886143104,15.0,United States
2073,Eastman Kodak Company,KODK,885016000,9.04,United States
2074,Aclaris Therapeutics,ACRS,884665408,6.01,United States
2075,SpyGlass Pharma,SGP,883695616,26.42,United States
2076,Lucky Strike Entertainment,LUCK,883405568,6.48,United States
2077,Employers Holdings,EIG,883118016,49.17,United States
2078,Viant Technology,DSP,881744256,13.23,United States
2079,CrossAmerica Partners,CAPL,881420480,23.09,United States
2080,Apollo Commercial Real Estate Finance,ARI,880528768,6.85,United States
2081,Koppers Holdings,KOP,880522624,46.56,United States
2082,Capital City Bank Group,CCBG,878596608,51.34,United States
2083,World Acceptance Corporation,WRLD,878309952,188.35,United States
2084,Nextdoor,NXDR,878145920,2.27,United States
2085,Quantum Corporation,QMCO,877266624,22.26,United States
2086,Hippo Holdings,HIPO,875599616,33.18,United States
2087,Root Insurance,ROOT,874284224,56.43,United States
2088,Talkspace,TALK,870574976,5.25,United States
2089,SmartFinancial (SmartBank),SMBK,868944320,50.82,United States
2090,Rigel Pharmaceuticals,RIGL,868240064,46.48,United States
2091,Flotek Industries,FTK,866754880,23.93,United States
2092,Winnebago Industries,WGO,865028096,30.6,United States
2093,Fox Factory Holding,FOXF,864157312,20.56,United States
2094,Sky Harbour Group,SKYH,862823808,10.57,United States
2095,Tronox,TROX,862380160,5.4,United States
2096,SunCoke Energy,SXC,862328448,10.16,United States
2097,Sable Offshore,SOC,861494336,4.49,United States
2098,Compass Diversified Holdings,CODI,861451840,11.45,United States
2099,SI-BONE,SIBN,860964800,19.21,United States
2100,Ibotta,IBTA,860756544,37.06,United States
2101,Great Southern Bancorp,GSBC,859486400,78.87,United States
2102,Daily Journal,DJCO,859401088,623.68,United States
2103,HealthStream,HSTM,859069888,29.38,United States
2104,Mitek Systems,MITK,850556800,18.85,United States
2105,Lightwave Logic,LWLG,846378176,5.49,United States
2106,Ramaco Resources,METC,843063616,13.3,United States
2107,American Public Education,APEI,842054016,46.01,United States
2108,Apogee Enterprises,APOG,841618304,40.33,United States
2109,Eagle Bancorp,EGBN,840443072,27.57,United States
2110,GCM Grosvenor,GCMG,838652416,13.72,United States
2111,ASGN,ASGN,833931008,19.53,United States
2112,Barrett Business Services,BBSI,832963136,34.37,United States
2113,Latham Group,SWIM,832934272,7.08,United States
2114,Kopin Corporation,KOPN,832709312,4.48,United States
2115,Vishay Precision Group,VPG,831977536,62.55,United States
2116,Riley Exploration Permian,REPX,830520832,38.28,United States
2117,Sweetgreen,SG,829717888,6.97,United States
2118,Heritage Commerce,HTBK,828429632,13.45,United States
2119,Standard Motor Products,SMP,826814144,37.01,United States
2120,Cantaloupe,CTLP,825815936,11.2,United States
2121,Orrstown Financial Services,ORRF,825337472,41.96,United States
2122,Alerus Financial,ALRS,824795200,33.12,United States
2123,South Plains Financial,SPFI,822515264,43.66,United States
2124,Esperion Therapeutics,ESPR,819464832,3.18,United States
2125,CryoPort,CYRX,814944000,16.09,United States
2126,Southern Missouri Bancorp,SMBC,814601856,73.98,United States
2127,Metallus,MTUS,811162496,19.57,United States
2128,Carlyle Secured Lending,CGBD,810517952,11.78,United States
2129,4D Molecular Therapeutics,FDMT,810432576,14.67,United States
2130,Dakota Gold,DC,810404864,6.04,United States
2131,PennyMac Mortgage Investment Trust,PMT,810109952,9.29,United States
2132,CTO Realty Growth,CTO,808561280,21.57,United States
2133,Financial Institutions,FISI,807172480,40.96,United States
2134,Lincoln Educational Services,LINC,806677248,25.43,United States
2135,BitGo,BTGO,806363008,6.86,United States
2136,"Eve Holding, Inc.",EVEX,805003392,2.31,United States
2137,"TXO Partners, L.P.",TXO,803972928,14.5,United States
2138,Transcat,TRNS,803539904,85.85,United States
2139,Rackspace Technology,RXT,802849472,3.15,United States
2140,Montrose Environmental,MEG,800798912,22.14,United States
2141,Peapack-Gladstone Financial,PGC,799707904,45.11,United States
2142,indie Semiconductor,INDI,798670848,3.78,United States
2143,Groupon,GRPN,794193280,19.53,United States
2144,PAR Technology,PAR,792095872,19.15,United States
2145,N-Able,NABL,791514112,4.19,United States
2146,Collegium Pharmaceutical,COLL,785829504,25.35,United States
2147,Westrock Coffee,WEST,781019072,8.0,United States
2148,Papa John's Pizza,PZZA,780902400,23.72,United States
2149,Peakstone Realty Trust,PKST,780562688,20.99,United States
2150,Varex Imaging,VREX,779742720,18.5,United States
2151,Cardinal Infrastructure Group,CDNL,777104320,38.04,United States
2152,HomeTrust Bancshares,HTB,775596160,46.91,United States
2153,Nuvectis Pharma,NVCT,774643648,23.73,United States
2154,Bain Capital Specialty Finance,BCSF,773881344,11.93,United States
2155,AdaptHealth,AHCO,772439040,5.79,United States
2156,Shore Bancshares,SHBI,772234432,23.14,United States
2157,First Watch Restaurant,FWRG,772022592,12.51,United States
2158,Petco,WOOF,771026176,2.7,United States
2159,Strawberry Fields REIT,STRW,769794176,13.62,United States
2160,Movado Group,MOV,769326144,34.48,United States
2161,TaskUs,TASK,769254144,8.39,United States
2162,Aura Biosciences,AURA,767415616,7.4,United States
2163,PubMatic,PUBM,766152000,16.82,United States
2164,Hallador Energy Company,HNRG,765608064,16.24,United States
2165,"Yesway, Inc.",YSWY,765605504,24.55,United States
2166,CEVA,CEVA,763538432,27.12,United States
2167,Hertz,HTZ,762806016,2.14,United States
2168,Westlake Chemical Partners,WLKP,762368384,21.63,United States
2169,Mama's Creations,MAMA,761625600,16.38,United States
2170,IperionX,IPX,760843712,21.01,United States
2171,Hovnanian Enterprises,HOV,760399936,129.77,United States
2172,Green Dot,GDOT,760182336,13.34,United States
2173,Independent Bank Corporation,IBCP,759409472,36.86,United States
2174,Golden Entertainment,GDEN,753686080,28.55,United States
2175,Washington Trust Bancorp,WASH,752863424,39.47,United States
2176,Third Coast Bancshares,TCBX,751638784,45.13,United States
2177,Monopar Therapeutics,MNPR,751024896,111.89,United States
2178,Phreesia,PHR,751014400,12.15,United States
2179,LSB Industries,LXU,748054080,10.39,United States
2180,Satellogic,SATL,745638528,4.85,United States
2181,"Nerdy, Inc,",NRDY,745417856,10.32,United States
2182,Alpha &amp; Omega Semiconductor,AOSL,745131392,24.63,United States
2183,Entravision Communications,EVC,744766592,8.07,United States
2184,Phathom Pharmaceuticals,PHAT,742670592,9.18,United States
2185,Enovix,ENVX,737347008,3.36,United States
2186,Scholastic,SCHL,734885952,38.96,United States
2187,PennantPark Floating Rate Capital Ltd.,PFLT,733220224,7.39,United States
2188,Neurogene,NGNE,732016384,36.58,United States
2189,ProKidney,PROK,730504128,1.83,United States
2190,Paysign,PAYS,727797184,12.89,United States
2191,United States Antimony Corporation,UAMY,725896448,4.85,United States
2192,Vitesse Energy,VTS,723773184,17.19,United States
2193,Cass Information Systems,CASS,723760448,56.65,United States
2194,LSI Industries,LYTS,723601472,19.71,United States
2195,Mesa Laboratories,MLAB,722370688,129.09,United States
2196,PRA Group,PRAA,720582848,19.14,United States
2197,Once Upon A Farm,OFRM,720559552,17.16,United States
2198,Bright Minds Biosciences,DRUG,714416128,72.81,United States
2199,Donegal Group,DGICA,714174912,19.24,United States
2200,River City Bank,RCBC,711919296,50.87,United States
2201,Velocity Financial,VEL,711061056,18.01,United States
2202,XOMA Royalty,XOMA,710155008,40.17,United States
2203,Enhabit,EHAB,706913408,13.8,United States
2204,Arrow Financial,AROW,706865280,38.16,United States
2205,Shattuck Labs,STTK,706557312,7.04,United States
2206,The Manitowoc Company,MTW,706453952,19.59,United States
2207,Array Technologies,ARRY,706063104,4.59,United States
2208,Park Aerospace,PKE,705174272,32.42,United States
2209,LightPath Technologies,LPTH,705124992,11.23,United States
2210,Franklin BSP Realty Trust,FBRT,702564224,8.46,United States
2211,American Woodmark,AMWD,700651840,48.09,United States
2212,Community West Bancshares,CWBC,700524416,25.82,United States
2213,CytomX Therapeutics,CTMX,699456704,3.21,United States
2214,Gyre Therapeutics,GYRE,698762496,6.59,United States
2215,Allogene Therapeutics,ALLO,697891584,2.02,United States
2216,Peoples Financial Services,PFIS,697021824,69.63,United States
2217,Tectonic Therapeutic,TECX,696348416,35.62,United States
2218,Consensus Cloud Solutions,CCSI,696347008,38.0,United States
2219,Sprout Social,SPT,696204480,11.49,United States
2220,Yext,YEXT,692714432,6.91,United States
2221,Shentel,SHEN,689843904,12.46,United States
2222,WhiteFiber,WYFI,689554112,17.75,United States
2223,Tiptree,TIPT,687072320,18.45,United States
2224,Zevra Therapeutics,ZVRA,686773376,11.565,United States
2225,Midland States Bancorp,MSBI,684819712,33.0,United States
2226,California BanCorp,BCAL,683841984,21.27,United States
2227,SLR Investment,SLRC,683024000,12.52,United States
2228,Ironwood Pharmaceuticals,IRWD,682441024,4.13,United States
2229,RE/MAX Holdings,RMAX,681161536,12.36,United States
2230,MediaAlpha,MAX,680737920,12.85,United States
2231,GMR Solutions Inc.,GMRS,680673600,12.6,United States
2232,Cannae Holdings,CNNE,678372928,15.64,United States
2233,Udemy,UDMY,677283328,4.63,United States
2234,Legacy Housing Corporation,LEGH,673970560,28.34,United States
2235,Mativ Holdings,MATV,669455872,12.13,United States
2236,Chatham Lodging Trust,CLDT,669346880,13.67,United States
2237,OTC Markets Group,OTCM,668078528,55.75,United States
2238,Claritev,CTEV,667560576,39.39,United States
2239,Granite Ridge Resources,GRNT,667415232,5.06,United States
2240,Verra Mobility,VRRM,667204480,4.39,United States
2241,Janus International Group,JBI,667171008,4.89,United States
2242,Helen of Troy,HELE,666618752,28.62,United States
2243,Red River Bancshares,RRBI,663480320,100.77,United States
2244,ParkOhio Holdings Corp.,PKOH,663062848,45.76,United States
2245,Frequency Electronics,FEIM,662462272,60.46,United States
2246,Bar Harbor Bankshares,BHB,660583552,39.4,United States
2247,ACNB Corporation,ACNB,656062208,64.51,United States
2248,MiMedx Group,MDXG,655922112,4.5,United States
2249,Sagimet Biosciences,SGMT,655773760,10.55,United States
2250,Gladstone Investment,GAIN,655270464,16.455,United States
2251,AngioDynamics,ANGO,655118336,15.85,United States
2252,Prime Medicine,PRME,654770432,3.61,United States
2253,Verastem Oncology,VSTM,653868032,7.22,United States
2254,Summit Hotel Properties,INN,653592000,6.06,United States
2255,Matthews International Corporation,MATW,653291712,20.93,United States
2256,Village Super Market,VLGEA,651765696,44.01,United States
2257,OmniAb,OABI,649895040,4.47,United States
2258,Hingham Institution for Savings,HIFS,649660928,295.67,United States
2259,Armada Hoffler Properties,AHH,647902656,6.25,United States
2260,CorMedix,CRMD,646937856,8.3,United States
2261,Grid Dynamics,GDYN,646581248,7.97,United States
2262,Methode Electronics,MEI,646362880,18.21,United States
2263,Contango Ore,CTGO,644402176,19.27,United States
2264,Miller Industries,MLR,644009408,56.73,United States
2265,Energy Vault,NRGV,643712064,3.54,United States
2266,Contineum Therapeutics,CTNM,641440256,17.05,United States
2267,Northfield Bancorp,NFBK,639406784,15.31,United States
2268,Cars.com,CARS,639180544,11.94,United States
2269,REGENXBIO,RGNX,637687424,9.66,United States
2270,Kearny Financial,KRNY,637606528,9.82,United States
2271,Reservoir Media,RSVR,636891008,9.66,United States
2272,Gladstone Commercial,GOOD,635222912,13.01,United States
2273,DoubleDown Interactive,DDI,633045184,12.775,United States
2274,NerdWallet,NRDS,632839424,9.9,United States
2275,WhiteHawk Minerals Corp,WHK,631055360,26.52,United States
2276,Aquestive Therapeutics,AQST,630068480,5.02,United States
2277,Ooma,OOMA,629448192,22.91,United States
2278,ADTRAN,ADTN,629036480,7.72,United States
2279,Enviri Corporation,NVRI,628075904,22.28,United States
2280,AH Realty Trust,AHRT,627246144,6.54,United States
2281,Hyliion,HYLN,626876224,3.51,United States
2282,AlTi Global,ALTI,625333184,4.01,United States
2283,Bluelinx,BXC,624258432,79.42,United States
2284,Forge Global,FRGE,623007296,45.0,United States
2285,OrthoPediatrics,KIDS,617496448,23.65,United States
2286,EagleRock Land,EROK,611881344,25.02,United States
2287,OneSpan,OSPN,609534976,16.54,United States
2288,Hyster-Yale Materials Handling,HY,609095296,33.97,United States
2289,Cytek Biosciences,CTKB,608321600,4.68,United States
2290,The Honest Company,HNST,608302400,5.67,United States
2291,Vaalco Energy,EGY,606956544,5.77,United States
2292,Altimmune,ALT,604950016,3.11,United States
2293,OppFi,OPFI,602422336,7.07,United States
2294,Krispy Kreme,DNUT,602044992,3.47,United States
2295,NioCorp Developments,NB,601274496,4.13,United States
2296,BrightSpire Capital,BRSP,600989824,4.75,United States
2297,Kelly Services,KELYA,600168000,17.28,United States
2298,Ethan Allen,ETD,597225600,23.47,United States
2299,"Sturm, Ruger &amp; Co",RGR,595349760,37.26,United States
2300,ASP Isotopes,ASPI,594840384,3.88,United States
2301,Eikon Therapeutics,EIKN,594732032,10.98,United States
2302,Bridgewater Bancshares,BWB,594483136,21.32,United States
2303,Greene County Bancorp,GCBC,593508352,34.86,United States
2304,TPG Real Estate Finance Trust,TRTX,593424448,7.73,United States
2305,First Business Financial Services,FBIZ,592895488,70.85,United States
2306,Arvinas,ARVN,592304640,9.18,United States
2307,Unity Bancorp,UNTY,590302720,58.78,United States
2308,Insteel Industries,IIIN,590232960,30.49,United States
2309,Southern First Bancshares,SFST,589711424,62.26,United States
2310,Northpointe Bancshares,NPB,589274560,17.04,United States
2311,MISTRAS Group,MG,588904512,18.49,United States
2312,Evolus,EOLS,586527936,8.88,United States
2313,ARS Pharmaceuticals,SPRY,585744832,5.89,United States
2314,MapLight Therapeutics,MPLT,584360704,12.6,United States
2315,Weave Communications,WEAV,583193600,7.29,United States
2316,Rayonier Advanced Materials,RYAM,581740224,8.6,United States
2317,Redwood Trust,RWT,580329408,4.62,United States
2318,MasterCraft Boat,MCFT,578670016,23.89,United States
2319,Kura Sushi USA,KRUS,576631232,47.46,United States
2320,Universal Health Realty Income Trust,UHT,576239424,41.46,United States
2321,Forward Air,FWRD,573936896,16.99,United States
2322,NETGEAR,NTGR,573205504,21.09,United States
2323,Smith &amp; Wesson,SWBI,573051072,12.78,United States
2324,Oxford Industries,OXM,572004032,38.31,United States
2325,Civista Bancshares,CIVB,571425664,27.48,United States
2326,GAMCO Investors,GAMI,571303040,26.6,United States
2327,Northrim BanCorp,NRIM,570578240,25.65,United States
2328,BlossomHill Therapeutics,BLSM,568827456,19.56,United States
2329,Investors Title Company,ITIC,565152704,299.34,United States
2330,Kimball Electronics,KE,564187712,23.46,United States
2331,Ur-Energy,URG,560987840,1.41,United States
2332,"Citi Trends, Inc.",CTRN,560182272,67.25,United States
2333,Capricor Therapeutics,CAPR,557552896,9.59,United States
2334,Gemini Space Station,GEMI,557504512,4.3,United States
2335,Industrial Logistics Properties Trust,ILPT,556660672,8.34,United States
2336,York Water,YORW,553719168,34.12,United States
2337,Zura Bio,ZURA,548142656,5.72,United States
2338,Ovid Therapeutics,OVID,546833984,2.8,United States
2339,Home Bancorp,HBCP,546544896,69.44,United States
2340,3D Systems,DDD,544962240,3.28,United States
2341,Wabash National,WNC,543026496,13.33,United States
2342,Artiva Biotherapeutics,ARTV,542191424,11.09,United States
2343,Carriage Services,CSV,541427456,34.09,United States
2344,Fulgent Genetics,FLGT,539574912,19.61,United States
2345,W&amp;T Offshore,WTI,538866304,3.57,United States
2346,Malibu Boats,MBUU,538105344,27.36,United States
2347,Spire Global,SPIR,534996640,13.17,United States
2348,Cerus Corporation,CERS,534040992,2.65,United States
2349,Solid Power,SLDP,531662208,2.33,United States
2350,Bankwell Financial Group,BWFG,530614432,66.56,United States
2351,One Liberty Properties,OLP,529114976,24.16,United States
2352,Cabaletta Bio,CABA,528981760,3.12,United States
2353,Brandywine Realty Trust,BDN,528510592,3.06,United States
2354,Strata Critical Medical,SRTA,528146816,5.97,United States
2355,Pangaea Logistics Solutions,PANL,527718624,8.06,United States
2356,Rimini Street,RMNI,527461408,5.65,United States
2357,Swarmer,SWMR,526079712,33.01,United States
2358,Tactile Medical,TCMD,524626944,23.16,United States
2359,Flushing Financial Corp,FFIC,524179680,15.47,United States
2360,AMC Networks,AMCX,522224640,12.66,United States
2361,Evolent Health,EVH,520072928,4.6,United States
2362,Alight,ALIT,519610592,14.02,United States
2363,Columbus McKinnon,CMCO,519556384,18.0,United States
2364,Oil States International,OIS,519377728,8.61,United States
2365,Quad,QUAD,519244576,10.09,United States
2366,Eagle Point Credit Company,ECC,518741952,3.9,United States
2367,Kyverna Therapeutics,KYTX,517629632,8.37,United States
2368,SandRidge Energy,SD,517571136,13.96,United States
2369,Veradigm,MDRX,516615808,4.74,United States
2370,Sierra Bancorp,BSRR,516461728,39.84,United States
2371,Bit Digital,BTBT,515705888,1.43,United States
2372,Universal Logistics Holdings,ULH,514699552,19.52,United States
2373,The Oncology Institute,TOI,512912480,5.13,United States
2374,Idaho Strategic Resources,IDR,511660096,32.33,United States
2375,Valhi,VHI,510914336,18.04,United States
2376,Orange County Bancorp,OBT,510843360,38.1,United States
2377,IBEX,IBEX,510393088,38.12,United States
2378,The Elmet Group,ELMT,506846016,16.64,United States
2379,Intrepid Potash,IPI,505970912,37.6,United States
2380,Vogenx,VOGX,504478752,33.96,United States
2381,Gray Media,GTN,497414560,4.83,United States
2382,Bank7,BSVN,497344928,52.21,United States
2383,Ponce Financial Group,PDLB,494642560,20.45,United States
2384,NeuroPace,NPCE,494612768,14.41,United States
2385,"ERock, Inc.",EROC,494265504,10.26,United States
2386,Senseonics Holdings,SENS,493314912,9.33,United States
2387,Limbach Holdings,LMB,492979200,41.34,United States
2388,Mayville Engineering Company,MEC,492666400,19.32,United States
2389,ARKO Corp.,ARKO,490251584,4.37,United States
2390,First Foundation,FFWM,489265120,5.9,United States
2391,KKR Real Estate Finance Trust,KREF,488040160,7.59,United States
2392,NVE Corporation,NVEC,488021760,100.89,United States
2393,AMERISAFE,AMSF,486571520,26.25,United States
2394,Cogent Communications,CCOI,485525152,9.48,United States
2395,West Bancorporation,WTBA,485405824,28.48,United States
2396,Editas Medicine,EDIT,485312928,3.16,United States
2397,NRC Health,NRC,483312512,21.85,United States
2398,Johnson Outdoors,JOUT,481331232,45.93,United States
2399,Evommune,EVMN,480144640,13.23,United States
2400,Bally's Corporation,BALY,475927584,9.43,United States
2401,C4 Therapeutics,CCCC,473646752,3.85,United States
2402,Cooper Standard,CPS,473371680,26.64,United States
2403,Shoe Carnival,SCVL,473247296,17.43,United States
2404,Farmers &amp; Merchants Bancorp,FMAO,471730784,34.25,United States
2405,Sight Sciences,SGHT,471002336,8.55,United States
2406,Summit Midstream,SMC,469745728,34.08,United States
2407,Ginkgo Bioworks,DNA,468688352,6.96,United States
2408,Puma Biotechnology,PBYI,467677792,9.06,United States
2409,Commercial Bancgroup,CBK,467487328,34.12,United States
2410,Calavo Growers,CVGW,466334752,26.09,United States
2411,El Pollo Loco,LOCO,466270624,15.31,United States
2412,Vital Farms,VITL,463231104,10.79,United States
2413,ATN International,ATNI,463024896,30.06,United States
2414,Zion Oil &amp; Gas,ZNOG,462450656,0.388,United States
2415,Relmada Therapeutics,RLMD,461880448,4.33,United States
2416,Scribe Therapeutics,SCTX,460216384,28.44,United States
2417,Advantage Solutions,ADV,458753664,34.505,United States
2418,Citizens &amp; Northern Corp,CZNC,458056544,25.54,United States
2419,Titan International,TWI,453087296,7.02,United States
2420,Farmland Partners,FPI,450218304,10.25,United States
2421,Gladstone Capital Corporation,GLAD,449489088,19.895,United States
2422,American Coastal Insurance Corporation,ACIC,449060416,9.5,United States
2423,Ocugen,OCGN,447625760,1.32,United States
2424,Q32 Bio,QTTB,447435072,15.03,United States
2425,Virgin Galactic,SPCE,445691968,2.94,United States
2426,AdvanSix,ASIX,445249536,16.49,United States
2427,Rezolute,RZLT,444870560,4.62,United States
2428,RBB Bancorp,RBB,444466944,26.275,United States
2429,Innovative Aerosystems,ISSC,443541504,24.78,United States
2430,Priority Technology Holdings,PRTH,443529184,5.38,United States
2431,908 Devices,MASS,443510624,10.73,United States
2432,BioAge Labs,BIOA,442905152,9.65,United States
2433,Magnera,MAGN,441440000,12.4,United States
2434,Shoulder Innovations,SI,440529120,21.16,United States
2435,Andersen Group,ANDG,440472992,34.82,United States
2436,Tejon Ranch,TRC,437747424,16.2,United States
2437,International Money Express,IMXI,437162272,14.47,United States
2438,Prelude Therapeutics,PRLD,436525056,5.47,United States
2439,Acacia Research,ACTG,436213024,4.47,United States
2440,Serve Robotics,SERV,436138752,5.03,United States
2441,Pacific Biosciences,PACB,435163040,1.4,United States
2442,EVgo,EVGO,434031680,1.38,United States
2443,Weyco Group,WEYS,433519104,45.39,United States
2444,Compass Therapeutics,CMPX,432211040,2.4,United States
2445,Arcturus Therapeutics,ARCT,431746400,15.19,United States
2446,Bank of Marin Bancorp,BMRC,431252800,26.63,United States
2447,Marqeta,MQ,430390752,4.06,United States
2448,Plumas Bancorp,PLBC,430275968,61.83,United States
2449,Atea Pharmaceuticals,AVIR,429897184,5.36,United States
2450,i3 Verticals,IIIV,429815264,16.28,United States
2451,Benitec Biopharma,BNTC,428398592,12.47,United States
2452,Community Healthcare Trust,CHCT,428374944,14.95,United States
2453,Cross Country Healthcare,CCRN,428060928,13.25,United States
2454,loanDepot,LDI,426765920,0.9604,United States
2455,Havertys,HVT,426641632,27.36,United States
2456,Pioneer Bancorp,PBFS,426288960,17.63,United States
2457,FRP Holdings,FRPH,425818304,22.18,United States
2458,iHeartMedia,IHRT,425670208,2.75,United States
2459,Dine Brands Global,DIN,425347424,33.6,United States
2460,PureTech Health,PRTC,424034496,17.42,United States
2461,Rocket Pharmaceuticals,RCKT,423729952,3.86,United States
2462,Hamilton Beach Brands,HBB,422761344,31.45,United States
2463,Ranpak,PACK,420215616,4.9,United States
2464,Stitch Fix,SFIX,419624320,3.145,United States
2465,Caleres,CAL,419200000,12.48,United States
2466,Bumble,BMBL,418281792,2.73,United States
2467,Investar Holding,ISTR,417306144,30.29,United States
2468,Boston Omaha,BOC,417252960,13.85,United States
2469,Camping World,CWH,416796544,6.53,United States
2470,Larimar Therapeutics,LRMR,416570592,4.01,United States
2471,Titan Machinery,TITN,416176960,17.86,United States
2472,Star Group,SGU,416046240,12.68,United States
2473,Barnes &amp; Noble Education,BNED,414939808,11.97,United States
2474,Bed Bath &amp; Beyond,BBBY,414399584,4.35,United States
2475,Community Health Systems,CYH,413157440,2.93,United States
2476,Gevo,GEVO,412885952,1.67,United States
2477,Richtech Robotics,RR,411936544,1.83,United States
2478,PowerFleet,AIOT,409389056,3.05,United States
2479,Aspen Aerogels,ASPN,409134688,4.93,United States
2480,Radiant Logistics,RLGT,408372128,8.72,United States
2481,LendingTree,TREE,406585664,28.96,United States
2482,Galectin Therapeutics,GALT,405415584,4.02,United States
2483,Monro,MNRO,405182208,12.96,United States
2484,Nathan's Famous,NATH,403496672,98.47,United States
2485,Everspin Technologies,MRAM,402992608,16.55,United States
2486,Xerox,XRX,401822400,3.06,United States
2487,Clearfield,CLFD,401134208,29.53,United States
2488,X4 Pharmaceuticals,XFOR,400552832,4.04,United States
2489,Parke Bancorp,PKBK,399772384,33.99,United States
2490,Lexeo Therapeutics,LXEO,398744800,4.86,United States
2491,Lifeway Foods,LWAY,398062784,26.35,United States
2492,Funko,FNKO,397569952,7.1,United States
2493,Primis Financial,FRST,397281152,16.02,United States
2494,NexPoint Real Estate Finance,NREF,397108544,17.24,United States
2495,Energy Recovery,ERII,396618688,7.77,United States
2496,Enanta Pharmaceuticals,ENTA,396105472,13.6,United States
2497,Acco Brands,ACCO,395999456,4.29,United States
2498,MVB Financial,MVBF,393977216,30.43,United States
2499,TruBridge,TBRG,393577312,26.24,United States
2500,CompX International,CIX,393539360,31.9,United States
2501,Aimco,AIV,393398688,2.55,United States
2502,L.B. Foster,FSTR,393018368,37.36,United States
2503,First Bancorp,FNLC,392174112,34.76,United States
2504,Orthofix Medical,OFIX,392090016,9.7,United States
2505,First Carolina Financial Services,FCBM,391156864,12.59,United States
2506,Genie Energy,GNE,391109600,14.86,United States
2507,Optimum Communications,OPTU,389060160,1.02,United States
2508,Ranger Energy Services,RNGR,387303488,16.55,United States
2509,Gladstone Land,LAND,386935072,8.97,United States
2510,"TWFG, Inc.",TWFG,386538784,30.01,United States
2511,"Deep Fission, Inc.",FISN,386422944,6.56,United States
2512,PCB Bancorp,PCB,386086112,27.49,United States
2513,Perma-Fix Environmental Services,PESI,384476544,18.12,United States
2514,Cerence,CRNC,384457184,8.5,United States
2515,Waterstone Financial,WSBF,378775968,21.07,United States
2516,Ring Energy,REI,377782432,1.45,United States
2517,"Mobia Medical, Inc.",MOBI,377521024,11.34,United States
2518,EyePoint Pharmaceuticals,EYPT,375608992,4.48,United States
2519,Orion Group Holdings,ORN,375391328,9.27,United States
2520,Build-A-Bear Workshop,BBW,374242688,29.85,United States
2521,Presidio Production Company,FTW,372269824,11.28,United States
2522,Simulations Plus,SLP,371934752,18.39,United States
2523,Open Lending,LPRO,371532640,3.14,United States
2524,Lands' End,LE,370427456,12.05,United States
2525,Genesco,GCO,369973280,33.31,United States
2526,Gogo Inflight Internet,GOGO,368581376,2.72,United States
2527,Alpine Income Property Trust,PINE,368034400,19.53,United States
2528,Artesian Resources,ARTNA,367955328,35.63,United States
2529,Upstream Bio,UPB,366418272,6.69,United States
2530,ZipRecruiter,ZIP,363439648,4.42,United States
2531,CION Investment Corporation,CION,363115968,7.38,United States
2532,Ribbon Communications,RBBN,363011424,2.03,United States
2533,"Suja Life, Inc.",SUJA,361916352,9.37,United States
2534,Southern States Bancshares,SSBK,361068608,36.37,United States
2535,MGP Ingredients,MGPI,360827200,16.85,United States
2536,Timberland Bancorp,TSBK,360791008,46.4,United States
2537,OPAL Fuels,OPAL,359998528,2.06,United States
2538,Zentalis Pharmaceuticals,ZNTL,359753248,3.8,United States
2539,Blend Labs,BLND,359500224,1.52,United States
2540,Clean Energy Fuels,CLNE,359325376,1.63,United States
2541,Chaince Digital Holdings,CD,358612384,3.26,United States
2542,Envela Corporation,ELA,358036320,13.79,United States
2543,Telos,TLS,357989216,4.79,United States
2544,Orion S.A.,OEC,357504032,6.34,United States
2545,ThredUp,TDUP,357227520,2.72,United States
2546,Foghorn Therapeutics,FHTX,356311904,6.0,United States
2547,Lyell Immunopharma,LYEL,356059680,14.53,United States
2548,Perspective Therapeutics,CATX,355011648,3.11,United States
2549,Paysafe,PSFE,354543040,6.79,United States
2550,Holley,HLLY,354003712,2.92,United States
2551,American Battery Technology Company,ABAT,350585056,2.57,United States
2552,Newegg,NEGG,350256192,16.7,United States
2553,ON24,ONTF,348249024,8.1,United States
2554,Bakkt Holdings,BKKT,346584128,7.69,United States
2555,Agenus,AGEN,344774080,7.66,United States
2556,Vista Gold,VGZ,344492352,2.36,United States
2557,NewtekOne,NEWT,344017152,11.91,United States
2558,Value Line,VALU,343672672,36.63,United States
2559,Syntec Optics,OPTX,343184608,8.52,United States
2560,Civeo,CVEO,342356768,33.12,United States
2561,Rocky Brands,RCKY,342005760,45.65,United States
2562,Portillo's,PTLO,340837792,4.7,United States
2563,Verano Holdings,VRNOF,340106912,0.94,United States
2564,Sutro Biopharma,STRO,339084960,20.45,United States
2565,Abeona Therapeutics,ABEO,338529376,5.92,United States
2566,Oportun Financial,OPRT,338466176,7.36,United States
2567,Cadiz Inc.,CDZI,337861504,3.99,United States
2568,Viemed Healthcare,VMD,335938144,8.82,United States
2569,Clearwater Paper,CLW,335780032,20.82,United States
2570,M-tron Industries,MPTI,334591744,76.98,United States
2571,Twin Disc,TWIN,333455776,23.12,United States
2572,Flexsteel Industries,FLXS,333389088,81.8,United States
2573,Nano Dimension,NNDM,333125632,1.58,United States
2574,CPI Card Group,PMTS,332429184,28.83,United States
2575,The RMR Group,RMR,332381184,19.46,United States
2576,PrimeEnergy Resources,PNRG,331871200,209.7,United States
2577,"Merlin, Inc.",MRLN,331502336,3.28,United States
2578,Public Policy Holding Company,PPHC,331173184,10.96,United States
2579,BayCom (United Business Bank),BCML,330770368,30.29,United States
2580,Repay Holdings,RPAY,329809632,3.74,United States
2581,CoastalSouth Bancshares,COSO,328627712,27.49,United States
2582,Dave & Buster's,PLAY,327013728,9.4,United States
2583,SuRo Capital,SSSS,326920416,12.54,United States
2584,TrueBlue,TBI,325754464,10.7,United States
2585,NACCO Industries,NC,324698688,43.06,United States
2586,John Marshall Bancorp,JMSB,323661792,22.935,United States
2587,Immuneering,IMRX,322840000,4.99,United States
2588,NL Industries,NL,321367392,6.5721,United States
2589,AVITA Medical,RCEL,320092896,10.35,United States
2590,Vanda Pharmaceuticals,VNDA,319847616,5.29,United States
2591,Movano,MOVE,317667520,11.49,United States
2592,Sanara MedTech,SMTI,317630368,34.57,United States
2593,Transcontinental Realty Investors,TCI,317091104,36.14,United States
2594,Fossil Group,FOSL,316388576,5.35,United States
2595,Alto Ingredients,ALTO,315703648,4.07,United States
2596,Friedman Industries,FRD,315343232,43.72,United States
2597,Horizon Technology Finance,HRZN,315059360,4.7,United States
2598,Maui Land &amp; Pineapple Company,MLP,312980288,15.76,United States
2599,Orchestra BioMed,OBIO,311644672,5.185,United States
2600,fuboTV,FUBO,311104064,10.3,United States
2601,Jack in the Box,JACK,310513376,16.19,United States
2602,NI Holdings,NODK,310355840,15.21,United States
2603,KinderCare Learning Companies,KLC,308144256,2.6,United States
2604,Zumiez,ZUMZ,306736896,18.18,United States
2605,Matrix Service Company,MTRX,304689600,10.83,United States
2606,Emergent BioSolutions,EBS,303025408,5.91,United States
2607,Ready Capital,RC,302885120,1.83,United States
2608,Treace Medical Concepts,TMCI,302410688,4.65,United States
2609,Myriad Genetics,MYGN,302252896,3.16,United States
2610,E. W. Scripps Company,SSP,302100928,3.26,United States
2611,Regional Management Corp.,RM,300299584,32.55,United States
2612,First Western Financial,MYFW,300082400,30.73,United States
2613,Chain Bridge Bancorp,CBNA,299940640,45.71,United States
2614,Alico,ALCO,299858208,40.42,United States
2615,Turn Therapeutics,TTRX,298818208,9.84,United States
2616,Gloo Holdings,GLOO,298621504,3.41,United States
2617,Strattec Security,STRT,298484512,75.04,United States
2618,C&amp;F Financial Corporation,CFFI,298342656,91.75,United States
2619,RCM Technologies,RCMT,297514144,41.84,United States
2620,TriSalus Life Sciences,TLSI,297405312,4.83,United States
2621,CapsoVision,CV,296778176,5.93,United States
2622,J.Jill,JILL,296038016,19.8,United States
2623,Onity Group,ONIT,295917088,35.42,United States
2624,Duos Technologies Group,DUOT,293953152,9.34,United States
2625,Fulcrum Therapeutics,FULC,293744416,3.85,United States
2626,Saratoga Investment,SAR,293315904,18.24,United States
2627,RxSight,RXST,293232448,7.05,United States
2628,Xperi,XPER,292630944,6.0,United States
2629,Fate Therapeutics,FATE,291163840,2.43,United States
2630,Jakks Pacific,JAKK,290932192,25.42,United States
2631,Cartesian Therapeutics,RNAC,290451392,9.6,United States
2632,Cresco Labs,CRLBF,290431968,0.78,United States
2633,Kingstone Companies,KINS,289522656,20.0,United States
2634,Princeton Bancorp,BPRN,287857728,42.25,United States
2635,8x8,EGHT,287426656,1.99,United States
2636,AIAI Holdings Corporation,AIAI,286890816,4.06,United States
2637,NexPoint Diversified Real Estate Trust,NXDT,286772544,5.4,United States
2638,Infinity Natural Resources,INR,286714400,15.38,United States
2639,Embecta,EMBC,286130976,5.05,United States
2640,B&amp;G Foods,BGS,286090368,3.52,United States
2641,Invivyd,IVVD,284294816,0.9645,United States
2642,Palladyne AI,PDYN,284189856,5.76,United States
2643,BRC Group Holdings,RILY,283408288,7.05,United States
2644,Biodesix,BDSX,283086496,26.83,United States
2645,Lightbridge Corporation,LTBR,282808608,7.55,United States
2646,Anika Therapeutics,ANIK,282380576,21.1,United States
2647,The Hackett Group,HCKT,282115072,11.34,United States
2648,Lineage Cell Therapeutics,LCTX,280727264,1.11,United States
2649,TechTarget,TTGT,280650720,3.88,United States
2650,Marine Products Corporation,MPX,280037408,8.18,United States
2651,"NN, Inc.",NNBR,279949152,3.39,United States
2652,Ames National Corp.,ATLO,279888160,31.6,United States
2653,Alliance Entertainment,AENT,279755936,5.49,United States
2654,Designer Brands,DBI,278766144,5.49,United States
2655,CS Disco,LAW,278343328,4.34,United States
2656,Rare Earths Americas,REA,278157248,13.94,United States
2657,Escalade Sports,ESCA,277799392,20.18,United States
2658,Microvast,MVST,277672352,0.7221,United States
2659,LiveWire Group,LVWR,277306816,1.35,United States
2660,Gencor Industries,GENC,277177152,18.91,United States
2661,Anavex Life Sciences,AVXL,277163552,2.99,United States
2662,LCNB Corp.,LCNB,276974432,19.43,United States
2663,ALX Oncology,ALXO,276553984,2.0,United States
2664,Runway Growth Finance,RWAY,276186272,6.59,United States
2665,Pure Cycle (water),PCYO,275432960,11.43,United States
2666,Western New England Bancorp,WNEB,275029376,13.72,United States
2667,Chicago Atlantic Real Estate Finance,REFI,273633856,10.68,United States
2668,Middlefield Banc,MBCN,273627936,33.67,United States
2669,BRT Apartments,BRT,273442176,14.55,United States
2670,Entrada Therapeutics,TRDA,272556672,7.0,United States
2671,Omega Flex,OFLX,272546688,27.0,United States
2672,Tredegar,TG,271639872,7.8,United States
2673,Soluna Holdings,SLNH,271495552,1.11,United States
2674,Hawthorn Bancshares,HWBK,270092544,39.14,United States
2675,Pyxis Oncology,PYXS,269408000,3.23,United States
2676,Xponential Fitness,XPOF,268877312,5.43,United States
2677,AerSale,ASLE,268701696,5.63,United States
2678,Conduent,CNDT,267495776,1.72,United States
2679,Sionna Therapeutics,SION,265032416,5.87,United States
2680,Amtech Systems,ASYS,263672000,15.06,United States
2681,U.S. Gold Corp,USAU,263592304,15.95,United States
2682,Whitehawk Therapeutics,WHWK,263381616,4.62,United States
2683,Richardson Electronics,RELL,263245280,17.71,United States
2684,MacroGenics,MGNX,263081776,4.13,United States
2685,Global Water Resources,GWRS,262901568,9.13,United States
2686,Asure Software,ASUR,261935504,9.07,United States
2687,Alector,ALEC,261277184,2.34,United States
2688,Slam Corp,SLMWF,261266432,11.14,United States
2689,Neumora Therapeutics,NMRA,261175296,1.39,United States
2690,National Bankshares,NKSH,260813168,40.94,United States
2691,CAMP4 Therapeutics,CAMP,260425792,4.15,United States
2692,Niagen Bioscience,NAGE,260324544,3.29,United States
2693,Eledon Pharmaceuticals,ELDN,260035696,3.2,United States
2694,One Stop Systems,OSS,259679408,10.41,United States
2695,USANA,USNA,259410544,14.04,United States
2696,Comstock Inc.,LODE,258376368,3.4,United States
2697,Ares Commercial Real Estate,ACRE,257987184,4.65,United States
2698,Silver Bow Mining,SBMT,256897952,8.7,United States
2699,SmartRent,SMRT,256759808,1.34,United States
2700,American Resources Corp,AREC,256731056,2.4,United States
2701,Aviat Networks,AVNW,256030784,20.0,United States
2702,SEACOR Marine,SMHI,255319888,9.41,United States
2703,Richmond Mutual Bancorporation,RMBI,254998512,15.9,United States
2704,Immersion Corporation,IMMR,253918032,7.65,United States
2705,Outdoor Holding Company,POWW,252913488,2.18,United States
2706,Standard BioTools,LAB,251996336,0.6419,United States
2707,Montauk Renewables,MNTK,251943808,1.77,United States
2708,OpGen,OPGN,251197920,24.75,United States
2709,Virginia National Bankshares,VABK,251190560,46.3,United States
2710,Lantronix,LTRX,250211296,5.37,United States
2711,Nature's Sunshine Products,NATR,250032336,14.21,United States
2712,Limoneira,LMNR,249859072,13.78,United States
2713,Stellus Capital Investment Corporation,SCM,248629824,8.73,United States
2714,Information Services Group,III,248361072,5.13,United States
2715,OraSure Technologies,OSUR,248287040,3.6,United States
2716,First Internet Bancorp,INBK,244627408,28.01,United States
2717,National CineMedia,NCMI,244583136,2.6,United States
2718,MBIA,MBI,244368768,4.79,United States
2719,Kaltura,KLTR,244081952,1.6,United States
2720,American Realty Investors,ARL,243895856,15.1,United States
2721,Akebia Therapeutics,AKBA,243465536,0.8786,United States
2722,Third Harmonic Bio,THRD,242787568,5.38,United States
2723,Acme United,ACU,241760880,63.06,United States
2724,PennantPark Investment,PNNT,241595552,3.7,United States
2725,Aeluma,ALMU,240532128,13.14,United States
2726,InfuSystem,INFU,239802848,12.04,United States
2727,"1-800-Flowers.com, Inc.",FLWS,239087344,3.73,United States
2728,Beyond Meat,BYND,238308336,13.86,United States
2729,Nu Skin,NUS,236081664,4.85,United States
2730,Forrester Research,FORR,235702816,12.38,United States
2731,Expensify,EXFY,235261584,2.58,United States
2732,FreightCar America,RAIL,235113488,7.17,United States
2733,FutureFuel,FF,234230128,5.34,United States
2734,LoveSac,LOVE,234068304,15.99,United States
2735,Tonix Pharmaceuticals,TNXP,233082416,13.59,United States
2736,Peoples Bancorp of North Carolina,PEBK,233074112,43.8,United States
2737,Chicago Atlantic BDC,LIEN,232770016,10.2,United States
2738,Silvaco Group,SVCO,232456320,6.86,United States
2739,Utah Medical Products,UTMD,231686432,72.77,United States
2740,Minerva Neurosciences,NERV,231098192,4.84,United States
2741,RCI Hospitality Holdings,RICK,230711008,30.18,United States
2742,Huuuge,HUG.WA,230295501,5.60002,United States
2743,Greenwich LifeSciences,GLSI,230007520,15.67,United States
2744,"TSS, Inc.",TSSI,229985408,8.15,United States
2745,Claros Mortgage Trust,CMTG,228556416,1.62,United States
2746,Hudson Technologies,HDSN,228540816,5.43,United States
2747,HireQuest,HQI,227525040,16.38,United States
2748,Franklin Covey,FC,227458592,20.14,United States
2749,HMH Holding,HMH,227364752,18.88,United States
2750,"AstroNova, Inc.",ALOT,227316416,28.99,United States
2751,Torrid Holding,CURV,226906480,2.28,United States
2752,OP Bancorp (Open Bank),OPBK,225930464,15.13,United States
2753,Protara Therapeutics,TARA,225744768,3.82,United States
2754,RGC Resources,RGCO,225687584,21.66,United States
2755,Neuronetics,STIM,224019840,2.94,United States
2756,Organogenesis,ORGO,223893712,1.74,United States
2757,Sidus Space,SIDU,223707984,2.21,United States
2758,Turtle Beach Corp,TBCH,222975904,12.45,United States
2759,Spok Holdings,SPOK,222778144,10.65,United States
2760,Core Molding Technologies,CMT,221225856,25.0,United States
2761,RideNow Group,RDNW,221192864,5.67,United States
2762,Shutterstock,SSTK,220577664,5.97,United States
2763,Smart Sand,SND,220475104,5.2,United States
2764,SIGA Technologies,SIGA,219860112,3.06,United States
2765,Jeld-Wen,JELD,219511360,2.53,United States
2766,Keros Therapeutics,KROS,218693872,11.03,United States
2767,Vuzix,VUZI,218632848,2.59,United States
2768,Voyager Therapeutics,VYGR,218127536,3.54,United States
2769,Coherus BioSciences,CHRS,217846352,1.41,United States
2770,Motorcar Parts of America,MPAA,217731888,11.5,United States
2771,Perma-Pipe International,PPIH,216468992,26.64,United States
2772,CARGO Therapeutics,CRGX,216188416,4.47,United States
2773,Modiv Industrial,MDV,215101808,18.05,United States
2774,Ohio Valley Banc Corp,OVBC,214751024,45.585,United States
2775,Precision BioSciences,DTIL,214740096,7.78,United States
2776,PepGen,PEPG,213041184,3.08,United States
2777,TPG Mortgage Investment Trust,MITT,212765264,6.69,United States
2778,Lifetime Brands,LCUT,211957072,9.22,United States
2779,Acumen Pharmaceuticals,ABOS,211166480,2.92,United States
2780,Corbus Pharmaceuticals,CRBP,211013488,10.91,United States
2781,Journey Medical,DERM,210836240,7.47,United States
2782,AN2 Therapeutics,ANTX,210568192,5.58,United States
2783,Immunic,IMUX,210124784,15.4,United States
2784,Kolibri Global Energy,KGEI,209479024,5.84,United States
2785,Oramed Pharmaceuticals,ORMP,209234688,5.03,United States
2786,Octave Specialty Group,OSG,209038896,4.64,United States
2787,Crexendo,CXDO,208501264,6.27,United States
2788,Angel Oak Mortgage REIT,AOMR,207788176,8.34,United States
2789,Commerce.com,CMRC,207147488,2.5,United States
2790,Stoneridge,SRI,204509008,7.17,United States
2791,"QumulusAI, Inc.",QMLS,204431536,6.11,United States
2792,Angi Inc.,ANGI,204403504,5.04,United States
2793,eGain,EGAN,203130592,7.4,United States
2794,American Well,AMWL,202914496,11.93,United States
2795,Pro-Dex,PDEX,199723040,62.555,United States
2796,Armata Pharmaceuticals,ARMP,199667232,5.37,United States
2797,OneWater Marine,ONEW,199487456,11.97,United States
2798,Quicklogic,QUIK,198014784,10.81,United States
2799,Nkarta,NKTX,197684432,2.76,United States
2800,Amplify Energy,AMPY,197332704,4.76,United States
2801,Rhinebeck Bancorp,RBKB,197013184,12.6,United States
2802,NeoVolta,NEOV,196603248,3.34,United States
2803,Unisys,UIS,196143920,2.69,United States
2804,FinWise Bancorp,FINW,195884608,14.11,United States
2805,Citizens Inc,CIA,194469536,3.84,United States
2806,Superior Group of Companies,SGC,194212560,12.18,United States
2807,"Belpointe PREP, LLC",OZ,194008464,47.86,United States
2808,SES AI,SES,193923408,0.5223,United States
2809,Taylor Devices,TAYD,193500896,60.0,United States
2810,GrafTech,EAF,193342928,7.41,United States
2811,Landmark Bancorp,LARK,193081904,31.65,United States
2812,Alta Equipment Group,ALTG,192407872,5.89,United States
2813,Korro Bio,KRRO,190108080,12.91,United States
2814,Lucid Diagnostics,LUCD,189306576,0.9914,United States
2815,Conexeu Sciences,CNXU,189181392,7.07,United States
2816,Hanover Bancorp,HNVR,189155920,26.81,United States
2817,Westwood Holdings Group,WHG,188763552,19.78,United States
2818,AirSculpt Technologies,AIRS,187447536,2.6,United States
2819,Tharimmune,THAR,187371472,4.74,United States
2820,flyExclusive,FLYX,186974448,1.23,United States
2821,Lee Enterprises,LEE,186584400,8.37,United States
2822,United Security Bancshares,UBFO,185027760,10.51,United States
2823,EVI Industries,EVI,184671776,14.35,United States
2824,Epsilon Energy,EPSN,182308352,6.02,United States
2825,"Domo, Inc.",DOMO,181559568,3.86,United States
2826,ECB Bancorp,ECBK,181219936,20.74,United States
2827,BV Financial,BVFL,180847392,21.35,United States
2828,Humacyte,HUMA,180596544,0.6501,United States
2829,MainStreet Bancshares,MNSB,179095056,25.15,United States
2830,TON Strategy Co.,TONX,178983968,3.25,United States
2831,Wheels Up,UP,177360544,4.89,United States
2832,PEDEVCO,PED,176517936,13.28,United States
2833,Red Robin,RRGB,175993936,9.31,United States
2834,DHI Group,DHX,174953968,4.05,United States
2835,Spruce Biosciences,SPRB,174682512,60.78,United States
2836,Codexis,CDXS,174114176,1.59,United States
2837,Streamex Corp.,STEX,174068272,0.7718,United States
2838,SB Financial Group,SBFG,172957760,27.66,United States
2839,Waldencast,WALD,171868240,1.34,United States
2840,Lifecore Biomedical,LFCR,171852896,4.54,United States
2841,Seven Hills Realty Trust,SEVN,171737072,7.58,United States
2842,GCT Semiconductor,GCTS,171063696,1.86,United States
2843,Quantum-Si,QSI,170729440,0.78,United States
2844,Tingo Group,TIO,166947568,0.69,United States
2845,Ellington Credit Company,EARN,166805472,4.44,United States
2846,Douglas Elliman,DOUG,166329568,1.83,United States
2847,Shimmick,SHIM,164929936,3.99,United States
2848,Atomera,ATOM,163900960,4.2,United States
2849,SKYX Platforms,SKYX,163871504,1.21,United States
2850,KORE Group,KORE,163005168,9.25,United States
2851,Quipt Home Medical,QIPT,162297152,3.65,United States
2852,Bassett Furniture,BSET,162255952,18.74,United States
2853,Orion Properties,ONL,162006976,2.84,United States
2854,NET Power,NPWR,161919648,1.83,United States
2855,LENZ Therapeutics,LENZ,160557968,5.11,United States
2856,The Eastern Company,EML,158382128,26.32,United States
2857,Inspired Entertainment,INSE,158184864,5.93,United States
2858,SITE Centers,SITC,156901264,2.99,United States
2859,Outlook Therapeutics,OTLK,156499536,0.6449,United States
2860,BCB Bancorp,BCBP,155675680,8.6,United States
2861,CuriosityStream,CURI,154872240,2.61,United States
2862,Tenaya Therapeutics,TNYA,154741136,0.6901,United States
2863,DeFi Development,DFDV,154368992,4.98,United States
2864,NRx Pharmaceuticals,NRXP,153699968,3.55,United States
2865,OnKure Therapeutics,OKUR,153481008,3.79,United States
2866,Assertio Holdings,ASRT,151861232,23.5,United States
2867,WhiteHorse Finance,WHF,151838656,7.07,United States
2868,Equillium,EQ,151545312,2.39,United States
2869,LifeMD,LFMD,151350624,3.14,United States
2870,ReposiTrak,TRAK,150840592,8.3,United States
2871,Stratus Properties,STRS,150633984,18.87,United States
2872,1stdibs.com,DIBS,149924208,4.46,United States
2873,OptimizeRx,OPRX,149745808,7.95,United States
2874,Elme Communities,ELME,149281232,1.68,United States
2875,Braemar Hotels &amp; Resorts,BHR,149053392,2.03,United States
2876,Mammoth Energy Services,TUSK,148714224,3.09,United States
2877,Hurco Companies,HURC,148502064,22.93,United States
2878,KORU Medical Systems,KRMD,148363584,3.23,United States
2879,Oxford Square Capital,OXSQ,147021120,1.365,United States
2880,RGP (Resources Connection),RGP,146385408,4.25,United States
2881,Inogen,INGN,145960848,5.5,United States
2882,"Owlet, Inc.",OWLT,145816160,4.99,United States
2883,Clarus,CLAR,145494992,3.8,United States
2884,Stereotaxis,STXS,145293152,1.45,United States
2885,Cable One,CABO,144685088,25.5,United States
2886,ChargePoint,CHPT,144249808,5.57,United States
2887,First Guaranty Bancshares,FGBI,144220912,8.72,United States
2888,Proficient Auto Logistics,PAL,143911504,5.13,United States
2889,PLBY Group (Playboy),PLBY,143769232,1.2,United States
2890,Hooker Furnishings,HOFT,143615856,13.37,United States
2891,inTEST Corporation,INTT,141724944,11.05,United States
2892,Solana Company,HSDT,141473360,2.34,United States
2893,Legacy Education,LGCY,141196736,11.16,United States
2894,Clipper Realty,CLPR,141016864,3.32,United States
2895,DMC Global,BOOM,140910912,6.86,United States
2896,Affinity Bancshares,AFBI,140182352,23.0,United States
2897,Duluth Holdings,DLTH,139847632,3.68,United States
2898,Oconee Federal Financial,OFED,139682928,24.0,United States
2899,Unifi,UFI,138672720,7.46,United States
2900,Skillz,SKLZ,137970800,8.84,United States
2901,KVH Industries,KVHI,136420032,7.52,United States
2902,Medifast,MED,136180960,12.18,United States
2903,NCS Multistage,NCSM,135530368,51.64,United States
2904,Insight Molecular Diagnostics,IMDX,135151296,4.13,United States
2905,Digimarc,DMRC,135076720,6.01,United States
2906,Lake Shore Bancorp,LSBK,134928080,17.18,United States
2907,Aemetis,AMTX,134235440,1.86,United States
2908,Inovio Pharmaceuticals,INO,133382800,1.29,United States
2909,Smith-Midland Corporation,SMID,133145616,25.1,United States
2910,Rafael Holdings,RFL,133119984,2.56,United States
2911,Apyx Medical,APYX,129741992,3.08,United States
2912,U.S. GoldMining,USGO,129128768,9.2,United States
2913,Vivani Medical,VANI,128088768,1.42,United States
2914,vTv Therapeutics,VTVT,127949112,32.36,United States
2915,Commercial Vehicle Group (CVG),CVGI,126773960,3.12,United States
2916,Aardvark Therapeutics,AARD,126713256,5.79,United States
2917,MaxCyte,MXCT,125911576,1.22,United States
2918,Magyar Bancorp,MGYR,125783144,19.485,United States
2919,Quanterix,QTRX,124853696,2.64,United States
2920,Vaxart,VXRT,123611928,0.5083,United States
2921,Tillys,TLYS,120734144,3.96,United States
2922,Rent the Runway,RENT,120575272,3.59,United States
2923,Genelux,GNLX,120352600,2.66,United States
2924,Black Rifle Coffee Company (BRCC),BRCC,120227352,8.44,United States
2925,Fonar Corporation,FONR,120195888,19.09,United States
2926,Sound Financial Bancorp,SFBC,120184408,46.8,United States
2927,Health Catalyst,HCAT,119657656,1.59,United States
2928,ALT5 Sigma,ALTS,119560224,0.855,United States
2929,KULR Technology Group,KULR,119403224,2.58,United States
2930,The Joint Corp.,JYNT,119226792,8.43,United States
2931,Seritage Growth Properties,SRG,118844920,2.11,United States
2932,Anixa Biosciences,ANIX,118400264,3.48,United States
2933,Rani Therapeutics,RANI,118036392,0.84,United States
2934,Lakeland Industries,LAKE,117048280,11.86,United States
2935,Union Bankshares,UNB,116722488,23.6,United States
2936,a.k.a. Brands,AKA,116505232,10.6,United States
2937,Provident Financial Holdings,PROV,114945048,18.35,United States
2938,Venu Holding Corporation,VENU,113545312,2.02,United States
2939,Team Inc,TISI,113388592,24.74,United States
2940,Nautilus Biotechnology,NAUT,112709952,0.8857,United States
2941,Fluent,FLNT,110940872,3.51,United States
2942,GoPro,GPRO,110684200,0.5999,United States
2943,Seer Inc,SEER,109636592,1.98,United States
2944,Cherry Hill Mortgage Investment,CHMI,109438984,2.92,United States
2945,Kewaunee Scientific Corporation,KEQU,108372344,37.78,United States
2946,Orion Energy Systems,OESX,108366080,26.5,United States
2947,First Northwest Bancorp,FNWB,108051944,11.36,United States
2948,Ultralife Corporation,ULBI,107811344,6.47,United States
2949,Coya Therapeutics,COYA,107671528,4.59,United States
2950,Getty Images,GETY,107443912,0.2552,United States
2951,Stabilis Solutions,SLNG,106835744,5.745,United States
2952,Townsquare Media,TSQ,105378880,5.78,United States
2953,Fractyl Health,GUTS,104899512,0.659,United States
2954,HilleVax,HLVX,104762376,2.09,United States
2955,Zevia,ZVIA,103876584,1.44,United States
2956,Smith Douglas Homes,SDHC,103563256,12.34,United States
2957,INNOVATE Corp.,VATE,103541768,7.59,United States
2958,Broadwind,BWEN,103382712,4.37,United States
2959,Buzzfeed,BZFD,103335072,1.24,United States
2960,Riverview Bancorp,RVSB,102958440,5.16,United States
2961,Polaryx Therapeutics,PLYX,102682744,2.06,United States
2962,Pulmonx,LUNG,102216880,2.38,United States
2963,LENSAR,LNSR,101972680,8.3,United States
2964,PhenixFIN,PFX,101807832,52.7154,United States
2965,Tile Shop Holdings,TTSH,101545432,2.55,United States
2966,Pathfinder Bancorp,PBHC,101148944,16.11,United States
2967,ReneSola,SOL,99563952,1.94,United States
2968,ACRES Commercial Realty,ACR,99550168,13.96,United States
2969,Wrap Technologies,WRAP,99460136,1.61,United States
2970,Microbot Medical,MBOT,99403904,1.48,United States
2971,Park Dental Partners,PARK,99147632,20.85,United States
2972,Verrica Pharmaceuticals,VRCA,97747304,5.69,United States
2973,Vince Holding,VNCE,97125544,7.56,United States
2974,HF Foods Group,HFFG,97021696,1.8,United States
2975,Logistic Properties of the Americas,LPA,96680840,3.05,United States
2976,BCP Investment Corporation,BCIC,96344816,7.78,United States
2977,Cullman Bancorp,CULL,95976728,16.7,United States
2978,GrowGeneration,GRWG,95451128,1.62,United States
2979,Zomedica Pharmaceuticals,ZOM,95349136,0.0973,United States
2980,Atlas Lithium,ATLX,94814384,3.15,United States
2981,MediaCo Holding,MDIA,94522336,1.125,United States
2982,Aptera Motors,SEV,94465472,2.33,United States
2983,Arq Inc.,ARQ,94323928,2.16,United States
2984,Vera Bradley,VRA,94130616,3.31,United States
2985,Chegg,CHGG,93718296,0.8441,United States
2986,Accendra Health,ACH,93054696,1.21,United States
2987,Virco Manufacturing,VIRC,92961600,5.91,United States
2988,Fortress Biotech,FBIO,92382248,2.77,United States
2989,Atara Biotherapeutics,ATRA,92346928,9.2,United States
2990,SelectQuote,SLQT,91818024,0.52,United States
2991,Momentus Inc.,MNTS,90049936,4.1,United States
2992,AMC Robotics Corporation,AMCI,90040928,3.88,United States
2993,AudioEye,AEYE,89998864,7.16,United States
2994,Golden Matrix Group,GMGI,89996768,0.6372,United States
2995,Siebert Financial,SIEB,89660656,2.19,United States
2996,Drilling Tools International,DTI,89616848,2.54,United States
2997,Aldeyra Therapeutics,ALDX,89584736,1.485,United States
2998,Rallybio,RLYB,89269488,16.81,United States
2999,SkinHealth Systems,SKIN,89146424,0.685,United States
3000,Surf Air Mobility,SRFM,88739472,0.7177,United States
3001,Hyperfine,HYPR,88359752,0.8332,United States
3002,Acrivon Therapeutics,ACRV,88277920,2.06,United States
3003,Noodles &amp; Company,NDLS,88157400,14.775,United States
3004,Martin Midstream Partners,MMLP,88030544,2.25,United States
3005,Summit State Bank,SSBI,87086344,12.87,United States
3006,electroCore,ECOR,86777896,9.625,United States
3007,Velo3D,VLDX,86513896,6.15,United States
3008,"Air T, Inc.",AIRT,86218200,32.15,United States
3009,Definitive Healthcare,DH,85651960,0.8024,United States
3010,Great Elm Capital,GECC,85144168,6.13,United States
3011,Adicet Bio,ACET,84815104,9.06,United States
3012,Thryv,THRY,84434312,1.9,United States
3013,Tigo Energy,TYGO,83683352,1.09,United States
3014,New Fortress Energy,NFE,83576704,0.2926,United States
3015,Gossamer Bio,GOSS,83152832,0.1701,United States
3016,Jushi Holdings,JUSHF,82261016,0.41193,United States
3017,Charlotte's Web,CWEB.TO,81924052,0.301978,United States
3018,Sera Prognostics,SERA,81660384,2.07,United States
3019,"SoundThinking 
 (ShotSpotter)",SSTI,81615496,6.2,United States
3020,Marchex,MCHX,81581712,1.84,United States
3021,Ispire Technology,ISPR,81507136,1.42,United States
3022,Advanced Flower Capital,AFCG,81150936,3.6,United States
3023,PodcastOne,PODC,81077224,2.68,United States
3024,MAIA Biotechnology,MAIA,80909496,1.33,United States
3025,LanzaTech Global,LNZA,80760136,6.17,United States
3026,Ascend Wellness (AWH),AAWH,80512904,0.3962,United States
3027,Veritone,VERI,80194880,0.7983,United States
3028,Lifevantage,LFVN,80173552,6.355,United States
3029,Hennessy Advisors,HNNA,80149928,10.1399,United States
3030,Upexi,UPXI,79328552,1.08,United States
3031,Interlink Electronics,LINK,79239648,5.03,United States
3032,Usio,USIO,78932296,2.77,United States
3033,Silvercrest Asset Management Group,SAMG,78921784,10.09,United States
3034,Rapid Micro Biosystems,RPID,78750504,1.57,United States
3035,CVRx,CVRX,78592712,2.95,United States
3036,Telomir Pharmaceuticals,TELO,78403456,1.14,United States
3037,Comscore,SCOR,78351120,5.16,United States
3038,Blackboxstocks,BLBX,78138184,18.15,United States
3039,Solitario Resources,XPL,77574984,0.8193,United States
3040,Cingulate,CING,77435224,5.325,United States
3041,Home Federal Bancorp (HFB Bank),HFBL,77323896,25.415,United States
3042,Blink Charging,BLNK,77179872,0.5325,United States
3043,Northern Technologies International,NTIC,77169968,8.13,United States
3044,Steel Connect,STCN,77168096,12.18,United States
3045,Ideal Power,IPWR,77078536,4.69,United States
3046,Sono-Tek Corporation,SOTK,76854776,4.89,United States
3047,OS Therapies,OSTX,76212096,1.64,United States
3048,The InterGroup Corporation,INTG,76067952,35.4,United States
3049,Full House Resorts,FLL,75487624,2.06,United States
3050,Rekor Systems,REKR,75466096,0.5483,United States
3051,Battalion Oil,BATL,75039624,1.31,United States
3052,LeonaBio,LONA,74808008,7.94,United States
3053,Westwater Resources,WWR,74310472,0.578,United States
3054,Research Solutions,RSSS,74253520,2.22,United States
3055,Outset Medical,OM,74060824,3.94,United States
3056,AMCON Distributing Company,DIT,73946536,75.76,United States
3057,Annovis Bio,ANVS,73282584,1.72,United States
3058,Laser Photonics,LASE,73259464,1.46,United States
3059,Airship AI,AISP,71978680,2.09,United States
3060,United Homes Group,UHG,71769208,1.22,United States
3061,Inseego,INSG,71617512,4.4,United States
3062,MediciNova,MNOV,70632488,1.435,United States
3063,Spero Therapeutics,SPRO,69881800,1.2,United States
3064,XBiotech,XBIT,69207152,2.27,United States
3065,TTEC,TTEC,69014312,1.4,United States
3066,NSTS Bancorp,NSTS,68799600,13.99,United States
3067,Pliant Therapeutics,PLRX,68733304,1.11,United States
3068,Geospace Technologies,GEOS,68299984,5.28,United States
3069,Travelzoo,TZOO,68151608,6.68,United States
3070,AgEagle Aerial Systems,UAVS,67938160,1.08,United States
3071,WM Technology,MAPS,67937936,0.3901,United States
3072,Forian,FORA,67792720,2.17,United States
3073,Great Elm Group,GEG,67731136,2.16,United States
3074,Vivid Seats,SEAT,67671992,6.02,United States
3075,5E Advanced Materials,FEAM,67669816,1.63,United States
3076,iBio,IBIO,67562840,1.36,United States
3077,Identiv,INVE,66890676,2.76,United States
3078,Regis Corporation,RGS,66842312,26.75,United States
3079,eXoZymes,EXOZ,66525996,7.1677,United States
3080,Hain Celestial,HAIN,66056520,0.7319,United States
3081,Genasys,GNSS,66035912,1.45,United States
3082,Rein Therapeutics,RNTX,65744104,0.7621,United States
3083,Where Food Comes From,WFCF,65482568,13.15,United States
3084,Airgain,AIRG,65407024,5.16,United States
3085,MindWalk Holdings,HYFT,65312340,1.39,United States
3086,PMV Pharmaceuticals,PMVP,65218828,1.22,United States
3087,Hour Loop,HOUR,64767668,1.84,United States
3088,INmune Bio,INMB,64666324,2.33,United States
3089,American Vanguard,AVD,64606384,2.19,United States
3090,Boundless Bio,BOLD,64376792,2.83,United States
3091,Solidion Technology,STI,64271424,7.55,United States
3092,Off the Hook YS Inc,OTH,64247460,2.57,United States
3093,Myomo,MYO,63372572,1.6,United States
3094,Prairie Operating,PROP,62997688,0.5585,United States
3095,GEN Restaurant Group,GENK,62962420,1.91,United States
3096,"FreeCast, Inc.",CAST,62807008,1.32,United States
3097,Global Self Storage,SELF,62703592,5.49,United States
3098,Serina Therapeutics,SER,62485164,2.46,United States
3099,Talphera,TLPH,62286956,1.2,United States
3100,Skillsoft,SKIL,62144976,6.93,United States
3101,Heron Therapeutics,HRTX,62005760,0.3266,United States
3102,Energous,WATT,61350492,11.1,United States
3103,Greenland Energy Company,GLND,61222268,1.4,United States
3104,SunPower,SPWR,61135748,0.2928,United States
3105,Marpai,MRAI,60903724,2.27,United States
3106,ImageneBio,IMA,60737856,5.34,United States
3107,BranchOut Food,BOF,60651480,3.96,United States
3108,Playstudios,MYPS,60012644,0.4996,United States
3109,Idaho Copper Corporation,COPR,59857340,3.38,United States
3110,iLearningEngines,AILE,59292656,0.42,United States
3111,CarParts.com,PRTS,58877920,7.27,United States
3112,Mesa Air,MESA,58631804,1.4,United States
3113,MiNK Therapeutics,INKT,58318128,11.4282,United States
3114,Universal Electronics,UEIC,58240480,4.52,United States
3115,Sensus Healthcare,SRTS,57946448,3.52,United States
3116,Verde Clean Fuels,VGAS,57914508,1.3,United States
3117,Intellicheck,IDN,57557552,2.84,United States
3118,BG Staffing,BGSF,57555524,5.37,United States
3119,Castellum,CTM,57522760,0.6069,United States
3120,TechPrecision,TPCS,57420268,5.685,United States
3121,tinyBuild,8Z3.F,56944532,0.144793,United States
3122,Saga Communications,SGA,56649672,8.91,United States
3123,MicroVision,MVIS,56283488,1.84,United States
3124,The Children's Place,PLCE,54925560,2.47,United States
3125,Allied Esports,AESE,54324936,1.3899,United States
3126,VIDA Global Inc.,VIDA,54025204,2.7,United States
3127,Xtant Medical,XTNT,53870580,0.384,United States
3128,Kezar Life Sciences,KZR,53856340,7.29,United States
3129,SCYNEXIS,SCYX,53628392,5.39,United States
3130,IZEA Worldwide,IZEA,53467996,3.07,United States
3131,AEye,LIDR,53461556,1.15,United States
3132,TransAct Technologies,TACT,53377516,5.17,United States
3133,The Arena Group,AREN,53323932,1.12,United States
3134,LiveOne,LVO,53064620,3.87,United States
3135,aTyr Pharma,ATYR,52967212,0.54,United States
3136,Cato Fashion,CATO,52890976,2.65,United States
3137,The ONE Group Hospitality,STKS,52712380,1.67,United States
3138,"Stem, Inc",STEM,52369488,5.44,United States
3139,Devolver Digital,DEVO.L,52176366,0.103151,United States
3140,Luna Innovations,LUNA,52045528,1.5,United States
3141,BBX Capital Corporation,BBXIA,51848404,3.75,United States
3142,Granite Point Mortgage Trust,GPMT,51753196,1.08,United States
3143,Precipio,PRPO,51646924,28.85,United States
3144,Greenidge Generation Holdings,GREE,51500392,2.84,United States
3145,Instil Bio,TIL,51407384,7.58,United States
3146,Seres Therapeutics,MCRB,51328832,5.11,United States
3147,TScan Therapeutics,TCRX,51071668,0.7535,United States
3148,Comtech Telecommunications,CMTL,50934436,1.7,United States
3149,Hyperion DeFi,HYPD,50658556,3.26,United States
3150,MarketWise,MKTW,50282760,18.005,United States
3151,"RYTHM, Inc.",RYM,49752312,23.15,United States
3152,374Water,SCWO,49433664,2.79,United States
3153,Odyssey Marine Exploration,OMEX,48361704,0.824,United States
3154,Vroom,VRM,48051388,9.18,United States
3155,"Xos, Inc.",XOS,47771980,3.36,United States
3156,Elauwit Connection,ELWT,47066752,7.11,United States
3157,Teads,TEAD,46826112,0.4775,United States
3158,the Marygold Companies,MGLD,46810756,1.08,United States
3159,Manhattan Bridge Capital,LOAN,46558948,4.075,United States
3160,Ocean Power Technologies,OPTT,46193740,0.171,United States
3161,Reading International,RDI,46009156,2.01,United States
3162,Werewolf Therapeutics,HOWL,45843496,0.9433,United States
3163,Planet13,PLTH.CN,45807679,0.136609,United States
3164,Celularity,CELU,45734620,1.58,United States
3165,Sportsman's Warehouse,SPWH,45262964,1.16,United States
3166,Metagenomi,MGX,44954756,1.19,United States
3167,Filana Therapeutics,FLNA,44878036,0.929,United States
3168,Veru,VERU,44757088,2.625,United States
3169,Grace Therapeutics,GRCE,44596168,2.12,United States
3170,Abundia Global Impact Group,AGIG,44591824,1.01,United States
3171,Milestone Scientific,MLSS,44547068,0.502,United States
3172,Rave Restaurant Group,RAVE,44482208,3.13,United States
3173,Laird Superfood,LSF,43876108,3.92,United States
3174,"Culp, Inc.",CULP,43756532,3.44,United States
3175,AXIL Brands,AXIL,43494592,6.375,United States
3176,GenFlat Holdings,GFLT,42985168,3.28,United States
3177,Heritage Global,HGBL,42952912,1.24,United States
3178,Sachem Capital,SACH,42871440,0.894,United States
3179,Phunware,PHUN,42766992,2.09,United States
3180,Grove Collaborative,GROV,42654076,0.9989,United States
3181,The Beachbody Company,BODI,42542860,5.84,United States
3182,Karyopharm Therapeutics,KPTI,42414332,1.87,United States
3183,Franklin Street Properties,FSP,42155944,0.4053,United States
3184,Ekso Bionics,EKSO,42047896,11.8,United States
3185,Pixelworks,PXLW,41922292,6.93,United States
3186,Massimo Motor,MAMO,41640952,1.0,United States
3187,U.S. Global Investors,GROW,41305972,3.33,United States
3188,PetMed Express,PETS,40756360,1.88,United States
3189,Lulu's Fashion Lounge,LVLU,40632800,14.15,United States
3190,Elite Express,ETS,39923316,0.8195,United States
3191,Kartoon Studios,TOON,39810624,0.64,United States
3192,Gaia,GAIA,39409976,1.55,United States
3193,PAVmed,PAVM,39339916,4.92,United States
3194,DocGo,DCGO,39324028,0.3975,United States
3195,CervoMed,CRVO,39309648,2.6,United States
3196,Plutus Financial Group,PLUT,39142500,2.55,United States
3197,Elutia,ELUT,38974524,0.88,United States
3198,Lument Finance Trust,LFT,38934212,0.7418,United States
3199,NextNRG,NXXT,38825580,0.2308,United States
3200,Scilex Holding,SCLX,38198620,5.43,United States
3201,eHealth,EHTH,38089224,1.2,United States
3202,Enzo Biochem,ENZB,36587800,0.69887,United States
3203,Harvard Bioscience,HBIO,36099776,7.93,United States
3204,Beasley Broadcast Group,BBGI,36036008,19.45,United States
3205,Spruce Power,SPRU,36001588,1.87,United States
3206,Century Casinos,CNTY,35734868,1.27,United States
3207,Southland Holdings,SLND,35567996,0.6534,United States
3208,Context Therapeutics,CNTX,35254040,0.3837,United States
3209,MariMed,MRMD,35064536,0.087,United States
3210,LivePerson,LPSN,34791176,2.82,United States
3211,VirTra,VTSI,34524852,3.05,United States
3212,LianBio,LIAN,34472096,0.319,United States
3213,Destination XL,DXLG,34274844,0.6201,United States
3214,CleanCore Solutions,ZONE,33579348,0.1513,United States
3215,Workhorse Group,WKHS,33550756,3.07,United States
3216,BioLargo,BLGO,33530598,0.102,United States
3217,Knightscope,KSCP,33301882,1.41,United States
3218,Koss,KOSS,33132532,3.5,United States
3219,Rockwell Medical,RMTI,32928900,8.17,United States
3220,KLX Energy Services,KLXE,32721264,1.53,United States
3221,Accuray,ARAY,32714426,0.2739,United States
3222,Beam Global,BEEM,32636332,1.47,United States
3223,NOMADAR,NOMA,32553918,2.13,United States
3224,Kyntra Bio,KYNB,32473976,8.02,United States
3225,Harte Hanks,HHS,32351402,4.34,United States
3226,Cryo-Cell International,CCEL,32250600,4.0,United States
3227,First Breach Inc.,FBDT,32224672,0.7006,United States
3228,IGC Pharma,IGC,32049042,0.31,United States
3229,Pioneer Power Solutions,PPSI,31854892,2.87,United States
3230,Actinium Pharmaceuticals,ATNM,31688744,1.01,United States
3231,Salem Media Group,SALM,31670764,1.0,United States
3232,NanoViricides,NNVC,31653916,1.24,United States
3233,TELA Bio,TELA,31426328,0.7,United States
3234,Latch,LTCH,31309022,0.189,United States
3235,Enviva,EVA,31273630,0.4198,United States
3236,Crown Crafts,CRWS,30882022,2.87,United States
3237,Old Market Capital Corporation,OMCC,30678916,4.5,United States
3238,Sangamo Therapeutics,SGMO,30657374,0.074,United States
3239,Ascent Solar Technologies,ASTI,30529100,3.11,United States
3240,Quest Resource Holding,QRHC,29951854,1.42,United States
3241,Katapult Holdings,KPLT,28342708,5.7,United States
3242,Live Ventures,LIVE,28228518,9.19,United States
3243,Farmer Brothers,FARM,28089448,1.28,United States
3244,Exyn Technologies,EXYN,28077468,3.53,United States
3245,GEE Group,JOB,27797284,0.253,United States
3246,Cel-Sci,CVM,27438820,1.56,United States
3247,BeyondSpring,BYSI,27361130,0.6654,United States
3248,PermRock Royalty Trust,PRT,27007926,2.22,United States
3249,Femasys,FEMY,26800086,3.2,United States
3250,Zoom Telephonics,MINM,26534076,3.61,United States
3251,Lantern Pharma,LTRN,26463182,2.07,United States
3252,HeartBeam,BEAT,26309428,0.4669,United States
3253,Hoth Therapeutics,HOTH,26013596,1.36,United States
3254,Atossa Therapeutics,ATOS,25746588,2.58,United States
3255,TherapeuticsMD,TXMD,25695084,2.22,United States
3256,Zeo Energy,ZEO,25497776,0.28,United States
3257,FingerMotion,FNGR,24401524,0.398,United States
3258,SPI Energy,SPI,24207974,0.766,United States
3259,Aytu BioScience,AYTU,24149718,2.25,United States
3260,Cardlytics,CDLX,23672638,4.02,United States
3261,Biofrontera,BFRI,23615252,1.59,United States
3262,Jasper Therapeutics,JSPR,23282210,0.6997,United States
3263,Local Bounti,LOCL,23225810,0.9934,United States
3264,Allbirds,BIRD,22367370,2.54,United States
3265,Urban One,UONE,22059528,4.78,United States
3266,Retractable Technologies,RVP,21854128,0.73,United States
3267,Ashford Hospitality Trust,AHT,21760524,3.25,United States
3268,180 Life Sciences,ATNF,21620372,3.58,United States
3269,Offerpad,OPAD,21288260,4.405,United States
3270,Cocrystal Pharma,COCP,21189520,1.1,United States
3271,Cytosorbents,CTSO,21090026,0.3356,United States
3272,America's Car-Mart,CRMT,20619114,2.38,United States
3273,Barfresh Food Group,BRFH,20385216,1.25,United States
3274,Neuphoria Therapeutics,NEUP,20321112,3.76,United States
3275,Avant Technologies Inc.,AVAI,20316986,0.132,United States
3276,SPAR Group,SGRP,19169028,0.675,United States
3277,Mobix Labs,MOBX,18842114,1.11,United States
3278,Palatin Technologies,PTN,18646802,10.48,United States
3279,Energy Focus,EFOI,18407052,2.89,United States
3280,T Stamp Inc. (TrustStamp),IDAI,18045732,3.2,United States
3281,Lipocine,LPCN,17890030,2.17,United States
3282,Motorsport Gaming,MSGM,17850440,3.89,United States
3283,Cyclerion Therapeutics,CYCN,17742320,3.79,United States
3284,Tempest Therapeutics,TPST,17532152,1.06,United States
3285,Game Your Game,GYGY,16982560,1.18,United States
3286,Know Labs,KNW,16795408,2.24,United States
3287,Camber Energy,CEI,16771320,0.0954,United States
3288,Dragonfly Energy,DFLI,16626472,1.11,United States
3289,Citius Pharmaceuticals,CTXR,16529193,0.6021,United States
3290,System1,SST,16459862,1.89,United States
3291,Adial Pharmaceuticals,ADIL,16428742,5.6,United States
3292,Austin Gold,AUST,16294672,1.19,United States
3293,Smith Micro Software,SMSI,16266551,2.91,United States
3294,Scienture Holdings,SCNX,16179272,0.394,United States
3295,Cyngn,CYN,15884359,1.1013,United States
3296,Psychemedics,PMD,15738209,2.67,United States
3297,AEON Biopharma,AEON,15673174,0.3142,United States
3298,AppTech Payments,APCX,15121418,0.36,United States
3299,Astrotech,ASTC,15069312,7.15,United States
3300,Synlogic,SYBX,14943719,1.22,United States
3301,iRobot,IRBT,14843741,0.4664,United States
3302,Office Properties Income Trust,OPI,14795239,0.2,United States
3303,Passage Bio,PASG,14544501,4.52,United States
3304,The Cannabist Company,CBSTF,14475953,0.0291,United States
3305,The Glimpse Group,VRAR,14332026,0.68,United States
3306,Dolphin Entertainment,DLPN,14328106,1.1,United States
3307,Dare Bioscience,DARE,14240763,0.735,United States
3308,FGI Industries,FGI,14233467,7.37,United States
3309,HOOKIPA Pharma,HOOK,14232977,1.15,United States
3310,Upland Software,UPLD,13898797,4.7,United States
3311,Intensity Therapeutics,INTS,13875736,4.25,United States
3312,SolarMax Technology,SMXT,13847268,2.92,United States
3313,ESS Tech,GWH,13795256,0.3504,United States
3314,Bionano Genomics,BNGO,13779089,1.17,United States
3315,Natural Health Trends,NHTC,13724559,1.6,United States
3316,HeartSciences Inc.,HSCS,13653177,3.03,United States
3317,SeaStar Medical,ICU,13617138,3.09,United States
3318,Flux Power,FLUX,13478931,0.6234,United States
3319,KALA BIO,KALA,13346387,0.6901,United States
3320,Air Industries Group,AIRI,13290803,2.74,United States
3321,Phio Pharmaceuticals,PHIO,13127494,1.13,United States
3322,Clean Energy Technologies,CETY,12531089,1.03,United States
3323,Quoin Pharmaceuticals,QNRX,12291518,6.12,United States
3324,BrainStorm Cell Therapeutics,BCLI,12138253,1.1,United States
3325,PDS Biotechnology,PDSB,11804354,0.2109,United States
3326,Urgent.ly Inc.,ULY,11787284,5.38,United States
3327,Senti Biosciences,SNTI,11741572,0.377,United States
3328,Arrive AI,ARAI,11677334,0.2251,United States
3329,Inuvo,INUV,11523321,0.6991,United States
3330,Cambium Networks,CMBM,11325767,0.401,United States
3331,"Reed's, Inc.",REED,11264232,0.95,United States
3332,VistaGen Therapeutics,VTGN,11222921,0.2529,United States
3333,Lunai Bioworks,LNAI,10745319,2.37,United States
3334,Azitra,AZTR,10720802,0.1769,United States
3335,Gaxos.ai,GXAI,10718533,0.7794,United States
3336,Phoenix Motor,PEV,10575262,0.23,United States
3337,Rocky Mountain Chocolate Factory,RMCF,10572337,1.12,United States
3338,Aprea Therapeutics,APRE,10558926,0.8386,United States
3339,Reborn Coffee,REBN,10348953,1.26,United States
3340,CISO Global,CISO,10193195,0.2239,United States
3341,Bullfrog AI,BFRG,10014346,0.5401,United States
3342,SINTX Technologies,SINT,9996801,1.5,United States
3343,Ryvyl Inc.,RVYL,9994965,7.81,United States
3344,reAlpha Tech,AIRE,9666727,1.61,United States
3345,FibroBiologics,FBLG,9587798,1.44,United States
3346,Superior Industries International,SUP,9576233,0.3249,United States
3347,Xenetic Biosciences,XBIO,9325860,3.98,United States
3348,Trio Petroleum,TPET,9256370,0.2091,United States
3349,Solo Brands,SBDS,9142115,3.56,United States
3350,Gauzy,GAUZ,8995060,0.3913,United States
3351,Imunon,IMNN,8978245,1.6,United States
3352,GoHealth,GOCO,8937260,0.305,United States
3353,Carver Bancorp,CARV,8920743,1.53,United States
3354,SUNation Energy Inc.,SUNE,8906050,2.16,United States
3355,Wellgistics Health,WGRX,8847256,3.52,United States
3356,AMASS Brands Inc.,AMSS,8830306,0.7609,United States
3357,Northann Corp,NCL,8543560,0.159,United States
3358,Co-Diagnostics,CODX,8447396,1.21,United States
3359,SeaChange International,SEAC,8398952,3.25,United States
3360,Trinseo,TSE,8278525,0.23,United States
3361,authID,AUID,8233095,0.4924,United States
3362,Soligenix,SNGX,8201233,0.3768,United States
3363,Innovative Eyewear,LUCY,8178736,0.95,United States
3364,AIM ImmunoTech,AIM,7866249,0.2584,United States
3365,"Cyabra, Inc.",CYAB,7860612,0.4467,United States
3366,Vislink Technologies,VISL,7859971,3.17,United States
3367,Skye Bioscience,SKYE,7859125,1.775,United States
3368,Ensysce Biosciences,ENSC,7780771,0.3999,United States
3369,enVVeno Medical Corporation,NVNO,7469379,10.75,United States
3370,Signing Day Sports,SGN,7408163,0.5401,United States
3371,OLB Group,OLB,7364628,0.3066,United States
3372,Focus Universal,FCUV,7336657,10.44,United States
3373,Hepion Pharmaceuticals,HEPA,7217545,0.08,United States
3374,Expion360,XPON,7096507,7.445,United States
3375,Aterian,ATER,7030452,0.3913,United States
3376,Super League Enterprise,SLE,6831334,4.03,United States
3377,Biomerica,BMRA,6613176,2.14,United States
3378,VolitionRx,VNRX,6480139,0.4493,United States
3379,AquaBounty Technologies,AQB,6434005,1.25,United States
3380,Sonoma Pharmaceuticals,SNOA,6272836,1.31,United States
3381,TPI Composites,TPIC,6193621,0.1271,United States
3382,Mangoceuticals,MGRX,6159693,0.4022,United States
3383,Bakhu Holdings,BKUH,6026059,0.02,United States
3384,Polar Power,POLA,5980420,1.42,United States
3385,Nauticus Robotics,KITT,5955152,0.797,United States
3386,BioXcel Therapeutics,BTAI,5678817,0.1814,United States
3387,cbdMD,YCBD,5602522,0.5,United States
3388,CaliberCos,CWD,5584866,0.5378,United States
3389,Pulmatrix,PULM,5514950,1.51,United States
3390,Cadrenal Therapeutics,CVKD,5494091,1.54,United States
3391,Socket Mobile,SCKT,5481630,0.6611,United States
3392,"DSS, Inc. (Document Security Systems)",DSS,5463130,0.544,United States
3393,Lakewood-Amedex Biotherapeutics,LABT,5450282,2.3,United States
3394,Netcapital,NCPL,5427607,0.6916,United States
3395,zSpace,ZSPC,5374846,0.145,United States
3396,Eterna Therapeutics,ERNA,5330142,4.57,United States
3397,Golden Minerals,AUMN,5266710,0.2327,United States
3398,Origin Materials,ORGN,5228483,0.9501,United States
3399,Talis Biomedical,TLIS,5176808,2.84,United States
3400,Sonim Technologies,SONM,5150089,3.46,United States
3401,Leslie's,LESL,4973067,0.531,United States
3402,Urban-gro,UGRO,4942725,3.15,United States
3403,Vertex Energy,VTNR,4872095,0.0521,United States
3404,Sonendo,SONX,4764978,1.0,United States
3405,Cheetah Net Supply Chain Service,CTNT,4707492,1.49,United States
3406,Kidpik,PIK,4644903,2.38,United States
3407,Cemtrex,CETX,4457755,2.59,United States
3408,BIO-key International,BKYI,4416758,3.075,United States
3409,Cloudastructure,CSAI,4415432,5.09,United States
3410,Beyond Air,XAIR,4410143,4.48,United States
3411,"Bark, Inc.",BARK,4377870,0.5066,United States
3412,Boxlight,BOXL,4371363,5.95,United States
3413,SurgePays,SURG,4346088,0.173,United States
3414,PMGC Holdings,ELAB,4298864,5.31,United States
3415,CASI Pharmaceuticals,CASI,4263766,0.2075,United States
3416,QVC Group,QVCGA,4255453,0.34,United States
3417,Jaguar Health,JAGX,4185806,0.8099,United States
3418,Alaunos Therapeutics,TCRT,4077470,1.605,United States
3419,Hydrofarm,HYFM,4035219,0.8373,United States
3420,Tivic Health Systems,TIVC,4029097,1.4,United States
3421,iSpecimen,ISPC,3878628,1.54,United States
3422,VivoSim Labs,VIVS,3820392,0.2853,United States
3423,Avalon GloboCare,ALBT,3707637,0.282,United States
3424,iPower,IPW,3687736,1.95,United States
3425,Curis,CRIS,3613366,1.49,United States
3426,Unity Biotechnology,UBX,3444161,0.2001,United States
3427,Eagle Pharmaceuticals,EGRX,3289388,0.25,United States
3428,ShiftPixy,PIXY,3265294,6.53,United States
3429,Forza X1,FRZA,3150960,0.2,United States
3430,Advent Technologies,ADN,3023365,0.9185,United States
3431,Genprex,GNPX,3008332,3.67,United States
3432,ATI Physical Therapy,ATIP,2977762,0.675,United States
3433,DataMEDS AI,MEDS,2941279,0.9606,United States
3434,Matinas BioPharma,MTNB,2938559,0.2,United States
3435,BioAtla,BCAB,2890683,1.735,United States
3436,Edible Garden,EDBL,2888233,1.48,United States
3437,bioAffinity Technologies,BIAF,2884856,4.87,United States
3438,Sleep Number,SNBR,2881125,0.125,United States
3439,Marin Software,MRIN,2863609,0.8981,United States
3440,Nuwellis,NUWE,2822376,0.8889,United States
3441,Fly-E Group,FLYE,2791380,1.71,United States
3442,Inotiv,NOTV,2787563,0.0799,United States
3443,Trinity Place Holdings,TPHS,2773985,0.042,United States
3444,PREIT (Pennsylvania Real Estate Investment Trust),PRET,2690436,0.4974,United States
3445,Vaccinex,VCNX,2676637,1.0,United States
3446,Xilio Therapeutics,XLO,2676465,0.5101,United States
3447,Staffing 360 Solutions,STAF,2654640,1.615,United States
3448,LM Funding America,LMFA,2430118,2.6,United States
3449,SOBR Safe,SOBR,2401618,0.4458,United States
3450,Oragenics,OGEN,2365168,0.5242,United States
3451,Vivakor,VIVK,2285115,0.8347,United States
3452,Longeveron,LGVN,2242259,0.7033,United States
3453,22nd Century Group,XXII,2234801,3.13,United States
3454,Sow Good,SOWG,2203871,0.1099,United States
3455,Jet.AI,JTAI,2146798,1.51,United States
3456,Clearside Biomedical,CLSD,2145948,0.41,United States
3457,Cutera,CUTR,1956013,0.0969,United States
3458,"Greenlane Holdings, Inc.",GNLN,1944723,2.8,United States
3459,Direct Digital Holdings,DRCT,1910490,2.38,United States
3460,Cue Biopharma,CUE,1804119,0.5542,United States
3461,Aethlon Medical,AEMD,1770728,2.49,United States
3462,Sonder Holdings,SOND,1680861,0.1263,United States
3463,Traeger,COOK,1642351,0.5983,United States
3464,CorEnergy Infrastructure Trust,CORR,1627350,0.0198,United States
3465,Lazydays Holdings,GORV,1573084,0.4211,United States
3466,La Rosa Holdings,LRHC,1559050,0.4699,United States
3467,Synergy CHC,SNYR,1537668,0.1032,United States
3468,Benson Hill,BHIL,1522391,0.249,United States
3469,Allurion Technologies,ALUR,1460608,1.46,United States
3470,Maison Solutions,MSS,1392862,1.6,United States
3471,Arcadia Biosciences,RKDA,1276881,0.53,United States
3472,Purple Innovation,PRPL,1261071,0.2897,United States
3473,Actelis Networks,ASNS,1240016,0.043,United States
3474,Onfolio Holdings,ONFO,1147500,1.35,United States
3475,Solar Integrated Roofing,SIRC,1097545,0.0001,United States
3476,Danimer Scientific,DNMR,1056961,0.35,United States
3477,LMP Automotive Holdings,LMPX,1036332,0.095,United States
3478,Alkaline Water Company,WTER,997082,0.028,United States
3479,Evofem Biosciences,EVFM,993975,0.0075,United States
3480,Quince Therapeutics,QNCX,900311,0.9206,United States
3481,iEntertainment Network,IENT,876829,0.0067,United States
3482,"Freight Technologies, Inc.",FRGT,829581,1.45,United States
3483,Wheeler Real Estate Investment Trust,WHLR,826094,1.07,United States
3484,BNB Plus Corp.,BNBX,806258,0.1301,United States
3485,Yellow Corporation,YELLQ,693890,0.0102,United States
3486,Tapinator,TAPM,673183,0.247,United States
3487,Tevogen Bio,TVGN,627896,0.1551,United States
3488,Kaival Brands Innovations,KAVL,586062,0.03,United States
3489,Ayr Wellness,AYRWF,432062,0.0037,United States
3490,Ontrak,OTRK,425780,0.0601,United States
3491,Viracta Therapeutics,VIRX,388698,0.00978,United States
3492,Greene Concepts,INKW,376258,0.0059,United States
3493,Impac Mortgage Holdings,IMPM,365688,0.01,United States
3494,VYNE Therapeutics,VYNE,339859,0.509,United States
3495,NantHealth,NHIQ,329655,0.012,United States
3496,ProPhase Labs,PRPH,329002,0.0211,United States
3497,Ocean Biomedical,OCEA,325311,0.0014,United States
3498,Vicarious Surgical,RBOT,299516,0.042,United States
3499,Remark Holdings,MARK,247609,0.004,United States
3500,Leafly Holdings,LFLY,232138,37.0,United States
3501,Trulite,TRUL,212013,0.0001,United States
3502,Ampio Pharmaceuticals,AMPE,207884,0.1831,United States
3503,CXApp,CXAI,194174,0.089,United States
3504,BloomZ,BLMZ,187531,0.128,United States
3505,Wearable Health Solutions,WHSI,182670,0.0001,United States
3506,Faraday Future,FFAI,174605,0.0717,United States
3507,Petros Pharmaceuticals,PTPI,152540,0.0036,United States
3508,Hallmark Financial Services,HALL,145478,0.08,United States
3509,Cenntro Inc.,CENN,113554,0.0775,United States
3510,Loop Media,LPTV,103383,0.0007,United States
3511,PaxMedica,PXMD,88385,0.0007,United States
3512,Novo Integrated Sciences,NVOS,69055,0.0035,United States
3513,Vincerx Pharma,VINC,68045,0.013,United States
3514,Vinco Ventures,BBIG,65000,0.005,United States
3515,Carisma Therapeutics,CARM,54398,0.0013,United States
3516,ToughBuilt Industries,TBLT,47699,0.011,United States
3517,AiRWA Inc.,YYAI,47336,0.8986,United States
3518,Presto Automation,PRST,41851,0.0001,United States
3519,Exela Technologies,XELA,30526,0.0011,United States
3520,T2 Biosystems,TTOO,28045,0.001,United States
3521,Gaming Technologies (Gametech),GMGT,27420,0.0006,United States
3522,Lyra Therapeutics,LYRA,17748,0.01,United States
3523,Gamer Pakistan,GPAK,15347,0.0006,United States
3524,Mobile Global Esports (Mogo),MGAM,15091,0.0002,United States
3525,Vaxxinity,VAXX,12678,0.0001,United States
3526,Movella,MVLA,10181,0.0002,United States
3527,Trevena,TRVN,9501,0.011,United States
3528,4Front Ventures,FFNTF,9152,1e-05,United States
3529,Freeze Tag,FRZT,7505,0.0001,United States
3530,USD Partners,USDP,6754,0.0002,United States
3531,Stryve Foods,SNAX,4792,0.0011,United States
3532,Adamas One,JEWL,3804,0.0001,United States
3533,Syros Pharmaceuticals,SYRS,2683,0.0001,United States
3534,Viveve Medical,VIVE,2144,0.0002,United States
3535,Lipella Pharmaceuticals,LIPO,1848,0.0004,United States
3536,Telesis Bio,TBIO,1775,0.001,United States
3537,Calithera Biosciences,CALA,1461,0.0003,United States
3538,eFFECTOR Therapeutics,EFTR,1411,0.0003,United States
3539,Grom Social Enterprises,GROM,902,0.0001,United States
3540,Minerva Surgical,UTRS,887,0.0001,United States
3541,Lightning eMotors,ZEVY,659,0.0001,United States
3542,Hempacco,HPCO,592,0.0001,United States
3543,GigCapital9,GIXXU,0,0.0,United States
3544,Saluda Medical,SLD.AX,0,0.0,United States
3545,Pershing Square USA,PSUS,0,0.0,United States
3546,Attovia Therapeutics,ATTO,0,0.0,United States
