Rank,Name,Symbol,marketcap,price (USD),country
1,NVIDIA,NVDA,5269520646144,217.56,United States
2,Apple,AAPL,4623874129920,316.83,United States
3,Alphabet (Google),GOOG,4178969100288,341.7,United States
4,Microsoft,MSFT,3596265979904,484.31,United States
5,Amazon,AMZN,2867433570304,265.84,United States
6,SpaceX,SPCX,1839775088640,139.65,United States
7,Broadcom,AVGO,1724527804416,362.48,United States
8,Meta Platforms (Facebook),META,1391014838272,546.03,United States
9,Tesla,TSLA,1386765090816,351.12,United States
10,Eli Lilly,LLY,1141240102912,1280.34,United States
11,Berkshire Hathaway,BRK-B,1069541425152,499.62,United States
12,Micron Technology,MU,1058359934976,937.105,United States
13,JPMorgan Chase,JPM,949663629312,357.26,United States
14,Walmart,WMT,909608419328,114.3,United States
15,AMD,AMD,761419005952,466.42,United States
16,Visa,V,682480500736,365.54,United States
17,Exxon Mobil,XOM,677519753216,164.77,United States
18,Johnson & Johnson,JNJ,658890358784,273.41,United States
19,Mastercard,MA,502584377344,573.72,United States
20,Intel,INTC,490550558720,92.8,United States
21,AbbVie,ABBV,470000205824,265.97,United States
22,Bank of America,BAC,441731907584,63.17,United States
23,Cisco,CSCO,435725598720,110.55,United States
24,Costco,COST,424404779008,956.99,United States
25,Palantir,PLTR,420991827968,175.19,United States
26,Oracle,ORCL,414240538624,143.81,United States
27,Chevron,CVX,403619479552,205.76,United States
28,Applied Materials,AMAT,393938862080,496.17,United States
29,Coca-Cola,KO,388735303680,90.35,United States
30,Lam Research,LRCX,384368279552,307.17,United States
31,Merck,MRK,375503519744,152.2,United States
32,Caterpillar,CAT,375163650048,816.15,United States
33,General Electric,GE,369610883072,356.23,United States
34,UnitedHealth,UNH,348814311424,388.61,United States
35,Home Depot,HD,343307255808,344.3,United States
36,Morgan Stanley,MS,336769548288,214.23,United States
37,Procter & Gamble,PG,336203153408,144.38,United States
38,Netflix,NFLX,334031224832,80.22,United States
39,Goldman Sachs,GS,297475244032,1021.65,United States
40,RTX,RTX,296978513920,220.35,United States
41,Philip Morris International,PM,296027422720,189.93,United States
42,Palo Alto Networks,PANW,293204393984,359.76,United States
43,Dell,DELL,282719584256,437.55,United States
44,GE Vernova,GEV,262993772544,987.46,United States
45,Wells Fargo,WFC,259882500096,85.94,United States
46,KLA,KLAC,244677033984,187.27,United States
47,Texas Instruments,TXN,244248100864,267.45,United States
48,Amgen,AMGN,238745354240,442.36,United States
49,Arista Networks,ANET,235155341312,186.45,United States
50,Sandisk,SNDK,229712396288,1568.87,United States
51,American Express,AXP,229537808384,339.9,United States
52,Thermo Fisher Scientific,TMO,226854748160,613.54,United States
53,IBM,IBM,223436603392,237.16,United States
54,Citigroup,C,222914576384,132.89,United States
55,Marvell Technology,MRVL,212960378880,237.27,United States
56,CrowdStrike,CRWD,205311623168,201.63,United States
57,Verizon,VZ,205079707648,49.36,United States
58,Abbott Laboratories,ABT,199315668992,114.43,United States
59,T-Mobile US,TMUS,195612393472,182.36,United States
60,Pepsico,PEP,194764275712,142.58,United States
61,Amphenol,APH,192394723328,156.04,United States
62,Charles Schwab,SCHW,191748734976,110.88,United States
63,McDonald,MCD,189258743808,267.45,United States
64,BlackRock,BLK,188296921088,1158.92,United States
65,Walt Disney,DIS,184634621952,106.93,United States
66,Gilead Sciences,GILD,183017390080,147.6,United States
67,Analog Devices,ADI,181810118656,373.26,United States
68,Union Pacific Corporation,UNP,179291979776,301.8,United States
69,Nextera Energy,NEE,179174359040,85.91,United States
70,Boeing,BA,175491891200,222.2,United States
71,Blackstone Group,BX,173425754112,145.09,United States
72,AT&T,T,172131942400,25.12,United States
73,QUALCOMM,QCOM,170043375616,161.91,United States
74,Welltower,WELL,169860448256,235.73,United States
75,Salesforce,CRM,168787705856,206.09,United States
76,Western Digital,WDC,166602358784,462.09,United States
77,Booking Holdings (Booking.com),BKNG,165049106432,213.0,United States
78,Southern Copper,SCCO,164376821760,194.68,United States
79,Pfizer,PFE,160958775296,28.24,United States
80,TJX Companies,TJX,159629787136,144.5,United States
81,Uber,UBER,159401394176,78.04,United States
82,ConocoPhillips,COP,156870656000,130.58,United States
83,Deere &amp; Company (John Deere),DE,156832399360,580.63,United States
84,Interactive Brokers,IBKR,154263453696,90.54,United States
85,Danaher,DHR,148681555968,211.5,United States
86,Intuitive Surgical,ISRG,142494351360,397.72,United States
87,Vertex Pharmaceuticals,VRTX,139836801024,552.06,United States
88,Bristol-Myers Squibb,BMY,138107944960,67.61,United States
89,Prologis,PLD,137356517376,141.3,United States
90,Lockheed Martin,LMT,135970373632,589.15,United States
91,Capital One,COF,135417856000,220.73,United States
92,Newmont,NEM,131795836928,125.08,United States
93,ServiceNow,NOW,131507249152,127.2,United States
94,Corning,GLW,131060391936,152.46,United States
95,Stryker Corporation,SYK,130407170048,339.98,United States
96,Parker-Hannifin,PH,129017896960,1023.25,United States
97,Progressive,PGR,126314651648,217.27,United States
98,S&P Global,SPGI,125779369984,426.66,United States
99,Lowe's Companies,LOW,123420000256,220.0,United States
100,CVS Health,CVS,119775576064,93.65,United States
101,Starbucks,SBUX,119677206528,104.98,United States
102,Howmet Aerospace,HWM,113052229632,283.48,United States
103,Snowflake,SNOW,112648470528,325.01,United States
104,Fortinet,FTNT,112148135936,152.85,United States
105,Airbnb,ABNB,111607660544,186.39,United States
106,Altria Group,MO,110253187072,66.03,United States
107,Automatic Data Processing,ADP,110129176576,277.22,United States
108,BNY Mellon (Bank of New York Mellon),BNY,108397813760,159.76,United States
109,Adobe,ADBE,108306825216,272.47,United States
110,Equinix,EQIX,106277298176,1077.08,United States
111,General Dynamics,GD,106150404096,392.34,United States
112,Southern Company,SO,106051969024,92.19,United States
113,Marathon Petroleum,MPC,105316139008,360.75,United States
114,Carvana,CVNA,104819818496,70.44,United States
115,AppLovin,APP,104006041600,310.79,United States
116,Cloudflare,NET,103932551168,291.88,United States
117,KKR & Co.,KKR,102019809280,110.46,United States
118,Quanta Services,PWR,101844115456,677.41,United States
119,Vertiv Holdings,VRT,100481908736,261.0,United States
120,Valero Energy,VLO,99697762304,346.26,United States
121,McKesson,MCK,99534356480,853.71,United States
122,Intuit,INTU,99148955648,362.47,United States
123,PNC Financial Services,PNC,98337546240,246.46,United States
124,U.S. Bancorp,USB,97876795392,62.82,United States
125,Constellation Energy,CEG,97140465664,274.17,United States
126,Freeport-McMoRan,FCX,96725991424,69.09,United States
127,Phillips 66,PSX,96678780928,242.29,United States
128,Duke Energy,DUK,96371187712,123.6,United States
129,CME Group,CME,95986089984,266.94,United States
130,DoorDash,DASH,95420366848,220.22,United States
131,Comcast,CMCSA,94358249472,26.59,United States
132,CSX Corporation,CSX,93883424768,50.68,United States
133,Marriott International,MAR,93862830080,359.95,United States
134,3M,MMM,93170417664,180.66,United States
135,Monster Beverage,MNST,92917825536,47.43,United States
136,HCA Healthcare,HCA,90299891712,407.05,United States
137,Marsh & McLennan Companies,MRSH,90288373760,189.2,United States
138,Waste Management,WM,89967894528,225.08,United States
139,Williams Companies,WMB,89584787456,73.24,United States
140,Intercontinental Exchange,ICE,88273674240,157.24,United States
141,Emerson,EMR,88271757312,157.6,United States
142,United Parcel Service,UPS,87511392256,102.86,United States
143,Cadence Design Systems,CDNS,86876528640,314.98,United States
144,Regeneron Pharmaceuticals,REGN,86568681472,840.84,United States
145,Elevance Health,ELV,86411575296,398.45,United States
146,Robinhood,HOOD,86105112576,95.77,United States
147,Moody's,MCO,86076145664,497.03,United States
148,Sherwin-Williams,SHW,85836849152,353.59,United States
149,Simon Property Group,SPG,84724367360,223.18,United States
150,Cummins,CMI,83948412928,608.37,United States
151,Datadog,DDOG,83851198464,233.52,United States
152,Northrop Grumman,NOC,82800017408,582.84,United States
153,Mondelez International,MDLZ,82358976512,64.16,United States
154,Enterprise Products,EPD,82319269888,38.12,United States
155,American Tower,AMT,81305370624,174.49,United States
156,Cintas,CTAS,81266434048,203.08,United States
157,Illinois Tool Works,ITW,80954400768,284.25,United States
158,Royal Caribbean Group,RCL,80385392640,300.56,United States
159,Ecolab,ECL,80067452928,285.62,United States
160,EOG Resources,EOG,79617310720,149.48,United States
161,Motorola Solutions,MSI,79576031232,480.84,United States
162,SLB (Schlumberger),SLB,79475867648,53.55,United States
163,Apollo Global Management,APO,78914289664,133.63,United States
164,FedEx,FDX,77717839872,328.38,United States
165,Norfolk Southern,NSC,77649354752,345.71,United States
166,General Motors,GM,76842196992,84.96,United States
167,Synopsys,SNPS,76829163520,401.24,United States
168,The Travelers Companies,TRV,75550048256,362.22,United States
169,Boston Scientific,BSX,75374428160,52.01,United States
170,Hilton Worldwide,HLT,75335983104,334.73,United States
171,Ross Stores,ROST,75284111360,234.69,United States
172,Lumentum,LITE,74235715584,827.6,United States
173,O'Reilly Automotive,ORLY,73777217536,91.2,United States
174,The Cigna Group,CI,73313525760,277.45,United States
175,Energy Transfer LP,ET,72929083392,21.18,United States
176,Digital Realty,DLR,72458477568,192.35,United States
177,Colgate-Palmolive,CL,72439095296,90.87,United States
178,Target,TGT,72216387584,159.0,United States
179,Warner Bros. Discovery,WBD,71528611840,28.53,United States
180,Kinder Morgan,KMI,71372414976,32.08,United States
181,Hewlett Packard Enterprise,HPE,70354935808,53.13,United States
182,Honeywell,HON,70275104768,221.73,United States
183,Moderna,MRNA,69618761728,174.38,United States
184,United Rentals,URI,69527347200,1117.04,United States
185,American Electric Power,AEP,68741054464,126.27,United States
186,TransDigm Group,TDG,68401741824,1222.91,United States
187,Republic Services,RSG,67685318656,221.04,United States
188,Air Products and Chemicals,APD,67522707456,303.22,United States
189,Paccar,PCAR,67095740416,127.47,United States
190,Arthur J. Gallagher & Co.,AJG,65994989568,257.45,United States
191,Allstate,ALL,65677320192,259.74,United States
192,Baker Hughes,BKR,64007626752,64.48,United States
193,Monolithic Power Systems,MPWR,63892779008,1300.14,United States
194,Targa Resources,TRGP,63705313280,297.09,United States
195,Truist Financial Corporation,TFC,62266290176,50.97,United States
196,W. W. Grainger,GWW,61705183232,1306.95,United States
197,Nike,NKE,60897624064,41.05,United States
198,Bloom Energy,BE,60858191872,206.63,United States
199,Public Storage,PSA,60716646400,325.13,United States
200,Cencora,COR,60511297536,317.1,United States
201,Oneok,OKE,60489453568,96.01,United States
202,MetLife,MET,60440211456,95.11,United States
203,Occidental Petroleum,OXY,60068208640,60.09,United States
204,Dominion Energy,D,60062826496,68.29,United States
205,Comfort Systems USA,FIX,59691692032,1696.06,United States
206,Realty Income,O,59564425216,62.95,United States
207,MPLX,MPLX,59554717696,58.69,United States
208,Teradyne,TER,59354767360,379.65,United States
209,Fastenal,FAST,59027275776,51.44,United States
210,Diamondback Energy,FANG,58667892736,208.55,United States
211,Aflac,AFL,58411507712,116.51,United States
212,Ford,F,57820139520,14.5,United States
213,Cheniere Energy,LNG,56652316672,274.3,United States
214,Ciena,CIEN,56546148352,399.47,United States
215,Nucor,NUE,56433057792,248.74,United States
216,Coherent Corp.,COHR,56295895040,287.47,United States
217,Sempra,SRE,55967330304,85.59,United States
218,Ametek,AME,55746756608,243.22,United States
219,Delta Air Lines,DAL,54773424128,83.29,United States
220,Cardinal Health,CAH,54620409856,234.85,United States
221,Keysight,KEYS,54592524288,319.45,United States
222,Honeywell Aerospace,HONA,53999235072,170.37,United States
223,Nasdaq,NDAQ,53857464320,96.35,United States
224,Edwards Lifesciences,EW,53134823424,92.28,United States
225,Autodesk,ADSK,53058686976,251.29,United States
226,Devon Energy,DVN,53008998400,48.19,United States
227,Electronic Arts,EA,52925640704,209.7,United States
228,PayPal,PYPL,52797501440,61.25,United States
229,Axon Enterprise,AXON,52456620032,645.72,United States
230,Corteva,CTVA,52421591040,78.57,United States
231,L3Harris Technologies,LHX,51601932288,277.11,United States
232,Cerebras Systems,CBRS,51240189952,215.69,United States
233,Becton Dickinson,BDX,51099766784,187.6,United States
234,State Street Corporation,STT,51042332672,185.81,United States
235,Carrier Global,CARR,50831523840,61.2,United States
236,HEICO,HEI,50783481856,363.42,United States
237,Entergy,ETR,50377535488,107.96,United States
238,AutoZone,AZO,50231320576,3076.89,United States
239,Astera Labs,ALAB,50140663808,289.02,United States
240,CoreWeave,CRWV,50118131712,90.87,United States
241,Fifth Third Bank,FITB,49825251328,54.96,United States
242,Xcel Energy,XEL,49602211840,79.41,United States
243,Ameriprise Financial,AMP,49484554240,559.78,United States
244,Wabtec,WAB,49360818176,292.23,United States
245,Workday,WDAY,49004474368,198.42,United States
246,Block,XYZ,48622342144,80.93,United States
247,Rocket Lab,RKLB,48492929024,75.84,United States
248,Rockwell Automation,ROK,48114057216,433.27,United States
249,Vistra,VST,47895142400,142.7,United States
250,Ares Management,ARES,47201054720,143.1,United States
251,Ventas,VTR,47114121216,91.85,United States
252,Natera,NTRA,46856949760,325.07,United States
253,Exelon Corporation,EXC,46670503936,45.3,United States
254,Revolution Medicines,RVMD,46009454592,214.66,United States
255,eBay,EBAY,45674799104,102.64,United States
256,Medline,MDLN,45623640064,33.91,United States
257,Humana,HUM,45392756736,378.02,United States
258,CBRE Group,CBRE,44904443904,155.07,United States
259,IDEXX Laboratories,IDXX,44348022784,562.2,United States
260,Take-Two Interactive,TTWO,44321845248,237.04,United States
261,Agilent Technologies,A,43892748288,155.41,United States
262,Chipotle Mexican Grill,CMG,43859386368,34.66,United States
263,Credo Technology,CRDO,43788742656,234.82,United States
264,Paychex,PAYX,43571150848,122.5,United States
265,Live Nation,LYV,42908811264,184.19,United States
266,BeOne Medicines,ONC,42631217152,376.86,United States
267,Old Dominion Freight Line,ODFL,42524696576,205.08,United States
268,D. R. Horton,DHI,42475438080,151.86,United States
269,Waste Connections,WCN,42452312064,168.75,United States
270,Keurig Dr Pepper,KDP,42267254784,31.06,United States
271,Coinbase,COIN,42266673152,160.2,United States
272,Prudential Financial,PRU,42165899264,122.22,United States
273,Microchip Technology,MCHP,41855111168,77.08,United States
274,Rocket Companies,RKT,41426927616,14.63,United States
275,"Strategy 
 (MicroStrategy)",MSTR,41416613888,104.25,United States
276,MSCI,MSCI,41095131136,565.27,United States
277,Grayscale Bitcoin Trust,GBTC,41085235200,59.34,United States
278,IQVIA,IQV,41031487488,249.28,United States
279,Waters Corporation,WAT,40829607936,415.84,United States
280,Veeva Systems,VEEV,40773267456,251.0,United States
281,Roper Technologies,ROP,40284303360,407.32,United States
282,Consolidated Edison,ED,39941492736,108.0,United States
283,Yum! Brands,YUM,39824453632,145.93,United States
284,American International Group,AIG,39583010816,75.7,United States
285,Sysco,SYY,39476924416,82.46,United States
286,Expedia Group,EXPE,39158710272,326.27,United States
287,Archer Daniels Midland (ADM),ADM,38922809344,80.76,United States
288,PG&amp;E Corporation,PCG,38871777280,17.65,United States
289,TKO Group Holdings,TKO,38173810688,201.69,United States
290,NetApp,NTAP,38102503424,194.48,United States
291,The Hershey Company,HSY,37932752896,188.79,United States
292,The Hartford,HIG,37701210112,137.53,United States
293,United Airlines Holdings,UAL,37578682368,115.78,United States
294,PSEG,PEG,37538553856,75.33,United States
295,Everpure,P,37229350912,112.0,United States
296,Kenvue,KVUE,36744396800,19.13,United States
297,Carnival Corporation,CCL,36555935744,26.69,United States
298,Kimberly-Clark,KMB,36473606144,109.88,United States
299,Iron Mountain,IRM,36343562240,122.08,United States
300,Vulcan Materials,VMC,35802603520,276.3,United States
301,Ubiquiti,UI,35749183488,590.68,United States
302,WEC Energy Group,WEC,35628367872,109.34,United States
303,Emcor,EME,35542876160,805.78,United States
304,Estee Lauder,EL,35459518464,98.01,United States
305,M&T Bank,MTB,35443363840,244.55,United States
306,MongoDB,MDB,35432677376,440.53,United States
307,Huntington Bancshares,HBAN,34690523136,17.17,United States
308,Venture Global,VG,34476281856,13.79,United States
309,Kroger,KR,34473664512,56.27,United States
310,Raymond James Financial,RJF,34226917376,177.93,United States
311,Twilio,TWLO,34073733120,221.87,United States
312,GE HealthCare Technologies,GEHC,33944025088,74.62,United States
313,Northern Trust,NTRS,33919975424,185.4,United States
314,DexCom,DXCM,33917184000,89.88,United States
315,Jabil,JBL,33822128128,322.77,United States
316,EQT Corporation,EQT,33552678912,53.64,United States
317,ResMed,RMD,33271793664,230.65,United States
318,Steel Dynamics,STLD,33110222848,231.01,United States
319,"Cheniere Energy
Partners",CQP,32780388352,67.72,United States
320,Biogen,BIIB,32736376832,221.56,United States
321,Extra Space Storage,EXR,32644114432,147.91,United States
322,Copart,CPRT,32607987712,33.85,United States
323,Alnylam Pharmaceuticals,ALNY,32463431680,242.61,United States
324,TPG Inc.,TPG,32353492992,53.18,United States
325,Martin Marietta Materials,MLM,32167061504,535.53,United States
326,Centene,CNC,31961475072,64.7,United States
327,Crown Castle,CCI,31760248832,74.65,United States
328,Zoetis,ZTS,31685986304,76.68,United States
329,Zoom,ZM,31513667584,107.47,United States
330,Illumina,ILMN,30954999808,205.0,United States
331,Casey's General Stores,CASY,30941657088,836.15,United States
332,Kraft Heinz,KHC,30451953664,25.68,United States
333,Ameren,AEE,30253430784,109.28,United States
334,Las Vegas Sands,LVS,30169921536,46.58,United States
335,Teledyne Technologies,TDY,30050467840,648.63,United States
336,Coupang,CPNG,29905768448,16.66,United States
337,Zscaler,ZS,29851578368,184.6,United States
338,ON Semiconductor,ON,29813491712,76.58,United States
339,Citizens Financial Group,CFG,29802471424,70.76,United States
340,ATI Inc.,ATI,29411442688,215.99,United States
341,Cboe Global Markets,CBOE,29319008256,280.75,United States
342,Halliburton,HAL,29255630848,35.02,United States
343,Reddit,RDDT,29188476928,151.71,United States
344,VICI Properties,VICI,29035415552,26.37,United States
345,DTE Energy,DTE,28961695744,139.18,United States
346,Atmos Energy,ATO,28949430272,171.31,United States
347,Cognizant Technology Solutions,CTSH,28819890176,60.93,United States
348,Blue Owl Capital,OWL,28746344448,11.77,United States
349,Mettler Toledo,MTD,28553900032,1425.09,United States
350,Insmed,INSM,28533727232,130.66,United States
351,Williams-Sonoma,WSM,28531179520,242.31,United States
352,LPL Financial,LPLA,28286593024,359.23,United States
353,Edison International,EIX,28260739072,73.44,United States
354,Fiserv,FISV,27694411776,52.08,United States
355,Roblox,RBLX,27639203840,38.69,United States
356,American Water,AWK,27565699072,138.71,United States
357,Otis Worldwide,OTIS,27389157376,71.95,United States
358,HP,HPQ,27380809728,29.94,United States
359,FirstEnergy,FE,27330873344,47.25,United States
360,Dover Corporation,DOV,27256584192,202.38,United States
361,Xylem,XYL,27133503488,116.21,United States
362,Eversource Energy,ES,27074000896,71.99,United States
363,Dollar General,DG,26979950592,122.31,United States
364,LabCorp,LH,26798684160,330.44,United States
365,Corpay,CPAY,26728708096,407.08,United States
366,PPL,PPL,26707816448,35.49,United States
367,Quest Diagnostics,DGX,26683863040,241.76,United States
368,GlobalFoundries,GFS,26658330624,48.58,United States
369,CenterPoint Energy,CNP,26612299776,40.4,United States
370,Qnity Electronics,Q,26385113088,126.04,United States
371,Formula One Group,FWONK,26284275712,104.84,United States
372,AvalonBay Communities,AVB,26283393024,184.06,United States
373,Tapestry,TPR,26263871488,131.72,United States
374,Regions Financial,RF,26060525568,30.59,United States
375,Incyte,INCY,26040580096,128.47,United States
376,Synchrony Financial,SYF,25906028544,79.62,United States
377,Affirm,AFRM,25897705472,77.33,United States
378,Cincinnati Financial,CINF,25859516416,168.49,United States
379,AST SpaceMobile,ASTS,25852395520,66.43,United States
380,W. R. Berkley,WRB,25841147904,69.61,United States
381,Texas Pacific Land Corporation,TPL,25739970560,373.18,United States
382,EchoStar,ECHO,25689546752,88.435,United States
383,J. B. Hunt,JBHT,25580238848,272.42,United States
384,SharkNinja,SN,25531559936,181.24,United States
385,Symbotic,SYM,25437429760,42.02,United States
386,NRG Energy,NRG,25347180544,120.58,United States
387,Fox Corporation,FOX,25342672896,60.39,United States
388,Dollar Tree,DLTR,25336297472,131.84,United States
389,PPG Industries,PPG,25324414976,113.92,United States
390,Carpenter Technology,CRS,25272887296,509.96,United States
391,Darden Restaurants,DRI,25193781248,221.89,United States
392,Hubbell,HUBB,25133662208,475.64,United States
393,Fair Isaac (FICO),FICO,25087596544,1161.59,United States
394,Omnicom Group,OMC,24918093824,87.43,United States
395,PulteGroup,PHM,24892755968,130.68,United States
396,Curtiss-Wright,CW,24869439488,673.34,United States
397,West Pharmaceutical Services,WST,24827865088,352.79,United States
398,Okta,OKTA,24760672256,141.21,United States
399,Coterra Energy,CTRA,24724652032,32.56,United States
400,VeriSign,VRSN,24681912320,273.03,United States
401,Equity Residential,EQR,24609972224,63.66,United States
402,First Citizens BancShares,FCNCA,24514201600,2170.72,United States
403,Verisk Analytics,VRSK,24429021184,186.45,United States
404,Veralto,VLTO,24403714048,100.1,United States
405,Global Payments,GPN,24276090880,91.74,United States
406,Expeditors International,EXPD,24235452416,186.44,United States
407,"Arxis, Inc.",ARXS,24001335296,55.71,United States
408,T. Rowe Price,TROW,23940440064,112.23,United States
409,Brown &amp; Brown,BRO,23921295360,71.49,United States
410,Principal Financial Group,PFG,23902642176,111.64,United States
411,First Solar,FSLR,23901280256,222.4,United States
412,SoFi,SOFI,23790725120,18.42,United States
413,KeyCorp (KeyBank),KEY,23691974656,22.1,United States
414,Supermicro,SMCI,23662616576,36.58,United States
415,Church & Dwight,CHD,23485558784,99.01,United States
416,Roku,ROKU,23272095744,156.8,United States
417,US Foods,USFD,23259877376,107.52,United States
418,XPO Logistics,XPO,23116380160,197.43,United States
419,Viper Energy,VNOM,22992451584,43.88,United States
420,Expand Energy,EXE,22973145088,96.03,United States
421,Dow,DOW,22934319104,31.75,United States
422,Samsara,IOT,22842234880,39.2,United States
423,Constellation Brands,STZ,22805796864,133.52,United States
424,Rivian,RIVN,22774847488,15.73,United States
425,Loews Corporation,L,22730317824,111.19,United States
426,United Therapeutics,UTHR,22695182336,529.14,United States
427,ULTA Beauty,ULTA,22691907584,527.85,United States
428,Equifax,EFX,22568849408,192.1,United States
429,Packaging Corporation of America,PKG,22533851136,252.91,United States
430,Tradeweb,TW,22522087424,103.3,United States
431,Ralph Lauren,RL,22519703552,377.96,United States
432,Markel Group,MKL,22240471040,1795.04,United States
433,Entegris,ENTG,21973843968,144.28,United States
434,Guardant Health,GH,21919600640,163.34,United States
435,Bunge Global SA,BG,21901580288,114.0,United States
436,MasTec,MTZ,21848565760,272.07,United States
437,CMS Energy,CMS,21812813824,70.61,United States
438,International Paper,IP,21744140288,41.06,United States
439,F5,FFIV,21667260416,382.63,United States
440,FTAI Aviation,FTAI,21661952000,210.91,United States
441,Tenet Healthcare,THC,21620961280,268.52,United States
442,Coeur Mining,CDE,21514680320,20.93,United States
443,Circle Internet Group,CRCL,21423169536,78.59,United States
444,General Mills,GIS,21379833856,39.99,United States
445,LyondellBasell,LYB,21339885568,66.06,United States
446,International Flavors & Fragrances,IFF,21274439680,83.33,United States
447,Woodward,WWD,21253543936,359.95,United States
448,Burlington Stores,BURL,21205217280,337.5,United States
449,Lennar,LEN,21030146048,87.3,United States
450,Royal Gold,RGLD,21024370688,248.14,United States
451,Fidelity National Information Services,FIS,21016305664,40.66,United States
452,Unity Software,U,20732590080,47.11,United States
453,FedEx Freight,FDXF,20658919424,138.17,United States
454,MACOM Technology Solutions,MTSI,20618622976,269.98,United States
455,Tyson Foods,TSN,20597977088,58.55,United States
456,Charter Communications,CHTR,20549523456,152.47,United States
457,Rubrik,RBRK,20537573376,99.78,United States
458,Reliance,RS,20385974272,399.31,United States
459,Snap-on,SNA,20376864768,393.93,United States
460,Broadridge Financial Solutions,BR,20359329792,176.03,United States
461,Toast,TOST,20322480128,35.16,United States
462,Southwest Airlines,LUV,20263002112,41.42,United States
463,Western Midstream,WES,20249686016,49.01,United States
464,TD Synnex,SNX,20132014080,251.78,United States
465,Exact Sciences,EXAS,20026083328,104.91,United States
466,NiSource,NI,19964088320,41.63,United States
467,Essex Property Trust,ESS,19806629888,287.36,United States
468,SBA Communications,SBAC,19353653248,182.43,United States
469,SS&C Technologies,SSNC,19307411456,82.28,United States
470,Permian Resources,PR,19280564224,23.02,United States
471,Evergy,EVRG,19270803456,83.58,United States
472,Zimmer Biomet,ZBH,19214915584,100.74,United States
473,ITT,ITT,19185295360,213.55,United States
474,MKS Instruments,MKSI,19041105920,281.6,United States
475,Dupont De Nemours,DD,18859509760,139.68,United States
476,Best Buy,BBY,18802534400,89.21,United States
477,Viatris,VTRS,18658859008,16.245,United States
478,SiTime,SITM,18605250560,618.71,United States
479,Genuine Parts Company,GPC,18547650560,134.54,United States
480,Tractor Supply,TSCO,18465660928,35.44,United States
481,Leidos,LDOS,18403670016,146.31,United States
482,APi Group,APG,18371133440,42.51,United States
483,Onto Innovation,ONTO,18306469888,299.5,United States
484,Alliant Energy,LNT,18188822528,70.15,United States
485,Ovintiv,OVV,18133895168,65.56,United States
486,News Corp,NWS,18111698944,33.53,United States
487,CF Industries,CF,18012264448,119.02,United States
488,Fortive,FTV,17956315136,58.9,United States
489,Jones Lang LaSalle,JLL,17952665600,390.21,United States
490,Invitation Homes,INVH,17940068352,30.2,United States
491,Annaly Capital Management,NLY,17893181440,23.74,United States
492,East West Bancorp,EWBC,17866344448,130.4,United States
493,Weyerhaeuser,WY,17744521216,24.62,United States
494,Nutanix,NTNX,17684367360,65.42,United States
495,Carlyle Group,CG,17602840576,49.4,United States
496,IonQ,IONQ,17566681088,43.36,United States
497,Rollins,ROL,17446332416,36.26,United States
498,Jacobs Engineering,J,17401579520,147.37,United States
499,IDEX,IEX,17283629056,234.45,United States
500,Nordson,NDSN,17268107264,309.92,United States
501,Franklin Resources,BEN,17264453632,33.98,United States
502,Hyatt Hotels,H,17246265344,183.01,United States
503,Clean Harbors,CLH,17167468544,325.22,United States
504,CDW Corporation,CDW,17152390144,137.2,United States
505,Dick's Sporting Goods,DKS,17120939008,191.29,United States
506,NVR,NVR,17105362944,6418.86,United States
507,Medpace,MEDP,16977823744,608.27,United States
508,Hologic,HOLX,16968846336,76.01,United States
509,Plains All American Pipeline,PAA,16926539776,23.99,United States
510,Zebra Technologies,ZBRA,16893181952,354.65,United States
511,C. H. Robinson,CHRW,16887344128,144.52,United States
512,HF Sinclair,DINO,16821908480,94.62,United States
513,WESCO International,WCC,16756793344,343.85,United States
514,Lattice Semiconductor,LSCC,16681048064,117.68,United States
515,Ball Corporation,BALL,16672356352,62.62,United States
516,PTC,PTC,16540695552,152.44,United States
517,Gen Digital,GEN,16485087232,27.54,United States
518,RBC Bearings,RBC,16479901696,520.54,United States
519,Ryan Specialty,RYAN,16462155776,42.21,United States
520,BridgeBio Pharma,BBIO,16411635712,83.95,United States
521,W. P. Carey,WPC,16390730752,71.95,United States
522,Sterling Infrastructure,STRL,16346505216,534.4,United States
523,Kimco Realty,KIM,16313596928,24.32,United States
524,Performance Food Group,PFGC,16231867392,103.34,United States
525,Akamai,AKAM,16216981504,112.84,United States
526,Host Hotels & Resorts,HST,16082917376,23.15,United States
527,TransUnion,TRU,16006263808,83.54,United States
528,Pershing Square Inc.,PS,15924000768,39.81,United States
529,Albemarle,ALB,15845719040,134.28,United States
530,Neurocrine Biosciences,NBIX,15810512896,155.54,United States
531,Aramark,ARMK,15759504384,59.78,United States
532,Reinsurance Group of America,RGA,15718110208,240.7,United States
533,Mid-America Apartment Communities,MAA,15687873536,131.47,United States
534,Lamar Advertising,LAMR,15636619264,153.98,United States
535,Sun Communities,SUI,15606689792,122.06,United States
536,Talen Energy,TLN,15445161984,322.35,United States
537,Pinnacle Financial Partners,PNFP,15363621888,101.67,United States
538,UL Solutions,ULS,15326860288,76.04,United States
539,Lincoln Electric,LECO,15237628928,279.56,United States
540,APA Corporation,APA,15222773760,43.45,United States
541,McCormick & Company,MKC,15184735232,56.48,United States
542,Guidewire Software,GWRE,15084388352,181.18,United States
543,Stanley Black &amp; Decker,SWK,15071461376,99.8,United States
544,Textron,TXT,15004879872,86.29,United States
545,Cooper Companies,COO,14964700160,76.73,United States
546,Solventum,SOLV,14947345408,87.81,United States
547,BWX Technologies,BWXT,14866582528,162.26,United States
548,Masco,MAS,14838353920,75.25,United States
549,Omega Healthcare Investors,OHI,14798345216,46.92,United States
550,Healthpeak Properties,DOC,14717745152,20.76,United States
551,CACI International Inc,CACI,14644923392,662.68,United States
552,"QXO, Inc.",QXO,14638993408,14.11,United States
553,Carlisle Companies,CSL,14520678400,365.63,United States
554,Corebridge Financial,CRBG,14518810624,32.57,United States
555,Lennox,LII,14492674048,419.34,United States
556,Sunoco,SUN,14487141376,76.89,United States
557,Dynatrace,DT,14334503936,49.6,United States
558,Penske Automotive Group,PAG,14305313792,217.86,United States
559,Regency Centers,REG,14283648000,76.4,United States
560,Figma,FIG,14279334912,26.79,United States
561,RPM International,RPM,14252617728,111.66,United States
562,Warner Music Group,WMG,14233816064,27.21,United States
563,Wayfair,W,14229222400,107.8,United States
564,Invesco,IVZ,14220715008,32.21,United States
565,Ares Capital,ARCC,14216851456,19.8,United States
566,Tyler Technologies,TYL,14205523968,346.88,United States
567,Nextpower,NXT,14153165824,92.12,United States
568,U-Haul,UHAL,14126574592,72.67,United States
569,Madison Air Solutions,MAIR,14078337024,28.06,United States
570,AMH (American Homes 4 Rent),AMH,14073653248,34.33,United States
571,Avery Dennison,AVY,14009978880,183.16,United States
572,Unum,UNM,14002789376,87.64,United States
573,Erie Indemnity,ERIE,13981264896,267.38,United States
574,UDR Apartments,UDR,13898041344,37.51,United States
575,IES Holdings,IESC,13894847488,697.38,United States
576,Somnigroup International,SGI,13888328704,66.02,United States
577,Toll Brothers,TOL,13887921152,148.58,United States
578,Mueller Industries,MLI,13874708480,62.73,United States
579,Charles River Laboratories,CRL,13844273152,290.0,United States
580,Trimble,TRMB,13815905280,59.25,United States
581,Hecla Mining,HL,13776433152,20.54,United States
582,Baxter,BAX,13772773376,26.64,United States
583,Assurant,AIZ,13727297536,278.31,United States
584,CoStar Group,CSGP,13667314688,33.73,United States
585,DigitalOcean,DOCN,13638499328,116.66,United States
586,Equitable Holdings,EQH,13627378688,49.96,United States
587,Alcoa,AA,13601892352,51.54,United States
588,DT Midstream,DTM,13519067136,132.52,United States
589,BorgWarner,BWA,13488823296,66.23,United States
590,CNA Financial,CNA,13486750720,49.84,United States
591,Exelixis,EXEL,13476846592,54.39,United States
592,Hormel Foods,HRL,13432437760,24.41,United States
593,BioMarin Pharmaceutical,BMRN,13420469248,69.33,United States
594,Brown Forman,BF-A,13398836224,29.2,United States
595,Graco,GGG,13391962112,82.69,United States
596,Five Below,FIVE,13385899008,242.08,United States
597,Revvity,RVTY,13328995328,119.45,United States
598,Texas Roadhouse,TXRH,13320513536,202.93,United States
599,Globe Life,GL,13312970752,171.46,United States
600,Watsco,WSO,13185851392,319.64,United States
601,Equity LifeStyle Properties,ELS,13171231744,65.73,United States
602,Hasbro,HAS,13163679744,93.33,United States
603,AGNC Investment,AGNC,13135134720,11.08,United States
604,J.M. Smucker Company,SJM,13129223168,122.84,United States
605,Ally Financial,ALLY,13114048512,43.11,United States
606,Pinterest,PINS,13102078976,23.39,United States
607,Clorox,CLX,13048456192,107.9,United States
608,Fidelity National Financial,FNF,12985895936,48.42,United States
609,SEI Investments,SEIC,12885259264,107.36,United States
610,Penumbra,PEN,12874039296,326.84,United States
611,Corcept Therapeutics,CORT,12865870848,119.02,United States
612,Gaming and Leisure Properties,GLPI,12848571392,42.9,United States
613,Crown Holdings,CCK,12716278784,116.92,United States
614,Applied Industrial Technologies,AIT,12704777216,346.19,United States
615,Amkor Technology,AMKR,12614232064,50.89,United States
616,Arrowhead Pharmaceuticals,ARWR,12594027520,89.41,United States
617,Webster Financial,WBS,12568934400,77.57,United States
618,DraftKings,DKNG,12565252096,25.31,United States
619,Chime Financial,CHYM,12519810048,33.07,United States
620,Watts Water Technologies,WTS,12509296640,374.72,United States
621,Stifel,SF,12490863616,82.72,United States
622,Madrigal Pharmaceuticals,MDGL,12479924224,540.16,United States
623,Deckers Brands,DECK,12470172672,91.57,United States
624,Generac,GNRC,12438978560,210.81,United States
625,Coca-Cola Consolidated,COKE,12436873216,186.84,United States
626,Aurora Innovation,AUR,12415741952,6.195,United States
627,Huntington Ingalls Industries,HII,12284778496,311.76,United States
628,GoDaddy,GDDY,12264562688,96.84,United States
629,TTM Technologies,TTMI,12260500480,116.38,United States
630,Elanco,ELAN,12240734208,24.5,United States
631,Pershing Square Holdings,PSHZF,12225084416,56.685,United States
632,Halozyme Therapeutics,HALO,12214654976,107.62,United States
633,Bitmine Immersion Technologies,BMNR,12209301504,20.24,United States
634,Gartner,IT,12176386048,192.82,United States
635,"BXP, Inc.",BXP,12158580736,67.22,United States
636,Dycom Industries,DY,12090291200,402.76,United States
637,Crane Company,CR,12077963264,208.96,United States
638,Pinnacle West Capital,PNW,12050640896,99.43,United States
639,HubSpot,HUBS,12050166784,241.65,United States
640,American Healthcare REIT,AHR,12033531904,55.2,United States
641,Manhattan Associates,MANH,12010241024,205.99,United States
642,Encompass Health,EHC,12010062848,121.74,United States
643,Owens Corning,OC,11954531328,151.23,United States
644,American Financial Group,AFG,11881816064,143.29,United States
645,Paramount Skydance,PSKY,11863235584,10.6,United States
646,Globus Medical,GMED,11860697088,88.34,United States
647,DocuSign,DOCU,11859569664,62.11,United States
648,Advanced Energy,AEIS,11787244544,294.31,United States
649,First Horizon Corporation,FHN,11782838272,24.87,United States
650,BrightSpring Health Services,BTSG,11739285504,59.33,United States
651,Instacart (Maplebear Inc.),CART,11730107392,50.67,United States
652,BJ's Wholesale Club,BJ,11720888320,91.79,United States
653,Semtech,SMTC,11677430784,125.36,United States
654,Essential Utilities,WTRG,11649111040,41.05,United States
655,Jack Henry &amp; Associates,JKHY,11585541120,163.06,United States
656,Align Technology,ALGN,11582338048,163.04,United States
657,Evercore,EVR,11475031040,298.38,United States
658,Axsome Therapeutics,AXSM,11429493760,218.2,United States
659,Antero Resources,AR,11396763648,37.07,United States
660,DaVita,DVA,11378075648,177.27,United States
661,Leonardo DRS,DRS,11358903296,42.56,United States
662,Kratos Defense &amp; Security Solutions,KTOS,11356210176,60.56,United States
663,Knight-Swift Transportation,KNX,11350602752,69.74,United States
664,Service Corporation International,SCI,11340822528,83.21,United States
665,Bio-Techne,TECH,11293157376,72.48,United States
666,Regal Rexnord,RRX,11286656000,169.49,United States
667,Avidity Biosciences,RNAM,11249150976,72.82,United States
668,JFrog,FROG,11246312448,91.21,United States
669,Glaukos,GKOS,11180405760,189.55,United States
670,Dayforce,DAY,11180042240,69.86,United States
671,Confluent,CFLT,11133729792,30.99,United States
672,Domino's Pizza,DPZ,11132665856,336.52,United States
673,UMB Financial,UMBF,11096300544,146.1,United States
674,Tempus AI,TEM,11051628544,61.25,United States
675,Advanced Drainage Systems,WMS,11040096256,146.41,United States
676,Camden Property Trust,CPT,10898465792,108.4,United States
677,Jefferies Financial Group,JEF,10891641856,53.55,United States
678,SailPoint,SAIL,10884241408,19.19,United States
679,"Popular, Inc. (Banco Popular de Puerto Rico)",BPOP,10878699520,170.57,United States
680,EastGroup Properties,EGP,10878342144,202.3,United States
681,MGM Resorts,MGM,10873838592,43.22,United States
682,Bentley Systems,BSY,10851176448,35.92,United States
683,Cytokinetics,CYTK,10807681024,77.74,United States
684,Praxis Precision Medicines,PRAX,10782419968,386.19,United States
685,Donaldson Company,DCI,10756546560,92.8,United States
686,Globalstar,GSAT,10683797504,82.46,United States
687,Dutch Bros,BROS,10664143872,50.27,United States
688,Antero Midstream,AM,10642190336,22.42,United States
689,New York Times,NYT,10638265344,65.96,United States
690,The Ensign Group,ENSG,10635961344,182.49,United States
691,FactSet,FDS,10602088448,298.1,United States
692,Kymera Therapeutics,KYMR,10585905152,127.31,United States
693,Darling Ingredients,DAR,10563326976,66.94,United States
694,ViaSat,VSAT,10561737728,76.67,United States
695,Littelfuse,LFUS,10537178112,414.87,United States
696,Insulet,PODD,10507854848,151.51,United States
697,Molina Healthcare,MOH,10501073920,201.17,United States
698,Forgent Power Solutions,FPS,10490619904,34.46,United States
699,AES,AES,10483418112,14.7,United States
700,Arrow Electronics,ARW,10464118784,205.56,United States
701,Murphy USA,MUSA,10444448768,568.24,United States
702,Acuity Brands,AYI,10442417152,348.83,United States
703,Sanmina,SANM,10426293248,194.53,United States
704,SPX Technologies,SPXC,10410847232,207.86,United States
705,Lineage,LINE,10389854208,41.77,United States
706,South State Corp,SSB,10385002496,107.09,United States
707,Modine Manufacturing,MOD,10364413952,195.14,United States
708,Wintrust Financial,WTFC,10349954048,153.41,United States
709,Applied Optoelectronics,AAOI,10333515776,122.19,United States
710,Wynn Resorts,WYNN,10307686400,100.1,United States
711,Allison Transmission,ALSN,10307390464,124.82,United States
712,Skyworks Solutions,SWKS,10299801600,68.48,United States
713,Cullen/Frost Bankers,CFR,10235905024,164.7,United States
714,Federal Realty Investment Trust,FRT,10218127360,117.56,United States
715,Cognex,CGNX,10201093120,60.64,United States
716,Apogee Therapeutics,APGE,10195895296,134.71,United States
717,Henry Schein,HSIC,10171627520,89.29,United States
718,Krystal Biotech,KRYS,10162463744,343.34,United States
719,Universal Health Services,UHS,10156529664,172.33,United States
720,Westlake Corporation,WLK,10153435136,79.45,United States
721,Old Republic International,ORI,10111211520,41.88,United States
722,Ionis Pharmaceuticals,IONS,10104006656,60.8,United States
723,MP Materials,MP,10094797824,56.68,United States
724,Chart Industries,GTLS,10047718400,209.9,United States
725,Protagonist Therapeutics,PTGX,10025902080,154.94,United States
726,Vicor,VICR,10021298176,217.35,United States
727,Paycom,PAYC,10013111296,222.16,United States
728,Brinker International,EAT,10012583936,233.46,United States
729,Life Time Group,LTH,9977576448,44.65,United States
730,Oscar Health,OSCR,9969232896,32.3,United States
731,Zions Bancorporation,ZION,9967155200,68.29,United States
732,Flowserve,FLS,9954888704,77.89,United States
733,Repligen,RGEN,9952986112,176.36,United States
734,TopBuild,BLD,9935550464,354.53,United States
735,Old National Bank,ONB,9912388608,25.91,United States
736,Compass,COMP,9825851392,12.8,United States
737,Rambus,RMBS,9824243712,90.85,United States
738,Chewy,CHWY,9822086144,23.99,United States
739,Nuvalent,NUVL,9792580608,123.96,United States
740,Bio-Rad Laboratories,BIO,9748179968,364.26,United States
741,Madison Square Garden Sports,MSGS,9701808128,402.9,United States
742,OGE Energy,OGE,9685146624,46.93,United States
743,Sirius XM,SIRI,9663707136,28.67,United States
744,Dillard's,DDS,9618073600,615.87,United States
745,Ryder,R,9607424000,250.54,United States
746,Saia,SAIA,9581267968,359.19,United States
747,Procore,PCOR,9561029632,62.92,United States
748,VIAVI Solutions,VIAV,9559088128,38.74,United States
749,Liberty Live Holdings,LLYVA,9518875648,103.46,United States
750,Booz Allen Hamilton,BAH,9483267072,78.84,United States
751,Janus Living,JAN,9482485760,30.56,United States
752,Spyre Therapeutics,SYRE,9458749440,108.92,United States
753,Avantor,AVTR,9441969152,13.96,United States
754,Masimo,MASI,9423817728,179.95,United States
755,Range Resources,RRC,9421958144,40.32,United States
756,Vaxcyte,PCVX,9419374592,63.3,United States
757,CareTrust REIT,CTRE,9409195008,39.82,United States
758,Valmont Industries,VMI,9402613760,484.33,United States
759,CubeSmart,CUBE,9399661568,41.46,United States
760,Affiliated Managers Group,AMG,9387118592,355.41,United States
761,Tetra Tech,TTEK,9371226112,36.6,United States
762,Oshkosh Corporation,OSK,9343343616,149.85,United States
763,Immunovant,IMVT,9286608896,44.96,United States
764,Agree Realty,ADC,9278577664,74.39,United States
765,The Toro Company,TTC,9278214144,97.43,United States
766,Primerica,PRI,9263058944,300.97,United States
767,Kinetik,KNTK,9256925184,54.71,United States
768,FirstCash,FCFS,9193954304,211.98,United States
769,American Airlines,AAL,9174902784,13.86,United States
770,Mohawk Industries,MHK,9160906752,135.24,United States
771,Elastic NV,ESTC,9148993536,87.34,United States
772,Brixmor Property Group,BRX,9126382592,29.74,United States
773,Match Group,MTCH,9113175040,39.7,United States
774,Solstice Advanced Materials,SOLS,9108308992,57.34,United States
775,Houlihan Lokey,HLI,9091533824,130.09,United States
776,ServiceTitan,TTAN,9064677376,95.02,United States
777,Crinetics Pharmaceuticals,CRNX,8985203712,84.69,United States
778,FormFactor,FORM,8960900096,114.95,United States
779,Bruker,BRKR,8935873536,58.65,United States
780,Twist Bioscience,TWST,8928910336,142.39,United States
781,InterDigital,IDCC,8899459072,344.86,United States
782,Voya Financial,VOYA,8887501824,98.1,United States
783,Jackson Financial,JXN,8875173888,131.04,United States
784,NNN REIT,NNN,8874907648,46.24,United States
785,Smithfield Foods,SFD,8872911872,22.55,United States
786,Snap,SNAP,8861875200,5.24,United States
787,Ryman Hospitality Properties,RHP,8853443584,128.34,United States
788,Element Solutions,ESI,8816562176,36.18,United States
789,Columbia Banking System,COLB,8787124224,31.07,United States
790,AeroVironment,AVAV,8779099136,172.74,United States
791,Western Alliance Bancorporation,WAL,8771709952,80.4,United States
792,Core &amp; Main,CNM,8765428736,45.29,United States
793,PBF Energy,PBF,8761059328,73.91,United States
794,Prosperity Bancshares,PB,8760886272,72.9,United States
795,StandardAero,SARO,8736272384,26.4,United States
796,Timken Company,TKR,8733375488,125.67,United States
797,HealthEquity,HQY,8714175488,103.95,United States
798,Alexandria Real Estate Equities,ARE,8699416576,50.55,United States
799,A. O. Smith,AOS,8670966784,63.8,United States
800,Kinsale Capital Group,KNSL,8642589696,379.42,United States
801,ImmunityBio,IBRX,8616469504,8.13,United States
802,First Industrial Realty Trust,FR,8599151616,62.76,United States
803,SM Energy,SM,8596045824,36.14,United States
804,Eastman Chemical,EMN,8592789504,75.16,United States
805,Rexford Industrial,REXR,8587545600,37.56,United States
806,NewMarket Corp,NEU,8560198656,930.82,United States
807,Primo Brands,PRMB,8559968768,23.65,United States
808,Qorvo,QRVO,8540385280,96.81,United States
809,BOK Financial,BOKF,8527665152,140.35,United States
810,Rush Enterprises,RUSHA,8490325504,78.33,United States
811,Levi Strauss &amp; Co.,LEVI,8466712576,22.0,United States
812,AptarGroup,ATR,8451838976,132.93,United States
813,Commerce Bancshares,CBSH,8443852288,58.87,United States
814,AECOM,ACM,8370415616,65.04,United States
815,CarMax,KMX,8365659648,58.95,United States
816,CAVA Group,CAVA,8359819776,71.57,United States
817,Lincoln National Corporation,LNC,8324129792,43.48,United States
818,Clearway Energy,CWEN,8301767680,33.66,United States
819,UGI Corporation,UGI,8268780544,38.55,United States
820,Lear Corporation,LEA,8258599424,124.05,United States
821,Zillow,Z,8225926656,36.58,United States
822,Zurn Elkay Water Solutions,ZWS,8225200640,49.59,United States
823,Hess Midstream,HESM,8195590144,39.75,United States
824,UiPath,PATH,8175937536,15.78,United States
825,Lithia Motors,LAD,8166947840,371.51,United States
826,Celsius Holdings,CELH,8162910208,32.26,United States
827,Idacorp,IDA,8141846016,140.76,United States
828,Applied Digital,APLD,8126954496,28.23,United States
829,10x Genomics,TXG,8102807552,62.19,United States
830,GameStop,GME,8089903616,18.03,United States
831,Chord Energy,CHRD,8085986304,147.83,United States
832,"X-Energy, Inc.",XE,8066367488,19.85,United States
833,Planet Labs,PL,8061825536,22.62,United States
834,Morningstar,MORN,8014774272,213.65,United States
835,Oklo,OKLO,7987597312,42.94,United States
836,Valley Bank,VLY,7979619328,14.44,United States
837,StoneX Group,SNEX,7978797056,66.15,United States
838,Norwegian Cruise Line,NCLH,7962317312,17.34,United States
839,National Fuel Gas,NFG,7943869440,83.58,United States
840,Rhythm Pharmaceuticals,RYTM,7938334720,115.73,United States
841,Molson Coors,TAP,7922427904,42.49,United States
842,Paylocity,PCTY,7921935360,149.31,United States
843,Simpson Manufacturing Company,SSD,7919059968,193.22,United States
844,TG Therapeutics,TGTX,7912139264,51.69,United States
845,Galaxy Digital Holdings,7LX.F,7887111260,22.3715,United States
846,Vornado Realty Trust,VNO,7859917824,38.38,United States
847,Builders FirstSource,BLDR,7806123008,72.55,United States
848,Axalta,AXTA,7762505728,36.27,United States
849,Conagra Brands,CAG,7762334208,16.22,United States
850,TeraWulf,WULF,7734014464,15.5,United States
851,Joby Aviation,JOBY,7636038656,7.72,United States
852,Hanover Insurance Group,THG,7622494720,218.91,United States
853,AppFolio,APPF,7622445056,215.22,United States
854,Ozon,OZON.ME,7591296197,34.85,United States
855,Armstrong World Industries,AWI,7548140544,178.6,United States
856,Commercial Metals Company,CMC,7540155392,68.16,United States
857,ESCO Technologies,ESE,7533143040,290.77,United States
858,Central Bancompany,CBC,7496510464,31.3,United States
859,Federal Signal,FSS,7485532672,122.63,United States
860,Terreno Realty,TRNO,7474273280,68.59,United States
861,Pilgrim's Pride,PPC,7448034816,31.28,United States
862,First American Financial Corporation,FAF,7430837760,72.78,United States
863,Navan,NAVN,7421386240,29.18,United States
864,Lamb Weston,LW,7404842496,53.86,United States
865,Argan,AGX,7402302976,528.01,United States
866,Sprouts Farmers Market,SFM,7397334016,79.33,United States
867,Hexcel,HXL,7395217920,97.79,United States
868,Dropbox,DBX,7390875136,33.99,United States
869,OneMain Financial,OMF,7386812928,64.21,United States
870,Etsy,ETSY,7384758784,80.46,United States
871,Terex,TEX,7383779840,64.6,United States
872,NOV,NOV,7375532544,20.69,United States
873,PJT Partners,PJT,7368890368,172.99,United States
874,Ralliant Corporation,RAL,7358667264,66.51,United States
875,Macerich,MAC,7346255872,24.9,United States
876,Clearwater Analytics,CWAN,7330872320,24.56,United States
877,Kirby Corporation,KEX,7321776128,138.67,United States
878,MSA Safety,MSA,7307885056,189.43,United States
879,Fannie Mae,FNMA,7307532288,6.31,United States
880,Silicon Labs,SLAB,7304651264,218.92,United States
881,Air Lease Corporation,AL,7282301440,65.0,United States
882,SentinelOne,S,7280398336,21.32,United States
883,Riot Platforms,RIOT,7272518144,19.38,United States
884,Hims &amp; Hers Health,HIMS,7253713920,31.09,United States
885,Avnet,AVT,7250326528,88.34,United States
886,Gap Inc.,GAP,7235576832,20.1,United States
887,Fluor Corporation,FLR,7230042112,54.06,United States
888,Zeta Global,ZETA,7226681856,28.79,United States
889,Powell Industries,POWL,7221117440,198.21,United States
890,GitLab,GTLB,7195139584,42.6,United States
891,Matador Resources,MTDR,7177744384,58.0,United States
892,STAG Industrial,STAG,7169519616,36.43,United States
893,Loar Holdings,LOAR,7166231040,76.49,United States
894,CG Oncology,CGON,7151505408,80.68,United States
895,Allegro MicroSystems,ALGM,7148518400,38.35,United States
896,Hinge Health,HNGE,7138227712,88.46,United States
897,Arcosa,ACA,7132763648,145.25,United States
898,Aura Minerals,AUGO,7126131200,85.0,United States
899,Victory Capital,VCTR,7123423232,115.81,United States
900,POOLCORP,POOL,7122423296,195.99,United States
901,Campbell's,CPB,7100290560,23.81,United States
902,The Mosaic Company,MOS,7066820096,22.23,United States
903,Light &amp; Wonder,LNW,7028988928,86.22,United States
904,Hamilton Lane,HLNE,7027934208,104.86,United States
905,PACS Group,PACS,7005135360,44.26,United States
906,Chemed,CHE,7001578496,535.7,United States
907,EnerSys,ENS,6994850304,193.95,United States
908,AGCO,AGCO,6969557504,99.52,United States
909,Scholar Rock Holding,SRRK,6882085888,56.51,United States
910,Enact Holdings,ACT,6834312704,49.71,United States
911,Duolingo,DUOL,6832198656,146.03,United States
912,Belite Bio,BLTE,6787870208,168.55,United States
913,Ormat Technologies,ORA,6784342528,110.32,United States
914,Healthcare Realty Trust,HR,6776528384,19.32,United States
915,EnPro Industries,NPO,6764978688,319.59,United States
916,Ingredion,INGR,6757305344,107.15,United States
917,Essential Properties Realty Trust,EPRT,6743062528,31.1,United States
918,Liquidia Corporation,LQDA,6742704640,75.33,United States
919,Arcellx,ACLX,6732325376,115.07,United States
920,MSC Industrial Direct,MSM,6719985152,120.33,United States
921,Aaon,AAON,6677920256,80.99,United States
922,Magnolia Oil &amp; Gas,MGY,6666106880,27.49,United States
923,Taylor Morrison,TMHC,6665396224,72.45,United States
924,WEX,WEX,6660228608,195.42,United States
925,Southwest Gas,SWX,6646907392,91.75,United States
926,Gates Industrial Corp,GTES,6640155136,26.23,United States
927,Installed Building Products,IBP,6636819968,249.7,United States
928,AutoNation,AN,6629352960,200.52,United States
929,Weatherford International,WFRD,6613699072,92.26,United States
930,F.N.B. Corporation,FNB,6610250240,18.57,United States
931,Lyft,LYFT,6597956608,17.43,United States
932,Cipher Mining,CIFR,6594838528,15.89,United States
933,Qualys,QLYS,6574310912,186.68,United States
934,Construction Partners,ROAD,6561509888,115.61,United States
935,Lantheus Holdings,LNTH,6558567936,100.48,United States
936,LKQ Corporation,LKQ,6542633984,25.86,United States
937,Matson,MATX,6526728704,218.26,United States
938,Plexus,PLXS,6510041600,244.26,United States
939,United Bankshares,UBSI,6495977472,47.69,United States
940,Rayonier,RYN,6493174272,21.47,United States
941,VSE Corporation,VSEC,6466731008,230.42,United States
942,H&amp;R Block,HRB,6440644096,52.25,United States
943,StepStone Group,STEP,6438706688,49.88,United States
944,Caris Life Sciences,CAI,6431866880,22.76,United States
945,Churchill Downs,CHDN,6394997248,91.75,United States
946,Cogent Biosciences,COGT,6394395136,36.85,United States
947,Amdocs,DOX,6392134144,60.21,United States
948,National Storage Affiliates Trust,NSA,6391416320,43.41,United States
949,LandBridge,LB,6377261056,82.2,United States
950,Cleveland-Cliffs,CLF,6372932096,11.17,United States
951,Urban Outfitters,URBN,6369537024,74.38,United States
952,The Trade Desk,TTD,6362177536,13.54,United States
953,MGIC Investment,MTG,6334254592,30.88,United States
954,Enova International,ENVA,6333647872,254.38,United States
955,Eagle Materials,EXP,6330773504,206.38,United States
956,Brookfield Renewable,BEPC,6321511424,34.06,United States
957,Erasca,ERAS,6320200192,18.07,United States
958,BETA Technologies,BETA,6316398080,26.4,United States
959,Lumen Technologies,LUMN,6315806720,6.13,United States
960,Amneal Pharmaceuticals,AMRX,6307641344,18.11,United States
961,Starwood Property Trust,STWD,6288973824,16.56,United States
962,Landstar System,LSTR,6279009792,185.02,United States
963,Red Rock Resorts,RRR,6246748160,61.25,United States
964,Glacier Bancorp,GBCI,6243188736,47.95,United States
965,Ingram Micro Holding Corporation,INGM,6241711104,27.06,United States
966,Mirum Pharmaceuticals,MIRM,6234720768,102.24,United States
967,Sensata Technologies,ST,6224568832,42.77,United States
968,GATX,GATX,6219338752,176.16,United States
969,Sealed Air,SEE,6211799552,42.15,United States
970,Definium Therapeutics,DFTX,6156693504,45.82,United States
971,Macy's,M,6155087872,23.4,United States
972,PTC Therapeutics,PTCT,6148556800,73.67,United States
973,Travere Therapeutics,TVTX,6133811712,65.96,United States
974,Schneider National,SNDR,6133778432,34.99,United States
975,Terns Pharmaceuticals,TERN,6116845568,52.95,United States
976,Floor &amp; Decor,FND,6114653696,57.42,United States
977,Hancock Whitney,HWC,6107381248,76.13,United States
978,"Mobility Global, Inc.",MBGL,6105146368,20.69,United States
979,Credit Acceptance,CACC,6098744320,583.05,United States
980,Home BancShares,HOMB,6083509248,30.41,United States
981,Plains GP,PAGP,6080145920,26.095,United States
982,Mercury Systems,MRCY,6079382528,101.25,United States
983,SOLV Energy,MWH,6065529856,29.97,United States
984,Kodiak Gas Services,KGS,6058162176,60.03,United States
985,Crocs,CROX,6028134400,125.73,United States
986,Caesars Entertainment,CZR,6028085760,29.59,United States
987,MaxLinear,MXL,6024748544,66.43,United States
988,Core Scientific,CORZ,6015493120,18.72,United States
989,CLEAR Secure,YOU,6015411712,44.3,United States
990,Boyd Gaming,BYD,6007149568,82.68,United States
991,JBT Marel Corporation,JBTM,5967390208,115.03,United States
992,Rush Street Interactive,RSI,5956089856,25.72,United States
993,RadNet,RDNT,5944828928,75.54,United States
994,Netskope,NTSK,5937677312,14.7,United States
995,Albertsons,ACI,5936114688,12.12,United States
996,TXNM Energy,TXNM,5935455744,57.6,United States
997,Cirrus Logic,CRUS,5917380096,118.07,United States
998,Solaris Energy Infrastructure,SEI,5916829696,58.8,United States
999,Cactus Inc,WHD,5911628800,73.73,United States
1000,Casella Waste Systems,CWST,5908978176,92.85,United States
1001,Atlantic Union Bankshares,AUB,5906824192,41.36,United States
1002,RLI Corp.,RLI,5901921280,64.31,United States
1003,Portland General Electric,POR,5896851968,50.14,United States
1004,e.l.f. Beauty,ELF,5880146944,99.65,United States
1005,Dolby,DLB,5873033216,62.7,United States
1006,Ameris Bancorp,ABCB,5821553152,86.75,United States
1007,Associated Banc-Corp,ASB,5814401536,30.81,United States
1008,Rithm Capital,RITM,5796264960,10.38,United States
1009,Ligand Pharmaceuticals,LGND,5795480576,290.71,United States
1010,Mercury General,MCY,5777587712,104.31,United States
1011,Nexstar Media Group,NXST,5772551168,187.37,United States
1012,Teleflex,TFX,5756713984,135.86,United States
1013,Balchem,BCPC,5744100352,180.19,United States
1014,Sphere Entertainment,SPHR,5738635264,159.79,United States
1015,Sonoco,SON,5724497408,57.9,United States
1016,Uranium Energy,UEC,5701267456,11.63,United States
1017,MarketAxess,MKTX,5692098560,161.74,United States
1018,Commvault,CVLT,5691167744,137.32,United States
1019,Flagstar Bank,FLG,5682620928,13.69,United States
1020,MiniMed Group,MMED,5678642176,20.22,United States
1021,Rigetti Computing,RGTI,5674068480,17.0,United States
1022,Sensient Technologies,SXT,5671036928,133.22,United States
1023,Frontdoor,FTDR,5668541440,82.28,United States
1024,Archrock,AROC,5661670400,32.29,United States
1025,EXL Service,EXLS,5656024064,37.02,United States
1026,VF Corporation,VFC,5649343488,14.37,United States
1027,Phillips Edison &amp; Company,PECO,5629920768,39.88,United States
1028,Wyndham Hotels &amp; Resorts,WH,5628913152,75.85,United States
1029,Herc Holdings,HRI,5619826176,168.1,United States
1030,AAR,AIR,5602822656,139.17,United States
1031,Blue Owl Capital Corporation,OBDC,5587304960,11.33,United States
1032,Black Hills,BKH,5580967936,73.19,United States
1033,Pegasystems,PEGA,5561819648,33.83,United States
1034,New Jersey Resources,NJR,5558760448,55.08,United States
1035,Fortune Brands Innovations,FBIN,5549580288,46.49,United States
1036,Warrior Met Coal,HCC,5546859520,105.05,United States
1037,EPAM Systems,EPAM,5538894336,107.37,United States
1038,Novanta,NOVT,5519124992,145.94,United States
1039,Granite Construction,GVA,5517829632,126.08,United States
1040,RingCentral,RNG,5506396160,65.94,United States
1041,Kite Realty,KRG,5497303040,26.44,United States
1042,Reynolds Consumer Products,REYN,5496813056,26.08,United States
1043,Merit Medical,MMSI,5492164608,91.98,United States
1044,Versant Media Group,VSNT,5463817216,39.26,United States
1045,Axos Financial,AX,5454978560,96.15,United States
1046,Vail Resorts,MTN,5453711360,153.05,United States
1047,SAIC (Science Applications International Corp),SAIC,5441449984,128.71,United States
1048,Main Street Capital,MAIN,5439387136,58.17,United States
1049,Sotera Health,SHC,5422120960,19.0,United States
1050,PriceSmart,PSMT,5419416576,175.61,United States
1051,ACM Research,ACMR,5404081152,77.59,United States
1052,ADT,ADT,5398832640,7.39,United States
1053,Bank OZK,OZK,5395181056,49.48,United States
1054,HASI (HA Sustainable Infrastructure Capita),HASI,5381404160,41.88,United States
1055,Selective Insurance,SIGI,5353868288,89.83,United States
1056,CSW Industrials,CSW,5347685376,328.21,United States
1057,Outfront Media,OUT,5342181888,30.33,United States
1058,GXO Logistics,GXO,5317923840,46.37,United States
1059,Louisiana-Pacific,LPX,5313479680,75.99,United States
1060,Jersey Mike's Subs,JMKE,5310947328,22.81,United States
1061,Remitly,RELY,5304802304,25.06,United States
1062,CNX Resources,CNX,5299340800,35.82,United States
1063,Virtu Financial,VIRT,5296274944,59.98,United States
1064,Piper Sandler,PIPR,5288257536,74.83,United States
1065,Brunswick Corporation,BC,5288118272,81.61,United States
1066,Laureate Education,LAUR,5286820352,38.38,United States
1067,Murphy Oil,MUR,5286461952,36.87,United States
1068,First National of Nebraska,FINN,5269485056,19500.0,United States
1069,The Cheesecake Factory,CAKE,5265670144,105.82,United States
1070,Eastern Bankshares,EBC,5258051072,23.01,United States
1071,Fervo Energy Company,FRVO,5255627776,17.83,United States
1072,Apellis Pharmaceuticals,APLS,5252712960,41.03,United States
1073,Sabra Health Care REIT,SBRA,5247205376,20.54,United States
1074,ACI Worldwide,ACIW,5246643712,51.97,United States
1075,Oceaneering International,OII,5244216832,52.69,United States
1076,UniFirst,UNF,5232655360,289.35,United States
1077,Acushnet Holdings,GOLF,5230755840,89.56,United States
1078,Enphase Energy,ENPH,5188895744,39.37,United States
1079,Klaviyo,KVYO,5182039552,18.2,United States
1080,Liberty Broadband,LBRDA,5177567232,35.99,United States
1081,ACADIA Pharmaceuticals,ACAD,5173035520,30.21,United States
1082,Iridium Communications,IRDM,5161330176,48.71,United States
1083,Amentum,AMTM,5141969920,21.03,United States
1084,BGC Group,BGC,5135038464,10.8,United States
1085,Boot Barn Holdings,BOOT,5123287040,169.17,United States
1086,ONE Gas,OGS,5115871744,81.39,United States
1087,Materion,MTRN,5108846080,245.22,United States
1088,Parabilis Medicines,PBLS,5104393216,41.32,United States
1089,Middleby,MIDD,5084348416,112.43,United States
1090,Moelis &amp; Company,MC,5078986240,68.56,United States
1091,Ondas Holdings,ONDS,5077915648,8.9,United States
1092,Celanese,CE,5076985344,46.26,United States
1093,MYR Group,MYRG,5075419648,325.99,United States
1094,Millrose Properties,MRP,5067782656,30.52,United States
1095,Impinj,PI,5040866816,164.98,United States
1096,Gentex,GNTX,5034181120,23.64,United States
1097,Parsons,PSN,5032670208,47.12,United States
1098,Champion Homes,SKY,5025254912,92.58,United States
1099,Belden,BDC,5018811904,128.43,United States
1100,Trex,TREX,5017269760,48.29,United States
1101,Dyne Therapeutics,DYN,5001069568,26.78,United States
1102,SLM Corporation (Sallie Mae),SLM,4998920192,26.59,United States
1103,Avis Budget Group,CAR,4997180928,141.46,United States
1104,UFP Industries,UFPI,4987701760,90.42,United States
1105,EquipmentShare.com,EQPT,4986439168,19.68,United States
1106,Perimeter Solutions,PRM,4984267264,30.45,United States
1107,Paymentus,PAY,4983431680,39.57,United States
1108,Greif,GEF,4978761728,87.58,United States
1109,Graham Holdings,GHC,4970746880,1173.75,United States
1110,Archer Aviation,ACHR,4966672896,6.45,United States
1111,International Seaways,INSW,4938766848,99.71,United States
1112,Spire Inc.,SR,4937101312,83.52,United States
1113,Global Business Travel Group,GBTG,4936429056,9.45,United States
1114,Haemonetics,HAE,4932335616,108.41,United States
1115,CNO Financial Group,CNO,4931388928,53.3,United States
1116,Choice Hotels International,CHH,4915392000,109.21,United States
1117,ESAB,ESAB,4904418304,78.89,United States
1118,Vishay Intertechnology,VSH,4901998080,31.96,United States
1119,LifeStance Health Group,LFST,4901773312,12.83,United States
1120,First Financial Bankshares,FFIN,4890072064,34.12,United States
1121,Varonis Systems,VRNS,4856301056,42.28,United States
1122,Radian Group,RDN,4856096256,36.36,United States
1123,TFS Financial,TFSL,4854464000,17.31,United States
1124,Meritage Homes,MTH,4835266048,74.19,United States
1125,Cousins Properties,CUZ,4831070720,29.35,United States
1126,AXT Inc,AXTI,4815041024,73.43,United States
1127,Ollie's Bargain Outlet,OLLI,4799386624,79.39,United States
1128,ServisFirst Bancshares,SFBS,4799153152,87.78,United States
1129,KBR,KBR,4786792448,37.97,United States
1130,California Resources Corporation,CRC,4777622528,53.79,United States
1131,Federated Hermes,FHI,4776764928,63.98,United States
1132,Waystar,WAY,4763030528,24.84,United States
1133,Alliance Laundry Holdings,ALH,4759010816,23.94,United States
1134,Bill.com,BILL,4751759872,47.71,United States
1135,Tutor Perini Corporation,TPC,4748568576,90.33,United States
1136,Icahn Enterprises,IEP,4727585280,6.65,United States
1137,Tidewater,TDW,4708431872,94.63,United States
1138,Abercrombie &amp; Fitch,ANF,4685323776,105.45,United States
1139,ICU Medical,ICUI,4682818048,187.26,United States
1140,Xometry,XMTR,4673246720,84.59,United States
1141,Griffon Corporation,GFF,4660826112,102.9,United States
1142,Veradermics,MANE,4647204864,111.23,United States
1143,EPR Properties,EPR,4644032512,60.62,United States
1144,Core Natural Resources,CNR,4631063040,93.3,United States
1145,Tanger Inc.,SKT,4611805184,38.58,United States
1146,Indivior PLC,INDV,4607252992,39.04,United States
1147,Cavco Industries,CVCO,4604797952,598.85,United States
1148,Franklin Electric,FELE,4601086976,104.07,United States
1149,Alaska Airlines,ALK,4599905792,41.23,United States
1150,Webull,BULL,4594913280,8.64,United States
1151,Doximity,DOCS,4589834240,25.75,United States
1152,"Box, Inc.",BOX,4588200960,33.12,United States
1153,Patterson-UTI Energy,PTEN,4578189312,12.06,United States
1154,Amicus Therapeutics,FOLD,4549870080,14.49,United States
1155,Relay Therapeutics,RLAY,4544997376,20.74,United States
1156,Fulton Financial,FULT,4528052224,23.65,United States
1157,Nelnet,NNI,4512503296,126.12,United States
1158,Broadstone Net Lease,BNL,4502763008,21.15,United States
1159,Brink's,BCO,4497083904,109.18,United States
1160,Kontoor Brands,KTB,4490887680,82.17,United States
1161,Travel + Leisure,TNL,4472978944,72.99,United States
1162,Vontier,VNT,4457544192,32.97,United States
1163,Robert Half,RHI,4453862912,43.54,United States
1164,Neptune Insurance Holdings,NP,4449096704,32.42,United States
1165,International Bancshares Corp,IBOC,4448558592,71.53,United States
1166,Concentra Group,CON,4433791488,34.77,United States
1167,Hagerty,HGTY,4432732672,12.9,United States
1168,Envista,NVST,4429836288,27.58,United States
1169,USA Rare Earth,USAR,4426100736,18.09,United States
1170,SL Green Realty,SLG,4423382016,57.65,United States
1171,CECO Environmental,CECO,4405622784,75.22,United States
1172,Dave Inc.,DAVE,4401287680,345.05,United States
1173,Cabot Corporation,CBT,4397112320,85.18,United States
1174,Legend Biotech,LEGN,4395438080,22.6,United States
1175,Bread Financial,BFH,4384570368,108.51,United States
1176,CCC Intelligent Solutions,CCC,4382120448,7.44,United States
1177,Chefs' Warehouse,CHEF,4379867648,107.36,United States
1178,Helmerich &amp; Payne,HP,4373327872,43.76,United States
1179,Silgan Holdings,SLGN,4353041920,41.19,United States
1180,Enliven Therapeutics,ELVN,4351550464,59.39,United States
1181,Valvoline,VVV,4351159808,34.1,United States
1182,SiteOne Landscape Supply,SITE,4346637312,98.1,United States
1183,Diodes Incorporated,DIOD,4343596544,94.32,United States
1184,NorthWestern Energy,NWE,4341929984,70.58,United States
1185,CommScope,COMM,4337923584,19.58,United States
1186,Brady Corporation,BRC,4334848000,92.01,United States
1187,Korn Ferry,KFY,4334457856,84.4,United States
1188,Itron,ITRI,4328758272,98.86,United States
1189,Cinemark Theatres,CNK,4325830656,37.32,United States
1190,Americold,COLD,4325650944,15.08,United States
1191,BillionToOne,BLLN,4325636096,91.67,United States
1192,Excelerate Energy,EE,4325156352,38.14,United States
1193,"Calumet, Inc.",CLMT,4323714048,49.19,United States
1194,Insight Enterprises,NSIT,4321911296,147.26,United States
1195,Kilroy Realty,KRC,4317188096,36.76,United States
1196,Century Aluminum,CENX,4314127872,43.58,United States
1197,Victoria's Secret &amp; Co,VSCO,4312813568,54.3,United States
1198,AZZ,AZZ,4312690688,143.51,United States
1199,MDU Resources,MDU,4312163840,20.5,United States
1200,United Community Bank,UCB,4310574080,35.75,United States
1201,Primoris Services Corporation,PRIM,4302817792,79.93,United States
1202,Amylyx Pharmaceuticals,AMLX,4300929536,38.6,United States
1203,UWM Holdings,UWMC,4270327296,1.49,United States
1204,Texas Capital Bancshares,TCBI,4269182720,98.2,United States
1205,COPT Defense Properties,CDP,4265392896,36.82,United States
1206,Integer Holdings,ITGR,4254541568,125.3,United States
1207,Tango Therapeutics,TNGX,4248981504,25.2,United States
1208,Workiva,WK,4248794880,75.71,United States
1209,FTI Consulting,FCN,4245832192,153.77,United States
1210,Firefly Aerospace,FLY,4235337216,25.3,United States
1211,Seaboard Corporation,SEB,4204720128,4390.0,United States
1212,OPENLANE Corporate,OPLN,4201644544,34.42,United States
1213,Viking Therapeutics,VKTX,4197172480,35.98,United States
1214,Cohen &amp; Steers,CNS,4173885696,81.17,United States
1215,Cathay General Bancorp,CATY,4170280704,62.51,United States
1216,Thor Industries,THO,4168233728,80.07,United States
1217,Mattel,MAT,4151220992,14.53,United States
1218,Pattern Group,PTRN,4125384960,20.72,United States
1219,Rumble,RUM,4125140736,8.32,United States
1220,iRhythm,IRTC,4112134656,124.75,United States
1221,Denali Therapeutics,DNLI,4106479872,25.69,United States
1222,WillScot,WSC,4096727808,22.61,United States
1223,Planet Fitness,PLNT,4092065792,53.95,United States
1224,WSFS Financial,WSFS,4077540864,79.81,United States
1225,Howard Hughes Holdings,HHH,4072974592,68.2,United States
1226,SkyWest,SKYW,4062005760,102.42,United States
1227,Delek US,DK,4061530368,66.33,United States
1228,Avient,AVNT,4059507200,44.26,United States
1229,Geo Group,GEO,4038088960,30.68,United States
1230,MIAX (Miami International Holdings),MIAX,4028774144,40.6,United States
1231,Newmark,NMRK,4018564096,16.42,United States
1232,Independence Realty Trust,IRT,4016328192,16.62,United States
1233,Atmus Filtration Technologies,ATMU,4011236096,49.16,United States
1234,Sezzle,SEZL,4006316800,118.97,United States
1235,Tri Pointe Homes,TPH,3998444288,46.95,United States
1236,Q2,QTWO,3995688960,64.08,United States
1237,Telephone and Data Systems,TDS,3991071488,34.67,United States
1238,PennyMac Financial Services,PFSI,3989907200,76.84,United States
1239,Marriott Vacations Worldwide,VAC,3989857024,116.0,United States
1240,St. Joe Company,JOE,3982854400,69.96,United States
1241,Dorman Products,DORM,3980093696,134.12,United States
1242,Universal Display Corporation,OLED,3977969920,86.54,United States
1243,Comstock Resources,CRK,3975622144,13.54,United States
1244,Lemonade,LMND,3966576640,51.25,United States
1245,CVB Financial,CVBF,3965222400,22.53,United States
1246,Bath &amp; Body Works,BBWI,3964720896,19.67,United States
1247,HeartFlow,HTFL,3958998272,45.53,United States
1248,Synaptics,SYNA,3949023488,100.98,United States
1249,Mueller Water Products,MWA,3948418560,25.29,United States
1250,WesBanco,WSBC,3947486208,41.16,United States
1251,Independent Bank Corp.,INDB,3947267072,83.33,United States
1252,WaterBridge Infrastructure,WBI,3918500096,31.74,United States
1253,The Vita Coco Company,COCO,3909880832,67.57,United States
1254,M/I Homes,MHO,3908756992,154.6,United States
1255,Axcelis Technologies,ACLS,3904346624,126.43,United States
1256,Madison Square Garden Entertainment,MSGE,3899370240,82.43,United States
1257,USA Compression Partners,USAC,3891728896,26.85,United States
1258,Tenable,TENB,3890395136,35.28,United States
1259,Mirion Technologies,MIR,3884987392,15.6,United States
1260,Otter Tail,OTTR,3876948224,92.34,United States
1261,Arcus Biosciences,RCUS,3864568064,30.35,United States
1262,Par Pacific Holdings,PARR,3864184064,77.13,United States
1263,Apple Hospitality REIT,APLE,3862313216,16.36,United States
1264,Structure Therapeutics,GPCR,3860002560,54.13,United States
1265,Catalyst Pharmaceuticals,CPRX,3854925568,31.49,United States
1266,Renasant Corp,RNST,3842643712,42.04,United States
1267,Grand Canyon Education,LOPE,3829475072,146.92,United States
1268,Asbury Automotive Group,ABG,3822681088,212.94,United States
1269,NuScale Power,SMR,3812518656,9.29,United States
1270,Badger Meter,BMI,3795537920,130.94,United States
1271,BancFirst,BANF,3792574976,112.92,United States
1272,Standex International,SXI,3789393408,312.67,United States
1273,"GPGI, Inc.",GPGI,3785964544,13.06,United States
1274,Cal-Maine Foods,CALM,3779170816,80.55,United States
1275,Fastly,FSLY,3769038080,23.66,United States
1276,Freddie Mac,FMCC,3763844864,5.79,United States
1277,Polaris,PII,3755632640,66.0,United States
1278,Bel Fuse,BELFB,3752945664,263.87,United States
1279,IDEAYA Biosciences,IDYA,3750546176,38.87,United States
1280,Genworth Financial,GNW,3748282368,9.92,United States
1281,Interparfums,IPAR,3747336704,117.01,United States
1282,Knife River Corporation,KNF,3733268480,65.78,United States
1283,MARA Holdings,MARA,3727788032,9.65,United States
1284,Shift4 Payments,FOUR,3721390592,47.13,United States
1285,Kadant,KAI,3712432128,314.37,United States
1286,Energy Fuels,UUUU,3711980288,14.85,United States
1287,Mechanics Bancorp,MCHB,3697822976,16.7,United States
1288,CVR Energy,CVI,3689473024,36.7,United States
1289,Fermi Inc.,FRMI,3689091840,5.76,United States
1290,Atlanta Braves Holdings,BATRA,3672970496,57.24,United States
1291,National Healthcare,NHC,3665392896,234.04,United States
1292,Centrus Energy,LEU,3664940800,183.68,United States
1293,RXO,RXO,3659710976,22.19,United States
1294,Park National Corp,PRK,3643360512,201.69,United States
1295,PVH Corp.,PVH,3642078208,78.99,United States
1296,OSI Systems,OSIS,3641400064,220.92,United States
1297,National Health Investors,NHI,3638100992,74.08,United States
1298,First Advantage,FA,3630873088,21.14,United States
1299,Iovance Biotherapeutics,IOVA,3619241472,7.99,United States
1300,Nicolet Bankshares,NIC,3618524160,172.66,United States
1301,QuantumScape,QS,3617053184,5.88,United States
1302,Cushman &amp; Wakefield,CWK,3607549696,15.37,United States
1303,First Interstate BancSystem,FIBK,3606326272,37.84,United States
1304,Freshpet,FRPT,3605797120,75.03,United States
1305,Organon,OGN,3605627392,13.73,United States
1306,LXP Industrial Trust,LXP,3586370560,60.83,United States
1307,Adtalem Global Education,ATGE,3579815168,98.54,United States
1308,CorVel Corporation,CRVL,3575563008,70.78,United States
1309,Post Holdings,POST,3573685760,78.85,United States
1310,ScottsMiracle-Gro,SMG,3559005184,61.13,United States
1311,Bright Horizons,BFAM,3555727104,73.11,United States
1312,American States Water,AWR,3534704896,89.18,United States
1313,Warby Parker,WRBY,3522829568,28.5,United States
1314,Hilton Grand Vacations,HGV,3522458112,45.32,United States
1315,Aehr Test Systems,AEHR,3521703680,107.96,United States
1316,Life360,LIF,3519137024,43.19,United States
1317,Astronics Corporation,ATRO,3512550144,81.67,United States
1318,Highwoods Properties,HIW,3511021568,31.26,United States
1319,Stride (K12 Education),LRN,3498092032,84.17,United States
1320,Option Care Health,OPCH,3497485568,23.35,United States
1321,HNI Corporation,HNI,3492877312,48.39,United States
1322,Steve Madden,SHOO,3464203776,47.34,United States
1323,KB Home,KBH,3457868800,56.4,United States
1324,First Financial Bank,FFBC,3454528000,32.91,United States
1325,Opendoor,OPEN,3453757184,3.58,United States
1326,Braze,BRZE,3452160768,30.65,United States
1327,TowneBank,TOWN,3446061312,37.28,United States
1328,Lionsgate Studios,LION,3445741056,11.58,United States
1329,WisdomTree,WT,3439325184,22.7,United States
1330,"Atlanta Braves Holdings, Inc.",BATRK,3436832512,53.56,United States
1331,NMI Holdings,NMIH,3434446848,45.66,United States
1332,United States Lime &amp; Minerals,USLM,3426538240,119.44,United States
1333,Magnite,MGNI,3420666368,23.85,United States
1334,Golub Capital,GBDC,3419611392,13.17,United States
1335,Curbline Properties,CURB,3417708288,29.97,United States
1336,Freshworks,FRSH,3410234368,13.07,United States
1337,"Csquare, Inc.",CSQR,3407665152,20.45,United States
1338,NCR Atleos Corporation,NATL,3403693056,46.06,United States
1339,Seacoast Banking,SBCF,3399455488,35.11,United States
1340,Veracyte,VCYT,3391684608,42.19,United States
1341,Advance Auto Parts,AAP,3389294848,56.18,United States
1342,Immunome,IMNM,3387452928,29.825,United States
1343,National Energy Services Reunited,NESR,3383071744,33.545,United States
1344,AllianceBernstein,AB,3375738112,36.23,United States
1345,Graphic Packaging,GPK,3373116160,11.4,United States
1346,UCT (Ultra Clean Holdings),UCTT,3362574848,75.01,United States
1347,Alliance Resource Partners,ARLP,3354134784,26.07,United States
1348,Pulse Biosciences,PLSE,3353588992,47.02,United States
1349,Palomar Holdings,PLMR,3339187712,126.88,United States
1350,BankUnited,BKU,3335806208,46.83,United States
1351,FS KKR Capital,FSK,3332664064,12.06,United States
1352,Simmons First National,SFNC,3331042816,23.05,United States
1353,Arcutis Biotherapeutics,ARQT,3325809152,26.46,United States
1354,Exponent,EXPO,3323947008,69.91,United States
1355,Community Financial System,CBU,3322168064,63.14,United States
1356,Ashland,ASH,3318645504,72.47,United States
1357,Dana Incorporated,DAN,3315513344,30.82,United States
1358,Liftoff Mobile,LFTO,3303657984,19.51,United States
1359,GRAIL,GRAL,3303514368,73.96,United States
1360,CarGurus,CARG,3299281664,37.04,United States
1361,Chesapeake Utilities,CPK,3298727424,136.84,United States
1362,Dynex Capital,DX,3298235904,13.33,United States
1363,MBX Biosciences,MBX,3294150656,68.4,United States
1364,Agilysys,AGYS,3291897600,116.71,United States
1365,Liberty Energy,LBRT,3286675200,20.14,United States
1366,Wingstop Restaurants,WING,3283544064,120.53,United States
1367,Celldex Therapeutics,CLDX,3274681600,41.7,United States
1368,Peabody Energy,BTU,3273015040,26.85,United States
1369,H.B. Fuller,FUL,3272963840,60.85,United States
1370,Ambarella,AMBA,3272127744,74.59,United States
1371,Resideo Technologies,REZI,3270792704,21.54,United States
1372,First Hawaiian Bank,FHB,3257390592,26.77,United States
1373,IPG Photonics,IPGP,3249907712,76.57,United States
1374,TransMedics Group,TMDX,3247688960,93.97,United States
1375,Tegna,TGNA,3243011584,20.03,United States
1376,Acadian Asset Management,AAMI,3231021312,91.04,United States
1377,PotlatchDeltic,PCH,3230610432,41.73,United States
1378,Perpetua Resources,PPTA,3229973504,25.82,United States
1379,Tarsus Pharmaceuticals,TARS,3222767360,73.44,United States
1380,YETI Holdings,YETI,3217346560,44.08,United States
1381,Restoration Hardware,RH,3216889600,169.97,United States
1382,Avista,AVA,3211083520,38.34,United States
1383,The Marzetti Company,MZTI,3206224640,116.92,United States
1384,"Hayward Holdings, Inc.",HAYW,3203005696,15.1,United States
1385,TriNet,TNET,3195428608,69.61,United States
1386,Park Hotels &amp; Resorts,PK,3187185920,15.83,United States
1387,SoundHound AI,SOUN,3179826432,7.16,United States
1388,CoreCivic,CXW,3163602688,31.99,United States
1389,Hercules Capital,HTGC,3163071488,16.9,United States
1390,Atkore,ATKR,3155369472,93.43,United States
1391,Ethos Technologies,LIFE,3148293120,32.85,United States
1392,Group 1 Automotive,GPI,3145917440,263.87,United States
1393,Plug Power,PLUG,3143689216,2.25,United States
1394,IAC Inc.,IAC,3142127872,42.24,United States
1395,Shake Shack,SHAK,3138808576,73.27,United States
1396,Power Integrations,POWI,3117171200,55.79,United States
1397,Gulfport Energy,GPOR,3111263488,173.14,United States
1398,Alumis,ALMS,3105151488,23.99,United States
1399,Tootsie Roll Industries,TR,3100476160,41.25,United States
1400,Black Stone Minerals,BSM,3100365312,14.59,United States
1401,Redwire,RDW,3099908352,12.4,United States
1402,Provident Financial Services,PFS,3091016192,23.7,United States
1403,Acadia Realty Trust,AKR,3087897600,21.18,United States
1404,Columbia Sportswear,COLM,3087717376,60.315,United States
1405,California Water Service Group,CWT,3086389504,49.91,United States
1406,Disc Medicine,IRON,3083713280,80.32,United States
1407,NextNav,NN,3082468864,18.26,United States
1408,ArcBest,ARCB,3078675712,137.74,United States
1409,Bank of Hawaii,BOH,3069635328,77.81,United States
1410,MGE Energy,MGEE,3069573120,81.24,United States
1411,Green Brick Partners,GRBK,3068813056,71.35,United States
1412,Intapp,INTA,3067332096,40.09,United States
1413,Brighthouse Financial,BHF,3064216064,53.28,United States
1414,Maximus,MMS,3057693440,58.4,United States
1415,Adeia,ADEA,3031601408,27.49,United States
1416,Ionic Digital,IOND,3023212288,67.3,United States
1417,Ducommun,DCO,3022371840,200.16,United States
1418,Artisan Partners,APAM,3017348352,42.5,United States
1419,Baldwin Insurance Group,BWIN,3016521728,31.15,United States
1420,National Beverage,FIZZ,3004948480,32.1,United States
1421,Beam Therapeutics,BEAM,3002572288,29.07,United States
1422,Banc of California,BANC,3000711936,18.94,United States
1423,CleanSpark,CLSK,2997055232,11.67,United States
1424,WD-40 Company,WDFC,2995991296,223.23,United States
1425,Urban Edge Properties,UE,2987811072,21.7,United States
1426,CBIZ,CBZ,2978036480,54.87,United States
1427,Applied Aerospace &amp; Defense,AADX,2977236224,17.27,United States
1428,Extreme Networks,EXTR,2973882112,22.79,United States
1429,Intuitive Machines,LUNR,2971576832,18.52,United States
1430,Knowles,KN,2971425280,34.79,United States
1431,DXP Enterprises,DXPE,2971378688,191.49,United States
1432,FB Financial,FBK,2961704192,59.26,United States
1433,Academy Sports + Outdoors,ASO,2951454208,47.59,United States
1434,DigitalBridge Group,DBRG,2943298560,15.92,United States
1435,Upstart,UPST,2928774144,30.6,United States
1436,Select Water Solutions,WTTR,2918905600,20.45,United States
1437,Delek Logistics Partners,DKL,2912020224,54.74,United States
1438,SPS Commerce,SPSC,2907374336,80.76,United States
1439,Callaway Golf Company,CALY,2901286912,16.14,United States
1440,Boise Cascade,BCC,2900517888,83.13,United States
1441,Veeco,VECO,2898767360,47.42,United States
1442,Brookdale Senior Living,BKD,2894465024,12.12,United States
1443,McGrath RentCorp,MGRC,2890288896,118.33,United States
1444,Ouster,OUST,2888820224,40.06,United States
1445,Digi International,DGII,2887472640,76.09,United States
1446,BKV Corporation,BKV,2885875712,26.37,United States
1447,Nurix Therapeutics,NRIX,2884092928,27.79,United States
1448,Harley-Davidson,HOG,2878645504,27.66,United States
1449,Quaker Houghton,KWR,2874546688,167.05,United States
1450,Aveanna Healthcare,AVAH,2871771136,13.16,United States
1451,Talos Energy,TALO,2866797056,17.17,United States
1452,United Natural Foods,UNFI,2831690496,46.79,United States
1453,Visteon,VC,2825828864,105.86,United States
1454,DNOW Inc.,DNOW,2822067712,15.61,United States
1455,Supernus Pharmaceuticals,SUPN,2821485312,48.54,United States
1456,Infleqtion,INFQ,2816963072,12.5,United States
1457,Alarm.com,ALRM,2816797440,57.38,United States
1458,Viridian Therapeutics,VRDN,2809648384,24.8,United States
1459,AvePoint,AVPT,2809588736,13.28,United States
1460,Patrick Industries,PATK,2808421120,87.44,United States
1461,Worthington Enterprises,WOR,2804972544,57.33,United States
1462,Titan America,TTAM,2800631040,15.19,United States
1463,SELLAS Life Sciences,SLS,2796948224,13.85,United States
1464,Crane NXT,CXT,2795176960,48.56,United States
1465,American Eagle Outfitters,AEO,2793447424,16.67,United States
1466,NETSCOUT,NTCT,2788325376,38.35,United States
1467,Central Garden &amp; Pet,CENT,2777233664,44.37,United States
1468,Northern Oil and Gas,NOG,2776670208,26.06,United States
1469,"The Bancorp, Inc.",TBBK,2769832192,67.91,United States
1470,Four Corners Property Trust,FCPT,2766777344,25.21,United States
1471,ABM Industries,ABM,2766191360,47.22,United States
1472,ManpowerGroup,MAN,2763466240,59.42,United States
1473,Soleno Therapeutics,SLNO,2762888960,53.01,United States
1474,nLIGHT,LASR,2762206720,47.88,United States
1475,Privia Health Group,PRVA,2745008128,21.49,United States
1476,Fluence Energy,FLNC,2744019712,12.07,United States
1477,WaFd Bank,WAFD,2715596032,36.72,United States
1478,Penguin Solutions,PENG,2713300992,52.95,United States
1479,Grindr,GRND,2709863680,15.59,United States
1480,Trustmark,TRMK,2700862464,46.51,United States
1481,Kyndryl,KD,2696590080,12.38,United States
1482,NBT Bancorp,NBTB,2688933120,51.75,United States
1483,Appian,APPN,2688183808,37.53,United States
1484,PHINIA,PHIN,2685938176,73.31,United States
1485,Trevi Therapeutics,TRVI,2679970560,18.81,United States
1486,Beacon Financial Corporation,BBT,2677085952,31.94,United States
1487,Maravai LifeSciences,MRVI,2673982464,7.22,United States
1488,Coty,COTY,2667813376,3.03,United States
1489,First Bancorp,FBNC,2667396096,64.47,United States
1490,Customers Bancorp,CUBI,2663725568,78.75,United States
1491,H2O America,HTO,2659162624,63.53,United States
1492,StubHub Holdings,STUB,2651704320,6.94,United States
1493,Alignment Healthcare,ALHC,2651021312,12.78,United States
1494,Neogen,NEOG,2649380608,12.15,United States
1495,Benchmark Electronics,BHE,2640833280,73.52,United States
1496,First Merchants Corporation,FRME,2638915840,42.02,United States
1497,John Wiley &amp; Sons,WLY,2638183936,51.97,United States
1498,Axogen,AXGN,2630550784,48.93,United States
1499,Slide Insurance,SLDE,2625927424,22.48,United States
1500,Newell Brands,NWL,2623543808,6.16,United States
1501,LCI Industries,LCII,2618349312,107.7,United States
1502,Whirlpool,WHR,2613842944,40.09,United States
1503,Euronet Worldwide,EEFT,2612713216,68.62,United States
1504,Cohu,COHU,2612608000,55.19,United States
1505,Diamondrock Hospitality Company,DRH,2612549376,12.72,United States
1506,Curaleaf,CURLF,2603643904,9.83,United States
1507,Hycroft Mining,HYMC,2599768832,27.9,United States
1508,Nektar Therapeutics,NKTR,2597598976,76.08,United States
1509,InvenTrust Properties,IVT,2596681728,33.3,United States
1510,Teradata,TDC,2594700032,27.9,United States
1511,Ultragenyx Pharmaceutical,RARE,2586971904,26.24,United States
1512,Hawkins,HWKN,2586844416,123.92,United States
1513,V2X,VVX,2586305536,82.51,United States
1514,Ocular Therapeutix,OCUL,2576093952,11.73,United States
1515,BioCryst Pharmaceuticals,BCRX,2573238528,10.07,United States
1516,Kaiser Aluminum,KALU,2565989888,156.95,United States
1517,Calix,CALX,2553189632,40.55,United States
1518,Precigen,PGEN,2552618496,7.16,United States
1519,Nuvation Bio,NUVB,2549154816,7.26,United States
1520,Acadia Healthcare,ACHC,2547223552,27.36,United States
1521,Stock Yards Bancorp,SYBT,2545711872,81.94,United States
1522,"Lincoln International, Inc.",LCLN,2539657472,24.14,United States
1523,Huron Consulting,HURN,2529383168,158.98,United States
1524,Kodiak Sciences,KOD,2518377728,40.07,United States
1525,Helios Technologies,HLIO,2510174976,76.18,United States
1526,Uniti,UNIT,2507350528,10.33,United States
1527,First Busey,BUSE,2497127168,30.24,United States
1528,Sonic Automotive,SAH,2493143296,78.86,United States
1529,PENN Entertainment,PENN,2491947776,18.56,United States
1530,Kayne Anderson Capital Advisors,KYN,2486152704,14.7,United States
1531,Medical Properties Trust,MPT,2484352000,4.16,United States
1532,Alamar Biosciences,ALMR,2466219008,35.54,United States
1533,Alpha Metallurgical Resources,AMR,2465059840,194.42,United States
1534,Federal Agricultural Mortgage Corporation,AGM,2462918912,226.93,United States
1535,UroGen Pharma,URGN,2458203648,50.29,United States
1536,Sunshine Silver Mining & Refining Company,SSMR,2457724928,17.1,United States
1537,Merchants Bancorp,MBIN,2457544448,53.5,United States
1538,Prestige Consumer Healthcare,PBH,2448315136,51.68,United States
1539,Five9,FIVN,2446448384,32.74,United States
1540,Ingevity,NGVT,2446332928,71.16,United States
1541,Hub Group,HUBG,2446140416,40.0,United States
1542,Goosehead Insurance,GSHD,2444148224,68.39,United States
1543,Butterfly Network,BFLY,2441835264,9.17,United States
1544,Atrium Therapeutics,RNA,2438628096,15.47,United States
1545,Blackstone Mortgage Trust,BXMT,2437140224,14.46,United States
1546,UFP Technologies,UFPT,2423192832,312.84,United States
1547,AtriCure,ATRC,2421744384,47.61,United States
1548,Banner Bank,BANR,2417686272,71.14,United States
1549,Hemab Therapeutics Holdings,COAG,2413147904,51.66,United States
1550,Bob's Discount Furniture,BOBS,2411176704,18.45,United States
1551,FIGS,FIGS,2407372032,14.49,United States
1552,CareDx,CDNA,2406158592,46.51,United States
1553,Payoneer,PAYO,2405840896,7.1,United States
1554,Peloton,PTON,2400628736,5.47,United States
1555,Chemours,CC,2394438912,15.91,United States
1556,Douglas Emmett,DEI,2376772352,11.82,United States
1557,Mineralys Therapeutics,MLYS,2375870976,26.95,United States
1558,GeneDx Holdings,WGS,2375365376,79.65,United States
1559,Kailera Therapeutics,KLRA,2375072256,18.32,United States
1560,Sunrun,RUN,2360300288,9.8,United States
1561,Trinity Industries,TRN,2359810304,29.62,United States
1562,Rapport Therapeutics,RAPP,2354294528,49.07,United States
1563,Mister Car Wash,MCW,2335151104,7.1,United States
1564,ARMOUR Residential REIT,ARR,2332794112,16.48,United States
1565,Kennametal,KMT,2330777856,30.58,United States
1566,Vera Therapeutics,VERA,2325844224,32.275,United States
1567,Harmony Biosciences,HRMY,2325379072,39.93,United States
1568,Trump Media &amp; Technology Group,DJT,2320809728,8.35,United States
1569,Rogers Corporation,ROG,2314598144,129.68,United States
1570,Lucid Motors,LCID,2310320384,5.92,United States
1571,Innospec,IOSP,2309407232,93.76,United States
1572,"The Andersons, Inc.",ANDE,2306481408,67.73,United States
1573,Voyager Technologies,VOYG,2302334464,38.85,United States
1574,Enterprise Financial Services Corp,EFSC,2301482240,63.59,United States
1575,CSG International,CSGS,2300464128,80.69,United States
1576,LiveRamp,RAMP,2292578816,37.71,United States
1577,Ichor Systems,ICHR,2292573184,61.21,United States
1578,Flywire,FLYW,2291002368,18.83,United States
1579,Diebold Nixdorf,DBD,2288678912,67.42,United States
1580,Skyward Specialty Insurance Group,SKWD,2286628864,56.4,United States
1581,Centuri Holdings,CTRI,2283784448,22.62,United States
1582,HCI Group,HCI,2276934656,183.05,United States
1583,Werner Enterprises,WERN,2275706368,37.96,United States
1584,"Interface, Inc.",TILE,2272713984,39.32,United States
1585,Asana,ASAN,2271566848,9.57,United States
1586,nCino,NCNO,2266650624,20.69,United States
1587,ePlus,PLUS,2262896640,86.53,United States
1588,ADMA Biologics,ADMA,2251045888,10.05,United States
1589,AMC Entertainment,AMC,2249363712,2.52,United States
1590,Western Union,WU,2245528576,7.2,United States
1591,Clover Health Investments,CLOV,2241479168,4.22,United States
1592,Addus HomeCare,ADUS,2240146432,120.02,United States
1593,Monarch Casino &amp; Resort,MCRI,2236909568,124.81,United States
1594,Northwest Bancshares,NWBI,2236430848,15.27,United States
1595,Vericel,VCEL,2231072256,43.57,United States
1596,Quantinuum Inc.,QNT,2229901824,71.1,United States
1597,Trulieve Cannabis,TRUL.CN,2227958461,11.5854,United States
1598,Buckle,BKE,2227127040,43.23,United States
1599,Custom Truck One Source,CTOS,2225004032,9.78,United States
1600,Day One Biopharmaceuticals,DAWN,2224784640,21.53,United States
1601,Minerals Technologies,MTX,2224461312,71.46,United States
1602,LendingClub,LC,2215891200,19.21,United States
1603,Pitney Bowes,PBI,2205781504,16.09,United States
1604,Hilltop Holdings,HTH,2204954368,38.49,United States
1605,Under Armour,UA,2203568640,5.13,United States
1606,Dentsply Sirona,XRAY,2198873088,11.03,United States
1607,Vertex,VERX,2187764992,13.52,United States
1608,Driven Brands,DRVN,2182682880,13.23,United States
1609,OFG Bancorp,OFG,2181322240,51.61,United States
1610,Generate Biomedicines,GENB,2178140672,16.97,United States
1611,LTC Properties,LTC,2172933376,40.31,United States
1612,NeoGenomics,NEO,2168677120,16.655,United States
1613,Palvella Therapeutics,PVLA,2160684800,149.96,United States
1614,Innodata,INOD,2158542848,62.78,United States
1615,Expro Group,XPRO,2149989376,18.96,United States
1616,Encore Capital Group,ECPG,2147660544,101.26,United States
1617,HawkEye 360,HAWK,2146319360,21.91,United States
1618,Alkami Technology,ALKT,2140978560,20.02,United States
1619,Kohl's,KSS,2136455808,18.84,United States
1620,Biohaven,BHVN,2135759104,14.14,United States
1621,Allegiant Travel Company,ALGT,2134258560,78.07,United States
1622,Olin Corporation,OLN,2132612224,18.71,United States
1623,NW Natural Holdings,NWN,2132037632,50.65,United States
1624,Stoke Therapeutics,STOK,2131301632,33.03,United States
1625,Pediatrix Medical Group,MD,2130460800,26.22,United States
1626,Stagwell,STGW,2129381248,8.71,United States
1627,First Commonwealth Financial Corp,FCF,2128237824,21.06,United States
1628,Preformed Line Products,PLPC,2125313792,434.74,United States
1629,Dorian LPG,LPG,2123304448,49.63,United States
1630,American Axle &amp; Manufacturing,AXL,2121012480,9.0,United States
1631,Mach Natural Resources LP,MNR,2108554496,12.63,United States
1632,Stewart Information Services,STC,2098004992,68.9,United States
1633,Agios Pharmaceuticals,AGIO,2096729984,35.12,United States
1634,NGL Energy Partners,NGL,2096175872,16.93,United States
1635,Blackbaud,BLKB,2095206784,46.16,United States
1636,Taysha Gene Therapies,TSHA,2095109632,6.43,United States
1637,Lindblad Expeditions,LIND,2088018432,31.82,United States
1638,Global Net Lease,GNL,2084173952,9.01,United States
1639,Sarepta Therapeutics,SRPT,2084021120,19.73,United States
1640,Sunstone Hotel Investors,SHO,2076993792,11.17,United States
1641,Gorman-Rupp,GRC,2073732224,78.52,United States
1642,Pebblebrook Hotel Trust,PEB,2067989248,18.39,United States
1643,Midera Food Processing,MFP,2066758784,45.71,United States
1644,1st Source,SRCE,2062944768,85.71,United States
1645,DoubleVerify,DV,2059784960,13.29,United States
1646,"Kardigan, Inc.",KARD,2058016384,22.01,United States
1647,Innovex International,INVX,2054115968,29.42,United States
1648,United Parks &amp; Resorts,PRKS,2053961216,45.3,United States
1649,P3 Health Partners,PIII,2052654208,10.27,United States
1650,Septerna,SEPN,2050518400,43.93,United States
1651,Getty Realty,GTY,2049353088,33.09,United States
1652,Braveheart Bio,BRVE,2046812672,28.97,United States
1653,Select Medical Holdings,SEM,2046298112,16.51,United States
1654,Xencor,XNCR,2046205568,27.52,United States
1655,Perdoceo Education,PRDO,2043766656,32.66,United States
1656,Spectrum Brands,SPB,2041778944,88.79,United States
1657,Horace Mann Educators,HMN,2040848128,50.39,United States
1658,Zenas BioPharma,ZBIO,2036772608,31.25,United States
1659,Hawaiian Electric Industries,HE,2022644864,11.71,United States
1660,Century Communities,CCS,2014735488,70.86,United States
1661,Thermon Group,THR,2013932928,61.14,United States
1662,City Holding Company,CHCO,2011266816,143.2,United States
1663,Keel Infrastructure,KEEL,2007112832,3.25,United States
1664,Netstreit,NTST,2005221632,20.53,United States
1665,Stellar Bancorp,STEL,2002201728,39.32,United States
1666,Insperity,NSP,1980806784,51.86,United States
1667,Blue Bird Corporation,BLBD,1980386048,62.52,United States
1668,Alamo Group,ALG,1976199552,162.37,United States
1669,Genesis Energy  L.P.,GEL,1967650560,16.1,United States
1670,PC Connection,CNXN,1967309824,77.95,United States
1671,Protolabs,PRLB,1963509248,82.08,United States
1672,Progyny,PGNY,1958835200,25.53,United States
1673,Astrana Health,ASTH,1954412160,39.4,United States
1674,Sonida Senior Living,SNDA,1950748416,40.6,United States
1675,Boston Beer Company,SAM,1947417728,187.01,United States
1676,Veris Residential,VRE,1943780352,18.99,United States
1677,Porch Group,PRCH,1934378240,17.04,United States
1678,Kimbell Royalty Partners,KRP,1932808448,15.04,United States
1679,Sonos,SONO,1925826048,16.28,United States
1680,Standard Nuclear,STDN,1923262208,11.97,United States
1681,Xenia Hotels &amp; Resorts,XHR,1921187200,19.42,United States
1682,LeMaitre Vascular,LMAT,1918044544,83.87,United States
1683,PDF Solutions,PDFS,1909514752,45.22,United States
1684,MasterBrand,MBC,1908740864,9.38,United States
1685,SmartStop Self Storage REIT,SMA,1908012416,34.46,United States
1686,Quantum Computing,QUBT,1905840640,8.42,United States
1687,Ziff Davis,ZD,1902940032,55.5,United States
1688,Enerpac Tool Group,EPAC,1893696128,36.74,United States
1689,Live Oak Bank,LOB,1892537216,40.89,United States
1690,Recursion Pharmaceuticals,RXRX,1876948736,3.5,United States
1691,A10 Networks,ATEN,1869682432,25.75,United States
1692,World Kinect,WKC,1866522752,36.49,United States
1693,Intellia Therapeutics,NTLA,1860882432,13.28,United States
1694,German American Bancorp,GABC,1860800768,49.52,United States
1695,National Bank Holdings,NBHC,1860416896,41.77,United States
1696,OceanFirst Financial,OCFC,1857521024,19.22,United States
1697,Jetblue Airways,JBLU,1848829824,4.9,United States
1698,Syndax Pharmaceuticals,SNDX,1840430208,20.77,United States
1699,Strategic Education,STRA,1838119680,82.77,United States
1700,Worthington Steel,WS,1835097216,36.02,United States
1701,Republic Bank,RBCAA,1833829888,93.4,United States
1702,Evertec,EVTC,1832589056,29.74,United States
1703,BlackLine,BL,1826877312,31.43,United States
1704,Semrush,SEMR,1814168832,12.0,United States
1705,Photronics,PLAB,1810185472,30.7,United States
1706,Ellington Financial,EFC,1800446720,13.71,United States
1707,Progress Software,PRGS,1797597440,43.83,United States
1708,ANI Pharmaceuticals,ANIP,1792146816,78.02,United States
1709,NextDecade Corp,NEXT,1788766080,6.72,United States
1710,EverCommerce,EVCM,1786085632,10.11,United States
1711,Huntsman Corporation,HUN,1785354496,10.18,United States
1712,Hope Bancorp,HOPE,1784553600,13.97,United States
1713,Biolife Solutions,BLFS,1783627520,36.47,United States
1714,Inspire Medical Systems,INSP,1783481088,61.69,United States
1715,TriCo Bancshares,TCBK,1783418368,55.79,United States
1716,Surgery Partners,SGRY,1780488320,13.6,United States
1717,Sixth Street Specialty Lending,TSLX,1776866560,18.7,United States
1718,Triumph Financial,TFIN,1772018816,74.16,United States
1719,American Assets Trust,AAT,1768652288,22.8,United States
1720,S&amp;T Bancorp,STBA,1767153792,50.11,United States
1721,EZCorp,EZPW,1766497024,28.75,United States
1722,CBL Properties,CBL,1763737088,57.0,United States
1723,Dime Community Bancshares,DCOM,1762731264,39.92,United States
1724,Soho House & Co,SHCO,1758889344,8.99,United States
1725,AnaptysBio,ANAB,1754598528,59.26,United States
1726,Weis Markets,WMK,1739297664,70.29,United States
1727,Anterix,ATEX,1738995840,88.68,United States
1728,Pathward Financial,CASH,1738938112,83.71,United States
1729,RLJ Lodging Trust,RLJ,1736684672,11.34,United States
1730,DXC Technology,DXC,1733598848,10.85,United States
1731,Savers Value Village,SVV,1731550592,11.3,United States
1732,Byline Bancorp,BY,1731455104,38.13,United States
1733,Allient,ALNT,1731025664,101.81,United States
1734,Six Flags,FUN,1729145600,16.9,United States
1735,Avalyn Pharma,AVLN,1727660800,38.97,United States
1736,Fortrea,FTRE,1725113984,18.14,United States
1737,Vestis,VSTS,1724689408,13.05,United States
1738,Goodyear,GT,1724513408,5.99,United States
1739,Trinity Capital,TRIN,1716794496,18.13,United States
1740,Absci,ABSI,1714423936,9.99,United States
1741,Global Partners LP,GLP,1714112384,50.64,United States
1742,Bicara Therapeutics,BCAX,1711232128,25.86,United States
1743,Wolverine World Wide,WWW,1711083136,20.85,United States
1744,Turning Point Brands,TPB,1709378560,88.26,United States
1745,Revolve Group,RVLV,1707315328,23.86,United States
1746,Wendy’s,WEN,1702406400,8.93,United States
1747,Albany International,AIN,1699029376,59.92,United States
1748,Target Hospitality,TH,1697583232,17.04,United States
1749,J&amp;J Snack Foods,JJSF,1695355904,90.75,United States
1750,Personalis,PSNL,1687731456,15.81,United States
1751,Bandwidth,BAND,1683055232,52.3,United States
1752,RAPT Therapeutics,RAPT,1680292864,58.02,United States
1753,Kosmos Energy,KOS,1679275264,2.82,United States
1754,Sila Realty Trust,SILA,1677119744,30.36,United States
1755,Bank First,BFC,1674370048,151.04,United States
1756,Sprinklr,CXM,1670051200,7.13,United States
1757,Omnicell,OMCL,1661750272,36.43,United States
1758,Hillman Solutions,HLMN,1659468672,8.53,United States
1759,Green Thumb Industries,GTII.CN,1657953030,7.5848,United States
1760,CTS Corporation,CTS,1656544896,58.01,United States
1761,QCR Holdings,QCRH,1656229632,101.14,United States
1762,Vir Biotechnology,VIR,1653239936,9.77,United States
1763,Maze Therapeutics,MAZE,1652587776,29.75,United States
1764,PROG Holdings,PRG,1647037952,41.35,United States
1765,IDT Corporation,IDT,1646050432,66.19,United States
1766,Kestra Medical Technologies,KMTS,1635595648,27.91,United States
1767,Liberty Latin America,LILA,1633806080,8.34,United States
1768,Tandem Diabetes Care,TNDM,1632316288,23.46,United States
1769,Atlas Energy Solutions,AESI,1628794880,13.03,United States
1770,FuelCell Energy,FCEL,1623070080,20.3,United States
1771,Origin Bancorp,OBK,1619916544,52.51,United States
1772,Central Securities,CET,1616344704,54.7,United States
1773,Ingles Markets,IMKTA,1615471744,85.05,United States
1774,ICF International,ICFI,1613870208,89.99,United States
1775,C3 AI,AI,1613563520,10.38,United States
1776,ConnectOne Bancorp,CNOB,1612247424,32.04,United States
1777,Hudson Pacific Properties,HPP,1610954496,14.53,United States
1778,Distribution Solutions Group,DSGR,1606913536,34.74,United States
1779,Amplitude,AMPL,1602673152,12.83,United States
1780,Xeris Pharmaceuticals,XERS,1600772224,8.78,United States
1781,SkyWater Technology,SKYT,1597181312,32.46,United States
1782,Tyra Biosciences,TYRA,1594400896,26.81,United States
1783,MillerKnoll,MLKN,1582502784,23.23,United States
1784,Flowers Foods,FLO,1581469568,7.46,United States
1785,Perella Weinberg Partners,PWP,1581139968,16.63,United States
1786,Kemper,KMPR,1574426624,26.72,United States
1787,Healthcare Services Group,HCSG,1573736320,22.93,United States
1788,Agilon Health,AGL,1572328832,93.64,United States
1789,Dauch Corporation,DCH,1570566528,6.61,United States
1790,Concentrix,CNXC,1569392000,25.72,United States
1791,Sally Beauty Holdings,SBH,1566300800,16.73,United States
1792,"Harrow, Inc.",HROW,1560993920,41.64,United States
1793,Azenta,AZTA,1560454912,35.62,United States
1794,Amprius Technologies,AMPX,1552836992,10.63,United States
1795,Innoviva,INVA,1551833088,21.48,United States
1796,Innovative Industrial Properties,IIPR,1549509760,56.2,United States
1797,Coursera,COUR,1546739968,5.85,United States
1798,ARKO Petroleum,APC,1544888832,18.71,United States
1799,Helix Energy Solutions,HLX,1537198976,10.43,United States
1800,CONMED,CNMD,1535001472,51.25,United States
1801,Enovis,ENOV,1528241664,26.5,United States
1802,Kennedy Wilson,KW,1521191808,10.92,United States
1803,Safety Insurance,SAFT,1520310656,103.56,United States
1804,BigBear.ai,BBAI,1519997568,3.17,United States
1805,Alexander &amp; Baldwin,ALEX,1518725120,20.84,United States
1806,ORIC Pharmaceuticals,ORIC,1518511360,14.65,United States
1807,Wolfspeed,WOLF,1511868416,29.09,United States
1808,Red Cat Holdings,RCAT,1510345088,9.89,United States
1809,Atlanticus,ATLC,1503654272,99.12,United States
1810,Forestar Group,FOR,1500166784,29.41,United States
1811,i-80 Gold,IAUX,1498009984,1.73,United States
1812,Ardent Health,ARDT,1497907456,10.62,United States
1813,National Vision Holdings,EYE,1495991424,18.92,United States
1814,Inhibrx Biosciences,INBX,1493548160,101.48,United States
1815,Lakeland Financial Corp,LKFN,1493210496,60.07,United States
1816,Global Industrial Company,GIC,1487591552,38.88,United States
1817,Energizer Holdings,ENR,1487244160,21.72,United States
1818,Empire State Realty Trust,ESRT,1485777408,4.85,United States
1819,InnovAge,INNV,1484956160,10.94,United States
1820,Schrödinger,SDGR,1484891776,19.85,United States
1821,ArriVent BioPharma,AVBP,1480217984,30.02,United States
1822,Sylvamo,SLVM,1477888256,37.17,United States
1823,Amalgamated Financial,AMAL,1466602240,49.05,United States
1824,"Cadre Holdings, Inc.",CDRE,1461899904,34.14,United States
1825,ProPetro,PUMP,1461604608,11.9,United States
1826,Arlo Technologies,ARLO,1460312448,13.57,United States
1827,Stepan Company,SCL,1452154624,63.88,United States
1828,Novavax,NVAX,1449872896,8.79,United States
1829,Cullinan Therapeutics,CGEM,1449267840,22.52,United States
1830,Exzeo Group,XZO,1447680768,16.07,United States
1831,REX American Resources,REX,1444977664,43.87,United States
1832,PureCycle Technologies,PCT,1440487552,7.17,United States
1833,G-III Apparel Group,GIII,1438698496,34.1,United States
1834,MeiraGTx,MGTX,1437763584,14.97,United States
1835,Phibro Animal Health,PAHC,1437613440,35.44,United States
1836,KalVista Pharmaceuticals,KALV,1437504000,27.0,United States
1837,The RealReal,REAL,1433285632,11.78,United States
1838,Peoples Bancorp,PEBO,1431582464,39.83,United States
1839,Ambiq Micro,AMBQ,1431482624,59.19,United States
1840,Walker &amp; Dunlop,WD,1426577920,41.56,United States
1841,Gibraltar Industries,ROCK,1420374016,47.85,United States
1842,UMH Properties,UMH,1413985536,16.56,United States
1843,Unusual Machines,UMAC,1413769088,28.3,United States
1844,MannKind Corp,MNKD,1413171072,4.395,United States
1845,Newsmax,NMAX,1409142656,10.91,United States
1846,XPEL,XPEL,1408038144,51.07,United States
1847,The Greenbrier Companies,GBX,1407755776,45.5,United States
1848,Artivion,AORT,1405154304,28.82,United States
1849,"RPC, Inc.",RES,1403088896,6.33,United States
1850,York Space Systems,YSS,1398300416,10.18,United States
1851,"Alexander's, Inc.",ALX,1396333056,273.4,United States
1852,Tompkins Financial,TMP,1396148608,97.07,United States
1853,Replimune,REPL,1395392768,14.81,United States
1854,Arhaus,ARHS,1393419520,9.83,United States
1855,Aktis Oncology,AKTS,1391599872,25.02,United States
1856,Olaplex,OLPX,1391282176,2.07,United States
1857,Dorchester Minerals,DMLP,1384868608,28.21,United States
1858,Bristow Group,VTOL,1384577792,46.71,United States
1859,LGI Homes,LGIH,1382785280,59.52,United States
1860,Community Trust Bancorp,CTBI,1382763008,76.11,United States
1861,TriMas,TRS,1382220288,38.53,United States
1862,Frontier Airlines,ULCC,1378992384,5.99,United States
1863,Aeva Technologies,AEVA,1378780032,19.78,United States
1864,BJ's Restaurants,BJRI,1377263488,64.74,United States
1865,Harmonic Inc.,HLIT,1369874688,12.56,United States
1866,Alto Neuroscience,ANRO,1369156992,34.89,United States
1867,AMN Healthcare Services,AMN,1367943296,35.32,United States
1868,The Pennant Group,PNTG,1367123840,39.14,United States
1869,Carter's,CRI,1366023168,37.21,United States
1870,Liquidity Services,LQDT,1365431936,43.58,United States
1871,Trupanion,TRUP,1364438272,31.1,United States
1872,Eos Energy Enterprises,EOSE,1361987328,3.74,United States
1873,Digital Turbine,APPS,1359012352,11.23,United States
1874,Babcock &amp; Wilcox,BW,1357071744,9.11,United States
1875,La-Z-Boy,LZB,1356780032,33.91,United States
1876,Wealthfront Corporation,WLTH,1356199808,9.08,United States
1877,United Fire Group,UFCS,1354388992,52.79,United States
1878,FMC Corporation,FMC,1353702144,10.81,United States
1879,Dream Finders Homes,DFH,1352692992,14.91,United States
1880,NAPCO Security Technologies,NSSC,1350493312,37.8,United States
1881,Orchid Island Capital,ORC,1347913600,6.78,United States
1882,Monte Rosa Therapeutics,GLUE,1345392384,15.77,United States
1883,Ameresco,AMRC,1345228544,25.35,United States
1884,Jefferson Capital,JCAP,1344331776,23.41,United States
1885,Westamerica Bancorporation,WABC,1342757888,58.1,United States
1886,Integra LifeSciences,IART,1340797952,17.24,United States
1887,T1 Energy,TE,1340098176,4.55,United States
1888,Oil-Dri Corporation Of America,ODC,1339835008,92.53,United States
1889,Universal Technical Institute,UTI,1338814080,24.3,United States
1890,Shoals Technologies,SHLS,1337984640,7.95,United States
1891,First Mid Bancshares,FMBH,1333021824,50.11,United States
1892,Omeros Corporation,OMER,1331221120,18.39,United States
1893,Edgewell Personal Care,EPC,1324595456,28.74,United States
1894,Latigo Biotherapeutics,LTGO,1324204416,20.94,United States
1895,Pursuit Attractions and Hospitality,PRSU,1322311552,48.5,United States
1896,Leggett &amp; Platt,LEG,1322181504,9.68,United States
1897,Willis Lease Finance Corporation,WLFC,1316642688,55.09,United States
1898,Everforth,EFOR,1309950080,31.95,United States
1899,Seaport Therapeutics,SPTX,1307216128,24.42,United States
1900,Nutex Health,NUTX,1305360640,190.62,United States
1901,Herbalife,HLF,1304802048,12.45,United States
1902,ACV Auctions,ACVA,1304149120,7.47,United States
1903,Seneca Foods,SENEA,1301417216,192.22,United States
1904,Yelp,YELP,1299613696,23.95,United States
1905,Corvus Pharmaceuticals,CRVS,1295462528,15.4,United States
1906,Willdan Group,WLDN,1292366720,84.845,United States
1907,CVR Partners,UAN,1292349568,122.27,United States
1908,ProAssurance,PRA,1290193152,25.0,United States
1909,HBT Financial,HBT,1288069888,35.42,United States
1910,Ladder Capital,LADR,1281339648,10.1,United States
1911,Vor Biopharma,VOR,1277702912,23.58,United States
1912,Gentherm,THRM,1277643776,41.61,United States
1913,"Apnimed, Inc.",APMD,1275536512,32.03,United States
1914,Certara,CERT,1275224192,8.36,United States
1915,Old Second Bancorp,OSBC,1273927936,25.04,United States
1916,Winmark,WINA,1273100672,354.41,United States
1917,"Strive Asset Management, LLC",ASST,1267326720,14.73,United States
1918,Two Harbors Investment,TWO,1262668544,12.01,United States
1919,PROCEPT BioRobotics,PRCT,1254865920,21.91,United States
1920,Utz Brands,UTZ,1253876992,14.15,United States
1921,Myers Industries,MYE,1253810432,33.33,United States
1922,Cracker Barrel,CBRL,1253246336,56.07,United States
1923,BellRing Brands,BRBR,1247664896,10.73,United States
1924,Biglari,BH,1242583296,390.2,United States
1925,NexPoint Residential Trust,NXRT,1241587456,24.06,United States
1926,Marcus &amp; Millichap,MMI,1240275328,32.75,United States
1927,STAAR Surgical,STAA,1236550656,24.66,United States
1928,Bioventus,BVS,1234468864,14.68,United States
1929,Graham Corporation,GHM,1230158464,104.81,United States
1930,Corsair Gaming,CRSR,1227808512,11.35,United States
1931,Sana Biotechnology,SANA,1227378560,4.1,United States
1932,Preferred Bank,PFBC,1222411776,103.13,United States
1933,Arteris,AIP,1220446720,24.83,United States
1934,Oppenheimer Holdings,OPY,1218999296,113.84,United States
1935,TripAdvisor,TRIP,1218873088,10.4,United States
1936,Teladoc Health,TDOC,1210015488,6.66,United States
1937,Marten Transport,MRTN,1209966848,14.83,United States
1938,QuinStreet,QNST,1209799424,21.06,United States
1939,GoodRx,GDRX,1207654656,3.54,United States
1940,Clear Channel Outdoor,CCO,1206552320,2.37,United States
1941,Piedmont Realty Trust,PDM,1198772480,9.58,United States
1942,Donnelley Financial Solutions,DFIN,1198537472,48.75,United States
1943,Easterly Government Properties,DEA,1196231808,24.41,United States
1944,NPK International,NPKI,1192984064,14.05,United States
1945,Saul Centers,BFS,1188426496,34.22,United States
1946,Suburban Propane Partners,SPH,1186813440,17.79,United States
1947,"U.S. Physical Therapy, Inc.",USPH,1182026880,79.21,United States
1948,Heritage Financial,HFWA,1180618496,28.855,United States
1949,Universal Insurance Holdings,UVE,1175275904,42.23,United States
1950,Ategrity Specialty Insurance Company,ASIC,1173730432,24.49,United States
1951,Avanos Medical,AVNS,1170726912,24.99,United States
1952,ASA Gold and Precious Metals,ASA,1169550208,62.25,United States
1953,Mission Produce,AVO,1168351104,13.22,United States
1954,Odyssey Therapeutics,ODTX,1165419264,24.25,United States
1955,Lindsay Corporation,LNN,1162913664,114.36,United States
1956,Tennant Company,TNC,1159693568,68.02,United States
1957,WEBTOON Entertainment,WBTN,1158972544,8.54,United States
1958,MarineMax,HZO,1153369344,52.22,United States
1959,Univest Financial Corporation,UVSP,1149290496,41.67,United States
1960,Ecovyst,ECVT,1143944704,10.45,United States
1961,Savara,SVRA,1143493888,5.58,United States
1962,Genco Shipping &amp; Trading,GNK,1141969024,26.2,United States
1963,BlackSky Technology,BKSY,1141803264,27.9,United States
1964,Lumexa Imaging,LMRI,1138488448,11.85,United States
1965,Cricut,CRCT,1137283200,5.43,United States
1966,Upbound Group,UPBD,1136838400,19.5,United States
1967,Great Lakes Dredge &amp; Dock Corp.,GLDD,1135273600,17.0,United States
1968,Metropolitan Bank Holding,MCB,1133280896,91.41,United States
1969,Prospect Capital,PSEC,1127267200,2.25,United States
1970,Universal Corporation,UVV,1125197312,45.19,United States
1971,Green Plains,GPRE,1123628160,16.03,United States
1972,Grocery Outlet,GO,1119654784,11.3,United States
1973,Red Violet,RDVT,1119437056,69.76,United States
1974,Amerant Bancorp,AMTB,1117694720,28.52,United States
1975,IRadimed,IRMD,1117582976,87.4,United States
1976,Kura Oncology,KURA,1114676480,12.53,United States
1977,Virtus Investment Partners,VRTS,1113575552,166.65,United States
1978,ZoomInfo,GTM,1112040320,3.82,United States
1979,Five Star Bancorp,FSBC,1108564224,45.18,United States
1980,Bowhead Specialty Holdings,BOW,1108532096,33.65,United States
1981,Middlesex Water Company,MSEX,1108024064,58.8,United States
1982,Tetra Technologies,TTI,1107584384,7.48,United States
1983,Northeast Bank,NBN,1106208128,129.3,United States
1984,XPLR Infrastructure,XIFR,1091993984,11.58,United States
1985,OPKO Health,OPK,1089639296,1.46,United States
1986,CRA International,CRAI,1087968128,173.33,United States
1987,Upwork,UPWK,1085410176,8.69,United States
1988,Deluxe Corporation,DLX,1082208384,23.6,United States
1989,Compass Minerals,CMP,1078908416,25.7,United States
1990,Safehold,SAFE,1076407424,15.2,United States
1991,Northwest Pipe Company,NWPX,1074355328,111.48,United States
1992,eXp World Holdings,EXPI,1073469056,6.74,United States
1993,BrightView,BV,1072732032,11.51,United States
1994,Lexicon Pharmaceuticals,LXRX,1072343872,2.41,United States
1995,Janux Therapeutics,JANX,1071116288,17.52,United States
1996,AEVEX Corp.,AVEX,1067289280,18.9,United States
1997,National Presto Industries,NPK,1056209216,148.01,United States
1998,NCR Voyix Corporation,VYX,1054854080,7.64,United States
1999,"Sinclair, Inc.",SBGI,1054397376,14.58,United States
2000,Kforce,KFRC,1050900096,58.68,United States
2001,Arbor Realty Trust,ABR,1048105088,5.17,United States
2002,Capitol Federal Financial,CFFN,1047406592,8.49,United States
2003,ScanSource,SCSC,1045087168,51.42,United States
2004,Backblaze,BLZE,1044871936,16.88,United States
2005,Solid Biosciences,SLDB,1044373824,9.74,United States
2006,Taboola.com,TBLA,1042799808,3.86,United States
2007,Annexon,ANNX,1042685248,5.5,United States
2008,Ardelyx,ARDX,1040495936,4.03,United States
2009,Service Properties Trust,SVC,1036075904,8.0,United States
2010,HighPeak Energy,HPK,1031854848,8.16,United States
2011,Mercantile Bank,MBWM,1029722752,59.57,United States
2012,NANO Nuclear Energy,NNE,1028319424,19.15,United States
2013,Equity Bancshares,EQBK,1026535616,49.85,United States
2014,Diversified Energy,DEC.L,1022047309,14.4419,United States
2015,Geron,GERN,1021532736,1.59,United States
2016,MidWestOne Financial Group,MOFG,1017475776,49.31,United States
2017,Evolv Technologies,EVLV,1014474688,5.64,United States
2018,MetroCity Bankshares,MCBS,1012845888,35.34,United States
2019,Simply Good Foods,SMPL,1012651840,11.45,United States
2020,O-I Glass,OI,1011081088,6.58,United States
2021,Horizon Bancorp,HBNC,1008406336,19.64,United States
2022,Glass House Brands,GLASF,1007483904,11.81,United States
2023,Ventyx Biosciences,VTYX,1004502016,14.0,United States
2024,Phoenix Education Partners,PXED,1004279936,27.86,United States
2025,LegalZoom,LZ,1003611840,5.86,United States
2026,CNB Financial Corp,CCNE,1002370688,33.84,United States
2027,Design Therapeutics,DSGN,997551488,15.94,United States
2028,Emerald Holding,EEX,997505920,5.04,United States
2029,Heritage Insurance,HRTG,990981504,33.33,United States
2030,Olema Pharmaceuticals,OLMA,989597952,11.31,United States
2031,USA TODAY Co.,TDAY,988084736,6.73,United States
2032,Whitestone REIT,WSR,988012416,18.99,United States
2033,Barings BDC,BBDC,986338816,9.42,United States
2034,Arbutus Biopharma,ABUS,985282240,4.98,United States
2035,Unitil Corporation,UTL,984780416,54.0,United States
2036,Securitize Corp.,SECZ,984492096,6.03,United States
2037,Chimera Investment Corporation,CIM,984450944,11.76,United States
2038,Global Medical REIT,GMRE,979776256,35.98,United States
2039,Heartland Express,HTLD,979417472,12.665,United States
2040,Accel Entertainment,ACEL,975900800,11.99,United States
2041,Resolute Holdings Management,RHLD,973056960,117.84,United States
2042,"Forbright, Inc.",FRBT,969092032,19.09,United States
2043,American Bitcoin Corp,ABTC,962375744,7.9,United States
2044,Trustco Bank,TRST,962067328,56.5,United States
2045,Lightwave Logic,LWLG,962003584,6.24,United States
2046,Southside Bancshares,SBSI,961277824,32.31,United States
2047,Douglas Dynamics,PLOW,960697472,41.63,United States
2048,Astec Industries,ASTE,960388096,41.71,United States
2049,Karat Packaging,KRT,960110912,48.17,United States
2050,NB Bancorp,NBBK,959624896,21.9,United States
2051,Ridgepost Capital,RPC,959074432,8.7,United States
2052,"MNTN, Inc.",MNTN,958976512,12.82,United States
2053,Pacira Biosciences,PCRX,958515456,24.36,United States
2054,Camden National Corporation,CAC,957217792,56.65,United States
2055,Centerspace,CSR,956776832,54.07,United States
2056,CeriBell,CBLL,955230912,24.89,United States
2057,Central Pacific Financial,CPF,955229696,37.1,United States
2058,Eastman Kodak Company,KODK,952633920,9.73,United States
2059,Quanex Building Products,NX,951168064,20.71,United States
2060,Aclaris Therapeutics,ACRS,947960896,6.44,United States
2061,QuidelOrtho,QDEL,946340864,13.8,United States
2062,Daktronics,DAKT,941963584,19.5,United States
2063,JBG SMITH,JBGS,940666176,12.18,United States
2064,Immix Biopharma,IMMX,938995456,13.19,United States
2065,Mid Penn Bancorp,MPB,937909696,37.02,United States
2066,First Financial,THFF,937319232,78.82,United States
2067,Kronos Worldwide,KRO,936893824,8.14,United States
2068,Marcus Corporation,MCS,935756096,30.35,United States
2069,Nextdoor,NXDR,934399936,2.45,United States
2070,PagerDuty,PD,932823296,12.17,United States
2071,"Eve Holding, Inc.",EVEX,930458560,2.67,United States
2072,Winnebago Industries,WGO,928915840,32.86,United States
2073,4D Molecular Therapeutics,FDMT,925892992,16.76,United States
2074,Amphastar Pharmaceuticals,AMPH,924774912,21.74,United States
2075,Hanmi Financial,HAFC,923574336,31.15,United States
2076,HMH Holding,HMH,922619776,21.0,United States
2077,MFA Financial,MFA,919900288,9.1,United States
2078,Sable Offshore,SOC,917136576,4.78,United States
2079,Kopin Corporation,KOPN,916351936,4.93,United States
2080,Adaptive Biotechnologies,ADPT,916254080,22.9,United States
2081,Forum Energy Technologies,FET,915673344,81.42,United States
2082,Tronox,TROX,915081216,5.73,United States
2083,Flotek Industries,FTK,911668160,25.17,United States
2084,Fox Factory Holding,FOXF,911232064,21.68,United States
2085,SpyGlass Pharma,SGP,910788480,27.23,United States
2086,Lucky Strike Entertainment,LUCK,909668800,6.67,United States
2087,Bloomin' Brands,BLMN,908437952,10.61,United States
2088,Oxford Lane Capital,OXLC,908141760,9.3,United States
2089,Ryerson,RYI,907088320,28.16,United States
2090,CrossAmerica Partners,CAPL,905469632,23.72,United States
2091,Reformation Inc.,REF,905047488,15.32,United States
2092,Beta Bionics,BBNX,900243648,20.01,United States
2093,Abacus Global Management,ABX,894799040,9.15,United States
2094,Collegium Pharmaceutical,COLL,890916800,28.74,United States
2095,Beazer Homes USA,BZH,885496704,33.19,United States
2096,EverQuote,EVER,885393216,25.03,United States
2097,Apollo Commercial Real Estate Finance,ARI,884663488,6.9,United States
2098,LSI Industries,LYTS,883300416,24.06,United States
2099,SI-BONE,SIBN,882994240,19.91,United States
2100,Ibotta,IBTA,880266432,37.9,United States
2101,Sun Country Airlines,SNCY,876356672,16.17,United States
2102,Root Insurance,ROOT,874748992,56.46,United States
2103,Capital City Bank Group,CCBG,872606976,50.99,United States
2104,Compass Diversified Holdings,CODI,871984896,11.59,United States
2105,Rackspace Technology,RXT,871665152,3.42,United States
2106,Talkspace,TALK,870574976,5.25,United States
2107,Apogee Enterprises,APOG,869373120,41.66,United States
2108,Covenant Logistics,CVLG,869188928,34.25,United States
2109,Rigel Pharmaceuticals,RIGL,868857664,46.96,United States
2110,Navient,NAVI,867500352,9.25,United States
2111,SmartFinancial (SmartBank),SMBK,866037632,50.65,United States
2112,Cardinal Infrastructure Group,CDNL,862097344,43.33,United States
2113,Hippo Holdings,HIPO,861349376,32.64,United States
2114,World Acceptance Corporation,WRLD,860589888,184.55,United States
2115,Standard Motor Products,SMP,860475776,38.65,United States
2116,Employers Holdings,EIG,860128640,47.89,United States
2117,Transcat,TRNS,858949760,91.77,United States
2118,Quantum Corporation,QMCO,858743936,21.79,United States
2119,United States Antimony Corporation,UAMY,857605504,5.73,United States
2120,ProFrac,ACDC,855976960,4.7,United States
2121,Postal Realty Trust,PSTL,855801664,22.77,United States
2122,Great Southern Bancorp,GSBC,855781184,78.53,United States
2123,Mitek Systems,MITK,851910400,18.88,United States
2124,Sabre,SABR,851560512,2.11,United States
2125,Satellogic,SATL,850181696,5.53,United States
2126,Koppers Holdings,KOP,849129408,44.9,United States
2127,indie Semiconductor,INDI,846210816,4.005,United States
2128,Latham Group,SWIM,845875392,7.19,United States
2129,Dakota Gold,DC,845289856,6.3,United States
2130,Petco,WOOF,842417472,2.95,United States
2131,GCM Grosvenor,GCMG,842319936,13.78,United States
2132,Metallus,MTUS,842130560,20.23,United States
2133,Eagle Bancorp,EGBN,841967360,27.62,United States
2134,CEVA,CEVA,841806720,29.9,United States
2135,Vishay Precision Group,VPG,840918784,63.13,United States
2136,Viant Technology,DSP,839089984,12.59,United States
2137,HealthStream,HSTM,834800704,28.55,United States
2138,Westrock Coffee,WEST,834714176,8.55,United States
2139,Lincoln Educational Services,LINC,834274880,26.3,United States
2140,ASGN,ASGN,833931008,19.53,United States
2141,Sky Harbour Group,SKYH,832956096,10.34,United States
2142,South Plains Financial,SPFI,832876800,44.21,United States
2143,PennyMac Mortgage Investment Trust,PMT,831910528,9.54,United States
2144,Bright Minds Biosciences,DRUG,831474048,84.74,United States
2145,LightPath Technologies,LPTH,831331776,13.24,United States
2146,Monopar Therapeutics,MNPR,831235328,123.84,United States
2147,WhiteFiber,WYFI,830572800,21.38,United States
2148,Riley Exploration Permian,REPX,828994560,37.42,United States
2149,Heritage Commerce,HTBK,828429632,13.45,United States
2150,Groupon,GRPN,827538816,20.35,United States
2151,MediaAlpha,MAX,826451008,13.49,United States
2152,CryoPort,CYRX,826086784,16.31,United States
2153,Cantaloupe,CTLP,825815936,11.2,United States
2154,CTO Realty Growth,CTO,825804608,22.03,United States
2155,Daily Journal,DJCO,824222016,598.15,United States
2156,Rapid7,RPD,822624832,12.205,United States
2157,Orrstown Financial Services,ORRF,821403520,41.76,United States
2158,Alpha &amp; Omega Semiconductor,AOSL,821066432,27.14,United States
2159,Independent Bank Corporation,IBCP,820264000,36.95,United States
2160,Esperion Therapeutics,ESPR,819464832,3.18,United States
2161,American Public Education,APEI,818994112,44.75,United States
2162,Southern Missouri Bancorp,SMBC,814932224,74.01,United States
2163,Alerus Financial,ALRS,813837824,32.68,United States
2164,Aura Biosciences,AURA,807860480,7.79,United States
2165,Financial Institutions,FISI,806187200,40.91,United States
2166,"Yesway, Inc.",YSWY,803340032,25.76,United States
2167,SunCoke Energy,SXC,802916096,9.46,United States
2168,Barrett Business Services,BBSI,801942080,33.09,United States
2169,Montrose Environmental,MEG,800798912,22.14,United States
2170,Peapack-Gladstone Financial,PGC,798821568,45.06,United States
2171,PAR Technology,PAR,797473024,19.28,United States
2172,RE/MAX Holdings,RMAX,794137344,14.41,United States
2173,REGENXBIO,RGNX,793478592,12.02,United States
2174,Movado Group,MOV,793289856,35.69,United States
2175,Neurogene,NGNE,789048768,39.43,United States
2176,Bain Capital Specialty Finance,BCSF,783611584,12.08,United States
2177,IperionX,IPX,781485312,21.58,United States
2178,Peakstone Realty Trust,PKST,780562688,20.99,United States
2179,Carlyle Secured Lending,CGBD,779555904,11.33,United States
2180,Paysign,PAYS,779177792,13.8,United States
2181,GMR Solutions Inc.,GMRS,778993088,14.42,United States
2182,HomeTrust Bancshares,HTB,778737536,47.1,United States
2183,Varex Imaging,VREX,778056768,18.46,United States
2184,Entravision Communications,EVC,777990400,8.43,United States
2185,CytomX Therapeutics,CTMX,777900416,3.57,United States
2186,Park Aerospace,PKE,772820544,35.53,United States
2187,Hallador Energy Company,HNRG,772208128,16.38,United States
2188,First Watch Restaurant,FWRG,770788288,12.49,United States
2189,"TXO Partners, L.P.",TXO,770705024,13.9,United States
2190,Allogene Therapeutics,ALLO,770444672,2.23,United States
2191,AdaptHealth,AHCO,770066432,5.66,United States
2192,Hertz,HTZ,769935040,2.16,United States
2193,Strawberry Fields REIT,STRW,769228992,13.61,United States
2194,Shore Bancshares,SHBI,768897280,23.04,United States
2195,Shattuck Labs,STTK,768782528,7.66,United States
2196,Green Dot,GDOT,767590400,13.47,United States
2197,Scholastic,SCHL,767329600,40.68,United States
2198,Mama's Creations,MAMA,766275328,16.48,United States
2199,Papa John's Pizza,PZZA,766087680,23.27,United States
2200,Westlake Chemical Partners,WLKP,765540480,21.72,United States
2201,Ramaco Resources,METC,764462208,12.06,United States
2202,PubMatic,PUBM,764330048,16.78,United States
2203,Sweetgreen,SG,764245248,6.42,United States
2204,Nuvectis Pharma,NVCT,760127168,23.33,United States
2205,Gyre Therapeutics,GYRE,758141376,7.15,United States
2206,Array Technologies,ARRY,757717888,4.92,United States
2207,Phathom Pharmaceuticals,PHAT,753996672,9.32,United States
2208,Golden Entertainment,GDEN,753686080,28.55,United States
2209,Once Upon A Farm,OFRM,752052544,17.91,United States
2210,Hovnanian Enterprises,HOV,748094720,127.67,United States
2211,Washington Trust Bancorp,WASH,747522560,39.19,United States
2212,National Healthcare Properties,NHP,747361984,16.88,United States
2213,LSB Industries,LXU,747334080,10.38,United States
2214,Third Coast Bancshares,TCBX,746264832,44.85,United States
2215,Enovix,ENVX,746124992,3.4,United States
2216,EVgo,EVGO,745593024,1.53,United States
2217,TaskUs,TASK,740831168,8.08,United States
2218,Phreesia,PHR,738820480,11.96,United States
2219,BitGo,BTGO,734660160,6.25,United States
2220,PRA Group,PRAA,731877312,19.44,United States
2221,Frequency Electronics,FEIM,731601152,66.77,United States
2222,PennantPark Floating Rate Capital Ltd.,PFLT,730243712,7.36,United States
2223,Cass Information Systems,CASS,726108672,56.7,United States
2224,Tectonic Therapeutic,TECX,724108544,37.04,United States
2225,Ironwood Pharmaceuticals,IRWD,720446208,4.36,United States
2226,Zevra Therapeutics,ZVRA,720325248,12.13,United States
2227,Velocity Financial,VEL,717378048,18.17,United States
2228,XOMA Royalty,XOMA,710155008,40.17,United States
2229,Vitesse Energy,VTS,708194560,16.82,United States
2230,Arrow Financial,AROW,707235776,38.18,United States
2231,Enhabit,EHAB,706913408,13.8,United States
2232,Verra Mobility,VRRM,706720064,4.65,United States
2233,Camping World,CWH,702405440,6.8,United States
2234,Contango Ore,CTGO,702254528,21.0,United States
2235,Energy Vault,NRGV,701900736,3.86,United States
2236,American Woodmark,AMWD,700651840,48.09,United States
2237,Community West Bancshares,CWBC,700333824,25.81,United States
2238,Consensus Cloud Solutions,CCSI,698545984,38.12,United States
2239,Peoples Financial Services,PFIS,697222080,69.65,United States
2240,Janus International Group,JBI,697186944,5.11,United States
2241,SLR Investment,SLRC,694480448,12.73,United States
2242,OrthoPediatrics,KIDS,691909376,26.5,United States
2243,The Manitowoc Company,MTW,691668544,19.18,United States
2244,Donegal Group,DGICA,685788160,18.51,United States
2245,Matthews International Corporation,MATW,685517568,21.97,United States
2246,Granite Ridge Resources,GRNT,683243200,5.18,United States
2247,Tiptree,TIPT,681113984,18.29,United States
2248,Legacy Housing Corporation,LEGH,678251264,28.52,United States
2249,Udemy,UDMY,677283328,4.63,United States
2250,California BanCorp,BCAL,677090368,21.06,United States
2251,River City Bank,RCBC,674133120,48.17,United States
2252,Shentel,SHEN,672680832,12.15,United States
2253,Franklin BSP Realty Trust,FBRT,671837440,8.09,United States
2254,Mativ Holdings,MATV,670559616,12.15,United States
2255,Bluelinx,BXC,670531200,86.16,United States
2256,Midland States Bancorp,MSBI,670500736,32.31,United States
2257,Mesa Laboratories,MLAB,669937472,119.72,United States
2258,ParkOhio Holdings Corp.,PKOH,669728256,46.22,United States
2259,Cars.com,CARS,665946944,12.44,United States
2260,Hingham Institution for Savings,HIFS,664602240,302.47,United States
2261,AngioDynamics,ANGO,664211456,16.07,United States
2262,CorMedix,CRMD,664085632,8.52,United States
2263,Summit Hotel Properties,INN,663298816,6.15,United States
2264,Bar Harbor Bankshares,BHB,661924800,39.48,United States
2265,Helen of Troy,HELE,661727424,28.41,United States
2266,Verastem Oncology,VSTM,660660288,7.295,United States
2267,Red River Bancshares,RRBI,657818048,99.91,United States
2268,Sagimet Biosciences,SGMT,657638528,10.58,United States
2269,Cannae Holdings,CNNE,655818304,15.12,United States
2270,Hyliion,HYLN,655451776,3.67,United States
2271,N-Able,NABL,653613120,3.46,United States
2272,Alight,ALIT,653186944,13.77,United States
2273,ADTRAN,ADTN,652666112,8.01,United States
2274,Chatham Lodging Trust,CLDT,651295104,13.27,United States
2275,Eikon Therapeutics,EIKN,650522048,12.01,United States
2276,Reservoir Media,RSVR,650245568,9.88,United States
2277,NioCorp Developments,NB,649318208,4.46,United States
2278,MiMedx Group,MDXG,648634048,4.45,United States
2279,Gladstone Investment,GAIN,647903424,16.27,United States
2280,Armada Hoffler Properties,AHH,647902656,6.25,United States
2281,Grid Dynamics,GDYN,647392512,7.98,United States
2282,OTC Markets Group,OTCM,647107456,54.0,United States
2283,NerdWallet,NRDS,646902528,10.12,United States
2284,ACNB Corporation,ACNB,645707520,63.23,United States
2285,AH Realty Trust,AHRT,644509824,6.72,United States
2286,Prime Medicine,PRME,642074112,3.54,United States
2287,Northfield Bancorp,NFBK,639406784,15.31,United States
2288,Miller Industries,MLR,638787392,56.27,United States
2289,Gladstone Commercial,GOOD,636687616,13.04,United States
2290,Village Super Market,VLGEA,636215744,42.96,United States
2291,ARS Pharmaceuticals,SPRY,634474048,6.38,United States
2292,WhiteHawk Minerals Corp,WHK,633196928,26.61,United States
2293,Smith &amp; Wesson,SWBI,633136256,14.12,United States
2294,Arvinas,ARVN,632938368,9.68,United States
2295,Yext,YEXT,629558144,6.28,United States
2296,ASP Isotopes,ASPI,627035392,4.09,United States
2297,DoubleDown Interactive,DDI,625859968,12.63,United States
2298,Forward Air,FWRD,625621632,18.52,United States
2299,Vaalco Energy,EGY,623787200,5.93,United States
2300,AlTi Global,ALTI,623773696,4.0,United States
2301,Forge Global,FRGE,623007296,45.0,United States
2302,BrightSpire Capital,BRSP,621233664,4.91,United States
2303,MISTRAS Group,MG,619480448,19.45,United States
2304,TPG Real Estate Finance Trust,TRTX,612281024,7.92,United States
2305,EagleRock Land,EROK,611881344,25.02,United States
2306,OppFi,OPFI,611795200,7.18,United States
2307,MasterCraft Boat,MCFT,611370112,25.24,United States
2308,Cytek Biosciences,CTKB,610921280,4.7,United States
2309,"Sturm, Ruger &amp; Co",RGR,610369408,38.2,United States
2310,Kura Sushi USA,KRUS,609800256,50.19,United States
2311,OmniAb,OABI,609185792,4.19,United States
2312,Sprout Social,SPT,607739840,10.03,United States
2313,Krispy Kreme,DNUT,607249984,3.5,United States
2314,Altimmune,ALT,606895168,3.12,United States
2315,Redwood Trust,RWT,606708032,4.83,United States
2316,Kearny Financial,KRNY,606043520,9.63,United States
2317,Insteel Industries,IIIN,604170880,31.21,United States
2318,Contineum Therapeutics,CTNM,602690560,16.02,United States
2319,Bridgewater Bancshares,BWB,602569472,21.61,United States
2320,Claritev,CTEV,599770752,35.39,United States
2321,Hyster-Yale Materials Handling,HY,594807936,33.2,United States
2322,Unity Bancorp,UNTY,593616768,59.11,United States
2323,Southern First Bancshares,SFST,592079360,62.51,United States
2324,ProKidney,PROK,590790208,1.48,United States
2325,"Citi Trends, Inc.",CTRN,590669568,70.91,United States
2326,Rayonier Advanced Materials,RYAM,590533888,8.73,United States
2327,Northpointe Bancshares,NPB,589274560,17.04,United States
2328,NETGEAR,NTGR,587066816,21.6,United States
2329,Scribe Therapeutics,SCTX,585739200,31.05,United States
2330,Greene County Bancorp,GCBC,585165888,34.37,United States
2331,Weave Communications,WEAV,584793536,7.31,United States
2332,OneSpan,OSPN,584638848,15.77,United States
2333,W&amp;T Offshore,WTI,582639744,3.86,United States
2334,Malibu Boats,MBUU,582238208,29.65,United States
2335,Enviri Corporation,NVRI,578461248,20.52,United States
2336,Aquestive Therapeutics,AQST,576098496,4.59,United States
2337,Mayville Engineering Company,MEC,576052480,22.59,United States
2338,Ethan Allen,ETD,575850624,22.63,United States
2339,First Business Financial Services,FBIZ,574401472,68.64,United States
2340,Cerus Corporation,CERS,574345920,2.85,United States
2341,Kelly Services,KELYA,574119040,16.53,United States
2342,Northrim BanCorp,NRIM,572580288,25.74,United States
2343,Ovid Therapeutics,OVID,572222720,2.93,United States
2344,Artiva Biotherapeutics,ARTV,572014400,11.7,United States
2345,Civista Bancshares,CIVB,571633600,27.49,United States
2346,Universal Health Realty Income Trust,UHT,571235904,41.1,United States
2347,Kimball Electronics,KE,570440448,23.72,United States
2348,Evolus,EOLS,568033792,8.6,United States
2349,3D Systems,DDD,566561344,3.41,United States
2350,MapLight Therapeutics,MPLT,563490624,12.15,United States
2351,Industrial Logistics Properties Trust,ILPT,559997952,8.39,United States
2352,Zura Bio,ZURA,559642176,5.84,United States
2353,Ur-Energy,URG,557009216,1.4,United States
2354,Spire Global,SPIR,556526464,13.7,United States
2355,Ooma,OOMA,554991488,20.2,United States
2356,Investors Title Company,ITIC,552031168,292.39,United States
2357,York Water,YORW,549175168,33.84,United States
2358,Kyverna Therapeutics,KYTX,548551360,8.87,United States
2359,Carriage Services,CSV,547303936,34.46,United States
2360,Home Bancorp,HBCP,546780992,69.47,United States
2361,Evommune,EVMN,544744640,15.01,United States
2362,Fulgent Genetics,FLGT,543151872,19.74,United States
2363,EyePoint Pharmaceuticals,EYPT,543136448,6.3,United States
2364,GAMCO Investors,GAMI,539301504,25.11,United States
2365,Olympic Steel,ZEUS,538983936,47.86,United States
2366,Swarmer,SWMR,538908288,45.2,United States
2367,The Honest Company,HNST,538567552,5.02,United States
2368,NVE Corporation,NVEC,538279936,111.28,United States
2369,Oil States International,OIS,535664864,8.88,United States
2370,One Liberty Properties,OLP,534809088,24.42,United States
2371,Tactile Medical,TCMD,534593952,23.6,United States
2372,Cogent Communications,CCOI,530851104,10.365,United States
2373,Brandywine Realty Trust,BDN,530345088,3.07,United States
2374,Oxford Industries,OXM,529898816,35.49,United States
2375,Solid Power,SLDP,529380416,2.32,United States
2376,ARKO Corp.,ARKO,527272864,4.7,United States
2377,Cabaletta Bio,CABA,525590848,3.1,United States
2378,SandRidge Energy,SD,525356960,14.17,United States
2379,Flushing Financial Corp,FFIC,524179680,15.47,United States
2380,The Elmet Group,ELMT,523598784,17.19,United States
2381,Bankwell Financial Group,BWFG,523280224,65.64,United States
2382,Quad,QUAD,521782368,10.12,United States
2383,Universal Logistics Holdings,ULH,521291488,19.77,United States
2384,Strata Critical Medical,SRTA,521069472,5.89,United States
2385,Limbach Holdings,LMB,520950624,43.7,United States
2386,Idaho Strategic Resources,IDR,519889664,32.85,United States
2387,Ginkgo Bioworks,DNA,519193568,7.71,United States
2388,C4 Therapeutics,CCCC,517935840,4.21,United States
2389,Evolent Health,EVH,517811744,4.58,United States
2390,Veradigm,MDRX,516615808,4.74,United States
2391,Relmada Therapeutics,RLMD,515215360,4.83,United States
2392,Gray Media,GTN,514921920,5.0,United States
2393,Sierra Bancorp,BSRR,514906144,39.72,United States
2394,The Oncology Institute,TOI,512912480,5.13,United States
2395,Pangaea Logistics Solutions,PANL,512004896,7.82,United States
2396,Columbus McKinnon,CMCO,510608480,17.69,United States
2397,Gemini Space Station,GEMI,509533152,3.93,United States
2398,Eagle Point Credit Company,ECC,508101056,3.82,United States
2399,Orange County Bancorp,OBT,506016544,37.74,United States
2400,Cooper Standard,CPS,505889344,28.47,United States
2401,Bit Digital,BTBT,504886912,1.4,United States
2402,Methode Electronics,MEI,504383168,14.21,United States
2403,Johnson Outdoors,JOUT,502709792,47.97,United States
2404,NeuroPace,NPCE,502507360,14.64,United States
2405,Ocugen,OCGN,501883392,1.48,United States
2406,AMC Networks,AMCX,499949664,12.12,United States
2407,Editas Medicine,EDIT,499135104,3.25,United States
2408,Intrepid Potash,IPI,497762400,36.99,United States
2409,Build-A-Bear Workshop,BBW,496232032,39.58,United States
2410,Wabash National,WNC,495364000,12.16,United States
2411,"ERock, Inc.",EROC,494265504,10.26,United States
2412,BioAge Labs,BIOA,493391776,10.75,United States
2413,ATN International,ATNI,491059008,31.88,United States
2414,Puma Biotechnology,PBYI,489874400,9.49,United States
2415,AMERISAFE,AMSF,489664768,26.18,United States
2416,Bank7,BSVN,489629024,51.4,United States
2417,First Foundation,FFWM,489265120,5.9,United States
2418,Zion Oil &amp; Gas,ZNOG,488672096,0.41,United States
2419,Valhi,VHI,488257344,17.24,United States
2420,Ponce Financial Group,PDLB,486660576,20.12,United States
2421,Virgin Galactic,SPCE,486622848,3.21,United States
2422,NRC Health,NRC,486622144,21.98,United States
2423,Shoulder Innovations,SI,484248928,23.26,United States
2424,KKR Real Estate Finance Trust,KREF,482896128,7.51,United States
2425,Senseonics Holdings,SENS,481682592,9.11,United States
2426,iHeartMedia,IHRT,481394304,3.11,United States
2427,West Bancorporation,WTBA,479270080,28.12,United States
2428,IBEX,IBEX,478928672,35.77,United States
2429,Summit Midstream,SMC,476775360,34.59,United States
2430,Diamond Hill Investment Group,DHIL,473290400,174.99,United States
2431,Shoe Carnival,SCVL,473247296,17.43,United States
2432,Rimini Street,RMNI,472381344,5.06,United States
2433,Q32 Bio,QTTB,471548352,15.84,United States
2434,"Deep Fission, Inc.",FISN,471247488,8.0,United States
2435,BlossomHill Therapeutics,BLSM,470242368,16.17,United States
2436,El Pollo Loco,LOCO,466879712,15.33,United States
2437,Vital Farms,VITL,466665632,10.87,United States
2438,Sight Sciences,SGHT,466595296,8.47,United States
2439,Calavo Growers,CVGW,466334752,26.09,United States
2440,Priority Technology Holdings,PRTH,464139296,5.63,United States
2441,Capricor Therapeutics,CAPR,463949120,7.98,United States
2442,Commercial Bancgroup,CBK,463376960,33.82,United States
2443,Caleres,CAL,461523072,13.74,United States
2444,Farmers &amp; Merchants Bancorp,FMAO,461234304,33.5,United States
2445,AdvanSix,ASIX,460370208,17.05,United States
2446,Prelude Therapeutics,PRLD,460349888,5.78,United States
2447,Benitec Biopharma,BNTC,459661024,13.38,United States
2448,Citizens &amp; Northern Corp,CZNC,458773920,25.58,United States
2449,Havertys,HVT,455015648,28.27,United States
2450,Rezolute,RZLT,454499776,4.72,United States
2451,Eventbrite,EB,452958144,4.51,United States
2452,Hamilton Beach Brands,HBB,452872160,33.69,United States
2453,Aspen Aerogels,ASPN,452288864,5.45,United States
2454,Atea Pharmaceuticals,AVIR,448344256,5.59,United States
2455,Stitch Fix,SFIX,448310848,3.36,United States
2456,American Coastal Insurance Corporation,ACIC,446696928,9.45,United States
2457,Tejon Ranch,TRC,446664480,16.53,United States
2458,Compass Therapeutics,CMPX,446618048,2.48,United States
2459,RBB Bancorp,RBB,446581440,26.4,United States
2460,Bally's Corporation,BALY,446150560,8.84,United States
2461,WideOpenWest,WOW,445855520,5.2,United States
2462,Gladstone Capital Corporation,GLAD,444179712,19.66,United States
2463,Acacia Research,ACTG,444020000,4.55,United States
2464,Innovative Aerosystems,ISSC,443541504,24.78,United States
2465,Larimar Therapeutics,LRMR,441502464,4.25,United States
2466,Lexeo Therapeutics,LXEO,440588384,5.37,United States
2467,Andersen Group,ANDG,440472992,34.82,United States
2468,Farmland Partners,FPI,439676608,10.01,United States
2469,Bank of Marin Bancorp,BMRC,439349920,27.13,United States
2470,LendingTree,TREE,438315072,31.22,United States
2471,Weyco Group,WEYS,437435008,45.8,United States
2472,Advantage Solutions,ADV,437366272,34.11,United States
2473,Ranpak,PACK,435652096,5.08,United States
2474,i3 Verticals,IIIV,435359552,16.49,United States
2475,Marqeta,MQ,430390752,4.06,United States
2476,Magnera,MAGN,428268000,12.03,United States
2477,International Money Express,IMXI,428098784,14.17,United States
2478,Cross Country Healthcare,CCRN,428060928,13.25,United States
2479,Dine Brands Global,DIN,427752704,33.79,United States
2480,Bumble,BMBL,427474784,2.79,United States
2481,Orthofix Medical,OFIX,426877728,10.48,United States
2482,Everspin Technologies,MRAM,424664160,17.44,United States
2483,Plumas Bancorp,PLBC,424291200,60.97,United States
2484,PureTech Health,PRTC,424034496,17.42,United States
2485,908 Devices,MASS,423257120,10.24,United States
2486,FRP Holdings,FRPH,423088000,22.07,United States
2487,Community Healthcare Trust,CHCT,422576800,14.79,United States
2488,Titan International,TWI,421461568,6.53,United States
2489,Foghorn Therapeutics,FHTX,419260320,7.06,United States
2490,Pioneer Bancorp,PBFS,415649920,17.19,United States
2491,Barnes &amp; Noble Education,BNED,414593152,11.96,United States
2492,Serve Robotics,SERV,414461888,4.78,United States
2493,Bed Bath &amp; Beyond,BBBY,414399584,4.35,United States
2494,Titan Machinery,TITN,414312768,17.78,United States
2495,Boston Omaha,BOC,414240288,13.75,United States
2496,Star Group,SGU,413749408,12.61,United States
2497,X4 Pharmaceuticals,XFOR,412450432,4.16,United States
2498,Community Health Systems,CYH,411747328,2.92,United States
2499,Upstream Bio,UPB,411604352,7.515,United States
2500,Investar Holding,ISTR,411244224,29.85,United States
2501,Radiant Logistics,RLGT,411181984,8.78,United States
2502,ZipRecruiter,ZIP,410308512,4.99,United States
2503,Ranger Energy Services,RNGR,409769440,17.51,United States
2504,PowerFleet,AIOT,409389056,3.05,United States
2505,Aimco,AIV,405740640,2.63,United States
2506,NexPoint Real Estate Finance,NREF,403788448,17.53,United States
2507,Energy Recovery,ERII,403509760,7.905,United States
2508,Rocket Pharmaceuticals,RCKT,400677312,3.65,United States
2509,Primis Financial,FRST,400256992,16.14,United States
2510,Parke Bancorp,PKBK,398360992,33.87,United States
2511,Nathan's Famous,NATH,398180896,97.25,United States
2512,Perspective Therapeutics,CATX,397247808,3.48,United States
2513,Acco Brands,ACCO,396922560,4.3,United States
2514,Genie Energy,GNE,394794368,15.0,United States
2515,Pacific Biosciences,PACB,394755040,1.27,United States
2516,TruBridge,TBRG,393577312,26.24,United States
2517,Enanta Pharmaceuticals,ENTA,393484192,13.51,United States
2518,MVB Financial,MVBF,392915456,30.3,United States
2519,Monro,MNRO,392773216,12.57,United States
2520,First Carolina Financial Services,FCBM,390846144,12.58,United States
2521,First Bancorp,FNLC,389579200,34.53,United States
2522,Envela Corporation,ELA,389452128,15.0,United States
2523,loanDepot,LDI,389395008,0.8763,United States
2524,L.B. Foster,FSTR,389231232,37.0,United States
2525,Orion Group Holdings,ORN,389159712,9.61,United States
2526,Genesco,GCO,389077248,35.03,United States
2527,PCB Bancorp,PCB,388614144,27.67,United States
2528,Newegg,NEGG,388008352,18.5,United States
2529,ThredUp,TDUP,387434272,2.95,United States
2530,MGP Ingredients,MGPI,386952352,18.07,United States
2531,OPAL Fuels,OPAL,386212032,2.21,United States
2532,Lyell Immunopharma,LYEL,386201024,15.76,United States
2533,CompX International,CIX,382014752,31.0,United States
2534,Lands' End,LE,381494176,12.41,United States
2535,Gevo,GEVO,380745120,1.54,United States
2536,Holley,HLLY,380675232,3.14,United States
2537,Chaince Digital Holdings,CD,380613152,3.46,United States
2538,"Mobia Medical, Inc.",MOBI,379703648,11.42,United States
2539,Clearfield,CLFD,378856512,27.89,United States
2540,Lifeway Foods,LWAY,378272960,25.04,United States
2541,Waterstone Financial,WSBF,376798496,20.96,United States
2542,Xerox,XRX,374246336,2.85,United States
2543,Ring Energy,REI,372571616,1.43,United States
2544,Agenus,AGEN,371779904,8.26,United States
2545,Open Lending,LPRO,371532640,3.14,United States
2546,Simulations Plus,SLP,371530304,18.37,United States
2547,Gladstone Land,LAND,371405856,8.61,United States
2548,Galectin Therapeutics,GALT,370118208,3.67,United States
2549,AIAI Holdings Corporation,AIAI,367390592,5.225,United States
2550,Cerence,CRNC,367269664,8.12,United States
2551,Perma-Fix Environmental Services,PESI,367077472,17.3,United States
2552,M-tron Industries,MPTI,366016736,84.21,United States
2553,Artesian Resources,ARTNA,364650656,35.31,United States
2554,Richtech Robotics,RR,364461440,1.63,United States
2555,NewtekOne,NEWT,363947648,12.6,United States
2556,Sutro Biopharma,STRO,363293440,21.91,United States
2557,Ribbon Communications,RBBN,363011424,2.03,United States
2558,Zentalis Pharmaceuticals,ZNTL,361646688,3.82,United States
2559,Southern States Bancshares,SSBK,361068608,36.37,United States
2560,Presidio Production Company,FTW,360873408,11.52,United States
2561,Vista Gold,VGZ,360549216,2.47,United States
2562,Gogo Inflight Internet,GOGO,360450912,2.66,United States
2563,CION Investment Corporation,CION,360163808,7.32,United States
2564,Timberland Bancorp,TSBK,357758464,46.01,United States
2565,"TWFG, Inc.",TWFG,356770720,27.45,United States
2566,Portillo's,PTLO,356066720,4.91,United States
2567,Blend Labs,BLND,354769984,1.5,United States
2568,Value Line,VALU,352960128,37.6,United States
2569,Rocky Brands,RCKY,352305632,47.05,United States
2570,Paysafe,PSFE,351932256,6.74,United States
2571,Alpine Income Property Trust,PINE,351599040,19.81,United States
2572,Civeo,CVEO,350832992,33.94,United States
2573,Abeona Therapeutics,ABEO,350538016,6.13,United States
2574,Bakkt Holdings,BKKT,348837568,7.74,United States
2575,ON24,ONTF,348249024,8.1,United States
2576,Oportun Financial,OPRT,347203776,7.55,United States
2577,Dave & Buster's,PLAY,346843296,9.97,United States
2578,Horizon Technology Finance,HRZN,346766432,5.08,United States
2579,Clean Energy Fuels,CLNE,346098688,1.57,United States
2580,KinderCare Learning Companies,KLC,344884576,2.91,United States
2581,Immuneering,IMRX,344837152,5.33,United States
2582,Orion S.A.,OEC,343092800,6.07,United States
2583,Twin Disc,TWIN,341532544,23.68,United States
2584,The RMR Group,RMR,341092096,19.97,United States
2585,Clearwater Paper,CLW,340726592,21.13,United States
2586,Viemed Healthcare,VMD,340508736,8.94,United States
2587,Verano Holdings,VRNOF,340106912,0.94,United States
2588,Syntec Optics,OPTX,339357984,8.425,United States
2589,TriSalus Life Sciences,TLSI,338044544,5.49,United States
2590,Duos Technologies Group,DUOT,337691872,10.75,United States
2591,PrimeEnergy Resources,PNRG,337639808,213.345,United States
2592,Vanda Pharmaceuticals,VNDA,336777184,5.57,United States
2593,Strattec Security,STRT,336623168,80.555,United States
2594,Fossil Group,FOSL,336495520,5.69,United States
2595,Transcontinental Realty Investors,TCI,335867360,38.28,United States
2596,"Merlin, Inc.",MRLN,335039712,3.315,United States
2597,Funko,FNKO,334294720,5.97,United States
2598,Orchestra BioMed,OBIO,333583040,5.55,United States
2599,BayCom (United Business Bank),BCML,332299168,30.43,United States
2600,Public Policy Holding Company,PPHC,331475360,10.97,United States
2601,Telos,TLS,331083968,4.43,United States
2602,TrueBlue,TBI,330321152,10.85,United States
2603,Jack in the Box,JACK,328925504,17.15,United States
2604,American Battery Technology Company,ABAT,327394624,2.4,United States
2605,SuRo Capital,SSSS,326920416,12.54,United States
2606,Repay Holdings,RPAY,325400416,3.69,United States
2607,Alto Ingredients,ALTO,325011872,4.19,United States
2608,CoastalSouth Bancshares,COSO,323009152,27.02,United States
2609,John Marshall Bancorp,JMSB,322744512,22.87,United States
2610,Nano Dimension,NNDM,322583680,1.53,United States
2611,Vogenx,VOGX,322054688,23.16,United States
2612,Matrix Service Company,MTRX,321569920,11.43,United States
2613,Friedman Industries,FRD,321185568,44.53,United States
2614,E. W. Scripps Company,SSP,320634720,3.46,United States
2615,CPI Card Group,PMTS,320206688,27.77,United States
2616,AVITA Medical,RCEL,319783616,10.34,United States
2617,Flexsteel Industries,FLXS,318594400,78.17,United States
2618,Fate Therapeutics,FATE,317524384,2.65,United States
2619,Cartesian Therapeutics,RNAC,317378624,10.49,United States
2620,NL Industries,NL,315885824,6.46,United States
2621,Maui Land &amp; Pineapple Company,MLP,315561984,15.89,United States
2622,NACCO Industries,NC,315300896,41.78,United States
2623,Sanara MedTech,SMTI,314965824,34.28,United States
2624,Designer Brands,DBI,314310144,6.19,United States
2625,Anavex Life Sciences,AVXL,314242304,3.39,United States
2626,fuboTV,FUBO,312010176,10.33,United States
2627,Regional Management Corp.,RM,309617664,33.56,United States
2628,Zumiez,ZUMZ,308508480,18.285,United States
2629,Neumora Therapeutics,NMRA,308149280,1.64,United States
2630,Microvast,MVST,307935232,0.8008,United States
2631,Palladyne AI,PDYN,307378944,6.23,United States
2632,NI Holdings,NODK,307295168,15.06,United States
2633,Embecta,EMBC,307095040,5.42,United States
2634,Cresco Labs,CRLBF,307075936,0.8247,United States
2635,"NN, Inc.",NNBR,306375008,3.71,United States
2636,Chain Bridge Bancorp,CBNA,306371232,46.69,United States
2637,CapsoVision,CV,306287104,6.12,United States
2638,Xperi,XPER,305799328,6.27,United States
2639,J.Jill,JILL,305756448,20.45,United States
2640,First Western Financial,MYFW,305648544,31.3,United States
2641,Myriad Genetics,MYGN,305122368,3.19,United States
2642,NexPoint Diversified Real Estate Trust,NXDT,304828576,5.74,United States
2643,8x8,EGHT,303314560,2.1,United States
2644,Entrada Therapeutics,TRDA,302927296,7.78,United States
2645,Saratoga Investment,SAR,302321216,18.8,United States
2646,One Stop Systems,OSS,302024960,12.11,United States
2647,Lightbridge Corporation,LTBR,301537632,8.05,United States
2648,Fulcrum Therapeutics,FULC,298322272,3.91,United States
2649,Turn Therapeutics,TTRX,298210848,9.82,United States
2650,Onity Group,ONIT,298089280,35.68,United States
2651,Treace Medical Concepts,TMCI,296557568,4.56,United States
2652,Alico,ALCO,296000608,39.9,United States
2653,Soluna Holdings,SLNH,293508704,1.2,United States
2654,Arcturus Therapeutics,ARCT,292189120,10.28,United States
2655,CAMP4 Therapeutics,CAMP,291802400,4.65,United States
2656,Gloo Holdings,GLOO,291615712,3.33,United States
2657,Ready Capital,RC,291299360,1.76,United States
2658,BRC Group Holdings,RILY,290644224,7.23,United States
2659,Jakks Pacific,JAKK,290588832,25.39,United States
2660,Cadiz Inc.,CDZI,289595584,3.42,United States
2661,B&amp;G Foods,BGS,288528640,3.55,United States
2662,Eledon Pharmaceuticals,ELDN,288477088,3.55,United States
2663,Kingstone Companies,KINS,286772192,19.81,United States
2664,Princeton Bancorp,BPRN,286699520,42.08,United States
2665,Alliance Entertainment,AENT,286380416,5.62,United States
2666,Escalade Sports,ESCA,285646048,20.75,United States
2667,RCM Technologies,RCMT,285568096,40.16,United States
2668,ALX Oncology,ALXO,284850592,2.06,United States
2669,Anika Therapeutics,ANIK,284521856,21.26,United States
2670,Rare Earths Americas,REA,284342976,14.25,United States
2671,CS Disco,LAW,283699360,4.37,United States
2672,C&amp;F Financial Corporation,CFFI,283612480,87.22,United States
2673,Invivyd,IVVD,282821024,0.9595,United States
2674,Aeluma,ALMU,282634368,15.44,United States
2675,Sionna Therapeutics,SION,282577504,6.25,United States
2676,American Resources Corp,AREC,282404160,2.64,United States
2677,LCNB Corp.,LCNB,282106240,19.79,United States
2678,Omega Flex,OFLX,281934432,27.93,United States
2679,Pyxis Oncology,PYXS,281085120,3.37,United States
2680,Gencor Industries,GENC,280255264,19.12,United States
2681,Marine Products Corporation,MPX,280037408,8.18,United States
2682,Runway Growth Finance,RWAY,278700864,6.65,United States
2683,Lineage Cell Therapeutics,LCTX,278198208,1.1,United States
2684,Whitehawk Therapeutics,WHWK,277633856,4.87,United States
2685,Ames National Corp.,ATLO,277053856,31.28,United States
2686,TechTarget,TTGT,276310752,3.82,United States
2687,Pure Cycle (water),PCYO,276155872,11.46,United States
2688,Western New England Bancorp,WNEB,275430272,13.74,United States
2689,AerSale,ASLE,275383424,5.77,United States
2690,Montauk Renewables,MNTK,274718400,1.93,United States
2691,Middlefield Banc,MBCN,273627936,33.67,United States
2692,BRT Apartments,BRT,272878368,14.52,United States
2693,Hawthorn Bancshares,HWBK,271645216,39.365,United States
2694,Tredegar,TG,271639872,7.8,United States
2695,Chicago Atlantic Real Estate Finance,REFI,271327936,10.59,United States
2696,Alector,ALEC,271326336,2.43,United States
2697,The Hackett Group,HCKT,270422464,10.87,United States
2698,Biodesix,BDSX,269475552,25.54,United States
2699,Infinity Natural Resources,INR,269004480,14.43,United States
2700,Lantronix,LTRX,268097680,6.01,United States
2701,Aviat Networks,AVNW,267717504,20.69,United States
2702,MacroGenics,MGNX,265629792,4.17,United States
2703,SEACOR Marine,SMHI,265359024,9.78,United States
2704,Richardson Electronics,RELL,265052592,18.04,United States
2705,Outdoor Holding Company,POWW,264515024,2.28,United States
2706,SmartRent,SMRT,264424272,1.38,United States
2707,Standard BioTools,LAB,263655920,0.6716,United States
2708,Movano,MOVE,263202352,9.52,United States
2709,National Bankshares,NKSH,262187424,41.17,United States
2710,"1-800-Flowers.com, Inc.",FLWS,261521808,4.08,United States
2711,Slam Corp,SLMWF,261266432,11.14,United States
2712,Ares Commercial Real Estate,ACRE,260761216,4.7,United States
2713,Comstock Inc.,LODE,260381904,3.43,United States
2714,Amtech Systems,ASYS,259470032,14.82,United States
2715,U.S. Gold Corp,USAU,258408208,15.66,United States
2716,"TSS, Inc.",TSSI,257922304,9.14,United States
2717,Global Water Resources,GWRS,256566576,8.91,United States
2718,RxSight,RXST,256214448,6.16,United States
2719,Nature's Sunshine Products,NATR,256190784,14.56,United States
2720,Richmond Mutual Bancorporation,RMBI,255960784,15.96,United States
2721,OraSure Technologies,OSUR,255183920,3.7,United States
2722,Kaltura,KLTR,254760528,1.67,United States
2723,Greenwich LifeSciences,GLSI,254520128,17.34,United States
2724,Vuzix,VUZI,254086832,3.01,United States
2725,Limoneira,LMNR,253666784,13.99,United States
2726,Virginia National Bankshares,VABK,253252160,46.68,United States
2727,American Realty Investors,ARL,252617952,15.64,United States
2728,Niagen Bioscience,NAGE,252472528,3.17,United States
2729,Immersion Corporation,IMMR,251926528,7.59,United States
2730,OpGen,OPGN,251197920,24.75,United States
2731,Emergent BioSolutions,EBS,250726608,4.89,United States
2732,FutureFuel,FF,250459552,5.71,United States
2733,First Internet Bancorp,INBK,250129552,28.64,United States
2734,LoveSac,LOVE,249438656,17.04,United States
2735,Stellus Capital Investment Corporation,SCM,248629824,8.73,United States
2736,Huuuge,HUG.WA,248465456,6.04185,United States
2737,National CineMedia,NCMI,248345968,2.64,United States
2738,Sidus Space,SIDU,248002064,2.45,United States
2739,Hudson Technologies,HDSN,246638896,5.86,United States
2740,InfuSystem,INFU,246014960,12.19,United States
2741,MBIA,MBI,245899264,4.82,United States
2742,Organogenesis,ORGO,245768368,1.91,United States
2743,Xponential Fitness,XPOF,245604320,4.96,United States
2744,PennantPark Investment,PNNT,245513328,3.76,United States
2745,Akebia Therapeutics,AKBA,245349872,0.8854,United States
2746,USANA,USNA,244814080,13.25,United States
2747,RideNow Group,RDNW,244599520,6.27,United States
2748,Third Harmonic Bio,THRD,242787568,5.38,United States
2749,Claros Mortgage Trust,CMTG,242664848,1.72,United States
2750,Asure Software,ASUR,242586352,8.4,United States
2751,Beyond Meat,BYND,242091008,14.08,United States
2752,RCI Hospitality Holdings,RICK,239798016,31.34,United States
2753,Conexeu Sciences,CNXU,239754640,8.96,United States
2754,Information Services Group,III,239646640,4.95,United States
2755,Neuronetics,STIM,239259296,3.14,United States
2756,FreightCar America,RAIL,236753040,7.22,United States
2757,Precision BioSciences,DTIL,234613216,8.5,United States
2758,Optimum Communications,OPTU,234542640,0.8605,United States
2759,LiveWire Group,LVWR,234170208,1.14,United States
2760,Acme United,ACU,234093232,61.06,United States
2761,Protara Therapeutics,TARA,234018128,3.96,United States
2762,Nu Skin,NUS,233161072,4.79,United States
2763,Silver Bow Mining,SBMT,232979856,7.89,United States
2764,HireQuest,HQI,232108880,16.71,United States
2765,Peoples Bancorp of North Carolina,PEBK,231530928,43.51,United States
2766,Utah Medical Products,UTMD,229616960,72.12,United States
2767,Minerva Neurosciences,NERV,228710816,4.79,United States
2768,OP Bancorp (Open Bank),OPBK,227871712,15.26,United States
2769,Acumen Pharmaceuticals,ABOS,227799472,3.15,United States
2770,RGC Resources,RGCO,227771504,21.86,United States
2771,Franklin Covey,FC,227232736,20.12,United States
2772,Conduent,CNDT,227060368,1.46,United States
2773,"AstroNova, Inc.",ALOT,226532288,28.89,United States
2774,Silvaco Group,SVCO,226018016,6.67,United States
2775,AN2 Therapeutics,ANTX,224907968,5.96,United States
2776,Immunic,IMUX,224451488,16.45,United States
2777,Forrester Research,FORR,223898640,11.76,United States
2778,Core Molding Technologies,CMT,223502112,26.1,United States
2779,SIGA Technologies,SIGA,223452592,3.11,United States
2780,Expensify,EXFY,222495472,2.44,United States
2781,Motorcar Parts of America,MPAA,222465200,11.75,United States
2782,Turtle Beach Corp,TBCH,221005856,12.34,United States
2783,Keros Therapeutics,KROS,220081792,11.1,United States
2784,Spok Holdings,SPOK,219222048,10.48,United States
2785,Tonix Pharmaceuticals,TNXP,218332528,12.73,United States
2786,Chicago Atlantic BDC,LIEN,216795600,9.5,United States
2787,Kolibri Global Energy,KGEI,216652960,6.04,United States
2788,Lifetime Brands,LCUT,216324944,9.41,United States
2789,CARGO Therapeutics,CRGX,216188416,4.47,United States
2790,Torrid Holding,CURV,215959248,2.17,United States
2791,Perma-Pipe International,PPIH,215331392,26.5,United States
2792,Alta Equipment Group,ALTG,215274688,6.59,United States
2793,Modiv Industrial,MDV,215101808,18.05,United States
2794,Pro-Dex,PDEX,213723296,66.94,United States
2795,Crexendo,CXDO,212968992,6.57,United States
2796,Quicklogic,QUIK,212852144,11.62,United States
2797,TPG Mortgage Investment Trust,MITT,212447216,6.68,United States
2798,PepGen,PEPG,211241536,3.05,United States
2799,Ohio Valley Banc Corp,OVBC,210628896,44.71,United States
2800,Voyager Therapeutics,VYGR,210117200,3.41,United States
2801,Stoneridge,SRI,207646528,7.28,United States
2802,American Well,AMWL,207185184,12.4,United States
2803,Coherus BioSciences,CHRS,205486288,1.33,United States
2804,Korro Bio,KRRO,205422752,13.95,United States
2805,Angel Oak Mortgage REIT,AOMR,205219504,8.84,United States
2806,Octave Specialty Group,OSG,204533760,4.54,United States
2807,Superior Group of Companies,SGC,204417472,12.82,United States
2808,Humacyte,HUMA,204153824,0.7349,United States
2809,Shutterstock,SSTK,203951216,5.52,United States
2810,SES AI,SES,203354096,0.5477,United States
2811,EVI Industries,EVI,203074592,15.78,United States
2812,Black Rifle Coffee Company (BRCC),BRCC,202732832,0.81,United States
2813,AirSculpt Technologies,AIRS,202587536,2.81,United States
2814,Smart Sand,SND,202243520,4.77,United States
2815,Unisys,UIS,201248032,2.76,United States
2816,eGain,EGAN,200934592,7.32,United States
2817,Amplify Energy,AMPY,198576384,4.79,United States
2818,Rhinebeck Bancorp,RBKB,197794960,12.65,United States
2819,NeoVolta,NEOV,196603248,3.34,United States
2820,Landmark Bancorp,LARK,196498192,32.21,United States
2821,FinWise Bancorp,FINW,196301104,14.14,United States
2822,Oramed Pharmaceuticals,ORMP,196035920,4.79,United States
2823,Citizens Inc,CIA,195988816,3.87,United States
2824,"Belpointe PREP, LLC",OZ,194657040,48.02,United States
2825,"QumulusAI, Inc.",QMLS,194249472,5.91,United States
2826,Angi Inc.,ANGI,194150480,4.8,United States
2827,Corbus Pharmaceuticals,CRBP,193219504,9.99,United States
2828,OneWater Marine,ONEW,193154528,11.59,United States
2829,Lucid Diagnostics,LUCD,192858224,1.01,United States
2830,SWK Holdings,SWKH,192326064,15.9,United States
2831,Journey Medical,DERM,192208128,6.81,United States
2832,Hanover Bancorp,HNVR,190778672,27.04,United States
2833,Armata Pharmaceuticals,ARMP,188512640,5.07,United States
2834,flyExclusive,FLYX,188494560,1.24,United States
2835,Tharimmune,THAR,187371472,4.74,United States
2836,Westwood Holdings Group,WHG,186282336,19.52,United States
2837,Taylor Devices,TAYD,186083360,57.7,United States
2838,Wheels Up,UP,185732304,5.12,United States
2839,United Security Bancshares,UBFO,185027760,10.51,United States
2840,Atomera,ATOM,184583712,4.73,United States
2841,DHI Group,DHX,183250080,4.22,United States
2842,BV Financial,BVFL,183049760,21.61,United States
2843,GrafTech,EAF,182856144,7.02,United States
2844,Lee Enterprises,LEE,182348928,8.18,United States
2845,GCT Semiconductor,GCTS,182100064,1.98,United States
2846,Nkarta,NKTX,181926976,2.54,United States
2847,ECB Bancorp,ECBK,180695680,20.68,United States
2848,Red Robin,RRGB,179774688,9.51,United States
2849,Commerce.com,CMRC,178146848,2.15,United States
2850,Douglas Elliman,DOUG,178145328,1.96,United States
2851,MainStreet Bancshares,MNSB,177670848,24.95,United States
2852,"Domo, Inc.",DOMO,175915232,3.74,United States
2853,Streamex Corp.,STEX,175850000,0.7797,United States
2854,PEDEVCO,PED,175838624,13.23,United States
2855,"Suja Life, Inc.",SUJA,175798496,7.39,United States
2856,Jeld-Wen,JELD,175748688,2.04,United States
2857,Codexis,CDXS,175209232,1.6,United States
2858,Seven Hills Realty Trust,SEVN,174002736,7.68,United States
2859,CuriosityStream,CURI,173267040,2.92,United States
2860,Waldencast,WALD,170585632,1.33,United States
2861,"Owlet, Inc.",OWLT,169193504,5.79,United States
2862,Lifecore Biomedical,LFCR,168824656,4.46,United States
2863,Epsilon Energy,EPSN,168787280,5.58,United States
2864,Quantum-Si,QSI,168562496,0.7701,United States
2865,Outlook Therapeutics,OTLK,167468336,0.6901,United States
2866,Tingo Group,TIO,166947568,0.69,United States
2867,SB Financial Group,SBFG,166142000,26.57,United States
2868,Ellington Credit Company,EARN,165678400,4.41,United States
2869,Orion Properties,ONL,164859216,2.89,United States
2870,OnKure Therapeutics,OKUR,164813552,4.08,United States
2871,LifeMD,LFMD,163882848,3.4,United States
2872,inTEST Corporation,INTT,163657040,12.76,United States
2873,Bassett Furniture,BSET,163294960,18.86,United States
2874,KORE Group,KORE,163005168,9.25,United States
2875,Quipt Home Medical,QIPT,162297152,3.65,United States
2876,1stdibs.com,DIBS,160681104,4.78,United States
2877,Tenaya Therapeutics,TNYA,159853568,0.7129,United States
2878,Inspired Entertainment,INSE,159204560,6.04,United States
2879,SITE Centers,SITC,159000272,3.03,United States
2880,Digimarc,DMRC,158675808,7.06,United States
2881,BCB Bancorp,BCBP,156942800,8.67,United States
2882,Stratus Properties,STRS,156860496,19.65,United States
2883,SKYX Platforms,SKYX,156422784,1.155,United States
2884,WhiteHorse Finance,WHF,155919184,7.26,United States
2885,Hooker Furnishings,HOFT,154840880,14.415,United States
2886,LENZ Therapeutics,LENZ,154588096,4.92,United States
2887,Shimmick,SHIM,153769264,3.72,United States
2888,KORU Medical Systems,KRMD,153290720,3.32,United States
2889,TON Strategy Co.,TONX,153100128,2.78,United States
2890,Oxford Square Capital,OXSQ,152945040,1.42,United States
2891,RGP (Resources Connection),RGP,152240816,4.42,United States
2892,Spruce Biosciences,SPRB,152207728,52.96,United States
2893,Assertio Holdings,ASRT,151861232,23.5,United States
2894,Proficient Auto Logistics,PAL,151766320,5.41,United States
2895,First Guaranty Bancshares,FGBI,151001936,9.13,United States
2896,OptimizeRx,OPRX,150875984,8.01,United States
2897,Inogen,INGN,150737744,5.68,United States
2898,Braemar Hotels &amp; Resorts,BHR,150521904,2.05,United States
2899,Smith-Midland Corporation,SMID,148582016,28.01,United States
2900,DMC Global,BOOM,148305648,7.22,United States
2901,The Eastern Company,EML,148212448,24.63,United States
2902,ReposiTrak,TRAK,147932816,8.14,United States
2903,NET Power,NPWR,147762736,1.67,United States
2904,Equillium,EQ,147740816,2.33,United States
2905,Aardvark Therapeutics,AARD,147722704,6.75,United States
2906,Hurco Companies,HURC,147368704,22.755,United States
2907,Mammoth Energy Services,TUSK,147270400,3.06,United States
2908,Cable One,CABO,147124880,25.93,United States
2909,PLBY Group (Playboy),PLBY,146165376,1.22,United States
2910,Unifi,UFI,145538192,7.83,United States
2911,Duluth Holdings,DLTH,144787888,3.81,United States
2912,NRx Pharmaceuticals,NRXP,144174912,3.33,United States
2913,KVH Industries,KVHI,144039232,7.94,United States
2914,Elme Communities,ELME,143949760,1.62,United States
2915,MaxCyte,MXCT,143456624,1.39,United States
2916,Insight Molecular Diagnostics,IMDX,143332368,4.38,United States
2917,Clarus,CLAR,142814816,3.73,United States
2918,ChargePoint,CHPT,142590816,5.84,United States
2919,Affinity Bancshares,AFBI,140182352,23.0,United States
2920,Quanterix,QTRX,139987472,2.96,United States
2921,Stereotaxis,STXS,138279008,1.38,United States
2922,Skillz,SKLZ,137970800,8.84,United States
2923,SelectQuote,SLQT,137004592,0.7769,United States
2924,Lake Shore Bancorp,LSBK,135399296,17.24,United States
2925,Inovio Pharmaceuticals,INO,134416768,1.3,United States
2926,Aemetis,AMTX,134235440,1.86,United States
2927,Clipper Realty,CLPR,134220880,3.16,United States
2928,Legacy Education,LGCY,133605528,10.56,United States
2929,NCS Multistage,NCSM,132800856,50.6,United States
2930,Apyx Medical,APYX,132690680,3.15,United States
2931,vTv Therapeutics,VTVT,130064464,32.895,United States
2932,Fluent,FLNT,129905128,4.11,United States
2933,Medifast,MED,129472536,11.58,United States
2934,U.S. GoldMining,USGO,129128768,9.2,United States
2935,Rani Therapeutics,RANI,128800192,0.9166,United States
2936,Health Catalyst,HCAT,127183296,1.69,United States
2937,Commercial Vehicle Group (CVG),CVGI,126773960,3.12,United States
2938,Anixa Biosciences,ANIX,126225568,3.71,United States
2939,Rent the Runway,RENT,125613240,3.74,United States
2940,Vivani Medical,VANI,125382672,1.39,United States
2941,Magyar Bancorp,MGYR,125363536,19.42,United States
2942,Oconee Federal Financial,OFED,125132624,21.5,United States
2943,KULR Technology Group,KULR,122642856,2.65,United States
2944,Sound Financial Bancorp,SFBC,122444288,47.68,United States
2945,Genelux,GNLX,121257504,2.68,United States
2946,Lakeland Industries,LAKE,120206424,12.18,United States
2947,Fonar Corporation,FONR,120195888,19.09,United States
2948,Union Bankshares,UNB,120135136,24.29,United States
2949,ALT5 Sigma,ALTS,119560224,0.855,United States
2950,Tillys,TLYS,119514608,3.92,United States
2951,Vaxart,VXRT,119013608,0.4901,United States
2952,GoPro,GPRO,117141848,0.6349,United States
2953,a.k.a. Brands,AKA,117054776,10.65,United States
2954,Ultralife Corporation,ULBI,116642880,7.0,United States
2955,Seritage Growth Properties,SRG,116591936,2.07,United States
2956,Coya Therapeutics,COYA,116585496,4.97,United States
2957,The Joint Corp.,JYNT,116398152,8.23,United States
2958,AMC Robotics Corporation,AMCI,115487864,5.11,United States
2959,Nautilus Biotechnology,NAUT,114561584,0.9015,United States
2960,Seer Inc,SEER,113512632,2.05,United States
2961,Solana Company,HSDT,112453192,1.86,United States
2962,Smith Douglas Homes,SDHC,111955736,13.34,United States
2963,Getty Images,GETY,111780408,0.2655,United States
2964,Provident Financial Holdings,PROV,111753464,17.87,United States
2965,Broadwind,BWEN,110243352,4.66,United States
2966,Cherry Hill Mortgage Investment,CHMI,109438984,2.92,United States
2967,Fractyl Health,GUTS,109197368,0.686,United States
2968,GrowGeneration,GRWG,108163624,1.8,United States
2969,LENSAR,LNSR,107132744,8.72,United States
2970,Tile Shop Holdings,TTSH,106722264,2.68,United States
2971,First Northwest Bancorp,FNWB,106720320,11.22,United States
2972,INNOVATE Corp.,VATE,106542976,7.81,United States
2973,DeFi Development,DFDV,106012448,3.42,United States
2974,ACRES Commercial Realty,ACR,105397672,14.78,United States
2975,Townsquare Media,TSQ,105196560,5.77,United States
2976,Stabilis Solutions,SLNG,105069096,5.65,United States
2977,HilleVax,HLVX,104762376,2.09,United States
2978,Venu Holding Corporation,VENU,104551624,1.86,United States
2979,Microbot Medical,MBOT,104105440,1.55,United States
2980,Logistic Properties of the Americas,LPA,103654536,3.27,United States
2981,Synchronoss Technologies,SNCR,103560608,9.0,United States
2982,Kewaunee Scientific Corporation,KEQU,103295080,36.01,United States
2983,Team Inc,TISI,102938872,22.46,United States
2984,Zevia,ZVIA,102869384,1.33,United States
2985,Pathfinder Bancorp,PBHC,102530240,16.33,United States
2986,Acrivon Therapeutics,ACRV,102419536,2.39,United States
2987,Polaryx Therapeutics,PLYX,102261520,2.16,United States
2988,HF Foods Group,HFFG,101603280,1.885,United States
2989,Riverview Bancorp,RVSB,101561720,5.09,United States
2990,Accendra Health,ACH,101514216,1.32,United States
2991,Park Dental Partners,PARK,100811984,21.2,United States
2992,ReneSola,SOL,99563952,1.94,United States
2993,Wrap Technologies,WRAP,99460136,1.61,United States
2994,Pulmonx,LUNG,97567936,2.31,United States
2995,electroCore,ECOR,97461720,10.81,United States
2996,Veritone,VERI,97041536,0.966,United States
2997,PhenixFIN,PFX,96563648,50.0,United States
2998,Atara Biotherapeutics,ATRA,96362016,9.6,United States
2999,Atlas Lithium,ATLX,96018376,3.19,United States
3000,Hyperfine,HYPR,95634688,0.9018,United States
3001,Cullman Bancorp,CULL,95402008,16.6,United States
3002,Zomedica Pharmaceuticals,ZOM,95349136,0.0973,United States
3003,Aldeyra Therapeutics,ALDX,95315744,1.58,United States
3004,Fortress Biotech,FBIO,95050328,2.85,United States
3005,Arq Inc.,ARQ,94760616,2.17,United States
3006,BCP Investment Corporation,BCIC,94734936,7.65,United States
3007,Rafael Holdings,RFL,94119992,1.81,United States
3008,Noodles &amp; Company,NDLS,93139560,15.61,United States
3009,Momentus Inc.,MNTS,93124808,4.24,United States
3010,Thryv,THRY,92877744,2.09,United States
3011,Virco Manufacturing,VIRC,92804304,5.9,United States
3012,Buzzfeed,BZFD,92501560,1.11,United States
3013,Sotherly Hotels,SOHO,91583664,2.25,United States
3014,Martin Midstream Partners,MMLP,91160520,2.33,United States
3015,Rallybio,RLYB,90278480,17.0,United States
3016,Golden Matrix Group,GMGI,89996768,0.6372,United States
3017,Drilling Tools International,DTI,89969672,2.55,United States
3018,Vera Bradley,VRA,89011736,3.13,United States
3019,AudioEye,AEYE,88867600,7.07,United States
3020,Adicet Bio,ACET,88840536,9.49,United States
3021,Summit State Bank,SSBI,86545016,12.79,United States
3022,Tigo Energy,TYGO,86538304,1.14,United States
3023,Velo3D,VLDX,86513896,6.15,United States
3024,Ascend Wellness (AWH),AAWH,86365432,0.425,United States
3025,Ispire Technology,ISPR,86099096,1.5,United States
3026,Ideal Power,IPWR,85953248,5.23,United States
3027,Verrica Pharmaceuticals,VRCA,85722152,4.99,United States
3028,Surf Air Mobility,SRFM,85611272,0.6924,United States
3029,Rapid Micro Biosystems,RPID,85271248,1.7,United States
3030,New Fortress Energy,NFE,84890616,0.2972,United States
3031,MAIA Biotechnology,MAIA,84547920,1.39,United States
3032,Chegg,CHGG,84358680,0.7598,United States
3033,Genasys,GNSS,83797296,1.84,United States
3034,Charlotte's Web,CWEB.TO,83446520,0.30759,United States
3035,Aptera Motors,SEV,83220256,2.105,United States
3036,Blink Charging,BLNK,83180328,0.5739,United States
3037,Siebert Financial,SIEB,83110096,2.03,United States
3038,Comscore,SCOR,83058264,5.47,United States
3039,Sono-Tek Corporation,SOTK,82827128,5.27,United States
3040,Jushi Holdings,JUSHF,82261016,0.41193,United States
3041,Rekor Systems,REKR,82141464,0.5968,United States
3042,Lifevantage,LFVN,82002840,6.5,United States
3043,LanzaTech Global,LNZA,81545488,6.23,United States
3044,Great Elm Capital,GECC,81532832,5.87,United States
3045,Interlink Electronics,LINK,81427536,5.17,United States
3046,PodcastOne,PODC,81379752,2.69,United States
3047,Advanced Flower Capital,AFCG,81165472,3.58,United States
3048,"FreeCast, Inc.",CAST,80887808,1.7,United States
3049,Outset Medical,OM,80827808,4.3,United States
3050,"SoundThinking 
 (ShotSpotter)",SSTI,80825672,6.14,United States
3051,Telomir Pharmaceuticals,TELO,80466704,1.17,United States
3052,Hennessy Advisors,HNNA,79202192,10.02,United States
3053,Annovis Bio,ANVS,78821384,1.85,United States
3054,Vivid Seats,SEAT,78688368,7.0,United States
3055,Sera Prognostics,SERA,78504432,1.99,United States
3056,Marchex,MCHX,78478064,1.77,United States
3057,Silvercrest Asset Management Group,SAMG,78354576,10.2,United States
3058,Vince Holding,VNCE,78240024,6.09,United States
3059,Blackboxstocks,BLBX,78138184,18.15,United States
3060,Battalion Oil,BATL,77903736,1.36,United States
3061,SkinHealth Systems,SKIN,77407720,0.5948,United States
3062,MediaCo Holding,MDIA,77228368,0.9381,United States
3063,Steel Connect,STCN,77168096,12.18,United States
3064,Definitive Healthcare,DH,76642704,0.718,United States
3065,Cingulate,CING,76635424,5.27,United States
3066,Gossamer Bio,GOSS,76553392,0.1566,United States
3067,Northern Technologies International,NTIC,76410608,8.05,United States
3068,Orion Energy Systems,OESX,76142512,18.62,United States
3069,Full House Resorts,FLL,75854072,2.07,United States
3070,Solitario Resources,XPL,75738104,0.7999,United States
3071,CVRx,CVRX,75129296,2.82,United States
3072,"Air T, Inc.",AIRT,75088944,28.0,United States
3073,iBio,IBIO,74021056,1.49,United States
3074,TTEC,TTEC,73943912,1.5,United States
3075,Research Solutions,RSSS,73919048,2.21,United States
3076,Cato Fashion,CATO,73777816,3.75,United States
3077,LeonaBio,LONA,73771624,7.83,United States
3078,Myomo,MYO,73670616,1.86,United States
3079,Westwater Resources,WWR,73281952,0.57,United States
3080,Home Federal Bancorp (HFB Bank),HFBL,73262216,24.08,United States
3081,Usio,USIO,72948256,2.56,United States
3082,Pliant Therapeutics,PLRX,72448616,1.17,United States
3083,WM Technology,MAPS,72256984,0.4149,United States
3084,The InterGroup Corporation,INTG,71770328,33.4,United States
3085,United Homes Group,UHG,71769208,1.22,United States
3086,Spero Therapeutics,SPRO,71628840,1.23,United States
3087,Geospace Technologies,GEOS,71533888,5.53,United States
3088,Airgain,AIRG,71265272,5.44,United States
3089,Inseego,INSG,71101160,4.33,United States
3090,Airship AI,AISP,70945488,2.06,United States
3091,Skillsoft,SKIL,70664128,7.88,United States
3092,Energous,WATT,70525424,12.76,United States
3093,XBiotech,XBIT,70426656,2.31,United States
3094,Travelzoo,TZOO,70192080,6.88,United States
3095,American Vanguard,AVD,69326480,2.35,United States
3096,Serina Therapeutics,SER,69089288,2.72,United States
3097,Identiv,INVE,69071888,2.85,United States
3098,Prairie Operating,PROP,68829344,0.6102,United States
3099,PMV Pharmaceuticals,PMVP,68426312,1.28,United States
3100,NSTS Bancorp,NSTS,68357000,13.9,United States
3101,Rein Therapeutics,RNTX,68323488,0.792,United States
3102,MindWalk Holdings,HYFT,68131584,1.45,United States
3103,MediciNova,MNOV,67925320,1.38,United States
3104,Forian,FORA,67792720,2.17,United States
3105,Regis Corporation,RGS,67467008,27.0,United States
3106,Great Elm Group,GEG,67417568,2.15,United States
3107,OS Therapies,OSTX,67343704,1.46,United States
3108,Laser Photonics,LASE,66736364,1.33,United States
3109,5E Advanced Materials,FEAM,66424360,1.6,United States
3110,Hour Loop,HOUR,65471664,1.86,United States
3111,AMCON Distributing Company,DIT,65396220,67.0,United States
3112,Boundless Bio,BOLD,65059232,2.86,United States
3113,Upexi,UPXI,64652768,0.8802,United States
3114,ImageneBio,IMA,64589784,5.69,United States
3115,BBX Capital Corporation,BBXIA,64436228,3.832,United States
3116,Off the Hook YS Inc,OTH,64247460,2.57,United States
3117,Solidion Technology,STI,63335016,7.44,United States
3118,Playstudios,MYPS,62559216,0.5208,United States
3119,Teads,TEAD,62281184,0.6351,United States
3120,Where Food Comes From,WFCF,62245788,12.5,United States
3121,Intellicheck,IDN,62016236,3.06,United States
3122,Universal Electronics,UEIC,61977148,4.81,United States
3123,INmune Bio,INMB,61890948,2.23,United States
3124,Global Self Storage,SELF,61789880,5.41,United States
3125,Talphera,TLPH,61767900,1.19,United States
3126,Greenland Energy Company,GLND,61659568,1.41,United States
3127,Saga Communications,SGA,59892248,9.42,United States
3128,Heron Therapeutics,HRTX,59784492,0.3149,United States
3129,BranchOut Food,BOF,59579360,3.89,United States
3130,eXoZymes,EXOZ,59400700,6.4,United States
3131,iLearningEngines,AILE,59292656,0.42,United States
3132,BG Staffing,BGSF,59027116,5.53,United States
3133,TechPrecision,TPCS,58783812,5.82,United States
3134,GEN Restaurant Group,GENK,58677020,1.78,United States
3135,Mesa Air,MESA,58631804,1.4,United States
3136,AEye,LIDR,58575272,1.26,United States
3137,Castellum,CTM,58394752,0.6161,United States
3138,Verde Clean Fuels,VGAS,57914508,1.3,United States
3139,AgEagle Aerial Systems,UAVS,57080636,0.9074,United States
3140,MiNK Therapeutics,INKT,56796412,11.13,United States
3141,Hain Celestial,HAIN,56606984,0.6272,United States
3142,"Stem, Inc",STEM,55450048,5.76,United States
3143,The Children's Place,PLCE,55147928,2.48,United States
3144,Devolver Digital,DEVO.L,55029018,0.10879,United States
3145,Marpai,MRAI,54379240,2.15,United States
3146,Allied Esports,AESE,54324936,1.3899,United States
3147,Kezar Life Sciences,KZR,53856340,7.29,United States
3148,Granite Point Mortgage Trust,GPMT,53499968,1.11,United States
3149,IZEA Worldwide,IZEA,53293836,3.06,United States
3150,Ocean Power Technologies,OPTT,53217344,0.197,United States
3151,Zeo Energy,ZEO,53174144,0.494,United States
3152,The ONE Group Hospitality,STKS,52712380,1.67,United States
3153,MarketWise,MKTW,52530892,18.81,United States
3154,aTyr Pharma,ATYR,52260980,0.5328,United States
3155,LiveOne,LVO,52104796,3.8,United States
3156,Luna Innovations,LUNA,52045528,1.5,United States
3157,Vroom,VRM,51972116,9.98,United States
3158,tinyBuild,8Z3.F,51862338,0.131871,United States
3159,Comtech Telecommunications,CMTL,51833276,1.73,United States
3160,Greenidge Generation Holdings,GREE,51500392,2.84,United States
3161,SCYNEXIS,SCYX,51240488,5.15,United States
3162,Franklin Street Properties,FSP,50955336,0.4899,United States
3163,Odyssey Marine Exploration,OMEX,50848188,0.8681,United States
3164,The Arena Group,AREN,50467288,1.06,United States
3165,CarParts.com,PRTS,50455220,6.23,United States
3166,SunPower,SPWR,50323480,0.2502,United States
3167,Instil Bio,TIL,50118808,7.39,United States
3168,Precipio,PRPO,49856736,27.85,United States
3169,Elauwit Connection,ELWT,49780864,7.52,United States
3170,Planet13,PLTH.CN,49750299,0.148367,United States
3171,TransAct Technologies,TACT,49557464,4.8,United States
3172,Sensus Healthcare,SRTS,49550796,3.01,United States
3173,TScan Therapeutics,TCRX,49013112,0.75,United States
3174,Laird Superfood,LSF,47681688,4.26,United States
3175,"Nerdy, Inc,",NRDY,47248012,0.6539,United States
3176,Hyperion DeFi,HYPD,47239880,3.04,United States
3177,Seres Therapeutics,MCRB,47009572,4.68,United States
3178,Metagenomi,MGX,46843608,1.24,United States
3179,The Beachbody Company,BODI,46695156,6.41,United States
3180,Filana Therapeutics,FLNA,46675088,0.9662,United States
3181,Manhattan Bridge Capital,LOAN,46517460,4.07,United States
3182,Sportsman's Warehouse,SPWH,46433560,1.19,United States
3183,Xtant Medical,XTNT,46309060,0.3301,United States
3184,Grace Therapeutics,GRCE,46279048,2.2,United States
3185,Karyopharm Therapeutics,KPTI,45362920,2.0,United States
3186,VIDA Global Inc.,VIDA,45221096,2.26,United States
3187,Veru,VERU,45012848,2.64,United States
3188,Context Therapeutics,CNTX,44791100,0.4875,United States
3189,Lulu's Fashion Lounge,LVLU,44710436,15.57,United States
3190,374Water,SCWO,44118220,2.49,United States
3191,"RYTHM, Inc.",RYM,44057124,20.5,United States
3192,Grove Collaborative,GROV,43982080,1.03,United States
3193,the Marygold Companies,MGLD,43776724,1.01,United States
3194,Rave Restaurant Group,RAVE,43345280,3.05,United States
3195,Massimo Motor,MAMO,43306588,1.04,United States
3196,Phunware,PHUN,42357736,2.07,United States
3197,MicroVision,MVIS,42106268,1.77,United States
3198,Ekso Bionics,EKSO,42047896,11.8,United States
3199,Plutus Financial Group,PLUT,41828748,2.725,United States
3200,Milestone Scientific,MLSS,41716288,0.4701,United States
3201,DocGo,DCGO,41599380,0.4205,United States
3202,"Culp, Inc.",CULP,41594144,3.27,United States
3203,"Xos, Inc.",XOS,41231772,2.9,United States
3204,CervoMed,CRVO,40972752,2.71,United States
3205,Elutia,ELUT,40887820,0.9232,United States
3206,PAVmed,PAVM,40779180,5.1,United States
3207,U.S. Global Investors,GROW,40437680,3.26,United States
3208,Abundia Global Impact Group,AGIG,40267672,0.9147,United States
3209,AXIL Brands,AXIL,40224532,5.9,United States
3210,Reading International,RDI,40057724,1.75,United States
3211,Pixelworks,PXLW,39925992,6.6,United States
3212,Kartoon Studios,TOON,39810624,0.64,United States
3213,Scilex Holding,SCLX,39746264,5.65,United States
3214,eHealth,EHTH,39720492,1.24,United States
3215,NOMADAR,NOMA,38412964,2.21,United States
3216,Gaia,GAIA,38392944,1.51,United States
3217,PetMed Express,PETS,38371676,1.77,United States
3218,Idaho Copper Corporation,COPR,38212556,2.73,United States
3219,Heritage Global,HGBL,38103388,1.1,United States
3220,Sachem Capital,SACH,37596432,0.784,United States
3221,NextNRG,NXXT,37345228,0.222,United States
3222,Enzo Biochem,ENZB,36587800,0.69887,United States
3223,Beasley Broadcast Group,BBGI,36523580,20.18,United States
3224,Workhorse Group,WKHS,36501472,3.34,United States
3225,GenFlat Holdings,GFLT,35685552,2.723,United States
3226,LivePerson,LPSN,35531416,2.88,United States
3227,Actinium Pharmaceuticals,ATNM,35453744,1.13,United States
3228,Spruce Power,SPRU,35424024,1.84,United States
3229,Accuray,ARAY,35208980,0.2948,United States
3230,VirTra,VTSI,35090832,3.1,United States
3231,Southland Holdings,SLND,34947436,0.642,United States
3232,KLX Energy Services,KLXE,34675088,1.63,United States
3233,Knightscope,KSCP,34482800,1.46,United States
3234,LianBio,LIAN,34472096,0.319,United States
3235,Century Casinos,CNTY,34327984,1.22,United States
3236,Destination XL,DXLG,34252736,0.6197,United States
3237,NanoViricides,NNVC,34168868,1.34,United States
3238,CleanCore Solutions,ZONE,33890064,0.1527,United States
3239,Koss,KOSS,33700520,3.56,United States
3240,Cryo-Cell International,CCEL,32814986,4.07,United States
3241,Harvard Bioscience,HBIO,32230320,7.08,United States
3242,Pioneer Power Solutions,PPSI,32187872,2.9,United States
3243,Lument Finance Trust,LFT,31911564,0.608,United States
3244,Lantern Pharma,LTRN,31832524,2.49,United States
3245,Crown Crafts,CRWS,31742848,2.95,United States
3246,Salem Media Group,SALM,31670764,1.0,United States
3247,Latch,LTCH,31342154,0.1892,United States
3248,Enviva,EVA,31273630,0.4198,United States
3249,Ascent Solar Technologies,ASTI,30823594,3.14,United States
3250,Live Ventures,LIVE,30747278,10.01,United States
3251,Old Market Capital Corporation,OMCC,30678916,4.5,United States
3252,Sangamo Therapeutics,SGMO,30657374,0.074,United States
3253,BioLargo,BLGO,30580174,0.0953,United States
3254,Rockwell Medical,RMTI,30228488,7.5,United States
3255,IGC Pharma,IGC,29775666,0.2853,United States
3256,BeyondSpring,BYSI,29688510,0.722,United States
3257,Katapult Holdings,KPLT,29486360,5.93,United States
3258,Quest Resource Holding,QRHC,29108142,1.38,United States
3259,TELA Bio,TELA,29046908,0.647,United States
3260,Kyntra Bio,KYNB,28951236,7.15,United States
3261,Cel-Sci,CVM,28845940,1.64,United States
3262,Game Your Game,GYGY,28448732,1.77,United States
3263,Harte Hanks,HHS,28177026,3.78,United States
3264,Farmer Brothers,FARM,28089448,1.28,United States
3265,MariMed,MRMD,27608284,0.0685,United States
3266,PermRock Royalty Trust,PRT,27494554,2.26,United States
3267,GEE Group,JOB,27357802,0.249,United States
3268,HeartBeam,BEAT,27205380,0.4828,United States
3269,Beam Global,BEEM,26863920,1.21,United States
3270,America's Car-Mart,CRMT,26683558,3.08,United States
3271,Zoom Telephonics,MINM,26534076,3.61,United States
3272,Atossa Therapeutics,ATOS,26345348,2.64,United States
3273,Longeveron,LGVN,26216552,0.8223,United States
3274,Hoth Therapeutics,HOTH,26013596,1.36,United States
3275,BioXcel Therapeutics,BTAI,25902172,0.8274,United States
3276,Aytu BioScience,AYTU,25330370,2.36,United States
3277,Cardlytics,CDLX,25085932,4.26,United States
3278,Local Bounti,LOCL,25016730,1.07,United States
3279,Jasper Therapeutics,JSPR,24842786,0.7466,United States
3280,SPI Energy,SPI,24207974,0.766,United States
3281,TherapeuticsMD,TXMD,23495954,2.03,United States
3282,ESS Tech,GWH,22600952,0.6855,United States
3283,Celularity,CELU,22519956,0.778,United States
3284,Cytosorbents,CTSO,22372018,0.356,United States
3285,Ashford Hospitality Trust,AHT,22363124,3.34,United States
3286,Urban One,UONE,22225830,4.92,United States
3287,Cocrystal Pharma,COCP,22056364,1.145,United States
3288,Femasys,FEMY,21769682,2.71,United States
3289,180 Life Sciences,ATNF,21620372,3.58,United States
3290,System1,SST,21606616,2.06,United States
3291,Retractable Technologies,RVP,21554756,0.72,United States
3292,Neuphoria Therapeutics,NEUP,21239886,3.93,United States
3293,Allbirds,BIRD,21134524,2.4,United States
3294,Biofrontera,BFRI,21090350,1.42,United States
3295,Barfresh Food Group,BRFH,21037542,1.29,United States
3296,Mobix Labs,MOBX,20115230,1.185,United States
3297,Werewolf Therapeutics,HOWL,19891596,0.4093,United States
3298,Offerpad,OPAD,19814270,4.1,United States
3299,Scienture Holdings,SCNX,19468510,0.4741,United States
3300,SPAR Group,SGRP,18743050,0.66,United States
3301,Avant Technologies Inc.,AVAI,18469986,0.12,United States
3302,Elite Express,ETS,18388340,1.1,United States
3303,Motorsport Gaming,MSGM,18125768,3.95,United States
3304,Palatin Technologies,PTN,18113020,10.18,United States
3305,Cyclerion Therapeutics,CYCN,17884198,4.13,United States
3306,Citius Pharmaceuticals,CTXR,17501014,0.6375,United States
3307,KALA BIO,KALA,17405806,0.9,United States
3308,Energy Focus,EFOI,17324284,2.72,United States
3309,Dragonfly Energy,DFLI,17225624,1.15,United States
3310,Austin Gold,AUST,17116252,1.25,United States
3311,Tempest Therapeutics,TPST,17097970,1.07,United States
3312,FGI Industries,FGI,17033810,8.82,United States
3313,Lipocine,LPCN,16900718,2.05,United States
3314,Know Labs,KNW,16795408,2.24,United States
3315,Camber Energy,CEI,16771320,0.0954,United States
3316,Smith Micro Software,SMSI,16210653,2.9,United States
3317,Exyn Technologies,EXYN,16066993,2.02,United States
3318,Dare Bioscience,DARE,15972905,0.8244,United States
3319,Astrotech,ASTC,15951857,7.94,United States
3320,Psychemedics,PMD,15738209,2.67,United States
3321,AppTech Payments,APCX,15537255,0.3699,United States
3322,Cyngn,CYN,15288677,1.06,United States
3323,Flux Power,FLUX,15162310,0.7098,United States
3324,Adial Pharmaceuticals,ADIL,15111997,5.755,United States
3325,Synlogic,SYBX,15066209,1.23,United States
3326,T Stamp Inc. (TrustStamp),IDAI,15056907,2.67,United States
3327,Dolphin Entertainment,DLPN,14979383,1.15,United States
3328,Natural Health Trends,NHTC,14925457,1.74,United States
3329,iRobot,IRBT,14843741,0.4664,United States
3330,Office Properties Income Trust,OPI,14795239,0.2,United States
3331,Passage Bio,PASG,14512324,4.51,United States
3332,Bionano Genomics,BNGO,14485710,1.23,United States
3333,The Cannabist Company,CBSTF,14475953,0.0291,United States
3334,Senti Biosciences,SNTI,14420021,0.463,United States
3335,SeaStar Medical,ICU,14410370,3.27,United States
3336,The Glimpse Group,VRAR,14332026,0.68,United States
3337,HOOKIPA Pharma,HOOK,14232977,1.15,United States
3338,FingerMotion,FNGR,13905189,0.2268,United States
3339,Intensity Therapeutics,INTS,13712491,4.2,United States
3340,BrainStorm Cell Therapeutics,BCLI,13462426,1.22,United States
3341,Phio Pharmaceuticals,PHIO,13359838,1.15,United States
3342,"Reed's, Inc.",REED,13161366,1.11,United States
3343,Arrive AI,ARAI,12828986,0.2473,United States
3344,Upland Software,UPLD,12775066,4.32,United States
3345,Rocky Mountain Chocolate Factory,RMCF,12271463,1.3,United States
3346,Inuvo,INUV,12148029,0.737,United States
3347,Reborn Coffee,REBN,11827376,1.44,United States
3348,Urgent.ly Inc.,ULY,11787284,5.38,United States
3349,Air Industries Group,AIRI,11690086,2.41,United States
3350,Clean Energy Technologies,CETY,11680678,0.9601,United States
3351,Cambium Networks,CMBM,11325767,0.401,United States
3352,PDS Biotechnology,PDSB,11233447,0.2007,United States
3353,CISO Global,CISO,11149233,0.2449,United States
3354,Skye Bioscience,SKYE,10835410,0.3059,United States
3355,VistaGen Therapeutics,VTGN,10832404,0.2441,United States
3356,SINTX Technologies,SINT,10596609,1.59,United States
3357,Phoenix Motor,PEV,10575262,0.23,United States
3358,Bullfrog AI,BFRG,10568742,0.57,United States
3359,AMASS Brands Inc.,AMSS,10510370,0.92,United States
3360,Lunai Bioworks,LNAI,10065236,2.22,United States
3361,Ryvyl Inc.,RVYL,9994965,7.81,United States
3362,HeartSciences Inc.,HSCS,9924205,2.545,United States
3363,AEON Biopharma,AEON,9896746,0.1984,United States
3364,Superior Industries International,SUP,9576233,0.3249,United States
3365,Quoin Pharmaceuticals,QNRX,9479733,4.72,United States
3366,Carver Bancorp,CARV,9445493,1.62,United States
3367,Solo Brands,SBDS,9244836,3.6,United States
3368,Gaxos.ai,GXAI,9173768,0.8538,United States
3369,SUNation Energy Inc.,SUNE,9153440,2.22,United States
3370,Trio Petroleum,TPET,9057166,0.2046,United States
3371,GoHealth,GOCO,8937260,0.305,United States
3372,Imunon,IMNN,8866017,1.58,United States
3373,Wellgistics Health,WGRX,8847256,3.52,United States
3374,Northann Corp,NCL,8543560,0.159,United States
3375,reAlpha Tech,AIRE,8473356,1.44,United States
3376,Aprea Therapeutics,APRE,8448652,0.671,United States
3377,SeaChange International,SEAC,8398952,3.25,United States
3378,Soligenix,SNGX,8294824,0.3811,United States
3379,Trinseo,TSE,8278525,0.23,United States
3380,Vislink Technologies,VISL,8231893,3.32,United States
3381,FibroBiologics,FBLG,7923250,1.19,United States
3382,Xenetic Biosciences,XBIO,7873088,3.36,United States
3383,Ensysce Biosciences,ENSC,7549236,0.388,United States
3384,Signing Day Sports,SGN,7408163,0.5401,United States
3385,AIM ImmunoTech,AIM,7251317,0.2382,United States
3386,enVVeno Medical Corporation,NVNO,7154926,10.48,United States
3387,authID,AUID,7022542,0.42,United States
3388,Co-Diagnostics,CODX,6877551,1.1,United States
3389,Gauzy,GAUZ,6869359,0.3665,United States
3390,AquaBounty Technologies,AQB,6845781,1.33,United States
3391,OLB Group,OLB,6749445,0.2809,United States
3392,VolitionRx,VNRX,6662264,0.4881,United States
3393,Super League Enterprise,SLE,6628869,4.12,United States
3394,Sonoma Pharmaceuticals,SNOA,6512258,1.36,United States
3395,Nauticus Robotics,KITT,6431116,0.8607,United States
3396,Mangoceuticals,MGRX,6403202,0.4181,United States
3397,TPI Composites,TPIC,6193621,0.1271,United States
3398,SurgePays,SURG,6157377,0.2451,United States
3399,Polar Power,POLA,6124177,1.59,United States
3400,Leslie's,LESL,6112845,0.6527,United States
3401,Bakhu Holdings,BKUH,6026059,0.02,United States
3402,iSpecimen,ISPC,5994244,2.38,United States
3403,Innovative Eyewear,LUCY,5860871,0.681,United States
3404,Focus Universal,FCUV,5734937,8.16,United States
3405,Socket Mobile,SCKT,5598543,0.6752,United States
3406,Pulmatrix,PULM,5551473,1.52,United States
3407,Hepion Pharmaceuticals,HEPA,5503378,0.061,United States
3408,cbdMD,YCBD,5490472,0.49,United States
3409,BioAtla,BCAB,5448147,3.27,United States
3410,"DSS, Inc. (Document Security Systems)",DSS,5382790,0.536,United States
3411,Lakewood-Amedex Biotherapeutics,LABT,5308101,2.24,United States
3412,Hydrofarm,HYFM,5241073,1.1,United States
3413,Origin Materials,ORGN,5228483,0.9501,United States
3414,Talis Biomedical,TLIS,5176808,2.84,United States
3415,Eterna Therapeutics,ERNA,5166855,4.43,United States
3416,Cadrenal Therapeutics,CVKD,5081691,1.64,United States
3417,Sonim Technologies,SONM,5031012,3.38,United States
3418,Aterian,ATER,5011342,0.4619,United States
3419,Beyond Air,XAIR,4989257,5.21,United States
3420,Cheetah Net Supply Chain Service,CTNT,4960244,1.57,United States
3421,Urban-gro,UGRO,4942725,3.15,United States
3422,"Cyabra, Inc.",CYAB,4927180,0.28,United States
3423,Vertex Energy,VTNR,4872095,0.0521,United States
3424,Cemtrex,CETX,4819194,2.8,United States
3425,Biomerica,BMRA,4697209,1.52,United States
3426,Kidpik,PIK,4644903,2.38,United States
3427,CaliberCos,CWD,4624321,0.5231,United States
3428,Alaunos Therapeutics,TCRT,4591234,1.88,United States
3429,Jaguar Health,JAGX,4538684,0.9243,United States
3430,Cloudastructure,CSAI,4500240,5.26,United States
3431,DataMEDS AI,MEDS,4378544,1.43,United States
3432,"Bark, Inc.",BARK,4377870,0.5066,United States
3433,BIO-key International,BKYI,4337759,3.02,United States
3434,CASI Pharmaceuticals,CASI,4263766,0.2075,United States
3435,QVC Group,QVCGA,4255453,0.34,United States
3436,Curis,CRIS,4171134,1.72,United States
3437,Tivic Health Systems,TIVC,4029097,1.4,United States
3438,Allurion Technologies,ALUR,4001668,4.0,United States
3439,Nuwellis,NUWE,3714906,1.17,United States
3440,VivoSim Labs,VIVS,3713265,0.2773,United States
3441,Avalon GloboCare,ALBT,3707637,0.282,United States
3442,Expion360,XPON,3574466,3.75,United States
3443,Matinas BioPharma,MTNB,3540963,0.241,United States
3444,Boxlight,BOXL,3476883,5.21,United States
3445,Unity Biotechnology,UBX,3444161,0.2001,United States
3446,bioAffinity Technologies,BIAF,3313605,0.409,United States
3447,Eagle Pharmaceuticals,EGRX,3289388,0.25,United States
3448,ShiftPixy,PIXY,3265294,6.53,United States
3449,Golden Minerals,AUMN,3171533,0.2093,United States
3450,Forza X1,FRZA,3150960,0.2,United States
3451,Advent Technologies,ADN,3023365,0.9185,United States
3452,Edible Garden,EDBL,2985808,1.53,United States
3453,ATI Physical Therapy,ATIP,2977762,0.675,United States
3454,Fly-E Group,FLYE,2889323,1.77,United States
3455,Sleep Number,SNBR,2881125,0.125,United States
3456,Marin Software,MRIN,2863609,0.8981,United States
3457,Inotiv,NOTV,2787563,0.0799,United States
3458,PREIT (Pennsylvania Real Estate Investment Trust),PRET,2690436,0.4974,United States
3459,Vaccinex,VCNX,2676637,1.0,United States
3460,Xilio Therapeutics,XLO,2676465,0.5101,United States
3461,Staffing 360 Solutions,STAF,2654640,1.615,United States
3462,Sonendo,SONX,2620738,0.55,United States
3463,PMGC Holdings,ELAB,2545863,0.5603,United States
3464,LM Funding America,LMFA,2430118,2.6,United States
3465,Oragenics,OGEN,2392239,0.5302,United States
3466,Jet.AI,JTAI,2388491,1.68,United States
3467,Sow Good,SOWG,2203871,0.1099,United States
3468,Clearside Biomedical,CLSD,2145948,0.41,United States
3469,Azitra,AZTR,2027293,0.1252,United States
3470,Genprex,GNPX,2014694,3.99,United States
3471,22nd Century Group,XXII,2001299,3.98,United States
3472,Cutera,CUTR,1956013,0.0969,United States
3473,Direct Digital Holdings,DRCT,1939111,2.62,United States
3474,"Greenlane Holdings, Inc.",GNLN,1888062,2.99,United States
3475,Cue Biopharma,CUE,1804119,0.5542,United States
3476,Netcapital,NCPL,1799523,0.2293,United States
3477,Alkaline Water Company,WTER,1780505,0.05,United States
3478,SolarMax Technology,SMXT,1766948,0.3726,United States
3479,Sonder Holdings,SOND,1680861,0.1263,United States
3480,Traeger,COOK,1642351,0.5983,United States
3481,CorEnergy Infrastructure Trust,CORR,1627350,0.0198,United States
3482,Maison Solutions,MSS,1619202,1.86,United States
3483,Synergy CHC,SNYR,1594287,0.107,United States
3484,Lazydays Holdings,GORV,1573084,0.4211,United States
3485,SOBR Safe,SOBR,1551330,0.5393,United States
3486,Benson Hill,BHIL,1522391,0.249,United States
3487,Aethlon Medical,AEMD,1464259,2.78,United States
3488,Trinity Place Holdings,TPHS,1420016,0.0215,United States
3489,Purple Innovation,PRPL,1261071,0.2897,United States
3490,La Rosa Holdings,LRHC,1212305,0.5826,United States
3491,Actelis Networks,ASNS,1153503,0.04,United States
3492,Solar Integrated Roofing,SIRC,1097545,0.0001,United States
3493,Arcadia Biosciences,RKDA,1064871,0.442,United States
3494,Danimer Scientific,DNMR,1056961,0.35,United States
3495,Evofem Biosciences,EVFM,1007228,0.0076,United States
3496,"Freight Technologies, Inc.",FRGT,1006940,1.76,United States
3497,LMP Automotive Holdings,LMPX,981789,0.09,United States
3498,zSpace,ZSPC,959686,0.2,United States
3499,Wheeler Real Estate Investment Trust,WHLR,935116,0.3722,United States
3500,Quince Therapeutics,QNCX,900311,0.9206,United States
3501,iEntertainment Network,IENT,876829,0.0067,United States
3502,Vivakor,VIVK,856673,1.17,United States
3503,BNB Plus Corp.,BNBX,837244,0.1351,United States
3504,Yellow Corporation,YELLQ,693890,0.0102,United States
3505,Tapinator,TAPM,673183,0.247,United States
3506,iPower,IPW,655596,3.12,United States
3507,Tevogen Bio,TVGN,627896,0.1551,United States
3508,Kaival Brands Innovations,KAVL,481547,0.02465,United States
3509,Ayr Wellness,AYRWF,432062,0.0037,United States
3510,Ontrak,OTRK,425780,0.0601,United States
3511,ProPhase Labs,PRPH,407871,0.0291,United States
3512,Viracta Therapeutics,VIRX,388698,0.00978,United States
3513,Greene Concepts,INKW,376258,0.0059,United States
3514,Impac Mortgage Holdings,IMPM,365688,0.01,United States
3515,VYNE Therapeutics,VYNE,339859,0.509,United States
3516,Onfolio Holdings,ONFO,333712,2.37,United States
3517,NantHealth,NHIQ,329655,0.012,United States
3518,Vicarious Surgical,RBOT,256728,0.036,United States
3519,Leafly Holdings,LFLY,232138,37.0,United States
3520,Trulite,TRUL,212013,0.0001,United States
3521,Ampio Pharmaceuticals,AMPE,207884,0.1831,United States
3522,CXApp,CXAI,194174,0.089,United States
3523,BloomZ,BLMZ,187531,0.128,United States
3524,Ocean Biomedical,OCEA,185892,0.0008,United States
3525,Wearable Health Solutions,WHSI,182670,0.0001,United States
3526,Faraday Future,FFAI,174605,0.0717,United States
3527,Petros Pharmaceuticals,PTPI,165251,0.0039,United States
3528,Hallmark Financial Services,HALL,145478,0.08,United States
3529,Cenntro Inc.,CENN,113554,0.0775,United States
3530,Loop Media,LPTV,103383,0.0007,United States
3531,Carisma Therapeutics,CARM,96243,0.0023,United States
3532,PaxMedica,PXMD,88385,0.0007,United States
3533,Remark Holdings,MARK,74282,0.0012,United States
3534,Vincerx Pharma,VINC,68045,0.013,United States
3535,Vinco Ventures,BBIG,66300,0.0051,United States
3536,Lyra Therapeutics,LYRA,63008,0.0355,United States
3537,AiRWA Inc.,YYAI,62160,1.18,United States
3538,ToughBuilt Industries,TBLT,47699,0.011,United States
3539,Presto Automation,PRST,41851,0.0001,United States
3540,Mobile Global Esports (Mogo),MGAM,37728,0.0005,United States
3541,Exela Technologies,XELA,30526,0.0011,United States
3542,Gaming Technologies (Gametech),GMGT,27420,0.0006,United States
3543,Gamer Pakistan,GPAK,15347,0.0006,United States
3544,Movella,MVLA,15272,0.0003,United States
3545,T2 Biosystems,TTOO,14022,0.0005,United States
3546,Vaxxinity,VAXX,12678,0.0001,United States
3547,Novo Integrated Sciences,NVOS,11838,0.0006,United States
3548,Trevena,TRVN,9501,0.011,United States
3549,4Front Ventures,FFNTF,9152,1e-05,United States
3550,Freeze Tag,FRZT,7505,0.0001,United States
3551,USD Partners,USDP,6754,0.0002,United States
3552,Stryve Foods,SNAX,4792,0.0011,United States
3553,Adamas One,JEWL,3804,0.0001,United States
3554,eFFECTOR Therapeutics,EFTR,3763,0.0008,United States
3555,Syros Pharmaceuticals,SYRS,2683,0.0001,United States
3556,Viveve Medical,VIVE,2144,0.0002,United States
3557,Lipella Pharmaceuticals,LIPO,1848,0.0004,United States
3558,Grom Social Enterprises,GROM,1804,0.0002,United States
3559,Telesis Bio,TBIO,1775,0.001,United States
3560,Hempacco,HPCO,1184,0.0002,United States
3561,Minerva Surgical,UTRS,887,0.0001,United States
3562,Lightning eMotors,ZEVY,659,0.0001,United States
3563,Calithera Biosciences,CALA,487,0.0001,United States
3564,GigCapital9,GIXXU,0,0.0,United States
3565,Saluda Medical,SLD.AX,0,0.0,United States
3566,Pershing Square USA,PSUS,0,0.0,United States
3567,Attovia Therapeutics,ATTO,0,0.0,United States
