Rank,Name,Symbol,marketcap,price (USD),country
1,NVIDIA,NVDA,5331174293504,220.78,United States
2,Apple,AAPL,4624166158336,316.85,United States
3,Alphabet (Google),GOOG,4102042681344,335.41,United States
4,Microsoft,MSFT,3766905208832,507.29,United States
5,Amazon,AMZN,2801960484864,259.77,United States
6,SpaceX,SPCX,1894090014720,143.69,United States
7,Broadcom,AVGO,1761922252800,370.34,United States
8,Meta Platforms (Facebook),META,1458039816192,572.34,United States
9,Tesla,TSLA,1453236027392,367.95,United States
10,Micron Technology,MU,1082783105024,958.73,United States
11,Berkshire Hathaway,BRK-B,1078981951488,504.03,United States
12,Eli Lilly,LLY,1031504003072,1156.73,United States
13,JPMorgan Chase,JPM,946367430656,356.02,United States
14,Walmart,WMT,834563735552,104.87,United States
15,AMD,AMD,768438632448,470.72,United States
16,Visa,V,708301750272,379.37,United States
17,Exxon Mobil,XOM,661812215808,160.95,United States
18,Johnson & Johnson,JNJ,640671547392,265.85,United States
19,Mastercard,MA,516241391616,589.31,United States
20,Intel,INTC,473159270400,89.51,United States
21,AbbVie,ABBV,453124259840,256.42,United States
22,Palantir,PLTR,447882035200,186.38,United States
23,Cisco,CSCO,435489112064,110.49,United States
24,Bank of America,BAC,433130831872,61.94,United States
25,Oracle,ORCL,429535821824,149.12,United States
26,Costco,COST,418595241984,943.89,United States
27,Chevron,CVX,404364918784,206.14,United States
28,Coca-Cola,KO,381507010560,88.67,United States
29,Lam Research,LRCX,377260736512,301.49,United States
30,Caterpillar,CAT,366576926720,797.47,United States
31,Merck,MRK,364549275648,147.76,United States
32,Applied Materials,AMAT,363777130496,458.39,United States
33,UnitedHealth,UNH,349532389376,389.41,United States
34,General Electric,GE,348320104448,335.71,United States
35,Netflix,NFLX,337487331328,81.05,United States
36,Procter & Gamble,PG,337321721856,145.12,United States
37,Morgan Stanley,MS,335033204736,213.32,United States
38,Home Depot,HD,327072579584,327.83,United States
39,Palo Alto Networks,PANW,311435952128,382.13,United States
40,Goldman Sachs,GS,298712727552,1025.9,United States
41,Dell,DELL,294647398400,456.01,United States
42,Philip Morris International,PM,291928276992,187.3,United States
43,RTX,RTX,279969792000,207.73,United States
44,Wells Fargo,WFC,261243289600,86.39,United States
45,Arista Networks,ANET,246809067520,195.69,United States
46,GE Vernova,GEV,239308718080,898.53,United States
47,Texas Instruments,TXN,238275461120,260.91,United States
48,CrowdStrike,CRWD,236528943104,231.0,United States
49,Amgen,AMGN,232406892544,429.88,United States
50,Sandisk,SNDK,229394644992,1566.7,United States
51,KLA,KLAC,229233639424,175.45,United States
52,Thermo Fisher Scientific,TMO,228171055104,617.1,United States
53,American Express,AXP,222967054336,330.17,United States
54,Citigroup,C,220784230400,131.62,United States
55,IBM,IBM,220336963584,233.87,United States
56,Salesforce,CRM,211955433472,257.54,United States
57,Verizon,VZ,207821864960,50.02,United States
58,Amphenol,APH,195489529856,158.55,United States
59,T-Mobile US,TMUS,193552875520,180.44,United States
60,Pepsico,PEP,191704432640,140.34,United States
61,Abbott Laboratories,ABT,190965104640,110.36,United States
62,Marvell Technology,MRVL,190219829248,211.66,United States
63,Charles Schwab,SCHW,189915643904,109.82,United States
64,BlackRock,BLK,187759116288,1155.61,United States
65,McDonald,MCD,186491863040,263.54,United States
66,Walt Disney,DIS,185705168896,107.55,United States
67,QUALCOMM,QCOM,182082945024,170.48,United States
68,Gilead Sciences,GILD,181455044608,146.34,United States
69,Union Pacific Corporation,UNP,178620694528,300.67,United States
70,AT&T,T,177408262144,25.89,United States
71,Deere &amp; Company (John Deere),DE,176580362240,654.91,United States
72,Southern Copper,SCCO,176358064128,208.87,United States
73,Analog Devices,ADI,175480553472,362.14,United States
74,Nextera Energy,NEE,171759435776,82.34,United States
75,Blackstone Group,BX,171214454784,143.24,United States
76,Welltower,WELL,170227941376,236.24,United States
77,Interactive Brokers,IBKR,165764218880,97.29,United States
78,Boeing,BA,164223090688,207.78,United States
79,Western Digital,WDC,162441707520,450.55,United States
80,Pfizer,PFE,162212708352,28.46,United States
81,ConocoPhillips,COP,159165202432,132.49,United States
82,Uber,UBER,154519683072,75.65,United States
83,ServiceNow,NOW,153001246720,147.99,United States
84,Danaher,DHR,150129704960,213.56,United States
85,Booking Holdings (Booking.com),BKNG,149592342528,199.09,United States
86,TJX Companies,TJX,147930972160,133.91,United States
87,Vertex Pharmaceuticals,VRTX,138014556160,544.52,United States
88,Bristol-Myers Squibb,BMY,136473755648,66.81,United States
89,Prologis,PLD,136015028224,139.92,United States
90,Intuitive Surgical,ISRG,135020658688,376.86,United States
91,Newmont,NEM,132828446720,126.06,United States
92,Capital One,COF,131598630912,214.51,United States
93,Lockheed Martin,LMT,129526685696,561.23,United States
94,S&P Global,SPGI,128485629952,435.84,United States
95,Corning,GLW,128114286592,148.73,United States
96,Progressive,PGR,126726299648,218.08,United States
97,Fortinet,FTNT,125413670912,170.93,United States
98,Stryker Corporation,SYK,124200951808,323.8,United States
99,Parker-Hannifin,PH,123455938560,979.44,United States
100,Starbucks,SBUX,121125003264,106.25,United States
101,CVS Health,CVS,120108113920,93.91,United States
102,Adobe,ADBE,116384030720,292.79,United States
103,Snowflake,SNOW,114873638912,331.43,United States
104,Lowe's Companies,LOW,114847752192,204.7,United States
105,Altria Group,MO,114344067072,68.48,United States
106,Automatic Data Processing,ADP,113680711680,286.16,United States
107,Airbnb,ABNB,109709508608,183.22,United States
108,BNY Mellon (Bank of New York Mellon),BNY,109429145600,161.28,United States
109,Freeport-McMoRan,FCX,108763963392,75.74,United States
110,Cloudflare,NET,108643475456,305.11,United States
111,Marathon Petroleum,MPC,104837505024,373.32,United States
112,AppLovin,APP,104833286144,312.06,United States
113,Valero Energy,VLO,103342923776,358.92,United States
114,Equinix,EQIX,103281623040,1046.72,United States
115,McKesson,MCK,103219781632,885.32,United States
116,CME Group,CME,102659883008,285.5,United States
117,KKR & Co.,KKR,101336350720,109.72,United States
118,Southern Company,SO,101231943680,88.0,United States
119,General Dynamics,GD,100471414784,371.35,United States
120,DoorDash,DASH,100412473344,231.74,United States
121,Vertiv Holdings,VRT,99604135936,258.72,United States
122,Phillips 66,PSX,98862555136,246.58,United States
123,Intuit,INTU,98281840640,359.3,United States
124,Howmet Aerospace,HWM,97686405120,244.95,United States
125,Constellation Energy,CEG,97353039872,274.77,United States
126,U.S. Bancorp,USB,95944810496,61.58,United States
127,PNC Financial Services,PNC,95598878720,239.63,United States
128,Comcast,CMCSA,94464712704,26.62,United States
129,Robinhood,HOOD,94232813568,104.81,United States
130,CSX Corporation,CSX,93568499712,50.51,United States
131,Duke Energy,DUK,93494091776,119.91,United States
132,Cadence Design Systems,CDNS,93297639424,338.78,United States
133,Williams Companies,WMB,91798724608,75.05,United States
134,Quanta Services,PWR,91271970816,607.09,United States
135,Marsh & McLennan Companies,MRSH,90574700544,189.8,United States
136,Intercontinental Exchange,ICE,90216095744,160.7,United States
137,Monster Beverage,MNST,89959653376,45.92,United States
138,HCA Healthcare,HCA,89729048576,414.45,United States
139,SLB (Schlumberger),SLB,89197002752,60.1,United States
140,Marriott International,MAR,89119490048,341.76,United States
141,United Parcel Service,UPS,88676966400,104.23,United States
142,3M,MMM,88616583168,171.83,United States
143,Waste Management,WM,87505649664,218.92,United States
144,Moody's,MCO,87394058240,504.64,United States
145,Elevance Health,ELV,85129871360,392.54,United States
146,Datadog,DDOG,85115133952,237.04,United States
147,Emerson,EMR,85031034880,152.44,United States
148,Synopsys,SNPS,84241547264,439.59,United States
149,Enterprise Products,EPD,83830906880,38.82,United States
150,Regeneron Pharmaceuticals,REGN,82269274112,799.08,United States
151,Sherwin-Williams,SHW,82248884224,338.81,United States
152,Lumentum,LITE,82053971968,914.76,United States
153,American Tower,AMT,81869185024,175.7,United States
154,Carvana,CVNA,81427742720,73.46,United States
155,Cintas,CTAS,80750215168,201.79,United States
156,Apollo Global Management,APO,80656384000,136.58,United States
157,Simon Property Group,SPG,80601661440,212.32,United States
158,Motorola Solutions,MSI,80314138624,485.3,United States
159,Ecolab,ECL,79389065216,283.2,United States
160,Mondelez International,MDLZ,79220441088,62.07,United States
161,Illinois Tool Works,ITW,78425374720,275.37,United States
162,General Motors,GM,78072258560,86.32,United States
163,Cummins,CMI,77697835008,564.4,United States
164,FedEx,FDX,77485899776,327.4,United States
165,Norfolk Southern,NSC,76993503232,342.79,United States
166,Northrop Grumman,NOC,76671418368,539.7,United States
167,The Travelers Companies,TRV,76323856384,365.93,United States
168,EOG Resources,EOG,76035751936,144.96,United States
169,Energy Transfer LP,ET,74065371136,21.51,United States
170,Ross Stores,ROST,73311305728,228.54,United States
171,Target,TGT,73086410752,160.88,United States
172,The Cigna Group,CI,72951504896,276.08,United States
173,Royal Caribbean Group,RCL,71875067904,268.74,United States
174,O'Reilly Automotive,ORLY,71835721728,88.8,United States
175,Kinder Morgan,KMI,71792107520,32.24,United States
176,Colgate-Palmolive,CL,71602061312,89.82,United States
177,Warner Bros. Discovery,WBD,71528611840,28.53,United States
178,Hilton Worldwide,HLT,71183532032,316.28,United States
179,Digital Realty,DLR,70090604544,185.59,United States
180,Boston Scientific,BSX,69997789184,48.3,United States
181,Hewlett Packard Enterprise,HPE,69176393728,52.24,United States
182,Air Products and Chemicals,APD,68912267264,309.46,United States
183,Honeywell,HON,67676196864,213.53,United States
184,Republic Services,RSG,67648573440,220.92,United States
185,Arthur J. Gallagher & Co.,AJG,67199791104,262.15,United States
186,American Electric Power,AEP,66650570752,122.43,United States
187,Paccar,PCAR,65337679872,124.13,United States
188,Allstate,ALL,65186775040,257.8,United States
189,TransDigm Group,TDG,64769712128,1171.74,United States
190,United Rentals,URI,64607703040,1038.0,United States
191,Baker Hughes,BKR,63084433408,63.55,United States
192,Targa Resources,TRGP,62967668736,293.65,United States
193,Monolithic Power Systems,MPWR,62302023680,1267.77,United States
194,Cencora,COR,61751672832,323.6,United States
195,W. W. Grainger,GWW,61678215168,1309.49,United States
196,Bloom Energy,BE,60760993792,206.3,United States
197,Truist Financial Corporation,TFC,60568231936,49.58,United States
198,Oneok,OKE,60521791488,96.01,United States
199,MetLife,MET,60478337024,95.17,United States
200,Cheniere Energy,LNG,60243951616,291.69,United States
201,Occidental Petroleum,OXY,60158177280,60.18,United States
202,MPLX,MPLX,59989991424,59.17,United States
203,Aflac,AFL,58080620544,115.85,United States
204,Dominion Energy,D,58057510912,66.01,United States
205,Realty Income,O,57984241664,61.28,United States
206,Nike,NKE,57945464832,39.06,United States
207,Public Storage,PSA,57329074176,306.99,United States
208,Nucor,NUE,56637243392,249.64,United States
209,Fastenal,FAST,56583106560,49.31,United States
210,Corteva,CTVA,56464797696,84.63,United States
211,Diamondback Energy,FANG,56138362880,200.48,United States
212,Moderna,MRNA,56028766208,140.34,United States
213,Ford,F,55587082240,13.94,United States
214,Nasdaq,NDAQ,55120756736,98.61,United States
215,Keysight,KEYS,54955810816,322.7,United States
216,Teradyne,TER,54692683776,349.83,United States
217,Autodesk,ADSK,54587379712,258.53,United States
218,Cardinal Health,CAH,54566916096,234.62,United States
219,Coherent Corp.,COHR,54408069120,277.83,United States
220,Comfort Systems USA,FIX,54397059072,1545.62,United States
221,Ciena,CIEN,54186459136,382.8,United States
222,Ametek,AME,53915365376,235.17,United States
223,Sempra,SRE,53423656960,81.7,United States
224,Devon Energy,DVN,53360996352,48.51,United States
225,"Strategy 
 (MicroStrategy)",MSTR,52814626816,132.94,United States
226,State Street Corporation,STT,52572422144,191.38,United States
227,Edwards Lifesciences,EW,52308299776,90.75,United States
228,Astera Labs,ALAB,51521609728,296.98,United States
229,Delta Air Lines,DAL,51294597120,78.0,United States
230,Becton Dickinson,BDX,51238682624,188.11,United States
231,Honeywell Aerospace,HONA,50113396736,158.11,United States
232,Coinbase,COIN,49633001472,188.12,United States
233,Entergy,ETR,49607593984,106.31,United States
234,L3Harris Technologies,LHX,49579642880,266.25,United States
235,Block,XYZ,49277206528,82.02,United States
236,Ameriprise Financial,AMP,48857985024,553.11,United States
237,Fifth Third Bank,FITB,48763613184,53.77,United States
238,Wabtec,WAB,48296677376,285.93,United States
239,Chipotle Mexican Grill,CMG,48123842560,38.03,United States
240,Carrier Global,CARR,47992205312,58.22,United States
241,AutoZone,AZO,47896223744,2933.86,United States
242,Workday,WDAY,47585447936,197.45,United States
243,Xcel Energy,XEL,47278571520,75.69,United States
244,Rockwell Automation,ROK,47228002304,424.43,United States
245,Ares Management,ARES,47224139776,143.17,United States
246,Medline,MDLN,47130525696,35.03,United States
247,CoreWeave,CRWV,46819938304,84.89,United States
248,Ventas,VTR,46765318144,91.17,United States
249,Natera,NTRA,46408658944,321.96,United States
250,HEICO,HEI,46280663040,331.15,United States
251,Veeva Systems,VEEV,46255738880,285.69,United States
252,Vistra,VST,46106206208,137.37,United States
253,eBay,EBAY,46084198400,103.56,United States
254,Axon Enterprise,AXON,46025871360,566.56,United States
255,Humana,HUM,46018375680,383.23,United States
256,Paychex,PAYX,45292654592,127.34,United States
257,PayPal,PYPL,45052846080,52.665,United States
258,Exelon Corporation,EXC,45042704384,43.72,United States
259,Revolution Medicines,RVMD,44061138944,205.57,United States
260,IDEXX Laboratories,IDXX,43856662528,556.69,United States
261,Cerebras Systems,CBRS,43768803328,184.24,United States
262,Keurig Dr Pepper,KDP,43355918336,31.86,United States
263,Agilent Technologies,A,43298672640,153.56,United States
264,IQVIA,IQV,42991874048,261.19,United States
265,Credo Technology,CRDO,42508943360,226.19,United States
266,CBRE Group,CBRE,42222972928,145.81,United States
267,Roper Technologies,ROP,41997266944,424.64,United States
268,Live Nation,LYV,41907085312,179.89,United States
269,Yum! Brands,YUM,41838465024,153.31,United States
270,Waste Connections,WCN,41589428224,165.32,United States
271,Old Dominion Freight Line,ODFL,41585340416,199.96,United States
272,MSCI,MSCI,41485529088,570.64,United States
273,Grayscale Bitcoin Trust,GBTC,41085235200,59.34,United States
274,Take-Two Interactive,TTWO,41079603200,219.7,United States
275,Rocket Lab,RKLB,40871149568,63.92,United States
276,Waters Corporation,WAT,40710803456,414.63,United States
277,BeOne Medicines,ONC,40676466688,359.58,United States
278,Prudential Financial,PRU,40571998208,117.6,United States
279,D. R. Horton,DHI,40433614848,144.56,United States
280,American International Group,AIG,39928123392,76.36,United States
281,Microchip Technology,MCHP,39883988992,73.45,United States
282,Consolidated Edison,ED,39579058176,107.02,United States
283,Archer Daniels Midland (ADM),ADM,39178493952,81.29,United States
284,Sysco,SYY,38845104128,81.08,United States
285,Expedia Group,EXPE,38061400064,317.12,United States
286,Rocket Companies,RKT,37972324352,13.41,United States
287,The Hartford,HIG,37212397568,137.38,United States
288,Estee Lauder,EL,37011992576,102.3,United States
289,Martin Marietta Materials,MLM,36837756928,518.7,United States
290,Venture Global,VG,36601360384,14.64,United States
291,PSEG,PEG,36549140480,73.33,United States
292,MongoDB,MDB,36465422336,453.37,United States
293,NetApp,NTAP,36360245248,185.29,United States
294,Kenvue,KVUE,36264202240,18.88,United States
295,Twilio,TWLO,36186927104,235.63,United States
296,Kimberly-Clark,KMB,35901906944,107.95,United States
297,Ubiquiti,UI,35712954368,590.02,United States
298,The Hershey Company,HSY,35405111296,176.21,United States
299,Kroger,KR,35251724288,57.54,United States
300,United Airlines Holdings,UAL,35050283008,107.99,United States
301,Vulcan Materials,VMC,34931834880,269.58,United States
302,ResMed,RMD,34634977280,240.1,United States
303,WEC Energy Group,WEC,34595426304,106.17,United States
304,TKO Group Holdings,TKO,34562543616,182.61,United States
305,DexCom,DXCM,34362470400,91.06,United States
306,Iron Mountain,IRM,34340020224,115.35,United States
307,Raymond James Financial,RJF,34226456576,178.17,United States
308,"Cheniere Energy
Partners",CQP,34024415232,70.29,United States
309,Northern Trust,NTRS,33949249536,185.56,United States
310,EQT Corporation,EQT,33890459648,54.18,United States
311,M&T Bank,MTB,33784739840,233.94,United States
312,Huntington Bancshares,HBAN,33710620672,16.685,United States
313,Steel Dynamics,STLD,33340981248,232.62,United States
314,Crown Castle,CCI,33273180160,76.14,United States
315,Carnival Corporation,CCL,32720916480,23.89,United States
316,Emcor,EME,32400484352,734.54,United States
317,Illumina,ILMN,32258129920,213.63,United States
318,Alnylam Pharmaceuticals,ALNY,32206518272,240.69,United States
319,GE HealthCare Technologies,GEHC,32173613056,71.23,United States
320,Biogen,BIIB,32010903552,216.65,United States
321,Jabil,JBL,31987306496,305.26,United States
322,Zoetis,ZTS,31859539968,77.1,United States
323,Centene,CNC,31783636992,64.34,United States
324,Cboe Global Markets,CBOE,31350192128,300.2,United States
325,Extra Space Storage,EXR,31141130240,141.1,United States
326,Everpure,P,30897037312,92.95,United States
327,Halliburton,HAL,30700853248,36.85,United States
328,Copart,CPRT,30542522368,32.99,United States
329,Zscaler,ZS,30463647744,188.385,United States
330,Kraft Heinz,KHC,30440095744,25.67,United States
331,Okta,OKTA,30251012096,173.04,United States
332,Roblox,RBLX,29496582144,41.29,United States
333,Ameren,AEE,29348155392,106.01,United States
334,PG&amp;E Corporation,PCG,29225410560,13.27,United States
335,LPL Financial,LPLA,29145278464,370.135,United States
336,Cognizant Technology Solutions,CTSH,29089689600,64.58,United States
337,Citizens Financial Group,CFG,29006446592,68.87,United States
338,Coupang,CPNG,28868036608,16.06,United States
339,ON Semiconductor,ON,28844615680,74.09,United States
340,Reddit,RDDT,28438128640,147.81,United States
341,Teledyne Technologies,TDY,28413710336,612.95,United States
342,Las Vegas Sands,LVS,28375789568,43.81,United States
343,Fiserv,FISV,28348483584,53.31,United States
344,VICI Properties,VICI,28242636800,25.65,United States
345,DTE Energy,DTE,28222984192,135.63,United States
346,Zoom,ZM,28209649664,96.68,United States
347,Mettler Toledo,MTD,28154171392,1405.14,United States
348,Atmos Energy,ATO,28074070016,166.13,United States
349,Dollar General,DG,27963176960,126.75,United States
350,Casey's General Stores,CASY,27835465728,752.21,United States
351,ATI Inc.,ATI,27805992960,204.2,United States
352,American Water,AWK,27470307328,138.23,United States
353,SharkNinja,SN,27241259008,192.49,United States
354,Otis Worldwide,OTIS,27077009408,71.13,United States
355,HP,HPQ,27071766528,30.02,United States
356,LabCorp,LH,26978725888,332.66,United States
357,Williams-Sonoma,WSM,26880546816,228.25,United States
358,Insmed,INSM,26603235328,121.82,United States
359,Corpay,CPAY,26546176000,404.3,United States
360,FirstEnergy,FE,26536427520,45.86,United States
361,Quest Diagnostics,DGX,26522718208,240.3,United States
362,Eversource Energy,ES,26419965952,70.14,United States
363,Dover Corporation,DOV,26158940160,194.23,United States
364,CenterPoint Energy,CNP,26085320704,39.6,United States
365,Cincinnati Financial,CINF,26075920384,169.9,United States
366,VeriSign,VRSN,26060511232,288.28,United States
367,Circle Internet Group,CRCL,26046367744,95.55,United States
368,Texas Pacific Land Corporation,TPL,25819981824,374.34,United States
369,Xylem,XYL,25709234176,110.11,United States
370,PPL,PPL,25684355072,34.13,United States
371,Regions Financial,RF,25455652864,29.88,United States
372,Fox Corporation,FOX,25318744064,60.22,United States
373,Verisk Analytics,VRSK,25221632000,193.78,United States
374,Affirm,AFRM,25121011712,74.45,United States
375,EchoStar,ECHO,25110018048,86.44,United States
376,W. R. Berkley,WRB,25080129536,67.56,United States
377,Synchrony Financial,SYF,25079584768,77.08,United States
378,Formula One Group,FWONK,25058312192,99.95,United States
379,Qnity Electronics,Q,24985776128,119.43,United States
380,Incyte,INCY,24976416768,123.22,United States
381,PPG Industries,PPG,24935391232,112.17,United States
382,J. B. Hunt,JBHT,24931598336,265.47,United States
383,Fair Isaac (FICO),FICO,24777023488,1147.21,United States
384,Coterra Energy,CTRA,24724652032,32.56,United States
385,Expeditors International,EXPD,24652720128,189.65,United States
386,Tapestry,TPR,24602939392,123.39,United States
387,GlobalFoundries,GFS,24521441280,44.69,United States
388,First Citizens BancShares,FCNCA,24442828800,2164.4,United States
389,Darden Restaurants,DRI,24327456768,214.26,United States
390,Brown &amp; Brown,BRO,24148830208,72.17,United States
391,Supermicro,SMCI,24115425280,37.28,United States
392,Global Payments,GPN,24093505536,91.05,United States
393,PulteGroup,PHM,24062236672,126.32,United States
394,Veralto,VLTO,24030709760,98.57,United States
395,Symbotic,SYM,24014821376,39.67,United States
396,Omnicom Group,OMC,24013500416,87.53,United States
397,West Pharmaceutical Services,WST,24005873664,341.11,United States
398,Hubbell,HUBB,23933155328,453.0,United States
399,Samsara,IOT,23803705344,40.85,United States
400,Dollar Tree,DLTR,23752120320,126.59,United States
401,T. Rowe Price,TROW,23737788416,111.28,United States
402,Church & Dwight,CHD,23668205568,99.78,United States
403,Carpenter Technology,CRS,23610693632,476.42,United States
404,Principal Financial Group,PFG,23585767424,110.16,United States
405,Viper Energy,VNOM,23469277184,44.79,United States
406,Roku,ROKU,23291387904,156.93,United States
407,Tradeweb,TW,23266242560,107.7,United States
408,Rivian,RIVN,23252639744,16.06,United States
409,NRG Energy,NRG,23148378112,110.12,United States
410,SoFi,SOFI,23093276672,17.88,United States
411,KeyCorp (KeyBank),KEY,23060649984,21.61,United States
412,F5,FFIV,23054624768,407.13,United States
413,AST SpaceMobile,ASTS,22999797760,59.1,United States
414,ULTA Beauty,ULTA,22965037056,537.1,United States
415,Expand Energy,EXE,22724413440,98.16,United States
416,XPO Logistics,XPO,22713604096,193.99,United States
417,US Foods,USFD,22680111104,104.84,United States
418,Markel Group,MKL,22337980416,1802.91,United States
419,Bunge Global SA,BG,22326163456,116.21,United States
420,Constellation Brands,STZ,22310463488,130.62,United States
421,"Arxis, Inc.",ARXS,22303879168,51.77,United States
422,Equifax,EFX,22223443968,189.16,United States
423,Royal Gold,RGLD,22153793536,261.47,United States
424,Loews Corporation,L,22137477120,108.29,United States
425,Dow,DOW,22045839360,30.52,United States
426,International Flavors & Fragrances,IFF,22027098112,86.33,United States
427,General Mills,GIS,22026735616,41.2,United States
428,United Therapeutics,UTHR,21890551808,510.38,United States
429,First Solar,FSLR,21698150400,201.9,United States
430,Curtiss-Wright,CW,21515423744,582.53,United States
431,Tenet Healthcare,THC,21410807808,265.91,United States
432,Coeur Mining,CDE,21360490496,20.78,United States
433,CMS Energy,CMS,21342060544,68.06,United States
434,Guardant Health,GH,21339875328,159.02,United States
435,TPG Inc.,TPG,21137504256,54.12,United States
436,Fidelity National Information Services,FIS,21025331200,40.77,United States
437,LyondellBasell,LYB,21023309824,65.08,United States
438,Packaging Corporation of America,PKG,20843655168,233.94,United States
439,Broadridge Financial Solutions,BR,20795295744,182.38,United States
440,Edison International,EIX,20772257792,53.98,United States
441,Entegris,ENTG,20672311296,135.29,United States
442,Ralph Lauren,RL,20669079552,346.9,United States
443,Charter Communications,CHTR,20545480704,152.44,United States
444,TD Synnex,SNX,20391081984,255.02,United States
445,Lennar,LEN,20261689344,84.11,United States
446,MACOM Technology Solutions,MTSI,20148940800,263.83,United States
447,SBA Communications,SBAC,20120672256,189.66,United States
448,International Paper,IP,20086585344,37.93,United States
449,Woodward,WWD,20064950272,339.82,United States
450,Exact Sciences,EXAS,20026083328,104.91,United States
451,FedEx Freight,FDXF,19996555264,133.74,United States
452,Snap-on,SNA,19982704640,386.31,United States
453,Western Midstream,WES,19873697792,48.1,United States
454,Toast,TOST,19704020992,34.09,United States
455,CF Industries,CF,19678496768,130.03,United States
456,NiSource,NI,19623598080,40.92,United States
457,Reliance,RS,19607500800,384.05,United States
458,FTAI Aviation,FTAI,19524618240,190.1,United States
459,Permian Resources,PR,19506704384,23.29,United States
460,Essex Property Trust,ESS,19505250304,282.96,United States
461,SS&C Technologies,SSNC,19469324288,82.97,United States
462,Tyson Foods,TSN,19398334464,55.14,United States
463,MasTec,MTZ,19255519232,239.78,United States
464,Blue Owl Capital,OWL,19181993984,12.24,United States
465,Rubrik,RBRK,19150288896,93.04,United States
466,Zimmer Biomet,ZBH,19081398272,100.04,United States
467,Viatris,VTRS,18963234816,16.51,United States
468,CDW Corporation,CDW,18950141952,151.58,United States
469,Southwest Airlines,LUV,18849191936,38.53,United States
470,Genuine Parts Company,GPC,18703433728,135.67,United States
471,Evergy,EVRG,18680551424,81.02,United States
472,Gen Digital,GEN,18556196864,31.0,United States
473,Nutanix,NTNX,18535876608,68.57,United States
474,Unity Software,U,18527744000,42.1,United States
475,News Corp,NWS,18483673088,34.41,United States
476,ITT,ITT,18236585984,202.99,United States
477,Tractor Supply,TSCO,18184300544,34.9,United States
478,Dupont De Nemours,DD,18175432704,134.59,United States
479,Ovintiv,OVV,18158790656,65.65,United States
480,Plains All American Pipeline,PAA,18097778688,25.65,United States
481,HF Sinclair,DINO,18064617472,101.61,United States
482,Nordson,NDSN,17919600640,321.72,United States
483,Fortive,FTV,17770684416,58.84,United States
484,Alliant Energy,LNT,17626175488,67.98,United States
485,Leidos,LDOS,17595262976,140.21,United States
486,C. H. Robinson,CHRW,17487960064,149.66,United States
487,Jacobs Engineering,J,17444603904,149.05,United States
488,East West Bancorp,EWBC,17381324800,126.86,United States
489,Rollins,ROL,17354913792,36.07,United States
490,Franklin Resources,BEN,17350825984,34.15,United States
491,MKS Instruments,MKSI,17326323712,256.24,United States
492,Invitation Homes,INVH,17310382080,29.14,United States
493,Annaly Capital Management,NLY,17275133952,22.92,United States
494,Carlyle Group,CG,17242943488,48.39,United States
495,Pershing Square Inc.,PS,17167998976,42.92,United States
496,Guidewire Software,GWRE,17046740992,204.75,United States
497,APi Group,APG,16962291712,39.25,United States
498,SiTime,SITM,16937449472,565.42,United States
499,NVR,NVR,16913152000,6315.23,United States
500,PTC,PTC,16898765824,155.74,United States
501,Best Buy,BBY,16892985344,80.15,United States
502,IDEX,IEX,16855316480,228.64,United States
503,Weyerhaeuser,WY,16843600896,23.37,United States
504,Jones Lang LaSalle,JLL,16832838656,365.87,United States
505,Zebra Technologies,ZBRA,16726683648,353.55,United States
506,Ball Corporation,BALL,16668370944,62.97,United States
507,Clean Harbors,CLH,16641179648,315.25,United States
508,WESCO International,WCC,16588663808,340.4,United States
509,Medpace,MEDP,16579244032,593.99,United States
510,Ryan Specialty,RYAN,16450456576,42.18,United States
511,Lattice Semiconductor,LSCC,16381770752,115.34,United States
512,Onto Innovation,ONTO,16332792832,267.21,United States
513,Burlington Stores,BURL,16316875776,259.76,United States
514,TransUnion,TRU,16268756992,84.91,United States
515,Reinsurance Group of America,RGA,16066821120,246.04,United States
516,W. P. Carey,WPC,15937394688,69.96,United States
517,Albemarle,ALB,15927142400,134.97,United States
518,IonQ,IONQ,15925882880,39.31,United States
519,Kimco Realty,KIM,15904415744,23.71,United States
520,Dynatrace,DT,15843594240,54.59,United States
521,Hyatt Hotels,H,15734708224,166.97,United States
522,Neurocrine Biosciences,NBIX,15657023488,154.03,United States
523,RBC Bearings,RBC,15647898624,494.26,United States
524,Akamai,AKAM,15610498048,108.62,United States
525,Performance Food Group,PFGC,15576876032,99.17,United States
526,Solventum,SOLV,15500572672,91.06,United States
527,Sun Communities,SUI,15341744128,121.42,United States
528,Lincoln Electric,LECO,15328654336,281.23,United States
529,Mid-America Apartment Communities,MAA,15328485376,128.85,United States
530,Bitmine Immersion Technologies,BMNR,15273691136,25.32,United States
531,Tyler Technologies,TYL,15243254784,372.22,United States
532,Host Hotels & Resorts,HST,15235351552,21.93,United States
533,Lamar Advertising,LAMR,15131917312,149.01,United States
534,APA Corporation,APA,15117668352,43.15,United States
535,Pinnacle Financial Partners,PNFP,15106731008,99.97,United States
536,UL Solutions,ULS,15045451776,74.52,United States
537,BridgeBio Pharma,BBIO,14972807168,76.59,United States
538,Aramark,ARMK,14844726272,56.31,United States
539,Healthpeak Properties,DOC,14760282112,20.82,United States
540,Unum,UNM,14757359616,93.22,United States
541,Warner Music Group,WMG,14756925440,28.21,United States
542,Figma,FIG,14652440576,27.49,United States
543,Omega Healthcare Investors,OHI,14598272000,45.72,United States
544,McCormick & Company,MKC,14577131520,54.22,United States
545,Stanley Black &amp; Decker,SWK,14553474048,96.37,United States
546,Corebridge Financial,CRBG,14505311232,32.54,United States
547,Invesco,IVZ,14472361984,32.78,United States
548,Ares Capital,ARCC,14410718208,20.07,United States
549,Sterling Infrastructure,STRL,14378744832,470.07,United States
550,Revvity,RVTY,14357821440,128.67,United States
551,Sunoco,SUN,14326989824,76.04,United States
552,Masco,MAS,14229045248,72.16,United States
553,Penske Automotive Group,PAG,14221921280,216.59,United States
554,Talen Energy,TLN,14171121664,295.76,United States
555,J.M. Smucker Company,SJM,14010929152,131.16,United States
556,Regency Centers,REG,13978903552,74.77,United States
557,Trimble,TRMB,13976799232,59.94,United States
558,BWX Technologies,BWXT,13953111040,152.29,United States
559,Assurant,AIZ,13902396416,281.86,United States
560,Charles River Laboratories,CRL,13883865088,288.24,United States
561,Textron,TXT,13855264768,80.56,United States
562,Mueller Industries,MLI,13803930624,62.41,United States
563,"QXO, Inc.",QXO,13777875968,13.28,United States
564,CACI International Inc,CACI,13768235008,623.01,United States
565,Carlisle Companies,CSL,13764123648,346.58,United States
566,Equitable Holdings,EQH,13673749504,50.13,United States
567,Cooper Companies,COO,13669695488,70.09,United States
568,AMH (American Homes 4 Rent),AMH,13651401728,33.3,United States
569,Five Below,FIVE,13649104896,246.84,United States
570,Somnigroup International,SGI,13621165056,64.75,United States
571,Wayfair,W,13596819456,99.27,United States
572,UDR Apartments,UDR,13574108160,36.95,United States
573,Exelixis,EXEL,13538791424,54.64,United States
574,Baxter,BAX,13441896448,26.0,United States
575,HubSpot,HUBS,13379203072,261.36,United States
576,DT Midstream,DTM,13366044672,131.02,United States
577,Erie Indemnity,ERIE,13363198976,255.56,United States
578,Hecla Mining,HL,13348039680,19.87,United States
579,SEI Investments,SEIC,13319729152,110.98,United States
580,RPM International,RPM,13287635968,104.1,United States
581,Hasbro,HAS,13272284160,94.1,United States
582,Globe Life,GL,13269594112,172.67,United States
583,Toll Brothers,TOL,13250189312,143.45,United States
584,Madison Air Solutions,MAIR,13245476864,26.4,United States
585,Lennox,LII,13224297472,382.64,United States
586,Avery Dennison,AVY,13195473920,174.11,United States
587,Alcoa,AA,13182276608,49.95,United States
588,U-Haul,UHAL,13166534656,67.35,United States
589,CNA Financial,CNA,13143087104,48.57,United States
590,BorgWarner,BWA,13067234304,64.16,United States
591,Coca-Cola Consolidated,COKE,13017979904,195.57,United States
592,DigitalOcean,DOCN,13014881280,110.69,United States
593,Manhattan Associates,MANH,13013087232,223.19,United States
594,CoStar Group,CSGP,12994686976,32.07,United States
595,Ally Financial,ALLY,12840267776,42.21,United States
596,Texas Roadhouse,TXRH,12839365632,195.6,United States
597,Watsco,WSO,12780753920,309.82,United States
598,Penumbra,PEN,12726723584,323.1,United States
599,Equity LifeStyle Properties,ELS,12722417664,63.45,United States
600,AGNC Investment,AGNC,12720216064,10.73,United States
601,Crown Holdings,CCK,12658635776,116.39,United States
602,DocuSign,DOCU,12653898752,66.27,United States
603,BioMarin Pharmaceutical,BMRN,12626817024,65.23,United States
604,Nextpower,NXT,12602953728,82.03,United States
605,Gaming and Leisure Properties,GLPI,12600015872,42.07,United States
606,Webster Financial,WBS,12568934400,77.57,United States
607,Graco,GGG,12540084224,77.43,United States
608,Chime Financial,CHYM,12534953984,33.11,United States
609,TTM Technologies,TTMI,12528087040,118.92,United States
610,Gartner,IT,12510443520,198.11,United States
611,Brown Forman,BF-A,12499462144,27.24,United States
612,Madrigal Pharmaceuticals,MDGL,12476921856,540.03,United States
613,Fidelity National Financial,FNF,12457556992,46.45,United States
614,Semtech,SMTC,12408576000,132.96,United States
615,GoDaddy,GDDY,12396276736,97.88,United States
616,JFrog,FROG,12338762752,100.07,United States
617,"BXP, Inc.",BXP,12297856000,67.99,United States
618,Pinterest,PINS,12294654976,21.71,United States
619,Corcept Therapeutics,CORT,12252953600,113.35,United States
620,Camden Property Trust,CPT,12244506624,105.8,United States
621,Paramount Skydance,PSKY,12240428032,10.91,United States
622,Pershing Square Holdings,PSHZF,12225084416,56.685,United States
623,Watts Water Technologies,WTS,12209850368,365.75,United States
624,Stifel,SF,12197919744,80.78,United States
625,Dick's Sporting Goods,DKS,12091793408,135.1,United States
626,Halozyme Therapeutics,HALO,12086402048,106.49,United States
627,IES Holdings,IESC,12074160128,303.0,United States
628,DraftKings,DKNG,12058869760,24.29,United States
629,American Healthcare REIT,AHR,12035712000,55.21,United States
630,Hormel Foods,HRL,12025164800,21.85,United States
631,Elanco,ELAN,11946833920,23.92,United States
632,Jack Henry &amp; Associates,JKHY,11930137600,167.91,United States
633,Applied Industrial Technologies,AIT,11889695744,323.98,United States
634,Encompass Health,EHC,11859123200,120.21,United States
635,Deckers Brands,DECK,11858716672,87.08,United States
636,Crane Company,CR,11853119488,205.07,United States
637,Pinnacle West Capital,PNW,11833697280,97.64,United States
638,Antero Resources,AR,11830252544,38.48,United States
639,American Financial Group,AFG,11820454912,142.55,United States
640,Clorox,CLX,11812540416,97.68,United States
641,Amkor Technology,AMKR,11751801856,47.3,United States
642,Instacart (Maplebear Inc.),CART,11695383552,50.52,United States
643,Essential Utilities,WTRG,11677169664,41.17,United States
644,SailPoint,SAIL,11661281280,20.56,United States
645,Arrowhead Pharmaceuticals,ARWR,11637955584,82.39,United States
646,BrightSpring Health Services,BTSG,11555271680,58.4,United States
647,First Horizon Corporation,FHN,11522259968,24.32,United States
648,Huntington Ingalls Industries,HII,11474620416,291.2,United States
649,BJ's Wholesale Club,BJ,11450426368,90.65,United States
650,Tempus AI,TEM,11376410624,63.05,United States
651,Align Technology,ALGN,11351457792,159.79,United States
652,Bio-Techne,TECH,11339526144,72.31,United States
653,Domino's Pizza,DPZ,11315938304,342.06,United States
654,Aurora Innovation,AUR,11283394560,5.63,United States
655,Avidity Biosciences,RNAM,11249150976,72.82,United States
656,DaVita,DVA,11229437952,176.01,United States
657,Dayforce,DAY,11180042240,69.86,United States
658,FactSet,FDS,11151576064,313.55,United States
659,Knight-Swift Transportation,KNX,11150413824,68.51,United States
660,Confluent,CFLT,11133729792,30.99,United States
661,Service Corporation International,SCI,11126844416,81.64,United States
662,Bentley Systems,BSY,11101914112,36.75,United States
663,Advanced Energy,AEIS,11088364544,276.86,United States
664,Evercore,EVR,11015460864,286.43,United States
665,Generac,GNRC,10938599424,185.38,United States
666,Globus Medical,GMED,10924893184,81.37,United States
667,Owens Corning,OC,10920574976,138.15,United States
668,New York Times,NYT,10849546240,67.27,United States
669,Paycom,PAYC,10776624128,239.1,United States
670,UMB Financial,UMBF,10756803584,141.63,United States
671,EastGroup Properties,EGP,10727776256,199.5,United States
672,"Popular, Inc. (Banco Popular de Puerto Rico)",BPOP,10726905856,168.19,United States
673,Jefferies Financial Group,JEF,10706554880,52.64,United States
674,Antero Midstream,AM,10642190336,22.42,United States
675,Krystal Biotech,KRYS,10636637184,359.36,United States
676,Donaldson Company,DCI,10624407552,91.66,United States
677,Glaukos,GKOS,10591155200,179.56,United States
678,MGM Resorts,MGM,10582006784,41.36,United States
679,Globalstar,GSAT,10565895168,81.55,United States
680,Regal Rexnord,RRX,10547948544,158.45,United States
681,Sanmina,SANM,10543672320,196.72,United States
682,AES,AES,10516085760,14.74,United States
683,Littelfuse,LFUS,10468855808,412.18,United States
684,Darling Ingredients,DAR,10457597952,66.27,United States
685,Arrow Electronics,ARW,10406595584,204.43,United States
686,Axsome Therapeutics,AXSM,10398640128,198.52,United States
687,Allison Transmission,ALSN,10380884992,125.71,United States
688,Molina Healthcare,MOH,10375794688,198.77,United States
689,Bio-Rad Laboratories,BIO,10324144128,386.12,United States
690,Insulet,PODD,10310195200,148.66,United States
691,Cognex,CGNX,10254924800,60.96,United States
692,Elastic NV,ESTC,10254513152,97.55,United States
693,Advanced Drainage Systems,WMS,10234767360,135.73,United States
694,Apogee Therapeutics,APGE,10223899648,135.08,United States
695,Repligen,RGEN,10213718016,180.98,United States
696,South State Corp,SSB,10171659264,104.89,United States
697,Federal Realty Investment Trust,FRT,10143149056,116.03,United States
698,Wintrust Financial,WTFC,10142596096,150.36,United States
699,Leonardo DRS,DRS,10141878272,38.0,United States
700,Skyworks Solutions,SWKS,10083181568,67.01,United States
701,Old Republic International,ORI,10074995712,41.73,United States
702,Solstice Advanced Materials,SOLS,10069335040,63.39,United States
703,Flowserve,FLS,10053349376,79.09,United States
704,Chart Industries,GTLS,10047718400,209.9,United States
705,The Ensign Group,ENSG,10039731200,172.26,United States
706,Universal Health Services,UHS,10038657024,170.33,United States
707,Ionis Pharmaceuticals,IONS,10030885888,60.36,United States
708,Henry Schein,HSIC,10007900160,89.8,United States
709,Cullen/Frost Bankers,CFR,9997874176,160.87,United States
710,TopBuild,BLD,9935550464,354.53,United States
711,Acuity Brands,AYI,9932315648,331.79,United States
712,Cytokinetics,CYTK,9858151424,70.91,United States
713,SPX Technologies,SPXC,9854393344,196.75,United States
714,Lineage,LINE,9841853440,39.25,United States
715,Avantor,AVTR,9834257408,14.54,United States
716,Nuvalent,NUVL,9808736256,123.96,United States
717,Brinker International,EAT,9799860224,228.5,United States
718,Old National Bank,ONB,9786140672,25.58,United States
719,Praxis Precision Medicines,PRAX,9780371456,350.3,United States
720,Kymera Therapeutics,KYMR,9773023232,118.81,United States
721,MP Materials,MP,9751061504,54.75,United States
722,Chewy,CHWY,9744295936,23.8,United States
723,Zions Bancorporation,ZION,9733629952,66.69,United States
724,Dillard's,DDS,9700062208,621.12,United States
725,UiPath,PATH,9673305088,18.67,United States
726,Range Resources,RRC,9655638016,41.32,United States
727,Westlake Corporation,WLK,9593686016,75.07,United States
728,Kratos Defense &amp; Security Solutions,KTOS,9570033664,50.98,United States
729,Protagonist Therapeutics,PTGX,9560648704,147.75,United States
730,Procore,PCOR,9530639360,62.72,United States
731,Affiliated Managers Group,AMG,9521368064,368.19,United States
732,Oshkosh Corporation,OSK,9514713088,154.11,United States
733,Sirius XM,SIRI,9495174144,28.17,United States
734,Match Group,MTCH,9482285056,40.65,United States
735,Modine Manufacturing,MOD,9476899840,178.43,United States
736,Murphy USA,MUSA,9473047552,515.39,United States
737,Saia,SAIA,9448271872,355.13,United States
738,OGE Energy,OGE,9426304000,45.63,United States
739,Rambus,RMBS,9402535936,86.69,United States
740,Wynn Resorts,WYNN,9399456768,91.28,United States
741,Life Time Group,LTH,9389871104,42.02,United States
742,Snap,SNAP,9386147840,5.55,United States
743,Ryder,R,9374275584,244.46,United States
744,ServiceTitan,TTAN,9352778752,98.04,United States
745,The Toro Company,TTC,9340589056,98.085,United States
746,Houlihan Lokey,HLI,9315170304,133.29,United States
747,FirstCash,FCFS,9301950464,214.47,United States
748,Forgent Power Solutions,FPS,9297258496,30.54,United States
749,Kinetik,KNTK,9277229056,54.83,United States
750,ViaSat,VSAT,9266832384,67.27,United States
751,Madison Square Garden Sports,MSGS,9264275456,384.73,United States
752,Tetra Tech,TTEK,9253445632,36.14,United States
753,Oscar Health,OSCR,9247003648,29.96,United States
754,Janus Living,JAN,9231151104,29.75,United States
755,CareTrust REIT,CTRE,9203619840,38.95,United States
756,Voya Financial,VOYA,9179222016,101.32,United States
757,Liberty Live Holdings,LLYVA,9152695296,99.48,United States
758,Applied Optoelectronics,AAOI,9143558144,107.69,United States
759,Booz Allen Hamilton,BAH,9099558912,75.65,United States
760,Valmont Industries,VMI,9066719232,469.66,United States
761,Vaxcyte,PCVX,9038433280,60.74,United States
762,Jackson Financial,JXN,9037045760,133.43,United States
763,Crinetics Pharmaceuticals,CRNX,9012787200,84.95,United States
764,Agree Realty,ADC,9011520512,72.25,United States
765,CubeSmart,CUBE,8990899200,39.72,United States
766,VIAVI Solutions,VIAV,8954551296,36.29,United States
767,American Airlines,AAL,8890256384,13.43,United States
768,Paylocity,PCTY,8870740992,160.22,United States
769,Brixmor Property Group,BRX,8865541120,28.89,United States
770,Primerica,PRI,8853104640,287.65,United States
771,SM Energy,SM,8843414528,37.18,United States
772,Bruker,BRKR,8838363136,58.01,United States
773,Alexandria Real Estate Equities,ARE,8826767360,51.29,United States
774,Dycom Industries,DY,8783171584,291.21,United States
775,Ryman Hospitality Properties,RHP,8744448000,126.76,United States
776,Twist Bioscience,TWST,8716332032,139.0,United States
777,CarMax,KMX,8703408128,61.33,United States
778,Mohawk Industries,MHK,8687417344,128.25,United States
779,AECOM,ACM,8677999616,67.43,United States
780,Element Solutions,ESI,8660774912,35.54,United States
781,Vicor,VICR,8653310976,187.68,United States
782,PBF Energy,PBF,8652004352,72.99,United States
783,InterDigital,IDCC,8645786624,335.03,United States
784,Smithfield Foods,SFD,8627443712,21.91,United States
785,Prosperity Bancshares,PB,8599848960,71.56,United States
786,NNN REIT,NNN,8599218176,45.2,United States
787,Dutch Bros,BROS,8569869824,48.86,United States
788,Western Alliance Bancorporation,WAL,8524050432,78.13,United States
789,Kinsale Capital Group,KNSL,8516852736,373.9,United States
790,First Industrial Realty Trust,FR,8478734336,61.88,United States
791,Qorvo,QRVO,8476334592,96.08,United States
792,Rexford Industrial,REXR,8468620800,37.04,United States
793,Immunovant,IMVT,8431480832,40.82,United States
794,ImmunityBio,IBRX,8425698304,7.95,United States
795,Columbia Banking System,COLB,8385223168,29.64,United States
796,AptarGroup,ATR,8368547840,131.62,United States
797,Timken Company,TKR,8346804224,120.45,United States
798,Rush Enterprises,RUSHA,8327737856,76.83,United States
799,Lear Corporation,LEA,8321179648,124.99,United States
800,Core &amp; Main,CNM,8314479616,42.96,United States
801,TG Therapeutics,TGTX,8312438272,54.3,United States
802,AppFolio,APPF,8295013888,234.21,United States
803,Hess Midstream,HESM,8290432000,40.21,United States
804,AGCO,AGCO,8285453824,118.31,United States
805,Eastman Chemical,EMN,8281820672,72.44,United States
806,Commerce Bancshares,CBSH,8277470720,57.71,United States
807,BOK Financial,BOKF,8269155328,136.08,United States
808,StoneX Group,SNEX,8259834368,68.48,United States
809,Primo Brands,PRMB,8259555328,22.82,United States
810,NewMarket Corp,NEU,8255613952,897.7,United States
811,UGI Corporation,UGI,8247331328,38.45,United States
812,GameStop,GME,8246945280,18.38,United States
813,Morningstar,MORN,8213221376,218.94,United States
814,Lincoln National Corporation,LNC,8153741824,42.59,United States
815,10x Genomics,TXG,8136683520,62.45,United States
816,Compass,COMP,8106327552,10.56,United States
817,StandardAero,SARO,8104216576,24.49,United States
818,Lithia Motors,LAD,8074838528,367.32,United States
819,Chord Energy,CHRD,8046603776,147.11,United States
820,A. O. Smith,AOS,8036274176,59.13,United States
821,Gap Inc.,GAP,8031130112,22.31,United States
822,Levi Strauss &amp; Co.,LEVI,7989497856,20.76,United States
823,HealthEquity,HQY,7985334784,96.54,United States
824,Celsius Holdings,CELH,7957952000,31.45,United States
825,Zurn Elkay Water Solutions,ZWS,7928303616,47.8,United States
826,National Fuel Gas,NFG,7894445568,83.06,United States
827,Galaxy Digital Holdings,7LX.F,7887111260,22.3715,United States
828,Spyre Therapeutics,SYRE,7876561920,89.33,United States
829,Idacorp,IDA,7875772928,136.16,United States
830,Hanover Insurance Group,THG,7873200128,226.11,United States
831,Zillow,Z,7861628416,34.96,United States
832,GitLab,GTLB,7860605952,46.54,United States
833,FormFactor,FORM,7859726336,100.61,United States
834,Clearway Energy,CWEN,7830692864,31.75,United States
835,Axalta,AXTA,7794608128,36.42,United States
836,Zeta Global,ZETA,7719507968,30.97,United States
837,Central Bancompany,CBC,7689312256,32.105,United States
838,PJT Partners,PJT,7684109824,180.39,United States
839,CAVA Group,CAVA,7680007680,65.75,United States
840,The Mosaic Company,MOS,7667643392,24.12,United States
841,Conagra Brands,CAG,7666621440,16.02,United States
842,Dropbox,DBX,7651805696,35.19,United States
843,Sprouts Farmers Market,SFM,7650035200,82.04,United States
844,NOV,NOV,7589419520,21.29,United States
845,SentinelOne,S,7575962112,22.1,United States
846,TeraWulf,WULF,7549395968,15.13,United States
847,First American Financial Corporation,FAF,7547231744,73.92,United States
848,Oklo,OKLO,7546736128,40.57,United States
849,AeroVironment,AVAV,7539535360,148.35,United States
850,Valley Bank,VLY,7537536000,13.64,United States
851,Commercial Metals Company,CMC,7515817472,67.94,United States
852,Lamb Weston,LW,7496955904,54.53,United States
853,Kirby Corporation,KEX,7490208256,141.86,United States
854,Simpson Manufacturing Company,SSD,7484212224,182.61,United States
855,Pilgrim's Pride,PPC,7471845376,31.38,United States
856,Hinge Health,HNGE,7469074944,92.56,United States
857,Etsy,ETSY,7464609280,81.33,United States
858,Molson Coors,TAP,7413408256,39.76,United States
859,Norwegian Cruise Line,NCLH,7411291648,16.14,United States
860,Vornado Realty Trust,VNO,7403065344,37.38,United States
861,Navan,NAVN,7390866432,29.06,United States
862,Avnet,AVT,7350455296,89.56,United States
863,STAG Industrial,STAG,7331086336,37.25,United States
864,Clearwater Analytics,CWAN,7330872320,24.56,United States
865,Silicon Labs,SLAB,7308988928,219.05,United States
866,Rhythm Pharmaceuticals,RYTM,7307271168,106.13,United States
867,Armstrong World Industries,AWI,7293718016,172.58,United States
868,Fluor Corporation,FLR,7290225152,54.51,United States
869,Air Lease Corporation,AL,7282301440,65.0,United States
870,Terex,TEX,7259192832,63.51,United States
871,Victory Capital,VCTR,7258744832,118.01,United States
872,Applied Digital,APLD,7224159744,25.41,United States
873,Terreno Realty,TRNO,7214924288,66.21,United States
874,Caris Life Sciences,CAI,7205531136,25.49,United States
875,MSA Safety,MSA,7205266944,186.77,United States
876,OneMain Financial,OMF,7185490432,62.46,United States
877,Matador Resources,MTDR,7178981888,58.01,United States
878,Builders FirstSource,BLDR,7144404992,66.4,United States
879,Federal Signal,FSS,7141868544,117.0,United States
880,Arcosa,ACA,7135219200,145.3,United States
881,Riot Platforms,RIOT,7128044032,18.995,United States
882,Fannie Mae,FNMA,7087495680,6.12,United States
883,Planet Labs,PL,7074590208,19.85,United States
884,ESCO Technologies,ESE,7073543168,273.03,United States
885,Campbell's,CPB,7061523968,23.68,United States
886,Light &amp; Wonder,LNW,7028988928,86.22,United States
887,Weatherford International,WFRD,7008685056,97.77,United States
888,Hexcel,HXL,7008025600,92.67,United States
889,Aura Minerals,AUGO,7007083008,83.58,United States
890,Macerich,MAC,6968617472,23.62,United States
891,Scholar Rock Holding,SRRK,6917403648,56.8,United States
892,Duolingo,DUOL,6912554496,148.36,United States
893,Urban Outfitters,URBN,6911130112,80.69,United States
894,Hims &amp; Hers Health,HIMS,6901410816,29.58,United States
895,Ralliant Corporation,RAL,6829807616,61.73,United States
896,Chemed,CHE,6779520000,518.71,United States
897,POOLCORP,POOL,6778276352,186.52,United States
898,Joby Aviation,JOBY,6765609984,6.84,United States
899,Allegro MicroSystems,ALGM,6757074432,36.25,United States
900,LandBridge,LB,6751140352,87.58,United States
901,StepStone Group,STEP,6745926144,52.26,United States
902,Matson,MATX,6722596352,224.81,United States
903,PACS Group,PACS,6699180032,42.31,United States
904,Taylor Morrison,TMHC,6665396224,72.45,United States
905,CG Oncology,CGON,6662211072,75.16,United States
906,MSC Industrial Direct,MSM,6655761408,119.18,United States
907,AutoNation,AN,6653487104,201.25,United States
908,EnerSys,ENS,6630951936,183.86,United States
909,Enact Holdings,ACT,6626712576,48.2,United States
910,Healthcare Realty Trust,HR,6606838272,19.04,United States
911,Lantheus Holdings,LNTH,6589898240,100.96,United States
912,Cleveland-Cliffs,CLF,6589737472,11.55,United States
913,Amdocs,DOX,6584410112,63.06,United States
914,Loar Holdings,LOAR,6575993856,70.19,United States
915,Plains GP,PAGP,6575271936,28.22,United States
916,Powell Industries,POWL,6548024320,179.73,United States
917,Ingredion,INGR,6524599296,103.46,United States
918,Magnolia Oil &amp; Gas,MGY,6510912000,26.85,United States
919,Essential Properties Realty Trust,EPRT,6505373696,30.0,United States
920,Ingram Micro Holding Corporation,INGM,6497745920,28.17,United States
921,"Mobility Global, Inc.",MBGL,6496000000,20.3,United States
922,WEX,WEX,6495273472,190.58,United States
923,F.N.B. Corporation,FNB,6489222144,18.23,United States
924,Gates Industrial Corp,GTES,6475607040,25.58,United States
925,Installed Building Products,IBP,6454221312,242.83,United States
926,The Trade Desk,TTD,6446756352,13.72,United States
927,Lumen Technologies,LUMN,6446533632,6.25,United States
928,Qualys,QLYS,6439513088,186.14,United States
929,e.l.f. Beauty,ELF,6434822144,109.05,United States
930,Cipher Mining,CIFR,6432976384,15.5,United States
931,United Bankshares,UBSI,6417849856,47.13,United States
932,Southwest Gas,SWX,6399142400,88.33,United States
933,Lyft,LYFT,6397330432,16.9,United States
934,National Storage Affiliates Trust,NSA,6391416320,43.41,United States
935,Plexus,PLXS,6382378496,239.47,United States
936,H&amp;R Block,HRB,6366685184,51.65,United States
937,Abercrombie &amp; Fitch,ANF,6357289472,143.08,United States
938,LKQ Corporation,LKQ,6350352384,25.1,United States
939,Rush Street Interactive,RSI,6291803648,25.76,United States
940,MGIC Investment,MTG,6287075840,30.65,United States
941,Ormat Technologies,ORA,6272688128,102.0,United States
942,Belite Bio,BLTE,6270775808,155.71,United States
943,EnPro Industries,NPO,6270290432,296.22,United States
944,Aaon,AAON,6264003072,75.97,United States
945,Erasca,ERAS,6253745152,17.88,United States
946,Travere Therapeutics,TVTX,6247624192,66.28,United States
947,Credit Acceptance,CACC,6225649152,599.74,United States
948,Netskope,NTSK,6184071168,15.31,United States
949,GATX,GATX,6175912960,174.93,United States
950,Klaviyo,KVYO,6159178240,20.58,United States
951,Rayonier,RYN,6134615552,20.5,United States
952,Landstar System,LSTR,6130026496,180.63,United States
953,Terns Pharmaceuticals,TERN,6116845568,52.95,United States
954,Liquidia Corporation,LQDA,6101820928,68.17,United States
955,Churchill Downs,CHDN,6097377280,87.48,United States
956,Amneal Pharmaceuticals,AMRX,6084731392,17.47,United States
957,EPAM Systems,EPAM,6078493696,117.83,United States
958,Cogent Biosciences,COGT,6073374208,35.0,United States
959,JBT Marel Corporation,JBTM,6062843392,116.87,United States
960,Uranium Energy,UEC,6057237504,12.24,United States
961,Caesars Entertainment,CZR,6052187648,29.7,United States
962,Pegasystems,PEGA,6051746304,36.81,United States
963,Schneider National,SNDR,6049633792,34.51,United States
964,Glacier Bancorp,GBCI,6030115840,46.31,United States
965,Construction Partners,ROAD,6027440128,106.2,United States
966,Teleflex,TFX,6018998784,142.05,United States
967,Hamilton Lane,HLNE,6005298688,108.82,United States
968,CLEAR Secure,YOU,5995043840,44.15,United States
969,Albertsons,ACI,5993772544,12.35,United States
970,Mirum Pharmaceuticals,MIRM,5979209728,98.05,United States
971,Hancock Whitney,HWC,5975815168,74.49,United States
972,Sensata Technologies,ST,5971336192,41.03,United States
973,Brookfield Renewable,BEPC,5967016448,32.15,United States
974,RadNet,RDNT,5966864384,75.82,United States
975,Starwood Property Trust,STWD,5962372608,15.7,United States
976,Eagle Materials,EXP,5958988288,194.26,United States
977,Argan,AGX,5958039552,424.99,United States
978,Kodiak Gas Services,KGS,5941883904,58.77,United States
979,TXNM Energy,TXNM,5936486400,57.61,United States
980,Home BancShares,HOMB,5893462016,29.46,United States
981,Casella Waste Systems,CWST,5870794240,92.25,United States
982,VSE Corporation,VSEC,5856598016,208.68,United States
983,RLI Corp.,RLI,5824830464,63.47,United States
984,RingCentral,RNG,5813699072,69.62,United States
985,PTC Therapeutics,PTCT,5803864064,69.54,United States
986,Virtu Financial,VIRT,5796056576,65.64,United States
987,Associated Banc-Corp,ASB,5780688384,30.61,United States
988,Macy's,M,5776313344,21.96,United States
989,EXL Service,EXLS,5773404160,38.08,United States
990,Crocs,CROX,5771628032,120.38,United States
991,Dolby,DLB,5766251008,61.56,United States
992,Atlantic Union Bankshares,AUB,5759725056,40.33,United States
993,Portland General Electric,POR,5746314240,48.86,United States
994,Sensient Technologies,SXT,5743426048,134.94,United States
995,Red Rock Resorts,RRR,5727630848,56.16,United States
996,MarketAxess,MKTX,5723420160,162.63,United States
997,Versant Media Group,VSNT,5722673664,41.12,United States
998,Blue Owl Capital Corporation,OBDC,5722401280,11.53,United States
999,Warrior Met Coal,HCC,5715297792,108.24,United States
1000,BGC Group,BGC,5710352896,12.01,United States
1001,MiniMed Group,MMED,5700149248,20.26,United States
1002,Commvault,CVLT,5699456512,137.52,United States
1003,Mercury General,MCY,5682596352,102.595,United States
1004,Ligand Pharmaceuticals,LGND,5663706112,284.1,United States
1005,Remitly,RELY,5660431360,26.74,United States
1006,Ameris Bancorp,ABCB,5653785088,84.25,United States
1007,Enova International,ENVA,5644958720,226.72,United States
1008,Boyd Gaming,BYD,5637333504,77.59,United States
1009,Nexstar Media Group,NXST,5611116032,182.13,United States
1010,Balchem,BCPC,5607025152,175.89,United States
1011,Rithm Capital,RITM,5600822272,10.03,United States
1012,Frontdoor,FTDR,5571402240,80.87,United States
1013,Novanta,NOVT,5529714176,146.22,United States
1014,Archrock,AROC,5526660096,31.52,United States
1015,Flagstar Bank,FLG,5524886016,13.31,United States
1016,Main Street Capital,MAIN,5509518336,58.92,United States
1017,Axos Financial,AX,5491288576,96.79,United States
1018,Ozon,OZON.ME,5490843053,25.54,United States
1019,Cirrus Logic,CRUS,5488374272,109.51,United States
1020,GXO Logistics,GXO,5473894912,47.73,United States
1021,Phillips Edison &amp; Company,PECO,5466909184,38.65,United States
1022,Wyndham Hotels &amp; Resorts,WH,5466391552,73.66,United States
1023,Black Hills,BKH,5465825280,71.68,United States
1024,Sonoco,SON,5452956160,55.15,United States
1025,The Cheesecake Factory,CAKE,5448291328,109.49,United States
1026,Selective Insurance,SIGI,5438065152,91.29,United States
1027,MaxLinear,MXL,5433428992,59.91,United States
1028,SAIC (Science Applications International Corp),SAIC,5420733952,128.22,United States
1029,Merit Medical,MMSI,5413346816,90.66,United States
1030,New Jersey Resources,NJR,5412300288,53.34,United States
1031,ADT,ADT,5398832640,7.39,United States
1032,Sotera Health,SHC,5393583104,18.9,United States
1033,CNX Resources,CNX,5382189568,36.38,United States
1034,ACI Worldwide,ACIW,5378894848,53.28,United States
1035,Granite Construction,GVA,5356106240,120.56,United States
1036,Floor &amp; Decor,FND,5353250816,50.27,United States
1037,Bank OZK,OZK,5351566336,49.08,United States
1038,Definium Therapeutics,DFTX,5337055232,39.72,United States
1039,First National of Nebraska,FINN,5337042432,19750.0,United States
1040,Impinj,PI,5326245376,174.32,United States
1041,Xometry,XMTR,5313321984,92.69,United States
1042,Piper Sandler,PIPR,5304511488,75.06,United States
1043,"X-Energy, Inc.",XE,5303613440,18.45,United States
1044,Kite Realty,KRG,5294070272,25.8,United States
1045,Fortune Brands Innovations,FBIN,5288277504,44.33,United States
1046,VF Corporation,VFC,5283728384,13.44,United States
1047,Mercury Systems,MRCY,5251688448,87.33,United States
1048,PriceSmart,PSMT,5246597632,170.01,United States
1049,Core Scientific,CORZ,5237849088,16.3,United States
1050,Rigetti Computing,RGTI,5226818560,15.66,United States
1051,Murphy Oil,MUR,5220790784,36.42,United States
1052,Avis Budget Group,CAR,5210195456,147.49,United States
1053,Sabra Health Care REIT,SBRA,5208885248,20.39,United States
1054,AAR,AIR,5205065216,129.29,United States
1055,Parsons,PSN,5195014144,48.64,United States
1056,Liberty Broadband,LBRDA,5177567232,35.99,United States
1057,Outfront Media,OUT,5174853632,29.38,United States
1058,Laureate Education,LAUR,5169733120,37.53,United States
1059,SOLV Energy,MWH,5164909056,25.52,United States
1060,Oceaneering International,OII,5151654400,51.76,United States
1061,Solaris Energy Infrastructure,SEI,5108800512,50.77,United States
1062,Herc Holdings,HRI,5092945920,152.34,United States
1063,HASI (HA Sustainable Infrastructure Capita),HASI,5082008576,39.55,United States
1064,Core Natural Resources,CNR,5077789184,102.3,United States
1065,ACM Research,ACMR,5071854592,72.82,United States
1066,CNO Financial Group,CNO,5069245952,54.79,United States
1067,Millrose Properties,MRP,5051177984,30.42,United States
1068,Acushnet Holdings,GOLF,5045611520,86.39,United States
1069,Moelis &amp; Company,MC,5042686464,68.07,United States
1070,CSW Industrials,CSW,5033872896,308.95,United States
1071,Varonis Systems,VRNS,5027443712,43.77,United States
1072,Webull,BULL,5022166528,9.48,United States
1073,Waystar,WAY,5019973632,26.18,United States
1074,Eastern Bankshares,EBC,5018113536,21.96,United States
1075,Middleby,MIDD,5012444672,110.84,United States
1076,UniFirst,UNF,5002082304,276.6,United States
1077,Jersey Mike's Subs,JMKE,4994293248,21.45,United States
1078,Perimeter Solutions,PRM,4992451072,30.5,United States
1079,Celanese,CE,4991380992,45.48,United States
1080,ONE Gas,OGS,4982616576,79.27,United States
1081,ACADIA Pharmaceuticals,ACAD,4981352448,28.91,United States
1082,Iridium Communications,IRDM,4979013120,46.98,United States
1083,Global Business Travel Group,GBTG,4941652992,9.46,United States
1084,Louisiana-Pacific,LPX,4930299392,70.51,United States
1085,Materion,MTRN,4918425600,236.08,United States
1086,Brunswick Corporation,BC,4918125056,75.9,United States
1087,"Box, Inc.",BOX,4909043200,35.78,United States
1088,Cactus Inc,WHD,4903636480,70.32,United States
1089,Bill.com,BILL,4903147008,49.23,United States
1090,TFS Financial,TFSL,4899334656,17.47,United States
1091,Sphere Entertainment,SPHR,4895024640,136.3,United States
1092,Amentum,AMTM,4887683072,19.99,United States
1093,International Seaways,INSW,4885768704,98.64,United States
1094,SLM Corporation (Sallie Mae),SLM,4882359808,25.97,United States
1095,Reynolds Consumer Products,REYN,4879811072,23.15,United States
1096,Vail Resorts,MTN,4878586368,136.91,United States
1097,BETA Technologies,BETA,4873095168,20.1,United States
1098,Champion Homes,SKY,4845587456,89.27,United States
1099,Spire Inc.,SR,4837791744,81.84,United States
1100,Icahn Enterprises,IEP,4834222592,6.8,United States
1101,Patterson-UTI Energy,PTEN,4820704768,12.64,United States
1102,Parabilis Medicines,PBLS,4819031552,39.01,United States
1103,Enphase Energy,ENPH,4812707840,36.42,United States
1104,Graham Holdings,GHC,4780767744,1128.89,United States
1105,Cousins Properties,CUZ,4772538368,28.99,United States
1106,First Financial Bankshares,FFIN,4762772992,33.23,United States
1107,Doximity,DOCS,4760950272,26.71,United States
1108,Federated Hermes,FHI,4752126976,63.65,United States
1109,Dyne Therapeutics,DYN,4748961792,25.43,United States
1110,Radian Group,RDN,4744325632,35.86,United States
1111,KBR,KBR,4727540736,37.5,United States
1112,LifeStance Health Group,LFST,4722207232,12.36,United States
1113,Gentex,GNTX,4712986112,22.37,United States
1114,California Resources Corporation,CRC,4710118912,53.03,United States
1115,ServisFirst Bancshares,SFBS,4706209792,43.04,United States
1116,Greif,GEF,4704185344,82.75,United States
1117,Choice Hotels International,CHH,4702414336,103.36,United States
1118,Haemonetics,HAE,4689381376,103.07,United States
1119,ESAB,ESAB,4683809280,75.38,United States
1120,Vishay Intertechnology,VSH,4667328000,30.43,United States
1121,UFP Industries,UFPI,4662248960,84.52,United States
1122,Tutor Perini Corporation,TPC,4657453568,88.52,United States
1123,Trex,TREX,4643015680,45.58,United States
1124,Robert Half,RHI,4641084928,45.34,United States
1125,Tidewater,TDW,4633300480,93.12,United States
1126,Alaska Airlines,ALK,4612557312,41.33,United States
1127,Insight Enterprises,NSIT,4608356352,157.02,United States
1128,Chefs' Warehouse,CHEF,4588335616,112.47,United States
1129,Dave Inc.,DAVE,4585859584,359.52,United States
1130,Neptune Insurance Holdings,NP,4571234304,33.31,United States
1131,Hagerty,HGTY,4566613504,13.3,United States
1132,Boot Barn Holdings,BOOT,4561806336,150.63,United States
1133,Ollie's Bargain Outlet,OLLI,4559387136,75.42,United States
1134,Alliance Laundry Holdings,ALH,4554257920,22.91,United States
1135,Delek US,DK,4551999488,74.34,United States
1136,MYR Group,MYRG,4537190912,291.42,United States
1137,Fervo Energy Company,FRVO,4533457920,15.38,United States
1138,Century Aluminum,CENX,4530923008,45.77,United States
1139,Meritage Homes,MTH,4525037056,69.43,United States
1140,Tanger Inc.,SKT,4507924992,37.71,United States
1141,EPR Properties,EPR,4497709568,58.71,United States
1142,Excelerate Energy,EE,4492991488,39.62,United States
1143,Brink's,BCO,4485849600,108.93,United States
1144,Paymentus,PAY,4483451392,35.6,United States
1145,Nelnet,NNI,4482090496,125.27,United States
1146,Fulton Financial,FULT,4478855168,23.46,United States
1147,Belden,BDC,4472889856,114.46,United States
1148,Griffon Corporation,GFF,4466951168,97.39,United States
1149,EquipmentShare.com,EQPT,4461950976,17.61,United States
1150,Archer Aviation,ACHR,4450755072,5.78,United States
1151,Rumble,RUM,4442459648,8.96,United States
1152,Broadstone Net Lease,BNL,4441023488,20.86,United States
1153,Franklin Electric,FELE,4425125376,100.09,United States
1154,CCC Intelligent Solutions,CCC,4393900544,7.46,United States
1155,Korn Ferry,KFY,4393517056,85.55,United States
1156,Silgan Holdings,SLGN,4390030848,41.54,United States
1157,HeartFlow,HTFL,4381593088,50.39,United States
1158,Brady Corporation,BRC,4372537856,92.81,United States
1159,"Calumet, Inc.",CLMT,4371179008,49.73,United States
1160,Ondas Holdings,ONDS,4367578112,7.655,United States
1161,International Bancshares Corp,IBOC,4363356672,70.16,United States
1162,USA Rare Earth,USAR,4360911872,17.82,United States
1163,Envista,NVST,4359164416,27.14,United States
1164,Helmerich &amp; Payne,HP,4355339264,43.58,United States
1165,Vontier,VNT,4354791936,32.21,United States
1166,Workiva,WK,4353318912,80.0,United States
1167,OPENLANE Corporate,OPLN,4345687040,35.6,United States
1168,CommScope,COMM,4337923584,19.58,United States
1169,ICU Medical,ICUI,4324966912,172.95,United States
1170,Victoria's Secret &amp; Co,VSCO,4312813568,54.3,United States
1171,Concentra Group,CON,4302448640,33.74,United States
1172,SiteOne Landscape Supply,SITE,4301365760,98.53,United States
1173,Cavco Industries,CVCO,4299375616,559.13,United States
1174,SL Green Realty,SLG,4295245824,55.98,United States
1175,Americold,COLD,4288360704,14.95,United States
1176,BillionToOne,BLLN,4278448896,90.67,United States
1177,Mattel,MAT,4271214848,14.95,United States
1178,Cabot Corporation,CBT,4270400512,82.71,United States
1179,Kilroy Realty,KRC,4263164672,36.3,United States
1180,Integer Holdings,ITGR,4257504000,125.25,United States
1181,NorthWestern Energy,NWE,4254574592,69.16,United States
1182,MIAX (Miami International Holdings),MIAX,4254028288,42.87,United States
1183,Itron,ITRI,4247752960,97.01,United States
1184,Enliven Therapeutics,ELVN,4241644288,57.89,United States
1185,Comstock Resources,CRK,4236944640,14.43,United States
1186,Texas Capital Bancshares,TCBI,4224839168,97.18,United States
1187,Travel + Leisure,TNL,4213756160,68.76,United States
1188,CVR Energy,CVI,4208210944,41.86,United States
1189,Tenable,TENB,4201840640,38.15,United States
1190,MDU Resources,MDU,4190161152,19.92,United States
1191,Geo Group,GEO,4186818816,31.81,United States
1192,Diodes Incorporated,DIOD,4181494784,90.8,United States
1193,United Community Bank,UCB,4172571648,34.84,United States
1194,COPT Defense Properties,CDP,4170400512,36.0,United States
1195,CECO Environmental,CECO,4170171904,71.2,United States
1196,MARA Holdings,MARA,4160443648,10.77,United States
1197,FTI Consulting,FCN,4157475328,150.57,United States
1198,UWM Holdings,UWMC,4155687680,1.45,United States
1199,Cohen &amp; Steers,CNS,4148174848,80.67,United States
1200,Cinemark Theatres,CNK,4127621376,35.61,United States
1201,Pattern Group,PTRN,4127376128,20.73,United States
1202,Indivior PLC,INDV,4122216704,34.93,United States
1203,AZZ,AZZ,4121863936,137.16,United States
1204,Kontoor Brands,KTB,4121429760,75.41,United States
1205,Veradermics,MANE,4111583232,98.41,United States
1206,Valvoline,VVV,4088806912,32.06,United States
1207,Cathay General Bancorp,CATY,4083552768,61.21,United States
1208,Sezzle,SEZL,4059523328,120.55,United States
1209,Q2,QTWO,4055549440,65.04,United States
1210,Lemonade,LMND,4042425344,52.23,United States
1211,Legend Biotech,LEGN,4041469440,20.78,United States
1212,Avient,AVNT,4041163520,44.06,United States
1213,Relay Therapeutics,RLAY,4027823104,18.38,United States
1214,Bread Financial,BFH,4013660928,104.47,United States
1215,Par Pacific Holdings,PARR,4003962112,79.92,United States
1216,Tri Pointe Homes,TPH,3998444288,46.95,United States
1217,WSFS Financial,WSFS,3980000512,77.45,United States
1218,AXT Inc,AXTI,3974392320,60.61,United States
1219,Thor Industries,THO,3956360192,76.0,United States
1220,Badger Meter,BMI,3926848256,135.47,United States
1221,WaterBridge Infrastructure,WBI,3925907200,31.8,United States
1222,USA Compression Partners,USAC,3922166784,27.06,United States
1223,iRhythm,IRTC,3920619776,118.94,United States
1224,Planet Fitness,PLNT,3913819904,51.6,United States
1225,Primoris Services Corporation,PRIM,3912323584,72.11,United States
1226,Independence Realty Trust,IRT,3910482944,16.18,United States
1227,CVB Financial,CVBF,3901863168,22.17,United States
1228,Bath &amp; Body Works,BBWI,3881672192,19.25,United States
1229,Telephone and Data Systems,TDS,3877106944,33.68,United States
1230,IDEAYA Biosciences,IDYA,3869228288,40.1,United States
1231,Grand Canyon Education,LOPE,3861014016,148.13,United States
1232,Catalyst Pharmaceuticals,CPRX,3854925568,31.49,United States
1233,Atmus Filtration Technologies,ATMU,3853756672,47.23,United States
1234,Tango Therapeutics,TNGX,3851060736,22.84,United States
1235,Independent Bank Corp.,INDB,3845423616,81.18,United States
1236,WesBanco,WSBC,3837194496,40.01,United States
1237,Braze,BRZE,3833982208,34.04,United States
1238,"GPGI, Inc.",GPGI,3832346880,13.22,United States
1239,Howard Hughes Holdings,HHH,3829909760,64.13,United States
1240,Viking Therapeutics,VKTX,3823883008,32.78,United States
1241,Dorman Products,DORM,3823703552,128.85,United States
1242,Universal Display Corporation,OLED,3823061760,83.17,United States
1243,NuScale Power,SMR,3804311296,9.27,United States
1244,Otter Tail,OTTR,3798435584,90.47,United States
1245,PennyMac Financial Services,PFSI,3798179584,73.11,United States
1246,Denali Therapeutics,DNLI,3797974528,23.76,United States
1247,Asbury Automotive Group,ABG,3795034880,211.4,United States
1248,Synaptics,SYNA,3782427648,96.72,United States
1249,Post Holdings,POST,3778090752,83.36,United States
1250,Mueller Water Products,MWA,3768873728,24.14,United States
1251,Apple Hospitality REIT,APLE,3765519104,15.95,United States
1252,St. Joe Company,JOE,3763102720,66.1,United States
1253,M/I Homes,MHO,3762368000,148.81,United States
1254,Interparfums,IPAR,3760787456,117.43,United States
1255,Amylyx Pharmaceuticals,AMLX,3760527872,33.75,United States
1256,Genworth Financial,GNW,3755839232,9.94,United States
1257,Mirion Technologies,MIR,3753072384,15.07,United States
1258,WillScot,WSC,3750652928,20.7,United States
1259,Seaboard Corporation,SEB,3745217792,3910.25,United States
1260,Renasant Corp,RNST,3739356672,40.91,United States
1261,Newmark,NMRK,3727328256,15.23,United States
1262,Iovance Biotherapeutics,IOVA,3700776448,8.17,United States
1263,Energy Fuels,UUUU,3686983680,14.75,United States
1264,Cal-Maine Foods,CALM,3686036736,78.92,United States
1265,Arcus Biosciences,RCUS,3682638336,29.28,United States
1266,SkyWest,SKYW,3675489280,94.66,United States
1267,Madison Square Garden Entertainment,MSGE,3675143680,77.69,United States
1268,Polaris,PII,3672553472,64.54,United States
1269,BancFirst,BANF,3669654784,109.22,United States
1270,WisdomTree,WT,3645381376,24.06,United States
1271,Freshworks,FRSH,3632017152,13.92,United States
1272,Fastly,FSLY,3630447104,22.79,United States
1273,Freddie Mac,FMCC,3627332352,5.58,United States
1274,Peabody Energy,BTU,3619211008,29.69,United States
1275,Organon,OGN,3613506048,13.76,United States
1276,First Advantage,FA,3610262784,21.02,United States
1277,Bright Horizons,BFAM,3607766784,74.18,United States
1278,Stride (K12 Education),LRN,3602822912,86.69,United States
1279,Bel Fuse,BELFB,3599393792,249.275,United States
1280,Pulse Biosciences,PLSE,3589667072,50.33,United States
1281,Marriott Vacations Worldwide,VAC,3586056192,104.26,United States
1282,Adtalem Global Education,ATGE,3579815168,98.54,United States
1283,LXP Industrial Trust,LXP,3579295488,60.71,United States
1284,Axcelis Technologies,ACLS,3561562112,115.33,United States
1285,Knife River Corporation,KNF,3559066368,62.7,United States
1286,Nicolet Bankshares,NIC,3548944896,169.34,United States
1287,GRAIL,GRAL,3545158912,79.37,United States
1288,National Energy Services Reunited,NESR,3540904960,35.11,United States
1289,American States Water,AWR,3539064832,89.29,United States
1290,Firefly Aerospace,FLY,3535586048,21.12,United States
1291,Kadant,KAI,3532579328,299.14,United States
1292,Atlanta Braves Holdings,BATRA,3529875968,55.01,United States
1293,Park National Corp,PRK,3527749632,195.29,United States
1294,Palomar Holdings,PLMR,3513618432,132.57,United States
1295,Option Care Health,OPCH,3512464128,23.45,United States
1296,PVH Corp.,PVH,3511592448,76.16,United States
1297,Standex International,SXI,3510524160,289.66,United States
1298,First Interstate BancSystem,FIBK,3508162816,36.81,United States
1299,RXO,RXO,3504680192,21.25,United States
1300,HNI Corporation,HNI,3495764480,48.43,United States
1301,Life360,LIF,3492248576,42.86,United States
1302,National Health Investors,NHI,3492242944,71.11,United States
1303,Mechanics Bancorp,MCHB,3485253376,15.74,United States
1304,Ethos Technologies,LIFE,3481811200,36.33,United States
1305,ScottsMiracle-Gro,SMG,3481572096,59.8,United States
1306,CorVel Corporation,CRVL,3479581440,68.88,United States
1307,Veracyte,VCYT,3472075520,43.19,United States
1308,QuantumScape,QS,3438661120,5.59,United States
1309,Highwoods Properties,HIW,3437097728,30.6,United States
1310,Curbline Properties,CURB,3431584256,29.83,United States
1311,FS KKR Capital,FSK,3429382912,12.41,United States
1312,First Financial Bank,FFBC,3425136640,32.63,United States
1313,TowneBank,TOWN,3423876608,37.04,United States
1314,Centrus Energy,LEU,3419919616,171.4,United States
1315,AllianceBernstein,AB,3417722112,36.72,United States
1316,Golub Capital,GBDC,3417014784,13.16,United States
1317,Alliance Resource Partners,ARLP,3409458176,26.5,United States
1318,The Vita Coco Company,COCO,3397493760,58.715,United States
1319,NCR Atleos Corporation,NATL,3393347072,45.92,United States
1320,National Healthcare,NHC,3391161856,216.53,United States
1321,United States Lime &amp; Minerals,USLM,3388956416,118.13,United States
1322,Exponent,EXPO,3376247552,71.01,United States
1323,Lionsgate Studios,LION,3371351040,11.33,United States
1324,Magnite,MGNI,3369033472,23.49,United States
1325,Ashland,ASH,3358027776,73.33,United States
1326,Freshpet,FRPT,3357336832,69.86,United States
1327,Acadian Asset Management,AAMI,3343170048,94.2,United States
1328,Shift4 Payments,FOUR,3338433792,42.28,United States
1329,NMI Holdings,NMIH,3335911424,44.35,United States
1330,Intapp,INTA,3318288640,43.37,United States
1331,Graphic Packaging,GPK,3316001792,11.2,United States
1332,OSI Systems,OSIS,3314494720,207.91,United States
1333,Community Financial System,CBU,3301647872,62.75,United States
1334,Hercules Capital,HTGC,3301572864,17.64,United States
1335,Hilton Grand Vacations,HGV,3296280832,42.41,United States
1336,Seacoast Banking,SBCF,3287618304,33.955,United States
1337,CoreCivic,CXW,3285241856,33.22,United States
1338,Agilysys,AGYS,3283435776,116.41,United States
1339,Structure Therapeutics,GPCR,3273835520,45.91,United States
1340,KB Home,KBH,3267808512,53.3,United States
1341,Simmons First National,SFNC,3263121408,22.58,United States
1342,Tarsus Pharmaceuticals,TARS,3257873408,74.24,United States
1343,BankUnited,BKU,3248190464,45.6,United States
1344,Tegna,TGNA,3243011584,20.03,United States
1345,IPG Photonics,IPGP,3236027904,76.08,United States
1346,"Csquare, Inc.",CSQR,3234365696,19.41,United States
1347,TriNet,TNET,3226643968,70.29,United States
1348,Ionic Digital,IOND,3226256896,71.82,United States
1349,Dana Incorporated,DAN,3225148928,29.98,United States
1350,Chesapeake Utilities,CPK,3219175936,133.54,United States
1351,Liberty Energy,LBRT,3216502784,19.71,United States
1352,Group 1 Automotive,GPI,3213516544,269.54,United States
1353,Delek Logistics Partners,DKL,3206016256,55.47,United States
1354,Dynex Capital,DX,3198871552,12.89,United States
1355,Fermi Inc.,FRMI,3183122432,4.97,United States
1356,"Atlanta Braves Holdings, Inc.",BATRK,3181444352,49.58,United States
1357,SoundHound AI,SOUN,3179826432,7.16,United States
1358,CarGurus,CARG,3176360192,35.66,United States
1359,Gulfport Energy,GPOR,3173369600,179.45,United States
1360,Astronics Corporation,ATRO,3168477696,73.67,United States
1361,Cushman &amp; Wakefield,CWK,3166287872,13.49,United States
1362,Black Stone Minerals,BSM,3165133312,14.88,United States
1363,Atkore,ATKR,3164150528,93.69,United States
1364,Steve Madden,SHOO,3159787008,43.18,United States
1365,Liftoff Mobile,LFTO,3146179584,18.58,United States
1366,IAC Inc.,IAC,3142127872,42.24,United States
1367,Perpetua Resources,PPTA,3119889408,24.94,United States
1368,First Hawaiian Bank,FHB,3116241152,25.61,United States
1369,Immunome,IMNM,3113162752,27.41,United States
1370,Avista,AVA,3112255232,37.16,United States
1371,Celldex Therapeutics,CLDX,3112125696,39.63,United States
1372,Opendoor,OPEN,3107491584,3.2,United States
1373,Green Brick Partners,GRBK,3106232576,72.22,United States
1374,California Water Service Group,CWT,3090099968,49.97,United States
1375,ArcBest,ARCB,3083816448,137.97,United States
1376,Park Hotels &amp; Resorts,PK,3080476672,15.3,United States
1377,Appian,APPN,3076405504,42.95,United States
1378,SPS Commerce,SPSC,3074415104,85.4,United States
1379,The Marzetti Company,MZTI,3074331136,112.65,United States
1380,Tootsie Roll Industries,TR,3071162624,40.86,United States
1381,UCT (Ultra Clean Holdings),UCTT,3071140864,67.83,United States
1382,Provident Financial Services,PFS,3051889152,23.4,United States
1383,Brighthouse Financial,BHF,3049263104,53.02,United States
1384,Ambarella,AMBA,3043574528,69.38,United States
1385,Warby Parker,WRBY,3040758272,24.6,United States
1386,Beam Therapeutics,BEAM,3039756032,29.43,United States
1387,Maximus,MMS,3024708096,57.77,United States
1388,Artisan Partners,APAM,3022318080,42.57,United States
1389,Disc Medicine,IRON,3019597312,78.65,United States
1390,Plug Power,PLUG,3017942016,2.16,United States
1391,Arcutis Biotherapeutics,ARQT,3012836096,23.97,United States
1392,YETI Holdings,YETI,2996190208,41.05,United States
1393,Bank of Hawaii,BOH,2995468544,75.93,United States
1394,Alpha Metallurgical Resources,AMR,2988450816,235.7,United States
1395,Baldwin Insurance Group,BWIN,2987470080,30.85,United States
1396,Acadia Realty Trust,AKR,2984442368,20.47,United States
1397,CleanSpark,CLSK,2984214272,11.62,United States
1398,DigitalBridge Group,DBRG,2983049984,15.91,United States
1399,Wingstop Restaurants,WING,2982513920,109.48,United States
1400,"Hayward Holdings, Inc.",HAYW,2980280320,14.05,United States
1401,MBX Biosciences,MBX,2966661888,61.6,United States
1402,National Beverage,FIZZ,2960950784,31.63,United States
1403,CBIZ,CBZ,2956838912,54.49,United States
1404,H.B. Fuller,FUL,2955618304,54.95,United States
1405,Banc of California,BANC,2950013440,18.62,United States
1406,Shake Shack,SHAK,2947218944,68.89,United States
1407,Infleqtion,INFQ,2945416704,13.07,United States
1408,AvePoint,AVPT,2944990720,13.92,United States
1409,TransMedics Group,TMDX,2942879488,84.87,United States
1410,Resideo Technologies,REZI,2939765248,19.36,United States
1411,Columbia Sportswear,COLM,2938489344,57.4,United States
1412,Extreme Networks,EXTR,2934734848,22.49,United States
1413,MGE Energy,MGEE,2932527104,77.69,United States
1414,Kyndryl,KD,2929655552,13.45,United States
1415,Aveanna Healthcare,AVAH,2929460992,13.42,United States
1416,ManpowerGroup,MAN,2927637248,62.95,United States
1417,Knowles,KN,2919324928,34.18,United States
1418,Urban Edge Properties,UE,2913459712,21.16,United States
1419,DXP Enterprises,DXPE,2913034240,187.73,United States
1420,DNOW Inc.,DNOW,2897997824,16.03,United States
1421,Talos Energy,TALO,2881824000,17.26,United States
1422,WD-40 Company,WDFC,2874127616,214.15,United States
1423,Harley-Davidson,HOG,2872401152,27.6,United States
1424,Power Integrations,POWI,2870769920,51.38,United States
1425,Quaker Houghton,KWR,2853037056,165.8,United States
1426,FB Financial,FBK,2846754560,56.96,United States
1427,Digi International,DGII,2843832576,74.94,United States
1428,Maravai LifeSciences,MRVI,2829532672,7.64,United States
1429,Alarm.com,ALRM,2825633536,57.56,United States
1430,NETSCOUT,NTCT,2823225088,38.83,United States
1431,Alumis,ALMS,2822982400,21.81,United States
1432,Restoration Hardware,RH,2822845696,149.15,United States
1433,Brookdale Senior Living,BKD,2815655424,11.79,United States
1434,Crane NXT,CXT,2814747904,48.9,United States
1435,Worthington Enterprises,WOR,2810354432,57.44,United States
1436,Callaway Golf Company,CALY,2804400384,15.71,United States
1437,Upstart,UPST,2790938368,28.68,United States
1438,American Eagle Outfitters,AEO,2786744320,16.63,United States
1439,Select Water Solutions,WTTR,2783308288,19.5,United States
1440,Adeia,ADEA,2782368256,25.23,United States
1441,Alignment Healthcare,ALHC,2779630848,13.4,United States
1442,Northern Oil and Gas,NOG,2771342848,26.01,United States
1443,Soleno Therapeutics,SLNO,2762888960,53.01,United States
1444,Titan America,TTAM,2750850304,14.92,United States
1445,McGrath RentCorp,MGRC,2746421760,112.44,United States
1446,ABM Industries,ABM,2731628544,46.63,United States
1447,Four Corners Property Trust,FCPT,2730739456,24.88,United States
1448,Axogen,AXGN,2728934144,50.76,United States
1449,Boise Cascade,BCC,2721874432,78.01,United States
1450,Visteon,VC,2718128384,101.82,United States
1451,Slide Insurance,SLDE,2715872512,23.25,United States
1452,Trump Media &amp; Technology Group,DJT,2715486464,9.77,United States
1453,Veeco,VECO,2703783168,44.3,United States
1454,Teradata,TDC,2696999936,29.0,United States
1455,SELLAS Life Sciences,SLS,2693955840,13.34,United States
1456,Grindr,GRND,2690743296,15.48,United States
1457,Central Garden &amp; Pet,CENT,2690230016,42.98,United States
1458,NextNav,NN,2679013120,15.87,United States
1459,Nurix Therapeutics,NRIX,2675491840,25.78,United States
1460,Redwire,RDW,2674920960,10.7,United States
1461,Trustmark,TRMK,2673723392,45.92,United States
1462,NBT Bancorp,NBTB,2671786240,51.42,United States
1463,Academy Sports + Outdoors,ASO,2664309248,42.96,United States
1464,Whirlpool,WHR,2662742528,40.84,United States
1465,Newell Brands,NWL,2661874944,6.25,United States
1466,John Wiley &amp; Sons,WLY,2659504640,52.39,United States
1467,"Lincoln International, Inc.",LCLN,2655383552,25.24,United States
1468,United Natural Foods,UNFI,2654369536,43.86,United States
1469,H2O America,HTO,2652465664,63.37,United States
1470,"The Bancorp, Inc.",TBBK,2651142400,65.0,United States
1471,WaFd Bank,WAFD,2646069760,35.76,United States
1472,BKV Corporation,BKV,2644017920,24.16,United States
1473,Customers Bancorp,CUBI,2640341760,78.18,United States
1474,Patrick Industries,PATK,2624704512,81.72,United States
1475,First Bancorp,FBNC,2624366848,63.43,United States
1476,Viridian Therapeutics,VRDN,2623848960,23.16,United States
1477,Privia Health Group,PRVA,2617273856,20.49,United States
1478,First Merchants Corporation,FRME,2604375040,41.47,United States
1479,Beacon Financial Corporation,BBT,2602489344,31.05,United States
1480,Euronet Worldwide,EEFT,2599923968,69.51,United States
1481,Kaiser Aluminum,KALU,2595908864,158.78,United States
1482,CareDx,CDNA,2592401920,50.11,United States
1483,Standard Nuclear,STDN,2588450816,16.11,United States
1484,Ducommun,DCO,2588403968,171.42,United States
1485,Aehr Test Systems,AEHR,2585822976,79.27,United States
1486,Five9,FIVN,2582445312,34.56,United States
1487,Supernus Pharmaceuticals,SUPN,2571607296,44.21,United States
1488,Curaleaf,CURLF,2569211136,9.7,United States
1489,Acadia Healthcare,ACHC,2565843456,27.56,United States
1490,FIGS,FIGS,2548591360,15.34,United States
1491,Advance Auto Parts,AAP,2544686080,42.18,United States
1492,Huron Consulting,HURN,2543861504,159.89,United States
1493,Kayne Anderson Capital Advisors,KYN,2530125568,14.96,United States
1494,GeneDx Holdings,WGS,2529249536,84.81,United States
1495,Diamondrock Hospitality Company,DRH,2528339968,12.31,United States
1496,Benchmark Electronics,BHE,2524452864,70.28,United States
1497,Neogen,NEOG,2521305344,11.56,United States
1498,Sunshine Silver Mining & Refining Company,SSMR,2519527424,17.53,United States
1499,InvenTrust Properties,IVT,2519483136,32.31,United States
1500,Penguin Solutions,PENG,2514991872,49.08,United States
1501,Hawkins,HWKN,2510650112,120.27,United States
1502,Coty,COTY,2509329152,2.85,United States
1503,PHINIA,PHIN,2507510784,68.44,United States
1504,Sonic Automotive,SAH,2486504192,78.65,United States
1505,First Busey,BUSE,2485566464,30.1,United States
1506,Ultragenyx Pharmaceutical,RARE,2485425408,25.21,United States
1507,Ouster,OUST,2483548672,34.44,United States
1508,Precigen,PGEN,2481184000,6.93,United States
1509,BioCryst Pharmaceuticals,BCRX,2478690560,9.7,United States
1510,Intuitive Machines,LUNR,2464547328,15.36,United States
1511,Stock Yards Bancorp,SYBT,2460788736,79.21,United States
1512,AtriCure,ATRC,2459385344,48.35,United States
1513,Vera Therapeutics,VERA,2455918592,34.08,United States
1514,Goosehead Insurance,GSHD,2453426944,68.65,United States
1515,Prestige Consumer Healthcare,PBH,2453052672,51.78,United States
1516,LCI Industries,LCII,2446467072,100.63,United States
1517,Atrium Therapeutics,RNA,2438628096,15.47,United States
1518,nLIGHT,LASR,2438564608,42.27,United States
1519,Hub Group,HUBG,2438190336,39.87,United States
1520,StubHub Holdings,STUB,2437733888,6.38,United States
1521,Nektar Therapeutics,NKTR,2437126656,71.38,United States
1522,V2X,VVX,2418607872,77.16,United States
1523,Merchants Bancorp,MBIN,2418180352,52.64,United States
1524,Payoneer,PAYO,2409229568,7.11,United States
1525,Uniti,UNIT,2407833344,9.92,United States
1526,Helios Technologies,HLIO,2406051072,73.02,United States
1527,Calix,CALX,2400187136,38.12,United States
1528,nCino,NCNO,2389637632,22.6,United States
1529,Federal Agricultural Mortgage Corporation,AGM,2386620928,219.9,United States
1530,Banner Bank,BANR,2383701504,70.14,United States
1531,Ingevity,NGVT,2382046208,69.29,United States
1532,Medical Properties Trust,MPT,2370884096,3.97,United States
1533,Trevi Therapeutics,TRVI,2365099008,16.6,United States
1534,Asana,ASAN,2365030912,10.26,United States
1535,AMC Entertainment,AMC,2356476160,2.64,United States
1536,Peloton,PTON,2352353024,5.36,United States
1537,Werner Enterprises,WERN,2349904896,39.18,United States
1538,Pitney Bowes,PBI,2348355072,17.13,United States
1539,Kodiak Sciences,KOD,2347427072,37.35,United States
1540,Blackstone Mortgage Trust,BXMT,2342755840,13.9,United States
1541,Chemours,CC,2341764352,15.56,United States
1542,Nuvation Bio,NUVB,2338480640,6.66,United States
1543,Mister Car Wash,MCW,2335151104,7.1,United States
1544,Rapport Therapeutics,RAPP,2335103232,48.67,United States
1545,Skyward Specialty Insurance Group,SKWD,2327577344,57.41,United States
1546,Douglas Emmett,DEI,2324491520,11.56,United States
1547,Innospec,IOSP,2311870208,93.86,United States
1548,HCI Group,HCI,2310270720,185.73,United States
1549,UFP Technologies,UFPT,2307858176,297.95,United States
1550,Biohaven,BHVN,2306438656,15.27,United States
1551,Ocular Therapeutix,OCUL,2303770368,10.49,United States
1552,Diebold Nixdorf,DBD,2302936320,67.84,United States
1553,NeoGenomics,NEO,2300995072,17.91,United States
1554,CSG International,CSGS,2300464128,80.69,United States
1555,Flywire,FLYW,2298302208,18.89,United States
1556,Vertex,VERX,2297006592,14.16,United States
1557,Trinity Industries,TRN,2296074496,28.82,United States
1558,ARMOUR Residential REIT,ARR,2295990272,16.22,United States
1559,ePlus,PLUS,2295174144,87.97,United States
1560,Harmony Biosciences,HRMY,2293349120,39.38,United States
1561,LiveRamp,RAMP,2293186816,37.72,United States
1562,Enterprise Financial Services Corp,EFSC,2288453120,63.23,United States
1563,Applied Aerospace &amp; Defense,AADX,2275594496,13.2,United States
1564,Mineralys Therapeutics,MLYS,2269404928,25.67,United States
1565,Rogers Corporation,ROG,2243726848,125.57,United States
1566,PENN Entertainment,PENN,2243558656,16.71,United States
1567,Northwest Bancshares,NWBI,2238402560,15.29,United States
1568,Kennametal,KMT,2236266240,29.34,United States
1569,Western Union,WU,2233053440,7.16,United States
1570,Quantinuum Inc.,QNT,2229901824,71.1,United States
1571,Trulieve Cannabis,TRUL.CN,2227958461,11.5854,United States
1572,Dentsply Sirona,XRAY,2226782720,11.17,United States
1573,Day One Biopharmaceuticals,DAWN,2224784640,21.53,United States
1574,Sarepta Therapeutics,SRPT,2221336320,21.03,United States
1575,LendingClub,LC,2215891200,19.21,United States
1576,Minerals Technologies,MTX,2207651840,70.92,United States
1577,Clover Health Investments,CLOV,2204298496,4.15,United States
1578,"The Andersons, Inc.",ANDE,2203995136,64.87,United States
1579,OFG Bancorp,OFG,2199919104,52.05,United States
1580,Bob's Discount Furniture,BOBS,2199463424,16.83,United States
1581,Palvella Therapeutics,PVLA,2198578688,152.59,United States
1582,Buckle,BKE,2194581248,42.6,United States
1583,"Interface, Inc.",TILE,2191793408,37.92,United States
1584,NGL Energy Partners,NGL,2186746368,17.52,United States
1585,Hycroft Mining,HYMC,2183246848,23.43,United States
1586,Cohu,COHU,2182301696,46.1,United States
1587,Alkami Technology,ALKT,2181616384,20.4,United States
1588,Blackbaud,BLKB,2181448192,48.06,United States
1589,Hilltop Holdings,HTH,2179748096,38.05,United States
1590,LTC Properties,LTC,2173472256,40.32,United States
1591,"Strive Asset Management, LLC",ASST,2172132352,24.22,United States
1592,Monarch Casino &amp; Resort,MCRI,2158767360,120.45,United States
1593,Innovex International,INVX,2144931712,30.67,United States
1594,Addus HomeCare,ADUS,2141381888,114.67,United States
1595,Dorian LPG,LPG,2140845312,50.04,United States
1596,Hemab Therapeutics Holdings,COAG,2136145024,45.73,United States
1597,Pediatrix Medical Group,MD,2131273344,26.23,United States
1598,Global Net Lease,GNL,2123497984,9.18,United States
1599,Stagwell,STGW,2122046976,8.68,United States
1600,Midera Food Processing,MFP,2120403840,46.88,United States
1601,Alamar Biosciences,ALMR,2119255168,30.54,United States
1602,Under Armour,UA,2117659392,4.93,United States
1603,Zenas BioPharma,ZBIO,2106511744,32.32,United States
1604,UroGen Pharma,URGN,2106263552,43.09,United States
1605,ADMA Biologics,ADMA,2103216128,9.39,United States
1606,Butterfly Network,BFLY,2100990080,7.89,United States
1607,Stewart Information Services,STC,2095349120,68.65,United States
1608,Custom Truck One Source,CTOS,2095325952,9.21,United States
1609,First Commonwealth Financial Corp,FCF,2091857792,20.7,United States
1610,Mach Natural Resources LP,MNR,2086851200,12.5,United States
1611,Perdoceo Education,PRDO,2080061440,33.24,United States
1612,Allegiant Travel Company,ALGT,2079036416,76.05,United States
1613,Sunstone Hotel Investors,SHO,2076993792,11.17,United States
1614,DoubleVerify,DV,2076833536,13.4,United States
1615,Netstreit,NTST,2075298432,20.36,United States
1616,NW Natural Holdings,NWN,2065529856,49.07,United States
1617,1st Source,SRCE,2062126720,85.63,United States
1618,Horace Mann Educators,HMN,2061098752,50.89,United States
1619,Centuri Holdings,CTRI,2060656000,20.41,United States
1620,Encore Capital Group,ECPG,2057520640,97.01,United States
1621,Voyager Technologies,VOYG,2052407296,33.63,United States
1622,Driven Brands,DRVN,2049049216,12.42,United States
1623,Select Medical Holdings,SEM,2046298112,16.51,United States
1624,Pebblebrook Hotel Trust,PEB,2044710144,18.12,United States
1625,Sunrun,RUN,2044367232,8.57,United States
1626,Utz Brands,UTZ,2044263296,14.2,United States
1627,Vericel,VCEL,2043144064,39.9,United States
1628,Insperity,NSP,2037717760,53.35,United States
1629,Expro Group,XPRO,2035766784,18.12,United States
1630,Xencor,XNCR,2027245440,27.265,United States
1631,Kohl's,KSS,2020787840,17.82,United States
1632,PC Connection,CNXN,2015767168,79.87,United States
1633,Thermon Group,THR,2013932928,61.14,United States
1634,Stoke Therapeutics,STOK,2013218688,31.2,United States
1635,Agios Pharmaceuticals,AGIO,2010759296,33.68,United States
1636,Fluence Energy,FLNC,2009680384,10.81,United States
1637,City Holding Company,CHCO,2008733312,142.95,United States
1638,Getty Realty,GTY,2007858048,32.42,United States
1639,NextDecade Corp,NEXT,2007038208,7.54,United States
1640,Ichor Systems,ICHR,2006423040,53.57,United States
1641,Alamo Group,ALG,2003097472,164.58,United States
1642,Kailera Therapeutics,KLRA,1996512640,15.4,United States
1643,Genesis Energy  L.P.,GEL,1994537728,16.32,United States
1644,Gorman-Rupp,GRC,1991332480,75.4,United States
1645,EZCorp,EZPW,1985849856,32.32,United States
1646,Spectrum Brands,SPB,1984749824,86.31,United States
1647,Olin Corporation,OLN,1983295232,17.4,United States
1648,Progyny,PGNY,1963438848,25.59,United States
1649,Generate Biomedicines,GENB,1959941632,15.27,United States
1650,Preformed Line Products,PLPC,1959635840,400.85,United States
1651,Keel Infrastructure,KEEL,1945355648,3.15,United States
1652,Veris Residential,VRE,1943780352,18.99,United States
1653,Innodata,INOD,1939869184,56.42,United States
1654,Hawaiian Electric Industries,HE,1938008192,11.22,United States
1655,BlackLine,BL,1930921600,33.22,United States
1656,Porch Group,PRCH,1928702080,16.99,United States
1657,Enerpac Tool Group,EPAC,1923591040,37.32,United States
1658,Sprinklr,CXM,1923018240,8.21,United States
1659,Kimbell Royalty Partners,KRP,1921242368,14.95,United States
1660,Century Communities,CCS,1920642432,67.55,United States
1661,Protolabs,PRLB,1915186944,80.06,United States
1662,Lucid Motors,LCID,1911240320,4.85,United States
1663,Progress Software,PRGS,1897668992,46.27,United States
1664,Ziff Davis,ZD,1890939520,55.15,United States
1665,Astrana Health,ASTH,1890422528,38.11,United States
1666,"Kardigan, Inc.",KARD,1885034496,20.16,United States
1667,PDF Solutions,PDFS,1878266496,44.48,United States
1668,Amplitude,AMPL,1869931392,14.1,United States
1669,Coursera,COUR,1867058176,6.52,United States
1670,Inhibrx Biosciences,INBX,1864727424,126.7,United States
1671,Quantum Computing,QUBT,1862834560,8.23,United States
1672,HawkEye 360,HAWK,1857426816,18.96,United States
1673,Xenia Hotels &amp; Resorts,XHR,1854905216,18.75,United States
1674,Taysha Gene Therapies,TSHA,1853992832,5.69,United States
1675,German American Bancorp,GABC,1853386752,49.32,United States
1676,Vir Biotechnology,VIR,1851222400,10.94,United States
1677,Sonos,SONO,1845386112,15.6,United States
1678,Target Hospitality,TH,1845025920,18.52,United States
1679,A10 Networks,ATEN,1843543040,25.39,United States
1680,Blue Bird Corporation,BLBD,1840249088,58.15,United States
1681,Strategic Education,STRA,1839674240,82.84,United States
1682,National Bank Holdings,NBHC,1839037952,41.29,United States
1683,Concentrix,CNXC,1836652416,30.1,United States
1684,Republic Bank,RBCAA,1835989632,93.51,United States
1685,LeMaitre Vascular,LMAT,1835943808,80.28,United States
1686,Boston Beer Company,SAM,1829963776,177.81,United States
1687,World Kinect,WKC,1828670464,35.75,United States
1688,Recursion Pharmaceuticals,RXRX,1823321728,3.4,United States
1689,Live Oak Bank,LOB,1823111808,39.39,United States
1690,Inspire Medical Systems,INSP,1821064576,62.99,United States
1691,OceanFirst Financial,OCFC,1820795904,18.84,United States
1692,Surgery Partners,SGRY,1818454656,13.89,United States
1693,United Parks &amp; Resorts,PRKS,1814105600,40.01,United States
1694,Biolife Solutions,BLFS,1812971520,37.07,United States
1695,P3 Health Partners,PIII,1810812672,9.06,United States
1696,DXC Technology,DXC,1805499264,11.3,United States
1697,Goodyear,GT,1805125120,6.27,United States
1698,Sonida Senior Living,SNDA,1801799680,37.5,United States
1699,Braveheart Bio,BRVE,1801647360,25.5,United States
1700,Sixth Street Specialty Lending,TSLX,1798171648,18.86,United States
1701,SmartStop Self Storage REIT,SMA,1797828352,32.47,United States
1702,Lyntris Inc.,LYNX,1794096512,13.58,United States
1703,Personalis,PSNL,1792101888,16.78,United States
1704,Dime Community Bancshares,DCOM,1783926528,40.4,United States
1705,Intellia Therapeutics,NTLA,1783812736,12.73,United States
1706,Anterix,ATEX,1782333440,90.89,United States
1707,Septerna,SEPN,1780725632,38.15,United States
1708,Evertec,EVTC,1770467840,29.63,United States
1709,Hope Bancorp,HOPE,1761559936,13.79,United States
1710,Soho House & Co,SHCO,1758889344,8.99,United States
1711,Ellington Financial,EFC,1757109888,13.38,United States
1712,Worthington Steel,WS,1755111040,34.45,United States
1713,Fortrea,FTRE,1746987136,18.37,United States
1714,S&amp;T Bancorp,STBA,1744936576,49.48,United States
1715,Weis Markets,WMK,1744246528,70.49,United States
1716,Lindblad Expeditions,LIND,1742858880,26.56,United States
1717,American Assets Trust,AAT,1742575872,22.46,United States
1718,Global Partners LP,GLP,1738145024,51.35,United States
1719,Jetblue Airways,JBLU,1735636096,4.6,United States
1720,Syndax Pharmaceuticals,SNDX,1722540928,19.29,United States
1721,Byline Bancorp,BY,1713468928,37.92,United States
1722,IDT Corporation,IDT,1712200704,68.85,United States
1723,TriCo Bancshares,TCBK,1706378752,53.38,United States
1724,Kosmos Energy,KOS,1703094656,2.86,United States
1725,Triumph Financial,TFIN,1702485632,71.25,United States
1726,CBL Properties,CBL,1692259328,54.69,United States
1727,Pathward Financial,CASH,1692198016,81.46,United States
1728,Green Thumb Industries,GTII.CN,1691355778,7.73761,United States
1729,RLJ Lodging Trust,RLJ,1690740608,11.04,United States
1730,AnaptysBio,ANAB,1688571520,57.03,United States
1731,Liberty Latin America,LILA,1686698880,8.61,United States
1732,ANI Pharmaceuticals,ANIP,1682578304,73.25,United States
1733,C3 AI,AI,1681961216,10.82,United States
1734,Huntsman Corporation,HUN,1680127232,9.58,United States
1735,MasterBrand,MBC,1678796544,8.25,United States
1736,Sila Realty Trust,SILA,1677119744,30.36,United States
1737,Trinity Capital,TRIN,1673708032,18.62,United States
1738,Bank First,BFC,1670157568,150.66,United States
1739,Perella Weinberg Partners,PWP,1662864768,16.63,United States
1740,Photronics,PLAB,1659238400,28.14,United States
1741,Kemper,KMPR,1659075840,28.18,United States
1742,Vestis,VSTS,1653322880,12.51,United States
1743,J&amp;J Snack Foods,JJSF,1647344256,88.18,United States
1744,Origin Bancorp,OBK,1639043456,53.13,United States
1745,Atlas Energy Solutions,AESI,1636263168,13.1,United States
1746,QCR Holdings,QCRH,1628882304,99.47,United States
1747,Central Securities,CET,1625209472,55.0,United States
1748,Turning Point Brands,TPB,1623361280,80.97,United States
1749,Wolverine World Wide,WWW,1619168768,19.73,United States
1750,CTS Corporation,CTS,1612568448,56.47,United States
1751,Distribution Solutions Group,DSGR,1609226240,34.79,United States
1752,Omnicell,OMCL,1599038336,35.16,United States
1753,ICF International,ICFI,1597908992,89.1,United States
1754,Allient,ALNT,1597842176,94.01,United States
1755,SkyWater Technology,SKYT,1597181312,32.46,United States
1756,Savers Value Village,SVV,1582913024,10.33,United States
1757,Wendy’s,WEN,1582303744,8.3,United States
1758,ConnectOne Bancorp,CNOB,1582055552,31.44,United States
1759,Revolve Group,RVLV,1579518080,22.22,United States
1760,i-80 Gold,IAUX,1575941120,1.82,United States
1761,Albany International,AIN,1572612736,55.43,United States
1762,Innovative Industrial Properties,IIPR,1569361024,56.92,United States
1763,EverCommerce,EVCM,1567020672,8.87,United States
1764,Bandwidth,BAND,1558515584,48.43,United States
1765,Ingles Markets,IMKTA,1553740032,81.8,United States
1766,Absci,ABSI,1551390720,9.04,United States
1767,Novavax,NVAX,1545541504,9.37,United States
1768,Six Flags,FUN,1539860480,15.05,United States
1769,Avalyn Pharma,AVLN,1539688448,34.73,United States
1770,MillerKnoll,MLKN,1538904064,22.59,United States
1771,Xeris Pharmaceuticals,XERS,1538783232,8.44,United States
1772,Sally Beauty Holdings,SBH,1533533056,16.38,United States
1773,Phibro Animal Health,PAHC,1532304640,37.74,United States
1774,Tandem Diabetes Care,TNDM,1531427328,22.01,United States
1775,Bicara Therapeutics,BCAX,1529918336,23.12,United States
1776,Ardent Health,ARDT,1526116608,10.82,United States
1777,Safety Insurance,SAFT,1522953216,103.74,United States
1778,Kennedy Wilson,KW,1521191808,10.92,United States
1779,PROG Holdings,PRG,1518780160,38.13,United States
1780,Alexander &amp; Baldwin,ALEX,1518725120,20.84,United States
1781,Helix Energy Solutions,HLX,1518039296,10.3,United States
1782,Exzeo Group,XZO,1511641856,16.78,United States
1783,Healthcare Services Group,HCSG,1509222016,21.99,United States
1784,Kestra Medical Technologies,KMTS,1509030400,25.75,United States
1785,BigBear.ai,BBAI,1500817792,3.13,United States
1786,Innoviva,INVA,1500538880,20.77,United States
1787,ARKO Petroleum,APC,1498649472,18.15,United States
1788,Hillman Solutions,HLMN,1497996416,7.7,United States
1789,Tyra Biosciences,TYRA,1493713792,25.03,United States
1790,CONMED,CNMD,1493069696,49.85,United States
1791,Energizer Holdings,ENR,1491573760,21.78,United States
1792,Global Industrial Company,GIC,1490036096,39.1,United States
1793,Dauch Corporation,DCH,1487404928,6.26,United States
1794,ArriVent BioPharma,AVBP,1481697152,30.05,United States
1795,Maze Therapeutics,MAZE,1475941376,26.57,United States
1796,Agilon Health,AGL,1475779456,87.89,United States
1797,Lakeland Financial Corp,LKFN,1468849792,59.09,United States
1798,Flowers Foods,FLO,1466993152,6.92,United States
1799,InnovAge,INNV,1465953152,10.8,United States
1800,Schrödinger,SDGR,1458709760,19.5,United States
1801,"RPC, Inc.",RES,1447420288,6.53,United States
1802,FMC Corporation,FMC,1443865472,11.53,United States
1803,Amprius Technologies,AMPX,1443276544,9.88,United States
1804,Forestar Group,FOR,1442268416,28.27,United States
1805,Replimune,REPL,1441560448,15.3,United States
1806,Aktis Oncology,AKTS,1441101184,25.91,United States
1807,KalVista Pharmaceuticals,KALV,1437504000,27.0,United States
1808,Amalgamated Financial,AMAL,1437300096,48.07,United States
1809,WEBTOON Entertainment,WBTN,1430394752,10.54,United States
1810,Azenta,AZTA,1430344064,32.65,United States
1811,Sylvamo,SLVM,1428187904,35.92,United States
1812,Wolfspeed,WOLF,1424035584,27.4,United States
1813,Stepan Company,SCL,1422081280,62.61,United States
1814,Dorchester Minerals,DMLP,1419232640,28.91,United States
1815,Enovis,ENOV,1418092928,24.59,United States
1816,Arlo Technologies,ARLO,1415114880,13.15,United States
1817,Peoples Bancorp,PEBO,1415048960,39.37,United States
1818,Ambiq Micro,AMBQ,1410200320,58.31,United States
1819,UMH Properties,UMH,1400983936,16.45,United States
1820,Tompkins Financial,TMP,1396867712,97.12,United States
1821,ProPetro,PUMP,1395279744,11.36,United States
1822,The Greenbrier Companies,GBX,1394451584,45.07,United States
1823,Hudson Pacific Properties,HPP,1393647488,12.57,United States
1824,Latigo Biotherapeutics,LTGO,1392501504,22.02,United States
1825,Olaplex,OLPX,1391282176,2.07,United States
1826,Walker &amp; Dunlop,WD,1391222400,40.53,United States
1827,TriMas,TRS,1391188736,38.78,United States
1828,Newsmax,NMAX,1389768576,10.76,United States
1829,Alto Neuroscience,ANRO,1388385664,35.38,United States
1830,Empire State Realty Trust,ESRT,1387746816,4.53,United States
1831,"Alexander's, Inc.",ALX,1387446400,271.66,United States
1832,United Fire Group,UFCS,1384752000,53.87,United States
1833,"Harrow, Inc.",HROW,1383676416,36.91,United States
1834,Community Trust Bancorp,CTBI,1383126272,76.13,United States
1835,FuelCell Energy,FCEL,1377610752,17.23,United States
1836,Wealthfront Corporation,WLTH,1375616768,9.21,United States
1837,G-III Apparel Group,GIII,1374990720,32.59,United States
1838,Atlanticus,ATLC,1372433408,90.47,United States
1839,Omeros Corporation,OMER,1360176640,18.79,United States
1840,XPEL,XPEL,1358135040,49.26,United States
1841,Cullinan Therapeutics,CGEM,1356379136,22.07,United States
1842,REX American Resources,REX,1353081472,41.08,United States
1843,BJ's Restaurants,BJRI,1352798720,63.59,United States
1844,National Vision Holdings,EYE,1350503808,17.08,United States
1845,ORIC Pharmaceuticals,ORIC,1346448000,12.99,United States
1846,Bristow Group,VTOL,1345450368,45.39,United States
1847,Seneca Foods,SENEA,1342513920,198.29,United States
1848,Westamerica Bancorporation,WABC,1341602304,58.05,United States
1849,Willdan Group,WLDN,1339662336,87.95,United States
1850,Gibraltar Industries,ROCK,1334489856,44.99,United States
1851,Vor Biopharma,VOR,1329968384,22.48,United States
1852,Everforth,EFOR,1329219968,32.42,United States
1853,AMN Healthcare Services,AMN,1327664128,34.28,United States
1854,MeiraGTx,MGTX,1326353792,13.81,United States
1855,First Mid Bancshares,FMBH,1323711104,49.76,United States
1856,Edgewell Personal Care,EPC,1323673600,28.72,United States
1857,CVR Partners,UAN,1323530112,125.22,United States
1858,Pursuit Attractions and Hospitality,PRSU,1317564672,48.0,United States
1859,Artivion,AORT,1315930368,26.99,United States
1860,Integra LifeSciences,IART,1315910784,16.92,United States
1861,Corsair Gaming,CRSR,1314350080,12.15,United States
1862,Frontier Airlines,ULCC,1312229888,5.7,United States
1863,PureCycle Technologies,PCT,1311908480,6.53,United States
1864,Red Cat Holdings,RCAT,1311816448,8.59,United States
1865,T1 Energy,TE,1310645376,4.45,United States
1866,Orchid Island Capital,ORC,1310140160,6.59,United States
1867,Harmonic Inc.,HLIT,1306615936,11.98,United States
1868,Liquidity Services,LQDT,1305901824,41.68,United States
1869,Digital Turbine,APPS,1302134912,10.76,United States
1870,Ryerson,RYZ,1300580224,25.06,United States
1871,LGI Homes,LGIH,1300508288,55.94,United States
1872,NAPCO Security Technologies,NSSC,1296248192,36.24,United States
1873,Nutex Health,NUTX,1292623360,188.76,United States
1874,HBT Financial,HBT,1290251904,35.48,United States
1875,ProAssurance,PRA,1290193152,25.0,United States
1876,MannKind Corp,MNKD,1289393408,4.01,United States
1877,Oil-Dri Corporation Of America,ODC,1288447616,88.93,United States
1878,The Pennant Group,PNTG,1283992576,36.76,United States
1879,Two Harbors Investment,TWO,1280541440,12.18,United States
1880,Old Second Bancorp,OSBC,1275963008,25.08,United States
1881,Dream Finders Homes,DFH,1272018432,14.05,United States
1882,Oppenheimer Holdings,OPY,1272003968,118.79,United States
1883,Trupanion,TRUP,1271536768,29.15,United States
1884,"Cadre Holdings, Inc.",CDRE,1270062976,29.66,United States
1885,Seaport Therapeutics,SPTX,1267603456,23.68,United States
1886,La-Z-Boy,LZB,1267269632,31.64,United States
1887,Certara,CERT,1264546560,8.29,United States
1888,Ategrity Specialty Insurance Company,ASIC,1259040384,26.27,United States
1889,Leggett &amp; Platt,LEG,1256618752,9.2,United States
1890,BellRing Brands,BRBR,1252316160,10.77,United States
1891,York Space Systems,YSS,1248580608,9.09,United States
1892,The RealReal,REAL,1245912192,10.24,United States
1893,Ladder Capital,LADR,1243280000,9.8,United States
1894,Cricut,CRCT,1238402048,5.9,United States
1895,Biglari,BH,1237106048,388.48,United States
1896,Cracker Barrel,CBRL,1234694656,55.24,United States
1897,ZoomInfo,GTM,1234306560,4.24,United States
1898,Arhaus,ARHS,1232813952,8.71,United States
1899,NexPoint Residential Trust,NXRT,1223526016,23.71,United States
1900,ASA Gold and Precious Metals,ASA,1217647360,64.81,United States
1901,Preferred Bank,PFBC,1214114688,102.43,United States
1902,Yelp,YELP,1212791936,22.35,United States
1903,Myers Industries,MYE,1207163904,32.09,United States
1904,PROCEPT BioRobotics,PRCT,1206679552,21.2,United States
1905,Clear Channel Outdoor,CCO,1206552320,2.37,United States
1906,Gentherm,THRM,1206407680,39.29,United States
1907,Easterly Government Properties,DEA,1202112512,24.53,United States
1908,Marcus &amp; Millichap,MMI,1198995968,31.66,United States
1909,Piedmont Realty Trust,PDM,1197521024,9.57,United States
1910,Universal Insurance Holdings,UVE,1196148736,42.98,United States
1911,Winmark,WINA,1195186432,332.72,United States
1912,Jefferson Capital,JCAP,1195025408,20.81,United States
1913,ACV Auctions,ACVA,1193750144,7.03,United States
1914,GoodRx,GDRX,1190597376,3.49,United States
1915,Monte Rosa Therapeutics,GLUE,1189268736,13.94,United States
1916,Carter's,CRI,1189075200,32.39,United States
1917,Donnelley Financial Solutions,DFIN,1187474048,48.3,United States
1918,Tennant Company,TNC,1186631552,69.6,United States
1919,Grocery Outlet,GO,1184059648,11.95,United States
1920,Unusual Machines,UMAC,1182470400,23.67,United States
1921,Corvus Pharmaceuticals,CRVS,1181058048,14.04,United States
1922,Odyssey Therapeutics,ODTX,1178395136,24.52,United States
1923,Marten Transport,MRTN,1177561344,14.42,United States
1924,Suburban Propane Partners,SPH,1174805248,17.61,United States
1925,Red Violet,RDVT,1173996800,73.16,United States
1926,Ameresco,AMRC,1173824640,22.12,United States
1927,National Healthcare Properties,NHP,1170852352,16.06,United States
1928,Avanos Medical,AVNS,1170726912,24.99,United States
1929,Prospect Capital,PSEC,1169062144,2.28,United States
1930,Heritage Financial,HFWA,1168957568,28.57,United States
1931,Lindsay Corporation,LNN,1168506624,114.91,United States
1932,Shoals Technologies,SHLS,1164635648,6.92,United States
1933,Eos Energy Enterprises,EOSE,1164633216,3.22,United States
1934,Universal Technical Institute,UTI,1164162176,21.13,United States
1935,ScanSource,SCSC,1160327296,57.09,United States
1936,"U.S. Physical Therapy, Inc.",USPH,1160090496,77.74,United States
1937,Sana Biotechnology,SANA,1158525696,3.87,United States
1938,NCR Voyix Corporation,VYX,1157025792,8.38,United States
1939,MarineMax,HZO,1152485888,52.18,United States
1940,Teladoc Health,TDOC,1151876736,6.34,United States
1941,Univest Financial Corporation,UVSP,1145153536,41.52,United States
1942,Willis Lease Finance Corporation,WLFC,1144530816,54.13,United States
1943,Genco Shipping &amp; Trading,GNK,1143276544,26.23,United States
1944,Herbalife,HLF,1139326848,10.99,United States
1945,Great Lakes Dredge &amp; Dock Corp.,GLDD,1135273600,17.0,United States
1946,Universal Corporation,UVV,1132916096,45.5,United States
1947,STAAR Surgical,STAA,1132752640,22.59,United States
1948,Saul Centers,BFS,1132512896,32.61,United States
1949,XPLR Infrastructure,XIFR,1131600000,12.0,United States
1950,Upwork,UPWK,1127877376,9.03,United States
1951,NPK International,NPKI,1127603456,13.28,United States
1952,Metropolitan Bank Holding,MCB,1125470208,90.78,United States
1953,Kura Oncology,KURA,1125351808,12.65,United States
1954,Amerant Bancorp,AMTB,1125140736,28.71,United States
1955,Five Star Bancorp,FSBC,1124267648,45.82,United States
1956,Mission Produce,AVO,1123427968,12.72,United States
1957,Babcock &amp; Wilcox,BW,1123196672,7.54,United States
1958,Lumexa Imaging,LMRI,1121195008,11.67,United States
1959,O-I Glass,OI,1117106304,7.27,United States
1960,Janux Therapeutics,JANX,1113911936,18.22,United States
1961,Ecovyst,ECVT,1113293696,10.17,United States
1962,PagerDuty,PD,1112109184,14.14,United States
1963,QuinStreet,QNST,1109759744,19.44,United States
1964,TripAdvisor,TRIP,1107758336,9.52,United States
1965,Savara,SVRA,1107429504,5.39,United States
1966,Virtus Investment Partners,VRTS,1105891200,165.5,United States
1967,IRadimed,IRMD,1104540288,86.38,United States
1968,Bowhead Specialty Holdings,BOW,1104249472,33.52,United States
1969,OPKO Health,OPK,1097102592,1.47,United States
1970,CRA International,CRAI,1095312128,174.5,United States
1971,Middlesex Water Company,MSEX,1092948864,58.0,United States
1972,Aeva Technologies,AEVA,1091592192,15.66,United States
1973,Northeast Bank,NBN,1082937472,126.58,United States
1974,National Presto Industries,NPK,1082612736,151.71,United States
1975,Arteris,AIP,1075447936,21.88,United States
1976,eXp World Holdings,EXPI,1073469056,6.74,United States
1977,Safehold,SAFE,1072158528,15.14,United States
1978,LegalZoom,LZ,1066979776,6.23,United States
1979,Upbound Group,UPBD,1066879040,18.3,United States
1980,Capitol Federal Financial,CFFN,1062210880,8.61,United States
1981,Resolute Holdings Management,RHLD,1059711552,135.52,United States
1982,Northwest Pipe Company,NWPX,1059321216,109.92,United States
1983,Deluxe Corporation,DLX,1059280256,23.1,United States
1984,Securitize Corp.,SECZ,1054696320,6.46,United States
1985,Phoenix Education Partners,PXED,1049339136,29.11,United States
1986,"Apnimed, Inc.",APMD,1045358592,26.25,United States
1987,Compass Minerals,CMP,1043644480,24.86,United States
1988,HighPeak Energy,HPK,1035648384,8.19,United States
1989,Mercantile Bank,MBWM,1033007040,59.76,United States
1990,Pacira Biosciences,PCRX,1032422912,25.9,United States
1991,Kforce,KFRC,1031200256,57.58,United States
1992,BrightView,BV,1028785984,11.11,United States
1993,Solid Biosciences,SLDB,1027217792,9.58,United States
1994,Graham Corporation,GHM,1023586624,87.21,United States
1995,Tetra Technologies,TTI,1021702208,6.9,United States
1996,"Sinclair, Inc.",SBGI,1017534784,14.1,United States
1997,Equity Bancshares,EQBK,1016445312,49.36,United States
1998,Arbor Realty Trust,ABR,1015668608,5.01,United States
1999,Kronos Worldwide,KRO,1015160064,8.82,United States
2000,Diversified Energy,DEC.L,1012924998,14.6612,United States
2001,Green Plains,GPRE,1012877504,14.45,United States
2002,Simply Good Foods,SMPL,1012651840,11.45,United States
2003,Service Properties Trust,SVC,1010174016,7.8,United States
2004,Taboola.com,TBLA,1007679616,3.73,United States
2005,Glass House Brands,GLASF,1007483904,11.81,United States
2006,Arbutus Biopharma,ABUS,1006377152,5.08,United States
2007,Ventyx Biosciences,VTYX,1004502016,14.0,United States
2008,MetroCity Bankshares,MCBS,1002162368,34.82,United States
2009,CNB Financial Corp,CCNE,1001778304,33.82,United States
2010,Lexicon Pharmaceuticals,LXRX,1001150848,2.25,United States
2011,Heritage Insurance,HRTG,999603776,33.62,United States
2012,Immix Biopharma,IMMX,998795008,14.03,United States
2013,Emerald Holding,EEX,997505920,5.04,United States
2014,Horizon Bancorp,HBNC,997110592,19.42,United States
2015,AEVEX Corp.,AVEX,993877888,17.6,United States
2016,QuidelOrtho,QDEL,989543360,14.43,United States
2017,Barings BDC,BBDC,988432896,9.44,United States
2018,Whitestone REIT,WSR,988012416,18.99,United States
2019,"MNTN, Inc.",MNTN,983661504,13.15,United States
2020,American Bitcoin Corp,ABTC,983085056,8.07,United States
2021,NANO Nuclear Energy,NNE,982139072,18.29,United States
2022,Global Medical REIT,GMRE,979776256,35.98,United States
2023,NB Bancorp,NBBK,978466816,22.33,United States
2024,Astec Industries,ASTE,978336384,42.55,United States
2025,Unitil Corporation,UTL,976391552,53.54,United States
2026,Ardelyx,ARDX,975948992,3.78,United States
2027,Trustco Bank,TRST,965813440,56.72,United States
2028,Quantum Corporation,QMCO,958845312,24.33,United States
2029,Chimera Investment Corporation,CIM,958583360,11.46,United States
2030,Amphastar Pharmaceuticals,AMPH,958379904,22.53,United States
2031,Central Pacific Financial,CPF,958319424,37.22,United States
2032,Geron,GERN,957285376,1.49,United States
2033,Heartland Express,HTLD,955831040,12.36,United States
2034,Camden National Corporation,CAC,954345280,56.48,United States
2035,Karat Packaging,KRT,949547136,47.64,United States
2036,Oxford Lane Capital,OXLC,948178112,9.71,United States
2037,Ridgepost Capital,RPC,948050624,8.6,United States
2038,Douglas Dynamics,PLOW,947774272,41.07,United States
2039,BlackSky Technology,BKSY,945364032,23.1,United States
2040,Accel Entertainment,ACEL,945092032,11.64,United States
2041,Design Therapeutics,DSGN,944357120,15.09,United States
2042,Daktronics,DAKT,943412800,19.53,United States
2043,Southside Bancshares,SBSI,940739840,31.56,United States
2044,Abacus Global Management,ABX,938805632,9.6,United States
2045,Evolv Technologies,EVLV,937130048,5.21,United States
2046,Annexon,ANNX,936520960,4.94,United States
2047,Postal Realty Trust,PSTL,933320704,23.45,United States
2048,Bioventus,BVS,932365184,13.65,United States
2049,First Financial,THFF,930897600,78.28,United States
2050,JBG SMITH,JBGS,930626240,12.05,United States
2051,ProFrac,ACDC,928826112,5.1,United States
2052,Centerspace,CSR,928818560,52.49,United States
2053,"Forbright, Inc.",FRBT,926957568,18.26,United States
2054,Sable Offshore,SOC,926729984,4.83,United States
2055,USA TODAY Co.,TDAY,923484800,6.29,United States
2056,Mid Penn Bancorp,MPB,922455232,36.41,United States
2057,Forum Energy Technologies,FET,921858816,81.97,United States
2058,Attovia Therapeutics,ATTO,920820928,21.4,United States
2059,CeriBell,CBLL,920306816,23.98,United States
2060,Hanmi Financial,HAFC,919126912,31.0,United States
2061,Adaptive Biotechnologies,ADPT,916254080,22.9,United States
2062,Olema Pharmaceuticals,OLMA,912600064,10.43,United States
2063,Rapid7,RPD,907212608,13.46,United States
2064,Ramaco Resources,METC,902648512,14.24,United States
2065,Beta Bionics,BBNX,897544320,19.95,United States
2066,Covenant Logistics,CVLG,897104384,35.35,United States
2067,EverQuote,EVER,896499328,25.44,United States
2068,Navient,NAVI,891884160,9.51,United States
2069,MFA Financial,MFA,891595584,8.82,United States
2070,Aclaris Therapeutics,ACRS,890553344,6.05,United States
2071,Apollo Commercial Real Estate Finance,ARI,888241472,6.91,United States
2072,Beazer Homes USA,BZH,885229952,33.18,United States
2073,CrossAmerica Partners,CAPL,884474368,23.17,United States
2074,Quanex Building Products,NX,882735424,19.22,United States
2075,Bloomin' Brands,BLMN,881895488,10.3,United States
2076,Employers Holdings,EIG,881681216,49.09,United States
2077,Eastman Kodak Company,KODK,879141952,8.98,United States
2078,SunCoke Energy,SXC,876757184,10.33,United States
2079,Marcus Corporation,MCS,876558336,28.43,United States
2080,Sabre,SABR,875775552,2.17,United States
2081,Backblaze,BLZE,874646976,14.13,United States
2082,SpyGlass Pharma,SGP,872992320,26.1,United States
2083,Talkspace,TALK,870574976,5.25,United States
2084,Nextdoor,NXDR,870408960,2.25,United States
2085,Compass Diversified Holdings,CODI,869727808,11.56,United States
2086,Koppers Holdings,KOP,867473600,45.87,United States
2087,Hippo Holdings,HIPO,867418880,32.87,United States
2088,SmartFinancial (SmartBank),SMBK,864327744,50.55,United States
2089,Ibotta,IBTA,864240384,37.21,United States
2090,Capital City Bank Group,CCBG,863879168,50.48,United States
2091,Rigel Pharmaceuticals,RIGL,862636096,46.18,United States
2092,Sky Harbour Group,SKYH,860374976,10.54,United States
2093,Root Insurance,ROOT,859720576,55.49,United States
2094,Flotek Industries,FTK,859148544,23.72,United States
2095,Lucky Strike Entertainment,LUCK,858866496,6.3,United States
2096,Fox Factory Holding,FOXF,858693312,20.43,United States
2097,Viant Technology,DSP,858417664,12.88,United States
2098,Daily Journal,DJCO,858374528,622.935,United States
2099,World Acceptance Corporation,WRLD,857139136,183.81,United States
2100,Great Southern Bancorp,GSBC,852947840,78.27,United States
2101,SI-BONE,SIBN,852449344,19.02,United States
2102,Winnebago Industries,WGO,850610944,30.09,United States
2103,HealthStream,HSTM,849420672,29.05,United States
2104,Riley Exploration Permian,REPX,846792832,39.03,United States
2105,Reformation Inc.,REF,845380544,14.31,United States
2106,Tronox,TROX,844813184,5.29,United States
2107,GCM Grosvenor,GCMG,842931264,13.79,United States
2108,Standard Motor Products,SMP,842675840,37.72,United States
2109,Lightwave Logic,LWLG,837128128,5.43,United States
2110,BitGo,BTGO,836924800,7.12,United States
2111,American Public Education,APEI,835465536,45.65,United States
2112,ASGN,ASGN,833931008,19.53,United States
2113,Barrett Business Services,BBSI,833690240,34.4,United States
2114,Mitek Systems,MITK,832959040,18.46,United States
2115,Eagle Bancorp,EGBN,831907648,27.29,United States
2116,Latham Group,SWIM,831757888,7.07,United States
2117,Sweetgreen,SG,828527552,6.96,United States
2118,Heritage Commerce,HTBK,828429632,13.45,United States
2119,Cantaloupe,CTLP,825815936,11.2,United States
2120,Kopin Corporation,KOPN,825274368,4.44,United States
2121,Carlyle Secured Lending,CGBD,824278912,11.98,United States
2122,Vishay Precision Group,VPG,822134848,61.81,United States
2123,South Plains Financial,SPFI,821384896,43.6,United States
2124,Orrstown Financial Services,ORRF,820223424,41.7,United States
2125,Esperion Therapeutics,ESPR,819464832,3.18,United States
2126,Alerus Financial,ALRS,819316544,32.9,United States
2127,Dakota Gold,DC,815771776,6.08,United States
2128,Apogee Enterprises,APOG,815115584,39.06,United States
2129,CryoPort,CYRX,810385600,16.0,United States
2130,Southern Missouri Bancorp,SMBC,810307456,73.59,United States
2131,PennyMac Mortgage Investment Trust,PMT,810109952,9.29,United States
2132,Transcat,TRNS,809530176,86.49,United States
2133,Hertz,HTZ,809144640,2.27,United States
2134,Metallus,MTUS,809090048,19.52,United States
2135,"TXO Partners, L.P.",TXO,802863936,14.48,United States
2136,Montrose Environmental,MEG,800798912,22.14,United States
2137,CTO Realty Growth,CTO,799939648,21.34,United States
2138,Financial Institutions,FISI,798501696,40.52,United States
2139,Lincoln Educational Services,LINC,798112448,25.16,United States
2140,Rackspace Technology,RXT,797752064,3.13,United States
2141,IperionX,IPX,791987264,21.87,United States
2142,Peapack-Gladstone Financial,PGC,791375744,44.64,United States
2143,indie Semiconductor,INDI,784937088,3.715,United States
2144,"Eve Holding, Inc.",EVEX,784094272,2.25,United States
2145,First Watch Restaurant,FWRG,782513728,12.68,United States
2146,Hallador Energy Company,HNRG,781636864,16.58,United States
2147,Peakstone Realty Trust,PKST,780562688,20.99,United States
2148,Groupon,GRPN,779960384,19.18,United States
2149,Bain Capital Specialty Finance,BCSF,779719488,12.02,United States
2150,4D Molecular Therapeutics,FDMT,779495808,14.11,United States
2151,Varex Imaging,VREX,779321216,18.49,United States
2152,PAR Technology,PAR,777618880,18.8,United States
2153,"Yesway, Inc.",YSWY,776832320,24.91,United States
2154,Phathom Pharmaceuticals,PHAT,774221952,9.57,United States
2155,Papa John's Pizza,PZZA,773001216,23.48,United States
2156,LSB Industries,LXU,768213376,10.67,United States
2157,HomeTrust Bancshares,HTB,767825280,46.44,United States
2158,Shore Bancshares,SHBI,766227456,22.96,United States
2159,Collegium Pharmaceutical,COLL,762890112,24.61,United States
2160,Westlake Chemical Partners,WLKP,762720832,21.64,United States
2161,Strawberry Fields REIT,STRW,762446656,13.49,United States
2162,CEVA,CEVA,761567616,27.05,United States
2163,Westrock Coffee,WEST,760517312,7.79,United States
2164,Petco,WOOF,759603584,2.66,United States
2165,PubMatic,PUBM,757497472,16.63,United States
2166,Green Dot,GDOT,757333056,13.29,United States
2167,TaskUs,TASK,756417920,8.25,United States
2168,Cardinal Infrastructure Group,CDNL,755449984,36.98,United States
2169,Phreesia,PHR,754723136,12.21,United States
2170,Mama's Creations,MAMA,754651008,16.23,United States
2171,ProKidney,PROK,754455040,1.89,United States
2172,Golden Entertainment,GDEN,753686080,28.55,United States
2173,Movado Group,MOV,752592000,33.73,United States
2174,N-Able,NABL,751843968,3.98,United States
2175,Independent Bank Corporation,IBCP,751786560,36.49,United States
2176,Monopar Therapeutics,MNPR,751293440,111.93,United States
2177,Satellogic,SATL,748713344,4.87,United States
2178,Washington Trust Bancorp,WASH,746378176,39.13,United States
2179,Alpha &amp; Omega Semiconductor,AOSL,746193280,24.66,United States
2180,AdaptHealth,AHCO,745757248,5.59,United States
2181,Aura Biosciences,AURA,744600512,7.18,United States
2182,PennantPark Floating Rate Capital Ltd.,PFLT,743142016,7.49,United States
2183,Third Coast Bancshares,TCBX,742811648,44.6,United States
2184,Nuvectis Pharma,NVCT,741999616,22.73,United States
2185,Enovix,ENVX,741736064,3.38,United States
2186,Entravision Communications,EVC,737383552,7.99,United States
2187,Vitesse Energy,VTS,736404480,17.49,United States
2188,WhiteFiber,WYFI,735006464,18.92,United States
2189,CytomX Therapeutics,CTMX,732141568,3.36,United States
2190,United States Antimony Corporation,UAMY,728889856,4.87,United States
2191,Hovnanian Enterprises,HOV,727351744,124.13,United States
2192,Once Upon A Farm,OFRM,727278080,17.32,United States
2193,Neurogene,NGNE,725212544,36.24,United States
2194,Scholastic,SCHL,724322944,38.4,United States
2195,"Nerdy, Inc,",NRDY,723026496,10.01,United States
2196,LSI Industries,LYTS,719195968,19.59,United States
2197,Cass Information Systems,CASS,716861376,56.11,United States
2198,River City Bank,RCBC,715977792,51.16,United States
2199,Mesa Laboratories,MLAB,715543808,127.87,United States
2200,XOMA Royalty,XOMA,710155008,40.17,United States
2201,Donegal Group,DGICA,709720640,19.12,United States
2202,Velocity Financial,VEL,708692160,17.95,United States
2203,PRA Group,PRAA,708535488,18.82,United States
2204,Park Aerospace,PKE,707784448,32.54,United States
2205,Enhabit,EHAB,706913408,13.8,United States
2206,Bright Minds Biosciences,DRUG,703819200,71.73,United States
2207,Shattuck Labs,STTK,703546432,7.01,United States
2208,Paysign,PAYS,703518464,12.46,United States
2209,Community West Bancshares,CWBC,703508864,25.93,United States
2210,Ironwood Pharmaceuticals,IRWD,702269824,4.25,United States
2211,Helen of Troy,HELE,701091008,30.1,United States
2212,Consensus Cloud Solutions,CCSI,700928256,38.25,United States
2213,American Woodmark,AMWD,700651840,48.09,United States
2214,The Manitowoc Company,MTW,700323392,19.42,United States
2215,Arrow Financial,AROW,699085376,37.74,United States
2216,Zevra Therapeutics,ZVRA,697165568,11.74,United States
2217,Gyre Therapeutics,GYRE,696641792,6.57,United States
2218,Franklin BSP Realty Trust,FBRT,695090112,8.37,United States
2219,SLR Investment,SLRC,695025984,12.74,United States
2220,Allogene Therapeutics,ALLO,690981760,2.0,United States
2221,Tiptree,TIPT,689679104,18.52,United States
2222,Sprout Social,SPT,689539392,11.38,United States
2223,Peoples Financial Services,PFIS,687411904,68.67,United States
2224,Shentel,SHEN,684861056,12.37,United States
2225,California BanCorp,BCAL,684163520,21.28,United States
2226,RE/MAX Holdings,RMAX,681161536,12.36,United States
2227,Midland States Bancorp,MSBI,680461760,32.79,United States
2228,Array Technologies,ARRY,679912640,4.42,United States
2229,Yext,YEXT,678679744,6.77,United States
2230,Udemy,UDMY,677283328,4.63,United States
2231,Janus International Group,JBI,676721536,4.96,United States
2232,Cannae Holdings,CNNE,676637952,15.6,United States
2233,Claritev,CTEV,675017536,39.83,United States
2234,Verra Mobility,VRRM,673283776,4.43,United States
2235,Legacy Housing Corporation,LEGH,668976384,28.13,United States
2236,MediaAlpha,MAX,668553472,12.62,United States
2237,AngioDynamics,ANGO,666691392,16.13,United States
2238,Granite Ridge Resources,GRNT,663458240,5.03,United States
2239,MiMedx Group,MDXG,661752512,4.54,United States
2240,ACNB Corporation,ACNB,660943744,64.99,United States
2241,Frequency Electronics,FEIM,660161280,60.25,United States
2242,Red River Bancshares,RRBI,658673984,100.04,United States
2243,Bar Harbor Bankshares,BHB,657733312,39.23,United States
2244,GMR Solutions Inc.,GMRS,656363776,12.15,United States
2245,Mativ Holdings,MATV,656210240,11.89,United States
2246,Gladstone Investment,GAIN,655270464,16.455,United States
2247,ParkOhio Holdings Corp.,PKOH,653934144,45.13,United States
2248,Verastem Oncology,VSTM,653868032,7.22,United States
2249,WhiteHawk Minerals Corp,WHK,652947136,27.44,United States
2250,Contango Ore,CTGO,652093504,19.5,United States
2251,Prime Medicine,PRME,651142912,3.59,United States
2252,Matthews International Corporation,MATW,648297600,20.77,United States
2253,OTC Markets Group,OTCM,648066112,54.08,United States
2254,Armada Hoffler Properties,AHH,647902656,6.25,United States
2255,Grid Dynamics,GDYN,647392512,7.98,United States
2256,Methode Electronics,MEI,647072832,18.23,United States
2257,CorMedix,CRMD,643820096,8.26,United States
2258,Aquestive Therapeutics,AQST,641364544,5.11,United States
2259,Village Super Market,VLGEA,640954752,43.28,United States
2260,Kearny Financial,KRNY,640852992,9.87,United States
2261,Northfield Bancorp,NFBK,639406784,15.31,United States
2262,Chatham Lodging Trust,CLDT,638009472,13.03,United States
2263,Sagimet Biosciences,SGMT,637747776,10.26,United States
2264,Reservoir Media,RSVR,636891008,9.66,United States
2265,OmniAb,OABI,636809984,4.38,United States
2266,Miller Industries,MLR,635949376,56.02,United States
2267,Hingham Institution for Savings,HIFS,633401216,288.27,United States
2268,Gladstone Commercial,GOOD,633269888,12.97,United States
2269,LightPath Technologies,LPTH,631661440,10.06,United States
2270,NerdWallet,NRDS,631560960,9.88,United States
2271,ADTRAN,ADTN,631480896,7.75,United States
2272,Summit Hotel Properties,INN,630942784,5.85,United States
2273,DoubleDown Interactive,DDI,630815296,12.73,United States
2274,Enviri Corporation,NVRI,628075904,22.28,United States
2275,REGENXBIO,RGNX,627125312,9.5,United States
2276,Cars.com,CARS,626332736,11.7,United States
2277,Bluelinx,BXC,625909056,79.63,United States
2278,Vaalco Energy,EGY,624839168,5.94,United States
2279,Forge Global,FRGE,623007296,45.0,United States
2280,Ooma,OOMA,622030016,22.64,United States
2281,AH Realty Trust,AHRT,621491648,6.48,United States
2282,Cytek Biosciences,CTKB,621320000,4.78,United States
2283,Hyliion,HYLN,619732352,3.47,United States
2284,Energy Vault,NRGV,618254528,3.4,United States
2285,ASP Isotopes,ASPI,616303680,4.02,United States
2286,The Honest Company,HNST,613666624,5.72,United States
2287,EagleRock Land,EROK,611881344,25.02,United States
2288,Contineum Therapeutics,CTNM,610967168,16.24,United States
2289,NioCorp Developments,NB,610009728,4.19,United States
2290,OneSpan,OSPN,608797888,16.52,United States
2291,OrthoPediatrics,KIDS,608619136,23.31,United States
2292,AlTi Global,ALTI,608179392,3.9,United States
2293,Hyster-Yale Materials Handling,HY,607122944,33.86,United States
2294,"Sturm, Ruger &amp; Co",RGR,606694400,37.97,United States
2295,Altimmune,ALT,604950016,3.11,United States
2296,Ethan Allen,ETD,601805952,23.65,United States
2297,MapLight Therapeutics,MPLT,601520512,12.97,United States
2298,BrightSpire Capital,BRSP,600989824,4.75,United States
2299,Evolus,EOLS,600398528,9.09,United States
2300,MISTRAS Group,MG,597504000,18.76,United States
2301,Kelly Services,KELYA,597389440,17.2,United States
2302,ARS Pharmaceuticals,SPRY,596684032,6.0,United States
2303,Arvinas,ARVN,593595008,9.2,United States
2304,TPG Real Estate Finance Trust,TRTX,593424448,7.73,United States
2305,Krispy Kreme,DNUT,593369984,3.42,United States
2306,OppFi,OPFI,590493120,6.93,United States
2307,Northpointe Bancshares,NPB,587545472,16.99,United States
2308,Bridgewater Bancshares,BWB,587512192,21.07,United States
2309,Greene County Bancorp,GCBC,585506368,34.39,United States
2310,Tectonic Therapeutic,TECX,585308032,29.94,United States
2311,Weave Communications,WEAV,584793536,7.31,United States
2312,First Business Financial Services,FBIZ,584694528,69.87,United States
2313,Gemini Space Station,GEMI,583434880,4.5,United States
2314,Unity Bancorp,UNTY,582770816,58.03,United States
2315,Insteel Industries,IIIN,582683264,30.1,United States
2316,Southern First Bancshares,SFST,581092160,61.35,United States
2317,Rayonier Advanced Materials,RYAM,581063744,8.59,United States
2318,Redwood Trust,RWT,580329408,4.62,United States
2319,Capricor Therapeutics,CAPR,576157376,9.91,United States
2320,NETGEAR,NTGR,575108032,21.16,United States
2321,Forward Air,FWRD,574274688,17.0,United States
2322,Oxford Industries,OXM,571705408,38.29,United States
2323,Smith &amp; Wesson,SWBI,570360768,12.72,United States
2324,Universal Health Realty Income Trust,UHT,569568064,40.98,United States
2325,GAMCO Investors,GAMI,569155264,26.5,United States
2326,Northrim BanCorp,NRIM,568798656,25.57,United States
2327,Kimball Electronics,KE,568035584,23.62,United States
2328,"Citi Trends, Inc.",CTRN,566971136,68.065,United States
2329,Eikon Therapeutics,EIKN,566566208,10.46,United States
2330,Ur-Energy,URG,564966464,1.42,United States
2331,MasterCraft Boat,MCFT,563894464,23.28,United States
2332,Civista Bancshares,CIVB,561028544,26.98,United States
2333,W&amp;T Offshore,WTI,559998336,3.71,United States
2334,Investors Title Company,ITIC,555825984,294.4,United States
2335,Kura Sushi USA,KRUS,554761536,45.66,United States
2336,York Water,YORW,553070080,34.08,United States
2337,Artiva Biotherapeutics,ARTV,552458368,11.3,United States
2338,Industrial Logistics Properties Trust,ILPT,550987264,8.255,United States
2339,Wabash National,WNC,549544448,13.49,United States
2340,3D Systems,DDD,544962240,3.28,United States
2341,Home Bancorp,HBCP,539067648,68.49,United States
2342,Spire Global,SPIR,539058880,13.27,United States
2343,Carriage Services,CSV,534439296,33.65,United States
2344,Fulgent Genetics,FLGT,532971232,19.37,United States
2345,BlossomHill Therapeutics,BLSM,532185216,18.3,United States
2346,Oil States International,OIS,532045504,8.82,United States
2347,Cerus Corporation,CERS,532025760,2.64,United States
2348,Solid Power,SLDP,531662208,2.33,United States
2349,Pangaea Logistics Solutions,PANL,531647008,8.12,United States
2350,Zura Bio,ZURA,530893408,5.54,United States
2351,Malibu Boats,MBUU,530499008,26.96,United States
2352,Alight,ALIT,530358624,14.31,United States
2353,Eagle Point Credit Company,ECC,529382784,3.98,United States
2354,Valhi,VHI,529323104,18.69,United States
2355,Swarmer,SWMR,528151552,33.14,United States
2356,Cabaletta Bio,CABA,527286304,3.11,United States
2357,Flushing Financial Corp,FFIC,524179680,15.47,United States
2358,Kyverna Therapeutics,KYTX,524123200,8.475,United States
2359,One Liberty Properties,OLP,524077856,23.93,United States
2360,Bankwell Financial Group,BWFG,524077408,65.74,United States
2361,Rimini Street,RMNI,523727168,5.61,United States
2362,SandRidge Energy,SD,523503168,14.12,United States
2363,Brandywine Realty Trust,BDN,521601984,3.02,United States
2364,Ovid Therapeutics,OVID,521445280,2.67,United States
2365,Tactile Medical,TCMD,520549536,22.98,United States
2366,Intrepid Potash,IPI,520369568,38.67,United States
2367,AMC Networks,AMCX,519337152,12.59,United States
2368,Quad,QUAD,517700736,10.06,United States
2369,Veradigm,MDRX,516615808,4.74,United States
2370,Bit Digital,BTBT,515705888,1.43,United States
2371,Idaho Strategic Resources,IDR,514983584,32.54,United States
2372,IBEX,IBEX,514945376,38.46,United States
2373,Sierra Bancorp,BSRR,513609760,39.62,United States
2374,The Oncology Institute,TOI,512912480,5.13,United States
2375,ARKO Corp.,ARKO,511566880,4.56,United States
2376,Columbus McKinnon,CMCO,509742560,17.66,United States
2377,Orange County Bancorp,OBT,508832192,37.95,United States
2378,Evolent Health,EVH,508767008,4.5,United States
2379,Vogenx,VOGX,505072960,34.0,United States
2380,NeuroPace,NPCE,502850560,14.65,United States
2381,Gray Media,GTN,502563808,4.88,United States
2382,Strata Critical Medical,SRTA,500722112,5.66,United States
2383,The Elmet Group,ELMT,499840352,16.41,United States
2384,"ERock, Inc.",EROC,494265504,10.26,United States
2385,Scribe Therapeutics,SCTX,494198592,30.54,United States
2386,Mayville Engineering Company,MEC,493686432,19.36,United States
2387,Universal Logistics Holdings,ULH,492550592,18.68,United States
2388,Limbach Holdings,LMB,491548224,41.22,United States
2389,Ponce Financial Group,PDLB,490530624,20.28,United States
2390,KKR Real Estate Finance Trust,KREF,489969152,7.62,United States
2391,First Foundation,FFWM,489265120,5.9,United States
2392,Bank7,BSVN,489247968,51.36,United States
2393,Cogent Communications,CCOI,488598112,9.54,United States
2394,Senseonics Holdings,SENS,488027488,9.23,United States
2395,NVE Corporation,NVEC,484297184,100.12,United States
2396,AMERISAFE,AMSF,482678976,26.04,United States
2397,West Bancorporation,WTBA,481485760,28.25,United States
2398,Summit Midstream,SMC,480083456,34.83,United States
2399,Titan Machinery,TITN,479325824,20.57,United States
2400,Cooper Standard,CPS,475859392,26.78,United States
2401,Shoe Carnival,SCVL,473247296,17.43,United States
2402,Johnson Outdoors,JOUT,471585152,45.0,United States
2403,Zion Oil &amp; Gas,ZNOG,470793856,0.395,United States
2404,Puma Biotechnology,PBYI,470258752,9.11,United States
2405,Editas Medicine,EDIT,469954880,3.06,United States
2406,Sight Sciences,SGHT,468247936,8.5,United States
2407,Farmers &amp; Merchants Bancorp,FMAO,467598848,33.95,United States
2408,Calavo Growers,CVGW,466334752,26.09,United States
2409,Relmada Therapeutics,RLMD,465080544,4.36,United States
2410,El Pollo Loco,LOCO,465052416,15.27,United States
2411,ATN International,ATNI,464719296,30.17,United States
2412,Titan International,TWI,464059520,7.19,United States
2413,NRC Health,NRC,463183712,20.94,United States
2414,Commercial Bancgroup,CBK,462828896,33.78,United States
2415,Evommune,EVMN,459458144,12.66,United States
2416,Ginkgo Bioworks,DNA,458587296,6.81,United States
2417,Vital Farms,VITL,458508640,10.68,United States
2418,C4 Therapeutics,CCCC,456423264,3.71,United States
2419,Gladstone Capital Corporation,GLAD,455250304,20.15,United States
2420,Citizens &amp; Northern Corp,CZNC,454469568,25.34,United States
2421,AdvanSix,ASIX,453889920,16.81,United States
2422,Bally's Corporation,BALY,452206912,8.96,United States
2423,Farmland Partners,FPI,451975232,10.29,United States
2424,Rezolute,RZLT,451611008,4.69,United States
2425,Ocugen,OCGN,451016832,1.33,United States
2426,American Coastal Insurance Corporation,ACIC,447642336,9.47,United States
2427,Magnera,MAGN,447136000,12.56,United States
2428,Prelude Therapeutics,PRLD,446899520,5.6,United States
2429,Innovative Aerosystems,ISSC,443541504,24.78,United States
2430,Q32 Bio,QTTB,442671968,14.87,United States
2431,Virgin Galactic,SPCE,442660064,2.92,United States
2432,908 Devices,MASS,441030624,10.67,United States
2433,Andersen Group,ANDG,440472992,34.82,United States
2434,RBB Bancorp,RBB,438969280,25.95,United States
2435,Advantage Solutions,ADV,438345408,32.97,United States
2436,Priority Technology Holdings,PRTH,437758336,5.31,United States
2437,International Money Express,IMXI,437162272,14.47,United States
2438,Shoulder Innovations,SI,436365312,20.96,United States
2439,BioAge Labs,BIOA,436020640,9.5,United States
2440,Tejon Ranch,TRC,434504832,16.08,United States
2441,Acacia Research,ACTG,433285440,4.44,United States
2442,Bank of Marin Bancorp,BMRC,430443104,26.58,United States
2443,Compass Therapeutics,CMPX,430410144,2.39,United States
2444,Marqeta,MQ,430390752,4.06,United States
2445,Atea Pharmaceuticals,AVIR,429095104,5.35,United States
2446,Cross Country Healthcare,CCRN,428060928,13.25,United States
2447,Weyco Group,WEYS,427597504,44.77,United States
2448,Plumas Bancorp,PLBC,426100544,61.23,United States
2449,Havertys,HVT,425238176,27.27,United States
2450,FRP Holdings,FRPH,425050336,22.14,United States
2451,Xerox,XRX,424145888,3.23,United States
2452,PureTech Health,PRTC,424034496,17.42,United States
2453,i3 Verticals,IIIV,423742912,16.05,United States
2454,Stitch Fix,SFIX,422959968,3.17,United States
2455,Serve Robotics,SERV,422265536,4.87,United States
2456,Hamilton Beach Brands,HBB,422223648,31.41,United States
2457,Pioneer Bancorp,PBFS,422178400,17.46,United States
2458,Community Healthcare Trust,CHCT,421498016,14.71,United States
2459,EVgo,EVGO,421451072,1.34,United States
2460,Pacific Biosciences,PACB,421175680,1.355,United States
2461,iHeartMedia,IHRT,421026528,2.72,United States
2462,Richtech Robotics,RR,420940608,1.87,United States
2463,Bumble,BMBL,419813952,2.74,United States
2464,loanDepot,LDI,419656128,0.9444,United States
2465,Arcturus Therapeutics,ARCT,419524480,14.76,United States
2466,Barnes &amp; Noble Education,BNED,419446272,12.1,United States
2467,Star Group,SGU,419327328,12.78,United States
2468,Dine Brands Global,DIN,418764704,33.08,United States
2469,Benitec Biopharma,BNTC,418092256,12.17,United States
2470,Boston Omaha,BOC,415445344,13.79,United States
2471,Investar Holding,ISTR,415101792,30.13,United States
2472,Bed Bath &amp; Beyond,BBBY,414399584,4.35,United States
2473,Camping World,CWH,412328576,6.46,United States
2474,Community Health Systems,CYH,411747328,2.92,United States
2475,Gevo,GEVO,410413600,1.66,United States
2476,Aspen Aerogels,ASPN,409134688,4.93,United States
2477,Caleres,CAL,409123104,12.18,United States
2478,Rocket Pharmaceuticals,RCKT,408361504,3.72,United States
2479,Ranpak,PACK,407351872,4.75,United States
2480,PowerFleet,AIOT,402677760,3.0,United States
2481,Nathan's Famous,NATH,400997120,97.86,United States
2482,X4 Pharmaceuticals,XFOR,400552832,4.04,United States
2483,Radiant Logistics,RLGT,399942400,8.54,United States
2484,Galectin Therapeutics,GALT,398356128,3.95,United States
2485,Parke Bancorp,PKBK,396949600,33.75,United States
2486,NexPoint Real Estate Finance,NREF,396878176,17.23,United States
2487,Larimar Therapeutics,LRMR,396832800,3.82,United States
2488,Gladstone Land,LAND,395993760,9.18,United States
2489,Everspin Technologies,MRAM,395687616,16.25,United States
2490,"Deep Fission, Inc.",FISN,395258848,6.71,United States
2491,Acco Brands,ACCO,395076416,4.28,United States
2492,L.B. Foster,FSTR,394596288,37.51,United States
2493,Primis Financial,FRST,394305248,15.9,United States
2494,Clearfield,CLFD,394070528,29.01,United States
2495,LendingTree,TREE,393669312,28.04,United States
2496,TruBridge,TBRG,393577312,26.24,United States
2497,Energy Recovery,ERII,393556000,7.71,United States
2498,First Carolina Financial Services,FCBM,393331648,12.66,United States
2499,Lifeway Foods,LWAY,393228640,26.03,United States
2500,CompX International,CIX,392675776,31.83,United States
2501,MVB Financial,MVBF,391905696,30.27,United States
2502,Ranger Energy Services,RNGR,390813824,16.7,United States
2503,Genie Energy,GNE,390583232,14.84,United States
2504,Lexeo Therapeutics,LXEO,390540192,4.76,United States
2505,Monro,MNRO,389550176,12.46,United States
2506,"Suja Life, Inc.",SUJA,388953856,10.07,United States
2507,Enanta Pharmaceuticals,ENTA,388241600,13.33,United States
2508,Aimco,AIV,387227744,2.51,United States
2509,First Bancorp,FNLC,386532960,34.26,United States
2510,Perma-Fix Environmental Services,PESI,385113088,18.15,United States
2511,PCB Bancorp,PCB,383838976,27.33,United States
2512,Ring Energy,REI,382993216,1.47,United States
2513,Cerence,CRNC,381743328,8.44,United States
2514,Orion Group Holdings,ORN,380655680,9.4,United States
2515,Orthofix Medical,OFIX,379559328,9.39,United States
2516,Build-A-Bear Workshop,BBW,379508416,30.27,United States
2517,EyePoint Pharmaceuticals,EYPT,377285824,4.5,United States
2518,Waterstone Financial,WSBF,376798496,20.96,United States
2519,Funko,FNKO,376291552,6.72,United States
2520,Simulations Plus,SLP,372137024,18.4,United States
2521,Genesco,GCO,371750400,33.47,United States
2522,Open Lending,LPRO,371532640,3.14,United States
2523,"Mobia Medical, Inc.",MOBI,371528640,11.16,United States
2524,"TWFG, Inc.",TWFG,371340000,28.83,United States
2525,Optimum Communications,OPTU,370980320,0.9726,United States
2526,CION Investment Corporation,CION,369512320,7.51,United States
2527,American Battery Technology Company,ABAT,368318944,2.7,United States
2528,Artesian Resources,ARTNA,367335680,35.57,United States
2529,Alpine Income Property Trust,PINE,366715232,19.46,United States
2530,Blend Labs,BLND,366595616,1.55,United States
2531,Lands' End,LE,363664480,11.83,United States
2532,Upstream Bio,UPB,362584288,6.62,United States
2533,Southern States Bancshares,SSBK,361068608,36.37,United States
2534,Perspective Therapeutics,CATX,360719264,3.16,United States
2535,Telos,TLS,360231360,4.82,United States
2536,Presidio Production Company,FTW,359068768,10.88,United States
2537,Envela Corporation,ELA,358295968,13.8,United States
2538,Zentalis Pharmaceuticals,ZNTL,355966400,3.76,United States
2539,Ribbon Communications,RBBN,355858496,1.99,United States
2540,MGP Ingredients,MGPI,355687808,16.61,United States
2541,Timberland Bancorp,TSBK,354492704,45.59,United States
2542,ThredUp,TDUP,353287520,2.69,United States
2543,Orion S.A.,OEC,351865152,6.24,United States
2544,Lyell Immunopharma,LYEL,350913600,14.32,United States
2545,Clean Energy Fuels,CLNE,350507584,1.59,United States
2546,ZipRecruiter,ZIP,350283456,4.26,United States
2547,ON24,ONTF,348249024,8.1,United States
2548,OPAL Fuels,OPAL,347765600,1.99,United States
2549,Value Line,VALU,347237920,37.01,United States
2550,Holley,HLLY,346729632,2.86,United States
2551,Bakkt Holdings,BKKT,345682720,7.67,United States
2552,Civeo,CVEO,345561184,33.43,United States
2553,Vista Gold,VGZ,344492352,2.36,United States
2554,Agenus,AGEN,342523616,7.61,United States
2555,Gogo Inflight Internet,GOGO,341479808,2.52,United States
2556,Newegg,NEGG,341456736,16.28,United States
2557,Foghorn Therapeutics,FHTX,340871712,5.74,United States
2558,NewtekOne,NEWT,340550976,11.79,United States
2559,Verano Holdings,VRNOF,340106912,0.94,United States
2560,Rocky Brands,RCKY,338709280,45.21,United States
2561,Clearwater Paper,CLW,338521760,20.99,United States
2562,Oportun Financial,OPRT,338006304,7.35,United States
2563,Viemed Healthcare,VMD,336699936,8.84,United States
2564,Paysafe,PSFE,336267648,6.44,United States
2565,Cadiz Inc.,CDZI,336167968,3.97,United States
2566,Sutro Biopharma,STRO,335602912,20.24,United States
2567,Abeona Therapeutics,ABEO,334526496,5.85,United States
2568,PrimeEnergy Resources,PNRG,334055200,211.08,United States
2569,CPI Card Group,PMTS,334043488,28.97,United States
2570,Portillo's,PTLO,331410368,4.57,United States
2571,M-tron Industries,MPTI,331027616,76.16,United States
2572,Nano Dimension,NNDM,331017248,1.57,United States
2573,Twin Disc,TWIN,331003904,22.95,United States
2574,The RMR Group,RMR,329989952,19.32,United States
2575,Syntec Optics,OPTX,329892192,8.19,United States
2576,Chaince Digital Holdings,CD,328911360,2.99,United States
2577,CoastalSouth Bancshares,COSO,327671360,27.41,United States
2578,Public Policy Holding Company,PPHC,327547200,10.84,United States
2579,SuRo Capital,SSSS,326920416,12.54,United States
2580,Vanda Pharmaceuticals,VNDA,326498528,5.4,United States
2581,BayCom (United Business Bank),BCML,325747104,29.83,United States
2582,Flexsteel Industries,FLXS,324178080,79.54,United States
2583,Immuneering,IMRX,322840000,4.99,United States
2584,NACCO Industries,NC,322662720,42.79,United States
2585,John Marshall Bancorp,JMSB,322321152,22.84,United States
2586,NL Industries,NL,321367392,6.5721,United States
2587,Sanara MedTech,SMTI,320478656,34.88,United States
2588,Transcontinental Realty Investors,TCI,320074240,36.48,United States
2589,TrueBlue,TBI,319361152,10.49,United States
2590,fuboTV,FUBO,318051008,10.53,United States
2591,Jack in the Box,JACK,316650752,16.51,United States
2592,Repay Holdings,RPAY,316581952,3.59,United States
2593,Maui Land &amp; Pineapple Company,MLP,314569024,15.84,United States
2594,Emergent BioSolutions,EBS,312767360,6.1,United States
2595,Horizon Technology Finance,HRZN,312378016,4.66,United States
2596,AVITA Medical,RCEL,312361184,10.1,United States
2597,Dave & Buster's,PLAY,312054624,8.97,United States
2598,Friedman Industries,FRD,311953216,43.25,United States
2599,Myriad Genetics,MYGN,307991872,3.22,United States
2600,Alto Ingredients,ALTO,307171136,3.96,United States
2601,E. W. Scripps Company,SSP,306734368,3.31,United States
2602,"Merlin, Inc.",MRLN,306235392,3.03,United States
2603,NI Holdings,NODK,306070848,15.0,United States
2604,Treace Medical Concepts,TMCI,305662368,4.7,United States
2605,RxSight,RXST,304878560,7.33,United States
2606,TriSalus Life Sciences,TLSI,304794272,4.95,United States
2607,Matrix Service Company,MTRX,304126944,10.81,United States
2608,Orchestra BioMed,OBIO,302929440,5.04,United States
2609,Movano,MOVE,302737984,10.95,United States
2610,First Western Financial,MYFW,302426048,30.97,United States
2611,Zumiez,ZUMZ,302012672,17.9,United States
2612,Chain Bridge Bancorp,CBNA,300793696,45.84,United States
2613,KinderCare Learning Companies,KLC,298662912,2.52,United States
2614,Saratoga Investment,SAR,297496960,18.5,United States
2615,Fulcrum Therapeutics,FULC,296796320,3.89,United States
2616,Regional Management Corp.,RM,296055744,32.09,United States
2617,C&amp;F Financial Corporation,CFFI,295936416,91.01,United States
2618,RCM Technologies,RCMT,295807552,41.6,United States
2619,Alico,ALCO,294739424,39.73,United States
2620,Fossil Group,FOSL,293916096,4.97,United States
2621,Ready Capital,RC,292954464,1.77,United States
2622,CapsoVision,CV,292273984,5.84,United States
2623,Duos Technologies Group,DUOT,292064800,9.28,United States
2624,J.Jill,JILL,292001152,19.53,United States
2625,Turn Therapeutics,TTRX,291529984,9.6,United States
2626,Embecta,EMBC,291230336,5.14,United States
2627,Cresco Labs,CRLBF,290394720,0.7799,United States
2628,Gloo Holdings,GLOO,289864256,3.31,United States
2629,Xperi,XPER,289704640,5.94,United States
2630,Infinity Natural Resources,INR,287832896,15.44,United States
2631,Princeton Bancorp,BPRN,287653344,42.22,United States
2632,Jakks Pacific,JAKK,287384256,25.11,United States
2633,Fate Therapeutics,FATE,286371040,2.39,United States
2634,Onity Group,ONIT,286058784,34.24,United States
2635,Kingstone Companies,KINS,284456000,19.65,United States
2636,"NN, Inc.",NNBR,283252384,3.43,United States
2637,Lightbridge Corporation,LTBR,282059456,7.53,United States
2638,B&amp;G Foods,BGS,282026592,3.47,United States
2639,NexPoint Diversified Real Estate Trust,NXDT,281992992,5.31,United States
2640,Palladyne AI,PDYN,281722912,5.71,United States
2641,Invivyd,IVVD,281465152,0.9549,United States
2642,CS Disco,LAW,280908704,4.38,United States
2643,Cartesian Therapeutics,RNAC,280769664,9.28,United States
2644,Rare Earths Americas,REA,280551744,14.06,United States
2645,Marine Products Corporation,MPX,280037408,8.18,United States
2646,Runway Growth Finance,RWAY,279958144,6.68,United States
2647,TechTarget,TTGT,279927360,3.87,United States
2648,Anika Therapeutics,ANIK,279302496,20.87,United States
2649,Strattec Security,STRT,278993920,70.14,United States
2650,Ames National Corp.,ATLO,278913856,31.49,United States
2651,The Hackett Group,HCKT,278880960,11.21,United States
2652,Chicago Atlantic Real Estate Finance,REFI,278758080,10.88,United States
2653,Lineage Cell Therapeutics,LCTX,278198208,1.1,United States
2654,BRC Group Holdings,RILY,278182304,6.92,United States
2655,Biodesix,BDSX,277969184,26.345,United States
2656,Designer Brands,DBI,277750624,5.47,United States
2657,Escalade Sports,ESCA,277524064,20.16,United States
2658,Microvast,MVST,276095776,0.718,United States
2659,LCNB Corp.,LCNB,275548928,19.33,United States
2660,Western New England Bancorp,WNEB,275430272,13.74,United States
2661,Entrada Therapeutics,TRDA,274503520,7.05,United States
2662,Middlefield Banc,MBCN,273627936,33.67,United States
2663,Sionna Therapeutics,SION,272256480,6.03,United States
2664,Gencor Industries,GENC,272046944,18.56,United States
2665,8x8,EGHT,271538752,1.88,United States
2666,Pyxis Oncology,PYXS,270242080,3.24,United States
2667,Xponential Fitness,XPOF,269867648,5.45,United States
2668,BRT Apartments,BRT,269119712,14.32,United States
2669,Omega Flex,OFLX,268912736,26.64,United States
2670,Hawthorn Bancshares,HWBK,268505376,38.91,United States
2671,Tredegar,TG,267809056,7.69,United States
2672,Conduent,CNDT,267495776,1.72,United States
2673,Pure Cycle (water),PCYO,267360320,11.095,United States
2674,ALX Oncology,ALXO,266874592,1.93,United States
2675,Global Water Resources,GWRS,264773248,9.195,United States
2676,Soluna Holdings,SLNH,264157840,1.08,United States
2677,AIAI Holdings Corporation,AIAI,263572096,3.73,United States
2678,USANA,USNA,263475376,14.26,United States
2679,Asure Software,ASUR,263379472,9.12,United States
2680,National Bankshares,NKSH,262469552,41.2,United States
2681,AerSale,ASLE,262019920,5.49,United States
2682,U.S. Gold Corp,USAU,261278640,15.81,United States
2683,Slam Corp,SLMWF,261266432,11.14,United States
2684,Silver Bow Mining,SBMT,260146096,8.81,United States
2685,One Stop Systems,OSS,259928864,10.42,United States
2686,Anavex Life Sciences,AVXL,259551152,2.8,United States
2687,SEACOR Marine,SMHI,259118496,9.55,United States
2688,Whitehawk Therapeutics,WHWK,258820896,4.54,United States
2689,Standard BioTools,LAB,258591664,0.6587,United States
2690,Richardson Electronics,RELL,257448256,17.32,United States
2691,Amtech Systems,ASYS,255968416,14.62,United States
2692,Aviat Networks,AVNW,255134672,19.93,United States
2693,SmartRent,SMRT,254843696,1.33,United States
2694,Akebia Therapeutics,AKBA,254605216,0.9188,United States
2695,MacroGenics,MGNX,254163744,3.99,United States
2696,Ares Commercial Real Estate,ACRE,253548688,4.57,United States
2697,Richmond Mutual Bancorporation,RMBI,253234384,15.79,United States
2698,American Resources Corp,AREC,252452192,2.36,United States
2699,Alector,ALEC,252344640,2.26,United States
2700,Immersion Corporation,IMMR,251594592,7.58,United States
2701,Comstock Inc.,LODE,251536992,3.31,United States
2702,OpGen,OPGN,251197920,24.75,United States
2703,Virginia National Bankshares,VABK,251190560,46.3,United States
2704,LiveWire Group,LVWR,250603216,1.22,United States
2705,Outdoor Holding Company,POWW,250593184,2.16,United States
2706,Neumora Therapeutics,NMRA,249901568,1.33,United States
2707,Alliance Entertainment,AENT,249691104,4.9,United States
2708,NeoVolta,NEOV,249580160,4.24,United States
2709,Limoneira,LMNR,249496432,13.76,United States
2710,Nature's Sunshine Products,NATR,248976608,14.15,United States
2711,CAMP4 Therapeutics,CAMP,248502672,3.96,United States
2712,Huuuge,HUG.WA,248454555,6.04158,United States
2713,Information Services Group,III,247876928,5.12,United States
2714,Niagen Bioscience,NAGE,247664384,3.13,United States
2715,OraSure Technologies,OSUR,247597360,3.59,United States
2716,Lantronix,LTRX,247538160,5.3,United States
2717,Stellus Capital Investment Corporation,SCM,246636240,8.66,United States
2718,MBIA,MBI,246409424,4.83,United States
2719,PennantPark Investment,PNNT,244860352,3.75,United States
2720,Montauk Renewables,MNTK,244826752,1.72,United States
2721,American Realty Investors,ARL,243895856,15.1,United States
2722,Third Harmonic Bio,THRD,242787568,5.38,United States
2723,Eledon Pharmaceuticals,ELDN,242158240,2.98,United States
2724,InfuSystem,INFU,241993728,12.15,United States
2725,Tonix Pharmaceuticals,TNXP,241829440,14.1,United States
2726,Kaltura,KLTR,241030928,1.58,United States
2727,Aeluma,ALMU,239799904,13.1,United States
2728,Acme United,ACU,238923856,62.32,United States
2729,First Internet Bancorp,INBK,238775920,27.34,United States
2730,National CineMedia,NCMI,237057504,2.52,United States
2731,Chicago Atlantic BDC,LIEN,235964912,10.34,United States
2732,Silvaco Group,SVCO,235167184,6.94,United States
2733,Forrester Research,FORR,234179696,12.3,United States
2734,"1-800-Flowers.com, Inc.",FLWS,233959472,3.65,United States
2735,Peoples Bancorp of North Carolina,PEBK,232542000,43.7,United States
2736,HMH Holding,HMH,231940960,19.26,United States
2737,FutureFuel,FF,231159696,5.27,United States
2738,Expensify,EXFY,229790384,2.52,United States
2739,Turtle Beach Corp,TBCH,229423424,12.81,United States
2740,Beyond Meat,BYND,228679728,13.3,United States
2741,Nu Skin,NUS,228293408,4.69,United States
2742,LoveSac,LOVE,228286128,15.595,United States
2743,Protara Therapeutics,TARA,228108576,3.86,United States
2744,Franklin Covey,FC,227458592,20.14,United States
2745,"AstroNova, Inc.",ALOT,227316416,28.99,United States
2746,Utah Medical Products,UTMD,226464960,71.13,United States
2747,FreightCar America,RAIL,225931920,6.89,United States
2748,SIGA Technologies,SIGA,225608096,3.14,United States
2749,Hudson Technologies,HDSN,224752848,5.34,United States
2750,Claros Mortgage Trust,CMTG,224323888,1.59,United States
2751,OP Bancorp (Open Bank),OPBK,224138560,15.01,United States
2752,Smart Sand,SND,223443040,5.27,United States
2753,RGC Resources,RGCO,223082688,21.41,United States
2754,Perma-Pipe International,PPIH,222888304,27.43,United States
2755,RCI Hospitality Holdings,RICK,222684272,29.13,United States
2756,"TSS, Inc.",TSSI,222084080,7.87,United States
2757,HireQuest,HQI,221691072,15.96,United States
2758,Core Molding Technologies,CMT,221668288,25.05,United States
2759,Organogenesis,ORGO,221320224,1.72,United States
2760,RideNow Group,RDNW,220802752,5.66,United States
2761,Vuzix,VUZI,220321136,2.61,United States
2762,Motorcar Parts of America,MPAA,220003872,11.62,United States
2763,Spok Holdings,SPOK,219849616,10.51,United States
2764,Keros Therapeutics,KROS,219685248,11.08,United States
2765,Sidus Space,SIDU,219658976,2.17,United States
2766,Greenwich LifeSciences,GLSI,219439200,14.95,United States
2767,Torrid Holding,CURV,218944848,2.2,United States
2768,Minerva Neurosciences,NERV,217728864,4.56,United States
2769,Lifetime Brands,LCUT,217244496,9.45,United States
2770,Neuronetics,STIM,216400112,2.84,United States
2771,Kolibri Global Energy,KGEI,216294272,6.03,United States
2772,CARGO Therapeutics,CRGX,216188416,4.47,United States
2773,Immunic,IMUX,215582576,15.8,United States
2774,Ohio Valley Banc Corp,OVBC,215434112,45.73,United States
2775,Modiv Industrial,MDV,215101808,18.05,United States
2776,TPG Mortgage Investment Trust,MITT,214037392,6.73,United States
2777,Voyager Therapeutics,VYGR,212581920,3.45,United States
2778,Corbus Pharmaceuticals,CRBP,211013488,10.91,United States
2779,Precision BioSciences,DTIL,210875872,7.64,United States
2780,AN2 Therapeutics,ANTX,209436112,5.55,United States
2781,Journey Medical,DERM,209142768,7.41,United States
2782,Oramed Pharmaceuticals,ORMP,208818704,5.02,United States
2783,Coherus BioSciences,CHRS,208576304,1.35,United States
2784,Jeld-Wen,JELD,207364496,2.39,United States
2785,PepGen,PEPG,206815952,2.99,United States
2786,Angel Oak Mortgage REIT,AOMR,206791584,8.3,United States
2787,Acumen Pharmaceuticals,ABOS,206104256,2.85,United States
2788,Armata Pharmaceuticals,ARMP,204872720,5.51,United States
2789,eGain,EGAN,204777600,7.46,United States
2790,Shutterstock,SSTK,204690160,5.54,United States
2791,Crexendo,CXDO,204178272,6.14,United States
2792,Amplify Energy,AMPY,203965728,4.92,United States
2793,American Well,AMWL,203594832,11.97,United States
2794,OneWater Marine,ONEW,199820768,11.99,United States
2795,Commerce.com,CMRC,199690176,2.41,United States
2796,Pro-Dex,PDEX,198270336,62.1,United States
2797,Stoneridge,SRI,197378288,6.92,United States
2798,Rhinebeck Bancorp,RBKB,196934992,12.595,United States
2799,Unisys,UIS,196873072,2.7,United States
2800,Quicklogic,QUIK,196549344,10.73,United States
2801,Octave Specialty Group,OSG,196424496,4.36,United States
2802,"QumulusAI, Inc.",QMLS,196401488,5.87,United States
2803,"Belpointe PREP, LLC",OZ,195274048,48.1722,United States
2804,Nkarta,NKTX,194103184,2.71,United States
2805,Landmark Bancorp,LARK,193874976,31.78,United States
2806,Taylor Devices,TAYD,193565408,60.02,United States
2807,FinWise Bancorp,FINW,193038656,13.905,United States
2808,SES AI,SES,192958048,0.5197,United States
2809,Alta Equipment Group,ALTG,192734544,5.9,United States
2810,Conexeu Sciences,CNXU,191991024,7.175,United States
2811,Superior Group of Companies,SGC,190545152,11.95,United States
2812,Citizens Inc,CIA,190418080,3.76,United States
2813,Epsilon Energy,EPSN,188667952,6.23,United States
2814,Angi Inc.,ANGI,188586576,4.65,United States
2815,Hanover Bancorp,HNVR,188520928,26.72,United States
2816,GrafTech,EAF,187863568,7.2,United States
2817,Tharimmune,THAR,187371472,4.74,United States
2818,TON Strategy Co.,TONX,187244768,3.4,United States
2819,Lucid Diagnostics,LUCD,186862432,0.9786,United States
2820,Codexis,CDXS,186159808,1.7,United States
2821,DHI Group,DHX,185321600,4.29,United States
2822,United Security Bancshares,UBFO,185027760,10.51,United States
2823,Westwood Holdings Group,WHG,184850864,19.37,United States
2824,Korro Bio,KRRO,183923312,12.49,United States
2825,AirSculpt Technologies,AIRS,181679920,2.52,United States
2826,SKYX Platforms,SKYX,181477536,1.34,United States
2827,PEDEVCO,PED,180904288,13.61,United States
2828,ECB Bancorp,ECBK,180870432,20.7,United States
2829,EVI Industries,EVI,180296272,14.01,United States
2830,BV Financial,BVFL,179915632,21.24,United States
2831,Lee Enterprises,LEE,178336352,8.0,United States
2832,Waldencast,WALD,178281216,1.39,United States
2833,flyExclusive,FLYX,177853728,1.17,United States
2834,"Domo, Inc.",DOMO,177796688,3.78,United States
2835,MainStreet Bancshares,MNSB,177599632,24.94,United States
2836,SB Financial Group,SBFG,173207888,27.7,United States
2837,Red Robin,RRGB,172591264,9.13,United States
2838,Seven Hills Realty Trust,SEVN,171510512,7.57,United States
2839,Spruce Biosciences,SPRB,169480544,58.97,United States
2840,Lifecore Biomedical,LFCR,168824656,4.46,United States
2841,Streamex Corp.,STEX,168813296,0.7485,United States
2842,Douglas Elliman,DOUG,168147376,1.85,United States
2843,Quantum-Si,QSI,167643184,0.7659,United States
2844,Humacyte,HUMA,167067792,0.6014,United States
2845,Tingo Group,TIO,166947568,0.69,United States
2846,DeFi Development,DFDV,166768112,5.38,United States
2847,GCT Semiconductor,GCTS,165545504,1.8,United States
2848,Ellington Credit Company,EARN,164175648,4.37,United States
2849,The Eastern Company,EML,163918272,27.24,United States
2850,LENZ Therapeutics,LENZ,163700000,5.21,United States
2851,KORE Group,KORE,163005168,9.25,United States
2852,Bassett Furniture,BSET,162775456,18.8,United States
2853,Orion Properties,ONL,162577424,2.85,United States
2854,Atomera,ATOM,162340000,4.16,United States
2855,Quipt Home Medical,QIPT,162297152,3.65,United States
2856,GoPro,GPRO,161662768,0.8762,United States
2857,Wheels Up,UP,160313632,4.42,United States
2858,CuriosityStream,CURI,159025920,2.68,United States
2859,NET Power,NPWR,157495600,1.78,United States
2860,Inspired Entertainment,INSE,155517328,5.83,United States
2861,Cable One,CABO,155352064,27.38,United States
2862,SITE Centers,SITC,154802256,2.95,United States
2863,BCB Bancorp,BCBP,154770576,8.55,United States
2864,Tenaya Therapeutics,TNYA,154225408,0.6878,United States
2865,Outlook Therapeutics,OTLK,153708800,0.6334,United States
2866,Stratus Properties,STRS,152070864,19.05,United States
2867,Assertio Holdings,ASRT,151861232,23.5,United States
2868,WhiteHorse Finance,WHF,151838656,7.07,United States
2869,KORU Medical Systems,KRMD,151578896,3.3,United States
2870,NRx Pharmaceuticals,NRXP,150669280,3.48,United States
2871,Mammoth Energy Services,TUSK,150639344,3.13,United States
2872,OptimizeRx,OPRX,150310896,7.98,United States
2873,Elme Communities,ELME,149281232,1.68,United States
2874,LifeMD,LFMD,148940576,3.09,United States
2875,Braemar Hotels &amp; Resorts,BHR,148319152,2.02,United States
2876,OnKure Therapeutics,OKUR,147001600,3.63,United States
2877,1stdibs.com,DIBS,146898816,4.37,United States
2878,Shimmick,SHIM,145915456,3.53,United States
2879,ReposiTrak,TRAK,145570256,8.01,United States
2880,"Owlet, Inc.",OWLT,145523952,4.98,United States
2881,DMC Global,BOOM,145224512,7.07,United States
2882,Oxford Square Capital,OXSQ,144328416,1.34,United States
2883,RGP (Resources Connection),RGP,144318784,4.19,United States
2884,Stereotaxis,STXS,144291136,1.44,United States
2885,Equillium,EQ,143936336,2.27,United States
2886,Inogen,INGN,142510864,5.37,United States
2887,ChargePoint,CHPT,142436976,5.5,United States
2888,Clarus,CLAR,142431936,3.72,United States
2889,Proficient Auto Logistics,PAL,141386736,5.04,United States
2890,PLBY Group (Playboy),PLBY,141373072,1.18,United States
2891,Hooker Furnishings,HOFT,140715616,13.1,United States
2892,First Guaranty Bancshares,FGBI,140416912,8.49,United States
2893,Affinity Bancshares,AFBI,140182352,23.0,United States
2894,NCS Multistage,NCSM,140018304,53.35,United States
2895,Duluth Holdings,DLTH,139847632,3.68,United States
2896,Clipper Realty,CLPR,139742624,3.29,United States
2897,Smith-Midland Corporation,SMID,139405056,26.28,United States
2898,Hurco Companies,HURC,139111392,21.48,United States
2899,Legacy Education,LGCY,138539808,10.95,United States
2900,inTEST Corporation,INTT,138518496,10.8,United States
2901,Skillz,SKLZ,137970800,8.84,United States
2902,Unifi,UFI,137371488,7.39,United States
2903,KVH Industries,KVHI,137145664,7.56,United States
2904,Medifast,MED,135733744,12.14,United States
2905,Lake Shore Bancorp,LSBK,135399296,17.24,United States
2906,Aemetis,AMTX,134957136,1.87,United States
2907,Digimarc,DMRC,134402464,5.98,United States
2908,Oconee Federal Financial,OFED,133862808,23.0,United States
2909,Rafael Holdings,RFL,133639984,2.57,United States
2910,Solana Company,HSDT,133613736,2.21,United States
2911,Aardvark Therapeutics,AARD,133497560,6.1,United States
2912,MaxCyte,MXCT,133136008,1.29,United States
2913,Inovio Pharmaceuticals,INO,131314848,1.27,United States
2914,Apyx Medical,APYX,128478272,3.05,United States
2915,Insight Molecular Diagnostics,IMDX,128279192,3.92,United States
2916,vTv Therapeutics,VTVT,126525696,32.0,United States
2917,Quanterix,QTRX,126272488,2.67,United States
2918,Commercial Vehicle Group (CVG),CVGI,125961304,3.1,United States
2919,U.S. GoldMining,USGO,125619832,8.95,United States
2920,Vivani Medical,VANI,125382672,1.39,United States
2921,Magyar Bancorp,MGYR,124976216,19.36,United States
2922,Vaxart,VXRT,124025336,0.51,United States
2923,Nautilus Biotechnology,NAUT,123742984,0.9724,United States
2924,Health Catalyst,HCAT,123420472,1.64,United States
2925,Sound Financial Bancorp,SFBC,120415536,46.89,United States
2926,Fonar Corporation,FONR,120195888,19.09,United States
2927,Rani Therapeutics,RANI,119975568,0.8538,United States
2928,Rent the Runway,RENT,119567680,3.56,United States
2929,ALT5 Sigma,ALTS,119560224,0.855,United States
2930,Tillys,TLYS,119514608,3.92,United States
2931,The Joint Corp.,JYNT,119368216,8.44,United States
2932,Genelux,GNLX,118316552,2.615,United States
2933,Seritage Growth Properties,SRG,117155184,2.08,United States
2934,KULR Technology Group,KULR,116626408,2.52,United States
2935,Union Bankshares,UNB,116598840,23.575,United States
2936,a.k.a. Brands,AKA,114966480,10.46,United States
2937,Lakeland Industries,LAKE,114778376,11.63,United States
2938,Provident Financial Holdings,PROV,114694480,18.31,United States
2939,Black Rifle Coffee Company (BRCC),BRCC,114529384,8.04,United States
2940,Anixa Biosciences,ANIX,113977264,3.35,United States
2941,Fractyl Health,GUTS,113145032,0.7108,United States
2942,Team Inc,TISI,112976104,24.65,United States
2943,Stabilis Solutions,SLNG,111577800,6.0,United States
2944,Cherry Hill Mortgage Investment,CHMI,110188568,2.94,United States
2945,Fluent,FLNT,108728376,3.44,United States
2946,Seer Inc,SEER,108529152,1.96,United States
2947,Kewaunee Scientific Corporation,KEQU,108056808,37.67,United States
2948,Venu Holding Corporation,VENU,107924256,1.92,United States
2949,First Northwest Bancorp,FNWB,107100784,11.26,United States
2950,Coya Therapeutics,COYA,106967784,4.56,United States
2951,Townsquare Media,TSQ,105561192,5.79,United States
2952,Ultralife Corporation,ULBI,105145224,6.31,United States
2953,HilleVax,HLVX,104762376,2.09,United States
2954,Riverview Bancorp,RVSB,103756560,5.2,United States
2955,LENSAR,LNSR,103078408,8.39,United States
2956,Getty Images,GETY,102349592,0.2431,United States
2957,Tile Shop Holdings,TTSH,102341872,2.57,United States
2958,Pulmonx,LUNG,102216880,2.38,United States
2959,Broadwind,BWEN,101726704,4.3,United States
2960,Zevia,ZVIA,101712480,1.41,United States
2961,INNOVATE Corp.,VATE,101495480,7.44,United States
2962,Definitive Healthcare,DH,101407472,0.95,United States
2963,Smith Douglas Homes,SDHC,101381208,12.08,United States
2964,Wrap Technologies,WRAP,100695664,1.63,United States
2965,Polaryx Therapeutics,PLYX,100190440,2.01,United States
2966,Microbot Medical,MBOT,100075552,1.49,United States
2967,ReneSola,SOL,99563952,1.94,United States
2968,ACRES Commercial Realty,ACR,99336240,13.93,United States
2969,Buzzfeed,BZFD,99168344,1.19,United States
2970,SelectQuote,SLQT,98880960,0.56,United States
2971,Pathfinder Bancorp,PBHC,98637480,15.71,United States
2972,Park Dental Partners,PARK,98624544,20.74,United States
2973,Vera Bradley,VRA,96690056,3.4,United States
2974,Cullman Bancorp,CULL,96551424,16.8,United States
2975,HF Foods Group,HFFG,96482688,1.79,United States
2976,Atlas Lithium,ATLX,96319376,3.2,United States
2977,BCP Investment Corporation,BCIC,96282896,7.775,United States
2978,Aptera Motors,SEV,96087200,2.37,United States
2979,Logistic Properties of the Americas,LPA,96046864,3.03,United States
2980,Zomedica Pharmaceuticals,ZOM,95349136,0.0973,United States
2981,GrowGeneration,GRWG,94861920,1.61,United States
2982,Virco Manufacturing,VIRC,94377256,6.0,United States
2983,Orion Energy Systems,OESX,93992240,22.985,United States
2984,Chegg,CHGG,93818224,0.845,United States
2985,Verrica Pharmaceuticals,VRCA,93796184,5.46,United States
2986,Momentus Inc.,MNTS,93344448,4.25,United States
2987,Accendra Health,ACH,93054696,1.21,United States
2988,AMC Robotics Corporation,AMCI,92825696,4.0,United States
2989,AudioEye,AEYE,92638496,7.37,United States
2990,Arq Inc.,ARQ,92577184,2.12,United States
2991,Interlink Electronics,LINK,91684840,5.82,United States
2992,MediaCo Holding,MDIA,91581648,1.09,United States
2993,Martin Midstream Partners,MMLP,91551768,2.34,United States
2994,Fortress Biotech,FBIO,91214960,2.735,United States
2995,Siebert Financial,SIEB,90888880,2.22,United States
2996,PhenixFIN,PFX,90402888,46.81,United States
2997,Golden Matrix Group,GMGI,89996768,0.6372,United States
2998,Acrivon Therapeutics,ACRV,89563520,2.09,United States
2999,Atara Biotherapeutics,ATRA,89335616,8.9,United States
3000,Aldeyra Therapeutics,ALDX,89283104,1.48,United States
3001,Rallybio,RLYB,89163280,16.79,United States
3002,SkinHealth Systems,SKIN,87988168,0.6761,United States
3003,Vince Holding,VNCE,87875496,6.84,United States
3004,Hyperfine,HYPR,87415920,0.8243,United States
3005,Drilling Tools International,DTI,87147096,2.47,United States
3006,Summit State Bank,SSBI,87018680,12.86,United States
3007,Surf Air Mobility,SRFM,86860080,0.7025,United States
3008,Velo3D,VLDX,86513896,6.15,United States
3009,Noodles &amp; Company,NDLS,85681232,14.36,United States
3010,electroCore,ECOR,85560744,9.49,United States
3011,"Air T, Inc.",AIRT,85199136,31.77,United States
3012,Great Elm Capital,GECC,84935816,6.115,United States
3013,Thryv,THRY,84878704,1.91,United States
3014,"SoundThinking 
 (ShotSpotter)",SSTI,84774808,6.44,United States
3015,Ispire Technology,ISPR,84377112,1.47,United States
3016,PodcastOne,PODC,84253760,2.785,United States
3017,Sera Prognostics,SERA,83632856,2.12,United States
3018,Sono-Tek Corporation,SOTK,83455800,5.31,United States
3019,Gossamer Bio,GOSS,83103944,0.17,United States
3020,LanzaTech Global,LNZA,82985296,6.34,United States
3021,New Fortress Energy,NFE,82834048,0.29,United States
3022,Jushi Holdings,JUSHF,82261016,0.41193,United States
3023,Tigo Energy,TYGO,82147872,1.07,United States
3024,Adicet Bio,ACET,81444960,8.7,United States
3025,Ascend Wellness (AWH),AAWH,81285112,0.4,United States
3026,Advanced Flower Capital,AFCG,81150936,3.6,United States
3027,Ideal Power,IPWR,80529808,4.9,United States
3028,Marchex,MCHX,80251576,1.81,United States
3029,Upexi,UPXI,80063072,1.09,United States
3030,Veritone,VERI,79732776,0.7937,United States
3031,Comscore,SCOR,79717712,5.25,United States
3032,MAIA Biotechnology,MAIA,79692808,1.31,United States
3033,Hennessy Advisors,HNNA,79636928,10.075,United States
3034,Lifevantage,LFVN,79298112,6.33,United States
3035,Usio,USIO,79217248,2.78,United States
3036,CVRx,CVRX,78859128,2.96,United States
3037,OS Therapies,OSTX,78535640,1.69,United States
3038,Silvercrest Asset Management Group,SAMG,78530688,10.04,United States
3039,Charlotte's Web,CWEB.TO,78326458,0.288717,United States
3040,Blackboxstocks,BLBX,78138184,18.15,United States
3041,Battalion Oil,BATL,77330912,1.35,United States
3042,Steel Connect,STCN,77168096,12.18,United States
3043,Telomir Pharmaceuticals,TELO,77027952,1.12,United States
3044,Rekor Systems,REKR,76305680,0.5544,United States
3045,Rapid Micro Biosystems,RPID,76242528,1.52,United States
3046,The InterGroup Corporation,INTG,76153896,35.44,United States
3047,Northern Technologies International,NTIC,76030928,8.01,United States
3048,Blink Charging,BLNK,75339144,0.5198,United States
3049,Westwater Resources,WWR,75300416,0.5857,United States
3050,Research Solutions,RSSS,75256944,2.25,United States
3051,Cingulate,CING,75181240,5.17,United States
3052,LeonaBio,LONA,74619568,7.92,United States
3053,Full House Resorts,FLL,74388296,2.03,United States
3054,Solitario Resources,XPL,74043248,0.782,United States
3055,AMCON Distributing Company,DIT,73946536,75.76,United States
3056,Home Federal Bancorp (HFB Bank),HFBL,73931560,24.3,United States
3057,Airship AI,AISP,73356264,2.13,United States
3058,Annovis Bio,ANVS,73282584,1.72,United States
3059,Laser Photonics,LASE,72255912,1.44,United States
3060,Outset Medical,OM,71805168,3.82,United States
3061,United Homes Group,UHG,71769208,1.22,United States
3062,Spero Therapeutics,SPRO,71046488,1.22,United States
3063,MediciNova,MNOV,70632488,1.435,United States
3064,AgEagle Aerial Systems,UAVS,70454392,1.12,United States
3065,XBiotech,XBIT,70121784,2.3,United States
3066,Great Elm Group,GEG,68985416,2.2,United States
3067,NSTS Bancorp,NSTS,68799600,13.99,United States
3068,Geospace Technologies,GEOS,68170624,5.27,United States
3069,Pliant Therapeutics,PLRX,68114088,1.1,United States
3070,Identiv,INVE,68102464,2.81,United States
3071,Inseego,INSG,68036632,4.18,United States
3072,WM Technology,MAPS,67920520,0.39,United States
3073,Forian,FORA,67792720,2.17,United States
3074,Hain Celestial,HAIN,67274944,0.7454,United States
3075,Regis Corporation,RGS,66842312,26.75,United States
3076,Airgain,AIRG,66674604,5.26,United States
3077,Hour Loop,HOUR,66527660,1.89,United States
3078,5E Advanced Materials,FEAM,66424360,1.6,United States
3079,Solidion Technology,STI,66186796,7.775,United States
3080,Travelzoo,TZOO,66111144,6.48,United States
3081,TTEC,TTEC,66056560,1.34,United States
3082,Genasys,GNSS,66035912,1.45,United States
3083,Vivid Seats,SEAT,65873404,5.86,United States
3084,American Vanguard,AVD,64901392,2.2,United States
3085,Rein Therapeutics,RNTX,64691644,0.7499,United States
3086,PMV Pharmaceuticals,PMVP,64684248,1.21,United States
3087,Off the Hook YS Inc,OTH,64247460,2.57,United States
3088,BranchOut Food,BOF,64223740,3.98,United States
3089,Where Food Comes From,WFCF,63988672,12.85,United States
3090,Boundless Bio,BOLD,63921832,2.81,United States
3091,INmune Bio,INMB,63833712,2.3,United States
3092,iBio,IBIO,63091772,1.27,United States
3093,Marpai,MRAI,63050108,2.35,United States
3094,MindWalk Holdings,HYFT,62962980,1.34,United States
3095,GEN Restaurant Group,GENK,62962420,1.91,United States
3096,eXoZymes,EXOZ,62463548,6.73,United States
3097,Idaho Copper Corporation,COPR,62159544,3.51,United States
3098,Playstudios,MYPS,61826476,0.5147,United States
3099,Talphera,TLPH,61767900,1.19,United States
3100,Skillsoft,SKIL,61696600,6.88,United States
3101,Serina Therapeutics,SER,61469144,2.42,United States
3102,Energous,WATT,61239948,11.08,United States
3103,"FreeCast, Inc.",CAST,60903760,1.28,United States
3104,Heron Therapeutics,HRTX,60373032,0.318,United States
3105,Greenland Energy Company,GLND,60129016,1.375,United States
3106,Global Self Storage,SELF,59962456,5.25,United States
3107,iLearningEngines,AILE,59292656,0.42,United States
3108,Myomo,MYO,59015704,1.49,United States
3109,Universal Electronics,UEIC,58755880,4.56,United States
3110,Mesa Air,MESA,58631804,1.4,United States
3111,CarParts.com,PRTS,58553968,7.23,United States
3112,SunPower,SPWR,58463144,0.28,United States
3113,Sensus Healthcare,SRTS,58275688,3.54,United States
3114,ImageneBio,IMA,58008060,5.1,United States
3115,Verde Clean Fuels,VGAS,57914508,1.3,United States
3116,Prairie Operating,PROP,57414188,0.509,United States
3117,BG Staffing,BGSF,57341164,5.35,United States
3118,Castellum,CTM,57238420,0.6039,United States
3119,tinyBuild,8Z3.F,57129828,0.145264,United States
3120,MiNK Therapeutics,INKT,56592292,11.09,United States
3121,Intellicheck,IDN,56037548,2.765,United States
3122,Saga Communications,SGA,56013876,8.81,United States
3123,TechPrecision,TPCS,55854720,5.53,United States
3124,The Children's Place,PLCE,55370300,2.49,United States
3125,MicroVision,MVIS,55365820,1.81,United States
3126,"Stem, Inc",STEM,55064972,5.72,United States
3127,Xtant Medical,XTNT,54992884,0.392,United States
3128,VIDA Global Inc.,VIDA,54825576,2.74,United States
3129,Allied Esports,AESE,54324936,1.3899,United States
3130,Kezar Life Sciences,KZR,53856340,7.29,United States
3131,Celularity,CELU,53550028,1.85,United States
3132,AEye,LIDR,53461556,1.15,United States
3133,The Arena Group,AREN,53323932,1.12,United States
3134,Hyperion DeFi,HYPD,53144864,3.42,United States
3135,LiveOne,LVO,53064620,3.87,United States
3136,The ONE Group Hospitality,STKS,53028024,1.68,United States
3137,IZEA Worldwide,IZEA,52945508,3.04,United States
3138,Devolver Digital,DEVO.L,52261915,0.10332,United States
3139,aTyr Pharma,ATYR,52153084,0.5317,United States
3140,Luna Innovations,LUNA,52045528,1.5,United States
3141,SCYNEXIS,SCYX,52036456,5.23,United States
3142,Cato Fashion,CATO,51970184,2.61,United States
3143,BBX Capital Corporation,BBXIA,51848404,3.75,United States
3144,Instil Bio,TIL,51610844,7.61,United States
3145,Greenidge Generation Holdings,GREE,51500392,2.84,United States
3146,TransAct Technologies,TACT,51312620,4.97,United States
3147,Granite Point Mortgage Trust,GPMT,50794800,1.06,United States
3148,Comtech Telecommunications,CMTL,50634820,1.69,United States
3149,374Water,SCWO,50319572,2.84,United States
3150,MarketWise,MKTW,50268800,18.0,United States
3151,Odyssey Marine Exploration,OMEX,50222220,0.8557,United States
3152,Precipio,PRPO,49570308,27.69,United States
3153,TScan Therapeutics,TCRX,49458524,0.7297,United States
3154,Seres Therapeutics,MCRB,49319872,4.91,United States
3155,Elauwit Connection,ELWT,49317480,7.45,United States
3156,Teads,TEAD,49228708,0.502,United States
3157,Reading International,RDI,48755976,2.13,United States
3158,Vroom,VRM,48679512,9.3,United States
3159,"RYTHM, Inc.",RYM,48677748,22.65,United States
3160,Veru,VERU,47740896,2.8,United States
3161,Abundia Global Impact Group,AGIG,47240844,1.07,United States
3162,Ocean Power Technologies,OPTT,46788040,0.1732,United States
3163,Karyopharm Therapeutics,KPTI,46723808,2.06,United States
3164,Laird Superfood,LSF,46674328,4.17,United States
3165,Sportsman's Warehouse,SPWH,46433560,1.19,United States
3166,GenFlat Holdings,GFLT,45868320,3.5,United States
3167,Werewolf Therapeutics,HOWL,45731720,0.941,United States
3168,Manhattan Bridge Capital,LOAN,45702036,4.0,United States
3169,AXIL Brands,AXIL,45302600,6.64,United States
3170,the Marygold Companies,MGLD,45077024,1.04,United States
3171,Grace Therapeutics,GRCE,44806532,2.13,United States
3172,"Xos, Inc.",XOS,44786236,3.15,United States
3173,Planet13,PLTH.CN,44775739,0.133532,United States
3174,Heritage Global,HGBL,44684880,1.29,United States
3175,Rave Restaurant Group,RAVE,44624320,3.14,United States
3176,Metagenomi,MGX,44576980,1.18,United States
3177,Filana Therapeutics,FLNA,43380492,0.898,United States
3178,Sachem Capital,SACH,43159168,0.9,United States
3179,"Culp, Inc.",CULP,42738936,3.36,United States
3180,The Beachbody Company,BODI,42615704,5.85,United States
3181,Phunware,PHUN,42562364,2.08,United States
3182,Milestone Scientific,MLSS,42310844,0.4768,United States
3183,Franklin Street Properties,FSP,42103940,0.4048,United States
3184,Ekso Bionics,EKSO,42047896,11.8,United States
3185,Grove Collaborative,GROV,41765896,0.9781,United States
3186,PAVmed,PAVM,41658732,5.21,United States
3187,Massimo Motor,MAMO,41615968,0.9994,United States
3188,Pixelworks,PXLW,41559328,6.87,United States
3189,PetMed Express,PETS,40973148,1.89,United States
3190,Elite Express,ETS,40707652,0.8356,United States
3191,U.S. Global Investors,GROW,40561720,3.27,United States
3192,CervoMed,CRVO,39763224,2.63,United States
3193,Gaia,GAIA,39664236,1.56,United States
3194,Kartoon Studios,TOON,39269448,0.6313,United States
3195,Plutus Financial Group,PLUT,39142500,2.55,United States
3196,NextNRG,NXXT,38691000,0.23,United States
3197,Scilex Holding,SCLX,38655880,5.495,United States
3198,Elutia,ELUT,38270324,0.8641,United States
3199,LivePerson,LPSN,38245620,3.1,United States
3200,Lulu's Fashion Lounge,LVLU,38134528,13.28,United States
3201,Lument Finance Trust,LFT,38104928,0.726,United States
3202,DocGo,DCGO,37691708,0.381,United States
3203,Workhorse Group,WKHS,37485048,3.43,United States
3204,Harvard Bioscience,HBIO,36919192,8.11,United States
3205,Enzo Biochem,ENZB,36587800,0.69887,United States
3206,Beasley Broadcast Group,BBGI,35887788,19.37,United States
3207,eHealth,EHTH,35867352,1.13,United States
3208,Spruce Power,SPRU,35809068,1.86,United States
3209,Context Therapeutics,CNTX,35805316,0.3897,United States
3210,Century Casinos,CNTY,35453492,1.26,United States
3211,VirTra,VTSI,34977636,3.09,United States
3212,Southland Holdings,SLND,34805904,0.6394,United States
3213,LianBio,LIAN,34472096,0.319,United States
3214,Cryo-Cell International,CCEL,33863128,4.2,United States
3215,Destination XL,DXLG,33827132,0.612,United States
3216,Rockwell Medical,RMTI,33493166,8.31,United States
3217,MariMed,MRMD,33452374,0.083,United States
3218,CleanCore Solutions,ZONE,33423990,0.1506,United States
3219,TELA Bio,TELA,33132328,0.738,United States
3220,KLX Energy Services,KLXE,32935130,1.54,United States
3221,Knightscope,KSCP,32829514,1.39,United States
3222,Koss,KOSS,32753876,3.46,United States
3223,Pioneer Power Solutions,PPSI,32520850,2.93,United States
3224,First Breach Inc.,FBDT,32427052,0.705,United States
3225,BioLargo,BLGO,32215672,0.098,United States
3226,Harte Hanks,HHS,32127774,4.31,United States
3227,NOMADAR,NOMA,32095410,2.1,United States
3228,Actinium Pharmaceuticals,ATNM,32002494,1.02,United States
3229,NanoViricides,NNVC,31909190,1.25,United States
3230,Salem Media Group,SALM,31670764,1.0,United States
3231,Beam Global,BEEM,31526252,1.42,United States
3232,Kyntra Bio,KYNB,31502186,7.78,United States
3233,Accuray,ARAY,31412538,0.263,United States
3234,Latch,LTCH,31309022,0.189,United States
3235,Enviva,EVA,31273630,0.4198,United States
3236,IGC Pharma,IGC,30932496,0.2992,United States
3237,Sangamo Therapeutics,SGMO,30657374,0.074,United States
3238,Ascent Solar Technologies,ASTI,30529100,3.11,United States
3239,Crown Crafts,CRWS,30344008,2.82,United States
3240,Quest Resource Holding,QRHC,29529998,1.4,United States
3241,Femasys,FEMY,28726344,3.43,United States
3242,Live Ventures,LIVE,28689268,9.34,United States
3243,Cel-Sci,CVM,28494160,1.62,United States
3244,Old Market Capital Corporation,OMCC,28360952,4.16,United States
3245,Katapult Holdings,KPLT,28342708,5.7,United States
3246,GEE Group,JOB,28192818,0.2566,United States
3247,Farmer Brothers,FARM,28089448,1.28,United States
3248,PermRock Royalty Trust,PRT,26886268,2.21,United States
3249,Zoom Telephonics,MINM,26534076,3.61,United States
3250,HeartBeam,BEAT,26484110,0.47,United States
3251,Hoth Therapeutics,HOTH,26013596,1.36,United States
3252,Lantern Pharma,LTRN,25951816,2.03,United States
3253,BeyondSpring,BYSI,25514850,0.6205,United States
3254,TherapeuticsMD,TXMD,25232110,2.18,United States
3255,Exyn Technologies,EXYN,25054966,3.15,United States
3256,Atossa Therapeutics,ATOS,24948244,2.5,United States
3257,Aytu BioScience,AYTU,24579046,2.29,United States
3258,SPI Energy,SPI,24207974,0.766,United States
3259,Local Bounti,LOCL,24081522,1.03,United States
3260,Cardlytics,CDLX,23731526,4.03,United States
3261,Jasper Therapeutics,JSPR,23671522,0.7114,United States
3262,Biofrontera,BFRI,22724108,1.53,United States
3263,Mobix Labs,MOBX,22406840,1.32,United States
3264,Cocrystal Pharma,COCP,22345312,1.16,United States
3265,Urban One,UONE,22338272,4.8404,United States
3266,Retractable Technologies,RVP,21914000,0.732,United States
3267,Zeo Energy,ZEO,21645792,0.2377,United States
3268,180 Life Sciences,ATNF,21620372,3.58,United States
3269,Allbirds,BIRD,21618854,2.455,United States
3270,Cytosorbents,CTSO,21429376,0.341,United States
3271,Ashford Hospitality Trust,AHT,21425748,3.2,United States
3272,Offerpad,OPAD,21288260,4.405,United States
3273,Barfresh Food Group,BRFH,20874460,1.28,United States
3274,Neuphoria Therapeutics,NEUP,20321112,3.76,United States
3275,America's Car-Mart,CRMT,19926034,2.3,United States
3276,System1,SST,19507986,2.24,United States
3277,SPAR Group,SGRP,19453014,0.685,United States
3278,Lipocine,LPCN,18467126,2.24,United States
3279,Avant Technologies Inc.,AVAI,18316072,0.119,United States
3280,Tempest Therapeutics,TPST,18028346,1.09,United States
3281,Motorsport Gaming,MSGM,17804552,3.88,United States
3282,Palatin Technologies,PTN,17774956,9.99,United States
3283,Energy Focus,EFOI,17642744,2.77,United States
3284,Cyclerion Therapeutics,CYCN,17227372,3.68,United States
3285,T Stamp Inc. (TrustStamp),IDAI,17199838,3.05,United States
3286,Game Your Game,GYGY,17126480,1.19,United States
3287,Adial Pharmaceuticals,ADIL,16868798,5.75,United States
3288,Know Labs,KNW,16795408,2.24,United States
3289,Camber Energy,CEI,16771320,0.0954,United States
3290,Dragonfly Energy,DFLI,16476684,1.1,United States
3291,Austin Gold,AUST,16294672,1.19,United States
3292,Smith Micro Software,SMSI,16042955,2.87,United States
3293,Scienture Holdings,SCNX,15953420,0.3885,United States
3294,Citius Pharmaceuticals,CTXR,15927982,0.5802,United States
3295,Cyngn,CYN,15884359,1.1013,United States
3296,Psychemedics,PMD,15738209,2.67,United States
3297,Astrotech,ASTC,15111463,7.17,United States
3298,SUNation Energy Inc.,SUNE,15045279,2.31,United States
3299,Dolphin Entertainment,DLPN,15044511,1.155,United States
3300,Synlogic,SYBX,14943719,1.22,United States
3301,iRobot,IRBT,14843741,0.4664,United States
3302,Office Properties Income Trust,OPI,14795239,0.2,United States
3303,AEON Biopharma,AEON,14760318,0.2959,United States
3304,Dare Bioscience,DARE,14744518,0.761,United States
3305,AppTech Payments,APCX,14701377,0.35,United States
3306,The Cannabist Company,CBSTF,14475953,0.0291,United States
3307,Bionano Genomics,BNGO,14367940,1.22,United States
3308,The Glimpse Group,VRAR,14332026,0.68,United States
3309,Passage Bio,PASG,14254898,4.43,United States
3310,HOOKIPA Pharma,HOOK,14232977,1.15,United States
3311,HeartSciences Inc.,HSCS,14193897,3.15,United States
3312,Natural Health Trends,NHTC,13981894,1.63,United States
3313,SolarMax Technology,SMXT,13823557,2.915,United States
3314,SeaStar Medical,ICU,13793413,3.13,United States
3315,ESS Tech,GWH,13779508,0.35,United States
3316,Intensity Therapeutics,INTS,13745141,4.21,United States
3317,FingerMotion,FNGR,13672211,0.223,United States
3318,FGI Industries,FGI,13654086,7.07,United States
3319,KALA BIO,KALA,13009874,0.6727,United States
3320,Air Industries Group,AIRI,12902751,2.66,United States
3321,Clean Energy Technologies,CETY,12896072,1.06,United States
3322,Upland Software,UPLD,12863781,4.35,United States
3323,Arrive AI,ARAI,12704483,0.2449,United States
3324,Phio Pharmaceuticals,PHIO,12662804,1.09,United States
3325,Quoin Pharmaceuticals,QNRX,12492360,6.22,United States
3326,Flux Power,FLUX,12395687,0.5733,United States
3327,PDS Biotechnology,PDSB,11977866,0.214,United States
3328,Urgent.ly Inc.,ULY,11787284,5.38,United States
3329,Senti Biosciences,SNTI,11782061,0.3783,United States
3330,Inuvo,INUV,11538155,0.7,United States
3331,FibroBiologics,FBLG,11452092,1.72,United States
3332,Gaxos.ai,GXAI,11406148,0.8294,United States
3333,BrainStorm Cell Therapeutics,BCLI,11365818,1.03,United States
3334,Cambium Networks,CMBM,11325767,0.401,United States
3335,VistaGen Therapeutics,VTGN,11316112,0.255,United States
3336,"Reed's, Inc.",REED,11265417,0.9501,United States
3337,Azitra,AZTR,10605655,0.175,United States
3338,Phoenix Motor,PEV,10575262,0.23,United States
3339,Reborn Coffee,REBN,10513222,1.28,United States
3340,CISO Global,CISO,10425375,0.229,United States
3341,Lunai Bioworks,LNAI,10314600,2.275,United States
3342,Rocky Mountain Chocolate Factory,RMCF,10289150,1.09,United States
3343,SINTX Technologies,SINT,10196737,1.53,United States
3344,Aprea Therapeutics,APRE,10072909,0.8,United States
3345,Ryvyl Inc.,RVYL,9994965,7.81,United States
3346,Bullfrog AI,BFRG,9921638,0.5351,United States
3347,Xenetic Biosciences,XBIO,9817929,4.19,United States
3348,Superior Industries International,SUP,9576233,0.3249,United States
3349,reAlpha Tech,AIRE,9486601,1.58,United States
3350,AMASS Brands Inc.,AMSS,9272460,0.799,United States
3351,Imunon,IMNN,9146587,1.63,United States
3352,Trio Petroleum,TPET,9050279,1.84,United States
3353,Solo Brands,SBDS,9039395,3.52,United States
3354,GoHealth,GOCO,8937260,0.305,United States
3355,Carver Bancorp,CARV,8920743,1.53,United States
3356,Wellgistics Health,WGRX,8847256,3.52,United States
3357,Gauzy,GAUZ,8804263,0.383,United States
3358,Co-Diagnostics,CODX,8656836,1.24,United States
3359,Northann Corp,NCL,8543560,0.159,United States
3360,SeaChange International,SEAC,8398952,3.25,United States
3361,Trinseo,TSE,8278525,0.23,United States
3362,Soligenix,SNGX,8270882,0.38,United States
3363,Hepion Pharmaceuticals,HEPA,8119739,0.09,United States
3364,enVVeno Medical Corporation,NVNO,7969654,11.47,United States
3365,"Cyabra, Inc.",CYAB,7966194,0.4527,United States
3366,Innovative Eyewear,LUCY,7749137,0.9001,United States
3367,Vislink Technologies,VISL,7711201,3.11,United States
3368,Ensysce Biosciences,ENSC,7640682,0.3927,United States
3369,authID,AUID,7532513,0.4505,United States
3370,Skye Bioscience,SKYE,7438495,1.68,United States
3371,Signing Day Sports,SGN,7408163,0.5401,United States
3372,Aterian,ATER,7186764,0.4,United States
3373,OLB Group,OLB,7110012,0.296,United States
3374,Focus Universal,FCUV,6922038,9.85,United States
3375,AIM ImmunoTech,AIM,6879923,0.226,United States
3376,Super League Enterprise,SLE,6831334,4.03,United States
3377,Expion360,XPON,6681869,7.01,United States
3378,AquaBounty Technologies,AQB,6562685,1.275,United States
3379,Biomerica,BMRA,6458662,2.09,United States
3380,VolitionRx,VNRX,6258029,0.4339,United States
3381,Cadrenal Therapeutics,CVKD,6243286,1.75,United States
3382,TPI Composites,TPIC,6193621,0.1271,United States
3383,Sonoma Pharmaceuticals,SNOA,6177068,1.29,United States
3384,Nauticus Robotics,KITT,6060507,0.8111,United States
3385,Bakhu Holdings,BKUH,6026059,0.02,United States
3386,Mangoceuticals,MGRX,5974382,0.3901,United States
3387,Lakewood-Amedex Biotherapeutics,LABT,5924220,2.5,United States
3388,Polar Power,POLA,5854074,1.39,United States
3389,Sonendo,SONX,5717974,1.2,United States
3390,Netcapital,NCPL,5615956,0.7156,United States
3391,cbdMD,YCBD,5490472,0.49,United States
3392,CaliberCos,CWD,5474789,0.5272,United States
3393,"DSS, Inc. (Document Security Systems)",DSS,5463130,0.544,United States
3394,Sonim Technologies,SONM,5447782,3.66,United States
3395,Golden Minerals,AUMN,5369690,0.23725,United States
3396,Pulmatrix,PULM,5368859,1.47,United States
3397,Eterna Therapeutics,ERNA,5330142,4.57,United States
3398,Socket Mobile,SCKT,5323259,0.642,United States
3399,Origin Materials,ORGN,5228483,0.9501,United States
3400,Talis Biomedical,TLIS,5176808,2.84,United States
3401,BioXcel Therapeutics,BTAI,5096535,0.1628,United States
3402,Urban-gro,UGRO,4942725,3.15,United States
3403,Vertex Energy,VTNR,4872095,0.0521,United States
3404,Leslie's,LESL,4826965,0.5154,United States
3405,zSpace,ZSPC,4818827,0.13,United States
3406,Kidpik,PIK,4644903,2.38,United States
3407,Boxlight,BOXL,4613809,6.28,United States
3408,Cheetah Net Supply Chain Service,CTNT,4612711,1.46,United States
3409,Cemtrex,CETX,4474966,2.6,United States
3410,BIO-key International,BKYI,4452666,3.1,United States
3411,Hydrofarm,HYFM,4404379,0.9139,United States
3412,"Bark, Inc.",BARK,4377870,0.5066,United States
3413,Alaunos Therapeutics,TCRT,4318816,1.7,United States
3414,Cloudastructure,CSAI,4293986,4.95,United States
3415,CASI Pharmaceuticals,CASI,4263766,0.2075,United States
3416,QVC Group,QVCGA,4255453,0.34,United States
3417,PMGC Holdings,ELAB,4201715,5.19,United States
3418,SurgePays,SURG,4195356,0.167,United States
3419,Jaguar Health,JAGX,4088642,0.7911,United States
3420,Tivic Health Systems,TIVC,4029097,1.4,United States
3421,Beyond Air,XAIR,3908095,3.97,United States
3422,VivoSim Labs,VIVS,3902075,0.2914,United States
3423,iSpecimen,ISPC,3878628,1.54,United States
3424,Avalon GloboCare,ALBT,3707637,0.282,United States
3425,iPower,IPW,3706648,1.96,United States
3426,Curis,CRIS,3613366,1.49,United States
3427,Unity Biotechnology,UBX,3444161,0.2001,United States
3428,Eagle Pharmaceuticals,EGRX,3289388,0.25,United States
3429,ShiftPixy,PIXY,3265294,6.53,United States
3430,Forza X1,FRZA,3150960,0.2,United States
3431,Genprex,GNPX,3041120,3.71,United States
3432,Advent Technologies,ADN,3023365,0.9185,United States
3433,ATI Physical Therapy,ATIP,2977762,0.675,United States
3434,DataMEDS AI,MEDS,2948628,0.963,United States
3435,Matinas BioPharma,MTNB,2904765,0.1977,United States
3436,BioAtla,BCAB,2890683,1.735,United States
3437,Sleep Number,SNBR,2881125,0.125,United States
3438,Marin Software,MRIN,2863609,0.8981,United States
3439,Edible Garden,EDBL,2849203,1.46,United States
3440,Inotiv,NOTV,2787563,0.0799,United States
3441,Trinity Place Holdings,TPHS,2773985,0.042,United States
3442,bioAffinity Technologies,BIAF,2701011,4.56,United States
3443,PREIT (Pennsylvania Real Estate Investment Trust),PRET,2690436,0.4974,United States
3444,Xilio Therapeutics,XLO,2676465,0.5101,United States
3445,Staffing 360 Solutions,STAF,2654640,1.615,United States
3446,Nuwellis,NUWE,2516293,0.7925,United States
3447,SOBR Safe,SOBR,2505052,0.465,United States
3448,LM Funding America,LMFA,2430118,2.6,United States
3449,Oragenics,OGEN,2300195,0.5098,United States
3450,22nd Century Group,XXII,2284780,3.2,United States
3451,Longeveron,LGVN,2242259,0.7033,United States
3452,Fly-E Group,FLYE,2220045,1.36,United States
3453,Sow Good,SOWG,2203871,0.1099,United States
3454,Clearside Biomedical,CLSD,2145948,0.41,United States
3455,Vivakor,VIVK,2135640,0.7801,United States
3456,Jet.AI,JTAI,2125473,1.495,United States
3457,Vaccinex,VCNX,2020994,0.75505,United States
3458,Cutera,CUTR,1956013,0.0969,United States
3459,"Greenlane Holdings, Inc.",GNLN,1944723,2.8,United States
3460,Direct Digital Holdings,DRCT,1814163,2.26,United States
3461,Cue Biopharma,CUE,1804119,0.5542,United States
3462,Sonder Holdings,SOND,1680861,0.1263,United States
3463,Traeger,COOK,1642351,0.5983,United States
3464,CorEnergy Infrastructure Trust,CORR,1627350,0.0198,United States
3465,Lazydays Holdings,GORV,1573084,0.4211,United States
3466,Synergy CHC,SNYR,1570447,0.1054,United States
3467,La Rosa Holdings,LRHC,1555732,0.4689,United States
3468,Benson Hill,BHIL,1522391,0.249,United States
3469,Aethlon Medical,AEMD,1464940,2.06,United States
3470,Allurion Technologies,ALUR,1380575,1.38,United States
3471,Maison Solutions,MSS,1340630,1.54,United States
3472,Purple Innovation,PRPL,1261071,0.2897,United States
3473,Arcadia Biosciences,RKDA,1250621,0.5191,United States
3474,Onfolio Holdings,ONFO,1122000,1.32,United States
3475,Actelis Networks,ASNS,1116014,0.0387,United States
3476,Solar Integrated Roofing,SIRC,1097545,0.0001,United States
3477,Evofem Biosciences,EVFM,1073493,0.0081,United States
3478,Danimer Scientific,DNMR,1056961,0.35,United States
3479,LMP Automotive Holdings,LMPX,1036332,0.095,United States
3480,BNB Plus Corp.,BNBX,929583,0.15,United States
3481,Quince Therapeutics,QNCX,900311,0.9206,United States
3482,iEntertainment Network,IENT,876829,0.0067,United States
3483,"Freight Technologies, Inc.",FRGT,766647,1.34,United States
3484,Alkaline Water Company,WTER,712202,0.02,United States
3485,Yellow Corporation,YELLQ,693890,0.0102,United States
3486,Tapinator,TAPM,673183,0.247,United States
3487,Tevogen Bio,TVGN,627896,0.1551,United States
3488,Kaival Brands Innovations,KAVL,586062,0.03,United States
3489,Wheeler Real Estate Investment Trust,WHLR,524994,0.68,United States
3490,Greene Concepts,INKW,433653,0.0068,United States
3491,Ayr Wellness,AYRWF,432062,0.0037,United States
3492,Ontrak,OTRK,425780,0.0601,United States
3493,Viracta Therapeutics,VIRX,388698,0.00978,United States
3494,Impac Mortgage Holdings,IMPM,365688,0.01,United States
3495,Lyra Therapeutics,LYRA,354976,0.2,United States
3496,VYNE Therapeutics,VYNE,339859,0.509,United States
3497,NantHealth,NHIQ,329655,0.012,United States
3498,ProPhase Labs,PRPH,327443,0.021,United States
3499,Ocean Biomedical,OCEA,325311,0.0014,United States
3500,Vicarious Surgical,RBOT,268852,0.0377,United States
3501,Vinco Ventures,BBIG,253500,0.0195,United States
3502,Remark Holdings,MARK,247609,0.004,United States
3503,Leafly Holdings,LFLY,232138,37.0,United States
3504,Trulite,TRUL,212013,0.0001,United States
3505,Ampio Pharmaceuticals,AMPE,207884,0.1831,United States
3506,CXApp,CXAI,194174,0.089,United States
3507,BloomZ,BLMZ,187531,0.128,United States
3508,Wearable Health Solutions,WHSI,182670,0.0001,United States
3509,Faraday Future,FFAI,174605,0.0717,United States
3510,Petros Pharmaceuticals,PTPI,152540,0.0036,United States
3511,Hallmark Financial Services,HALL,145478,0.08,United States
3512,Cenntro Inc.,CENN,113554,0.0775,United States
3513,Loop Media,LPTV,103383,0.0007,United States
3514,PaxMedica,PXMD,88385,0.0007,United States
3515,Novo Integrated Sciences,NVOS,69055,0.0035,United States
3516,Vincerx Pharma,VINC,68045,0.013,United States
3517,Carisma Therapeutics,CARM,54398,0.0013,United States
3518,ToughBuilt Industries,TBLT,47699,0.011,United States
3519,AiRWA Inc.,YYAI,44170,0.8385,United States
3520,Presto Automation,PRST,41851,0.0001,United States
3521,Exela Technologies,XELA,30526,0.0011,United States
3522,T2 Biosystems,TTOO,28045,0.001,United States
3523,Gaming Technologies (Gametech),GMGT,27420,0.0006,United States
3524,Gamer Pakistan,GPAK,15347,0.0006,United States
3525,Mobile Global Esports (Mogo),MGAM,15091,0.0002,United States
3526,Vaxxinity,VAXX,12678,0.0001,United States
3527,Movella,MVLA,10181,0.0002,United States
3528,Trevena,TRVN,9501,0.011,United States
3529,4Front Ventures,FFNTF,9152,1e-05,United States
3530,Freeze Tag,FRZT,7505,0.0001,United States
3531,USD Partners,USDP,6754,0.0002,United States
3532,Stryve Foods,SNAX,4792,0.0011,United States
3533,Adamas One,JEWL,3804,0.0001,United States
3534,Syros Pharmaceuticals,SYRS,2683,0.0001,United States
3535,Viveve Medical,VIVE,2144,0.0002,United States
3536,Lipella Pharmaceuticals,LIPO,1848,0.0004,United States
3537,Telesis Bio,TBIO,1775,0.001,United States
3538,Calithera Biosciences,CALA,1461,0.0003,United States
3539,eFFECTOR Therapeutics,EFTR,1411,0.0003,United States
3540,Grom Social Enterprises,GROM,902,0.0001,United States
3541,Minerva Surgical,UTRS,887,0.0001,United States
3542,Lightning eMotors,ZEVY,659,0.0001,United States
3543,Hempacco,HPCO,592,0.0001,United States
3544,GigCapital9,GIXXU,0,0.0,United States
3545,Saluda Medical,SLD.AX,0,0.0,United States
3546,Pershing Square USA,PSUS,0,0.0,United States
