Rank,Name,Symbol,marketcap,price (USD),country
1,NVIDIA,NVDA,5271048421376,218.29,United States
2,Apple,AAPL,4849207869440,332.27,United States
3,Alphabet (Google),GOOG,4102531842048,335.45,United States
4,Microsoft,MSFT,3680323239936,495.63,United States
5,Amazon,AMZN,2769709432832,256.78,United States
6,SpaceX,SPCX,1993217015808,151.21,United States
7,Broadcom,AVGO,1728006324224,361.99,United States
8,Meta Platforms (Facebook),META,1650860490752,648.03,United States
9,Tesla,TSLA,1443322658816,365.44,United States
10,Micron Technology,MU,1101452017664,975.26,United States
11,Berkshire Hathaway,BRK-B,1092553998336,510.37,United States
12,Eli Lilly,LLY,994915778560,1115.7,United States
13,JPMorgan Chase,JPM,946925731840,356.23,United States
14,Walmart,WMT,852708163584,107.15,United States
15,AMD,AMD,842569351168,516.13,United States
16,Visa,V,691647676416,370.45,United States
17,Exxon Mobil,XOM,682536271872,165.99,United States
18,Johnson & Johnson,JNJ,640020840448,265.58,United States
19,Intel,INTC,544151666688,102.94,United States
20,Mastercard,MA,498616074240,569.19,United States
21,AbbVie,ABBV,454361186304,257.12,United States
22,Cisco,CSCO,442082263040,112.13,United States
23,Bank of America,BAC,438375383040,62.69,United States
24,Oracle,ORCL,432877174784,150.28,United States
25,Chevron,CVX,419900817408,214.06,United States
26,Palantir,PLTR,401863442432,167.23,United States
27,Costco,COST,401246322688,904.77,United States
28,Coca-Cola,KO,379872051200,88.29,United States
29,Caterpillar,CAT,376276058112,818.57,United States
30,Lam Research,LRCX,373168930816,298.22,United States
31,Applied Materials,AMAT,362269278208,456.49,United States
32,Dell,DELL,360690188288,567.29,United States
33,Merck,MRK,355100000256,143.93,United States
34,UnitedHealth,UNH,340269203456,379.09,United States
35,Procter & Gamble,PG,337414619136,145.27,United States
36,Morgan Stanley,MS,336698015744,214.38,United States
37,General Electric,GE,335817474048,323.66,United States
38,Netflix,NFLX,322288943104,77.4,United States
39,Home Depot,HD,308026671104,308.74,United States
40,Goldman Sachs,GS,299667783680,1029.18,United States
41,Philip Morris International,PM,297788669952,191.06,United States
42,Wells Fargo,WFC,273036886016,90.29,United States
43,Palo Alto Networks,PANW,270471692288,330.65,United States
44,RTX,RTX,266424811520,197.68,United States
45,GE Vernova,GEV,254953160704,957.27,United States
46,Arista Networks,ANET,251727839232,199.59,United States
47,Texas Instruments,TXN,245389656064,268.7,United States
48,Sandisk,SNDK,239153479680,1633.35,United States
49,KLA,KLAC,236014616576,180.64,United States
50,Citigroup,C,232861794304,138.82,United States
51,IBM,IBM,229211865088,243.29,United States
52,Thermo Fisher Scientific,TMO,225479294976,609.82,United States
53,American Express,AXP,219266351104,324.69,United States
54,Marvell Technology,MRVL,212184170496,236.1,United States
55,CrowdStrike,CRWD,211688292352,206.74,United States
56,Verizon,VZ,210273173504,50.61,United States
57,Amphenol,APH,206943928320,83.92,United States
58,Amgen,AMGN,204007489536,377.35,United States
59,Salesforce,CRM,203873566720,247.72,United States
60,T-Mobile US,TMUS,195580215296,182.33,United States
61,QUALCOMM,QCOM,194354970624,181.97,United States
62,Pepsico,PEP,186213122048,136.32,United States
63,Charles Schwab,SCHW,185471254528,107.25,United States
64,Walt Disney,DIS,183978491904,106.55,United States
65,Analog Devices,ADI,183543709696,378.78,United States
66,Deere &amp; Company (John Deere),DE,182196666368,675.74,United States
67,McDonald,MCD,178700713984,252.53,United States
68,AT&T,T,178573164544,26.06,United States
69,Gilead Sciences,GILD,178206359552,143.72,United States
70,Abbott Laboratories,ABT,176412573696,101.95,United States
71,BlackRock,BLK,175417425920,1079.65,United States
72,Nextera Energy,NEE,171696865280,82.31,United States
73,Welltower,WELL,169781182464,235.62,United States
74,Union Pacific Corporation,UNP,168955068416,284.4,United States
75,Boeing,BA,166333366272,210.45,United States
76,ConocoPhillips,COP,165003706368,137.35,United States
77,Southern Copper,SCCO,163372056576,193.49,United States
78,Western Digital,WDC,161226686464,447.18,United States
79,Pfizer,PFE,157994942464,27.72,United States
80,Interactive Brokers,IBKR,155677638656,91.37,United States
81,Blackstone Group,BX,153607716864,128.51,United States
82,Uber,UBER,146390286336,71.67,United States
83,Corning,GLW,143335014400,166.4,United States
84,Danaher,DHR,140695633920,200.14,United States
85,TJX Companies,TJX,138618716160,126.02,United States
86,ServiceNow,NOW,137017729024,132.53,United States
87,Newmont,NEM,133618712576,126.81,United States
88,Intuitive Surgical,ISRG,132258340864,369.15,United States
89,Prologis,PLD,131961405440,135.75,United States
90,Booking Holdings (Booking.com),BKNG,130680094720,173.92,United States
91,Vertex Pharmaceuticals,VRTX,130643902464,515.44,United States
92,Bristol-Myers Squibb,BMY,129998356480,63.64,United States
93,Capital One,COF,127788900352,208.3,United States
94,Progressive,PGR,126458986496,217.62,United States
95,S&P Global,SPGI,121077309440,410.71,United States
96,CVS Health,CVS,121067339776,94.66,United States
97,Lockheed Martin,LMT,120978202624,524.19,United States
98,Parker-Hannifin,PH,119774085120,950.23,United States
99,Snowflake,SNOW,116067672064,328.99,United States
100,Altria Group,MO,115178938368,68.98,United States
101,Fortinet,FTNT,114510700544,156.07,United States
102,Starbucks,SBUX,112563601408,98.74,United States
103,Valero Energy,VLO,112412639232,390.42,United States
104,Marathon Petroleum,MPC,111186952192,395.93,United States
105,Lowe's Companies,LOW,110426652672,196.82,United States
106,BNY Mellon (Bank of New York Mellon),BNY,110365483008,162.66,United States
107,Cloudflare,NET,109149110272,306.53,United States
108,AppLovin,APP,108830965760,323.96,United States
109,Automatic Data Processing,ADP,106569711616,268.26,United States
110,Stryker Corporation,SYK,105697386496,275.56,United States
111,Phillips 66,PSX,104030609408,259.47,United States
112,McKesson,MCK,102775570432,881.51,United States
113,Equinix,EQIX,102393577472,1037.72,United States
114,Freeport-McMoRan,FCX,102057762816,71.07,United States
115,Airbnb,ABNB,101907333120,170.19,United States
116,Robinhood,HOOD,101209694208,112.57,United States
117,Constellation Energy,CEG,100889026560,284.75,United States
118,Southern Company,SO,100277141504,87.17,United States
119,Adobe,ADBE,100261421056,252.23,United States
120,CME Group,CME,99078471680,275.54,United States
121,Vertiv Holdings,VRT,98965053440,257.06,United States
122,U.S. Bancorp,USB,97907957760,62.84,United States
123,Quanta Services,PWR,97810407424,650.58,United States
124,PNC Financial Services,PNC,97438007296,244.24,United States
125,General Dynamics,GD,96291299328,355.9,United States
126,KKR & Co.,KKR,93356531712,101.08,United States
127,Duke Energy,DUK,93112033280,119.42,United States
128,HCA Healthcare,HCA,92433154048,426.94,United States
129,Howmet Aerospace,HWM,91568791552,229.61,United States
130,Elevance Health,ELV,90807508992,418.72,United States
131,CSX Corporation,CSX,90678648832,48.95,United States
132,Comcast,CMCSA,89425649664,25.2,United States
133,Williams Companies,WMB,89107750912,72.85,United States
134,Intercontinental Exchange,ICE,88363491328,157.4,United States
135,DoorDash,DASH,87504519168,201.95,United States
136,Marriott International,MAR,87275872256,334.69,United States
137,Intuit,INTU,85935079424,321.57,United States
138,Waste Management,WM,85323210752,213.46,United States
139,United Parcel Service,UPS,85316378624,100.28,United States
140,3M,MMM,85078728704,164.97,United States
141,Monster Beverage,MNST,85022851072,43.4,United States
142,Emerson,EMR,84891582464,152.19,United States
143,Marsh & McLennan Companies,MRSH,84423442432,176.91,United States
144,Enterprise Products,EPD,84003667968,38.9,United States
145,SLB (Schlumberger),SLB,83201073152,56.06,United States
146,Lumentum,LITE,83154591744,927.03,United States
147,American Tower,AMT,82871001088,177.85,United States
148,Hewlett Packard Enterprise,HPE,82422292480,62.09,United States
149,Moody's,MCO,82252316672,474.95,United States
150,Bloom Energy,BE,81215922176,275.75,United States
151,Cintas,CTAS,80634167296,201.5,United States
152,Regeneron Pharmaceuticals,REGN,80458293248,781.49,United States
153,Mondelez International,MDLZ,79692677120,62.44,United States
154,Cadence Design Systems,CDNS,79690465280,289.37,United States
155,Datadog,DDOG,79430983680,221.21,United States
156,Sherwin-Williams,SHW,78486134784,323.31,United States
157,The Travelers Companies,TRV,78257348608,375.2,United States
158,Simon Property Group,SPG,77758283776,204.83,United States
159,General Motors,GM,77439139840,85.62,United States
160,Ecolab,ECL,77421150208,276.18,United States
161,EOG Resources,EOG,77294624768,147.36,United States
162,Motorola Solutions,MSI,77146587136,466.16,United States
163,Carvana,CVNA,76661358592,69.16,United States
164,Cummins,CMI,76644696064,556.75,United States
165,Illinois Tool Works,ITW,76371968000,268.16,United States
166,Apollo Global Management,APO,76168257536,128.98,United States
167,Synopsys,SNPS,76152569856,397.38,United States
168,Energy Transfer LP,ET,74203103232,21.55,United States
169,The Cigna Group,CI,74188161024,280.76,United States
170,Ross Stores,ROST,74017030144,230.74,United States
171,FedEx,FDX,73838804992,311.99,United States
172,Northrop Grumman,NOC,73726443520,518.97,United States
173,Norfolk Southern,NSC,71935320064,320.27,United States
174,Digital Realty,DLR,71219822592,188.58,United States
175,Target,TGT,70793060352,155.83,United States
176,Warner Bros. Discovery,WBD,70300114944,28.04,United States
177,Royal Caribbean Group,RCL,69574991872,260.14,United States
178,O'Reilly Automotive,ORLY,69425012736,85.82,United States
179,Colgate-Palmolive,CL,69194604544,86.8,United States
180,Hilton Worldwide,HLT,68912627712,306.19,United States
181,Kinder Morgan,KMI,68719116288,30.86,United States
182,Republic Services,RSG,68205883392,222.74,United States
183,American Electric Power,AEP,67140530176,123.33,United States
184,Air Products and Chemicals,APD,64897245184,291.43,United States
185,Paccar,PCAR,64600772608,122.73,United States
186,Allstate,ALL,64152592384,253.71,United States
187,Honeywell,HON,64135979008,202.36,United States
188,TransDigm Group,TDG,63032922112,1140.32,United States
189,Boston Scientific,BSX,62287884288,42.98,United States
190,Targa Resources,TRGP,62238605312,290.25,United States
191,MetLife,MET,61730230272,97.14,United States
192,Arthur J. Gallagher & Co.,AJG,61603868672,240.32,United States
193,Truist Financial Corporation,TFC,61569966080,50.4,United States
194,United Rentals,URI,61565288448,989.12,United States
195,Occidental Petroleum,OXY,61437710336,61.46,United States
196,Cencora,COR,61364293632,321.57,United States
197,Oneok,OKE,60906319872,96.62,United States
198,MPLX,MPLX,60669276160,59.84,United States
199,Monolithic Power Systems,MPWR,60665065472,1234.46,United States
200,W. W. Grainger,GWW,60289208320,1280.0,United States
201,Coherent Corp.,COHR,59801288704,305.37,United States
202,Comfort Systems USA,FIX,59507273728,1690.82,United States
203,Teradyne,TER,59365711872,379.72,United States
204,Nucor,NUE,58858356736,259.43,United States
205,Baker Hughes,BKR,58627330048,59.06,United States
206,Aflac,AFL,57794854912,115.28,United States
207,Keysight,KEYS,57651683328,338.64,United States
208,Cheniere Energy,LNG,57486716928,278.34,United States
209,Moderna,MRNA,57477992448,143.97,United States
210,Diamondback Energy,FANG,57395654656,204.97,United States
211,Dominion Energy,D,56606289920,64.36,United States
212,Fastenal,FAST,56594579456,49.32,United States
213,Realty Income,O,56299974656,59.5,United States
214,Corteva,CTVA,55977746432,83.9,United States
215,Ford,F,55706714112,13.97,United States
216,Ametek,AME,55451418624,241.87,United States
217,Public Storage,PSA,55401701376,296.5,United States
218,Devon Energy,DVN,55253000192,50.23,United States
219,Nike,NKE,54592753664,36.8,United States
220,Cardinal Health,CAH,54555291648,234.57,United States
221,Sempra,SRE,54496051200,83.34,United States
222,State Street Corporation,STT,53127319552,193.4,United States
223,Delta Air Lines,DAL,52550660096,79.91,United States
224,"Strategy 
 (MicroStrategy)",MSTR,52031979520,130.97,United States
225,Nasdaq,NDAQ,50973147136,91.19,United States
226,Vivmark Residential,VMRK,50713485312,65.54,United States
227,Astera Labs,ALAB,50522333184,291.22,United States
228,Entergy,ETR,50324303872,105.33,United States
229,Honeywell Aerospace,HONA,50160939008,158.26,United States
230,Vistra,VST,49801551872,148.38,United States
231,Fifth Third Bank,FITB,49625161728,54.72,United States
232,Ciena,CIEN,49567752192,349.54,United States
233,Ameriprise Financial,AMP,49255481344,557.61,United States
234,Humana,HUM,49208905728,409.8,United States
235,CoreWeave,CRWV,49081237504,88.99,United States
236,Edwards Lifesciences,EW,48630870016,84.37,United States
237,Becton Dickinson,BDX,48443998208,177.85,United States
238,eBay,EBAY,47948750848,107.75,United States
239,Wabtec,WAB,47838928896,283.22,United States
240,Rockwell Automation,ROK,47668649984,428.39,United States
241,AutoZone,AZO,47589470208,2915.06,United States
242,Block,XYZ,47588970496,79.21,United States
243,Natera,NTRA,47413342208,328.93,United States
244,Carrier Global,CARR,47365718016,57.46,United States
245,Xcel Energy,XEL,47159889920,75.5,United States
246,Coinbase,COIN,46240059392,175.26,United States
247,Ventas,VTR,46160044032,89.99,United States
248,PayPal,PYPL,45955358720,53.72,United States
249,Chipotle Mexican Grill,CMG,45808132096,36.2,United States
250,L3Harris Technologies,LHX,45723136000,245.54,United States
251,Cerebras Systems,CBRS,45595664384,191.93,United States
252,Workday,WDAY,44753698816,185.7,United States
253,Exelon Corporation,EXC,44465762304,43.16,United States
254,Autodesk,ADSK,44391600128,212.4,United States
255,HEICO,HEI,44163342336,316.0,United States
256,Medline,MDLN,43766939648,32.53,United States
257,Revolution Medicines,RVMD,43675332608,203.77,United States
258,Ares Management,ARES,43674984448,131.64,United States
259,IQVIA,IQV,43087339520,261.77,United States
260,Keurig Dr Pepper,KDP,42716327936,31.39,United States
261,Veeva Systems,VEEV,42484879360,262.4,United States
262,Archer Daniels Midland (ADM),ADM,41795534848,86.72,United States
263,Agilent Technologies,A,41429237760,146.93,United States
264,Paychex,PAYX,41222541312,115.8,United States
265,Prudential Financial,PRU,41137799168,119.24,United States
266,CBRE Group,CBRE,40688222208,140.51,United States
267,MSCI,MSCI,40320147456,554.61,United States
268,Microchip Technology,MCHP,40291246080,74.2,United States
269,Take-Two Interactive,TTWO,40288677888,215.47,United States
270,Rocket Lab,RKLB,40250925056,62.95,United States
271,Waste Connections,WCN,40185671680,159.74,United States
272,Waters Corporation,WAT,40093212672,408.34,United States
273,Sysco,SYY,39865577472,83.21,United States
274,IDEXX Laboratories,IDXX,39760830464,504.7,United States
275,Live Nation,LYV,39638056960,170.15,United States
276,Venture Global,VG,39501467648,15.8,United States
277,American International Group,AIG,39389544448,75.33,United States
278,Consolidated Edison,ED,39371956224,106.46,United States
279,BeOne Medicines,ONC,39197962240,346.51,United States
280,NetApp,NTAP,39142379520,199.28,United States
281,Axon Enterprise,AXON,38940344320,479.34,United States
282,D. R. Horton,DHI,38568009728,137.89,United States
283,Yum! Brands,YUM,38443573248,140.87,United States
284,Roper Technologies,ROP,38424965120,388.52,United States
285,Old Dominion Freight Line,ODFL,37390618624,179.79,United States
286,Rocket Companies,RKT,37321048064,13.18,United States
287,The Hartford,HIG,36936105984,136.36,United States
288,Martin Marietta Materials,MLM,36217044992,509.96,United States
289,PSEG,PEG,36080627712,72.39,United States
290,TKO Group Holdings,TKO,36019916800,190.31,United States
291,Kroger,KR,35833741312,58.49,United States
292,United Airlines Holdings,UAL,35644248064,109.82,United States
293,Estee Lauder,EL,35137875968,97.12,United States
294,Twilio,TWLO,34915328000,227.35,United States
295,The Hershey Company,HSY,34824437760,173.32,United States
296,M&T Bank,MTB,34635350016,239.83,United States
297,Northern Trust,NTRS,34613379072,189.19,United States
298,Emcor,EME,34434834432,780.66,United States
299,Steel Dynamics,STLD,34368643072,239.79,United States
300,WEC Energy Group,WEC,34321715200,105.33,United States
301,Iron Mountain,IRM,34289410048,115.18,United States
302,Kenvue,KVUE,34151354368,17.78,United States
303,Ubiquiti,UI,34147086336,564.15,United States
304,Huntington Bancshares,HBAN,34064195584,16.86,United States
305,EQT Corporation,EQT,33821650944,54.07,United States
306,Expedia Group,EXPE,33705799680,280.83,United States
307,Jabil,JBL,33330675712,318.08,United States
308,Raymond James Financial,RJF,33321666560,173.46,United States
309,Alnylam Pharmaceuticals,ALNY,33275650048,248.68,United States
310,Crown Castle,CCI,33045940224,75.62,United States
311,Centene,CNC,32811147264,66.42,United States
312,"Cheniere Energy
Partners",CQP,32790067200,67.74,United States
313,Vulcan Materials,VMC,32749729792,252.74,United States
314,Everpure,P,32716253184,98.18,United States
315,Kimberly-Clark,KMB,32642633728,98.15,United States
316,Roblox,RBLX,32504104960,45.5,United States
317,Biogen,BIIB,32084781056,217.15,United States
318,HP,HPQ,31995543552,35.48,United States
319,ResMed,RMD,31485952000,218.27,United States
320,DexCom,DXCM,31332263936,83.03,United States
321,Illumina,ILMN,31173949440,206.45,United States
322,Carnival Corporation,CCL,31159517184,22.75,United States
323,Credo Technology,CRDO,30626764800,162.95,United States
324,PG&amp;E Corporation,PCG,30392664064,13.8,United States
325,Extra Space Storage,EXR,30377498624,137.64,United States
326,Reddit,RDDT,30354399232,157.77,United States
327,Zoetis,ZTS,30152927232,72.97,United States
328,Halliburton,HAL,29859393536,35.84,United States
329,Sunbelt Rentals,SUNB,29781712896,72.68,United States
330,Citizens Financial Group,CFG,29684541440,70.48,United States
331,ON Semiconductor,ON,29642719232,76.14,United States
332,Cboe Global Markets,CBOE,29349294080,281.04,United States
333,Kraft Heinz,KHC,29171265536,24.6,United States
334,MongoDB,MDB,29133248512,362.21,United States
335,Okta,OKTA,29107685376,166.5,United States
336,Ameren,AEE,29040859136,104.9,United States
337,GE HealthCare Technologies,GEHC,28876302336,63.93,United States
338,Insmed,INSM,28260751360,129.41,United States
339,Teledyne Technologies,TDY,27989090304,603.79,United States
340,Zoom,ZM,27885768704,95.57,United States
341,LPL Financial,LPLA,27857446912,353.78,United States
342,Las Vegas Sands,LVS,27741042688,42.83,United States
343,Copart,CPRT,27728054272,29.95,United States
344,DTE Energy,DTE,27588315136,132.58,United States
345,Atmos Energy,ATO,27577243648,163.19,United States
346,Dollar General,DG,27484438528,124.58,United States
347,Fiserv,FISV,27428528128,51.58,United States
348,American Water,AWK,27362996224,137.69,United States
349,VICI Properties,VICI,27339753472,24.83,United States
350,Coupang,CPNG,27178377216,15.12,United States
351,ATI Inc.,ATI,27066587136,198.77,United States
352,EchoStar,ECHO,27056306176,93.14,United States
353,Cognizant Technology Solutions,CTSH,27026653184,60.0,United States
354,Zscaler,ZS,26829019136,164.54,United States
355,Corpay,CPAY,26803562496,408.22,United States
356,FirstEnergy,FE,26692661248,46.13,United States
357,Williams-Sonoma,WSM,26645182464,226.23,United States
358,VeriSign,VRSN,26460983296,292.71,United States
359,Qnity Electronics,Q,26443960320,126.4,United States
360,Supermicro,SMCI,26344310784,40.1,United States
361,Otis Worldwide,OTIS,26304251904,69.1,United States
362,Cincinnati Financial,CINF,26060572672,169.8,United States
363,W. R. Berkley,WRB,25948805120,69.9,United States
364,Quest Diagnostics,DGX,25939947520,235.02,United States
365,Mettler Toledo,MTD,25917691904,1293.52,United States
366,Eversource Energy,ES,25809752064,68.52,United States
367,CenterPoint Energy,CNP,25762549760,39.11,United States
368,GlobalFoundries,GFS,25761505280,46.95,United States
369,Regions Financial,RF,25668636672,30.13,United States
370,PPL,PPL,25646729216,34.08,United States
371,Symbotic,SYM,25504020480,42.13,United States
372,Dover Corporation,DOV,25461297152,189.05,United States
373,Texas Pacific Land Corporation,TPL,25458554880,369.1,United States
374,J. B. Hunt,JBHT,25399296000,270.45,United States
375,LabCorp,LH,25265895424,311.54,United States
376,Expeditors International,EXPD,25036195840,192.6,United States
377,Xylem,XYL,24973750272,106.96,United States
378,Principal Financial Group,PFG,24871464960,116.165,United States
379,Synchrony Financial,SYF,24724930560,75.99,United States
380,Circle Internet Group,CRCL,24697026560,90.6,United States
381,Incyte,INCY,24621694976,121.47,United States
382,Fox Corporation,FOX,24574570496,58.45,United States
383,First Citizens BancShares,FCNCA,24539949056,2173.0,United States
384,West Pharmaceutical Services,WST,24366200832,346.23,United States
385,Hubbell,HUBB,24324116480,460.4,United States
386,Affirm,AFRM,24105375744,71.44,United States
387,Formula One Group,FWONK,23965222912,95.59,United States
388,NRG Energy,NRG,23850481664,113.46,United States
389,Darden Restaurants,DRI,23831279616,209.89,United States
390,Tapestry,TPR,23625920512,118.49,United States
391,Bunge Global SA,BG,23517302784,122.41,United States
392,PPG Industries,PPG,23452649472,105.5,United States
393,Viper Energy,VNOM,23427356672,44.71,United States
394,ULTA Beauty,ULTA,23378931712,546.78,United States
395,Global Payments,GPN,23363158016,88.29,United States
396,F5,FFIV,23313977344,411.71,United States
397,KeyCorp (KeyBank),KEY,23306088448,21.84,United States
398,AST SpaceMobile,ASTS,23295565824,59.86,United States
399,Rivian,RIVN,23209205760,16.03,United States
400,Roku,ROKU,23008751616,154.93,United States
401,Veralto,VLTO,22940952576,94.1,United States
402,Verisk Analytics,VRSK,22933489664,176.2,United States
403,SharkNinja,SN,22756478976,160.8,United States
404,Casey's General Stores,CASY,22747873280,615.47,United States
405,T. Rowe Price,TROW,22673342464,106.29,United States
406,"Arxis, Inc.",ARXS,22596841472,52.45,United States
407,PulteGroup,PHM,22526916608,118.26,United States
408,Samsara,IOT,22475528192,38.38,United States
409,First Solar,FSLR,22464409600,209.03,United States
410,SoFi,SOFI,22369996800,17.32,United States
411,Church & Dwight,CHD,22332747776,94.15,United States
412,Loews Corporation,L,22239690752,108.79,United States
413,Dollar Tree,DLTR,22172272640,118.17,United States
414,Brown &amp; Brown,BRO,22147860480,66.19,United States
415,Markel Group,MKL,22105915392,1784.18,United States
416,Carpenter Technology,CRS,21963862016,443.19,United States
417,Expand Energy,EXE,21953505280,94.83,United States
418,Tradeweb,TW,21913907200,101.44,United States
419,Omnicom Group,OMC,21676075008,79.01,United States
420,Edison International,EIX,21549582336,56.0,United States
421,Entegris,ENTG,21448536064,140.37,United States
422,Royal Gold,RGLD,21375143936,252.28,United States
423,International Flavors & Fragrances,IFF,21333088256,83.61,United States
424,XPO Logistics,XPO,21330810880,182.18,United States
425,United Therapeutics,UTHR,21321392128,497.11,United States
426,Fair Isaac (FICO),FICO,21282095104,985.39,United States
427,Tenet Healthcare,THC,21232056320,263.69,United States
428,Coeur Mining,CDE,21154902016,20.58,United States
429,Guardant Health,GH,21119793152,157.38,United States
430,CMS Energy,CMS,21056706560,67.15,United States
431,MACOM Technology Solutions,MTSI,20994367488,274.9,United States
432,Dow,DOW,20969551872,29.03,United States
433,Constellation Brands,STZ,20914993152,122.45,United States
434,Packaging Corporation of America,PKG,20884639744,234.4,United States
435,Curtiss-Wright,CW,20642662400,558.9,United States
436,US Foods,USFD,20624969728,95.34,United States
437,TD Synnex,SNX,20596574208,257.59,United States
438,LyondellBasell,LYB,20574285824,63.69,United States
439,Western Midstream,WES,20257949696,49.03,United States
440,Ralph Lauren,RL,20203741184,339.09,United States
441,CF Industries,CF,20138565632,133.07,United States
442,Reliance,RS,20126216192,394.21,United States
443,Permian Resources,PR,19917107200,23.78,United States
444,Woodward,WWD,19913793536,337.26,United States
445,NiSource,NI,19858583552,41.41,United States
446,Equifax,EFX,19854948352,169.0,United States
447,SBA Communications,SBAC,19676162048,185.47,United States
448,Fidelity National Information Services,FIS,19669022720,38.14,United States
449,Charter Communications,CHTR,19646515200,145.77,United States
450,Snap-on,SNA,19420432384,375.44,United States
451,Unity Software,U,19346309120,43.96,United States
452,MasTec,MTZ,19306110976,240.41,United States
453,CDW Corporation,CDW,19226429440,153.79,United States
454,Southwest Airlines,LUV,19196530688,39.24,United States
455,FedEx Freight,FDXF,19184670720,128.31,United States
456,Lennar,LEN,19175251968,79.6,United States
457,HF Sinclair,DINO,19172210688,107.84,United States
458,General Mills,GIS,19166466048,35.85,United States
459,Broadridge Financial Solutions,BR,19126018048,167.74,United States
460,FTAI Aviation,FTAI,19109681152,186.06,United States
461,Best Buy,BBY,19043274752,90.8,United States
462,SiTime,SITM,19041525760,635.66,United States
463,Viatris,VTRS,18963234816,16.51,United States
464,SS&C Technologies,SSNC,18835755008,80.27,United States
465,Evergy,EVRG,18818893824,81.62,United States
466,Essex Property Trust,ESS,18812475392,272.91,United States
467,Tyson Foods,TSN,18638444544,52.98,United States
468,TPG Inc.,TPG,18626156544,47.69,United States
469,Toast,TOST,18565359616,32.12,United States
470,Genuine Parts Company,GPC,18429091840,133.68,United States
471,Plains All American Pipeline,PAA,18415284224,26.1,United States
472,International Paper,IP,18196021248,34.36,United States
473,Gen Digital,GEN,18113243136,30.26,United States
474,MKS Instruments,MKSI,18074849280,267.31,United States
475,ITT,ITT,17912264704,199.38,United States
476,C. H. Robinson,CHRW,17852534784,152.78,United States
477,Rubrik,RBRK,17835044864,86.65,United States
478,Zimmer Biomet,ZBH,17832067072,93.49,United States
479,Nutanix,NTNX,17819527168,65.92,United States
480,East West Bancorp,EWBC,17697820672,129.17,United States
481,Ovintiv,OVV,17616654336,63.69,United States
482,News Corp,NWS,17547413504,32.71,United States
483,Nordson,NDSN,17515780096,314.47,United States
484,Alliant Energy,LNT,17439490048,67.26,United States
485,WESCO International,WCC,17364492288,356.32,United States
486,Tractor Supply,TSCO,17199534080,33.01,United States
487,Onto Innovation,ONTO,17191577600,281.26,United States
488,Dupont De Nemours,DD,17149107200,126.99,United States
489,Franklin Resources,BEN,17096787968,33.65,United States
490,Clean Harbors,CLH,17040780288,322.82,United States
491,Lattice Semiconductor,LSCC,17009545216,119.76,United States
492,Rollins,ROL,16710179840,34.73,United States
493,Jacobs Engineering,J,16601927680,141.85,United States
494,Zebra Technologies,ZBRA,16576235520,350.37,United States
495,Blue Owl Capital,OWL,16549173248,10.56,United States
496,IDEX,IEX,16528738304,224.21,United States
497,Fortive,FTV,16517312512,54.69,United States
498,Annaly Capital Management,NLY,16506345472,21.9,United States
499,NVR,NVR,16499457024,6160.76,United States
500,Medpace,MEDP,16398656512,587.52,United States
501,APi Group,APG,16361588736,37.86,United States
502,Invitation Homes,INVH,16265763840,27.54,United States
503,Reinsurance Group of America,RGA,16241829888,248.72,United States
504,Leidos,LDOS,16170926080,128.86,United States
505,Jones Lang LaSalle,JLL,15963292672,346.97,United States
506,Weyerhaeuser,WY,15899436032,22.06,United States
507,Neurocrine Biosciences,NBIX,15879635968,156.22,United States
508,Ball Corporation,BALL,15855731712,59.9,United States
509,W. P. Carey,WPC,15746703360,69.12,United States
510,APA Corporation,APA,15671223296,44.73,United States
511,RBC Bearings,RBC,15665943552,494.83,United States
512,Sterling Infrastructure,STRL,15631956992,511.04,United States
513,Semtech,SMTC,15607778304,167.24,United States
514,Kimco Realty,KIM,15555605504,23.19,United States
515,Corebridge Financial,CRBG,15454796800,34.67,United States
516,Host Hotels & Resorts,HST,15450716160,22.24,United States
517,Aramark,ARMK,15435245568,58.55,United States
518,Hyatt Hotels,H,15367185408,163.07,United States
519,Akamai,AKAM,15347496960,106.79,United States
520,Lamar Advertising,LAMR,15139026944,149.08,United States
521,Bitmine Immersion Technologies,BMNR,15098756096,25.03,United States
522,Carlyle Group,CG,15087130624,42.34,United States
523,Pershing Square Inc.,PS,15067999232,37.67,United States
524,Burlington Stores,BURL,15015344128,239.04,United States
525,Omega Healthcare Investors,OHI,15003780096,46.99,United States
526,Pinnacle Financial Partners,PNFP,15000950784,99.27,United States
527,Talen Energy,TLN,14984705024,312.74,United States
528,Unum,UNM,14947328000,94.42,United States
529,IonQ,IONQ,14888734720,36.75,United States
530,TransUnion,TRU,14887319552,77.7,United States
531,Solventum,SOLV,14886064128,87.45,United States
532,Mid-America Apartment Communities,MAA,14845492224,124.79,United States
533,Dynatrace,DT,14821988352,51.07,United States
534,Warner Music Group,WMG,14819699712,28.33,United States
535,Performance Food Group,PFGC,14755387392,93.94,United States
536,Sunoco,SUN,14634103808,77.67,United States
537,Equitable Holdings,EQH,14549327872,53.34,United States
538,Sun Communities,SUI,14464857088,114.48,United States
539,DigitalOcean,DOCN,14456406016,122.95,United States
540,Healthpeak Properties,DOC,14391628800,20.3,United States
541,UL Solutions,ULS,14385245184,71.25,United States
542,Invesco,IVZ,14251612160,32.28,United States
543,PTC,PTC,14190448640,130.78,United States
544,Penske Automotive Group,PAG,14177270784,215.91,United States
545,Ares Capital,ARCC,14173770752,19.74,United States
546,BridgeBio Pharma,BBIO,14161512448,72.44,United States
547,Somnigroup International,SGI,14044000256,66.76,United States
548,Regency Centers,REG,13950861312,74.62,United States
549,Assurant,AIZ,13931991040,282.46,United States
550,Textron,TXT,13930939392,81.0,United States
551,Exelixis,EXEL,13905508352,56.12,United States
552,Revvity,RVTY,13871304704,124.31,United States
553,Albemarle,ALB,13867954176,117.52,United States
554,McCormick & Company,MKC,13797462016,51.32,United States
555,Lincoln Electric,LECO,13793226752,253.06,United States
556,Tyler Technologies,TYL,13787402240,336.67,United States
557,IES Holdings,IESC,13776098304,345.71,United States
558,BWX Technologies,BWXT,13754292224,150.12,United States
559,CACI International Inc,CACI,13727605760,621.17,United States
560,BorgWarner,BWA,13574363136,66.65,United States
561,Masco,MAS,13511281664,68.52,United States
562,Wayfair,W,13500942336,98.57,United States
563,Stanley Black &amp; Decker,SWK,13476724736,89.24,United States
564,Five Below,FIVE,13466217472,244.6,United States
565,Trimble,TRMB,13445149696,57.66,United States
566,Charles River Laboratories,CRL,13403152384,278.26,United States
567,Mueller Industries,MLI,13377050624,60.48,United States
568,TTM Technologies,TTMI,13320310784,126.44,United States
569,Carlisle Companies,CSL,13313765376,335.24,United States
570,Skyworks Solutions,SWKS,13294270464,88.35,United States
571,Hecla Mining,HL,13287580672,19.78,United States
572,Globe Life,GL,13154320384,171.17,United States
573,DT Midstream,DTM,13145691136,128.86,United States
574,Quantinuum Inc.,QNT,13026176000,49.03,United States
575,Watsco,WSO,12962264064,314.22,United States
576,J.M. Smucker Company,SJM,12940560384,121.14,United States
577,Hasbro,HAS,12911210496,91.54,United States
578,AMH (American Homes 4 Rent),AMH,12905288704,31.48,United States
579,UDR Apartments,UDR,12901830656,35.12,United States
580,CNA Financial,CNA,12899546112,47.67,United States
581,Aurora Innovation,AUR,12886718464,6.43,United States
582,Amkor Technology,AMKR,12852446208,51.73,United States
583,Avery Dennison,AVY,12836996096,169.38,United States
584,SEI Investments,SEIC,12833651712,106.93,United States
585,Coca-Cola Consolidated,COKE,12820948992,192.61,United States
586,Erie Indemnity,ERIE,12812585984,245.03,United States
587,Ally Financial,ALLY,12797680640,42.07,United States
588,RPM International,RPM,12791104512,100.21,United States
589,"QXO, Inc.",QXO,12771511296,12.31,United States
590,Alcoa,AA,12736269312,48.26,United States
591,Nextpower,NXT,12735082496,82.89,United States
592,BioMarin Pharmaceutical,BMRN,12713924608,65.68,United States
593,Lennox,LII,12650590208,366.04,United States
594,Madison Air Solutions,MAIR,12648426496,25.21,United States
595,Webster Financial,WBS,12568934400,77.57,United States
596,U-Haul,UHAL,12521404416,64.05,United States
597,Penumbra,PEN,12515202048,317.73,United States
598,Chime Financial,CHYM,12493308928,33.0,United States
599,Toll Brothers,TOL,12432473088,134.92,United States
600,Graco,GGG,12421858304,76.7,United States
601,GoDaddy,GDDY,12420340736,98.07,United States
602,Figma,FIG,12365829120,23.2,United States
603,Madrigal Pharmaceuticals,MDGL,12348923904,534.49,United States
604,CoStar Group,CSGP,12342318080,30.46,United States
605,Baxter,BAX,12304504832,23.8,United States
606,DraftKings,DKNG,12282272768,24.74,United States
607,DocuSign,DOCU,12270145536,65.65,United States
608,Crown Holdings,CCK,12250783744,112.64,United States
609,Pershing Square Holdings,PSHD.L,12225084416,56.685,United States
610,Brown Forman,BF-A,12224143360,26.64,United States
611,Corcept Therapeutics,CORT,12192418816,112.79,United States
612,Halozyme Therapeutics,HALO,12166985728,107.2,United States
613,Gaming and Leisure Properties,GLPI,12051929088,40.24,United States
614,Equity LifeStyle Properties,ELS,12046696448,60.08,United States
615,Stifel,SF,12043897856,79.76,United States
616,AGNC Investment,AGNC,12032636928,10.15,United States
617,Dick's Sporting Goods,DKS,12007753728,135.03,United States
618,Encompass Health,EHC,12007103488,121.71,United States
619,Camden Property Trust,CPT,11921612800,103.01,United States
620,Texas Roadhouse,TXRH,11895448576,181.22,United States
621,Paramount Skydance,PSKY,11892625408,10.6,United States
622,Watts Water Technologies,WTS,11885033472,356.02,United States
623,Applied Industrial Technologies,AIT,11882355712,323.78,United States
624,Fidelity National Financial,FNF,11835350016,44.13,United States
625,Antero Resources,AR,11814881280,38.43,United States
626,American Financial Group,AFG,11771531264,141.96,United States
627,Manhattan Associates,MANH,11767109632,201.82,United States
628,Guidewire Software,GWRE,11732487168,140.92,United States
629,Arrowhead Pharmaceuticals,ARWR,11702932480,82.85,United States
630,"BXP, Inc.",BXP,11702768640,64.7,United States
631,American Healthcare REIT,AHR,11680374784,53.58,United States
632,Crane Company,CR,11665268736,201.82,United States
633,Essential Utilities,WTRG,11648806912,41.07,United States
634,Pinnacle West Capital,PNW,11647053824,96.1,United States
635,BrightSpring Health Services,BTSG,11620567040,58.73,United States
636,Arrow Electronics,ARW,11616617472,228.2,United States
637,First Horizon Corporation,FHN,11593326592,24.47,United States
638,DaVita,DVA,11582889984,181.55,United States
639,Sanmina,SANM,11577028608,216.0,United States
640,Elanco,ELAN,11572246528,23.17,United States
641,Axsome Therapeutics,AXSM,11563065344,220.75,United States
642,BJ's Wholesale Club,BJ,11556530176,91.49,United States
643,HubSpot,HUBS,11534801920,225.33,United States
644,Advanced Energy,AEIS,11504488448,287.25,United States
645,Gartner,IT,11340923904,179.59,United States
646,Hormel Foods,HRL,11320715264,20.57,United States
647,Bio-Techne,TECH,11309731840,72.12,United States
648,Jack Henry &amp; Associates,JKHY,11296542720,161.12,United States
649,Instacart (Maplebear Inc.),CART,11280998400,48.73,United States
650,Service Corporation International,SCI,11204531200,82.21,United States
651,Dayforce,DAY,11180042240,69.86,United States
652,Confluent,CFLT,11133729792,30.99,United States
653,Deckers Brands,DECK,11067498496,81.27,United States
654,Knight-Swift Transportation,KNX,11062525952,67.97,United States
655,Generac,GNRC,11033600000,186.99,United States
656,Huntington Ingalls Industries,HII,11021072384,279.69,United States
657,Littelfuse,LFUS,10979878912,432.3,United States
658,Evercore,EVR,10814710784,281.21,United States
659,Regal Rexnord,RRX,10803575808,162.29,United States
660,Cognex,CGNX,10803335168,64.22,United States
661,Pinterest,PINS,10788262912,19.05,United States
662,New York Times,NYT,10786646016,66.88,United States
663,JFrog,FROG,10749408256,87.18,United States
664,Align Technology,ALGN,10714231808,150.82,United States
665,Globalstar,GSAT,10686389248,82.48,United States
666,GameStop,GME,10670195712,21.15,United States
667,Molina Healthcare,MOH,10660805632,204.23,United States
668,EastGroup Properties,EGP,10653569024,198.12,United States
669,Tempus AI,TEM,10647454720,59.01,United States
670,Clorox,CLX,10612905984,87.76,United States
671,UMB Financial,UMBF,10594270208,139.49,United States
672,Jefferies Financial Group,JEF,10568248320,51.96,United States
673,AES,AES,10551757824,14.79,United States
674,Allison Transmission,ALSN,10482456576,126.94,United States
675,Antero Midstream,AM,10471308288,22.06,United States
676,"Popular, Inc. (Banco Popular de Puerto Rico)",BPOP,10441179136,163.71,United States
677,Owens Corning,OC,10426520576,131.9,United States
678,Domino's Pizza,DPZ,10308269056,311.6,United States
679,Universal Health Services,UHS,10303870976,174.83,United States
680,Qorvo,QRVO,10291053568,116.65,United States
681,South State Corp,SSB,10277361664,105.98,United States
682,Darling Ingredients,DAR,10274547712,65.11,United States
683,Krystal Biotech,KRYS,10270795776,347.0,United States
684,Wintrust Financial,WTFC,10264015872,152.16,United States
685,Cytokinetics,CYTK,10255757312,73.77,United States
686,Cooper Companies,COO,10251272192,53.91,United States
687,ViaSat,VSAT,10236634112,74.31,United States
688,Apogee Therapeutics,APGE,10223142912,135.07,United States
689,Donaldson Company,DCI,10221036544,88.18,United States
690,MGM Resorts,MGM,10205905920,39.89,United States
691,Dillard's,DDS,10161546240,650.57,United States
692,The Ensign Group,ENSG,10139977728,173.98,United States
693,Cullen/Frost Bankers,CFR,10125280256,162.92,United States
694,Oscar Health,OSCR,10114296832,32.77,United States
695,Modine Manufacturing,MOD,10054236160,189.3,United States
696,Zions Bancorporation,ZION,10034293760,68.75,United States
697,Avantor,AVTR,10016874496,14.81,United States
698,Federal Realty Investment Trust,FRT,9997160448,114.36,United States
699,Globus Medical,GMED,9960892416,74.19,United States
700,FirstCash,FCFS,9905252352,228.38,United States
701,Old Republic International,ORI,9889092608,40.96,United States
702,Match Group,MTCH,9888167936,42.39,United States
703,Bio-Rad Laboratories,BIO,9874942976,369.32,United States
704,Paycom,PAYC,9866628096,218.91,United States
705,Glaukos,GKOS,9865063424,167.25,United States
706,Henry Schein,HSIC,9847416832,88.36,United States
707,Sirius XM,SIRI,9825499136,29.15,United States
708,Old National Bank,ONB,9816745984,25.66,United States
709,SailPoint,SAIL,9778234368,17.24,United States
710,Solstice Advanced Materials,SOLS,9773879296,61.53,United States
711,Ryan Specialty,RYAN,9768973312,38.12,United States
712,Forgent Power Solutions,FPS,9686927360,31.82,United States
713,Advanced Drainage Systems,WMS,9642834944,127.88,United States
714,Leonardo DRS,DRS,9626776576,36.07,United States
715,Murphy USA,MUSA,9623582720,523.58,United States
716,OGE Energy,OGE,9616358400,46.55,United States
717,Range Resources,RRC,9615912960,41.15,United States
718,SPX Technologies,SPXC,9607470080,191.82,United States
719,Snap,SNAP,9606002688,5.68,United States
720,Janus Living,JAN,9594190848,30.92,United States
721,Protagonist Therapeutics,PTGX,9588472832,148.18,United States
722,VIAVI Solutions,VIAV,9561555968,38.75,United States
723,Acuity Brands,AYI,9548241920,318.96,United States
724,Houlihan Lokey,HLI,9547194368,136.61,United States
725,Lineage,LINE,9465731072,37.75,United States
726,Flowserve,FLS,9464817664,74.46,United States
727,Kymera Therapeutics,KYMR,9456331776,114.96,United States
728,Madison Square Garden Sports,MSGS,9441021952,392.07,United States
729,Rambus,RMBS,9432905728,86.97,United States
730,Voya Financial,VOYA,9368568832,103.41,United States
731,Bentley Systems,BSY,9355816960,30.97,United States
732,Jackson Financial,JXN,9354693632,138.12,United States
733,Tetra Tech,TTEK,9343062016,36.49,United States
734,Praxis Precision Medicines,PRAX,9341469696,334.58,United States
735,Saia,SAIA,9339722752,351.05,United States
736,Valmont Industries,VMI,9332740096,483.44,United States
737,Ryder,R,9329793024,243.3,United States
738,Repligen,RGEN,9322035200,165.18,United States
739,Legence Corp.,LGN,9306742784,56.65,United States
740,PBF Energy,PBF,9281435648,78.3,United States
741,Life Time Group,LTH,9273670656,41.5,United States
742,Dycom Industries,DY,9273588736,307.47,United States
743,Kinetik,KNTK,9263692800,54.75,United States
744,FactSet,FDS,9236726784,259.71,United States
745,Affiliated Managers Group,AMG,9196050432,355.61,United States
746,Insulet,PODD,9151980544,131.96,United States
747,Booz Allen Hamilton,BAH,9129629696,75.9,United States
748,CareTrust REIT,CTRE,9125643264,38.62,United States
749,Vicor,VICR,9124983808,197.91,United States
750,SM Energy,SM,9062239232,38.1,United States
751,Westlake Corporation,WLK,9049273344,70.81,United States
752,InterDigital,IDCC,9035457536,350.13,United States
753,Wynn Resorts,WYNN,9030809600,87.7,United States
754,Crinetics Pharmaceuticals,CRNX,9012787200,84.95,United States
755,Ionis Pharmaceuticals,IONS,9008851968,54.21,United States
756,Oshkosh Corporation,OSK,9004742656,145.85,United States
757,Primerica,PRI,9000527872,292.44,United States
758,MP Materials,MP,8995910656,50.51,United States
759,FormFactor,FORM,8979977216,114.95,United States
760,CubeSmart,CUBE,8950154240,39.54,United States
761,Applied Optoelectronics,AAOI,8945726464,105.36,United States
762,10x Genomics,TXG,8936671232,68.59,United States
763,Agree Realty,ADC,8884299776,71.23,United States
764,Brinker International,EAT,8874646528,212.49,United States
765,Vaxcyte,PCVX,8849449984,59.47,United States
766,Brixmor Property Group,BRX,8816441344,28.73,United States
767,Alexandria Real Estate Equities,ARE,8800952320,51.14,United States
768,The Toro Company,TTC,8777188352,92.72,United States
769,Kratos Defense &amp; Security Solutions,KTOS,8764708864,46.69,United States
770,Elastic NV,ESTC,8755222528,83.39,United States
771,Lear Corporation,LEA,8709311488,130.82,United States
772,CarMax,KMX,8701988864,61.32,United States
773,Rexford Industrial,REXR,8697254912,38.04,United States
774,Western Alliance Bancorporation,WAL,8650607616,79.29,United States
775,Liberty Live Holdings,LLYVA,8646665216,93.98,United States
776,American Airlines,AAL,8612229120,13.01,United States
777,Mohawk Industries,MHK,8588519424,126.79,United States
778,Prosperity Bancshares,PB,8574611968,71.35,United States
779,Columbia Banking System,COLB,8518187520,30.11,United States
780,StoneX Group,SNEX,8487799808,70.37,United States
781,AGCO,AGCO,8480842240,121.1,United States
782,Twist Bioscience,TWST,8434835456,127.22,United States
783,Ryman Hospitality Properties,RHP,8415393280,121.99,United States
784,First Industrial Realty Trust,FR,8410224640,61.38,United States
785,Lincoln National Corporation,LNC,8393051136,43.84,United States
786,ImmunityBio,IBRX,8383304704,7.91,United States
787,Element Solutions,ESI,8368346112,34.34,United States
788,Commerce Bancshares,CBSH,8354924032,58.25,United States
789,TeraWulf,WULF,8352735232,16.74,United States
790,NNN REIT,NNN,8346187264,43.87,United States
791,Chord Energy,CHRD,8314622976,152.01,United States
792,Timken Company,TKR,8274042880,119.4,United States
793,TG Therapeutics,TGTX,8249674240,53.89,United States
794,BOK Financial,BOKF,8245456384,135.69,United States
795,Hess Midstream,HESM,8240949760,39.97,United States
796,Chewy,CHWY,8215393280,20.44,United States
797,Kinsale Capital Group,KNSL,8200460800,360.01,United States
798,Avnet,AVT,8176930304,99.63,United States
799,AECOM,ACM,8176083456,63.53,United States
800,NewMarket Corp,NEU,8157947904,887.08,United States
801,UGI Corporation,UGI,8148663808,37.99,United States
802,Bruker,BRKR,8140558336,53.43,United States
803,Procore,PCOR,8093141504,53.26,United States
804,Compass,COMP,8067944960,10.51,United States
805,Riot Platforms,RIOT,8056809472,21.47,United States
806,The Mosaic Company,MOS,8007791616,25.19,United States
807,Spyre Therapeutics,SYRE,7988542464,90.6,United States
808,Smithfield Foods,SFD,7977728000,20.26,United States
809,HealthEquity,HQY,7962174464,96.26,United States
810,StandardAero,SARO,7955303424,24.04,United States
811,AptarGroup,ATR,7937467904,124.84,United States
812,Galaxy Digital Holdings,7LX.F,7887111260,22.3715,United States
813,Lithia Motors,LAD,7870394880,358.02,United States
814,Hanover Insurance Group,THG,7863798272,225.84,United States
815,Paylocity,PCTY,7843147776,141.66,United States
816,Idacorp,IDA,7839910400,135.54,United States
817,GitLab,GTLB,7829239296,46.99,United States
818,Figure Technology Solutions,FIGR,7824056320,34.87,United States
819,A. O. Smith,AOS,7799793152,57.39,United States
820,Eastman Chemical,EMN,7786786304,68.11,United States
821,Central Bancompany,CBC,7762361344,32.41,United States
822,Levi Strauss &amp; Co.,LEVI,7758587392,20.16,United States
823,Dropbox,DBX,7732259840,35.56,United States
824,Immunovant,IMVT,7716808704,37.36,United States
825,Dutch Bros,BROS,7699903488,43.9,United States
826,National Fuel Gas,NFG,7698652672,81.0,United States
827,Clearway Energy,CWEN,7680244736,31.14,United States
828,Zurn Elkay Water Solutions,ZWS,7659603968,46.18,United States
829,Valley Bank,VLY,7625952768,13.8,United States
830,Gap Inc.,GAP,7555821056,21.51,United States
831,Matador Resources,MTDR,7555194880,61.05,United States
832,Zeta Global,ZETA,7522594816,30.18,United States
833,NOV,NOV,7521688064,21.1,United States
834,Applied Digital,APLD,7511306752,26.42,United States
835,Primo Brands,PRMB,7510331904,20.75,United States
836,Core &amp; Main,CNM,7492094976,40.62,United States
837,AeroVironment,AVAV,7455905792,146.71,United States
838,Ralliant Corporation,RAL,7440540672,67.25,United States
839,AppFolio,APPF,7383734272,208.48,United States
840,Commercial Metals Company,CMC,7369793536,66.62,United States
841,Kirby Corporation,KEX,7361375744,139.42,United States
842,Silicon Labs,SLAB,7351698432,220.33,United States
843,First American Financial Corporation,FAF,7328737792,71.78,United States
844,Axalta,AXTA,7310923264,34.16,United States
845,STAG Industrial,STAG,7309436928,37.14,United States
846,Zillow,Z,7308435968,32.5,United States
847,Aura Minerals,AUGO,7300512256,87.08,United States
848,Molson Coors,TAP,7258651648,38.93,United States
849,Fluor Corporation,FLR,7248765952,54.2,United States
850,OneMain Financial,OMF,7218852352,62.75,United States
851,Rhythm Pharmaceuticals,RYTM,7209501184,104.71,United States
852,Pilgrim's Pride,PPC,7200401920,30.24,United States
853,UiPath,PATH,7165886976,13.75,United States
854,Morningstar,MORN,7165842432,191.02,United States
855,Lumen Technologies,LUMN,7158231040,6.94,United States
856,Hinge Health,HNGE,7148718080,88.59,United States
857,Arcosa,ACA,7120486912,145.0,United States
858,Terreno Realty,TRNO,7112492032,65.27,United States
859,Simpson Manufacturing Company,SSD,7110432256,173.49,United States
860,PACS Group,PACS,7087101952,44.76,United States
861,Light &amp; Wonder,LNW,7028988928,86.22,United States
862,MSA Safety,MSA,7028192256,182.18,United States
863,Vornado Realty Trust,VNO,7018850304,35.44,United States
864,Hexcel,HXL,7013319168,92.74,United States
865,ESCO Technologies,ESE,7002815488,270.3,United States
866,Belite Bio,BLTE,6998895616,173.79,United States
867,Cipher Mining,CIFR,6993267712,16.85,United States
868,Conagra Brands,CAG,6987058176,14.6,United States
869,Federal Signal,FSS,6957522944,113.98,United States
870,PJT Partners,PJT,6952289792,163.21,United States
871,Terex,TEX,6951726080,60.82,United States
872,Armstrong World Industries,AWI,6925608960,163.87,United States
873,Celsius Holdings,CELH,6887613440,27.22,United States
874,Matson,MATX,6883177984,230.18,United States
875,Cleveland-Cliffs,CLF,6880713216,12.06,United States
876,Caris Life Sciences,CAI,6880448512,24.34,United States
877,SentinelOne,S,6873970176,19.75,United States
878,Plexus,PLXS,6805347328,255.34,United States
879,Norwegian Cruise Line,NCLH,6805163520,14.82,United States
880,Enact Holdings,ACT,6795817472,49.43,United States
881,Sprouts Farmers Market,SFM,6784697344,72.76,United States
882,Victory Capital,VCTR,6784505856,110.3,United States
883,Solaris Energy Infrastructure,SEI,6784228864,67.42,United States
884,Allegro MicroSystems,ALGM,6768258560,36.31,United States
885,MaxLinear,MXL,6762991104,74.57,United States
886,Scholar Rock Holding,SRRK,6748122112,55.41,United States
887,Chemed,CHE,6743707648,515.97,United States
888,The Trade Desk,TTD,6738081792,14.34,United States
889,Oklo,OKLO,6737559552,36.22,United States
890,AutoNation,AN,6733494272,203.67,United States
891,Urban Outfitters,URBN,6731177472,78.58,United States
892,Magnolia Oil &amp; Gas,MGY,6729154560,27.75,United States
893,LandBridge,LB,6694867456,86.85,United States
894,Duolingo,DUOL,6694498816,143.68,United States
895,MSC Industrial Direct,MSM,6683684864,119.68,United States
896,Etsy,ETSY,6678040064,72.76,United States
897,Macerich,MAC,6670637056,22.61,United States
898,Fannie Mae,FNMA,6659003392,5.75,United States
899,Powell Industries,POWL,6648943104,182.5,United States
900,Gates Industrial Corp,GTES,6592056832,26.04,United States
901,Aaon,AAON,6579387904,79.795,United States
902,Lamb Weston,LW,6578568704,47.85,United States
903,Healthcare Realty Trust,HR,6558258176,18.9,United States
904,Lantheus Holdings,LNTH,6546312704,100.25,United States
905,WEX,WEX,6527310336,191.52,United States
906,CAVA Group,CAVA,6527130624,55.88,United States
907,Ozon,OZON.ME,6523709330,31.19,United States
908,Plains GP,PAGP,6521681920,27.99,United States
909,F.N.B. Corporation,FNB,6517699584,18.31,United States
910,Builders FirstSource,BLDR,6495598080,60.37,United States
911,EnerSys,ENS,6471904256,179.45,United States
912,Kodiak Gas Services,KGS,6455492096,63.85,United States
913,Rush Street Interactive,RSI,6455449088,26.43,United States
914,"Mobility Global, Inc.",MBGL,6451200000,20.16,United States
915,United Bankshares,UBSI,6430105600,47.22,United States
916,Hims &amp; Hers Health,HIMS,6418451968,27.51,United States
917,Amdocs,DOX,6413169152,61.42,United States
918,CG Oncology,CGON,6413131264,72.35,United States
919,Mirum Pharmaceuticals,MIRM,6377640960,98.22,United States
920,EnPro Industries,NPO,6360675840,300.49,United States
921,Weatherford International,WFRD,6353850368,88.85,United States
922,Sensata Technologies,ST,6351184896,43.64,United States
923,Ingram Micro Holding Corporation,INGM,6337516544,27.55,United States
924,Ingredion,INGR,6337299456,100.49,United States
925,MiniMed Group,MMED,6330373120,22.5,United States
926,Joby Aviation,JOBY,6320503808,6.39,United States
927,StepStone Group,STEP,6314785792,48.92,United States
928,MGIC Investment,MTG,6305537536,30.74,United States
929,GATX,GATX,6303011840,178.53,United States
930,POOLCORP,POOL,6288402944,173.04,United States
931,Credit Acceptance,CACC,6272361472,604.24,United States
932,Campbell's,CPB,6262330880,21.0,United States
933,Essential Properties Realty Trust,EPRT,6242990592,28.79,United States
934,Southwest Gas,SWX,6238312960,86.11,United States
935,Travere Therapeutics,TVTX,6237255680,66.17,United States
936,Loar Holdings,LOAR,6231220224,66.51,United States
937,Abercrombie &amp; Fitch,ANF,6162744320,145.23,United States
938,Terns Pharmaceuticals,TERN,6116845568,52.95,United States
939,LKQ Corporation,LKQ,6099880448,24.11,United States
940,EPAM Systems,EPAM,6082620928,117.91,United States
941,Andersen Group,ANDG,6056408576,53.65,United States
942,Rayonier,RYN,6050825216,20.22,United States
943,Caesars Entertainment,CZR,6046074368,29.67,United States
944,Dolby,DLB,6039763968,64.48,United States
945,Hancock Whitney,HWC,6036785152,75.25,United States
946,Victoria's Secret &amp; Co,VSXY,6034149888,75.65,United States
947,Netskope,NTSK,6006239744,14.7,United States
948,Home BancShares,HOMB,5995487232,29.97,United States
949,Schneider National,SNDR,5986525696,34.15,United States
950,Planet Labs,PL,5985299968,16.45,United States
951,Liquidia Corporation,LQDA,5973822976,66.74,United States
952,Glacier Bancorp,GBCI,5967613952,45.83,United States
953,Pegasystems,PEGA,5958035456,36.24,United States
954,Cirrus Logic,CRUS,5953464832,118.79,United States
955,TXNM Energy,TXNM,5942669312,57.67,United States
956,RadNet,RDNT,5940893696,75.49,United States
957,JBT Marel Corporation,JBTM,5933669888,114.38,United States
958,Starwood Property Trust,STWD,5931991040,15.62,United States
959,Amneal Pharmaceuticals,AMRX,5924515840,17.01,United States
960,Landstar System,LSTR,5863621632,172.78,United States
961,Albertsons,ACI,5862734336,12.08,United States
962,Churchill Downs,CHDN,5845062144,83.86,United States
963,Ormat Technologies,ORA,5835444736,94.89,United States
964,Argan,AGX,5804706816,413.74,United States
965,Lyft,LYFT,5799236608,15.32,United States
966,Cogent Biosciences,COGT,5797469184,33.41,United States
967,BGC Group,BGC,5786427904,12.17,United States
968,Macy's,M,5780544000,22.08,United States
969,Core Scientific,CORZ,5764847616,17.94,United States
970,RingCentral,RNG,5755244544,68.92,United States
971,Archrock,AROC,5745832448,32.77,United States
972,MarketAxess,MKTX,5736441344,163.0,United States
973,CLEAR Secure,YOU,5734330368,42.23,United States
974,Casella Waste Systems,CWST,5721876992,89.91,United States
975,e.l.f. Beauty,ELF,5718465024,96.91,United States
976,Brookfield Renewable,BEPC,5712232960,30.77,United States
977,Red Rock Resorts,RRR,5701114368,55.9,United States
978,Mercury General,MCY,5685642752,102.65,United States
979,Ameris Bancorp,ABCB,5681298944,84.66,United States
980,Eagle Materials,EXP,5678616064,185.12,United States
981,Portland General Electric,POR,5673397760,48.24,United States
982,Associated Banc-Corp,ASB,5673043968,30.04,United States
983,Atlantic Union Bankshares,AUB,5672607744,39.72,United States
984,Ligand Pharmaceuticals,LGND,5671082496,284.47,United States
985,Construction Partners,ROAD,5656826368,99.67,United States
986,Rush Enterprises,RUSHA,5639246336,48.31,United States
987,Boyd Gaming,BYD,5594466816,77.0,United States
988,Frontdoor,FTDR,5581047296,81.01,United States
989,Enova International,ENVA,5564288000,223.48,United States
990,H&amp;R Block,HRB,5561758208,45.12,United States
991,Erasca,ERAS,5554221568,15.88,United States
992,RLI Corp.,RLI,5550429184,60.48,United States
993,Teleflex,TFX,5550360576,130.99,United States
994,Novanta,NOVT,5542572032,146.56,United States
995,Murphy Oil,MUR,5518958592,38.5,United States
996,PTC Therapeutics,PTCT,5513420288,66.06,United States
997,Blue Owl Capital Corporation,OBDC,5499063808,11.08,United States
998,Sensient Technologies,SXT,5473577984,128.6,United States
999,VSE Corporation,VSEC,5472108032,194.98,United States
1000,Flagstar Bank,FLG,5470923776,13.18,United States
1001,SAIC (Science Applications International Corp),SAIC,5442502656,129.9,United States
1002,Rithm Capital,RITM,5438884352,9.74,United States
1003,Black Hills,BKH,5436849152,71.3,United States
1004,Phillips Edison &amp; Company,PECO,5432961536,38.41,United States
1005,Installed Building Products,IBP,5429594112,204.28,United States
1006,Impinj,PI,5402631168,176.82,United States
1007,Piper Sandler,PIPR,5401330176,76.43,United States
1008,New Jersey Resources,NJR,5394035712,53.16,United States
1009,Crocs,CROX,5392862208,112.48,United States
1010,Commvault,CVLT,5390694912,130.07,United States
1011,Selective Insurance,SIGI,5381474304,90.34,United States
1012,Virtu Financial,VIRT,5373979648,60.86,United States
1013,Materion,MTRN,5364892672,257.51,United States
1014,Bank OZK,OZK,5352656384,49.09,United States
1015,Navan,NAVN,5346043392,21.02,United States
1016,EXL Service,EXLS,5345856512,35.26,United States
1017,First National of Nebraska,FINN,5337042432,19750.0,United States
1018,CNX Resources,CNX,5312655872,35.91,United States
1019,Kite Realty,KRG,5312538112,25.89,United States
1020,Hamilton Lane,HLNE,5296715776,95.98,United States
1021,Axos Financial,AX,5291017216,93.26,United States
1022,Granite Construction,GVA,5283246080,118.92,United States
1023,ServiceTitan,TTAN,5274865152,54.68,United States
1024,PriceSmart,PSMT,5271286272,170.81,United States
1025,SOLV Energy,MWH,5262054912,26.0,United States
1026,ACI Worldwide,ACIW,5258758656,52.09,United States
1027,GXO Logistics,GXO,5257140736,45.84,United States
1028,Main Street Capital,MAIN,5257046016,56.22,United States
1029,Sotera Health,SHC,5242335232,18.37,United States
1030,Sabra Health Care REIT,SBRA,5242095616,20.52,United States
1031,Balchem,BCPC,5240427520,164.39,United States
1032,Definium Therapeutics,DFTX,5225530368,38.89,United States
1033,Nexstar Media Group,NXST,5209221632,169.085,United States
1034,Qualys,QLYS,5198936576,150.28,United States
1035,Varonis Systems,VRNS,5182504960,45.12,United States
1036,VF Corporation,VFC,5177582080,13.17,United States
1037,Liberty Broadband,LBRDA,5177567232,35.99,United States
1038,Versant Media Group,VSNT,5175735296,37.19,United States
1039,Uranium Energy,UEC,5171416064,10.45,United States
1040,Perimeter Solutions,PRM,5165959168,31.56,United States
1041,Warrior Met Coal,HCC,5162460160,97.77,United States
1042,Merit Medical,MMSI,5156592128,86.36,United States
1043,Sphere Entertainment,SPHR,5153602560,143.5,United States
1044,ADT,ADT,5150442496,7.05,United States
1045,Wyndham Hotels &amp; Resorts,WH,5143572480,69.31,United States
1046,International Seaways,INSW,5133920768,103.65,United States
1047,BETA Technologies,BETA,5132508672,21.17,United States
1048,The Cheesecake Factory,CAKE,5110416896,102.7,United States
1049,Rigetti Computing,RGTI,5096648704,15.27,United States
1050,Vishay Intertechnology,VSH,5093722112,33.21,United States
1051,Oceaneering International,OII,5084969984,51.09,United States
1052,CNO Financial Group,CNO,5083123712,54.94,United States
1053,Celanese,CE,5058328064,46.09,United States
1054,Jersey Mike's Subs,JMKE,5054829568,21.71,United States
1055,AAR,AIR,5051679232,125.48,United States
1056,Floor &amp; Decor,FND,5041234944,47.34,United States
1057,Outfront Media,OUT,5040990720,28.62,United States
1058,California Resources Corporation,CRC,5040528896,56.75,United States
1059,ACM Research,ACMR,5014742528,72.0,United States
1060,Iridium Communications,IRDM,5012927488,47.3,United States
1061,"Calumet, Inc.",CLMT,4992619520,56.8,United States
1062,CVR Energy,CVI,4992349696,49.66,United States
1063,Vail Resorts,MTN,4991900672,140.09,United States
1064,Laureate Education,LAUR,4976884736,36.13,United States
1065,Icahn Enterprises,IEP,4976405504,7.0,United States
1066,Webull,BULL,4975300608,9.22,United States
1067,Acushnet Holdings,GOLF,4973773824,85.16,United States
1068,UniFirst,UNF,4967360000,274.68,United States
1069,LifeStance Health Group,LFST,4956539392,12.97,United States
1070,Global Business Travel Group,GBTG,4941652992,9.46,United States
1071,Xometry,XMTR,4936132608,86.11,United States
1072,Eastern Bankshares,EBC,4935849472,21.6,United States
1073,Millrose Properties,MRP,4929963008,29.69,United States
1074,Patterson-UTI Energy,PTEN,4900795392,12.85,United States
1075,CSW Industrials,CSW,4899614208,300.71,United States
1076,Middleby,MIDD,4898032640,108.31,United States
1077,Klaviyo,KVYO,4896217600,16.36,United States
1078,SLM Corporation (Sallie Mae),SLM,4895520256,26.04,United States
1079,Parsons,PSN,4886346752,45.75,United States
1080,ONE Gas,OGS,4861303808,77.34,United States
1081,Fortune Brands Innovations,FBIN,4858820608,40.73,United States
1082,Insight Enterprises,NSIT,4853419008,165.37,United States
1083,Cactus Inc,WHD,4849244672,69.54,United States
1084,Mercury Systems,MRCY,4847573504,80.61,United States
1085,Core Natural Resources,CNR,4838045696,97.47,United States
1086,Graham Holdings,GHC,4821761536,1138.57,United States
1087,Enphase Energy,ENPH,4803457536,36.35,United States
1088,HASI (HA Sustainable Infrastructure Capita),HASI,4801887744,37.37,United States
1089,Gentex,GNTX,4801473024,22.79,United States
1090,ACADIA Pharmaceuticals,ACAD,4795262464,27.83,United States
1091,Belden,BDC,4777699840,122.26,United States
1092,TFS Financial,TFSL,4770331136,17.01,United States
1093,Amentum,AMTM,4758094848,19.46,United States
1094,First Financial Bankshares,FFIN,4752739840,33.16,United States
1095,Moelis &amp; Company,MC,4743399936,64.03,United States
1096,Spire Inc.,SR,4740847104,80.2,United States
1097,Sonoco,SON,4730180096,47.84,United States
1098,Radian Group,RDN,4712572928,35.62,United States
1099,Herc Holdings,HRI,4712496640,140.96,United States
1100,Louisiana-Pacific,LPX,4705146368,67.29,United States
1101,Tutor Perini Corporation,TPC,4689548288,89.13,United States
1102,Greif,GEF,4679740416,82.32,United States
1103,Haemonetics,HAE,4672092160,102.69,United States
1104,BillionToOne,BLLN,4660663808,98.77,United States
1105,Delek US,DK,4659768320,76.1,United States
1106,Remitly,RELY,4654931968,21.99,United States
1107,Hagerty,HGTY,4652452352,13.55,United States
1108,Cousins Properties,CUZ,4640836608,28.19,United States
1109,"Box, Inc.",BOX,4630525952,33.75,United States
1110,MARA Holdings,MARA,4627865600,11.98,United States
1111,Tidewater,TDW,4625837056,92.97,United States
1112,KBR,KBR,4612818944,36.59,United States
1113,Brink's,BCO,4611451904,111.98,United States
1114,ServisFirst Bancshares,SFBS,4606706176,42.13,United States
1115,Fervo Energy Company,FRVO,4595358208,15.59,United States
1116,Alaska Airlines,ALK,4593584640,41.16,United States
1117,CECO Environmental,CECO,4588360192,78.34,United States
1118,Reynolds Consumer Products,REYN,4584703488,21.75,United States
1119,Brunswick Corporation,BC,4582474240,70.72,United States
1120,Paymentus,PAY,4581684736,36.38,United States
1121,Trex,TREX,4578840576,44.95,United States
1122,EquipmentShare.com,EQPT,4565835264,18.02,United States
1123,Doximity,DOCS,4559532032,25.58,United States
1124,Parabilis Medicines,PBLS,4555906048,36.88,United States
1125,MYR Group,MYRG,4534700032,291.26,United States
1126,EPR Properties,EPR,4533715968,59.18,United States
1127,Nelnet,NNI,4532897280,126.69,United States
1128,Champion Homes,SKY,4513936384,83.16,United States
1129,Chefs' Warehouse,CHEF,4505927168,110.45,United States
1130,Fulton Financial,FULT,4505583616,23.6,United States
1131,Waystar,WAY,4500335104,23.47,United States
1132,Dave Inc.,DAVE,4473483776,350.71,United States
1133,Concentra Group,CON,4456744960,34.95,United States
1134,Federated Hermes,FHI,4447513088,59.57,United States
1135,UFP Industries,UFPI,4443809792,80.56,United States
1136,International Bancshares Corp,IBOC,4411866112,70.94,United States
1137,Griffon Corporation,GFF,4404572672,96.03,United States
1138,Choice Hotels International,CHH,4402598400,96.77,United States
1139,Helmerich &amp; Payne,HP,4401311232,44.04,United States
1140,ESAB,ESAB,4392391680,70.69,United States
1141,Diodes Incorporated,DIOD,4375372288,95.01,United States
1142,Boot Barn Holdings,BOOT,4372828672,144.39,United States
1143,Ollie's Bargain Outlet,OLLI,4369640448,73.56,United States
1144,Century Aluminum,CENX,4360654848,44.05,United States
1145,Excelerate Energy,EE,4355774976,38.41,United States
1146,Vontier,VNT,4349383680,32.17,United States
1147,Tanger Inc.,SKT,4347738624,36.37,United States
1148,Broadstone Net Lease,BNL,4347348992,20.42,United States
1149,Comstock Resources,CRK,4339711488,14.78,United States
1150,HeartFlow,HTFL,4337246720,49.88,United States
1151,Neptune Insurance Holdings,NP,4336565760,31.6,United States
1152,Franklin Electric,FELE,4325207552,97.83,United States
1153,Telephone and Data Systems,TDS,4312245248,37.46,United States
1154,Texas Capital Bancshares,TCBI,4307874816,99.09,United States
1155,OPENLANE Corporate,OPLN,4306624512,35.28,United States
1156,Avis Budget Group,CAR,4300556800,121.74,United States
1157,Archer Aviation,ACHR,4296749568,5.58,United States
1158,Alliance Laundry Holdings,ALH,4295832064,21.61,United States
1159,"X-Energy, Inc.",XE,4291758848,14.93,United States
1160,Integer Holdings,ITGR,4282998016,126.0,United States
1161,NorthWestern Energy,NWE,4259495680,69.24,United States
1162,Covista Inc.,CVSA,4257915904,125.09,United States
1163,AXT Inc,AXTI,4247176704,64.77,United States
1164,Par Pacific Holdings,PARR,4240933632,84.65,United States
1165,Korn Ferry,KFY,4233221120,77.59,United States
1166,United Community Bank,UCB,4226465536,35.29,United States
1167,Americold,COLD,4193701376,14.62,United States
1168,Meritage Homes,MTH,4185480192,64.22,United States
1169,Geo Group,GEO,4144700672,31.49,United States
1170,Cathay General Bancorp,CATY,4136923904,62.01,United States
1171,Relay Therapeutics,RLAY,4135202816,18.87,United States
1172,Veradermics,MANE,4134980096,98.97,United States
1173,Ondas Holdings,ONDS,4131617280,7.23,United States
1174,AZZ,AZZ,4119159296,137.07,United States
1175,MIAX (Miami International Holdings),MIAX,4115105280,41.47,United States
1176,Seaboard Corporation,SEB,4114687232,4296.0,United States
1177,Cabot Corporation,CBT,4113958656,79.68,United States
1178,COPT Defense Properties,CDP,4104369152,35.43,United States
1179,Envista,NVST,4103782400,25.55,United States
1180,Kilroy Realty,KRC,4098745344,34.9,United States
1181,WSFS Financial,WSFS,4097165312,79.73,United States
1182,Itron,ITRI,4096250880,93.55,United States
1183,Travel + Leisure,TNL,4089966080,66.74,United States
1184,FTI Consulting,FCN,4088446208,148.07,United States
1185,Bread Financial,BFH,4086657536,106.37,United States
1186,Primoris Services Corporation,PRIM,4084311552,75.28,United States
1187,Celcuity Inc.,CELC,4083367680,83.45,United States
1188,Silgan Holdings,SLGN,4082496512,38.63,United States
1189,Brady Corporation,BRC,4077417984,86.94,United States
1190,SL Green Realty,SLG,4072734208,53.08,United States
1191,Cavco Industries,CVCO,4072614912,529.64,United States
1192,Indivior PLC,INDV,4070921728,34.49,United States
1193,Cinemark Theatres,CNK,4066188032,35.08,United States
1194,CCC Intelligent Solutions,CCC,4058173440,6.89,United States
1195,SiteOne Landscape Supply,SITE,4052093440,92.82,United States
1196,MDU Resources,MDU,4038709760,19.2,United States
1197,Bill.com,BILL,4029328128,47.25,United States
1198,Tango Therapeutics,TNGX,4009554688,23.78,United States
1199,USA Compression Partners,USAC,4006233856,27.64,United States
1200,Sezzle,SEZL,4002949120,118.87,United States
1201,Mattel,MAT,4002657024,14.01,United States
1202,Pattern Group,PTRN,3991986944,20.05,United States
1203,WaterBridge Infrastructure,WBI,3986401024,32.29,United States
1204,Enliven Therapeutics,ELVN,3980067584,54.32,United States
1205,Mirion Technologies,MIR,3979701248,15.98,United States
1206,Genworth Financial,GNW,3963657216,10.49,United States
1207,Synaptics,SYNA,3950978560,101.03,United States
1208,CVB Financial,CVBF,3949382656,22.44,United States
1209,Grand Canyon Education,LOPE,3941033472,151.2,United States
1210,Independent Bank Corp.,INDB,3919319296,82.74,United States
1211,ICU Medical,ICUI,3913101312,156.48,United States
1212,Workiva,WK,3910368768,71.86,United States
1213,Valvoline,VVV,3896227072,30.55,United States
1214,Iovance Biotherapeutics,IOVA,3895554304,8.6,United States
1215,UWM Holdings,UWMC,3869088512,1.35,United States
1216,Adaptive Biotechnologies,ADPT,3862219520,24.2,United States
1217,Ethos Technologies,LIFE,3857497856,40.25,United States
1218,Robert Half,RHI,3856993536,37.68,United States
1219,"GPGI, Inc.",GPGI,3855538176,13.3,United States
1220,Cohen &amp; Steers,CNS,3854043648,74.95,United States
1221,WesBanco,WSBC,3853498624,40.18,United States
1222,Planet Fitness,PLNT,3849348096,50.75,United States
1223,Universal Display Corporation,OLED,3840988672,83.56,United States
1224,Lemonade,LMND,3823393024,49.4,United States
1225,USA Rare Earth,USAR,3807844864,15.56,United States
1226,Avient,AVNT,3798106624,41.41,United States
1227,Q2,QTWO,3796777472,60.89,United States
1228,Thor Industries,THO,3792900096,72.86,United States
1229,Pulse Biosciences,PLSE,3787943680,53.11,United States
1230,Dorman Products,DORM,3758713856,126.66,United States
1231,Ionic Digital,IOND,3752231168,83.39,United States
1232,St. Joe Company,JOE,3749439488,65.86,United States
1233,Madison Square Garden Entertainment,MSGE,3746101504,79.19,United States
1234,Bath &amp; Body Works,BBWI,3744553472,18.57,United States
1235,Asbury Automotive Group,ABG,3742974464,208.5,United States
1236,Mueller Water Products,MWA,3737648896,23.94,United States
1237,SkyWest,SKYW,3732955136,96.14,United States
1238,Viking Therapeutics,VKTX,3730560768,31.98,United States
1239,Renasant Corp,RNST,3726560000,40.77,United States
1240,BancFirst,BANF,3726100736,110.9,United States
1241,Atmus Filtration Technologies,ATMU,3705252864,45.41,United States
1242,Otter Tail,OTTR,3697250048,88.06,United States
1243,Fastly,FSLY,3689388032,23.16,United States
1244,Howard Hughes Holdings,HHH,3675829760,61.55,United States
1245,iRhythm,IRTC,3673067520,111.43,United States
1246,Independence Realty Trust,IRT,3671213312,15.19,United States
1247,Apple Hospitality REIT,APLE,3671086080,15.55,United States
1248,PennyMac Financial Services,PFSI,3655312640,70.36,United States
1249,First Advantage,FA,3644613376,21.22,United States
1250,Kontoor Brands,KTB,3641024256,66.62,United States
1251,Post Holdings,POST,3634418176,80.19,United States
1252,Badger Meter,BMI,3627124224,125.13,United States
1253,IDEAYA Biosciences,IDYA,3627039744,37.59,United States
1254,WisdomTree,WT,3625684992,23.93,United States
1255,Legend Biotech,LEGN,3625263872,18.64,United States
1256,Bel Fuse,BELFB,3615060736,250.36,United States
1257,Interparfums,IPAR,3587207680,112.01,United States
1258,LXP Industrial Trust,LXP,3586959872,60.84,United States
1259,Organon,OGN,3581992960,13.64,United States
1260,Nicolet Bankshares,NIC,3570531328,170.37,United States
1261,Marriott Vacations Worldwide,VAC,3563011072,103.59,United States
1262,Shift4 Payments,FOUR,3557153280,45.05,United States
1263,Rumble,RUM,3554959104,7.17,United States
1264,Palomar Holdings,PLMR,3542507520,133.66,United States
1265,Firefly Aerospace,FLY,3537259776,21.13,United States
1266,M/I Homes,MHO,3536843264,139.89,United States
1267,NuScale Power,SMR,3533453824,8.61,United States
1268,Newmark,NMRK,3529092096,14.42,United States
1269,Amylyx Pharmaceuticals,AMLX,3523196928,31.62,United States
1270,Fermi Inc.,FRMI,3522570240,5.5,United States
1271,First Interstate BancSystem,FIBK,3518646016,36.92,United States
1272,Option Care Health,OPCH,3516957440,23.48,United States
1273,National Healthcare,NHC,3515513344,224.47,United States
1274,CleanSpark,CLSK,3510689280,13.67,United States
1275,Axcelis Technologies,ACLS,3502887168,113.43,United States
1276,CorVel Corporation,CRVL,3499282688,69.27,United States
1277,Tarsus Pharmaceuticals,TARS,3480360192,79.31,United States
1278,Life360,LIF,3477582080,42.68,United States
1279,Highwoods Properties,HIW,3474164480,30.93,United States
1280,Atlanta Braves Holdings,BATRA,3471483136,54.1,United States
1281,"ERock, Inc.",EROC,3470917632,12.7,United States
1282,Cal-Maine Foods,CALM,3455309568,73.98,United States
1283,CoreCivic,CXW,3454349568,34.93,United States
1284,National Health Investors,NHI,3453445632,70.32,United States
1285,NCR Atleos Corporation,NATL,3445075200,46.62,United States
1286,Peabody Energy,BTU,3438798848,28.21,United States
1287,Energy Fuels,UUUU,3428817664,12.95,United States
1288,American States Water,AWR,3427688960,86.48,United States
1289,Liberty Energy,LBRT,3420492032,20.96,United States
1290,TowneBank,TOWN,3420178944,37.0,United States
1291,Alliance Resource Partners,ARLP,3413318144,26.53,United States
1292,First Financial Bank,FFBC,3411084800,32.5,United States
1293,Magnite,MGNI,3409192448,23.77,United States
1294,Academy Sports + Outdoors,ASO,3409007616,55.36,United States
1295,Stride (K12 Education),LRN,3407907328,82.0,United States
1296,GRAIL,GRAL,3404907008,76.23,United States
1297,Mechanics Bancorp,MCHB,3403325440,15.37,United States
1298,IPG Photonics,IPGP,3402337792,79.99,United States
1299,Dyne Therapeutics,DYN,3400652288,18.21,United States
1300,Park National Corp,PRK,3385946112,187.44,United States
1301,HNI Corporation,HNI,3383160832,46.87,United States
1302,National Energy Services Reunited,NESR,3382567936,33.54,United States
1303,WillScot,WSC,3381023232,18.66,United States
1304,United States Lime &amp; Minerals,USLM,3380062976,117.82,United States
1305,Freddie Mac,FMCC,3373809152,5.19,United States
1306,Curbline Properties,CURB,3372914944,29.32,United States
1307,Denali Therapeutics,DNLI,3371181824,21.09,United States
1308,AllianceBernstein,AB,3359084544,36.09,United States
1309,Lionsgate Studios,LION,3353497856,11.27,United States
1310,UCT (Ultra Clean Holdings),UCTT,3352311296,74.04,United States
1311,Simmons First National,SFNC,3351275008,23.19,United States
1312,Dana Incorporated,DAN,3343483136,31.08,United States
1313,Polaris,PII,3329425152,58.51,United States
1314,Golub Capital,GBDC,3320943872,12.79,United States
1315,Group 1 Automotive,GPI,3317597440,278.27,United States
1316,Tenable,TENB,3316314880,30.11,United States
1317,Standex International,SXI,3305801984,269.17,United States
1318,NMI Holdings,NMIH,3301311232,43.89,United States
1319,Array Digital Infrastructure,AD,3296577536,38.12,United States
1320,Community Financial System,CBU,3290598656,62.54,United States
1321,Seacoast Banking,SBCF,3290038784,33.98,United States
1322,Delek Logistics Partners,DKL,3288666368,56.9,United States
1323,ScottsMiracle-Gro,SMG,3287698944,56.47,United States
1324,FS KKR Capital,FSK,3285686016,11.89,United States
1325,Veracyte,VCYT,3285569024,40.87,United States
1326,Knife River Corporation,KNF,3271276032,57.63,United States
1327,PVH Corp.,PVH,3259176448,70.64,United States
1328,Hercules Capital,HTGC,3258525184,17.41,United States
1329,OSI Systems,OSIS,3256784640,204.29,United States
1330,QuantumScape,QS,3247966208,5.28,United States
1331,Ashland,ASH,3247207936,70.91,United States
1332,Acadian Asset Management,AAMI,3230311424,91.02,United States
1333,RXO,RXO,3214410240,19.49,United States
1334,Exponent,EXPO,3195572224,67.21,United States
1335,Wingstop Restaurants,WING,3190102016,117.1,United States
1336,BankUnited,BKU,3189779968,44.78,United States
1337,Black Stone Minerals,BSM,3188531456,14.99,United States
1338,Astronics Corporation,ATRO,3181810688,73.98,United States
1339,Atkore,ATKR,3179734016,94.15,United States
1340,Bright Horizons,BFAM,3167131136,65.12,United States
1341,Knowles,KN,3153349120,36.92,United States
1342,Kadant,KAI,3144767744,266.3,United States
1343,Steve Madden,SHOO,3141492736,42.93,United States
1344,"Atlanta Braves Holdings, Inc.",BATRK,3133959936,48.84,United States
1345,First Hawaiian Bank,FHB,3133884672,25.755,United States
1346,Chesapeake Utilities,CPK,3129500416,129.82,United States
1347,Liftoff Mobile,LFTO,3107233536,18.35,United States
1348,Dynex Capital,DX,3107049728,12.52,United States
1349,Freshworks,FRSH,3102348032,11.89,United States
1350,Arcus Biosciences,RCUS,3092762112,24.59,United States
1351,Aehr Test Systems,AEHR,3092532480,94.69,United States
1352,Avista,AVA,3081266688,36.79,United States
1353,Park Hotels &amp; Resorts,PK,3076449792,15.28,United States
1354,Aveanna Healthcare,AVAH,3073532928,14.08,United States
1355,Hilton Grand Vacations,HGV,3067772160,39.47,United States
1356,CarGurus,CARG,3066354432,34.425,United States
1357,Gulfport Energy,GPOR,3063729664,173.25,United States
1358,Freshpet,FRPT,3063221504,63.74,United States
1359,Warby Parker,WRBY,3054354944,24.71,United States
1360,Centrus Energy,LEU,3039057920,152.31,United States
1361,Provident Financial Services,PFS,3038846976,23.3,United States
1362,TriNet,TNET,3030171648,66.01,United States
1363,Cushman &amp; Wakefield,CWK,3027806720,12.9,United States
1364,"F&G Annuities & Life, Inc.",FG,3018056448,23.05,United States
1365,ArcBest,ARCB,3014303488,134.86,United States
1366,KB Home,KBH,3013986304,49.16,United States
1367,The Vita Coco Company,COCO,3009514496,52.01,United States
1368,Arcutis Biotherapeutics,ARQT,3002152448,23.885,United States
1369,Ambarella,AMBA,2995406336,67.86,United States
1370,Crane NXT,CXT,2992612352,51.99,United States
1371,Bank of Hawaii,BOH,2990340096,75.8,United States
1372,California Water Service Group,CWT,2981881600,48.22,United States
1373,DigitalBridge Group,DBRG,2981174784,15.9,United States
1374,Maximus,MMS,2980203776,56.92,United States
1375,SPS Commerce,SPSC,2976494592,82.68,United States
1376,CBIZ,CBZ,2959552000,54.54,United States
1377,Infleqtion,INFQ,2956684544,13.12,United States
1378,Perpetua Resources,PPTA,2956013568,23.63,United States
1379,Talos Energy,TALO,2951949568,17.68,United States
1380,Agilysys,AGYS,2947222784,104.49,United States
1381,Select Water Solutions,WTTR,2946024704,20.64,United States
1382,Adeia,ADEA,2945582848,26.71,United States
1383,Green Brick Partners,GRBK,2942791680,68.42,United States
1384,Banc of California,BANC,2938836480,18.55,United States
1385,YETI Holdings,YETI,2938529024,40.26,United States
1386,National Beverage,FIZZ,2936712192,31.37,United States
1387,Plug Power,PLUG,2934109952,2.1,United States
1388,Tootsie Roll Industries,TR,2923091200,38.89,United States
1389,Power Integrations,POWI,2921055744,52.28,United States
1390,Columbia Sportswear,COLM,2913916416,56.92,United States
1391,DXP Enterprises,DXPE,2903103232,187.09,United States
1392,"Csquare, Inc.",CSQR,2902764032,17.42,United States
1393,Resideo Technologies,REZI,2901803520,19.11,United States
1394,Slide Insurance,SLDE,2901603072,24.84,United States
1395,Harley-Davidson,HOG,2900500736,27.87,United States
1396,Brookdale Senior Living,BKD,2899241472,12.14,United States
1397,Celldex Therapeutics,CLDX,2897740032,36.9,United States
1398,ABM Industries,ABM,2897319424,49.43,United States
1399,Extreme Networks,EXTR,2896892672,22.2,United States
1400,MGE Energy,MGEE,2886853888,76.48,United States
1401,Acadia Realty Trust,AKR,2882385408,19.77,United States
1402,Brighthouse Financial,BHF,2881904384,50.11,United States
1403,Baldwin Insurance Group,BWIN,2871263744,29.65,United States
1404,Kyndryl,KD,2864310016,13.15,United States
1405,TransMedics Group,TMDX,2849603328,82.18,United States
1406,Intapp,INTA,2848510208,37.23,United States
1407,MBX Biosciences,MBX,2842408960,59.02,United States
1408,The Marzetti Company,MZTI,2839628544,104.05,United States
1409,Urban Edge Properties,UE,2832224256,20.57,United States
1410,Northern Oil and Gas,NOG,2832075776,26.58,United States
1411,DNOW Inc.,DNOW,2829299200,15.65,United States
1412,Graphic Packaging,GPK,2812679936,9.5,United States
1413,Immunome,IMNM,2801960192,24.67,United States
1414,Benchmark Electronics,BHE,2794570752,77.8,United States
1415,People Incorporated,PPLI,2793141760,37.51,United States
1416,"Lincoln International, Inc.",LCLN,2791098368,26.53,United States
1417,Worthington Enterprises,WOR,2785401856,56.93,United States
1418,"Hayward Holdings, Inc.",HAYW,2780887552,13.11,United States
1419,SoundHound AI,SOUN,2780142336,6.26,United States
1420,H.B. Fuller,FUL,2775430400,51.6,United States
1421,AtriCure,ATRC,2774247936,54.54,United States
1422,ChronoScale,CHRN,2767111680,19.0,United States
1423,NETSCOUT,NTCT,2766513152,38.05,United States
1424,Guardian Pharmacy Services,GRDN,2764258048,43.64,United States
1425,Soleno Therapeutics,SLNO,2762888960,53.01,United States
1426,Callaway Golf Company,CALY,2759772672,15.46,United States
1427,Structure Therapeutics,GPCR,2756838912,38.66,United States
1428,FB Financial,FBK,2736802560,54.76,United States
1429,Veeco,VECO,2736131072,44.83,United States
1430,Trustmark,TRMK,2735442688,46.98,United States
1431,Shake Shack,SHAK,2723043840,63.65,United States
1432,Braze,BRZE,2719211264,23.94,United States
1433,Alarm.com,ALRM,2717635072,55.36,United States
1434,Opendoor,OPEN,2709344000,2.79,United States
1435,Cohu,COHU,2702077696,57.08,United States
1436,Euronet Worldwide,EEFT,2699791616,72.18,United States
1437,McGrath RentCorp,MGRC,2696593408,110.4,United States
1438,Advance Auto Parts,AAP,2695508992,44.68,United States
1439,Visteon,VC,2694369536,100.93,United States
1440,Titan America,TTAM,2691851008,14.6,United States
1441,Artisan Partners,APAM,2691474688,37.91,United States
1442,Disc Medicine,IRON,2689802496,70.06,United States
1443,Quaker Houghton,KWR,2688187136,156.22,United States
1444,NBT Bancorp,NBTB,2687893760,51.73,United States
1445,United Natural Foods,UNFI,2680335104,44.45,United States
1446,AvePoint,AVPT,2678418176,12.66,United States
1447,Customers Bancorp,CUBI,2664866048,78.88,United States
1448,First Bancorp,FBNC,2660362496,64.3,United States
1449,Grindr,GRND,2655979008,15.28,United States
1450,Alpha Metallurgical Resources,AMR,2655118848,209.41,United States
1451,Redwire,RDW,2654921472,10.62,United States
1452,BKV Corporation,BKV,2651678720,24.23,United States
1453,Acadia Healthcare,ACHC,2640323840,28.36,United States
1454,Boise Cascade,BCC,2632203776,75.44,United States
1455,Four Corners Property Trust,FCPT,2630861056,23.97,United States
1456,Beacon Financial Corporation,BBT,2626796288,31.34,United States
1457,ManpowerGroup,MAN,2625704448,56.46,United States
1458,H2O America,HTO,2622747392,62.66,United States
1459,"Strive Asset Management, LLC",ASST,2622092544,27.62,United States
1460,Penguin Solutions,PENG,2621576448,51.16,United States
1461,Digi International,DGII,2619558912,69.03,United States
1462,Alignment Healthcare,ALHC,2615757312,12.61,United States
1463,WD-40 Company,WDFC,2614697984,194.82,United States
1464,Banner Bank,BANR,2612394496,71.3,United States
1465,Privia Health Group,PRVA,2608332544,20.42,United States
1466,Ducommun,DCO,2608184832,172.73,United States
1467,Nurix Therapeutics,NRIX,2604920320,25.1,United States
1468,CareDx,CDNA,2600162048,50.26,United States
1469,Hawkins,HWKN,2589975552,124.07,United States
1470,Teradata,TDC,2589120000,27.84,United States
1471,First Merchants Corporation,FRME,2581766656,41.11,United States
1472,Kaiser Aluminum,KALU,2570077184,157.2,United States
1473,Neogen,NEOG,2569288704,11.78,United States
1474,NextNav,NN,2562534400,15.18,United States
1475,Clover Health Investments,CLOV,2560173312,4.82,United States
1476,Ouster,OUST,2547728896,35.33,United States
1477,GeneDx Holdings,WGS,2542818816,85.265,United States
1478,Restoration Hardware,RH,2537438464,134.07,United States
1479,Curaleaf,CURLF,2537427200,9.58,United States
1480,Vera Therapeutics,VERA,2525819904,35.05,United States
1481,Skyward Specialty Insurance Group,SKWD,2519057152,56.74,United States
1482,American Eagle Outfitters,AEO,2516951552,15.02,United States
1483,Central Garden &amp; Pet,CENT,2515596544,40.19,United States
1484,First Busey,BUSE,2513642752,30.44,United States
1485,Kayne Anderson Capital Advisors,KYN,2509830400,14.84,United States
1486,WaFd Bank,WAFD,2507510272,33.88,United States
1487,Diamondrock Hospitality Company,DRH,2505746944,12.2,United States
1488,Mineralys Therapeutics,MLYS,2493074432,28.2,United States
1489,Newell Brands,NWL,2491514880,5.85,United States
1490,Upstart,UPST,2490241024,25.59,United States
1491,Appian,APPN,2489775360,34.76,United States
1492,InvenTrust Properties,IVT,2484392960,31.86,United States
1493,Beam Therapeutics,BEAM,2477871104,23.99,United States
1494,Stock Yards Bancorp,SYBT,2477254144,79.74,United States
1495,Precigen,PGEN,2452541184,6.85,United States
1496,Federal Agricultural Mortgage Corporation,AGM,2447507200,225.51,United States
1497,Uniti,UNIT,2444241920,10.07,United States
1498,Rogers Corporation,ROG,2442244096,136.68,United States
1499,Merchants Bancorp,MBIN,2441608704,53.15,United States
1500,Sunshine Silver Mining & Refining Company,SSMR,2431854336,16.92,United States
1501,PHINIA,PHIN,2426906880,66.24,United States
1502,Supernus Pharmaceuticals,SUPN,2422115584,41.64,United States
1503,Maravai LifeSciences,MRVI,2418435840,6.53,United States
1504,Harmony Biosciences,HRMY,2417975040,41.52,United States
1505,Payoneer,PAYO,2412617984,7.12,United States
1506,"The Andersons, Inc.",ANDE,2411246080,70.97,United States
1507,Trump Media &amp; Technology Group,DJT,2406971392,8.66,United States
1508,Viridian Therapeutics,VRDN,2406327808,21.24,United States
1509,Sonic Automotive,SAH,2399563520,75.9,United States
1510,Braveheart Bio,BRVE,2398638080,26.64,United States
1511,ePlus,PLUS,2395883008,91.83,United States
1512,PENN Entertainment,PENN,2392592128,17.82,United States
1513,Ingevity,NGVT,2386171648,69.41,United States
1514,Huron Consulting,HURN,2385396992,149.93,United States
1515,John Wiley &amp; Sons,WLY,2383665152,47.03,United States
1516,Nektar Therapeutics,NKTR,2381815296,69.76,United States
1517,Coty,COTY,2377259520,2.7,United States
1518,Dorian LPG,LPG,2360748288,55.18,United States
1519,Patrick Industries,PATK,2357480704,73.4,United States
1520,McGraw Hill,MH,2356924672,12.32,United States
1521,Pitney Bowes,PBI,2338758912,17.06,United States
1522,SELLAS Life Sciences,SLS,2331463168,11.545,United States
1523,nLIGHT,LASR,2328953088,40.37,United States
1524,Helios Technologies,HLIO,2328287744,70.66,United States
1525,Enterprise Financial Services Corp,EFSC,2321026304,64.13,United States
1526,HCI Group,HCI,2310270720,185.73,United States
1527,StubHub Holdings,STUB,2304002560,6.03,United States
1528,Ocular Therapeutix,OCUL,2303770368,10.49,United States
1529,Intuitive Machines,LUNR,2302490624,14.35,United States
1530,Hyperliquid Strategies,PURR,2296894464,11.61,United States
1531,Innospec,IOSP,2296352768,93.23,United States
1532,Whirlpool,WHR,2295670016,35.21,United States
1533,Five9,FIVN,2291023360,30.66,United States
1534,LiveRamp,RAMP,2285891328,37.6,United States
1535,LTC Properties,LTC,2278588160,42.27,United States
1536,Trinity Industries,TRN,2270580480,28.5,United States
1537,Northwest Bancshares,NWBI,2267682048,15.49,United States
1538,Axogen,AXGN,2266585344,42.16,United States
1539,Trevi Therapeutics,TRVI,2265365760,15.9,United States
1540,V2X,VVX,2263761920,72.22,United States
1541,Chemours,CC,2261999872,15.03,United States
1542,Blackstone Mortgage Trust,BXMT,2250056960,13.35,United States
1543,nCino,NCNO,2246893824,21.25,United States
1544,Kennametal,KMT,2243888128,29.44,United States
1545,ARMOUR Residential REIT,ARR,2236538112,15.8,United States
1546,Werner Enterprises,WERN,2235948288,37.28,United States
1547,Diebold Nixdorf,DBD,2227575296,65.62,United States
1548,OFG Bancorp,OFG,2225701120,52.66,United States
1549,NeoGenomics,NEO,2225194496,17.32,United States
1550,Day One Biopharmaceuticals,DAWN,2224784640,21.53,United States
1551,Prestige Consumer Healthcare,PBH,2224233728,46.95,United States
1552,Calix,CALX,2218851072,35.24,United States
1553,FIGS,FIGS,2217972224,13.35,United States
1554,Hilltop Holdings,HTH,2215838464,38.68,United States
1555,LCI Industries,LCII,2212833280,91.02,United States
1556,Keel Infrastructure,KEEL,2204736256,3.57,United States
1557,Hub Group,HUBG,2203972608,36.04,United States
1558,AMC Entertainment,AMC,2195807488,2.46,United States
1559,Alkami Technology,ALKT,2193380096,20.51,United States
1560,NGL Energy Partners,NGL,2192986880,17.57,United States
1561,Addus HomeCare,ADUS,2186573824,117.09,United States
1562,Monarch Casino &amp; Resort,MCRI,2184576000,121.89,United States
1563,Trulieve Cannabis,TRLV,2177912576,11.31,United States
1564,Pediatrix Medical Group,MD,2175150080,26.77,United States
1565,Flywire,FLYW,2174201344,17.87,United States
1566,Medical Properties Trust,MPT,2173808128,3.64,United States
1567,Peloton,PTON,2172415488,4.95,United States
1568,PC Connection,CNXN,2164419584,85.76,United States
1569,Palvella Therapeutics,PVLA,2163134208,150.13,United States
1570,Western Union,WU,2161321216,6.93,United States
1571,Sarepta Therapeutics,SRPT,2160072704,20.45,United States
1572,Douglas Emmett,DEI,2157594368,10.73,United States
1573,First Commonwealth Financial Corp,FCF,2153501696,21.31,United States
1574,UFP Technologies,UFPT,2152477696,277.89,United States
1575,Ichor Systems,ICHR,2148000000,57.35,United States
1576,Under Armour,UA,2143432064,4.99,United States
1577,Minerals Technologies,MTX,2141970048,68.81,United States
1578,Allegiant Travel Company,ALGT,2139726080,78.27,United States
1579,Nuvation Bio,NUVB,2131318016,6.07,United States
1580,SharonAI Holdings,SHAZ,2127086208,59.41,United States
1581,Inspire Medical Systems,INSP,2110457472,73.0,United States
1582,Innovex International,INVX,2107166336,30.13,United States
1583,Applied Aerospace &amp; Defense,AADX,2103200896,12.2,United States
1584,Stagwell,STGW,2102488960,8.6,United States
1585,1st Source,SRCE,2098972032,87.16,United States
1586,Mach Natural Resources LP,MNR,2098537472,12.57,United States
1587,Progyny,PGNY,2098477952,27.35,United States
1588,Buckle,BKE,2096701056,40.7,United States
1589,Global Net Lease,GNL,2093426688,9.05,United States
1590,Rapport Therapeutics,RAPP,2092812928,43.62,United States
1591,Encore Capital Group,ECPG,2090395008,98.56,United States
1592,TIC Solutions,TIC,2086186624,9.56,United States
1593,Dentsply Sirona,XRAY,2085241472,10.46,United States
1594,DoubleVerify,DV,2078383488,13.41,United States
1595,BioCryst Pharmaceuticals,BCRX,2074945024,8.12,United States
1596,Custom Truck One Source,CTOS,2072575360,9.11,United States
1597,Bob's Discount Furniture,BOBS,2071390080,15.85,United States
1598,Preformed Line Products,PLPC,2070560512,423.54,United States
1599,UroGen Pharma,URGN,2068136704,42.31,United States
1600,ADMA Biologics,ADMA,2067378432,9.23,United States
1601,Kodiak Sciences,KOD,2067118592,32.89,United States
1602,Perdoceo Education,PRDO,2066294400,33.02,United States
1603,"The Bancorp, Inc.",TBBK,2065036160,50.63,United States
1604,Blackbaud,BLKB,2064341504,45.48,United States
1605,Voyager Technologies,VOYG,2061561600,33.78,United States
1606,Alamo Group,ALG,2057866752,169.08,United States
1607,Utz Brands,UTZ,2055780352,14.28,United States
1608,Select Medical Holdings,SEM,2046298112,16.51,United States
1609,Goosehead Insurance,GSHD,2043509888,57.18,United States
1610,Sunrun,RUN,2041981952,8.56,United States
1611,Sunstone Hotel Investors,SHO,2041664384,10.98,United States
1612,NW Natural Holdings,NWN,2039010816,48.44,United States
1613,Centuri Holdings,CTRI,2035415168,20.16,United States
1614,NextDecade Corp,NEXT,2033656704,7.64,United States
1615,Neutron Holdings (Lime),LIME,2030902656,31.72,United States
1616,Zenas BioPharma,ZBIO,2028299648,31.12,United States
1617,City Holding Company,CHCO,2022925952,143.96,United States
1618,Stewart Information Services,STC,2021790464,66.24,United States
1619,Generate Biomedicines,GENB,2017700224,15.72,United States
1620,PDF Solutions,PDFS,2017194112,47.77,United States
1621,Thermon Group,THR,2013932928,61.14,United States
1622,Pebblebrook Hotel Trust,PEB,2013114112,17.84,United States
1623,Asana,ASAN,2008067968,8.77,United States
1624,Agios Pharmaceuticals,AGIO,2005983104,33.6,United States
1625,Driven Brands,DRVN,2004504576,12.15,United States
1626,Netstreit,NTST,2001908608,19.64,United States
1627,Getty Realty,GTY,1998568320,32.27,United States
1628,EZCorp,EZPW,1995066496,32.47,United States
1629,Vertex,VERX,1988792576,12.26,United States
1630,Spectrum Brands,SPB,1982680320,86.22,United States
1631,Horace Mann Educators,HMN,1975236480,48.77,United States
1632,Expro Group,XPRO,1975098112,17.58,United States
1633,Hycroft Mining,HYMC,1973587968,21.18,United States
1634,"Interface, Inc.",TILE,1972729728,34.13,United States
1635,Gorman-Rupp,GRC,1966770944,74.47,United States
1636,Vericel,VCEL,1963261696,38.34,United States
1637,Protolabs,PRLB,1961117056,81.98,United States
1638,Olin Corporation,OLN,1960498944,17.2,United States
1639,Blue Bird Corporation,BLBD,1957025024,61.84,United States
1640,Kohl's,KSS,1953476096,17.23,United States
1641,Butterfly Network,BFLY,1951870336,7.33,United States
1642,"Happen, Inc.",HAPN,1938845312,16.8,United States
1643,Standard Nuclear,STDN,1936116096,12.05,United States
1644,Alamar Biosciences,ALMR,1935364224,27.89,United States
1645,Sharplink,SBET,1928945536,8.88,United States
1646,Ziff Davis,ZD,1927626880,56.22,United States
1647,Biohaven,BHVN,1919766400,12.71,United States
1648,Evolution Metals & Technologies,EMAT,1915145984,3.08,United States
1649,Kimbell Royalty Partners,KRP,1914816768,14.9,United States
1650,Genesis Energy  L.P.,GEL,1905321216,15.59,United States
1651,Sonida Senior Living,SNDA,1898856704,39.52,United States
1652,Insperity,NSP,1897923072,49.69,United States
1653,Republic Bank,RBCAA,1890179712,96.27,United States
1654,Target Hospitality,TH,1885149056,19.25,United States
1655,Astrana Health,ASTH,1883973888,37.98,United States
1656,Surgery Partners,SGRY,1882604544,14.38,United States
1657,Midera Food Processing,MFP,1882039296,41.61,United States
1658,Stoke Therapeutics,STOK,1873196800,29.03,United States
1659,German American Bancorp,GABC,1869545728,49.75,United States
1660,Porch Group,PRCH,1867401472,16.45,United States
1661,National Bank Holdings,NBHC,1859971456,41.76,United States
1662,Fluence Energy,FLNC,1846080128,9.93,United States
1663,LeMaitre Vascular,LMAT,1843033216,80.59,United States
1664,Hemab Therapeutics Holdings,COAG,1840457472,39.4,United States
1665,Bandwidth,BAND,1830121344,56.87,United States
1666,Innodata,INOD,1829500928,53.21,United States
1667,DXC Technology,DXC,1819879296,11.39,United States
1668,Live Oak Bank,LOB,1816632064,39.25,United States
1669,Enerpac Tool Group,EPAC,1815350400,35.22,United States
1670,OceanFirst Financial,OCFC,1814997248,18.78,United States
1671,Xencor,XNCR,1814966528,24.41,United States
1672,Strategic Education,STRA,1813469440,81.66,United States
1673,Quantum Computing,QUBT,1808511360,7.99,United States
1674,Kailera Therapeutics,KLRA,1807232896,13.94,United States
1675,World Kinect,WKC,1801048448,35.21,United States
1676,Kosmos Energy,KOS,1798372736,3.02,United States
1677,Dime Community Bancshares,DCOM,1797614976,40.71,United States
1678,Septerna,SEPN,1797529216,38.51,United States
1679,Vir Biotechnology,VIR,1797073408,10.62,United States
1680,A10 Networks,ATEN,1796347264,24.74,United States
1681,Hawaiian Electric Industries,HE,1792916608,10.38,United States
1682,Sonos,SONO,1788604928,15.12,United States
1683,Global Partners LP,GLP,1785533696,52.75,United States
1684,Hope Bancorp,HOPE,1780721152,13.94,United States
1685,SmartStop Self Storage REIT,SMA,1778449152,32.12,United States
1686,Boston Beer Company,SAM,1775829632,172.55,United States
1687,Atlas Energy Solutions,AESI,1768663040,14.16,United States
1688,ACV Auctions,ACVA,1767701120,10.41,United States
1689,FirstSun Capital Bancorp,FSUN,1765046784,40.16,United States
1690,S&amp;T Bancorp,STBA,1762921984,49.99,United States
1691,Soho House & Co,SHCO,1758889344,8.99,United States
1692,Weis Markets,WMK,1753649536,70.87,United States
1693,Evertec,EVTC,1748956928,29.27,United States
1694,Byline Bancorp,BY,1747358720,38.67,United States
1695,Xenia Hotels &amp; Resorts,XHR,1745094784,17.64,United States
1696,Damora Therapeutics,DMRA,1734768128,28.1,United States
1697,"Kardigan, Inc.",KARD,1731688448,18.52,United States
1698,Personalis,PSNL,1731225856,16.21,United States
1699,Worthington Steel,WS,1727090432,33.9,United States
1700,Liberty Latin America,LILA,1725879040,8.81,United States
1701,Concentrix,CNXC,1723158272,28.24,United States
1702,Century Communities,CCS,1721327744,60.54,United States
1703,Recursion Pharmaceuticals,RXRX,1716067456,3.2,United States
1704,Vestis,VSTS,1714116608,12.97,United States
1705,Bank First,BFC,1711728640,154.41,United States
1706,TriCo Bancshares,TCBK,1711173632,53.53,United States
1707,Albany International,AIN,1710212736,60.28,United States
1708,Biolife Solutions,BLFS,1709870464,34.95,United States
1709,Photronics,PLAB,1709357568,28.99,United States
1710,Sixth Street Specialty Lending,TSLX,1705688704,17.89,United States
1711,IDT Corporation,IDT,1700015232,68.36,United States
1712,Marqeta,MQ,1699933952,16.33,United States
1713,C3 AI,AI,1694619648,10.54,United States
1714,CBL Properties,CBL,1693496960,54.73,United States
1715,Ellington Financial,EFC,1692761344,12.89,United States
1716,P3 Health Partners,PIII,1684895232,8.43,United States
1717,Lindblad Expeditions,LIND,1684457344,25.67,United States
1718,QCR Holdings,QCRH,1679646720,102.57,United States
1719,Origin Bancorp,OBK,1679148032,54.43,United States
1720,Sila Realty Trust,SILA,1677119744,30.36,United States
1721,Allient,ALNT,1676875904,98.66,United States
1722,Huntsman Corporation,HUN,1673112064,9.54,United States
1723,Amplitude,AMPL,1669676416,12.59,United States
1724,American Assets Trust,AAT,1668093696,21.5,United States
1725,RLJ Lodging Trust,RLJ,1666237184,10.88,United States
1726,Lucid Motors,LCID,1662976000,4.22,United States
1727,Jetblue Airways,JBLU,1660173696,4.4,United States
1728,United Parks &amp; Resorts,PRKS,1654957696,36.5,United States
1729,CTS Corporation,CTS,1651975936,57.85,United States
1730,Central Securities,CET,1649144448,55.81,United States
1731,BlackLine,BL,1647851520,28.35,United States
1732,Intellia Therapeutics,NTLA,1645087232,11.74,United States
1733,Progress Software,PRGS,1637236608,39.92,United States
1734,Fortrea,FTRE,1635720064,17.2,United States
1735,Taysha Gene Therapies,TSHA,1635684352,5.02,United States
1736,Wolverine World Wide,WWW,1635582080,19.93,United States
1737,Pathward Financial,CASH,1633201792,78.62,United States
1738,Eton Pharmaceuticals,ETON,1631525504,57.08,United States
1739,Syndax Pharmaceuticals,SNDX,1623421056,18.18,United States
1740,ANI Pharmaceuticals,ANIP,1612289024,70.19,United States
1741,Trinity Capital,TRIN,1611685504,17.93,United States
1742,Anterix,ATEX,1611532160,82.18,United States
1743,Inhibrx Biosciences,INBX,1608198656,109.27,United States
1744,Distribution Solutions Group,DSGR,1607376000,34.75,United States
1745,Kemper,KMPR,1604322816,27.25,United States
1746,ConnectOne Bancorp,CNOB,1600170624,31.8,United States
1747,SkyWater Technology,SKYT,1597181312,32.46,United States
1748,HawkEye 360,HAWK,1596838400,16.3,United States
1749,AnaptysBio,ANAB,1595008768,53.87,United States
1750,Ingles Markets,IMKTA,1578812544,83.12,United States
1751,Triumph Financial,TFIN,1577995136,66.04,United States
1752,Wealthfront Corporation,WLTH,1564773504,10.38,United States
1753,Green Thumb Industries,GTII.CN,1562508566,7.14816,United States
1754,Helix Energy Solutions,HLX,1562253952,10.6,United States
1755,ARKO Petroleum,APC,1562228608,18.92,United States
1756,ADI Global Distribution,ADIG,1558703360,20.53,United States
1757,J&amp;J Snack Foods,JJSF,1555991168,83.29,United States
1758,Novavax,NVAX,1553788800,9.42,United States
1759,Innovative Industrial Properties,IIPR,1550888320,56.25,United States
1760,Ardent Health,ARDT,1548683904,10.98,United States
1761,Goodyear,GT,1546016256,5.37,United States
1762,Capital Southwest Corporation,CSWC,1541722240,24.19,United States
1763,ICF International,ICFI,1541417216,85.95,United States
1764,Dauch Corporation,DCH,1539677824,6.48,United States
1765,Ambiq Micro,AMBQ,1536201728,63.52,United States
1766,Kennedy Wilson,KW,1521191808,10.92,United States
1767,Safety Insurance,SAFT,1518255360,103.42,United States
1768,i-80 Gold,IAUX,1515328000,1.75,United States
1769,MasterBrand,MBC,1511934336,7.43,United States
1770,Bicara Therapeutics,BCAX,1509404672,22.81,United States
1771,Healthcare Services Group,HCSG,1508535680,21.98,United States
1772,Agilon Health,AGL,1507346816,89.77,United States
1773,Lakeland Financial Corp,LKFN,1505888000,60.58,United States
1774,Revolve Group,RVLV,1502034944,21.13,United States
1775,Coursera,COUR,1494791936,5.22,United States
1776,Vistance Networks,VISN,1494459136,6.48,United States
1777,Sally Beauty Holdings,SBH,1494211712,15.96,United States
1778,Savers Value Village,SVV,1494036992,9.75,United States
1779,Innoviva,INVA,1492591744,20.66,United States
1780,Omnicell,OMCL,1491253376,32.79,United States
1781,Avalyn Pharma,AVLN,1488262016,33.57,United States
1782,Global Industrial Company,GIC,1485844224,38.99,United States
1783,Lyntris Inc.,LYNX,1477195136,12.74,United States
1784,PROG Holdings,PRG,1472177024,36.96,United States
1785,Newsmax,NMAX,1471139840,11.39,United States
1786,Latigo Biotherapeutics,LTGO,1468530560,22.15,United States
1787,InnovAge,INNV,1466852864,10.75,United States
1788,Corsair Gaming,CRSR,1464716032,13.54,United States
1789,WEBTOON Entertainment,WBTN,1462965376,10.78,United States
1790,MillerKnoll,MLKN,1456453632,21.19,United States
1791,Wendy’s,WEN,1454811648,7.63,United States
1792,Esquire Financial Holdings,ESQ,1450855296,119.86,United States
1793,Dorchester Minerals,DMLP,1450651008,29.55,United States
1794,Phibro Animal Health,PAHC,1446229120,35.62,United States
1795,Burke & Herbert Financial Services,BHRB,1443978368,71.53,United States
1796,Exzeo Group,XZO,1443176448,16.02,United States
1797,Perella Weinberg Partners,PWP,1439501056,14.79,United States
1798,KalVista Pharmaceuticals,KALV,1437504000,27.0,United States
1799,Turning Point Brands,TPB,1433698432,71.51,United States
1800,Atlanticus,ATLC,1432961792,94.46,United States
1801,Amalgamated Financial,AMAL,1431320064,47.87,United States
1802,Peoples Bancorp,PEBO,1430863616,39.81,United States
1803,American Superconductor Corporation,AMSC,1430496512,29.53,United States
1804,ArriVent BioPharma,AVBP,1429924096,29.0,United States
1805,"RPC, Inc.",RES,1429687680,6.45,United States
1806,Digital Turbine,APPS,1429201920,11.81,United States
1807,Eos Energy Enterprises,EOSE,1428664960,3.95,United States
1808,FMC Corporation,FMC,1427585920,11.4,United States
1809,United Fire Group,UFCS,1423567232,55.38,United States
1810,Schrödinger,SDGR,1422803200,19.02,United States
1811,Tompkins Financial,TMP,1421462528,98.83,United States
1812,Arlo Technologies,ARLO,1419419392,13.19,United States
1813,Community Trust Bancorp,CTBI,1411104896,77.67,United States
1814,Ultragenyx Pharmaceutical,RARE,1409820928,14.3,United States
1815,Energizer Holdings,ENR,1409393280,20.58,United States
1816,Absci,ABSI,1408951040,8.21,United States
1817,ProPetro,PUMP,1406333824,11.45,United States
1818,CVR Partners,UAN,1404704768,132.9,United States
1819,Sylvamo,SLVM,1403139072,35.29,United States
1820,Stepan Company,SCL,1398459392,61.57,United States
1821,Boxabl Inc.,BXBL,1391314048,3.94,United States
1822,Olaplex,OLPX,1391282176,2.07,United States
1823,Walker &amp; Dunlop,WD,1391222400,40.53,United States
1824,CONMED,CNMD,1386742784,46.3,United States
1825,REX American Resources,REX,1380770048,41.62,United States
1826,Amprius Technologies,AMPX,1379001088,9.44,United States
1827,BigBear.ai,BBAI,1376149120,2.87,United States
1828,TriMas,TRS,1375404288,38.34,United States
1829,Nutex Health,NUTX,1371238144,200.24,United States
1830,Forestar Group,FOR,1369823360,26.85,United States
1831,The Pennant Group,PNTG,1369219712,39.2,United States
1832,Gibraltar Industries,ROCK,1369194240,46.16,United States
1833,National Vision Holdings,EYE,1367108480,17.29,United States
1834,Maze Therapeutics,MAZE,1366509568,24.6,United States
1835,Westamerica Bancorporation,WABC,1365638016,59.09,United States
1836,Xeris Pharmaceuticals,XERS,1358286208,7.45,United States
1837,Hillman Solutions,HLMN,1357924096,6.98,United States
1838,T1 Energy,TE,1357769856,4.61,United States
1839,First Mid Bancshares,FMBH,1357229568,51.02,United States
1840,Hudson Pacific Properties,HPP,1355951360,12.23,United States
1841,Azenta,AZTA,1351488896,30.85,United States
1842,Securitize Corp.,SECZ,1350207232,8.27,United States
1843,Wolfspeed,WOLF,1347116800,25.92,United States
1844,Six Flags,FUN,1342390016,13.12,United States
1845,Kestra Medical Technologies,KMTS,1339081344,22.85,United States
1846,The Greenbrier Companies,GBX,1333191040,43.09,United States
1847,Pursuit Attractions and Hospitality,PRSU,1332661760,48.55,United States
1848,Liquidity Services,LQDT,1331280512,42.49,United States
1849,HBT Financial,HBT,1327708416,36.51,United States
1850,Omeros Corporation,OMER,1323258496,18.28,United States
1851,Boost Run,BRUN,1321876096,16.63,United States
1852,UMH Properties,UMH,1320927616,15.51,United States
1853,Oppenheimer Holdings,OPY,1320189952,123.29,United States
1854,Vor Biopharma,VOR,1319319168,22.3,United States
1855,Ategrity Specialty Insurance Company,ASIC,1316552704,27.47,United States
1856,Tyra Biosciences,TYRA,1314683008,22.03,United States
1857,Ryerson,RYZ,1311997952,25.28,United States
1858,Empire State Realty Trust,ESRT,1311160320,4.28,United States
1859,Harmonic Inc.,HLIT,1308797440,12.0,United States
1860,"Suncrete, Inc.",RMIX,1304369408,13.36,United States
1861,Old Second Bancorp,OSBC,1301400832,25.58,United States
1862,XPEL,XPEL,1301339264,47.2,United States
1863,NAPCO Security Technologies,NSSC,1296963456,36.26,United States
1864,Aktis Oncology,AKTS,1295934336,23.3,United States
1865,Frontier Airlines,ULCC,1293812608,5.62,United States
1866,BJ's Restaurants,BJRI,1293019392,60.78,United States
1867,"Harrow, Inc.",HROW,1292580992,34.48,United States
1868,AMN Healthcare Services,AMN,1291257984,33.34,United States
1869,Flowers Foods,FLO,1291038848,6.09,United States
1870,Seneca Foods,SENEA,1290584448,190.62,United States
1871,Everforth,EFOR,1290269952,31.47,United States
1872,ProAssurance,PRA,1290193152,25.0,United States
1873,Two Harbors Investment,TWO,1280541440,12.18,United States
1874,"Alexander's, Inc.",ALX,1272634496,249.18,United States
1875,Sprinklr,CXM,1272299008,5.48,United States
1876,FuelCell Energy,FCEL,1270472192,15.89,United States
1877,Bristow Group,VTOL,1265713408,42.7,United States
1878,Cullinan Therapeutics,CGEM,1265421184,20.59,United States
1879,Ameresco,AMRC,1261914496,23.78,United States
1880,Orchid Island Capital,ORC,1258450304,6.33,United States
1881,Leggett &amp; Platt,LEG,1256618752,9.2,United States
1882,Alto Neuroscience,ANRO,1255747328,32.0,United States
1883,Willdan Group,WLDN,1252077824,82.2,United States
1884,Seaport Therapeutics,SPTX,1249403136,23.34,United States
1885,ORIC Pharmaceuticals,ORIC,1247977984,12.04,United States
1886,Herbalife,HLF,1246106368,12.02,United States
1887,Oil-Dri Corporation Of America,ODC,1245707136,85.98,United States
1888,Edgewell Personal Care,EPC,1241174528,26.93,United States
1889,Universal Insurance Holdings,UVE,1233719680,44.33,United States
1890,Shoals Technologies,SHLS,1228589696,7.3,United States
1891,MeiraGTx,MGTX,1228389888,12.79,United States
1892,Jefferson Capital,JCAP,1227757952,21.38,United States
1893,La-Z-Boy,LZB,1227216896,30.64,United States
1894,"Cadre Holdings, Inc.",CDRE,1223816576,28.58,United States
1895,Artivion,AORT,1222806016,25.08,United States
1896,Preferred Bank,PFBC,1220633984,102.98,United States
1897,Ladder Capital,LADR,1219175552,9.61,United States
1898,Replimune,REPL,1217317632,12.92,United States
1899,Red Cat Holdings,RCAT,1215606400,7.96,United States
1900,Clear Channel Outdoor,CCO,1211643392,2.38,United States
1901,PureCycle Technologies,PCT,1209447040,6.02,United States
1902,MannKind Corp,MNKD,1205791744,3.75,United States
1903,Integra LifeSciences,IART,1205473792,15.5,United States
1904,Red Violet,RDVT,1203843968,75.02,United States
1905,Omada Health,OMDA,1203520384,19.66,United States
1906,Monte Rosa Therapeutics,GLUE,1200359552,14.07,United States
1907,Columbia Financial,CLBK,1199791360,11.53,United States
1908,Piedmont Realty Trust,PDM,1197521024,9.57,United States
1909,The RealReal,REAL,1196027008,9.83,United States
1910,G-III Apparel Group,GIII,1195825792,27.89,United States
1911,Gentherm,THRM,1194210944,38.85,United States
1912,Tandem Diabetes Care,TNDM,1190491648,17.11,United States
1913,Alumis,ALMS,1188215552,9.18,United States
1914,Willis Lease Finance Corporation,WLFC,1187664768,56.17,United States
1915,Biglari,BH,1186759424,372.67,United States
1916,Marcus &amp; Millichap,MMI,1184226304,31.27,United States
1917,Odyssey Therapeutics,ODTX,1183681536,24.63,United States
1918,Lindsay Corporation,LNN,1183149696,116.35,United States
1919,Babcock &amp; Wilcox,BW,1182782720,7.94,United States
1920,ScanSource,SCSC,1182684288,58.19,United States
1921,NCR Voyix Corporation,VYX,1180497664,8.55,United States
1922,Cricut,CRCT,1179630336,5.62,United States
1923,Donnelley Financial Solutions,DFIN,1178869120,47.95,United States
1924,Univest Financial Corporation,UVSP,1176871296,42.67,United States
1925,NexPoint Residential Trust,NXRT,1176050688,22.79,United States
1926,"U.S. Physical Therapy, Inc.",USPH,1174714752,78.72,United States
1927,Tennant Company,TNC,1171969152,68.74,United States
1928,OPKO Health,OPK,1171735424,1.57,United States
1929,Easterly Government Properties,DEA,1170748672,23.89,United States
1930,Avanos Medical,AVNS,1170726912,24.99,United States
1931,Genco Shipping &amp; Trading,GNK,1169428608,26.83,United States
1932,Heritage Financial,HFWA,1162411008,28.41,United States
1933,PROCEPT BioRobotics,PRCT,1160006016,20.38,United States
1934,GoodRx,GDRX,1156482816,3.39,United States
1935,Yelp,YELP,1154729856,21.28,United States
1936,MarineMax,HZO,1153148416,52.21,United States
1937,Certara,CERT,1151667840,7.55,United States
1938,Amerant Bancorp,AMTB,1149046528,29.32,United States
1939,LGI Homes,LGIH,1148929536,49.42,United States
1940,National Healthcare Properties,NHP,1147522816,15.74,United States
1941,Unusual Machines,UMAC,1146501760,22.95,United States
1942,Arhaus,ARHS,1146474624,8.1,United States
1943,Mission Produce,AVO,1140696064,13.01,United States
1944,Suburban Propane Partners,SPH,1138780416,17.07,United States
1945,Five Star Bancorp,FSBC,1138744192,46.41,United States
1946,Prospect Capital,PSEC,1138297344,2.22,United States
1947,Jade Biosciences,JBIO,1137757184,17.89,United States
1948,STAAR Surgical,STAA,1136262656,22.66,United States
1949,Great Lakes Dredge &amp; Dock Corp.,GLDD,1135273600,17.0,United States
1950,Northeast Bank,NBN,1134782976,132.64,United States
1951,Myers Industries,MYE,1128918400,30.01,United States
1952,Marten Transport,MRTN,1126931072,13.8,United States
1953,NPK International,NPKI,1125905280,13.26,United States
1954,Metropolitan Bank Holding,MCB,1125594240,90.79,United States
1955,Universal Corporation,UVV,1124948352,45.18,United States
1956,Teladoc Health,TDOC,1119173504,6.16,United States
1957,Universal Technical Institute,UTI,1118984192,20.31,United States
1958,Carter's,CRI,1117121280,30.43,United States
1959,ASA Gold and Precious Metals,ASA,1116645120,60.83,United States
1960,Oaktree Specialty Lending Corporation,OCSL,1116043520,12.67,United States
1961,Arteris,AIP,1115261312,22.69,United States
1962,EverCommerce,EVCM,1114757760,6.31,United States
1963,Grocery Outlet,GO,1114700544,11.25,United States
1964,AEVEX Corp.,AVEX,1112697472,16.08,United States
1965,Enovis,ENOV,1111867904,19.28,United States
1966,Dream Finders Homes,DFH,1110865920,12.27,United States
1967,Bowhead Specialty Holdings,BOW,1109190912,33.67,United States
1968,PagerDuty,PD,1108176768,14.09,United States
1969,Winmark,WINA,1108076416,308.47,United States
1970,ZoomInfo,GTM,1106218112,3.8,United States
1971,Cracker Barrel,CBRL,1105950208,49.48,United States
1972,Lumexa Imaging,LMRI,1103901440,11.49,United States
1973,National Presto Industries,NPK,1100952448,154.28,United States
1974,Obsidian Therapeutics,OBX,1099557120,17.8,United States
1975,"Apnimed, Inc.",APMD,1091975296,26.23,United States
1976,Upwork,UPWK,1089157376,8.72,United States
1977,Savara,SVRA,1088938112,5.3,United States
1978,Capitol Federal Financial,CFFN,1088118528,8.82,United States
1979,Corvus Pharmaceuticals,CRVS,1086001408,12.91,United States
1980,Saul Centers,BFS,1085975936,31.27,United States
1981,Ecovyst,ECVT,1085926528,9.92,United States
1982,Trupanion,TRUP,1085713536,24.89,United States
1983,Deluxe Corporation,DLX,1083125504,23.62,United States
1984,York Space Systems,YSS,1082377856,7.88,United States
1985,Aeva Technologies,AEVA,1081833472,15.52,United States
1986,XPLR Infrastructure,XIFR,1075019904,11.4,United States
1987,HighPeak Energy,HPK,1071055232,8.47,United States
1988,Middlesex Water Company,MSEX,1068263296,56.69,United States
1989,Upbound Group,UPBD,1067462080,18.31,United States
1990,Mercantile Bank,MBWM,1067233216,61.74,United States
1991,BellRing Brands,BRBR,1062782720,9.14,United States
1992,TripAdvisor,TRIP,1057723008,9.09,United States
1993,IRadimed,IRMD,1051346432,82.22,United States
1994,QuinStreet,QNST,1049248128,18.38,United States
1995,Janux Therapeutics,JANX,1045438848,17.1,United States
1996,Green Plains,GPRE,1044420352,14.9,United States
1997,Compass Minerals,CMP,1041125568,24.8,United States
1998,Attovia Therapeutics,ATTO,1040392320,22.79,United States
1999,BrightView,BV,1036193984,11.19,United States
2000,LegalZoom,LZ,1036152192,6.05,United States
2001,Graham Corporation,GHM,1031685248,87.9,United States
2002,Centerspace,CSR,1031650496,58.29,United States
2003,Equity Bancshares,EQBK,1030654080,50.05,United States
2004,Heritage Insurance,HRTG,1028147008,34.58,United States
2005,Taboola.com,TBLA,1026590464,3.8,United States
2006,Business First Bancshares,BFST,1022717376,31.42,United States
2007,MetroCity Bankshares,MCBS,1021733568,35.5,United States
2008,CNB Financial Corp,CCNE,1021328064,34.48,United States
2009,Angel Studios,ANGX,1017821888,5.45,United States
2010,Resolute Holdings Management,RHLD,1017642112,130.14,United States
2011,CRA International,CRAI,1016098112,161.88,United States
2012,Horizon Bancorp,HBNC,1015594624,19.78,United States
2013,Arbutus Biopharma,ABUS,1014301376,5.12,United States
2014,American Bitcoin Corp,ABTC,1013539968,8.32,United States
2015,Kura Oncology,KURA,1013261440,11.39,United States
2016,Amphastar Pharmaceuticals,AMPH,1011552320,23.78,United States
2017,Diversified Energy,DEC.L,1011253214,14.637,United States
2018,Pacira Biosciences,PCRX,1010897536,25.36,United States
2019,Northwest Pipe Company,NWPX,1008436800,104.64,United States
2020,Tetra Technologies,TTI,1008375680,6.81,United States
2021,Ventyx Biosciences,VTYX,1004502016,14.0,United States
2022,O-I Glass,OI,1003398144,6.53,United States
2023,"Sinclair, Inc.",SBGI,1003101568,13.9,United States
2024,NB Bancorp,NBBK,998623360,22.79,United States
2025,Emerald Holding,EEX,997505920,5.04,United States
2026,Trustco Bank,TRST,995271424,58.45,United States
2027,Safehold,SAFE,993552384,14.03,United States
2028,Sable Offshore,SOC,991965696,5.17,United States
2029,Flotek Industries,FTK,989904320,27.33,United States
2030,Quanex Building Products,NX,988471296,21.57,United States
2031,Whitestone REIT,WSR,988012416,18.99,United States
2032,Frequency Electronics,FEIM,987814208,88.375,United States
2033,Castle Biosciences,CSTL,987665664,32.33,United States
2034,Global Medical REIT,GMRE,979776256,35.98,United States
2035,Camden National Corporation,CAC,979014912,57.94,United States
2036,Virtus Investment Partners,VRTS,976250752,147.41,United States
2037,Central Pacific Financial,CPF,974025408,37.83,United States
2038,Unitil Corporation,UTL,968185024,53.09,United States
2039,Phoenix Education Partners,PXED,967511552,26.84,United States
2040,Arbor Realty Trust,ABR,956877312,4.72,United States
2041,Southside Bancshares,SBSI,955941888,32.07,United States
2042,Ibotta,IBTA,955518720,41.14,United States
2043,Heartland Express,HTLD,954284416,12.34,United States
2044,Forum Energy Technologies,FET,952463424,83.02,United States
2045,Astec Industries,ASTE,952354688,41.42,United States
2046,ProFrac,ACDC,948859648,5.21,United States
2047,Riley Exploration Permian,REPX,943990656,43.51,United States
2048,Hanmi Financial,HAFC,942846336,31.8,United States
2049,Accel Entertainment,ACEL,941844288,11.6,United States
2050,Mid Penn Bancorp,MPB,939176448,37.07,United States
2051,Oxford Lane Capital,OXLC,938149440,9.57,United States
2052,Sana Biotechnology,SANA,936998848,3.13,United States
2053,Kronos Worldwide,KRO,936893824,8.14,United States
2054,Karat Packaging,KRT,935594880,46.94,United States
2055,"Forbright, Inc.",FRBT,935079872,18.42,United States
2056,USA TODAY Co.,TDAY,933762112,6.36,United States
2057,Solid Biosciences,SLDB,932859584,8.7,United States
2058,Chimera Investment Corporation,CIM,930980160,11.13,United States
2059,Abacus Global Management,ABX,930004288,9.51,United States
2060,Quantum Corporation,QMCO,929287808,23.58,United States
2061,Douglas Dynamics,PLOW,928620352,40.24,United States
2062,First Financial,THFF,925665152,77.84,United States
2063,Ardelyx,ARDX,924311488,3.58,United States
2064,Postal Realty Trust,PSTL,923370624,23.2,United States
2065,SpyGlass Pharma,SGP,920488448,27.52,United States
2066,Barings BDC,BBDC,918279360,8.77,United States
2067,Kforce,KFRC,917657216,51.24,United States
2068,Design Therapeutics,DSGN,915569600,14.63,United States
2069,Daily Journal,DJCO,912066432,661.9,United States
2070,Eastman Kodak Company,KODK,911449024,9.31,United States
2071,CeriBell,CBLL,906874496,23.63,United States
2072,Covenant Logistics,CVLG,904210240,35.63,United States
2073,BitGo,BTGO,899224064,7.65,United States
2074,Olema Pharmaceuticals,OLMA,894225600,10.22,United States
2075,Ridgepost Capital,RPC,894033728,8.11,United States
2076,SmartFinancial (SmartBank),SMBK,893224192,52.24,United States
2077,Employers Holdings,EIG,891918720,49.66,United States
2078,Evolv Technologies,EVLV,890363456,4.95,United States
2079,Lexicon Pharmaceuticals,LXRX,889911872,2.0,United States
2080,World Acceptance Corporation,WRLD,889501568,190.75,United States
2081,Beazer Homes USA,BZH,887097472,33.25,United States
2082,Bioventus,BVS,886600768,12.98,United States
2083,"MNTN, Inc.",MNTN,884921408,11.83,United States
2084,Navient,NAVI,883443648,9.42,United States
2085,Rigel Pharmaceuticals,RIGL,882436800,47.24,United States
2086,NANO Nuclear Energy,NNE,881186560,16.41,United States
2087,Service Properties Trust,SVC,880664512,6.8,United States
2088,Nextdoor,NXDR,878145920,2.27,United States
2089,JBG SMITH,JBGS,878109568,11.37,United States
2090,Koppers Holdings,KOP,876551168,46.35,United States
2091,Sabre,SABR,875775552,2.17,United States
2092,Great Southern Bancorp,GSBC,873544192,80.16,United States
2093,Talkspace,TALK,870574976,5.25,United States
2094,CrossAmerica Partners,CAPL,870350208,22.8,United States
2095,Simply Good Foods,SMPL,870261504,9.84,United States
2096,Vishay Precision Group,VPG,869486400,65.37,United States
2097,Immix Biopharma,IMMX,868487296,12.14,United States
2098,Capital City Bank Group,CCBG,867644096,50.7,United States
2099,Geron,GERN,867339136,1.35,United States
2100,MFA Financial,MFA,865312768,8.56,United States
2101,Avalo Therapeutics,AVTX,864515456,16.12,United States
2102,Daktronics,DAKT,860377472,17.89,United States
2103,"TXO Partners, L.P.",TXO,856092544,15.44,United States
2104,Apollo Commercial Real Estate Finance,ARI,852249088,6.63,United States
2105,HealthStream,HSTM,851175168,29.11,United States
2106,SunCoke Energy,SXC,850446016,10.02,United States
2107,Standard Motor Products,SMP,850048064,38.05,United States
2108,Kopin Corporation,KOPN,847579072,4.56,United States
2109,Sweetgreen,SG,845193280,7.1,United States
2110,EverQuote,EVER,845049216,23.98,United States
2111,Hippo Holdings,HIPO,844460160,32.0,United States
2112,BlackSky Technology,BKSY,843461120,20.61,United States
2113,South Plains Financial,SPFI,843238272,44.76,United States
2114,Eagle Bancorp,EGBN,841357632,27.6,United States
2115,PennyMac Mortgage Investment Trust,PMT,840630784,9.64,United States
2116,Viant Technology,DSP,838423488,12.58,United States
2117,Marcus Corporation,MCS,836784832,27.14,United States
2118,ASGN,ASGN,833931008,19.53,United States
2119,LSB Industries,LXU,833731072,11.58,United States
2120,Fox Factory Holding,FOXF,833474752,19.83,United States
2121,Orrstown Financial Services,ORRF,832811968,42.34,United States
2122,Alerus Financial,ALRS,829338816,33.27,United States
2123,Reformation Inc.,REF,828839168,14.03,United States
2124,Root Insurance,ROOT,828656576,53.485,United States
2125,Heritage Commerce,HTBK,828429632,13.45,United States
2126,Compass Diversified Holdings,CODI,828348032,11.01,United States
2127,Cantaloupe,CTLP,825815936,11.2,United States
2128,Republic Airways,RJET,824959616,17.62,United States
2129,SI-BONE,SIBN,823765376,18.38,United States
2130,American Public Education,APEI,822471360,44.94,United States
2131,John B. Sanfilippo & Son,JBSS,821309568,70.26,United States
2132,Rackspace Technology,RXT,820690560,3.22,United States
2133,Climb Bio,CLYM,818466624,14.25,United States
2134,Sky Harbour Group,SKYH,817111360,10.01,United States
2135,CEVA,CEVA,816749632,29.01,United States
2136,Peapack-Gladstone Financial,PGC,811940160,45.8,United States
2137,AdaptHealth,AHCO,808459520,6.06,United States
2138,Barrett Business Services,BBSI,808243200,33.35,United States
2139,QuidelOrtho,QDEL,807818496,11.78,United States
2140,Southern Missouri Bancorp,SMBC,806673856,73.26,United States
2141,Financial Institutions,FISI,806384192,40.92,United States
2142,Lightwave Logic,LWLG,806294720,5.23,United States
2143,HomeTrust Bancshares,HTB,802546112,48.54,United States
2144,Montrose Environmental,MEG,800798912,22.14,United States
2145,Winnebago Industries,WGO,798596224,28.25,United States
2146,Metallus,MTUS,797484224,19.24,United States
2147,Entravision Communications,EVC,794602240,8.61,United States
2148,Lincoln Educational Services,LINC,793671424,25.02,United States
2149,Apogee Enterprises,APOG,790491008,37.88,United States
2150,Vitesse Energy,VTS,789876992,18.76,United States
2151,Transcat,TRNS,789125824,84.31,United States
2152,CryoPort,CYRX,787593536,15.55,United States
2153,GCM Grosvenor,GCMG,784861312,12.84,United States
2154,Energy Vault,NRGV,783728512,4.31,United States
2155,Nuvectis Pharma,NVCT,783131136,23.99,United States
2156,Aclaris Therapeutics,ACRS,783098176,5.32,United States
2157,Carlyle Secured Lending,CGBD,782308096,11.37,United States
2158,Shore Bancshares,SHBI,782246144,23.44,United States
2159,Strawberry Fields REIT,STRW,781098048,13.82,United States
2160,Peakstone Realty Trust,PKST,780562688,20.99,United States
2161,Alpha &amp; Omega Semiconductor,AOSL,780083648,25.78,United States
2162,Dakota Gold,DC,779545088,5.81,United States
2163,Varex Imaging,VREX,778056768,18.46,United States
2164,Mitek Systems,MITK,777007296,17.22,United States
2165,indie Semiconductor,INDI,776559744,3.35,United States
2166,CTO Realty Growth,CTO,776323776,20.71,United States
2167,Lucky Strike Entertainment,LUCK,768889984,5.64,United States
2168,Backblaze,BLZE,767560000,12.4,United States
2169,Independent Bank Corporation,IBCP,763736000,37.07,United States
2170,Washington Trust Bancorp,WASH,762782080,39.99,United States
2171,Groupon,GRPN,761660992,18.73,United States
2172,Westlake Chemical Partners,WLKP,758491328,21.52,United States
2173,Green Dot,GDOT,755623488,13.26,United States
2174,Golden Entertainment,GDEN,753686080,28.55,United States
2175,Westrock Coffee,WEST,751730816,7.7,United States
2176,PubMatic,PUBM,751120448,16.49,United States
2177,Kodiak AI,KDK,750312000,3.74,United States
2178,Third Coast Bancshares,TCBX,749473664,45.0,United States
2179,The Manitowoc Company,MTW,749367744,20.78,United States
2180,Glass House Brands,GLAS,747343040,7.93,United States
2181,Annexon,ANNX,746941824,3.94,United States
2182,Five Point Holdings,FPH,746907648,5.05,United States
2183,LSI Industries,LYTS,746344576,20.03,United States
2184,TaskUs,TASK,746332416,8.14,United States
2185,Beta Bionics,BBNX,745479104,16.57,United States
2186,PAR Technology,PAR,744528768,18.0,United States
2187,Bloomin' Brands,BLMN,744045760,8.69,United States
2188,Bain Capital Specialty Finance,BCSF,744041792,11.47,United States
2189,WhiteFiber,WYFI,743553024,19.14,United States
2190,Latham Group,SWIM,743523328,6.32,United States
2191,Fidus Investment Corporation,FDUS,742766912,19.57,United States
2192,Monopar Therapeutics,MNPR,740084096,110.26,United States
2193,Satellogic,SATL,736414144,4.79,United States
2194,"Eve Holding, Inc.",EVEX,735306112,2.11,United States
2195,Bowman Consulting Group,BWMN,735297728,42.42,United States
2196,Tron Inc.,TRON,735292224,1.55,United States
2197,Paysign,PAYS,734572672,13.01,United States
2198,River City Bank,RCBC,731092288,52.24,United States
2199,Movado Group,MOV,730726016,32.75,United States
2200,N-Able,NABL,729175296,3.86,United States
2201,United States Antimony Corporation,UAMY,728889856,4.87,United States
2202,Cardinal Infrastructure Group,CDNL,728280000,35.65,United States
2203,4D Molecular Therapeutics,FDMT,727566272,13.17,United States
2204,Hertz,HTZ,727160832,2.04,United States
2205,Coastal Financial Corporation,CCB,725489088,47.46,United States
2206,Aura Biosciences,AURA,725415104,6.995,United States
2207,Arrow Financial,AROW,725203840,39.15,United States
2208,Carter Bankshares,CARE,723409600,31.23,United States
2209,Hallador Energy Company,HNRG,723179072,15.34,United States
2210,Crescent Biopharma,CBIO,721020032,19.41,United States
2211,Peoples Financial Services,PFIS,720546240,71.98,United States
2212,Donegal Group,DGICA,718629312,19.36,United States
2213,ProKidney,PROK,718528576,1.8,United States
2214,CytomX Therapeutics,CTMX,716888640,3.29,United States
2215,"Yesway, Inc.",YSWY,715708608,22.95,United States
2216,Gyre Therapeutics,GYRE,713607232,6.73,United States
2217,Zevra Therapeutics,ZVRA,713199232,12.01,United States
2218,PRA Group,PRAA,712676800,18.93,United States
2219,Array Technologies,ARRY,710677888,4.62,United States
2220,Community West Bancshares,CWBC,710562944,26.19,United States
2221,XOMA Royalty,XOMA,710155008,40.17,United States
2222,Neurogene,NGNE,710003840,35.48,United States
2223,Velocity Financial,VEL,709481728,17.97,United States
2224,Ramaco Resources,METC,709314368,11.19,United States
2225,Enhabit,EHAB,706913408,13.8,United States
2226,PennantPark Floating Rate Capital Ltd.,PFLT,706431424,7.12,United States
2227,Tronox,TROX,705874176,4.42,United States
2228,Collegium Pharmaceutical,COLL,705231616,22.75,United States
2229,Cass Information Systems,CASS,704979712,55.18,United States
2230,Petco,WOOF,701727424,2.45,United States
2231,California BanCorp,BCAL,701203264,21.81,United States
2232,American Woodmark,AMWD,700651840,48.09,United States
2233,First Watch Restaurant,FWRG,700436160,11.35,United States
2234,Hyliion,HYLN,696529152,3.9,United States
2235,Rapid7,RPD,694900608,10.31,United States
2236,Midland States Bancorp,MSBI,694158144,33.45,United States
2237,Mama's Creations,MAMA,694010752,14.72,United States
2238,Hovnanian Enterprises,HOV,690870464,115.92,United States
2239,Park Aerospace,PKE,690818496,31.76,United States
2240,GMR Solutions Inc.,GMRS,690397440,12.78,United States
2241,Hingham Institution for Savings,HIFS,686618624,312.49,United States
2242,New Mountain Finance Corporation,NMFC,683835328,7.24,United States
2243,"Nerdy, Inc,",NRDY,683299712,9.46,United States
2244,Red River Bancshares,RRBI,681323328,103.48,United States
2245,RE/MAX Holdings,RMAX,681161536,12.36,United States
2246,Enovix,ENVX,680290432,3.1,United States
2247,Bar Harbor Bankshares,BHB,680032256,40.56,United States
2248,OppFi,OPFI,679961792,7.98,United States
2249,Once Upon A Farm,OFRM,679408768,16.18,United States
2250,Udemy,UDMY,677283328,4.63,United States
2251,WhiteHawk Minerals Corp,WHK,676980544,28.45,United States
2252,Papa John's Pizza,PZZA,676869888,20.56,United States
2253,Mesa Laboratories,MLAB,676372672,120.87,United States
2254,Phathom Pharmaceuticals,PHAT,676331776,8.36,United States
2255,Sagimet Biosciences,SGMT,676286144,10.88,United States
2256,IperionX,IPX,676104320,18.67,United States
2257,Ironwood Pharmaceuticals,IRWD,674179008,4.08,United States
2258,Granite Ridge Resources,GRNT,674010240,5.11,United States
2259,Consensus Cloud Solutions,CCSI,673074368,36.73,United States
2260,ParkOhio Holdings Corp.,PKOH,673060992,46.45,United States
2261,"AGNT, Inc",AGNT,671814080,4.02,United States
2262,Cannae Holdings,CNNE,668396864,15.41,United States
2263,MiMedx Group,MDXG,666919808,4.57,United States
2264,Vaalco Energy,EGY,664812032,6.32,United States
2265,ACNB Corporation,ACNB,662977792,65.19,United States
2266,Verastem Oncology,VSTM,662924416,7.32,United States
2267,Tiptree,TIPT,662866496,17.8,United States
2268,Scholastic,SCHL,660378752,35.01,United States
2269,Shentel,SHEN,659393344,11.91,United States
2270,OTC Markets Group,OTCM,659090880,55.0,United States
2271,SLR Investment,SLRC,659019968,12.08,United States
2272,Mativ Holdings,MATV,658969728,11.94,United States
2273,Natural Grocers by Vitamin Cottage,NGVC,658189504,28.56,United States
2274,Legacy Housing Corporation,LEGH,658036864,27.67,United States
2275,Sprout Social,SPT,654395904,10.8,United States
2276,Gladstone Investment,GAIN,653080256,16.4,United States
2277,Armada Hoffler Properties,AHH,647902656,6.25,United States
2278,Grid Dynamics,GDYN,647392512,7.98,United States
2279,Franklin BSP Realty Trust,FBRT,646093376,7.78,United States
2280,Onterris,ONT,643702400,18.33,United States
2281,Village Super Market,VLGEA,640214272,43.23,United States
2282,Phreesia,PHR,639951488,10.31,United States
2283,Northfield Bancorp,NFBK,639406784,15.31,United States
2284,Altimmune,ALT,636072832,3.27,United States
2285,Yext,YEXT,633463744,6.4,United States
2286,New Era Energy & Digital,NUAI,632962432,5.94,United States
2287,Chatham Lodging Trust,CLDT,631644032,12.9,United States
2288,AngioDynamics,ANGO,631145600,15.27,United States
2289,MISTRAS Group,MG,630946368,19.81,United States
2290,Swarmer,SWMR,630945088,39.59,United States
2291,Kimball Electronics,KE,629360320,26.17,United States
2292,Enviri Corporation,NVRI,628921536,22.31,United States
2293,The Oncology Institute,STLN,628822400,6.17,United States
2294,Ooma,OOMA,628452032,22.77,United States
2295,DoubleDown Interactive,DDI,628337664,12.68,United States
2296,Bluelinx,BXC,626930944,79.76,United States
2297,Janus International Group,JBI,626240320,4.59,United States
2298,Helen of Troy,HELE,624460096,26.81,United States
2299,Reservoir Media,RSVR,624364160,9.47,United States
2300,Matthews International Corporation,MATW,624263424,20.0,United States
2301,Forge Global,FRGE,623007296,45.0,United States
2302,Shattuck Labs,STTK,622252160,6.2,United States
2303,Cars.com,CARS,621514752,11.61,United States
2304,Miller Industries,MLR,621191552,54.72,United States
2305,OneSpan,OSPN,620959104,16.85,United States
2306,Gladstone Commercial,GOOD,620575168,12.71,United States
2307,W&amp;T Offshore,WTI,620375488,4.11,United States
2308,Bright Minds Biosciences,DRUG,619926016,63.18,United States
2309,Kearny Financial,KRNY,617834624,9.78,United States
2310,MediaAlpha,MAX,617167040,11.65,United States
2311,Allogene Therapeutics,ALLO,614973760,1.78,United States
2312,ADTRAN,ADTN,614369792,7.54,United States
2313,Contango Ore,CTGO,612299072,18.31,United States
2314,EagleRock Land,EROK,611881344,25.02,United States
2315,LightPath Technologies,LPTH,610519424,9.2,United States
2316,CorMedix,CRMD,609914304,7.825,United States
2317,Claritev,CTEV,609769728,35.98,United States
2318,First Business Financial Services,FBIZ,608878976,72.76,United States
2319,Greene County Bancorp,GCBC,607980032,35.71,United States
2320,Assembly Biosciences,ASMB,606745728,29.8,United States
2321,BlossomHill Therapeutics,BLSM,606633024,20.86,United States
2322,AH Realty Trust,AHRT,606146176,6.32,United States
2323,NETGEAR,NTGR,604189632,22.23,United States
2324,Unity Bancorp,UNTY,603860224,60.13,United States
2325,MapLight Therapeutics,MPLT,602911808,13.0,United States
2326,Summit Hotel Properties,INN,602900864,5.59,United States
2327,NerdWallet,NRDS,602795584,9.43,United States
2328,"Sturm, Ruger &amp; Co",RGR,602699840,37.72,United States
2329,Hyster-Yale Materials Handling,HY,602640320,33.61,United States
2330,Limbach Holdings,LMB,602212160,50.5,United States
2331,Aquestive Therapeutics,AQST,599945728,4.78,United States
2332,Cytek Biosciences,CTKB,599222848,4.61,United States
2333,Southern First Bancshares,SFST,597857152,63.12,United States
2334,Zion Oil &amp; Gas,ZNOG,597371840,0.5012,United States
2335,Bridgewater Bancshares,BWB,596435008,21.39,United States
2336,Northpointe Bancshares,NPB,595499264,17.22,United States
2337,Insteel Industries,IIIN,592555968,30.61,United States
2338,OmniAb,OABI,591738944,4.07,United States
2339,Capital Bancorp,CBNK,590529024,36.25,United States
2340,Smith &amp; Wesson,SWBI,589641792,13.15,United States
2341,Weave Communications,WEAV,584793536,7.31,United States
2342,Northrim BanCorp,NRIM,581923072,26.16,United States
2343,The Honest Company,HNST,580408448,5.41,United States
2344,Gemini Space Station,GEMI,578248832,4.46,United States
2345,Solid Power,SLDP,577298496,2.53,United States
2346,OrthoPediatrics,KIDS,575981888,22.06,United States
2347,Rayonier Advanced Materials,RYAM,574975744,8.5,United States
2348,Bit Digital,BTBT,573407296,1.59,United States
2349,GAMCO Investors,GAMI,572376896,26.65,United States
2350,Civista Bancshares,CIVB,570593920,27.44,United States
2351,Factorial Energy,FAC,570378880,5.31,United States
2352,TPG Real Estate Finance Trust,TRTX,569626048,7.42,United States
2353,Tectonic Therapeutic,TECX,567909056,29.05,United States
2354,Prime Medicine,PRME,567709632,3.13,United States
2355,REGENXBIO,RGNX,563092480,8.53,United States
2356,BrightSpire Capital,BRSP,563032576,4.45,United States
2357,Scribe Therapeutics,SCTX,563028160,29.74,United States
2358,Fulgent Genetics,FLGT,562687744,20.45,United States
2359,Forward Air,FWRD,561775744,16.63,United States
2360,Investors Title Company,ITIC,561735424,297.53,United States
2361,Universal Health Realty Income Trust,UHT,561506880,40.4,United States
2362,FrontView REIT,FVR,558517696,18.48,United States
2363,Contineum Therapeutics,CTNM,557545152,14.82,United States
2364,Krispy Kreme,DNUT,556934976,3.21,United States
2365,NioCorp Developments,NB,553958720,3.805,United States
2366,Ethan Allen,ETD,552690944,21.93,United States
2367,Delcath Systems,DCTH,552057856,15.91,United States
2368,XMax Inc.,XMAX,551675264,8.55,United States
2369,3D Systems,DDD,551608128,3.32,United States
2370,Kelly Services,KELYA,551543296,15.88,United States
2371,Pangaea Logistics Solutions,PANL,550634432,8.41,United States
2372,Bankwell Financial Group,BWFG,546638144,68.57,United States
2373,Titan Machinery,TITN,546433856,23.22,United States
2374,Arvinas,ARVN,545204096,8.45,United States
2375,Home Bancorp,HBCP,544813312,69.22,United States
2376,SandRidge Energy,SD,542411584,14.63,United States
2377,Teamshares,TMS,541773056,7.355,United States
2378,i3 Verticals,IIIV,540877376,15.55,United States
2379,Verra Mobility,VRRM,539538944,3.55,United States
2380,York Water,YORW,538302016,33.17,United States
2381,Intrepid Potash,IPI,533960832,39.68,United States
2382,IBEX,IBEX,532886816,39.8,United States
2383,Sierra Bancorp,BSRR,527999168,40.73,United States
2384,Concrete Pumping Holdings,BBCP,525603392,10.43,United States
2385,Ovid Therapeutics,OVID,525351232,2.69,United States
2386,Oil States International,OIS,524203552,8.69,United States
2387,Flushing Financial Corp,FFIC,524179680,15.47,United States
2388,Bank7,BSVN,522874240,54.89,United States
2389,Methode Electronics,MEI,522200000,14.65,United States
2390,Chiron Real Estate,XRN,521139392,35.99,United States
2391,Brandywine Realty Trust,BDN,519874816,3.01,United States
2392,Quad,QUAD,519759200,10.1,United States
2393,Industrial Logistics Properties Trust,ILPT,517948032,7.76,United States
2394,Evolus,EOLS,517835456,7.84,United States
2395,Valhi,VHI,517144960,18.26,United States
2396,Veradigm,MDRX,516615808,4.74,United States
2397,Carriage Services,CSV,516492288,32.52,United States
2398,Orange County Bancorp,OBT,513256800,38.28,United States
2399,Ur-Energy,URG,513244160,1.29,United States
2400,Climb Global Solutions,CLMB,513167616,27.5,United States
2401,AlTi Global,ALTI,513053856,3.29,United States
2402,The Oncology Institute,TOI,512912480,5.13,United States
2403,Columbus McKinnon,CMCO,512051680,17.74,United States
2404,Wabash National,WNC,511251520,12.55,United States
2405,ChoiceOne Financial Services,COFS,509235456,34.05,United States
2406,One Liberty Properties,OLP,508090560,23.2,United States
2407,American Integrity Insurance Group,AII,508057600,25.93,United States
2408,ASP Isotopes,ASPI,507454016,3.31,United States
2409,Tactile Medical,TCMD,507411200,22.4,United States
2410,ARKO Corp.,ARKO,507079456,4.52,United States
2411,"Citi Trends, Inc.",CTRN,505537280,60.62,United States
2412,Opus Genetics,IRD,502502784,6.04,United States
2413,AMC Networks,AMCX,502012160,12.17,United States
2414,Cerus Corporation,CERS,501796992,2.49,United States
2415,West Bancorporation,WTBA,500574784,29.37,United States
2416,Artiva Biotherapeutics,ARTV,499657024,10.22,United States
2417,Gray Media,GTN,499474240,4.85,United States
2418,Zura Bio,ZURA,499269792,5.21,United States
2419,Ponce Financial Group,PDLB,496819488,20.54,United States
2420,Kura Sushi USA,KRUS,495713312,40.8,United States
2421,The Elmet Group,ELMT,493139296,16.19,United States
2422,Eagle Point Credit Company,ECC,492139776,3.7,United States
2423,Malibu Boats,MBUU,489767104,24.89,United States
2424,Priority Technology Holdings,PRTH,489695776,5.94,United States
2425,First Foundation,FFWM,489265120,5.9,United States
2426,Idaho Strategic Resources,IDR,489186912,30.91,United States
2427,Farmers &amp; Merchants Bancorp,FMAO,488534080,35.47,United States
2428,Natural Gas Services Group,NGS,488458048,37.87,United States
2429,Universal Logistics Holdings,ULH,488068064,18.51,United States
2430,Mayville Engineering Company,MEC,487056352,19.1,United States
2431,Capricor Therapeutics,CAPR,486623328,8.37,United States
2432,NVE Corporation,NVEC,486183680,100.51,United States
2433,Vogenx,VOGX,485909888,32.71,United States
2434,Eikon Therapeutics,EIKN,484235360,8.94,United States
2435,Forward Industries,FWDI,483697088,6.55,United States
2436,Relmada Therapeutics,RLMD,482147712,4.52,United States
2437,NeuroPace,NPCE,481912768,14.04,United States
2438,MasterCraft Boat,MCFT,479953216,19.64,United States
2439,Cogent Communications,CCOI,477842816,9.33,United States
2440,Evolent Health,EVH,473718624,4.19,United States
2441,ARS Pharmaceuticals,SPRY,473369376,4.76,United States
2442,Shoe Carnival,SCVL,473247296,17.43,United States
2443,Oxford Industries,OXM,472264992,31.53,United States
2444,Puma Biotechnology,PBYI,470774976,9.12,United States
2445,Farmland Partners,FPI,469983968,10.7,United States
2446,Summit Midstream,SMC,469332192,34.05,United States
2447,Johnson Outdoors,JOUT,467498080,44.61,United States
2448,NRC Health,NRC,467165248,21.12,United States
2449,ATN International,ATNI,467029792,30.32,United States
2450,Calavo Growers,CVGW,466334752,26.09,United States
2451,Citizens &amp; Northern Corp,CZNC,465768512,25.97,United States
2452,Commercial Bancgroup,CBK,464062016,33.87,United States
2453,Titan International,TWI,464059520,7.19,United States
2454,Cabaletta Bio,CABA,462859040,2.73,United States
2455,Bally's Corporation,BALY,462805504,9.17,United States
2456,El Pollo Loco,LOCO,461971968,15.18,United States
2457,Senseonics Holdings,SENS,460532992,8.71,United States
2458,KKR Real Estate Finance Trust,KREF,459747968,7.15,United States
2459,Strata Critical Medical,SRTA,459585088,5.195,United States
2460,AMERISAFE,AMSF,459138176,24.77,United States
2461,Bumble,BMBL,458118144,2.99,United States
2462,Colony Bankcorp,CBAN,455413472,21.46,United States
2463,Ginkgo Bioworks,DNA,454546880,6.75,United States
2464,Xerox,XRX,450408800,3.43,United States
2465,Bank of Marin Bancorp,BMRC,450038176,27.79,United States
2466,RBB Bancorp,RBB,449118816,26.55,United States
2467,Kyverna Therapeutics,KYTX,448983424,7.26,United States
2468,Sight Sciences,SGHT,448416288,8.14,United States
2469,AdvanSix,ASIX,448219712,16.6,United States
2470,Spire Global,SPIR,446693856,11.42,United States
2471,Acacia Research,ACTG,445971744,4.57,United States
2472,Redwood Trust,RWT,445924128,3.55,United States
2473,Advantage Solutions,ADV,442998720,33.32,United States
2474,Virgin Galactic,SPCE,442660064,2.92,United States
2475,American Coastal Insurance Corporation,ACIC,441497280,9.34,United States
2476,Alight,ALIT,440299744,11.96,United States
2477,Gladstone Capital Corporation,GLAD,440112960,19.48,United States
2478,CompX International,CIX,439801856,35.65,United States
2479,Tejon Ranch,TRC,438017568,16.21,United States
2480,Pioneer Bancorp,PBFS,436686272,18.06,United States
2481,Plumas Bancorp,PLBC,436469504,62.72,United States
2482,C4 Therapeutics,CCCC,431818240,3.51,United States
2483,Caleres,CAL,431657248,12.51,United States
2484,Havertys,HVT,430384096,27.6,United States
2485,Cooper Standard,CPS,428237920,24.1,United States
2486,Cross Country Healthcare,CCRN,428060928,13.25,United States
2487,USCB Financial Holdings,USCB,427868736,23.16,United States
2488,EVgo,EVGO,427741376,1.36,United States
2489,International Money Express,IMXI,425983968,14.1,United States
2490,Atea Pharmaceuticals,AVIR,425886944,5.31,United States
2491,Weyco Group,WEYS,425878336,44.59,United States
2492,Investar Holding,ISTR,425296800,30.87,United States
2493,FRP Holdings,FRPH,425242336,22.15,United States
2494,Rimini Street,RMNI,423836224,4.54,United States
2495,Star Group,SGU,422608480,12.88,United States
2496,"Deep Fission, Inc.",FISN,421766496,7.16,United States
2497,Benitec Biopharma,BNTC,418779328,12.19,United States
2498,Arcturus Therapeutics,ARCT,418671776,14.73,United States
2499,Community Healthcare Trust,CHCT,418632608,14.61,United States
2500,ClearPoint Neuro,CLPT,418518016,13.72,United States
2501,Eightco Holdings,ORBS,418345312,0.9734,United States
2502,Vital Farms,VITL,418152992,9.74,United States
2503,iHeartMedia,IHRT,417930752,2.7,United States
2504,Magnera,MAGN,416520000,11.7,United States
2505,Genie Energy,GNE,415323648,15.78,United States
2506,Editas Medicine,EDIT,414666080,2.7,United States
2507,Bed Bath &amp; Beyond,BBBY,414399584,4.35,United States
2508,Gladstone Land,LAND,411954272,9.55,United States
2509,Community Health Systems,CYH,411747328,2.92,United States
2510,Boston Omaha,BOC,408817504,13.57,United States
2511,Parke Bancorp,PKBK,408358240,34.72,United States
2512,Clearfield,CLFD,407790336,30.02,United States
2513,Aspen Aerogels,ASPN,407474912,4.91,United States
2514,Larimar Therapeutics,LRMR,407221120,3.92,United States
2515,Rezolute,RZLT,406353600,4.22,United States
2516,Ranger Energy Services,RNGR,406025120,17.35,United States
2517,MVB Financial,MVBF,405629504,31.33,United States
2518,Pacific Biosciences,PACB,404079968,1.3,United States
2519,Hamilton Beach Brands,HBB,403269952,30.0,United States
2520,PowerFleet,AIOT,402677760,3.0,United States
2521,Avidia Bancorp,AVBC,402124576,21.77,United States
2522,First Carolina Financial Services,FCBM,401720256,12.93,United States
2523,Nathan's Famous,NATH,401447840,97.97,United States
2524,Primis Financial,FRST,400504992,16.15,United States
2525,Monro,MNRO,399867328,12.79,United States
2526,Ring Energy,REI,398625568,1.53,United States
2527,Perma-Fix Environmental Services,PESI,398268480,18.77,United States
2528,NexPoint Real Estate Finance,NREF,398260256,17.29,United States
2529,BridgeBio Oncology Therapeutics,BBOT,396862592,4.95,United States
2530,PureTech Health,PRTC.L,396018104,1.61522,United States
2531,L.B. Foster,FSTR,395437888,37.59,United States
2532,Citizens Financial Services,CZFS,395418176,82.21,United States
2533,Everspin Technologies,MRAM,394957120,16.22,United States
2534,Galectin Therapeutics,GALT,394322144,3.91,United States
2535,First Bancorp,FNLC,394317792,34.95,United States
2536,Stitch Fix,SFIX,393606272,2.95,United States
2537,908 Devices,MASS,393496896,9.52,United States
2538,PCB Bancorp,PCB,391563488,27.88,United States
2539,Acco Brands,ACCO,391384064,4.24,United States
2540,Genesco,GCO,390076864,35.12,United States
2541,BioAge Labs,BIOA,389664736,8.49,United States
2542,Barnes &amp; Noble Education,BNED,389287712,11.23,United States
2543,Optimum Communications,OPTU,389060160,1.02,United States
2544,Serve Robotics,SERV,388449632,4.48,United States
2545,Gevo,GEVO,388162272,1.57,United States
2546,Shoulder Innovations,SI,385775264,18.53,United States
2547,Camping World,CWH,385520832,6.04,United States
2548,Energy Recovery,ERII,385388832,7.55,United States
2549,Turn Therapeutics,TTRX,385366144,12.69,United States
2550,Cerence,CRNC,384909504,8.51,United States
2551,Fennec Pharmaceuticals,FENC,384336064,10.96,United States
2552,Waterstone Financial,WSBF,384169088,21.37,United States
2553,Evommune,EVMN,382518848,10.54,United States
2554,Radiant Logistics,RLGT,380741440,8.13,United States
2555,Orion Group Holdings,ORN,379035872,9.36,United States
2556,Enanta Pharmaceuticals,ENTA,377465216,12.96,United States
2557,LendingTree,TREE,376541024,26.82,United States
2558,Montauk Renewables,MNTK,375780608,2.64,United States
2559,Simulations Plus,SLP,372541504,18.42,United States
2560,Lifeway Foods,LWAY,371777056,24.61,United States
2561,Richtech Robotics,RR,371418176,1.65,United States
2562,loanDepot,LDI,371087264,0.8351,United States
2563,Aimco,AIV,370257600,2.4,United States
2564,Artesian Resources,ARTNA,370227264,35.85,United States
2565,Northeast Community Bancorp,NECB,368930368,26.8,United States
2566,Bakkt Holdings,BKKT,368668160,8.18,United States
2567,Value Line,VALU,368629504,39.29,United States
2568,Orchestra BioMed,OBIO,367842880,6.12,United States
2569,Rocket Pharmaceuticals,RCKT,367744896,3.35,United States
2570,GigCapital9,GIX,366929984,10.04,United States
2571,Prelude Therapeutics,PRLD,366298016,4.59,United States
2572,Oportun Financial,OPRT,361919680,7.87,United States
2573,Timberland Bancorp,TSBK,361335296,46.47,United States
2574,Southern States Bancshares,SSBK,361068608,36.37,United States
2575,Orthofix Medical,OFIX,360965376,8.93,United States
2576,Alpha Teknova,TKNO,360248160,6.71,United States
2577,Compass Therapeutics,CMPX,360175840,2.0,United States
2578,Clean Energy Fuels,CLNE,359325376,1.63,United States
2579,Palisade Bio,PALI,358997344,2.06,United States
2580,Dine Brands Global,DIN,358127360,28.29,United States
2581,J.Jill,JILL,357900480,24.08,United States
2582,Twin Disc,TWIN,356785024,24.54,United States
2583,Ribbon Communications,RBBN,355858496,1.99,United States
2584,Gogo Inflight Internet,GOGO,355030560,2.62,United States
2585,EyePoint Pharmaceuticals,EYPT,354648672,4.23,United States
2586,Sionna Therapeutics,SION,354430080,7.85,United States
2587,CION Investment Corporation,CION,353275392,7.18,United States
2588,NewtekOne,NEWT,352971424,12.22,United States
2589,Civeo,CVEO,351970048,34.05,United States
2590,Century Therapeutics,IPSC,351286144,1.94,United States
2591,Movano,MOVE,351176832,11.13,United States
2592,Envela Corporation,ELA,349468384,13.46,United States
2593,DiaMedica Therapeutics,DMAC,348899232,6.47,United States
2594,Lexeo Therapeutics,LXEO,348696576,4.25,United States
2595,fuboTV,FUBO,348255296,11.53,United States
2596,ON24,ONTF,348249024,8.1,United States
2597,Neighborhood Intelligence,NXH,347260000,3.58,United States
2598,Public Policy Holding Company,PPHC,347187936,11.49,United States
2599,X4 Pharmaceuticals,XFOR,347013600,3.5,United States
2600,Avidbank Holdings,AVBH,346748448,31.57,United States
2601,Ocugen,OCGN,345892608,1.02,United States
2602,Build-A-Bear Workshop,BBW,345782688,27.58,United States
2603,M-tron Industries,MPTI,345501376,79.49,United States
2604,Alpine Income Property Trust,PINE,345044000,18.31,United States
2605,Presidio Production Company,FTW,344877632,10.45,United States
2606,"TWFG, Inc.",TWFG,343776096,26.69,United States
2607,Transcontinental Realty Investors,TCI,343062016,39.1,United States
2608,ThredUp,TDUP,342780800,2.61,United States
2609,"Suja Life, Inc.",SUJA,341831360,8.85,United States
2610,Innovative Aerosystems,IA,341516192,19.08,United States
2611,Vista Gold,VGZ,340113216,2.33,United States
2612,Verano Holdings,VRNOF,340106912,0.94,United States
2613,NL Industries,NL,338868224,6.93,United States
2614,Ranpak,PACK,338745248,3.95,United States
2615,American Battery Technology Company,ABAT,336943616,2.47,United States
2616,Viemed Healthcare,VMD,334795520,8.79,United States
2617,PrimeEnergy Resources,PNRG,334102688,211.11,United States
2618,Blend Labs,BLND,333483776,1.41,United States
2619,"Mobia Medical, Inc.",MOBI,333243872,10.01,United States
2620,FVCBankcorp,FVCB,333091744,18.47,United States
2621,Zentalis Pharmaceuticals,ZNTL,332298400,3.51,United States
2622,Flexsteel Industries,FLXS,331758816,81.4,United States
2623,Rocky Brands,RCKY,331067552,44.19,United States
2624,Paysafe,PSFE,331046112,6.34,United States
2625,Q32 Bio,QTTB,330441088,11.1,United States
2626,CapsoVision,CV,330309600,6.6,United States
2627,OPAL Fuels,OPAL,330164096,1.89,United States
2628,BayCom (United Business Bank),BCML,328695520,30.1,United States
2629,CoastalSouth Bancshares,COSO,328508160,27.48,United States
2630,Horizon Technology Finance,HRZN,328466144,4.9,United States
2631,Alliance Entertainment,AENT,327146304,6.42,United States
2632,Myriad Genetics,MYGN,327121792,3.42,United States
2633,Orion S.A.,OEC,327054176,5.8,United States
2634,SuRo Capital,SSSS,326920416,12.54,United States
2635,Inhibikase Therapeutics,IKT,326514016,2.34,United States
2636,Clearwater Paper,CLW,326425952,20.24,United States
2637,Holley,HLLY,326119840,2.69,United States
2638,Seaport Entertainment Group,SEG,325874592,25.44,United States
2639,John Marshall Bancorp,JMSB,325284672,23.05,United States
2640,The RMR Group,RMR,324865920,19.02,United States
2641,Maui Land &amp; Pineapple Company,MLP,323505664,16.29,United States
2642,Chaince Digital Holdings,CD,323411168,2.94,United States
2643,Nano Dimension,NNDM,322583680,1.53,United States
2644,Sanara MedTech,SMTI,320846176,34.92,United States
2645,Perspective Therapeutics,CATX,320766176,2.81,United States
2646,First Community Corporation,FCCO,320530816,34.1,United States
2647,Emergent BioSolutions,EBS,319432896,6.23,United States
2648,MGP Ingredients,MGPI,316071776,14.76,United States
2649,Repay Holdings,RPAY,313936416,3.56,United States
2650,AirJoule Technologies Corporation,AIRJ,313926848,4.28,United States
2651,Upstream Bio,UPB,313838048,5.73,United States
2652,Agenus,AGEN,312441632,6.94,United States
2653,Friedman Industries,FRD,312169600,43.28,United States
2654,Palmer Square Capital BDC,PSBD,311416384,10.16,United States
2655,SAB Biotherapeutics,SABS,310263520,3.41,United States
2656,Abeona Therapeutics,ABEO,309651456,5.415,United States
2657,Cadiz Inc.,CDZI,309071328,3.65,United States
2658,C&amp;F Financial Corporation,CFFI,308910656,95.0,United States
2659,Vanda Pharmaceuticals,VNDA,307755104,5.09,United States
2660,Newegg,NEGG,307688576,14.67,United States
2661,ZipRecruiter,ZIP,307525824,3.74,United States
2662,NI Holdings,NODK,307091104,15.05,United States
2663,Lands' End,LE,306372864,10.37,United States
2664,Funko,FNKO,306296832,5.47,United States
2665,AVITA Medical,RCEL,305557248,9.88,United States
2666,Regional Management Corp.,RM,304358944,32.99,United States
2667,Chain Bridge Bancorp,CBNA,303943360,46.32,United States
2668,First Western Financial,MYFW,302621344,30.99,United States
2669,Alto Ingredients,ALTO,302517024,3.9,United States
2670,"Merlin, Inc.",MRLN,301181984,2.98,United States
2671,Matrix Service Company,MTRX,300177248,10.61,United States
2672,Gloo Holdings,GLOO,299896224,3.33,United States
2673,NACCO Industries,NC,299362208,39.7,United States
2674,Designer Brands,DBI,298569248,5.88,United States
2675,Portillo's,PTLO,296601408,4.09,United States
2676,"NN, Inc.",NNBR,295637984,3.58,United States
2677,Princeton Bancorp,BPRN,295352256,43.35,United States
2678,Telos,TLS,295210336,3.95,United States
2679,Alico,ALCO,293478272,39.56,United States
2680,Treace Medical Concepts,TMCI,293305856,4.51,United States
2681,Lyell Immunopharma,LYEL,293081472,11.96,United States
2682,E. W. Scripps Company,SSP,292834016,3.16,United States
2683,GBank Financial Holdings,GBFH,292361440,20.14,United States
2684,Hawthorn Bancshares,HWBK,291307840,39.83,United States
2685,Soluna Holdings,SLNH,291062784,1.19,United States
2686,Commerce.com,CMRC,290420768,3.505,United States
2687,Fulcrum Therapeutics,FULC,289929568,3.8,United States
2688,Ames National Corp.,ATLO,287771104,32.49,United States
2689,TriSalus Life Sciences,TLSI,287245504,4.665,United States
2690,Onity Group,ONIT,286894208,34.34,United States
2691,First United Corporation,FUNC,286873024,44.45,United States
2692,Xperi,XPER,286778336,5.88,United States
2693,Syntec Optics,OPTX,285987136,7.1,United States
2694,Franklin Financial Services Corporation,FRAF,285903456,63.54,United States
2695,RCM Technologies,RCMT,285212544,40.11,United States
2696,GoPro,GPRO,284771776,1.38,United States
2697,Palladyne AI,PDYN,284683200,5.77,United States
2698,Biodesix,BDSX,284510912,26.965,United States
2699,Strattec Security,STRT,283926208,71.38,United States
2700,Jack in the Box,JACK,283470496,14.78,United States
2701,Dave & Buster's,PLAY,283180000,8.14,United States
2702,NexPoint Diversified Real Estate Trust,NXDT,282524064,5.32,United States
2703,KinderCare Learning Companies,KLC,280885344,2.37,United States
2704,Marine Products Corporation,MPX,280037408,8.18,United States
2705,TechTarget,TTGT,279927360,3.87,United States
2706,Embecta,EMBC,279898432,4.94,United States
2707,Fossil Group,FOSL,279722976,4.73,United States
2708,PAMT Corp,PAMT,279579136,13.35,United States
2709,Sutro Biopharma,STRO,279558560,16.86,United States
2710,Anika Therapeutics,ANIK,279168672,20.86,United States
2711,QNB Corp.,QNBC,279108160,44.95,United States
2712,Kingstone Companies,KINS,278231264,19.22,United States
2713,Infinity Natural Resources,INR,278139072,14.92,United States
2714,USANA,USNA,277517536,15.02,United States
2715,Runway Growth Finance,RWAY,277024480,6.61,United States
2716,Saratoga Investment,SAR,276913376,17.22,United States
2717,Fate Therapeutics,FATE,276785376,2.31,United States
2718,Jakks Pacific,JAKK,276625952,24.17,United States
2719,Immuneering,IMRX,276257888,4.27,United States
2720,Western New England Bancorp,WNEB,276031680,13.77,United States
2721,Chicago Atlantic Real Estate Finance,REFI,274914880,10.73,United States
2722,Middlefield Banc,MBCN,273627936,33.67,United States
2723,The Hackett Group,HCKT,273159008,10.98,United States
2724,National Bankshares,NKSH,272917376,42.84,United States
2725,LCNB Corp.,LCNB,272412832,19.11,United States
2726,Ready Capital,RC,271438016,1.64,United States
2727,Standard BioTools,LAB,270879392,0.69,United States
2728,American Realty Investors,ARL,270708256,16.76,United States
2729,Escalade Sports,ESCA,268576096,19.51,United States
2730,ALX Oncology,ALXO,268257376,1.94,United States
2731,Pure Cycle (water),PCYO,267962752,11.12,United States
2732,Pyxis Oncology,PYXS,267739840,3.21,United States
2733,Virginia National Bankshares,VABK,267032384,49.22,United States
2734,CAMP4 Therapeutics,CAMP,266701104,4.25,United States
2735,BRT Apartments,BRT,266676576,14.19,United States
2736,TrueBlue,TBI,266388016,8.75,United States
2737,8x8,EGHT,265761328,1.84,United States
2738,Cresco Labs,CRLBF,265559056,0.7132,United States
2739,Aviat Networks,AVNW,265375904,20.73,United States
2740,BRC Group Holdings,RILY,265318384,6.6,United States
2741,Entrada Therapeutics,TRDA,264769344,6.8,United States
2742,Akebia Therapeutics,AKBA,263722000,0.9517,United States
2743,Gencor Industries,GENC,262812608,17.93,United States
2744,Foghorn Therapeutics,FHTX,262483104,4.42,United States
2745,Slam Corp,SLMWF,261266432,11.14,United States
2746,Amtech Systems,ASYS,261045776,14.91,United States
2747,CS Disco,LAW,261027056,4.07,United States
2748,Duos Technologies Group,DUOT,259962864,8.26,United States
2749,Richardson Electronics,RELL,259677872,17.47,United States
2750,CPI Card Group,PMTS,259440048,22.5,United States
2751,AerSale,ASLE,259156320,5.43,United States
2752,SEACOR Marine,SMHI,258575824,9.53,United States
2753,Omega Flex,OFLX,258212752,25.58,United States
2754,B&amp;G Foods,BGS,256018368,3.15,United States
2755,Lineage Cell Therapeutics,LCTX,255436528,1.01,United States
2756,Richmond Mutual Bancorporation,RMBI,254998512,15.9,United States
2757,MacroGenics,MGNX,254800752,4.0,United States
2758,Neostellar Capital Corp.,NSLR,254407648,9.61,United States
2759,Perma-Pipe International,PPIH,253312976,30.91,United States
2760,"TSS, Inc.",TSSI,251996304,8.93,United States
2761,Information Services Group,III,251265888,5.19,United States
2762,OpGen,OPGN,251197920,24.75,United States
2763,U.S. Gold Corp,USAU,251197680,15.2,United States
2764,Global Water Resources,GWRS,250807520,8.71,United States
2765,RxSight,RXST,250391408,6.02,United States
2766,Tredegar,TG,249351456,7.16,United States
2767,Cartesian Therapeutics,RNAC,247791328,8.19,United States
2768,Lightbridge Corporation,LTBR,247363184,7.02,United States
2769,Outdoor Holding Company,POWW,247209792,2.13,United States
2770,Better Home & Finance Holding Company,BETR,246031600,12.95,United States
2771,Immersion Corporation,IMMR,245620064,7.4,United States
2772,Zumiez,ZUMZ,245490752,14.55,United States
2773,Aeluma,ALMU,245474560,13.41,United States
2774,Lantronix,LTRX,244735824,5.24,United States
2775,First Internet Bancorp,INBK,244540064,28.0,United States
2776,Conduent,CNDT,244167664,1.57,United States
2777,Asure Software,ASUR,244030320,8.45,United States
2778,HMH Holding,HMH,243622304,20.23,United States
2779,ChargePoint,CHPT,243263952,9.06,United States
2780,Anavex Life Sciences,AVXL,242865712,2.62,United States
2781,Third Harmonic Bio,THRD,242787568,5.38,United States
2782,InfuSystem,INFU,241993728,12.15,United States
2783,Silver Bow Mining,SBMT,240952560,8.16,United States
2784,Exascale Labs Holdings,XLAB,240792000,3.81,United States
2785,Niagen Bioscience,NAGE,240543040,3.04,United States
2786,FutureFuel,FF,239932352,5.47,United States
2787,Ares Commercial Real Estate,ACRE,239678416,4.32,United States
2788,Alector,ALEC,238945824,2.14,United States
2789,Nature's Sunshine Products,NATR,238419296,13.55,United States
2790,AIAI Holdings Corporation,AIAI,237426864,3.36,United States
2791,MBIA,MBI,236716288,4.64,United States
2792,Limoneira,LMNR,236532048,13.045,United States
2793,Nu Skin,NUS,236081664,4.85,United States
2794,Peoples Bancorp of North Carolina,PEBK,235947632,44.34,United States
2795,Kolibri Global Energy,KGEI,235305200,6.56,United States
2796,Whitehawk Therapeutics,WHWK,234307024,4.11,United States
2797,LiveWire Group,LVWR,234170208,1.14,United States
2798,Meridian Corporation,MRBK,233928640,19.61,United States
2799,PennantPark Investment,PNNT,233760016,3.58,United States
2800,Stellus Capital Investment Corporation,SCM,232965888,8.18,United States
2801,Acme United,ACU,232789744,60.72,United States
2802,Huuuge,HUG.WA,232328864,5.64946,United States
2803,Invivyd,IVVD,231532992,0.7855,United States
2804,Chicago Atlantic BDC,LIEN,231400784,10.14,United States
2805,Neuronetics,STIM,230877584,3.03,United States
2806,Microvast,MVST,229759376,0.5975,United States
2807,Turtle Beach Corp,TBCH,229423424,12.81,United States
2808,OP Bancorp (Open Bank),OPBK,229364960,15.36,United States
2809,One Stop Systems,OSS,229246272,9.19,United States
2810,Security National Financial Corporation,SNFCA,228928240,8.79,United States
2811,American Resources Corp,AREC,228918528,2.14,United States
2812,AIRO Group Holdings,AIRO,228780384,7.25,United States
2813,CF Bankshares,CFBK,228396016,35.18,United States
2814,National CineMedia,NCMI,227650464,2.42,United States
2815,Hudson Technologies,HDSN,227488608,5.405,United States
2816,Silvaco Group,SVCO,227373456,6.71,United States
2817,"AstroNova, Inc.",ALOT,227316416,28.99,United States
2818,Community Bancorp,CMTV,226780528,40.49,United States
2819,Greenwich LifeSciences,GLSI,226778304,15.45,United States
2820,Eledon Pharmaceuticals,ELDN,225906000,2.78,United States
2821,Protara Therapeutics,TARA,225744768,3.82,United States
2822,Torrid Holding,CURV,224310752,2.25,United States
2823,OraSure Technologies,OSUR,224148032,3.25,United States
2824,Forrester Research,FORR,223708256,11.75,United States
2825,FreightCar America,RAIL,223308608,6.81,United States
2826,HireQuest,HQI,222941200,16.05,United States
2827,Spok Holdings,SPOK,222778144,10.65,United States
2828,RCI Hospitality Holdings,RICK,222378512,29.09,United States
2829,SmartRent,SMRT,222269680,1.16,United States
2830,RGC Resources,RGCO,222144928,21.32,United States
2831,Utah Medical Products,UTMD,221943952,69.71,United States
2832,American Well,AMWL,221113856,13.0,United States
2833,Smart Sand,SND,220899104,5.21,United States
2834,Ohio Valley Banc Corp,OVBC,219956672,46.69,United States
2835,Keros Therapeutics,KROS,219685248,11.08,United States
2836,RideNow Group,RDNW,219632432,5.63,United States
2837,Rare Earths Americas,REA,218694656,10.96,United States
2838,Octave Specialty Group,OSG,218049216,4.84,United States
2839,SIGA Technologies,SIGA,217704624,3.03,United States
2840,NeoVolta,NEOV,216616752,3.68,United States
2841,CARGO Therapeutics,CRGX,216188416,4.47,United States
2842,Modiv Industrial,MDV,215101808,18.05,United States
2843,Kaltura,KLTR,215097216,1.41,United States
2844,Vuzix,VUZI,214412144,2.54,United States
2845,Comstock Inc.,LODE,214300384,2.82,United States
2846,"QumulusAI, Inc.",QMLS,213799920,6.39,United States
2847,Claros Mortgage Trust,CMTG,213037152,1.51,United States
2848,Acumen Pharmaceuticals,ABOS,211166480,2.92,United States
2849,Core Molding Technologies,CMT,210164560,23.75,United States
2850,TPG Mortgage Investment Trust,MITT,208630800,6.56,United States
2851,Nkarta,NKTX,208428144,2.91,United States
2852,Franklin Covey,FC,207807264,18.4,United States
2853,Stoneridge,SRI,207361296,7.27,United States
2854,PepGen,PEPG,206124272,2.98,United States
2855,Coherus BioSciences,CHRS,205486288,1.33,United States
2856,EVI Industries,EVI,204768656,15.9,United States
2857,Motorcar Parts of America,MPAA,204667984,10.81,United States
2858,Amplify Energy,AMPY,204380288,4.93,United States
2859,AN2 Therapeutics,ANTX,204153024,5.41,United States
2860,Journey Medical,DERM,204062384,7.23,United States
2861,Tonix Pharmaceuticals,TNXP,203582656,11.87,United States
2862,Xponential Fitness,XPOF,203514880,4.11,United States
2863,Korro Bio,KRRO,203361184,13.81,United States
2864,Sidus Space,SIDU,202450656,2.0,United States
2865,Angel Oak Mortgage REIT,AOMR,201808656,8.1,United States
2866,Pro-Dex,PDEX,201185392,62.805,United States
2867,LoveSac,LOVE,200629952,13.91,United States
2868,Rhinebeck Bancorp,RBKB,200453072,12.82,United States
2869,Armata Pharmaceuticals,ARMP,200039056,5.38,United States
2870,Superior Group of Companies,SGC,199793360,12.53,United States
2871,Landmark Bancorp,LARK,198267360,32.5,United States
2872,Quicklogic,QUIK,198197936,10.82,United States
2873,Minerva Neurosciences,NERV,198152384,4.15,United States
2874,Precision BioSciences,DTIL,197903152,7.17,United States
2875,PEDEVCO,PED,197253472,14.84,United States
2876,Lifetime Brands,LCUT,197244208,8.58,United States
2877,Expensify,EXFY,196963200,2.16,United States
2878,SES AI,SES,196856576,0.5302,United States
2879,Voyager Therapeutics,VYGR,196561264,3.19,United States
2880,DHI Group,DHX,195689248,4.53,United States
2881,Neumora Therapeutics,NMRA,195411728,1.04,United States
2882,Oramed Pharmaceuticals,ORMP,193843648,4.66,United States
2883,Taylor Devices,TAYD,193436400,59.98,United States
2884,"1-800-Flowers.com, Inc.",FLWS,193256928,3.015,United States
2885,"Belpointe PREP, LLC",OZ,192650528,47.525,United States
2886,Alta Equipment Group,ALTG,192081216,5.88,United States
2887,Epsilon Energy,EPSN,191999168,6.34,United States
2888,Organogenesis,ORGO,191725072,1.49,United States
2889,Angi Inc.,ANGI,191425504,4.72,United States
2890,Crexendo,CXDO,190211664,5.72,United States
2891,Hanover Bancorp,HNVR,188944256,26.78,United States
2892,Tharimmune,THAR,187371472,4.74,United States
2893,Shutterstock,SSTK,186216320,5.04,United States
2894,ECB Bancorp,ECBK,185326656,21.21,United States
2895,FinWise Bancorp,FINW,185056128,13.33,United States
2896,United Security Bancshares,UBFO,185027760,10.51,United States
2897,SKYX Platforms,SKYX,182831840,1.35,United States
2898,SB Financial Group,SBFG,182212176,29.14,United States
2899,Citizens Inc,CIA,181302320,3.58,United States
2900,"Domo, Inc.",DOMO,180148496,3.83,United States
2901,MainStreet Bancshares,MNSB,179878384,25.26,United States
2902,Westwood Holdings Group,WHG,179315840,18.79,United States
2903,OneWater Marine,ONEW,178822080,10.73,United States
2904,Jeld-Wen,JELD,178732560,2.06,United States
2905,Atrium Therapeutics,RNA,177214464,10.36,United States
2906,BV Financial,BVFL,177205040,20.92,United States
2907,Duluth Holdings,DLTH,176723248,4.65,United States
2908,Unisys,UIS,176456608,2.42,United States
2909,GCT Semiconductor,GCTS,175662176,1.91,United States
2910,Beyond Meat,BYND,175550368,10.21,United States
2911,AirSculpt Technologies,AIRS,174470416,2.42,United States
2912,GrafTech,EAF,171686432,6.58,United States
2913,Lee Enterprises,LEE,171425824,7.69,United States
2914,flyExclusive,FLYX,170253152,1.12,United States
2915,NET Power,NPWR,168998096,1.91,United States
2916,Waldencast,WALD,168020432,1.31,United States
2917,Seven Hills Realty Trust,SEVN,167885440,7.41,United States
2918,TON Strategy Co.,TONX,167418848,3.04,United States
2919,Tingo Group,TIO,166947568,0.69,United States
2920,Datavault AI,DVLT,166191808,0.1945,United States
2921,DeFi Development,DFDV,165713616,5.08,United States
2922,KORE Group,KORE,163005168,9.25,United States
2923,Ellington Credit Company,EARN,162297216,4.32,United States
2924,Quipt Home Medical,QIPT,162297152,3.65,United States
2925,Quantum-Si,QSI,161974096,0.74,United States
2926,Atomera,ATOM,161949776,4.15,United States
2927,Codexis,CDXS,160425952,1.465,United States
2928,Outlook Therapeutics,OTLK,160163888,0.66,United States
2929,CuriosityStream,CURI,157839152,2.66,United States
2930,Humacyte,HUMA,157678208,0.5676,United States
2931,Douglas Elliman,DOUG,157240512,1.73,United States
2932,Corbus Pharmaceuticals,CRBP,157051296,8.12,United States
2933,Lifecore Biomedical,LFCR,155954608,4.12,United States
2934,Immunic,IMUX,155819808,11.42,United States
2935,BCB Bancorp,BCBP,155313632,8.58,United States
2936,Spruce Biosciences,SPRB,154334496,53.7,United States
2937,Bassett Furniture,BSET,153164784,17.69,United States
2938,Assertio Holdings,ASRT,151861232,23.5,United States
2939,WhiteHorse Finance,WHF,151194368,7.04,United States
2940,Stratus Properties,STRS,149676064,18.75,United States
2941,Lucid Diagnostics,LUCD,149493760,0.7829,United States
2942,Mammoth Energy Services,TUSK,149195504,3.1,United States
2943,Streamex Corp.,STEX,149146608,0.6613,United States
2944,Red Robin,RRGB,148772528,7.87,United States
2945,SITE Centers,SITC,147980448,2.82,United States
2946,Elme Communities,ELME,147504080,1.66,United States
2947,The Eastern Company,EML,147309824,24.48,United States
2948,NRx Pharmaceuticals,NRXP,147205616,3.4,United States
2949,LifeMD,LFMD,147012544,3.05,United States
2950,inTEST Corporation,INTT,146470480,11.42,United States
2951,Orion Properties,ONL,146034464,2.56,United States
2952,1stdibs.com,DIBS,145554208,4.33,United States
2953,ReposiTrak,TRAK,145388512,8.0,United States
2954,KORU Medical Systems,KRMD,145148288,3.16,United States
2955,Aemetis,AMTX,145060880,2.01,United States
2956,Lake Shore Bancorp,LSBK,144666768,18.42,United States
2957,Oxford Square Capital,OXSQ,144328416,1.34,United States
2958,Tenaya Therapeutics,TNYA,143507200,0.64,United States
2959,Shimmick,SHIM,142195232,3.44,United States
2960,LENZ Therapeutics,LENZ,142019952,4.52,United States
2961,Hurco Companies,HURC,141119056,21.79,United States
2962,Inogen,INGN,140918560,5.31,United States
2963,Tillys,TLYS,140701408,4.6,United States
2964,Affinity Bancshares,AFBI,140182352,23.0,United States
2965,NCS Multistage,NCSM,140018304,53.35,United States
2966,Skillz,SKLZ,137970800,8.84,United States
2967,Hooker Furnishings,HOFT,137815376,12.83,United States
2968,eGain,EGAN,137664720,5.26,United States
2969,Insight Molecular Diagnostics,IMDX,137441984,4.2,United States
2970,OptimizeRx,OPRX,137314096,7.29,United States
2971,"Owlet, Inc.",OWLT,137049664,4.69,United States
2972,Clipper Realty,CLPR,136769376,3.22,United States
2973,RGP (Resources Connection),RGP,136741184,3.97,United States
2974,PLBY Group (Playboy),PLBY,136580768,1.14,United States
2975,Braemar Hotels &amp; Resorts,BHR,136571104,1.86,United States
2976,Proficient Auto Logistics,PAL,136056672,4.85,United States
2977,Inspired Entertainment,INSE,136044320,5.1,United States
2978,Clarus,CLAR,135922944,3.55,United States
2979,Medifast,MED,134615664,12.04,United States
2980,Solana Company,HSDT,134218320,2.22,United States
2981,Wheels Up,UP,134199192,3.7,United States
2982,Equillium,EQ,133791040,2.11,United States
2983,First Guaranty Bancshares,FGBI,131485792,7.95,United States
2984,KVH Industries,KVHI,131159152,7.23,United States
2985,DMC Global,BOOM,130640432,6.36,United States
2986,Smith-Midland Corporation,SMID,129909800,24.49,United States
2987,Nautilus Biotechnology,NAUT,129800328,1.02,United States
2988,Stereotaxis,STXS,129260800,1.29,United States
2989,Inovio Pharmaceuticals,INO,129246896,1.25,United States
2990,Commercial Vehicle Group (CVG),CVGI,128805600,3.17,United States
2991,Legacy Education,LGCY,128418184,10.15,United States
2992,Health Catalyst,HCAT,127935856,1.7,United States
2993,vTv Therapeutics,VTVT,126407072,31.97,United States
2994,Unifi,UFI,125660536,6.76,United States
2995,Magyar Bancorp,MGYR,125557208,19.45,United States
2996,OnKure Therapeutics,OKUR,125538552,3.1,United States
2997,Sound Financial Bancorp,SFBC,123266064,48.0,United States
2998,Oconee Federal Financial,OFED,122804576,21.1,United States
2999,Apyx Medical,APYX,122159672,2.9,United States
3000,Black Rifle Coffee Company (BRCC),BRCC,121936760,8.56,United States
3001,Quanterix,QTRX,121070240,2.56,United States
3002,Cable One,CABO,120911336,21.31,United States
3003,Fonar Corporation,FONR,120195888,19.09,United States
3004,MaxCyte,MXCT,119719200,1.16,United States
3005,ALT5 Sigma,ALTS,119560224,0.855,United States
3006,a.k.a. Brands,AKA,119472808,10.87,United States
3007,Conexeu Sciences,CNXU,119342152,4.46,United States
3008,Rafael Holdings,RFL,118559992,2.28,United States
3009,Team Inc,TISI,118521784,25.86,United States
3010,Rani Therapeutics,RANI,118401744,0.8426,United States
3011,Vaxart,VXRT,117945672,0.485,United States
3012,Union Bankshares,UNB,117464368,23.75,United States
3013,Provident Financial Holdings,PROV,116138632,18.63,United States
3014,Vivani Medical,VANI,114558264,1.27,United States
3015,U.S. GoldMining,USGO,114531600,8.16,United States
3016,Genelux,GNLX,112660888,2.49,United States
3017,Digimarc,DMRC,112376640,5.0,United States
3018,Aardvark Therapeutics,AARD,112269264,5.13,United States
3019,Definitive Healthcare,DH,112081944,1.05,United States
3020,Orion Energy Systems,OESX,111433040,27.25,United States
3021,The Joint Corp.,JYNT,111023760,7.85,United States
3022,Siebert Financial,SIEB,110540528,2.7,United States
3023,KULR Technology Group,KULR,110147168,2.38,United States
3024,Seritage Growth Properties,SRG,108143248,1.92,United States
3025,Pathfinder Bancorp,PBHC,108055440,17.21,United States
3026,Seer Inc,SEER,107975432,1.95,United States
3027,Getty Images,GETY,107850936,0.26,United States
3028,Cherry Hill Mortgage Investment,CHMI,107565024,2.87,United States
3029,Logistic Properties of the Americas,LPA,107141392,3.38,United States
3030,Riverview Bancorp,RVSB,106749544,5.35,United States
3031,HilleVax,HLVX,104762376,2.09,United States
3032,Ascend Wellness (AWH),AAWH,104654584,0.515,United States
3033,Veritone,VERI,104475352,1.04,United States
3034,Wrap Technologies,WRAP,103784480,1.68,United States
3035,Coya Therapeutics,COYA,102745376,4.38,United States
3036,Fractyl Health,GUTS,101875096,0.64,United States
3037,Polaryx Therapeutics,PLYX,100190440,2.01,United States
3038,Lakeland Industries,LAKE,100107968,10.08,United States
3039,AudioEye,AEYE,99677512,7.93,United States
3040,ReneSola,SOL,99563952,1.94,United States
3041,First Northwest Bancorp,FNWB,99396376,10.45,United States
3042,Kewaunee Scientific Corporation,KEQU,98819920,34.4499,United States
3043,Park Dental Partners,PARK,97911256,20.59,United States
3044,Venu Holding Corporation,VENU,97806360,1.74,United States
3045,Virco Manufacturing,VIRC,97735648,6.2,United States
3046,INNOVATE Corp.,VATE,97675760,7.16,United States
3047,Fluent,FLNT,97665896,3.09,United States
3048,Marpai,MRAI,97392304,3.63,United States
3049,Microbot Medical,MBOT,97388960,1.45,United States
3050,Stabilis Solutions,SLNG,97258648,5.23,United States
3051,ACRES Commercial Realty,ACR,96697736,13.56,United States
3052,MediaCo Holding,MDIA,96622832,1.15,United States
3053,Arq Inc.,ARQ,96070664,2.2,United States
3054,Anixa Biosciences,ANIX,95948088,2.76,United States
3055,Zomedica Pharmaceuticals,ZOM,95349136,0.0973,United States
3056,Townsquare Media,TSQ,95169160,5.22,United States
3057,Tile Shop Holdings,TTSH,94377520,2.37,United States
3058,Broadwind,BWEN,94156344,3.98,United States
3059,Atara Biotherapeutics,ATRA,94153720,9.38,United States
3060,New Fortress Energy,NFE,94145184,0.3296,United States
3061,Cullman Bancorp,CULL,93898888,17.0,United States
3062,LENSAR,LNSR,93372576,7.6,United States
3063,Ultralife Corporation,ULBI,93314304,5.6,United States
3064,Charlotte's Web,CWEB.TO,92950278,0.342621,United States
3065,Drilling Tools International,DTI,92792256,2.63,United States
3066,HF Foods Group,HFFG,92300672,1.66,United States
3067,Interlink Electronics,LINK,91999912,5.84,United States
3068,Aptera Motors,SEV,91627456,2.26,United States
3069,Atlas Lithium,ATLX,91202408,3.03,United States
3070,SkinHealth Systems,SKIN,91098528,0.7,United States
3071,Zevia,ZVIA,90892008,1.26,United States
3072,GrowGeneration,GRWG,90148280,1.53,United States
3073,Buzzfeed,BZFD,90001520,1.08,United States
3074,Golden Matrix Group,GMGI,89996768,0.6372,United States
3075,Rallybio,RLYB,89614672,16.875,United States
3076,Vera Bradley,VRA,89296112,3.14,United States
3077,Adicet Bio,ACET,89121392,9.52,United States
3078,MediciNova,MNOV,89090456,1.81,United States
3079,Smith Douglas Homes,SDHC,88792480,10.58,United States
3080,Momentus Inc.,MNTS,88732136,4.04,United States
3081,BCP Investment Corporation,BCIC,88295440,7.13,United States
3082,SelectQuote,SLQT,88286568,0.5,United States
3083,PhenixFIN,PFX,87525288,45.32,United States
3084,electroCore,ECOR,86732816,9.62,United States
3085,Velo3D,VLDX,86513896,6.15,United States
3086,Acrivon Therapeutics,ACRV,85706720,2.0,United States
3087,Ispire Technology,ISPR,85525104,1.49,United States
3088,Martin Midstream Partners,MMLP,85291824,2.18,United States
3089,Verrica Pharmaceuticals,VRCA,84347848,4.91,United States
3090,Fortress Biotech,FBIO,84044496,2.52,United States
3091,Hyperfine,HYPR,83789056,0.7901,United States
3092,Great Elm Capital,GECC,83060704,5.98,United States
3093,Accendra Health,ACH,83057080,1.08,United States
3094,"Air T, Inc.",AIRT,82755864,30.69,United States
3095,Summit State Bank,SSBI,82586544,12.205,United States
3096,Rent the Runway,RENT,82286752,2.45,United States
3097,Jushi Holdings,JUSHF,82261016,0.41193,United States
3098,Noodles &amp; Company,NDLS,81981904,13.74,United States
3099,Chegg,CHGG,81571896,0.7347,United States
3100,Hennessy Advisors,HNNA,81415424,10.3,United States
3101,The InterGroup Corporation,INTG,81096168,37.74,United States
3102,Aldeyra Therapeutics,ALDX,80837408,1.34,United States
3103,Telomir Pharmaceuticals,TELO,80466704,1.17,United States
3104,Sera Prognostics,SERA,80082408,2.03,United States
3105,Advanced Flower Capital,AFCG,80023840,3.55,United States
3106,LanzaTech Global,LNZA,79974784,6.11,United States
3107,Thryv,THRY,79546008,1.79,United States
3108,Pulmonx,LUNG,79454296,1.85,United States
3109,MAIA Biotechnology,MAIA,79084464,1.3,United States
3110,Blink Charging,BLNK,78875648,0.5442,United States
3111,Ideal Power,IPWR,78722000,4.79,United States
3112,Tigo Energy,TYGO,78309184,1.02,United States
3113,Blackboxstocks,BLBX,78138184,18.15,United States
3114,OS Therapies,OSTX,78070928,1.68,United States
3115,Silvercrest Asset Management Group,SAMG,77826728,9.95,United States
3116,iBio,IBIO,77490248,1.205,United States
3117,Lifevantage,LFVN,77293736,6.17,United States
3118,Steel Connect,STCN,77168096,12.18,United States
3119,Northern Technologies International,NTIC,77075048,8.12,United States
3120,Battalion Oil,BATL,76758088,1.34,United States
3121,CVRx,CVRX,76727800,2.88,United States
3122,Upexi,UPXI,76390448,1.04,United States
3123,AMC Robotics Corporation,AMCI,76117072,3.28,United States
3124,Home Federal Bancorp (HFB Bank),HFBL,76061272,25.0,United States
3125,CarParts.com,PRTS,75399376,9.31,United States
3126,Comscore,SCOR,75314256,4.96,United States
3127,PMV Pharmaceuticals,PMVP,74841280,1.4,United States
3128,NSTS Bancorp,NSTS,74121680,14.11,United States
3129,PodcastOne,PODC,74119104,2.45,United States
3130,"SoundThinking 
 (ShotSpotter)",SSTI,73848864,5.61,United States
3131,CleanCore Solutions,ZONE,73807272,0.147,United States
3132,Full House Resorts,FLL,73655408,2.01,United States
3133,Elite Express,ETS,73075008,1.5,United States
3134,Cingulate,CING,72999968,5.02,United States
3135,Inseego,INSG,72756880,4.47,United States
3136,Pliant Therapeutics,PLRX,72448616,1.17,United States
3137,Westwater Resources,WWR,72253432,0.562,United States
3138,Sono-Tek Corporation,SOTK,72139760,4.59,United States
3139,Regis Corporation,RGS,71964808,28.8,United States
3140,United Homes Group,UHG,71769208,1.22,United States
3141,Research Solutions,RSSS,71719008,2.14,United States
3142,Genasys,GNSS,71045528,1.56,United States
3143,SunPower,SPWR,70301928,0.3367,United States
3144,Usio,USIO,69813768,2.45,United States
3145,Gossamer Bio,GOSS,69611768,0.1424,United States
3146,Airgain,AIRG,68322456,5.39,United States
3147,Forian,FORA,67792720,2.17,United States
3148,Rein Therapeutics,RNTX,67719624,0.785,United States
3149,Vince Holding,VNCE,67319816,5.24,United States
3150,"FreeCast, Inc.",CAST,67089300,1.41,United States
3151,Airship AI,AISP,66812748,1.94,United States
3152,XBiotech,XBIT,66768136,2.19,United States
3153,American Vanguard,AVD,66671428,2.26,United States
3154,Geospace Technologies,GEOS,65971576,5.1,United States
3155,Spero Therapeutics,SPRO,65805356,1.13,United States
3156,Where Food Comes From,WFCF,65731552,13.2,United States
3157,Great Elm Group,GEG,65413712,2.2,United States
3158,LeonaBio,LONA,65197908,6.92,United States
3159,Hour Loop,HOUR,64767668,1.84,United States
3160,AMCON Distributing Company,DIT,64420160,66.0,United States
3161,Boundless Bio,BOLD,64376792,2.83,United States
3162,Talphera,TLPH,64363188,1.24,United States
3163,Off the Hook YS Inc,OTH,64247460,2.57,United States
3164,Rekor Systems,REKR,63312788,0.46,United States
3165,BranchOut Food,BOF,63250260,3.89,United States
3166,Surf Air Mobility,SRFM,62959644,0.5092,United States
3167,Verde Clean Fuels,VGAS,62814968,1.41,United States
3168,Energous,WATT,62621716,11.33,United States
3169,TTEC,TTEC,62605844,1.27,United States
3170,Identiv,INVE,62528240,2.58,United States
3171,WM Technology,MAPS,62173400,0.357,United States
3172,Rapid Micro Biosystems,RPID,61696256,1.23,United States
3173,Universal Electronics,UEIC,61655020,4.785,United States
3174,INmune Bio,INMB,61613412,2.22,United States
3175,Solidion Technology,STI,61547336,7.23,United States
3176,MindWalk Holdings,HYFT,61318420,1.305,United States
3177,MiNK Therapeutics,INKT,61236024,12.0,United States
3178,Idaho Copper Corporation,COPR,61096988,3.45,United States
3179,AgEagle Aerial Systems,UAVS,60854980,0.9674,United States
3180,Marchex,MCHX,60521216,1.365,United States
3181,Outset Medical,OM,60338896,3.21,United States
3182,Travelzoo,TZOO,59989744,5.88,United States
3183,AEye,LIDR,59969920,1.29,United States
3184,Heron Therapeutics,HRTX,59898400,0.3155,United States
3185,5E Advanced Materials,FEAM,59781924,1.44,United States
3186,tinyBuild,8Z3.F,59318512,0.15083,United States
3187,iLearningEngines,AILE,59292656,0.42,United States
3188,Playstudios,MYPS,58955576,0.4908,United States
3189,Castellum,CTM,58849700,0.6209,United States
3190,Solitario Resources,XPL,58694900,0.6199,United States
3191,GEN Restaurant Group,GENK,58677020,1.78,United States
3192,eXoZymes,EXOZ,58486484,6.3015,United States
3193,TechPrecision,TPCS,58468916,5.77,United States
3194,Global Self Storage,SELF,58363456,5.11,United States
3195,Saga Communications,SGA,58048432,9.13,United States
3196,ImageneBio,IMA,57780580,5.08,United States
3197,374Water,SCWO,57406840,3.24,United States
3198,Serina Therapeutics,SER,56389048,2.22,United States
3199,Hain Celestial,HAIN,55903008,0.6194,United States
3200,Vivid Seats,SEAT,55643912,4.95,United States
3201,BG Staffing,BGSF,55197572,5.15,United States
3202,LiveOne,LVO,54641476,3.985,United States
3203,Allied Esports,AESE,54324936,1.3899,United States
3204,Hyperion DeFi,HYPD,54232624,3.49,United States
3205,The Children's Place,PLCE,54036076,2.43,United States
3206,Greenland Energy Company,GLND,53350836,1.22,United States
3207,The Arena Group,AREN,53323932,1.12,United States
3208,TransAct Technologies,TACT,53274268,5.16,United States
3209,Intellicheck,IDN,52693532,2.6,United States
3210,Vroom,VRM,52552936,10.04,United States
3211,Luna Innovations,LUNA,52045528,1.5,United States
3212,Sensus Healthcare,SRTS,51855488,3.15,United States
3213,Greenidge Generation Holdings,GREE,51500392,2.84,United States
3214,Myomo,MYO,51490212,1.3,United States
3215,MarketWise,MKTW,51357952,18.39,United States
3216,BBX Capital Corporation,BBXIA,51157092,3.7,United States
3217,Prairie Operating,PROP,50871904,0.451,United States
3218,Abundia Global Impact Group,AGIG,50772868,1.15,United States
3219,The ONE Group Hospitality,STKS,50385548,1.59,United States
3220,IZEA Worldwide,IZEA,50333068,2.89,United States
3221,Seres Therapeutics,MCRB,50324356,5.01,United States
3222,MicroVision,MVIS,50165716,1.64,United States
3223,Instil Bio,TIL,50050992,7.38,United States
3224,Reading International,RDI,49671580,2.17,United States
3225,Precipio,PRPO,48907936,27.32,United States
3226,Heritage Global,HGBL,48841616,1.41,United States
3227,Xtant Medical,XTNT,48511580,0.3458,United States
3228,SCYNEXIS,SCYX,48156108,4.84,United States
3229,Cato Fashion,CATO,47987796,2.41,United States
3230,Werewolf Therapeutics,HOWL,47724280,0.982,United States
3231,Annovis Bio,ANVS,47718892,1.12,United States
3232,"Culp, Inc.",CULP,47699708,3.75,United States
3233,Elauwit Connection,ELWT,47432164,7.1652,United States
3234,Devolver Digital,DEVO.L,47322414,0.0980763,United States
3235,Grace Therapeutics,GRCE,46699764,2.22,United States
3236,Sportsman's Warehouse,SPWH,46578344,1.19,United States
3237,"RYTHM, Inc.",RYM,46528620,21.65,United States
3238,Manhattan Bridge Capital,LOAN,46273312,4.05,United States
3239,Teads,TEAD,45972948,0.4688,United States
3240,Planet13,PLTH.CN,45955047,0.137049,United States
3241,"Stem, Inc",STEM,45438228,4.72,United States
3242,Comtech Telecommunications,CMTL,45241764,1.51,United States
3243,Granite Point Mortgage Trust,GPMT,45111532,0.9414,United States
3244,Sachem Capital,SACH,44708104,0.9323,United States
3245,GenFlat Holdings,GFLT,44557796,3.4,United States
3246,Actinium Pharmaceuticals,ATNM,44018008,1.4,United States
3247,Laird Superfood,LSF,43876108,3.92,United States
3248,Metagenomi,MGX,43821440,1.16,United States
3249,Odyssey Marine Exploration,OMEX,43730956,0.7451,United States
3250,TELA Bio,TELA,43547916,0.97,United States
3251,Pixelworks,PXLW,43192664,7.14,United States
3252,Grove Collaborative,GROV,43128060,1.01,United States
3253,VIDA Global Inc.,VIDA,42619884,2.13,United States
3254,the Marygold Companies,MGLD,42476428,0.98,United States
3255,aTyr Pharma,ATYR,42157976,0.4298,United States
3256,AXIL Brands,AXIL,42061828,6.165,United States
3257,Ekso Bionics,EKSO,42047896,11.8,United States
3258,Veru,VERU,41602780,2.44,United States
3259,Phunware,PHUN,41539232,2.03,United States
3260,Rave Restaurant Group,RAVE,41213544,2.9,United States
3261,Massimo Motor,MAMO,41153752,0.9883,United States
3262,PAVmed,PAVM,41142384,4.18,United States
3263,Celularity,CELU,40813804,1.41,United States
3264,Plutus Financial Group,PLUT,40677500,2.65,United States
3265,Milestone Scientific,MLSS,40231316,0.444,United States
3266,Skillsoft,SKIL,39313920,4.32,United States
3267,CervoMed,CRVO,38856076,2.57,United States
3268,"Xos, Inc.",XOS,38530380,2.71,United States
3269,LivePerson,LPSN,38245620,3.1,United States
3270,The Beachbody Company,BODI,38099168,5.23,United States
3271,Kartoon Studios,TOON,37695688,0.606,United States
3272,Filana Therapeutics,FLNA,37322680,0.7726,United States
3273,First Breach Inc.,FBDT,36812292,0.66,United States
3274,Enzo Biochem,ENZB,36587800,0.69887,United States
3275,Harvard Bioscience,HBIO,36555008,8.03,United States
3276,Karyopharm Therapeutics,KPTI,36517152,1.61,United States
3277,Franklin Street Properties,FSP,35977652,0.3459,United States
3278,Elutia,ELUT,35874280,0.81,United States
3279,U.S. Global Investors,GROW,35787752,2.91,United States
3280,PetMed Express,PETS,35770208,1.65,United States
3281,Destination XL,DXLG,35490272,0.64,United States
3282,Cryo-Cell International,CCEL,35475660,4.4,United States
3283,Scilex Holding,SCLX,35244032,5.01,United States
3284,Laser Photonics,LASE,34868384,0.695,United States
3285,DocGo,DCGO,34852464,0.3523,United States
3286,LianBio,LIAN,34472096,0.319,United States
3287,Gaia,GAIA,34324820,1.35,United States
3288,Pioneer Power Solutions,PPSI,33963752,3.06,United States
3289,VirTra,VTSI,33732480,2.98,United States
3290,KLX Energy Services,KLXE,32935130,1.54,United States
3291,Workhorse Group,WKHS,32895040,3.01,United States
3292,BioLargo,BLGO,32462222,0.09875,United States
3293,Century Casinos,CNTY,32358346,1.15,United States
3294,Latch,LTCH,32302960,0.195,United States
3295,Koss,KOSS,32280554,3.41,United States
3296,Kyntra Bio,KYNB,32271518,7.97,United States
3297,Context Therapeutics,CNTX,32194464,0.3504,United States
3298,Rockwell Medical,RMTI,32082502,7.96,United States
3299,Southland Holdings,SLND,32067810,0.5891,United States
3300,Knightscope,KSCP,32002872,1.355,United States
3301,MariMed,MRMD,31759606,0.0788,United States
3302,Beam Global,BEEM,31748266,1.43,United States
3303,Salem Media Group,SALM,31670764,1.0,United States
3304,Spruce Power,SPRU,31573584,1.64,United States
3305,BeyondSpring,BYSI,31415542,0.764,United States
3306,Harte Hanks,HHS,31307806,4.2,United States
3307,Enviva,EVA,31273630,0.4198,United States
3308,Sangamo Therapeutics,SGMO,30657374,0.074,United States
3309,Lulu's Fashion Lounge,LVLU,30567928,10.645,United States
3310,Local Bounti,LOCL,30394154,1.3,United States
3311,Accuray,ARAY,29883714,0.2502,United States
3312,System1,SST,29784514,3.42,United States
3313,Ascent Solar Technologies,ASTI,29645622,3.02,United States
3314,eHealth,EHTH,29585802,0.9321,United States
3315,Beasley Broadcast Group,BBGI,29551378,15.95,United States
3316,Quest Resource Holding,QRHC,28897212,1.37,United States
3317,IGC Pharma,IGC,28802786,0.2786,United States
3318,Ocean Power Technologies,OPTT,28769784,0.1065,United States
3319,Crown Crafts,CRWS,28514762,2.65,United States
3320,Old Market Capital Corporation,OMCC,28360952,4.16,United States
3321,Katapult Holdings,KPLT,28342708,5.7,United States
3322,Farmer Brothers,FARM,28089448,1.28,United States
3323,Zoom Telephonics,MINM,26534076,3.61,United States
3324,Cel-Sci,CVM,26207592,1.49,United States
3325,GEE Group,JOB,26127250,0.2378,United States
3326,NanoViricides,NNVC,26037898,1.02,United States
3327,Hoth Therapeutics,HOTH,26013596,1.36,United States
3328,PermRock Royalty Trust,PRT,25183064,2.07,United States
3329,Atossa Therapeutics,ATOS,25048038,2.51,United States
3330,TherapeuticsMD,TXMD,25000622,2.16,United States
3331,Live Ventures,LIVE,24818980,8.08,United States
3332,NextNRG,NXXT,24530668,0.1459,United States
3333,Cardlytics,CDLX,24438172,4.15,United States
3334,SPI Energy,SPI,24207974,0.766,United States
3335,Cocrystal Pharma,COCP,23886368,1.24,United States
3336,Femasys,FEMY,23282574,2.78,United States
3337,Biofrontera,BFRI,23021156,1.55,United States
3338,HeartBeam,BEAT,22900304,0.4064,United States
3339,Motorsport Gaming,MSGM,22806344,4.97,United States
3340,NOMADAR,NOMA,22161118,1.45,United States
3341,Jasper Therapeutics,JSPR,21971192,0.6603,United States
3342,Lantern Pharma,LTRN,21860890,1.71,United States
3343,TScan Therapeutics,TCRX,21716474,0.3204,United States
3344,Zeo Energy,ZEO,21636684,0.2376,United States
3345,180 Life Sciences,ATNF,21620372,3.58,United States
3346,Allbirds,BIRD,21486764,2.44,United States
3347,Urban One,UONE,21397280,4.6365,United States
3348,Aytu BioScience,AYTU,21359084,1.99,United States
3349,Exyn Technologies,EXYN,21237066,2.67,United States
3350,Ashford Hospitality Trust,AHT,21157926,3.16,United States
3351,Palatin Technologies,PTN,20995446,11.8,United States
3352,SUNation Energy Inc.,SUNE,20841946,3.2,United States
3353,Retractable Technologies,RVP,20360264,0.6801,United States
3354,Barfresh Food Group,BRFH,20222134,1.24,United States
3355,Neuphoria Therapeutics,NEUP,20158976,3.73,United States
3356,SPAR Group,SGRP,19027036,0.67,United States
3357,Mobix Labs,MOBX,18842114,1.11,United States
3358,Lipocine,LPCN,18714454,2.27,United States
3359,Offerpad,OPAD,18364446,3.8,United States
3360,T Stamp Inc. (TrustStamp),IDAI,18045732,3.2,United States
3361,Energy Focus,EFOI,17897514,2.81,United States
3362,Avant Technologies Inc.,AVAI,17746580,0.1153,United States
3363,Know Labs,KNW,16795408,2.24,United States
3364,Camber Energy,CEI,16771320,0.0954,United States
3365,PDS Biotechnology,PDSB,16505947,0.2949,United States
3366,AEON Biopharma,AEON,16306685,0.3269,United States
3367,Smith Micro Software,SMSI,16210653,2.9,United States
3368,Passage Bio,PASG,16089050,5.0,United States
3369,FGI Industries,FGI,16048863,8.31,United States
3370,Citius Pharmaceuticals,CTXR,15949942,0.581,United States
3371,America's Car-Mart,CRMT,15843108,1.9,United States
3372,Austin Gold,AUST,15746951,1.15,United States
3373,Psychemedics,PMD,15738209,2.67,United States
3374,Cyclerion Therapeutics,CYCN,15729330,23.52,United States
3375,Dragonfly Energy,DFLI,15428167,1.03,United States
3376,ESS Tech,GWH,15340424,0.3809,United States
3377,HeartSciences Inc.,HSCS,15275337,3.39,United States
3378,Game Your Game,GYGY,15111599,1.05,United States
3379,Astrotech,ASTC,15006083,7.12,United States
3380,Synlogic,SYBX,14943719,1.22,United States
3381,Office Properties Income Trust,OPI,14795239,0.2,United States
3382,The Cannabist Company,CBSTF,14475953,0.0291,United States
3383,Dolphin Entertainment,DLPN,14393234,1.105,United States
3384,Adial Pharmaceuticals,ADIL,14375150,4.9,United States
3385,Bionano Genomics,BNGO,14367940,1.22,United States
3386,The Glimpse Group,VRAR,14332026,0.68,United States
3387,Scienture Holdings,SCNX,14286216,0.3479,United States
3388,HOOKIPA Pharma,HOOK,14232977,1.15,United States
3389,Aterian,ATER,13886624,0.7729,United States
3390,Dare Bioscience,DARE,13886373,0.706,United States
3391,Quoin Pharmaceuticals,QNRX,13637158,6.79,United States
3392,Natural Health Trends,NHTC,13467223,1.57,United States
3393,Tempest Therapeutics,TPST,13425329,0.8117,United States
3394,SeaStar Medical,ICU,13352728,3.03,United States
3395,Intensity Therapeutics,INTS,13124814,4.02,United States
3396,FingerMotion,FNGR,13122831,0.1723,United States
3397,Air Industries Group,AIRI,12951257,2.67,United States
3398,Clean Energy Technologies,CETY,12531089,1.03,United States
3399,Flux Power,FLUX,12371904,0.5722,United States
3400,SINTX Technologies,SINT,11996161,1.8,United States
3401,Phio Pharmaceuticals,PHIO,11965768,1.03,United States
3402,BrainStorm Cell Therapeutics,BCLI,11807210,1.07,United States
3403,Urgent.ly Inc.,ULY,11787284,5.38,United States
3404,Cyngn,CYN,11661223,0.8085,United States
3405,Arrive AI,ARAI,11537268,0.2224,United States
3406,Cambium Networks,CMBM,11325767,0.401,United States
3407,SolarMax Technology,SMXT,11096783,2.34,United States
3408,KALA BIO,KALA,11070093,0.5724,United States
3409,AppTech Payments,APCX,10921023,0.26,United States
3410,Azitra,AZTR,10793527,0.1781,United States
3411,Lunai Bioworks,LNAI,10790659,2.38,United States
3412,FibroBiologics,FBLG,10719691,1.61,United States
3413,CISO Global,CISO,10653003,0.234,United States
3414,Phoenix Motor,PEV,10575262,0.23,United States
3415,VistaGen Therapeutics,VTGN,10517328,0.237,United States
3416,Biomerica,BMRA,10279288,2.24,United States
3417,Inuvo,INUV,10196433,0.6186,United States
3418,"Reed's, Inc.",REED,10059552,0.8484,United States
3419,Trio Petroleum,TPET,10008945,1.88,United States
3420,Ryvyl Inc.,RVYL,9994965,7.81,United States
3421,Aprea Therapeutics,APRE,9744280,0.7739,United States
3422,Superior Industries International,SUP,9576233,0.3249,United States
3423,Senti Biosciences,SNTI,9530295,0.306,United States
3424,Upland Software,UPLD,9522155,3.22,United States
3425,Carver Bancorp,CARV,9503798,1.63,United States
3426,Ensysce Biosciences,ENSC,9473513,0.4869,United States
3427,Gaxos.ai,GXAI,9354306,0.6802,United States
3428,Xenetic Biosciences,XBIO,9138406,3.9,United States
3429,reAlpha Tech,AIRE,9066309,1.51,United States
3430,Skye Bioscience,SKYE,9032459,2.04,United States
3431,GoHealth,GOCO,8937260,0.305,United States
3432,Wellgistics Health,WGRX,8847256,3.52,United States
3433,Bullfrog AI,BFRG,8823972,0.4759,United States
3434,Solo Brands,SBDS,8582289,3.342,United States
3435,Vislink Technologies,VISL,8579022,3.46,United States
3436,Northann Corp,NCL,8543560,0.159,United States
3437,La Rosa Holdings,LRHC,8543423,2.575,United States
3438,Rocky Mountain Chocolate Factory,RMCF,8470141,0.8973,United States
3439,SeaChange International,SEAC,8398952,3.25,United States
3440,Trinseo,TSE,8278525,0.23,United States
3441,Imunon,IMNN,8248762,1.47,United States
3442,AMASS Brands Inc.,AMSS,8239607,0.71,United States
3443,Soligenix,SNGX,7922634,0.364,United States
3444,AIM ImmunoTech,AIM,7872119,0.2217,United States
3445,Co-Diagnostics,CODX,7819077,1.12,United States
3446,Signing Day Sports,SGN,7408163,0.5401,United States
3447,"DSS, Inc. (Document Security Systems)",DSS,7392297,0.7361,United States
3448,enVVeno Medical Corporation,NVNO,7288724,10.49,United States
3449,Innovative Eyewear,LUCY,7189539,0.8351,United States
3450,Reborn Coffee,REBN,6905873,0.8408,United States
3451,Super League Enterprise,SLE,6831334,4.03,United States
3452,OLB Group,OLB,6780934,0.2823,United States
3453,authID,AUID,6750001,0.4037,United States
3454,AquaBounty Technologies,AQB,6279589,1.22,United States
3455,Sonoma Pharmaceuticals,SNOA,6248894,1.305,United States
3456,TPI Composites,TPIC,6193621,0.1271,United States
3457,Mangoceuticals,MGRX,6168882,0.4028,United States
3458,Bakhu Holdings,BKUH,6026059,0.02,United States
3459,VolitionRx,VNRX,5863124,0.3102,United States
3460,"Cyabra, Inc.",CYAB,5861584,0.3331,United States
3461,zSpace,ZSPC,5571306,0.1503,United States
3462,Polar Power,POLA,5517148,1.31,United States
3463,cbdMD,YCBD,5403072,0.4822,United States
3464,CaliberCos,CWD,5296173,0.51,United States
3465,Lakewood-Amedex Biotherapeutics,LABT,5260707,2.22,United States
3466,Sonendo,SONX,5241476,1.1,United States
3467,Origin Materials,ORGN,5228483,0.9501,United States
3468,Talis Biomedical,TLIS,5176808,2.84,United States
3469,Pulmatrix,PULM,5149721,1.41,United States
3470,Hepion Pharmaceuticals,HEPA,4962062,0.055,United States
3471,Nauticus Robotics,KITT,4903847,0.6563,United States
3472,Vertex Energy,VTNR,4872095,0.0521,United States
3473,Eterna Therapeutics,ERNA,4857777,4.165,United States
3474,Expion360,XPON,4832678,5.07,United States
3475,bioAffinity Technologies,BIAF,4775851,7.95,United States
3476,Hydrofarm,HYFM,4723900,0.9802,United States
3477,Sonim Technologies,SONM,4703549,3.16,United States
3478,Leslie's,LESL,4701468,0.502,United States
3479,Kidpik,PIK,4644903,2.38,United States
3480,"Bark, Inc.",BARK,4377870,0.5066,United States
3481,SurgePays,SURG,4348600,0.1731,United States
3482,Socket Mobile,SCKT,4344841,0.524,United States
3483,CASI Pharmaceuticals,CASI,4263766,0.2075,United States
3484,QVC Group,QVCGA,4255453,0.34,United States
3485,Cemtrex,CETX,4182372,2.43,United States
3486,Boxlight,BOXL,4180346,5.69,United States
3487,Tivic Health Systems,TIVC,4029097,1.4,United States
3488,Focus Universal,FCUV,4005646,5.7,United States
3489,Golden Minerals,AUMN,3993990,0.2114,United States
3490,Cadrenal Therapeutics,CVKD,3888675,1.09,United States
3491,Alaunos Therapeutics,TCRT,3836124,1.51,United States
3492,BIO-key International,BKYI,3807891,2.6511,United States
3493,VivoSim Labs,VIVS,3790932,0.2831,United States
3494,Avalon GloboCare,ALBT,3707637,0.282,United States
3495,iSpecimen,ISPC,3702327,1.47,United States
3496,Cheetah Net Supply Chain Service,CTNT,3664893,1.16,United States
3497,PMGC Holdings,ELAB,3659297,4.52,United States
3498,Lument Finance Trust,LFT,3633614,0.6923,United States
3499,Netcapital,NCPL,3533124,0.4502,United States
3500,Cloudastructure,CSAI,3521936,4.06,United States
3501,Unity Biotechnology,UBX,3444161,0.2001,United States
3502,Eagle Pharmaceuticals,EGRX,3289388,0.25,United States
3503,ShiftPixy,PIXY,3265294,6.53,United States
3504,Forza X1,FRZA,3150960,0.2,United States
3505,Beyond Air,XAIR,3150102,3.2,United States
3506,Advent Technologies,ADN,3023365,0.9185,United States
3507,Fly-E Group,FLYE,3003590,1.84,United States
3508,ATI Physical Therapy,ATIP,2977762,0.675,United States
3509,Sleep Number,SNBR,2881125,0.125,United States
3510,Marin Software,MRIN,2863609,0.8981,United States
3511,Edible Garden,EDBL,2849203,1.46,United States
3512,Inotiv,NOTV,2787563,0.0799,United States
3513,DataMEDS AI,MEDS,2756033,0.9001,United States
3514,Genprex,GNPX,2746025,3.35,United States
3515,Curis,CRIS,2740338,1.13,United States
3516,Matinas BioPharma,MTNB,2718167,0.185,United States
3517,PREIT (Pennsylvania Real Estate Investment Trust),PRET,2690436,0.4974,United States
3518,Xilio Therapeutics,XLO,2676465,0.5101,United States
3519,Staffing 360 Solutions,STAF,2654640,1.615,United States
3520,BioAtla,BCAB,2582455,1.55,United States
3521,Nuwellis,NUWE,2457553,0.774,United States
3522,LM Funding America,LMFA,2430118,2.6,United States
3523,BioXcel Therapeutics,BTAI,2313476,0.0739,United States
3524,Longeveron,LGVN,2242259,0.7033,United States
3525,SOBR Safe,SOBR,2236231,0.4151,United States
3526,Sow Good,SOWG,2203871,0.1099,United States
3527,Oragenics,OGEN,2156715,0.478,United States
3528,Vivakor,VIVK,2155077,0.7872,United States
3529,Clearside Biomedical,CLSD,2145948,0.41,United States
3530,Onfolio Holdings,ONFO,2072541,0.845,United States
3531,"Greenlane Holdings, Inc.",GNLN,2069741,2.98,United States
3532,Trinity Place Holdings,TPHS,2047465,0.031,United States
3533,Cutera,CUTR,1956013,0.0969,United States
3534,Vaccinex,VCNX,1860530,0.6951,United States
3535,Cue Biopharma,CUE,1804119,0.5542,United States
3536,Jet.AI,JTAI,1777151,1.25,United States
3537,iPower,IPW,1693417,1.77,United States
3538,Sonder Holdings,SOND,1680861,0.1263,United States
3539,Traeger,COOK,1642351,0.5983,United States
3540,CorEnergy Infrastructure Trust,CORR,1627350,0.0198,United States
3541,Jaguar Health,JAGX,1622846,0.314,United States
3542,Lazydays Holdings,GORV,1573084,0.4211,United States
3543,Maison Solutions,MSS,1566970,1.8,United States
3544,Benson Hill,BHIL,1522391,0.249,United States
3545,Synergy CHC,SNYR,1498928,0.1006,United States
3546,Wheeler Real Estate Investment Trust,WHLR,1463058,0.3918,United States
3547,22nd Century Group,XXII,1420848,1.99,United States
3548,Direct Digital Holdings,DRCT,1372663,1.71,United States
3549,Purple Innovation,PRPL,1261071,0.2897,United States
3550,Actelis Networks,ASNS,1237132,0.0429,United States
3551,Allurion Technologies,ALUR,1150479,1.15,United States
3552,Cytosorbents,CTSO,1100062,0.3501,United States
3553,Solar Integrated Roofing,SIRC,1097545,0.0001,United States
3554,Aethlon Medical,AEMD,1088038,1.53,United States
3555,Danimer Scientific,DNMR,1056961,0.35,United States
3556,Arcadia Biosciences,RKDA,1038610,0.4311,United States
3557,LMP Automotive Holdings,LMPX,1036332,0.095,United States
3558,Evofem Biosciences,EVFM,1020481,0.0077,United States
3559,BNB Plus Corp.,BNBX,991555,0.16,United States
3560,Quince Therapeutics,QNCX,900311,0.9206,United States
3561,Greene Concepts,INKW,892815,0.014,United States
3562,Alkaline Water Company,WTER,694397,0.0195,United States
3563,Yellow Corporation,YELLQ,693890,0.0102,United States
3564,Tapinator,TAPM,673183,0.247,United States
3565,Tevogen Bio,TVGN,627896,0.1551,United States
3566,"Freight Technologies, Inc.",FRGT,497748,0.87,United States
3567,Ayr Wellness,AYRWF,432062,0.0037,United States
3568,Kaival Brands Innovations,KAVL,431732,0.0221,United States
3569,Ontrak,OTRK,425780,0.0601,United States
3570,Gauzy,GAUZ,395961,0.3445,United States
3571,Viracta Therapeutics,VIRX,388698,0.00978,United States
3572,Impac Mortgage Holdings,IMPM,365688,0.01,United States
3573,Lyra Therapeutics,LYRA,354976,0.2,United States
3574,VYNE Therapeutics,VYNE,339859,0.509,United States
3575,NantHealth,NHIQ,329655,0.012,United States
3576,Ocean Biomedical,OCEA,255601,0.0011,United States
3577,Petros Pharmaceuticals,PTPI,245759,0.0058,United States
3578,Leafly Holdings,LFLY,232138,37.0,United States
3579,ProPhase Labs,PRPH,218295,0.014,United States
3580,Vicarious Surgical,RBOT,213940,0.03,United States
3581,Trulite,TRUL,212013,0.0001,United States
3582,Ampio Pharmaceuticals,AMPE,207884,0.1831,United States
3583,CXApp,CXAI,194174,0.089,United States
3584,BloomZ,BLMZ,187531,0.128,United States
3585,Wearable Health Solutions,WHSI,182670,0.0001,United States
3586,Faraday Future,FFAI,174605,0.0717,United States
3587,Hallmark Financial Services,HALL,145478,0.08,United States
3588,Cenntro Inc.,CENN,113554,0.0775,United States
3589,Loop Media,LPTV,103383,0.0007,United States
3590,Novo Integrated Sciences,NVOS,76947,0.0039,United States
3591,Vincerx Pharma,VINC,68045,0.013,United States
3592,PaxMedica,PXMD,63132,0.0005,United States
3593,Exela Technologies,XELA,55502,0.002,United States
3594,ToughBuilt Industries,TBLT,47699,0.011,United States
3595,Presto Automation,PRST,41851,0.0001,United States
3596,Vinco Ventures,BBIG,41600,0.0032,United States
3597,AiRWA Inc.,YYAI,38713,0.7349,United States
3598,Remark Holdings,MARK,37141,0.0006,United States
3599,Carisma Therapeutics,CARM,33476,0.0008,United States
3600,T2 Biosystems,TTOO,28045,0.001,United States
3601,Gaming Technologies (Gametech),GMGT,27420,0.0006,United States
3602,Movella,MVLA,20362,0.0004,United States
3603,Gamer Pakistan,GPAK,15347,0.0006,United States
3604,Mobile Global Esports (Mogo),MGAM,15091,0.0002,United States
3605,iEntertainment Network,IENT,13087,0.0001,United States
3606,Vaxxinity,VAXX,12678,0.0001,United States
3607,Syros Pharmaceuticals,SYRS,10732,0.0004,United States
3608,Trevena,TRVN,9501,0.011,United States
3609,4Front Ventures,FFNTF,9152,1e-05,United States
3610,Adamas One,JEWL,7609,0.0002,United States
3611,Freeze Tag,FRZT,7505,0.0001,United States
3612,USD Partners,USDP,6754,0.0002,United States
3613,Stryve Foods,SNAX,4792,0.0011,United States
3614,eFFECTOR Therapeutics,EFTR,3763,0.0008,United States
3615,Lipella Pharmaceuticals,LIPO,2310,0.0005,United States
3616,Viveve Medical,VIVE,2144,0.0002,United States
3617,Telesis Bio,TBIO,1775,0.001,United States
3618,Hempacco,HPCO,1184,0.0002,United States
3619,Grom Social Enterprises,GROM,902,0.0001,United States
3620,Minerva Surgical,UTRS,887,0.0001,United States
3621,Lightning eMotors,ZEVY,659,0.0001,United States
3622,Calithera Biosciences,CALA,487,0.0001,United States
3623,Saluda Medical,SLD.AX,0,0.0,United States
3624,Pershing Square USA,PSUS,0,0.0,United States
3625,Private Bancorp of America,PBAM,0,88.76,United States
3626,Chemung Financial Corporation,CHMG,0,81.715,United States
3627,DigiPowerX,DGXX,0,3.4999,United States
3628,FS Bancorp,FSBW,0,42.38,United States
3629,Isabella Bank Corporation,ISBA,0,38.515,United States
3630,Medallion Financial Corp.,MFIN,0,11.8854,United States
3631,Eagle Financial Services,EFSI,0,41.21,United States
