Rank,Name,Symbol,marketcap,price (USD),country
1,NVIDIA,NVDA,5165043154944,213.9,United States
2,Apple,AAPL,4851251544064,332.41,United States
3,Alphabet (Google),GOOG,4150350577664,339.36,United States
4,Microsoft,MSFT,3640745000960,490.3,United States
5,Amazon,AMZN,2653001613312,245.96,United States
6,SpaceX,SPCX,1988866998272,150.88,United States
7,Meta Platforms (Facebook),META,1715261407232,673.31,United States
8,Broadcom,AVGO,1620695187456,339.51,United States
9,Tesla,TSLA,1414253903872,358.08,United States
10,Berkshire Hathaway,BRK-B,1112740855808,519.8,United States
11,Micron Technology,MU,1046439198720,926.55,United States
12,Eli Lilly,LLY,1014641131520,1137.82,United States
13,JPMorgan Chase,JPM,927494373376,348.92,United States
14,Walmart,WMT,855493509120,107.5,United States
15,AMD,AMD,836643454976,512.5,United States
16,Visa,V,692543815680,370.93,United States
17,Exxon Mobil,XOM,671557484544,163.32,United States
18,Johnson & Johnson,JNJ,644117692416,267.28,United States
19,Intel,INTC,534160932864,101.05,United States
20,Mastercard,MA,497354637312,567.75,United States
21,AbbVie,ABBV,463885991936,262.51,United States
22,Oracle,ORCL,432878059520,143.16,United States
23,Cisco,CSCO,424774303744,107.74,United States
24,Palantir,PLTR,418949201920,174.34,United States
25,Chevron,CVX,414957568000,211.54,United States
26,Bank of America,BAC,404880162816,57.9,United States
27,Costco,COST,396354748416,893.74,United States
28,Coca-Cola,KO,378064994304,87.87,United States
29,Caterpillar,CAT,359796703232,782.72,United States
30,Dell,DELL,358146932736,563.29,United States
31,Merck,MRK,357517852672,144.91,United States
32,Procter & Gamble,PG,341479292928,147.02,United States
33,Lam Research,LRCX,336893149184,269.23,United States
34,UnitedHealth,UNH,336831447040,375.26,United States
35,Applied Materials,AMAT,329644507136,415.38,United States
36,General Electric,GE,324653285376,312.9,United States
37,Netflix,NFLX,318166630400,76.41,United States
38,Morgan Stanley,MS,317914021888,202.42,United States
39,Palo Alto Networks,PANW,307281690624,375.65,United States
40,Home Depot,HD,301771161600,302.47,United States
41,Philip Morris International,PM,298801790976,191.71,United States
42,Goldman Sachs,GS,273112940544,937.98,United States
43,RTX,RTX,265279225856,196.83,United States
44,Wells Fargo,WFC,263239139328,87.05,United States
45,Arista Networks,ANET,249142312960,197.54,United States
46,CrowdStrike,CRWD,247136911360,241.36,United States
47,GE Vernova,GEV,246382542848,925.09,United States
48,Thermo Fisher Scientific,TMO,239755231232,648.43,United States
49,Texas Instruments,TXN,238056292352,260.67,United States
50,IBM,IBM,223747506176,237.49,United States
51,Citigroup,C,223015223296,132.95,United States
52,Sandisk,SNDK,222552489984,1519.97,United States
53,KLA,KLAC,218663682048,167.36,United States
54,American Express,AXP,210987040768,312.43,United States
55,Verizon,VZ,206741618688,49.76,United States
56,Marvell Technology,MRVL,206441447424,229.71,United States
57,Salesforce,CRM,206194409472,250.54,United States
58,Amgen,AMGN,203466850304,376.35,United States
59,QUALCOMM,QCOM,197420302336,184.84,United States
60,Amphenol,APH,190520606720,77.26,United States
61,T-Mobile US,TMUS,189069099008,176.26,United States
62,Walt Disney,DIS,184738217984,106.99,United States
63,Pepsico,PEP,183508434944,134.34,United States
64,Gilead Sciences,GILD,183116578816,147.68,United States
65,Charles Schwab,SCHW,181856944128,105.16,United States
66,Deere &amp; Company (John Deere),DE,180506116096,669.47,United States
67,AT&T,T,177202708480,25.86,United States
68,Abbott Laboratories,ABT,177122033664,102.36,United States
69,McDonald,MCD,175891382272,248.56,United States
70,Analog Devices,ADI,175432089600,362.04,United States
71,Welltower,WELL,168974139392,234.5,United States
72,BlackRock,BLK,168526807040,1037.24,United States
73,Nextera Energy,NEE,167650082816,80.37,United States
74,Union Pacific Corporation,UNP,166887702528,280.92,United States
75,Southern Copper,SCCO,160323977216,189.88,United States
76,Boeing,BA,159623135232,201.96,United States
77,ConocoPhillips,COP,159225266176,132.54,United States
78,Pfizer,PFE,156513026048,27.46,United States
79,Western Digital,WDC,150334750720,416.97,United States
80,Interactive Brokers,IBKR,147788955648,86.74,United States
81,Blackstone Group,BX,147559514112,123.45,United States
82,Danaher,DHR,146474172416,208.36,United States
83,Uber,UBER,144960487424,70.97,United States
84,ServiceNow,NOW,144554590208,139.82,United States
85,Intuitive Surgical,ISRG,136966119424,382.29,United States
86,TJX Companies,TJX,135120805888,122.84,United States
87,Vertex Pharmaceuticals,VRTX,130091360256,513.26,United States
88,Prologis,PLD,130007506944,133.74,United States
89,Bristol-Myers Squibb,BMY,129916649472,63.6,United States
90,Booking Holdings (Booking.com),BKNG,128786612224,171.4,United States
91,Newmont,NEM,128297574400,121.76,United States
92,Progressive,PGR,126092902400,216.99,United States
93,Fortinet,FTNT,126029996032,171.77,United States
94,Capital One,COF,124653993984,203.19,United States
95,Corning,GLW,124177752064,144.16,United States
96,Lockheed Martin,LMT,123992334336,537.25,United States
97,S&P Global,SPGI,119912849408,406.76,United States
98,CVS Health,CVS,117307162624,91.72,United States
99,Altria Group,MO,117049040896,70.1,United States
100,Snowflake,SNOW,116783849472,331.02,United States
101,Marathon Petroleum,MPC,116238991360,413.92,United States
102,Valero Energy,VLO,116115382272,403.28,United States
103,Parker-Hannifin,PH,115806117888,918.75,United States
104,Cloudflare,NET,115601276928,324.65,United States
105,Starbucks,SBUX,110967595008,97.34,United States
106,AppLovin,APP,109704404992,326.56,United States
107,Stryker Corporation,SYK,109226270720,284.76,United States
108,Lowe's Companies,LOW,108900589568,194.1,United States
109,Automatic Data Processing,ADP,108528214016,273.19,United States
110,Phillips 66,PSX,106099433472,264.63,United States
111,BNY Mellon (Bank of New York Mellon),BNY,104130027520,153.47,United States
112,McKesson,MCK,103449460736,887.29,United States
113,Airbnb,ABNB,100302585856,167.51,United States
114,Equinix,EQIX,100266221568,1016.16,United States
115,Adobe,ADBE,99573751808,250.5,United States
116,Freeport-McMoRan,FCX,99429851136,69.24,United States
117,Southern Company,SO,99195805696,86.23,United States
118,CME Group,CME,97970962432,272.46,United States
119,General Dynamics,GD,97400586240,360.0,United States
120,Robinhood,HOOD,93882171392,104.42,United States
121,HCA Healthcare,HCA,93188743168,430.43,United States
122,Quanta Services,PWR,93104660480,619.28,United States
123,U.S. Bancorp,USB,93062414336,59.73,United States
124,PNC Financial Services,PNC,92351471616,231.49,United States
125,Vertiv Holdings,VRT,92170018816,239.41,United States
126,Constellation Energy,CEG,91953397760,259.53,United States
127,Duke Energy,DUK,91817730048,117.76,United States
128,Howmet Aerospace,HWM,90819043328,227.73,United States
129,Elevance Health,ELV,89471598592,412.56,United States
130,KKR & Co.,KKR,89440501760,96.84,United States
131,CSX Corporation,CSX,88733548544,47.9,United States
132,Marriott International,MAR,87348887552,334.97,United States
133,Monster Beverage,MNST,87314939904,44.57,United States
134,Williams Companies,WMB,86722576384,70.9,United States
135,Intercontinental Exchange,ICE,86510895104,154.1,United States
136,Waste Management,WM,85539053568,214.0,United States
137,DoorDash,DASH,85255700480,196.76,United States
138,Intuit,INTU,85015789568,318.13,United States
139,Marsh & McLennan Companies,MRSH,84351860736,176.76,United States
140,Comcast,CMCSA,84209147904,23.73,United States
141,United Parcel Service,UPS,84031692800,98.77,United States
142,3M,MMM,83882254336,162.65,United States
143,Datadog,DDOG,82870919168,230.79,United States
144,Lumentum,LITE,82470182912,919.4,United States
145,Enterprise Products,EPD,82254487552,38.09,United States
146,American Tower,AMT,82190696448,176.39,United States
147,Emerson,EMR,81343971328,145.83,United States
148,Moody's,MCO,80581115904,465.3,United States
149,Cintas,CTAS,79817826304,199.46,United States
150,Regeneron Pharmaceuticals,REGN,79749963776,774.61,United States
151,Mondelez International,MDLZ,79590572032,62.36,United States
152,Bloom Energy,BE,79528271872,270.02,United States
153,The Travelers Companies,TRV,79033253888,378.92,United States
154,Sherwin-Williams,SHW,78037032960,321.46,United States
155,SLB (Schlumberger),SLB,77620690944,52.3,United States
156,Cadence Design Systems,CDNS,77082492928,279.9,United States
157,Simon Property Group,SPG,77040795648,202.94,United States
158,Ecolab,ECL,76832464896,274.08,United States
159,General Motors,GM,76236218368,84.29,United States
160,Motorola Solutions,MSI,76214853632,460.53,United States
161,Illinois Tool Works,ITW,76135579648,267.33,United States
162,EOG Resources,EOG,76020006912,144.93,United States
163,Northrop Grumman,NOC,75404214272,530.78,United States
164,Hewlett Packard Enterprise,HPE,75240710144,56.68,United States
165,The Cigna Group,CI,74106249216,280.45,United States
166,Apollo Global Management,APO,73540337664,124.53,United States
167,Energy Transfer LP,ET,72688058368,21.11,United States
168,Cummins,CMI,72618016768,527.5,United States
169,Synopsys,SNPS,72528715776,378.47,United States
170,Carvana,CVNA,72493531136,65.4,United States
171,Ross Stores,ROST,72111587328,224.8,United States
172,FedEx,FDX,71408205824,301.72,United States
173,Norfolk Southern,NSC,71200849920,317.0,United States
174,Warner Bros. Discovery,WBD,70375325696,28.07,United States
175,Target,TGT,70270615552,154.68,United States
176,Colgate-Palmolive,CL,69369970688,87.02,United States
177,Hilton Worldwide,HLT,68786593792,305.63,United States
178,Kinder Morgan,KMI,68429631488,30.73,United States
179,Digital Realty,DLR,68383571968,181.07,United States
180,Royal Caribbean Group,RCL,67911430144,253.92,United States
181,O'Reilly Automotive,ORLY,67693838336,83.68,United States
182,Republic Services,RSG,67305615360,219.8,United States
183,Honeywell,HON,65815760896,207.66,United States
184,American Electric Power,AEP,65703321600,120.69,United States
185,Allstate,ALL,64440852480,254.85,United States
186,Air Products and Chemicals,APD,63928561664,287.08,United States
187,Boston Scientific,BSX,63635668992,43.91,United States
188,United Rentals,URI,62631501824,1006.25,United States
189,Arthur J. Gallagher & Co.,AJG,62490808320,243.78,United States
190,Paccar,PCAR,62226866176,118.22,United States
191,MetLife,MET,61787422720,97.23,United States
192,Targa Resources,TRGP,61063520256,284.77,United States
193,Cencora,COR,60778455040,318.5,United States
194,TransDigm Group,TDG,59704725504,1080.11,United States
195,Occidental Petroleum,OXY,59338473472,59.36,United States
196,W. W. Grainger,GWW,59265232896,1258.26,United States
197,Truist Financial Corporation,TFC,59175571456,48.44,United States
198,Nucor,NUE,59141951488,260.68,United States
199,MPLX,MPLX,58732806144,57.93,United States
200,Aflac,AFL,58561908736,116.81,United States
201,Oneok,OKE,58435264512,92.7,United States
202,Moderna,MRNA,58136731648,145.62,United States
203,Coherent Corp.,COHR,56777637888,289.93,United States
204,Monolithic Power Systems,MPWR,56396996608,1147.61,United States
205,Fastenal,FAST,56261804032,49.03,United States
206,Baker Hughes,BKR,55907401728,56.32,United States
207,Comfort Systems USA,FIX,55865716736,1587.35,United States
208,Dominion Energy,D,55858692096,63.51,United States
209,Cheniere Energy,LNG,55299522560,267.75,United States
210,Public Storage,PSA,55061630976,294.68,United States
211,Keysight,KEYS,54825619456,322.04,United States
212,Diamondback Energy,FANG,54475046912,194.54,United States
213,Cardinal Health,CAH,54083158016,232.54,United States
214,Realty Income,O,54076362752,57.15,United States
215,Corteva,CTVA,54049550336,81.01,United States
216,Sempra,SRE,53423656960,81.7,United States
217,Teradyne,TER,53335646208,341.15,United States
218,Devon Energy,DVN,53283999744,48.44,United States
219,Ford,F,53234405376,13.35,United States
220,Ametek,AME,53232168960,232.19,United States
221,Nike,NKE,53079584768,35.78,United States
222,Honeywell Aerospace,HONA,52037296128,164.18,United States
223,Edwards Lifesciences,EW,51460993024,89.28,United States
224,Delta Air Lines,DAL,51209109504,77.87,United States
225,State Street Corporation,STT,50242949120,182.9,United States
226,"Strategy 
 (MicroStrategy)",MSTR,50129002496,126.18,United States
227,Natera,NTRA,49778749440,345.34,United States
228,Nasdaq,NDAQ,49614831616,88.76,United States
229,Becton Dickinson,BDX,49533542400,181.85,United States
230,Entergy,ETR,48886190080,102.32,United States
231,Vivmark Residential,VMRK,48740347904,62.99,United States
232,eBay,EBAY,48580648960,109.17,United States
233,Ciena,CIEN,48285802496,340.5,United States
234,Ameriprise Financial,AMP,47775903744,540.86,United States
235,Fifth Third Bank,FITB,47530237952,52.41,United States
236,Vistra,VST,47119826944,140.39,United States
237,Astera Labs,ALAB,46698717184,269.18,United States
238,AutoZone,AZO,46694596608,2860.25,United States
239,L3Harris Technologies,LHX,46691454976,250.74,United States
240,Wabtec,WAB,46681890816,276.37,United States
241,Humana,HUM,46197293056,384.72,United States
242,Rockwell Automation,ROK,46169788416,414.92,United States
243,Autodesk,ADSK,46044790784,220.31,United States
244,Block,XYZ,46038921216,76.63,United States
245,CoreWeave,CRWV,45970571264,83.35,United States
246,Xcel Energy,XEL,45417160704,72.71,United States
247,Workday,WDAY,45250158592,187.76,United States
248,Cerebras Systems,CBRS,45248823296,190.47,United States
249,Ventas,VTR,45247000576,88.21,United States
250,PayPal,PYPL,45091340288,52.71,United States
251,Carrier Global,CARR,44727877632,54.26,United States
252,Medline,MDLN,44385845248,32.99,United States
253,IQVIA,IQV,44247773184,268.82,United States
254,Exelon Corporation,EXC,43723976704,42.44,United States
255,Coinbase,COIN,43403812864,164.51,United States
256,Agilent Technologies,A,43335327744,153.69,United States
257,Keurig Dr Pepper,KDP,43274264576,31.8,United States
258,Veeva Systems,VEEV,42889654272,264.9,United States
259,Chipotle Mexican Grill,CMG,42619277312,33.68,United States
260,Revolution Medicines,RVMD,41992790016,195.92,United States
261,HEICO,HEI,41847558144,299.43,United States
262,Paychex,PAYX,41550041088,116.72,United States
263,Ares Management,ARES,41209888768,124.21,United States
264,Waters Corporation,WAT,41104527360,418.64,United States
265,Archer Daniels Midland (ADM),ADM,40966565888,85.0,United States
266,Rocket Lab,RKLB,40730480640,63.7,United States
267,IDEXX Laboratories,IDXX,40463556608,513.62,United States
268,Prudential Financial,PRU,40378802176,117.04,United States
269,CBRE Group,CBRE,40123551744,138.56,United States
270,Live Nation,LYV,39866359808,171.13,United States
271,American International Group,AIG,39776485376,76.07,United States
272,Take-Two Interactive,TTWO,39604326400,211.81,United States
273,BeOne Medicines,ONC,39375560704,348.08,United States
274,Waste Connections,WCN,39370588160,156.5,United States
275,MSCI,MSCI,39302344704,540.61,United States
276,Consolidated Edison,ED,38987333632,105.42,United States
277,D. R. Horton,DHI,38688284672,138.32,United States
278,Axon Enterprise,AXON,38053232640,468.42,United States
279,Microchip Technology,MCHP,37787975680,69.59,United States
280,Sysco,SYY,37746819072,78.71,United States
281,Yum! Brands,YUM,37649436672,137.96,United States
282,NetApp,NTAP,37612277760,191.49,United States
283,Roper Technologies,ROP,37168926720,375.82,United States
284,Twilio,TWLO,36686049280,238.88,United States
285,Rocket Companies,RKT,36669767680,12.95,United States
286,Venture Global,VG,36626362368,14.65,United States
287,The Hartford,HIG,36551467008,134.94,United States
288,Kroger,KR,36439441408,61.14,United States
289,TKO Group Holdings,TKO,36421169152,192.43,United States
290,Old Dominion Freight Line,ODFL,36261351424,174.36,United States
291,Martin Marietta Materials,MLM,35279589376,496.76,United States
292,PSEG,PEG,35083784192,70.39,United States
293,Estee Lauder,EL,34587942912,95.6,United States
294,Illumina,ILMN,34568429568,228.93,United States
295,Ubiquiti,UI,34523570176,570.37,United States
296,United Airlines Holdings,UAL,34501763072,106.3,United States
297,Expedia Group,EXPE,34442735616,286.97,United States
298,The Hershey Company,HSY,34316093440,170.79,United States
299,Kenvue,KVUE,34247391232,17.83,United States
300,Steel Dynamics,STLD,34145052672,238.23,United States
301,Roblox,RBLX,33882851328,47.43,United States
302,WEC Energy Group,WEC,33686306816,103.38,United States
303,Iron Mountain,IRM,33387370496,112.15,United States
304,DexCom,DXCM,32958687232,87.34,United States
305,ResMed,RMD,32925587456,228.25,United States
306,Okta,OKTA,32887312384,188.12,United States
307,M&T Bank,MTB,32639516672,226.01,United States
308,Kimberly-Clark,KMB,32626003968,98.1,United States
309,Emcor,EME,32617506816,739.46,United States
310,Centene,CNC,32608612352,66.01,United States
311,Everpure,P,32526313472,97.61,United States
312,Northern Trust,NTRS,32317286400,176.64,United States
313,Alnylam Pharmaceuticals,ALNY,32028551168,239.36,United States
314,Crown Castle,CCI,31997140992,73.22,United States
315,Huntington Bancshares,HBAN,31962961920,15.82,United States
316,Biogen,BIIB,31916341248,216.01,United States
317,"Cheniere Energy
Partners",CQP,31817113600,65.73,United States
318,Vulcan Materials,VMC,31656085504,244.3,United States
319,Raymond James Financial,RJF,31613898752,164.57,United States
320,EQT Corporation,EQT,31532263424,50.41,United States
321,Zscaler,ZS,31238021120,191.58,United States
322,Jabil,JBL,31146913792,297.24,United States
323,Carnival Corporation,CCL,30611658752,22.35,United States
324,Credo Technology,CRDO,30352357376,161.49,United States
325,Reddit,RDDT,30321690624,157.6,United States
326,MongoDB,MDB,30269751296,376.34,United States
327,Zoetis,ZTS,30165323776,73.0,United States
328,Extra Space Storage,EXR,30110445568,136.43,United States
329,Sunbelt Rentals,SUNB,29646489600,72.35,United States
330,HP,HPQ,29488566272,32.7,United States
331,PG&amp;E Corporation,PCG,29401600000,13.35,United States
332,Kraft Heinz,KHC,29325420544,24.73,United States
333,Halliburton,HAL,28751327232,34.51,United States
334,GE HealthCare Technologies,GEHC,28677560320,63.49,United States
335,Copart,CPRT,28533508096,30.82,United States
336,Ameren,AEE,28525930496,103.04,United States
337,Cboe Global Markets,CBOE,28241278976,270.43,United States
338,Citizens Financial Group,CFG,28151455744,66.84,United States
339,Teledyne Technologies,TDY,27864393728,601.1,United States
340,Cognizant Technology Solutions,CTSH,27859974144,61.85,United States
341,Mettler Toledo,MTD,27624204288,1378.69,United States
342,American Water,AWK,27376904192,137.76,United States
343,Atmos Energy,ATO,27369388032,161.96,United States
344,Quest Diagnostics,DGX,27271049216,247.08,United States
345,DTE Energy,DTE,27197110272,130.7,United States
346,EchoStar,ECHO,27149262848,93.46,United States
347,Dollar General,DG,27138070528,123.01,United States
348,VICI Properties,VICI,27009431552,24.53,United States
349,VeriSign,VRSN,26980784128,298.46,United States
350,Zoom,ZM,26826594304,91.94,United States
351,Insmed,INSM,26769205248,122.58,United States
352,Las Vegas Sands,LVS,26594611200,41.06,United States
353,Corpay,CPAY,26412886016,402.27,United States
354,Otis Worldwide,OTIS,26361352192,69.25,United States
355,LabCorp,LH,26317762560,324.51,United States
356,Fiserv,FISV,26295865344,49.45,United States
357,FirstEnergy,FE,26258681856,45.38,United States
358,LPL Financial,LPLA,26224332800,333.04,United States
359,Cincinnati Financial,CINF,26209447936,170.77,United States
360,Symbotic,SYM,26097276928,43.11,United States
361,W. R. Berkley,WRB,25967364096,69.95,United States
362,ON Semiconductor,ON,25928620032,66.6,United States
363,Coupang,CPNG,25884168192,14.4,United States
364,ATI Inc.,ATI,25824712704,189.65,United States
365,Williams-Sonoma,WSM,25699416064,218.2,United States
366,Eversource Energy,ES,25561149440,67.86,United States
367,West Pharmaceutical Services,WST,25476728832,362.01,United States
368,Dover Corporation,DOV,25368367104,188.36,United States
369,Incyte,INCY,25286543360,124.75,United States
370,CenterPoint Energy,CNP,25248749568,38.33,United States
371,PPL,PPL,25142521856,33.41,United States
372,Xylem,XYL,25046130688,107.27,United States
373,Principal Financial Group,PFG,24973164544,116.64,United States
374,Fox Corporation,FOX,24868876288,59.15,United States
375,Expeditors International,EXPD,24573427712,189.04,United States
376,Synchrony Financial,SYF,24363767808,74.88,United States
377,Regions Financial,RF,24254433280,28.47,United States
378,Supermicro,SMCI,24209172480,36.85,United States
379,SharkNinja,SN,24154697728,170.68,United States
380,Affirm,AFRM,24152612864,71.58,United States
381,Texas Pacific Land Corporation,TPL,24042504192,348.57,United States
382,Qnity Electronics,Q,24029693952,114.86,United States
383,F5,FFIV,23986708480,423.59,United States
384,GlobalFoundries,GFS,23985723392,43.03,United States
385,Formula One Group,FWONK,23907561472,95.36,United States
386,Samsara,IOT,23810707456,40.66,United States
387,First Citizens BancShares,FCNCA,23710697472,2099.57,United States
388,Verisk Analytics,VRSK,23655856128,181.75,United States
389,Darden Restaurants,DRI,23625768960,208.08,United States
390,Tapestry,TPR,23516254208,117.94,United States
391,Guardant Health,GH,23470909440,174.9,United States
392,Veralto,VLTO,23343212544,95.75,United States
393,PPG Industries,PPG,23337054208,104.98,United States
394,Hubbell,HUBB,23197198336,439.07,United States
395,AST SpaceMobile,ASTS,23065956352,59.27,United States
396,Roku,ROKU,23036968960,155.12,United States
397,Global Payments,GPN,22886844416,86.49,United States
398,ULTA Beauty,ULTA,22683695104,530.52,United States
399,Church & Dwight,CHD,22655344640,95.51,United States
400,NRG Energy,NRG,22572400640,107.38,United States
401,Bunge Global SA,BG,22502912000,117.13,United States
402,PulteGroup,PHM,22391670784,117.55,United States
403,Loews Corporation,L,22239690752,108.79,United States
404,J. B. Hunt,JBHT,22232481792,236.73,United States
405,Markel Group,MKL,22148909056,1787.65,United States
406,Tradeweb,TW,22114813952,102.37,United States
407,KeyCorp (KeyBank),KEY,22110904320,20.72,United States
408,Rivian,RIVN,22050916352,15.23,United States
409,Brown &amp; Brown,BRO,22044129280,65.88,United States
410,Circle Internet Group,CRCL,21930194944,80.45,United States
411,T. Rowe Price,TROW,21843544064,102.4,United States
412,Casey's General Stores,CASY,21769539584,589.0,United States
413,Omnicom Group,OMC,21763864576,79.33,United States
414,SoFi,SOFI,21750044672,16.84,United States
415,Dow,DOW,21728010240,30.08,United States
416,Rubrik,RBRK,21607882752,104.98,United States
417,International Flavors & Fragrances,IFF,21534658560,84.4,United States
418,Fair Isaac (FICO),FICO,21410816000,991.35,United States
419,Tenet Healthcare,THC,21400340480,265.78,United States
420,United Therapeutics,UTHR,21380153344,498.48,United States
421,"Arxis, Inc.",ARXS,21330210816,49.51,United States
422,Edison International,EIX,21091655680,54.81,United States
423,Dollar Tree,DLTR,21089646592,112.4,United States
424,Curtiss-Wright,CW,21054109696,570.04,United States
425,Constellation Brands,STZ,21014059008,123.03,United States
426,TD Synnex,SNX,20987574272,262.48,United States
427,LyondellBasell,LYB,20965163008,64.9,United States
428,Royal Gold,RGLD,20801536000,245.51,United States
429,CMS Energy,CMS,20692955136,65.99,United States
430,Packaging Corporation of America,PKG,20621799424,231.45,United States
431,Expand Energy,EXE,20543645696,88.74,United States
432,First Solar,FSLR,20534253568,191.07,United States
433,XPO Logistics,XPO,20421050368,174.41,United States
434,Carpenter Technology,CRS,20408217600,411.8,United States
435,HF Sinclair,DINO,20262027264,113.97,United States
436,Ralph Lauren,RL,20160245760,338.36,United States
437,Reliance,RS,20130809856,394.3,United States
438,US Foods,USFD,20012754944,92.51,United States
439,CF Industries,CF,19975120896,131.99,United States
440,Entegris,ENTG,19894558720,130.2,United States
441,General Mills,GIS,19679711232,36.81,United States
442,Viatris,VTRS,19549016064,17.02,United States
443,Coeur Mining,CDE,19510204416,18.98,United States
444,NiSource,NI,19498913792,40.66,United States
445,FTAI Aviation,FTAI,19496886272,189.83,United States
446,Best Buy,BBY,19389325312,92.45,United States
447,Western Midstream,WES,19377889280,46.9,United States
448,Snap-on,SNA,19293184000,372.98,United States
449,Equifax,EFX,19244025856,163.8,United States
450,MACOM Technology Solutions,MTSI,19226380288,251.75,United States
451,Permian Resources,PR,19221934080,22.95,United States
452,Southwest Airlines,LUV,19152500736,39.15,United States
453,SBA Communications,SBAC,19097982976,180.02,United States
454,Broadridge Financial Solutions,BR,19051902976,167.09,United States
455,Fidelity National Information Services,FIS,19003762688,36.85,United States
456,SS&C Technologies,SSNC,18901460992,80.55,United States
457,Lennar,LEN,18876542976,78.36,United States
458,Woodward,WWD,18803142656,318.45,United States
459,CDW Corporation,CDW,18747613184,149.96,United States
460,Essex Property Trust,ESS,18704248832,271.34,United States
461,Nutanix,NTNX,18571018240,68.7,United States
462,Unity Software,U,18540947456,42.13,United States
463,Evergy,EVRG,18535294976,80.39,United States
464,Zimmer Biomet,ZBH,18459594752,96.78,United States
465,Gen Digital,GEN,18346690560,30.65,United States
466,Tyson Foods,TSN,18335893504,52.12,United States
467,FedEx Freight,FDXF,18200842240,121.73,United States
468,Charter Communications,CHTR,18194960384,135.0,United States
469,TPG Inc.,TPG,18180911104,46.55,United States
470,MasTec,MTZ,18118402048,225.62,United States
471,International Paper,IP,18037151744,34.06,United States
472,Genuine Parts Company,GPC,17993455616,130.52,United States
473,Toast,TOST,17987360768,31.12,United States
474,Plains All American Pipeline,PAA,17935499264,25.42,United States
475,News Corp,NWS,17933594624,33.44,United States
476,C. H. Robinson,CHRW,17933162496,153.47,United States
477,ITT,ITT,17787387904,197.99,United States
478,Ovintiv,OVV,17362182144,62.77,United States
479,East West Bancorp,EWBC,17288155136,126.18,United States
480,Dupont De Nemours,DD,17227431936,127.57,United States
481,Nordson,NDSN,17212217344,309.02,United States
482,Medpace,MEDP,17205860352,616.44,United States
483,Alliant Energy,LNT,17141311488,66.11,United States
484,Tractor Supply,TSCO,17079694336,32.78,United States
485,Clean Harbors,CLH,16837020672,318.96,United States
486,Jacobs Engineering,J,16793870336,143.49,United States
487,Fortive,FTV,16701543424,55.3,United States
488,Franklin Resources,BEN,16624276480,32.72,United States
489,NVR,NVR,16568206336,6186.43,United States
490,SiTime,SITM,16442586112,548.9,United States
491,Pershing Square Inc.,PS,16403999744,41.01,United States
492,WESCO International,WCC,16341101568,335.32,United States
493,IDEX,IEX,16328956928,221.5,United States
494,Revvity,RVTY,16261485568,145.73,United States
495,Leidos,LDOS,16232418304,129.35,United States
496,Ball Corporation,BALL,16215727104,61.26,United States
497,Reinsurance Group of America,RGA,16200689664,248.09,United States
498,Zebra Technologies,ZBRA,16141450240,341.18,United States
499,Rollins,ROL,16132804608,33.53,United States
500,Invitation Homes,INVH,16070857728,27.21,United States
501,Dynatrace,DT,16017730560,55.19,United States
502,Annaly Capital Management,NLY,16001356800,21.23,United States
503,MKS Instruments,MKSI,15909059584,235.28,United States
504,APi Group,APG,15886211072,36.76,United States
505,Blue Owl Capital,OWL,15859622912,10.12,United States
506,Weyerhaeuser,WY,15719251968,21.81,United States
507,APA Corporation,APA,15692244992,44.79,United States
508,Jones Lang LaSalle,JLL,15650899968,340.18,United States
509,Semtech,SMTC,15636708352,167.55,United States
510,Corebridge Financial,CRBG,15535035392,34.85,United States
511,Viper Energy,VNOM,15513626624,43.19,United States
512,RBC Bearings,RBC,15422484480,487.14,United States
513,Neurocrine Biosciences,NBIX,15196553216,149.5,United States
514,Aramark,ARMK,15187438592,57.61,United States
515,W. P. Carey,WPC,15170325504,66.59,United States
516,Kimco Realty,KIM,15153132544,22.59,United States
517,Solventum,SOLV,15120973824,88.83,United States
518,Host Hotels & Resorts,HST,15117248512,21.76,United States
519,Lattice Semiconductor,LSCC,15100658688,106.32,United States
520,Akamai,AKAM,15015512064,104.48,United States
521,Unum,UNM,15010651136,94.82,United States
522,Lamar Advertising,LAMR,14981623808,147.53,United States
523,Omega Healthcare Investors,OHI,14978235392,46.91,United States
524,Hyatt Hotels,H,14950658048,158.65,United States
525,IonQ,IONQ,14925197312,36.84,United States
526,Onto Innovation,ONTO,14892113920,243.64,United States
527,Sunoco,SUN,14869620736,78.92,United States
528,Warner Music Group,WMG,14804005888,28.3,United States
529,Sterling Infrastructure,STRL,14764160000,482.67,United States
530,Equitable Holdings,EQH,14696621056,53.88,United States
531,DigitalOcean,DOCN,14551645184,123.76,United States
532,Pinnacle Financial Partners,PNFP,14517391360,96.07,United States
533,Sun Communities,SUI,14516661248,114.89,United States
534,Mid-America Apartment Communities,MAA,14501686272,121.9,United States
535,Burlington Stores,BURL,14492094464,230.71,United States
536,Healthpeak Properties,DOC,14427076608,20.35,United States
537,TransUnion,TRU,14304857088,74.66,United States
538,Performance Food Group,PFGC,14303017984,91.06,United States
539,Carlyle Group,CG,14256874496,40.01,United States
540,PTC,PTC,14231682048,131.16,United States
541,Tyler Technologies,TYL,14187505664,346.44,United States
542,Wayfair,W,14140582912,103.24,United States
543,Exelixis,EXEL,14069044224,56.78,United States
544,Penske Automotive Group,PAG,14061703168,214.15,United States
545,Assurant,AIZ,13986247680,283.56,United States
546,CACI International Inc,CACI,13948822528,631.18,United States
547,Lincoln Electric,LECO,13915319296,255.3,United States
548,Ares Capital,ARCC,13908103168,19.37,United States
549,Textron,TXT,13881063424,80.71,United States
550,Quantinuum Inc.,QNT,13817894912,52.01,United States
551,Talen Energy,TLN,13780141056,287.6,United States
552,Bitmine Immersion Technologies,BMNR,13759593472,22.81,United States
553,Regency Centers,REG,13696596992,73.26,United States
554,Somnigroup International,SGI,13507567616,64.21,United States
555,Masco,MAS,13463957504,68.28,United States
556,McCormick & Company,MKC,13458709504,50.06,United States
557,Stanley Black &amp; Decker,SWK,13448032256,89.05,United States
558,Mueller Industries,MLI,13390321664,60.54,United States
559,Trimble,TRMB,13365868544,57.32,United States
560,BridgeBio Pharma,BBIO,13352171520,68.3,United States
561,BWX Technologies,BWXT,13345658880,145.66,United States
562,Globe Life,GL,13293417472,172.98,United States
563,Invesco,IVZ,13280313344,30.08,United States
564,Coca-Cola Consolidated,COKE,13224328192,198.67,United States
565,J.M. Smucker Company,SJM,13199072256,123.56,United States
566,Charles River Laboratories,CRL,13169539072,273.41,United States
567,DocuSign,DOCU,13157933056,70.4,United States
568,Five Below,FIVE,13085242368,237.68,United States
569,Avery Dennison,AVY,13056781312,172.28,United States
570,CNA Financial,CNA,13010493440,48.08,United States
571,UL Solutions,ULS,12951768064,64.15,United States
572,IES Holdings,IESC,12951627776,325.02,United States
573,Albemarle,ALB,12918013952,109.47,United States
574,Skyworks Solutions,SWKS,12878964736,85.59,United States
575,AMH (American Homes 4 Rent),AMH,12864293888,31.38,United States
576,Erie Indemnity,ERIE,12841346048,245.58,United States
577,DT Midstream,DTM,12750892032,124.99,United States
578,Aurora Innovation,AUR,12746427392,6.36,United States
579,RPM International,RPM,12736218112,99.78,United States
580,BorgWarner,BWA,12682303488,62.27,United States
581,UDR Apartments,UDR,12637329408,34.4,United States
582,Tempus AI,TEM,12625019904,69.97,United States
583,Carlisle Companies,CSL,12610826240,317.54,United States
584,Hasbro,HAS,12595270656,89.3,United States
585,Webster Financial,WBS,12568934400,77.57,United States
586,SEI Investments,SEIC,12550406144,104.57,United States
587,GoDaddy,GDDY,12549520384,99.09,United States
588,Watsco,WSO,12548917248,304.2,United States
589,Penumbra,PEN,12541592576,318.4,United States
590,BioMarin Pharmaceutical,BMRN,12530030592,64.73,United States
591,Paramount Skydance,PSKY,12492865536,11.135,United States
592,Lennox,LII,12477787136,361.04,United States
593,U-Haul,UHAL,12378693632,63.32,United States
594,DaVita,DVA,12368268288,193.86,United States
595,Manhattan Associates,MANH,12362402816,212.03,United States
596,Graco,GGG,12353837056,76.28,United States
597,Halozyme Therapeutics,HALO,12307723264,108.44,United States
598,CoStar Group,CSGP,12301799424,30.36,United States
599,Figma,FIG,12291207168,23.06,United States
600,Ally Financial,ALLY,12262289408,40.31,United States
601,Pershing Square Holdings,PSHD.L,12225084416,56.685,United States
602,Madrigal Pharmaceuticals,MDGL,12224162816,529.09,United States
603,Encompass Health,EHC,12224141312,123.91,United States
604,Toll Brothers,TOL,12222377984,132.64,United States
605,Alcoa,AA,12208450560,46.26,United States
606,Equity LifeStyle Properties,ELS,12207105024,60.88,United States
607,Crown Holdings,CCK,12199666688,112.17,United States
608,Baxter,BAX,12164916224,23.53,United States
609,HubSpot,HUBS,12104555520,236.46,United States
610,Gartner,IT,12097449984,191.57,United States
611,Corcept Therapeutics,CORT,12086481920,111.81,United States
612,Hecla Mining,HL,12085113856,17.99,United States
613,Gaming and Leisure Properties,GLPI,12084873216,40.35,United States
614,DraftKings,DKNG,12078727168,24.33,United States
615,Brown Forman,BF-A,12054364160,26.27,United States
616,Guidewire Software,GWRE,12030784512,146.73,United States
617,TTM Technologies,TTMI,12009771008,114.0,United States
618,Nextpower,NXT,11988400128,78.03,United States
619,American Financial Group,AFG,11856110592,142.98,United States
620,Chime Financial,CHYM,11830785024,31.25,United States
621,Madison Air Solutions,MAIR,11780447232,23.48,United States
622,BJ's Wholesale Club,BJ,11744740352,92.98,United States
623,Essential Utilities,WTRG,11733896192,41.37,United States
624,Camden Property Trust,CPT,11723710464,101.3,United States
625,AGNC Investment,AGNC,11712557056,9.88,United States
626,"QXO, Inc.",QXO,11692520448,11.27,United States
627,New York Times,NYT,11678544896,72.41,United States
628,BrightSpring Health Services,BTSG,11666075648,58.96,United States
629,Watts Water Technologies,WTS,11643339776,348.78,United States
630,SailPoint,SAIL,11623760896,20.36,United States
631,American Healthcare REIT,AHR,11584454656,53.14,United States
632,"BXP, Inc.",BXP,11583390720,64.04,United States
633,Applied Industrial Technologies,AIT,11575217152,315.11,United States
634,Fidelity National Financial,FNF,11537655808,43.02,United States
635,Pinnacle West Capital,PNW,11512524800,94.99,United States
636,Amkor Technology,AMKR,11498380288,46.28,United States
637,Hormel Foods,HRL,11436290048,20.78,United States
638,JFrog,FROG,11420168192,92.62,United States
639,Elanco,ELAN,11417417728,22.86,United States
640,Stifel,SF,11412710400,75.58,United States
641,Crane Company,CR,11401119744,197.25,United States
642,Bio-Techne,TECH,11342663680,72.33,United States
643,First Horizon Corporation,FHN,11337487360,23.93,United States
644,Dayforce,DAY,11180042240,69.86,United States
645,Texas Roadhouse,TXRH,11163552768,170.07,United States
646,Jack Henry &amp; Associates,JKHY,11146502144,158.98,United States
647,Confluent,CFLT,11133729792,30.99,United States
648,Forgent Power Solutions,FPS,11113430016,34.84,United States
649,Axsome Therapeutics,AXSM,11103161344,211.97,United States
650,GameStop,GME,11088931840,21.98,United States
651,Service Corporation International,SCI,10997367808,80.69,United States
652,Dick's Sporting Goods,DKS,10995769344,123.65,United States
653,Antero Resources,AR,10969423872,35.68,United States
654,Huntington Ingalls Industries,HII,10958024704,278.09,United States
655,Instacart (Maplebear Inc.),CART,10845777920,46.85,United States
656,Arrow Electronics,ARW,10776678400,211.7,United States
657,Knight-Swift Transportation,KNX,10706089984,65.78,United States
658,Align Technology,ALGN,10687945728,150.45,United States
659,Universal Health Services,UHS,10679886848,181.21,United States
660,EastGroup Properties,EGP,10640125952,197.87,United States
661,Deckers Brands,DECK,10616737792,77.96,United States
662,Globalstar,GSAT,10611241984,81.9,United States
663,AES,AES,10566027264,14.81,United States
664,Pinterest,PINS,10561737728,18.65,United States
665,Avantor,AVTR,10557961216,15.61,United States
666,Molina Healthcare,MOH,10555884544,202.22,United States
667,Sanmina,SANM,10491682816,195.75,United States
668,Cooper Companies,COO,10384380928,54.61,United States
669,The Ensign Group,ENSG,10365531136,177.85,United States
670,Darling Ingredients,DAR,10345558016,65.56,United States
671,Generac,GNRC,10332603392,175.11,United States
672,Ryan Specialty,RYAN,10325076992,40.29,United States
673,"Popular, Inc. (Banco Popular de Puerto Rico)",BPOP,10265787392,160.96,United States
674,Clorox,CLX,10262205440,84.86,United States
675,Paycom,PAYC,10257849344,227.59,United States
676,Apogee Therapeutics,APGE,10223142912,135.07,United States
677,UMB Financial,UMBF,10192493568,134.2,United States
678,Match Group,MTCH,10165755904,43.58,United States
679,Bio-Rad Laboratories,BIO,10134571008,379.03,United States
680,Dillard's,DDS,10113437696,647.49,United States
681,Cognex,CGNX,10110252032,60.1,United States
682,Globus Medical,GMED,10104552448,75.26,United States
683,Advanced Energy,AEIS,10101522432,252.22,United States
684,Donaldson Company,DCI,10091215872,87.06,United States
685,South State Corp,SSB,10071775232,103.86,United States
686,Evercore,EVR,10069398528,261.83,United States
687,Littelfuse,LFUS,10058412032,396.02,United States
688,Qorvo,QRVO,10054619136,113.97,United States
689,Antero Midstream,AM,10044101632,21.16,United States
690,Owens Corning,OC,10006771712,126.59,United States
691,Wintrust Financial,WTFC,9999591424,148.24,United States
692,Oscar Health,OSCR,9981579264,32.34,United States
693,Domino's Pizza,DPZ,9967526912,301.3,United States
694,Krystal Biotech,KRYS,9965040640,336.67,United States
695,Regal Rexnord,RRX,9932179456,149.2,United States
696,Cullen/Frost Bankers,CFR,9909002240,159.44,United States
697,Leonardo DRS,DRS,9899006976,37.09,United States
698,Old Republic International,ORI,9874607104,40.9,United States
699,FactSet,FDS,9830672384,276.41,United States
700,Federal Realty Investment Trust,FRT,9827569664,112.42,United States
701,MGM Resorts,MGM,9822129152,38.39,United States
702,Allison Transmission,ALSN,9797058560,118.64,United States
703,ViaSat,VSAT,9773773824,70.95,United States
704,Repligen,RGEN,9758282752,172.91,United States
705,Insulet,PODD,9751200768,140.6,United States
706,Old National Bank,ONB,9682845696,25.31,United States
707,Snap,SNAP,9673650176,5.72,United States
708,Henry Schein,HSIC,9670216704,86.77,United States
709,Cytokinetics,CYTK,9646835712,69.39,United States
710,Glaukos,GKOS,9642103808,163.47,United States
711,Jefferies Financial Group,JEF,9630610432,47.35,United States
712,Sirius XM,SIRI,9626630144,28.56,United States
713,Modine Manufacturing,MOD,9622960128,181.18,United States
714,Kymera Therapeutics,KYMR,9569025024,116.33,United States
715,Advanced Drainage Systems,WMS,9564413952,126.84,United States
716,Zions Bancorporation,ZION,9555566592,65.47,United States
717,FirstCash,FCFS,9528783872,219.7,United States
718,Lineage,LINE,9513373696,37.94,United States
719,OGE Energy,OGE,9504803840,46.01,United States
720,Janus Living,JAN,9491358720,30.55,United States
721,Twist Bioscience,TWST,9485709312,143.07,United States
722,Madison Square Garden Sports,MSGS,9483162624,393.82,United States
723,10x Genomics,TXG,9469561856,72.68,United States
724,Murphy USA,MUSA,9434081280,513.27,United States
725,Booz Allen Hamilton,BAH,9431545856,78.41,United States
726,Bentley Systems,BSY,9395089408,31.1,United States
727,Tetra Tech,TTEK,9337940992,36.47,United States
728,Arrowhead Pharmaceuticals,ARWR,9293131776,65.79,United States
729,Solstice Advanced Materials,SOLS,9289394176,58.48,United States
730,Jackson Financial,JXN,9285611520,137.1,United States
731,Bruker,BRKR,9243638784,60.67,United States
732,Protagonist Therapeutics,PTGX,9242931200,142.84,United States
733,Alexandria Real Estate Equities,ARE,9210539008,53.52,United States
734,Flowserve,FLS,9191525376,72.31,United States
735,Valmont Industries,VMI,9176564736,475.35,United States
736,Saia,SAIA,9139652608,343.53,United States
737,Ryder,R,9125020672,237.96,United States
738,Kinetik,KNTK,9109721088,53.84,United States
739,Houlihan Lokey,HLI,9109005312,130.34,United States
740,Life Time Group,LTH,9101604864,40.73,United States
741,Voya Financial,VOYA,9085001728,100.28,United States
742,Range Resources,RRC,9078449152,38.85,United States
743,SM Energy,SM,9076510720,38.16,United States
744,Westlake Corporation,WLK,9030104064,70.66,United States
745,Crinetics Pharmaceuticals,CRNX,9012787200,84.95,United States
746,PBF Energy,PBF,9000503296,75.93,United States
747,Primerica,PRI,8984216576,291.91,United States
748,CubeSmart,CUBE,8984107008,39.69,United States
749,CareTrust REIT,CTRE,8974415872,37.98,United States
750,Oshkosh Corporation,OSK,8954732544,145.04,United States
751,SPX Technologies,SPXC,8949341184,178.68,United States
752,Kratos Defense &amp; Security Solutions,KTOS,8933657600,47.59,United States
753,Elastic NV,ESTC,8927408128,85.03,United States
754,Acuity Brands,AYI,8889660416,296.96,United States
755,Rexford Industrial,REXR,8880162816,38.84,United States
756,Affiliated Managers Group,AMG,8865302528,342.82,United States
757,Legence Corp.,LGN,8845101056,53.84,United States
758,Rambus,RMBS,8829858816,81.41,United States
759,Brinker International,EAT,8796128256,210.61,United States
760,Liberty Live Holdings,LLYVA,8780072960,95.43,United States
761,Vaxcyte,PCVX,8745286656,58.77,United States
762,The Toro Company,TTC,8739322880,92.32,United States
763,MP Materials,MP,8725196800,48.99,United States
764,Wynn Resorts,WYNN,8672975872,84.225,United States
765,Dycom Industries,DY,8667656192,287.38,United States
766,Mohawk Industries,MHK,8650161152,127.7,United States
767,Praxis Precision Medicines,PRAX,8626997248,308.99,United States
768,Brixmor Property Group,BRX,8586287616,27.98,United States
769,TG Therapeutics,TGTX,8549718016,55.85,United States
770,Agree Realty,ADC,8543794688,68.5,United States
771,VIAVI Solutions,VIAV,8505466880,34.47,United States
772,Western Alliance Bancorporation,WAL,8488047616,77.8,United States
773,InterDigital,IDCC,8482951168,328.72,United States
774,Vicor,VICR,8479489024,183.91,United States
775,Prosperity Bancshares,PB,8453233664,70.34,United States
776,First Industrial Realty Trust,FR,8414335488,61.41,United States
777,Columbia Banking System,COLB,8407855104,29.72,United States
778,American Airlines,AAL,8407017984,12.7,United States
779,Chewy,CHWY,8404299264,20.91,United States
780,AGCO,AGCO,8396103680,119.89,United States
781,ImmunityBio,IBRX,8383304704,7.91,United States
782,CarMax,KMX,8344372736,58.8,United States
783,Ryman Hospitality Properties,RHP,8273285632,119.93,United States
784,Kinsale Capital Group,KNSL,8217316352,360.75,United States
785,Commerce Bancshares,CBSH,8215794688,57.28,United States
786,Applied Optoelectronics,AAOI,8213834240,96.74,United States
787,Dropbox,DBX,8206284800,37.74,United States
788,Lear Corporation,LEA,8201345536,123.19,United States
789,NewMarket Corp,NEU,8200343040,891.69,United States
790,UGI Corporation,UGI,8189417472,38.18,United States
791,FormFactor,FORM,8188614656,104.82,United States
792,Hess Midstream,HESM,8160540160,39.58,United States
793,Paylocity,PCTY,8156519424,147.32,United States
794,StoneX Group,SNEX,8154897408,67.61,United States
795,Lincoln National Corporation,LNC,8126939136,42.45,United States
796,GitLab,GTLB,8125814272,48.77,United States
797,Timken Company,TKR,8086941184,116.7,United States
798,AECOM,ACM,8083422720,62.81,United States
799,BOK Financial,BOKF,8071055872,132.82,United States
800,Hanover Insurance Group,THG,8069934080,231.76,United States
801,SentinelOne,S,8064297984,23.17,United States
802,Chord Energy,CHRD,8042228224,147.03,United States
803,Spyre Therapeutics,SYRE,8038801408,91.17,United States
804,Caris Life Sciences,CAI,7974422528,28.21,United States
805,AeroVironment,AVAV,7950899200,156.45,United States
806,HealthEquity,HQY,7940668416,96.0,United States
807,Compass,COMP,7929768960,10.33,United States
808,AptarGroup,ATR,7929202176,124.71,United States
809,NNN REIT,NNN,7923836928,41.65,United States
810,Core &amp; Main,CNM,7897870848,42.82,United States
811,Procore,PCOR,7897119232,51.97,United States
812,Galaxy Digital Holdings,7LX.F,7887111260,22.3715,United States
813,The Mosaic Company,MOS,7880633344,24.79,United States
814,Smithfield Foods,SFD,7855660544,19.95,United States
815,AppFolio,APPF,7833176064,221.17,United States
816,Element Solutions,ESI,7822477824,32.1,United States
817,A. O. Smith,AOS,7731838976,56.89,United States
818,Zeta Global,ZETA,7689597440,30.85,United States
819,TeraWulf,WULF,7679128064,15.39,United States
820,Idacorp,IDA,7675060736,132.69,United States
821,Primo Brands,PRMB,7655109120,21.15,United States
822,StandardAero,SARO,7654166016,23.13,United States
823,National Fuel Gas,NFG,7636873216,80.35,United States
824,Riot Platforms,RIOT,7636519424,20.35,United States
825,Zurn Elkay Water Solutions,ZWS,7611503104,45.89,United States
826,Avnet,AVT,7610627584,92.73,United States
827,Morningstar,MORN,7602875392,202.67,United States
828,Hinge Health,HNGE,7563487744,93.73,United States
829,Levi Strauss &amp; Co.,LEVI,7562313216,19.65,United States
830,Central Bancompany,CBC,7520461312,31.4,United States
831,Immunovant,IMVT,7514386944,36.38,United States
832,Valley Bank,VLY,7482274816,13.54,United States
833,Ralliant Corporation,RAL,7477051904,67.58,United States
834,Figure Technology Solutions,FIGR,7469539328,33.29,United States
835,Lithia Motors,LAD,7457332736,339.23,United States
836,Ionis Pharmaceuticals,IONS,7451704832,44.84,United States
837,Eastman Chemical,EMN,7439233536,65.07,United States
838,Clearway Energy,CWEN,7394147328,29.98,United States
839,Silicon Labs,SLAB,7331011072,219.71,United States
840,NOV,NOV,7325624832,20.55,United States
841,STAG Industrial,STAG,7297629184,37.08,United States
842,Molson Coors,TAP,7292213760,39.11,United States
843,Conagra Brands,CAG,7264626688,15.18,United States
844,First American Financial Corporation,FAF,7260331008,71.11,United States
845,Dutch Bros,BROS,7256150016,41.37,United States
846,Kirby Corporation,KEX,7230432256,136.94,United States
847,Commercial Metals Company,CMC,7211600896,65.19,United States
848,Aura Minerals,AUGO,7206614528,85.96,United States
849,Magnolia Oil &amp; Gas,MGY,7169541632,26.1,United States
850,Terreno Realty,TRNO,7149542400,65.61,United States
851,Celsius Holdings,CELH,7148239872,28.25,United States
852,Matador Resources,MTDR,7144330752,57.73,United States
853,Arcosa,ACA,7127362048,145.14,United States
854,Axalta,AXTA,7124725760,33.29,United States
855,UiPath,PATH,7103348736,13.63,United States
856,Fluor Corporation,FLR,7086939136,52.99,United States
857,Gap Inc.,GAP,7085118976,20.17,United States
858,Netskope,NTSK,7064482304,17.29,United States
859,Pilgrim's Pride,PPC,7062299136,29.66,United States
860,Simpson Manufacturing Company,SSD,7056332288,172.17,United States
861,Matson,MATX,7045852672,235.62,United States
862,Zillow,Z,7040835072,31.31,United States
863,Federal Signal,FSS,7039929344,115.33,United States
864,Light &amp; Wonder,LNW,7028988928,86.22,United States
865,Ozon,OZON.ME,6982410357,31.92,United States
866,OneMain Financial,OMF,6968061952,60.57,United States
867,Cipher Mining,CIFR,6939313152,16.72,United States
868,MSA Safety,MSA,6937147904,179.82,United States
869,Applied Digital,APLD,6934169600,24.39,United States
870,Cleveland-Cliffs,CLF,6932061184,12.15,United States
871,Duolingo,DUOL,6903702016,148.17,United States
872,Vornado Realty Trust,VNO,6896060416,34.82,United States
873,Hexcel,HXL,6887784448,91.08,United States
874,Lumen Technologies,LUMN,6879740928,6.67,United States
875,Belite Bio,BLTE,6814449664,169.21,United States
876,The Trade Desk,TTD,6808563712,14.49,United States
877,PACS Group,PACS,6764097536,42.72,United States
878,Rhythm Pharmaceuticals,RYTM,6748192256,98.01,United States
879,Etsy,ETSY,6742286848,73.46,United States
880,Enact Holdings,ACT,6727075840,48.93,United States
881,Terex,TEX,6723125760,58.82,United States
882,WEX,WEX,6719871488,197.17,United States
883,ESCO Technologies,ESE,6709542400,258.98,United States
884,MSC Industrial Direct,MSM,6694853632,119.88,United States
885,Armstrong World Industries,AWI,6674145280,157.92,United States
886,Norwegian Cruise Line,NCLH,6671998976,14.53,United States
887,Chemed,CHE,6664503808,509.91,United States
888,Sprouts Farmers Market,SFM,6626176000,71.06,United States
889,Oklo,OKLO,6625948672,35.62,United States
890,Macerich,MAC,6614580736,22.42,United States
891,Urban Outfitters,URBN,6602686976,77.08,United States
892,CG Oncology,CGON,6570024960,74.12,United States
893,Lantheus Holdings,LNTH,6565249536,100.54,United States
894,Lamb Weston,LW,6534574080,47.53,United States
895,Hims &amp; Hers Health,HIMS,6532775424,28.0,United States
896,Solaris Energy Infrastructure,SEI,6500462592,64.6,United States
897,PJT Partners,PJT,6500333568,152.6,United States
898,Powell Industries,POWL,6474430976,177.71,United States
899,AutoNation,AN,6459089408,195.37,United States
900,Plexus,PLXS,6458603520,242.33,United States
901,Plains GP,PAGP,6449452032,27.68,United States
902,United Bankshares,UBSI,6443722752,47.32,United States
903,Gates Industrial Corp,GTES,6442697216,25.45,United States
904,Healthcare Realty Trust,HR,6419459072,18.5,United States
905,Builders FirstSource,BLDR,6418128896,59.65,United States
906,Amdocs,DOX,6411081216,61.4,United States
907,"Mobility Global, Inc.",MBGL,6380800000,19.94,United States
908,Victory Capital,VCTR,6379772928,103.72,United States
909,Campbell's,CPB,6378631168,21.39,United States
910,LandBridge,LB,6374963200,82.7,United States
911,F.N.B. Corporation,FNB,6368194560,17.89,United States
912,Qualys,QLYS,6332960768,183.06,United States
913,Rush Street Interactive,RSI,6323555328,25.89,United States
914,Mirum Pharmaceuticals,MIRM,6322448896,97.37,United States
915,MaxLinear,MXL,6304083968,69.51,United States
916,MiniMed Group,MMED,6302238208,22.4,United States
917,Amneal Pharmaceuticals,AMRX,6297192448,18.08,United States
918,Southwest Gas,SWX,6283953152,86.74,United States
919,GATX,GATX,6271237120,177.63,United States
920,Credit Acceptance,CACC,6244334080,601.54,United States
921,StepStone Group,STEP,6233463296,48.29,United States
922,Aaon,AAON,6230196736,75.56,United States
923,Andersen Group,ANDG,6215494656,55.01,United States
924,Ingredion,INGR,6210541056,98.48,United States
925,EnerSys,ENS,6198530048,171.87,United States
926,Allegro MicroSystems,ALGM,6154995712,33.02,United States
927,RingCentral,RNG,6141043200,73.54,United States
928,Liquidia Corporation,LQDA,6126883328,68.45,United States
929,Terns Pharmaceuticals,TERN,6116845568,52.95,United States
930,Sensata Technologies,ST,6099407872,41.91,United States
931,POOLCORP,POOL,6096523776,167.76,United States
932,Albertsons,ACI,6095690752,12.56,United States
933,EnPro Industries,NPO,6078511104,287.16,United States
934,Loar Holdings,LOAR,6058833408,64.67,United States
935,Pegasystems,PEGA,6056678400,36.84,United States
936,MGIC Investment,MTG,6051182592,29.5,United States
937,Caesars Entertainment,CZR,6046074368,29.67,United States
938,EPAM Systems,EPAM,6044446208,117.17,United States
939,Joby Aviation,JOBY,6042756608,6.08,United States
940,TXNM Energy,TXNM,6032319488,58.54,United States
941,Hamilton Lane,HLNE,6023943168,89.88,United States
942,Commvault,CVLT,6018165248,145.21,United States
943,Scholar Rock Holding,SRRK,6012539392,49.37,United States
944,Ingram Micro Holding Corporation,INGM,6006263296,26.11,United States
945,Rayonier,RYN,5996960768,20.04,United States
946,Travere Therapeutics,TVTX,5983693312,63.48,United States
947,Hancock Whitney,HWC,5980628992,74.55,United States
948,RadNet,RDNT,5963716096,75.78,United States
949,Home BancShares,HOMB,5949475840,29.74,United States
950,Lyft,LYFT,5939296256,15.69,United States
951,Abercrombie &amp; Fitch,ANF,5936144896,139.89,United States
952,Cirrus Logic,CRUS,5913871872,118.0,United States
953,Kodiak Gas Services,KGS,5905486336,58.41,United States
954,Victoria's Secret &amp; Co,VSXY,5899348480,73.96,United States
955,Weatherford International,WFRD,5885446144,82.3,United States
956,Navan,NAVN,5867048448,22.53,United States
957,Glacier Bancorp,GBCI,5851724800,44.94,United States
958,Planet Labs,PL,5828845056,16.02,United States
959,LKQ Corporation,LKQ,5819047936,23.0,United States
960,CAVA Group,CAVA,5812276224,49.76,United States
961,Essential Properties Realty Trust,EPRT,5809298944,26.79,United States
962,BGC Group,BGC,5791182336,12.18,United States
963,JBT Marel Corporation,JBTM,5779596288,111.41,United States
964,Churchill Downs,CHDN,5760724992,82.65,United States
965,MarketAxess,MKTX,5748759040,163.35,United States
966,Schneider National,SNDR,5741104128,32.75,United States
967,Landstar System,LSTR,5740091392,169.14,United States
968,Casella Waste Systems,CWST,5731422720,90.06,United States
969,Rush Enterprises,RUSHA,5720957440,49.01,United States
970,Macy's,M,5696262144,21.81,United States
971,Starwood Property Trust,STWD,5688939008,14.98,United States
972,Fannie Mae,FNMA,5686209536,4.91,United States
973,Mercury General,MCY,5677888512,102.51,United States
974,USA Rare Earth,USAR,5668430336,15.1,United States
975,ServiceTitan,TTAN,5659771904,58.67,United States
976,Ormat Technologies,ORA,5650953728,91.89,United States
977,Cogent Biosciences,COGT,5646502912,32.54,United States
978,PTC Therapeutics,PTCT,5641115136,67.59,United States
979,Portland General Electric,POR,5634587136,47.91,United States
980,Associated Banc-Corp,ASB,5620166144,29.76,United States
981,Ameris Bancorp,ABCB,5618217984,83.72,United States
982,Atlantic Union Bankshares,AUB,5589774848,39.14,United States
983,H&amp;R Block,HRB,5560525824,45.11,United States
984,SAIC (Science Applications International Corp),SAIC,5556464128,132.62,United States
985,RLI Corp.,RLI,5555935744,60.54,United States
986,Frontdoor,FTDR,5548667392,80.54,United States
987,Crocs,CROX,5532861952,115.4,United States
988,Argan,AGX,5523829248,393.72,United States
989,CLEAR Secure,YOU,5522501120,40.67,United States
990,Sotera Health,SHC,5516294656,19.33,United States
991,Blue Owl Capital Corporation,OBDC,5513952768,11.11,United States
992,e.l.f. Beauty,ELF,5511937024,93.41,United States
993,Eagle Materials,EXP,5504380416,179.44,United States
994,Dolby,DLB,5502105088,58.74,United States
995,Boyd Gaming,BYD,5492749312,75.6,United States
996,Ligand Pharmaceuticals,LGND,5486279680,275.2,United States
997,Murphy Oil,MUR,5474519552,38.19,United States
998,Sensient Technologies,SXT,5461234176,128.31,United States
999,Archrock,AROC,5444250624,31.05,United States
1000,EXL Service,EXLS,5435307520,35.85,United States
1001,Red Rock Resorts,RRR,5433906176,53.28,United States
1002,Brookfield Renewable,BEPC,5430055424,29.25,United States
1003,New Jersey Resources,NJR,5428534784,53.5,United States
1004,Impinj,PI,5426158080,177.59,United States
1005,Core Scientific,CORZ,5424226304,16.88,United States
1006,Teleflex,TFX,5423666688,128.0,United States
1007,International Seaways,INSW,5417734656,109.38,United States
1008,Construction Partners,ROAD,5395750912,95.07,United States
1009,Black Hills,BKH,5375846400,70.5,United States
1010,Erasca,ERAS,5372344832,15.36,United States
1011,Varonis Systems,VRNS,5370876416,46.76,United States
1012,Phillips Edison &amp; Company,PECO,5346679296,37.8,United States
1013,Balchem,BCPC,5342756352,167.6,United States
1014,Xometry,XMTR,5339691008,93.15,United States
1015,CVR Energy,CVI,5333148160,53.05,United States
1016,Installed Building Products,IBP,5303077376,199.52,United States
1017,Rithm Capital,RITM,5293698560,9.48,United States
1018,GXO Logistics,GXO,5292693504,46.15,United States
1019,Selective Insurance,SIGI,5273654272,88.53,United States
1020,Kite Realty,KRG,5263290880,25.65,United States
1021,SOLV Energy,MWH,5260030976,25.99,United States
1022,Main Street Capital,MAIN,5258916352,56.24,United States
1023,Axos Financial,AX,5250168832,92.54,United States
1024,Mercury Systems,MRCY,5246877696,87.25,United States
1025,Versant Media Group,VSNT,5245320192,37.69,United States
1026,First National of Nebraska,FINN,5242459136,19400.0,United States
1027,Bank OZK,OZK,5232715264,47.99,United States
1028,Flagstar Bank,FLG,5221868032,12.58,United States
1029,Perimeter Solutions,PRM,5221613056,31.9,United States
1030,ACI Worldwide,ACIW,5207271424,51.58,United States
1031,Sphere Entertainment,SPHR,5187002368,144.43,United States
1032,VSE Corporation,VSEC,5186687488,184.81,United States
1033,Liberty Broadband,LBRDA,5177567232,35.99,United States
1034,Materion,MTRN,5173221888,248.31,United States
1035,PriceSmart,PSMT,5153707520,167.0,United States
1036,Granite Construction,GVA,5144634368,115.8,United States
1037,Celanese,CE,5143931904,46.87,United States
1038,Merit Medical,MMSI,5143455744,86.14,United States
1039,CNO Financial Group,CNO,5139561984,55.55,United States
1040,ADT,ADT,5135831552,7.03,United States
1041,Sabra Health Care REIT,SBRA,5132246528,20.09,United States
1042,"Calumet, Inc.",CLMT,5098976256,58.01,United States
1043,Waystar,WAY,5098590208,26.59,United States
1044,Definium Therapeutics,DFTX,5085788672,37.85,United States
1045,Middleby,MIDD,5078921728,112.31,United States
1046,Wyndham Hotels &amp; Resorts,WH,5058972160,68.17,United States
1047,Virtu Financial,VIRT,5055214080,57.25,United States
1048,Piper Sandler,PIPR,5043031552,71.36,United States
1049,Nexstar Media Group,NXST,5042394624,163.67,United States
1050,Novanta,NOVT,5022199808,132.8,United States
1051,Iridium Communications,IRDM,5010807808,47.28,United States
1052,VF Corporation,VFC,5004602880,12.73,United States
1053,Vail Resorts,MTN,4992969728,140.12,United States
1054,Uranium Energy,UEC,4988313088,10.08,United States
1055,CNX Resources,CNX,4987179520,33.71,United States
1056,Laureate Education,LAUR,4986526720,36.2,United States
1057,Parsons,PSN,4965382656,46.49,United States
1058,Outfront Media,OUT,4963491328,28.18,United States
1059,Icahn Enterprises,IEP,4947969024,6.96,United States
1060,Global Business Travel Group,GBTG,4946876416,9.47,United States
1061,Rigetti Computing,RGTI,4936439808,14.79,United States
1062,Eastern Bankshares,EBC,4933564416,21.59,United States
1063,BETA Technologies,BETA,4911885824,20.26,United States
1064,Warrior Met Coal,HCC,4895809536,92.72,United States
1065,Floor &amp; Decor,FND,4895344128,45.97,United States
1066,BillionToOne,BLLN,4889049088,103.61,United States
1067,LifeStance Health Group,LFST,4862171648,12.79,United States
1068,Amentum,AMTM,4860787200,19.88,United States
1069,Klaviyo,KVYO,4857311232,16.23,United States
1070,Insight Enterprises,NSIT,4848136704,165.19,United States
1071,Delek US,DK,4847139328,79.16,United States
1072,California Resources Corporation,CRC,4838020096,54.47,United States
1073,Haemonetics,HAE,4833606656,106.24,United States
1074,Acushnet Holdings,GOLF,4830681088,82.71,United States
1075,The Cheesecake Factory,CAKE,4827776512,97.02,United States
1076,UniFirst,UNF,4812559872,266.12,United States
1077,Millrose Properties,MRP,4807087616,28.95,United States
1078,Graham Holdings,GHC,4806007808,1134.85,United States
1079,ONE Gas,OGS,4805361664,76.45,United States
1080,Vishay Intertechnology,VSH,4803835392,31.32,United States
1081,Sonoco,SON,4786538496,48.41,United States
1082,Hagerty,HGTY,4776355328,13.9,United States
1083,First Financial Bankshares,FFIN,4775672320,33.32,United States
1084,Herc Holdings,HRI,4771001344,142.71,United States
1085,"Box, Inc.",BOX,4755378688,34.66,United States
1086,SLM Corporation (Sallie Mae),SLM,4752640000,25.28,United States
1087,ACADIA Pharmaceuticals,ACAD,4745294336,27.54,United States
1088,Reynolds Consumer Products,REYN,4728041472,22.43,United States
1089,Spire Inc.,SR,4723113472,79.9,United States
1090,AAR,AIR,4719543808,117.23,United States
1091,Fortune Brands Innovations,FBIN,4718054400,39.55,United States
1092,Greif,GEF,4712712704,82.9,United States
1093,TFS Financial,TFSL,4705829376,16.78,United States
1094,Gentex,GNTX,4700344832,22.31,United States
1095,Enphase Energy,ENPH,4699063808,35.56,United States
1096,CSW Industrials,CSW,4689265152,287.8,United States
1097,Remitly,RELY,4688801792,22.15,United States
1098,Cactus Inc,WHD,4686068736,67.2,United States
1099,HASI (HA Sustainable Infrastructure Capita),HASI,4677246976,36.4,United States
1100,Jersey Mike's Subs,JMKE,4672982016,20.07,United States
1101,Dave Inc.,DAVE,4666347008,365.83,United States
1102,Core Natural Resources,CNR,4666304512,94.01,United States
1103,Radian Group,RDN,4666267648,35.27,United States
1104,Cousins Properties,CUZ,4654006784,28.27,United States
1105,Oceaneering International,OII,4639076864,46.61,United States
1106,Concentra Group,CON,4637819904,36.37,United States
1107,Doximity,DOCS,4623700992,25.94,United States
1108,Paymentus,PAY,4614428672,36.64,United States
1109,KBR,KBR,4614079488,36.6,United States
1110,Champion Homes,SKY,4607840768,84.89,United States
1111,Patterson-UTI Energy,PTEN,4588059648,12.03,United States
1112,Louisiana-Pacific,LPX,4570193920,65.36,United States
1113,Nelnet,NNI,4559373824,127.43,United States
1114,Parabilis Medicines,PBLS,4555906048,36.88,United States
1115,Fervo Energy Company,FRVO,4539353088,15.4,United States
1116,UFP Industries,UFPI,4523793920,82.01,United States
1117,Tutor Perini Corporation,TPC,4516972032,85.85,United States
1118,ACM Research,ACMR,4514661376,64.82,United States
1119,ServisFirst Bancshares,SFBS,4513762304,41.28,United States
1120,Fulton Financial,FULT,4478855168,23.46,United States
1121,Chefs' Warehouse,CHEF,4474514432,109.68,United States
1122,Iovance Biotherapeutics,IOVA,4470828032,9.87,United States
1123,Choice Hotels International,CHH,4467202560,98.19,United States
1124,Brink's,BCO,4464846848,108.42,United States
1125,EquipmentShare.com,EQPT,4454349312,17.58,United States
1126,Alaska Airlines,ALK,4428411904,39.68,United States
1127,Adaptive Biotechnologies,ADPT,4416016896,27.67,United States
1128,International Bancshares Corp,IBOC,4411244032,70.93,United States
1129,Belden,BDC,4397078016,112.52,United States
1130,Trex,TREX,4391408640,43.11,United States
1131,Brunswick Corporation,BC,4388081664,67.72,United States
1132,Tidewater,TDW,4387006976,88.17,United States
1133,Moelis &amp; Company,MC,4370032128,58.99,United States
1134,EPR Properties,EPR,4367474176,57.01,United States
1135,Ollie's Bargain Outlet,OLLI,4350038016,73.23,United States
1136,Covista Inc.,CVSA,4329737728,127.2,United States
1137,Integer Holdings,ITGR,4287370240,126.11,United States
1138,MYR Group,MYRG,4287304192,275.37,United States
1139,Enova International,ENVA,4286005760,172.14,United States
1140,Alliance Laundry Holdings,ALH,4283904768,21.55,United States
1141,OPENLANE Corporate,OPLN,4279769600,35.06,United States
1142,Veradermics,MANE,4279121408,102.42,United States
1143,Excelerate Energy,EE,4276393216,37.71,United States
1144,Tanger Inc.,SKT,4276013568,35.77,United States
1145,Griffon Corporation,GFF,4275228672,93.21,United States
1146,Telephone and Data Systems,TDS,4267350016,37.07,United States
1147,MARA Holdings,MARA,4264744192,11.04,United States
1148,Vontier,VNT,4262856192,31.53,United States
1149,Par Pacific Holdings,PARR,4253458432,84.9,United States
1150,Franklin Electric,FELE,4248721664,96.1,United States
1151,Federated Hermes,FHI,4232491264,56.69,United States
1152,Korn Ferry,KFY,4224492032,77.43,United States
1153,AXT Inc,AXTI,4216357632,64.3,United States
1154,NorthWestern Energy,NWE,4215202816,68.52,United States
1155,HeartFlow,HTFL,4199859968,48.3,United States
1156,Ondas Holdings,ONDS,4192494336,7.2,United States
1157,Neptune Insurance Holdings,NP,4188353792,30.52,United States
1158,"X-Energy, Inc.",XE,4188273408,14.57,United States
1159,Bill.com,BILL,4178562304,49.0,United States
1160,Primoris Services Corporation,PRIM,4174374912,76.94,United States
1161,United Community Bank,UCB,4172571648,34.84,United States
1162,Meritage Homes,MTH,4168534784,63.96,United States
1163,Americold,COLD,4165016832,14.52,United States
1164,Helmerich &amp; Payne,HP,4163456512,41.66,United States
1165,Webull,BULL,4149681152,7.69,United States
1166,Texas Capital Bancshares,TCBI,4144411648,95.33,United States
1167,Bread Financial,BFH,4143517952,107.85,United States
1168,Seaboard Corporation,SEB,4142405888,4324.94,United States
1169,Geo Group,GEO,4136803584,31.43,United States
1170,Cathay General Bancorp,CATY,4136256768,62.0,United States
1171,Broadstone Net Lease,BNL,4134452224,19.42,United States
1172,Avis Budget Group,CAR,4131699968,116.96,United States
1173,ESAB,ESAB,4130799360,66.48,United States
1174,Cavco Industries,CVCO,4130362368,537.15,United States
1175,Relay Therapeutics,RLAY,4128628480,18.84,United States
1176,Diodes Incorporated,DIOD,4118403840,89.43,United States
1177,Rumble,RUM,4115224832,8.3,United States
1178,WSFS Financial,WSFS,4090484736,79.6,United States
1179,Silgan Holdings,SLGN,4075098624,38.56,United States
1180,CECO Environmental,CECO,4065917696,69.42,United States
1181,Indivior PLC,INDV,4054396928,34.35,United States
1182,Cabot Corporation,CBT,4050968832,78.46,United States
1183,Kilroy Realty,KRC,4042372352,34.42,United States
1184,Celcuity Inc.,CELC,4040796928,82.58,United States
1185,Itron,ITRI,4034511360,92.14,United States
1186,Archer Aviation,ACHR,4019539712,5.22,United States
1187,Grand Canyon Education,LOPE,4010627072,153.87,United States
1188,Envista,NVST,4010624256,24.97,United States
1189,FTI Consulting,FCN,4007268096,145.13,United States
1190,Tenable,TENB,4005790976,36.37,United States
1191,CVB Financial,CVBF,3998661632,22.72,United States
1192,AZZ,AZZ,3986632192,132.66,United States
1193,COPT Defense Properties,CDP,3975781632,34.32,United States
1194,SL Green Realty,SLG,3970685696,51.75,United States
1195,Brady Corporation,BRC,3967673600,84.6,United States
1196,Workiva,WK,3957711360,72.73,United States
1197,Sezzle,SEZL,3950752768,117.32,United States
1198,Travel + Leisure,TNL,3947791616,64.42,United States
1199,Mirion Technologies,MIR,3944835328,15.84,United States
1200,Cinemark Theatres,CNK,3944480256,34.03,United States
1201,Century Aluminum,CENX,3939933184,39.8,United States
1202,Tango Therapeutics,TNGX,3937052160,23.35,United States
1203,MDU Resources,MDU,3923017216,18.65,United States
1204,Pattern Group,PTRN,3910355200,19.64,United States
1205,Independent Bank Corp.,INDB,3906766336,82.475,United States
1206,ICU Medical,ICUI,3891595008,155.62,United States
1207,SiteOne Landscape Supply,SITE,3860009728,88.42,United States
1208,Comstock Resources,CRK,3846429184,13.1,United States
1209,Genworth Financial,GNW,3812517120,10.09,United States
1210,WaterBridge Infrastructure,WBI,3802451200,30.8,United States
1211,Robert Half,RHI,3796600064,37.09,United States
1212,Planet Fitness,PLNT,3793978112,50.02,United States
1213,WesBanco,WSBC,3792118784,39.54,United States
1214,USA Compression Partners,USAC,3788818944,26.14,United States
1215,MIAX (Miami International Holdings),MIAX,3774743296,38.04,United States
1216,SkyWest,SKYW,3771395072,97.13,United States
1217,Mattel,MAT,3761240576,13.165,United States
1218,Lemonade,LMND,3759153664,48.57,United States
1219,Avient,AVNT,3754081280,40.93,United States
1220,Ionic Digital,IOND,3754031104,83.43,United States
1221,Madison Square Garden Entertainment,MSGE,3751777792,79.31,United States
1222,Fastly,FSLY,3749922048,23.54,United States
1223,Otter Tail,OTTR,3737976064,89.03,United States
1224,Kontoor Brands,KTB,3736668160,68.37,United States
1225,Palomar Holdings,PLMR,3731215104,140.78,United States
1226,CCC Intelligent Solutions,CCC,3728336384,6.33,United States
1227,Boot Barn Holdings,BOOT,3717464576,122.75,United States
1228,Q2,QTWO,3713222144,59.55,United States
1229,Dorman Products,DORM,3708265216,124.96,United States
1230,Howard Hughes Holdings,HHH,3707981568,62.09,United States
1231,Renasant Corp,RNST,3704622848,40.53,United States
1232,First Advantage,FA,3703009536,21.56,United States
1233,Badger Meter,BMI,3695823104,127.5,United States
1234,Cohen &amp; Steers,CNS,3694637056,71.85,United States
1235,Ethos Technologies,LIFE,3694572288,38.55,United States
1236,iRhythm,IRTC,3685923072,111.82,United States
1237,BancFirst,BANF,3683430144,109.63,United States
1238,Option Care Health,OPCH,3665244928,24.47,United States
1239,St. Joe Company,JOE,3657781504,64.25,United States
1240,Apple Hospitality REIT,APLE,3642756096,15.43,United States
1241,IDEAYA Biosciences,IDYA,3640548352,37.73,United States
1242,Amylyx Pharmaceuticals,AMLX,3635734272,32.63,United States
1243,Tarsus Pharmaceuticals,TARS,3632906752,77.64,United States
1244,Thor Industries,THO,3630480896,69.74,United States
1245,Atmus Filtration Technologies,ATMU,3612233984,44.27,United States
1246,Independence Realty Trust,IRT,3610791936,14.94,United States
1247,Interparfums,IPAR,3607383808,112.64,United States
1248,Enliven Therapeutics,ELVN,3599059712,49.12,United States
1249,CorVel Corporation,CRVL,3598295552,71.23,United States
1250,Atlanta Braves Holdings,BATRA,3590835456,55.96,United States
1251,Organon,OGN,3589871104,13.67,United States
1252,LXP Industrial Trust,LXP,3587549440,60.85,United States
1253,Post Holdings,POST,3557369600,78.49,United States
1254,M/I Homes,MHO,3551760128,140.48,United States
1255,Mueller Water Products,MWA,3550297856,22.74,United States
1256,Pulse Biosciences,PLSE,3538314752,49.61,United States
1257,National Healthcare,NHC,3529452032,225.36,United States
1258,First Interstate BancSystem,FIBK,3518646016,36.92,United States
1259,Nicolet Bankshares,NIC,3517508864,167.84,United States
1260,Universal Display Corporation,OLED,3507499520,76.305,United States
1261,Asbury Automotive Group,ABG,3504393728,195.21,United States
1262,Synaptics,SYNA,3489907200,89.24,United States
1263,Marriott Vacations Worldwide,VAC,3489405184,101.45,United States
1264,Newmark,NMRK,3472802816,14.19,United States
1265,Cal-Maine Foods,CALM,3469788160,74.29,United States
1266,Valvoline,VVV,3460053760,27.13,United States
1267,"GPGI, Inc.",GPGI,3455489792,11.92,United States
1268,American States Water,AWR,3455037184,87.17,United States
1269,CoreCivic,CXW,3454349568,34.93,United States
1270,Highwoods Properties,HIW,3448330240,30.7,United States
1271,Viking Therapeutics,VKTX,3443594752,29.52,United States
1272,TowneBank,TOWN,3434969088,37.16,United States
1273,PennyMac Financial Services,PFSI,3426205952,65.95,United States
1274,Magnite,MGNI,3410626560,23.78,United States
1275,Stride (K12 Education),LRN,3409569536,82.04,United States
1276,NuScale Power,SMR,3406233344,8.3,United States
1277,NCR Atleos Corporation,NATL,3405170944,46.08,United States
1278,Firefly Aerospace,FLY,3394966272,20.28,United States
1279,Mechanics Bancorp,MCHB,3394468352,15.33,United States
1280,Bel Fuse,BELFB,3387495168,234.6,United States
1281,First Financial Bank,FFBC,3377498880,32.18,United States
1282,Bath &amp; Body Works,BBWI,3373526016,16.73,United States
1283,WisdomTree,WT,3372659712,22.26,United States
1284,Lionsgate Studios,LION,3365400064,11.31,United States
1285,GRAIL,GRAL,3354880768,75.11,United States
1286,National Health Investors,NHI,3347367168,68.16,United States
1287,Bright Horizons,BFAM,3340272640,68.68,United States
1288,"ERock, Inc.",EROC,3337000448,12.21,United States
1289,HNI Corporation,HNI,3335521024,46.21,United States
1290,Peabody Energy,BTU,3333965056,27.35,United States
1291,Alliance Resource Partners,ARLP,3325830144,25.85,United States
1292,Shift4 Payments,FOUR,3323431424,42.09,United States
1293,Freshworks,FRSH,3321521152,12.73,United States
1294,Park National Corp,PRK,3318566912,183.71,United States
1295,Life360,LIF,3317065728,40.71,United States
1296,PVH Corp.,PVH,3308082432,71.7,United States
1297,Legend Biotech,LEGN,3306302976,17.0,United States
1298,AllianceBernstein,AB,3304170240,35.5,United States
1299,Community Financial System,CBU,3302700288,62.77,United States
1300,Curbline Properties,CURB,3300441088,28.69,United States
1301,Simmons First National,SFNC,3296359424,22.81,United States
1302,Hercules Capital,HTGC,3288471296,17.57,United States
1303,Arcutis Biotherapeutics,ARQT,3285587712,26.14,United States
1304,CleanSpark,CLSK,3284690432,12.79,United States
1305,Array Digital Infrastructure,AD,3277552384,37.9,United States
1306,Seacoast Banking,SBCF,3274546944,33.82,United States
1307,United States Lime &amp; Minerals,USLM,3274202880,114.13,United States
1308,WillScot,WSC,3274120704,18.07,United States
1309,IPG Photonics,IPGP,3273458176,76.96,United States
1310,The Vita Coco Company,COCO,3261802240,56.37,United States
1311,"Atlanta Braves Holdings, Inc.",BATRK,3252028928,50.68,United States
1312,Delek Logistics Partners,DKL,3251675904,56.26,United States
1313,NMI Holdings,NMIH,3234367488,43.0,United States
1314,Exponent,EXPO,3233609216,68.01,United States
1315,Golub Capital,GBDC,3232662272,12.45,United States
1316,Dyne Therapeutics,DYN,3231646976,17.305,United States
1317,Ashland,ASH,3227516672,70.48,United States
1318,Dana Incorporated,DAN,3222997248,29.96,United States
1319,OSI Systems,OSIS,3216292096,201.75,United States
1320,Denali Therapeutics,DNLI,3206539008,20.06,United States
1321,Axcelis Technologies,ACLS,3203954432,103.75,United States
1322,Atkore,ATKR,3192229888,94.52,United States
1323,ScottsMiracle-Gro,SMG,3189888768,54.79,United States
1324,Kadant,KAI,3188461568,270.0,United States
1325,FS KKR Capital,FSK,3186203392,11.53,United States
1326,Standex International,SXI,3184338176,259.28,United States
1327,TriNet,TNET,3177066752,69.21,United States
1328,National Energy Services Reunited,NESR,3175821568,31.49,United States
1329,BankUnited,BKU,3168410368,44.48,United States
1330,Acadian Asset Management,AAMI,3166074368,89.21,United States
1331,Knife River Corporation,KNF,3157181440,55.62,United States
1332,RXO,RXO,3146790400,19.08,United States
1333,Polaris,PII,3145626624,55.28,United States
1334,Liberty Energy,LBRT,3143066880,19.26,United States
1335,Black Stone Minerals,BSM,3141735424,14.77,United States
1336,Chesapeake Utilities,CPK,3127812608,129.75,United States
1337,Group 1 Automotive,GPI,3126245888,262.22,United States
1338,First Hawaiian Bank,FHB,3116259584,25.61,United States
1339,Aveanna Healthcare,AVAH,3112825344,14.26,United States
1340,Energy Fuels,UUUU,3105793792,11.73,United States
1341,Academy Sports + Outdoors,ASO,3104807680,50.42,United States
1342,Baldwin Insurance Group,BWIN,3102707968,32.04,United States
1343,Arcus Biosciences,RCUS,3100308224,24.65,United States
1344,Veracyte,VCYT,3095043072,38.5,United States
1345,CarGurus,CARG,3090849792,34.7,United States
1346,Avista,AVA,3077079296,36.74,United States
1347,QuantumScape,QS,3075725312,5.0,United States
1348,Fermi Inc.,FRMI,3055029248,4.77,United States
1349,Celldex Therapeutics,CLDX,3039878144,38.71,United States
1350,Steve Madden,SHOO,3037581056,41.51,United States
1351,TransMedics Group,TMDX,3036155648,87.56,United States
1352,Provident Financial Services,PFS,3020587776,23.16,United States
1353,"F&G Annuities & Life, Inc.",FG,3018056448,23.05,United States
1354,Dynex Capital,DX,3017709568,12.16,United States
1355,Maximus,MMS,3016330752,57.61,United States
1356,National Beverage,FIZZ,3012540416,32.18,United States
1357,UCT (Ultra Clean Holdings),UCTT,3012280576,66.53,United States
1358,Slide Insurance,SLDE,2998556928,25.67,United States
1359,Knowles,KN,2997048320,35.09,United States
1360,Park Hotels &amp; Resorts,PK,2995914496,14.88,United States
1361,KB Home,KBH,2983944448,48.67,United States
1362,Freshpet,FRPT,2981042176,62.03,United States
1363,Liftoff Mobile,LFTO,2978541568,17.59,United States
1364,DigitalBridge Group,DBRG,2977425152,15.88,United States
1365,Agilysys,AGYS,2974582272,105.46,United States
1366,California Water Service Group,CWT,2971368704,48.05,United States
1367,MBX Biosciences,MBX,2965217024,61.57,United States
1368,CBIZ,CBZ,2962807808,54.6,United States
1369,YETI Holdings,YETI,2959695872,40.55,United States
1370,Bank of Hawaii,BOH,2953256704,74.86,United States
1371,ABM Industries,ABM,2950658560,50.34,United States
1372,Guardian Pharmacy Services,GRDN,2946683904,46.52,United States
1373,Cushman &amp; Wakefield,CWK,2943309824,12.54,United States
1374,Columbia Sportswear,COLM,2922619392,57.09,United States
1375,Freddie Mac,FMCC,2912267008,4.48,United States
1376,Warby Parker,WRBY,2910969600,23.55,United States
1377,"Csquare, Inc.",CSQR,2909429248,17.46,United States
1378,Talos Energy,TALO,2908538624,17.42,United States
1379,AtriCure,ATRC,2906500096,57.14,United States
1380,GeneDx Holdings,WGS,2905311744,97.42,United States
1381,ArcBest,ARCB,2905005568,129.97,United States
1382,SPS Commerce,SPSC,2904494336,80.68,United States
1383,Select Water Solutions,WTTR,2898922496,20.31,United States
1384,Banc of California,BANC,2896061440,18.28,United States
1385,Infleqtion,INFQ,2893584640,12.84,United States
1386,Hilton Grand Vacations,HGV,2884343040,37.11,United States
1387,Worthington Enterprises,WOR,2878852096,58.84,United States
1388,Gulfport Energy,GPOR,2869207296,162.25,United States
1389,Graphic Packaging,GPK,2860051456,9.66,United States
1390,Extreme Networks,EXTR,2856440320,21.89,United States
1391,Tootsie Roll Industries,TR,2853189632,37.96,United States
1392,Astronics Corporation,ATRO,2850640640,66.28,United States
1393,Green Brick Partners,GRBK,2850318592,66.27,United States
1394,DXP Enterprises,DXPE,2848017152,183.54,United States
1395,Centrus Energy,LEU,2843186432,139.01,United States
1396,MGE Energy,MGEE,2842690304,75.31,United States
1397,AvePoint,AVPT,2841323776,13.43,United States
1398,Resideo Technologies,REZI,2834990592,18.67,United States
1399,Intapp,INTA,2830912512,37.0,United States
1400,Acadia Realty Trust,AKR,2829898752,19.41,United States
1401,Braze,BRZE,2824844800,24.87,United States
1402,Plug Power,PLUG,2822334464,2.02,United States
1403,DNOW Inc.,DNOW,2820259840,15.6,United States
1404,Perpetua Resources,PPTA,2815906560,22.51,United States
1405,The Marzetti Company,MZTI,2809881344,102.96,United States
1406,Brighthouse Financial,BHF,2805989376,48.79,United States
1407,NETSCOUT,NTCT,2799958528,38.51,United States
1408,Kyndryl,KD,2796786432,12.84,United States
1409,Harley-Davidson,HOG,2793306112,26.84,United States
1410,United Natural Foods,UNFI,2792680960,46.3,United States
1411,Brookdale Senior Living,BKD,2786997248,11.67,United States
1412,People Incorporated,PPLI,2781227520,37.35,United States
1413,Ambarella,AMBA,2770728960,62.77,United States
1414,CareDx,CDNA,2770367744,53.55,United States
1415,Soleno Therapeutics,SLNO,2762888960,53.01,United States
1416,Urban Edge Properties,UE,2757873408,20.03,United States
1417,Adeia,ADEA,2753695232,24.97,United States
1418,Wingstop Restaurants,WING,2753131520,101.06,United States
1419,Aehr Test Systems,AEHR,2751566848,84.25,United States
1420,Trustmark,TRMK,2746505472,47.17,United States
1421,"Hayward Holdings, Inc.",HAYW,2742706176,12.93,United States
1422,Neogen,NEOG,2737230336,12.55,United States
1423,H.B. Fuller,FUL,2734014208,50.83,United States
1424,"Lincoln International, Inc.",LCLN,2725871104,25.91,United States
1425,Crane NXT,CXT,2724376576,47.33,United States
1426,Alarm.com,ALRM,2723525888,55.48,United States
1427,McGrath RentCorp,MGRC,2716622336,111.22,United States
1428,ChronoScale,CHRN,2716138496,18.65,United States
1429,Teradata,TDC,2712809984,29.17,United States
1430,FB Financial,FBK,2706316032,54.15,United States
1431,Grindr,GRND,2699434240,15.53,United States
1432,Northern Oil and Gas,NOG,2697824000,25.32,United States
1433,Redwire,RDW,2697420288,10.79,United States
1434,ManpowerGroup,MAN,2694067456,57.93,United States
1435,Appian,APPN,2686034944,37.5,United States
1436,NBT Bancorp,NBTB,2681138944,51.6,United States
1437,Axogen,AXGN,2666033408,45.44,United States
1438,Immunome,IMNM,2664531200,23.46,United States
1439,Power Integrations,POWI,2662362624,47.65,United States
1440,Precigen,PGEN,2661991936,7.435,United States
1441,Digi International,DGII,2661301760,70.13,United States
1442,Benchmark Electronics,BHE,2652686848,73.85,United States
1443,Quaker Houghton,KWR,2649814016,153.99,United States
1444,Curaleaf,CURLF,2648671232,10.0,United States
1445,Callaway Golf Company,CALY,2647311104,14.83,United States
1446,H2O America,HTO,2642838528,63.14,United States
1447,Customers Bancorp,CUBI,2639866112,78.14,United States
1448,SoundHound AI,SOUN,2633585152,5.93,United States
1449,Disc Medicine,IRON,2632597248,68.57,United States
1450,Boise Cascade,BCC,2627667712,75.31,United States
1451,Acadia Healthcare,ACHC,2621703680,28.16,United States
1452,Nurix Therapeutics,NRIX,2610109184,25.15,United States
1453,Beacon Financial Corporation,BBT,2608356608,31.12,United States
1454,Banner Bank,BANR,2604333824,71.08,United States
1455,"Strive Asset Management, LLC",ASST,2603094016,27.41,United States
1456,Visteon,VC,2602003456,97.47,United States
1457,Privia Health Group,PRVA,2601945856,20.37,United States
1458,First Bancorp,FBNC,2590853632,62.62,United States
1459,Ducommun,DCO,2589914112,171.52,United States
1460,Euronet Worldwide,EEFT,2581222144,69.01,United States
1461,Artisan Partners,APAM,2579300608,36.33,United States
1462,First Merchants Corporation,FRME,2578626560,41.06,United States
1463,Hawkins,HWKN,2566595328,122.95,United States
1464,McGraw Hill,MH,2548233472,13.32,United States
1465,Titan America,TTAM,2548039680,13.82,United States
1466,Five9,FIVN,2546577920,34.08,United States
1467,WD-40 Company,WDFC,2545310720,189.65,United States
1468,Skyward Specialty Insurance Group,SKWD,2543031040,57.28,United States
1469,Central Garden &amp; Pet,CENT,2542511360,40.62,United States
1470,Viridian Therapeutics,VRDN,2542278656,22.44,United States
1471,Maravai LifeSciences,MRVI,2533246720,6.84,United States
1472,Structure Therapeutics,GPCR,2531499776,35.5,United States
1473,Four Corners Property Trust,FCPT,2530982656,23.06,United States
1474,Advance Auto Parts,AAP,2527793920,41.9,United States
1475,Diamondrock Hospitality Company,DRH,2520124416,12.27,United States
1476,Opendoor,OPEN,2515125760,2.59,United States
1477,John Wiley &amp; Sons,WLY,2510881792,49.54,United States
1478,Veeco,VECO,2504814336,41.04,United States
1479,First Busey,BUSE,2497127168,30.24,United States
1480,BKV Corporation,BKV,2494088192,22.79,United States
1481,Kaiser Aluminum,KALU,2491274752,152.38,United States
1482,American Eagle Outfitters,AEO,2481761024,14.81,United States
1483,Dorian LPG,LPG,2475405824,57.86,United States
1484,Penguin Solutions,PENG,2471948032,48.24,United States
1485,Braveheart Bio,BRVE,2471569664,27.45,United States
1486,NextNav,NN,2468000768,14.62,United States
1487,Harmony Biosciences,HRMY,2458158080,42.21,United States
1488,Stock Yards Bancorp,SYBT,2457371392,79.1,United States
1489,Ouster,OUST,2451098368,33.99,United States
1490,Huron Consulting,HURN,2450628352,154.03,United States
1491,Kayne Anderson Capital Advisors,KYN,2445562368,14.46,United States
1492,Mineralys Therapeutics,MLYS,2434725888,27.54,United States
1493,NeoGenomics,NEO,2433324800,18.94,United States
1494,"The Andersons, Inc.",ANDE,2426874880,71.43,United States
1495,WaFd Bank,WAFD,2426837760,32.79,United States
1496,Shake Shack,SHAK,2423573248,56.65,United States
1497,Newell Brands,NWL,2423371008,5.69,United States
1498,Payoneer,PAYO,2422783488,7.15,United States
1499,Clover Health Investments,CLOV,2422072576,4.56,United States
1500,Upstart,UPST,2418229248,24.85,United States
1501,Merchants Bancorp,MBIN,2417721088,52.63,United States
1502,Cohu,COHU,2417100288,51.06,United States
1503,ePlus,PLUS,2409971968,92.37,United States
1504,Supernus Pharmaceuticals,SUPN,2409315072,41.38,United States
1505,InvenTrust Properties,IVT,2403295232,30.82,United States
1506,Alpha Metallurgical Resources,AMR,2402552320,189.49,United States
1507,Restoration Hardware,RH,2395423232,126.52,United States
1508,Federal Agricultural Mortgage Corporation,AGM,2394760704,220.65,United States
1509,Beam Therapeutics,BEAM,2385945088,23.1,United States
1510,Trump Media &amp; Technology Group,DJT,2376398080,8.55,United States
1511,PENN Entertainment,PENN,2375137792,17.69,United States
1512,AMC Entertainment,AMC,2374328320,2.66,United States
1513,Pitney Bowes,PBI,2373031424,17.31,United States
1514,Evolution Metals & Technologies,EMAT,2362842368,3.8,United States
1515,V2X,VVX,2360618752,75.31,United States
1516,SELLAS Life Sciences,SLS,2354686976,11.66,United States
1517,Ingevity,NGVT,2345605632,68.23,United States
1518,HCI Group,HCI,2339253248,188.06,United States
1519,LTC Properties,LTC,2322251776,43.08,United States
1520,Coty,COTY,2315626752,2.63,United States
1521,Uniti,UNIT,2315597824,9.54,United States
1522,LiveRamp,RAMP,2302306048,37.87,United States
1523,Nektar Therapeutics,NKTR,2300554752,67.38,United States
1524,Sonic Automotive,SAH,2298080000,72.69,United States
1525,Rogers Corporation,ROG,2296081152,128.5,United States
1526,nCino,NCNO,2294475008,21.7,United States
1527,Vera Therapeutics,VERA,2289452288,31.77,United States
1528,Innospec,IOSP,2288963328,92.93,United States
1529,Kennametal,KMT,2268784128,29.7,United States
1530,Hyperliquid Strategies,PURR,2263261952,11.44,United States
1531,Northwest Bancshares,NWBI,2261826048,15.45,United States
1532,Patrick Industries,PATK,2261447168,70.41,United States
1533,Sunshine Silver Mining & Refining Company,SSMR,2260819456,15.73,United States
1534,Trinity Industries,TRN,2257036544,28.33,United States
1535,StubHub Holdings,STUB,2250509824,5.89,United States
1536,Enterprise Financial Services Corp,EFSC,2245745920,62.05,United States
1537,PHINIA,PHIN,2240419072,61.15,United States
1538,Blackstone Mortgage Trust,BXMT,2239944192,13.29,United States
1539,Calix,CALX,2231443712,35.44,United States
1540,Intuitive Machines,LUNR,2225473536,13.87,United States
1541,Day One Biopharmaceuticals,DAWN,2224784640,21.53,United States
1542,nLIGHT,LASR,2224534016,38.56,United States
1543,Trulieve Cannabis,TRLV,2224128256,11.55,United States
1544,Prestige Consumer Healthcare,PBH,2219970048,46.86,United States
1545,OFG Bancorp,OFG,2218515968,52.49,United States
1546,Hilltop Holdings,HTH,2216984320,38.7,United States
1547,Addus HomeCare,ADUS,2213091328,118.51,United States
1548,Monarch Casino &amp; Resort,MCRI,2212176640,123.43,United States
1549,Helios Technologies,HLIO,2209665536,67.06,United States
1550,Asana,ASAN,2209561600,9.65,United States
1551,Diebold Nixdorf,DBD,2203473152,64.91,United States
1552,PC Connection,CNXN,2198743296,87.12,United States
1553,Applied Aerospace &amp; Defense,AADX,2187673600,12.69,United States
1554,Palvella Therapeutics,PVLA,2181864960,151.43,United States
1555,Chemours,CC,2170195456,14.42,United States
1556,Ocular Therapeutix,OCUL,2167608576,9.87,United States
1557,Flywire,FLYW,2165684480,17.8,United States
1558,UFP Technologies,UFPT,2164251136,279.41,United States
1559,BioCryst Pharmaceuticals,BCRX,2154160896,8.43,United States
1560,Allegiant Travel Company,ALGT,2149841152,78.64,United States
1561,Werner Enterprises,WERN,2149581312,35.84,United States
1562,Voyager Technologies,VOYG,2147002368,35.18,United States
1563,NGL Energy Partners,NGL,2146805888,17.2,United States
1564,Minerals Technologies,MTX,2145394176,68.92,United States
1565,First Commonwealth Financial Corp,FCF,2143396096,21.21,United States
1566,FIGS,FIGS,2143209088,12.9,United States
1567,Trevi Therapeutics,TRVI,2138562432,15.01,United States
1568,UroGen Pharma,URGN,2125815808,43.49,United States
1569,Peloton,PTON,2124139648,4.84,United States
1570,Pediatrix Medical Group,MD,2123147904,26.13,United States
1571,LCI Industries,LCII,2117775488,87.11,United States
1572,Encore Capital Group,ECPG,2115846400,99.76,United States
1573,Whirlpool,WHR,2113763712,32.42,United States
1574,Zenas BioPharma,ZBIO,2106511744,32.32,United States
1575,Inspire Medical Systems,INSP,2103229824,72.75,United States
1576,Progyny,PGNY,2100779776,27.38,United States
1577,Keel Infrastructure,KEEL,2099748864,3.4,United States
1578,ARMOUR Residential REIT,ARR,2096400640,14.81,United States
1579,Under Armour,UA,2091886720,4.87,United States
1580,DoubleVerify,DV,2090782464,13.49,United States
1581,Sarepta Therapeutics,SRPT,2087190016,19.76,United States
1582,Douglas Emmett,DEI,2083194752,10.36,United States
1583,Perdoceo Education,PRDO,2081938688,33.27,United States
1584,1st Source,SRCE,2069592192,85.94,United States
1585,"The Bancorp, Inc.",TBBK,2069114752,50.73,United States
1586,Buckle,BKE,2063588096,40.06,United States
1587,Kodiak Sciences,KOD,2059576704,32.77,United States
1588,Vericel,VCEL,2059017984,40.21,United States
1589,Custom Truck One Source,CTOS,2058925184,9.05,United States
1590,Utz Brands,UTZ,2052901120,14.26,United States
1591,Global Net Lease,GNL,2051789312,8.87,United States
1592,Innovex International,INVX,2051217664,29.33,United States
1593,Alamo Group,ALG,2049833856,168.42,United States
1594,NW Natural Holdings,NWN,2048692352,48.67,United States
1595,Select Medical Holdings,SEM,2046298112,16.51,United States
1596,Sunstone Hotel Investors,SHO,2045383296,11.0,United States
1597,Vertex,VERX,2040702208,12.58,United States
1598,Western Union,WU,2039688448,6.54,United States
1599,Alamar Biosciences,ALMR,2038759424,29.38,United States
1600,Stagwell,STGW,2036480512,8.33,United States
1601,Blackbaud,BLKB,2034384128,44.82,United States
1602,Nuvation Bio,NUVB,2029492352,5.78,United States
1603,Alkami Technology,ALKT,2025481216,18.94,United States
1604,Hub Group,HUBG,2025404288,33.12,United States
1605,Medical Properties Trust,MPT,2024508032,3.39,United States
1606,Dentsply Sirona,XRAY,2021448320,10.14,United States
1607,City Holding Company,CHCO,2020958720,143.82,United States
1608,Goosehead Insurance,GSHD,2017956992,56.465,United States
1609,Ziff Davis,ZD,2014373504,58.75,United States
1610,Thermon Group,THR,2013932928,61.14,United States
1611,Pebblebrook Hotel Trust,PEB,2013114112,17.84,United States
1612,Generate Biomedicines,GENB,2012566144,15.68,United States
1613,"Interface, Inc.",TILE,2003363968,34.66,United States
1614,Midera Food Processing,MFP,2002352256,44.27,United States
1615,Stewart Information Services,STC,2001340672,65.57,United States
1616,Horace Mann Educators,HMN,1999537152,49.37,United States
1617,ADMA Biologics,ADMA,1993463552,8.9,United States
1618,Driven Brands,DRVN,1991306240,12.07,United States
1619,Protolabs,PRLB,1991258624,83.24,United States
1620,Spectrum Brands,SPB,1990498688,86.56,United States
1621,Rapport Therapeutics,RAPP,1985821312,41.39,United States
1622,UWM Holdings,UWMC,1976014336,1.23,United States
1623,Sunrun,RUN,1972802688,8.27,United States
1624,Agios Pharmaceuticals,AGIO,1967176960,32.95,United States
1625,Insperity,NSP,1966674560,51.49,United States
1626,Blue Bird Corporation,BLBD,1951328640,61.66,United States
1627,Olin Corporation,OLN,1939981952,17.02,United States
1628,Preformed Line Products,PLPC,1939885440,396.81,United States
1629,Centuri Holdings,CTRI,1934452096,19.16,United States
1630,Butterfly Network,BFLY,1933230464,7.26,United States
1631,TIC Solutions,TIC,1931250176,8.85,United States
1632,A10 Networks,ATEN,1927043584,26.54,United States
1633,Ichor Systems,ICHR,1925896320,51.42,United States
1634,Hemab Therapeutics Holdings,COAG,1913795456,40.97,United States
1635,Standard Nuclear,STDN,1913621760,11.91,United States
1636,Bob's Discount Furniture,BOBS,1910644992,14.62,United States
1637,Gorman-Rupp,GRC,1906027264,72.17,United States
1638,Innodata,INOD,1905142784,55.41,United States
1639,Fortrea,FTRE,1899146880,19.97,United States
1640,Sonida Senior Living,SNDA,1894532352,39.43,United States
1641,EZCorp,EZPW,1888769408,30.74,United States
1642,Neutron Holdings (Lime),LIME,1882362496,29.4,United States
1643,NextDecade Corp,NEXT,1879269248,7.06,United States
1644,Kimbell Royalty Partners,KRP,1877548544,14.61,United States
1645,"Happen, Inc.",HAPN,1876525440,16.26,United States
1646,Genesis Energy  L.P.,GEL,1872323328,15.32,United States
1647,Astrana Health,ASTH,1870084736,37.7,United States
1648,SharonAI Holdings,SHAZ,1869300864,52.21,United States
1649,Hycroft Mining,HYMC,1868292608,20.05,United States
1650,Kohl's,KSS,1866176256,16.46,United States
1651,Getty Realty,GTY,1862935552,30.08,United States
1652,Netstreit,NTST,1860225664,18.25,United States
1653,DXC Technology,DXC,1850237184,11.58,United States
1654,German American Bancorp,GABC,1848125824,49.18,United States
1655,Republic Bank,RBCAA,1847377280,94.09,United States
1656,Enerpac Tool Group,EPAC,1847307136,35.84,United States
1657,Expro Group,XPRO,1847020160,16.44,United States
1658,Sonos,SONO,1845386112,15.6,United States
1659,National Bank Holdings,NBHC,1839928832,41.31,United States
1660,LeMaitre Vascular,LMAT,1838230784,80.38,United States
1661,Target Hospitality,TH,1837163520,18.76,United States
1662,Surgery Partners,SGRY,1823691392,13.93,United States
1663,Vestis,VSTS,1819844736,13.77,United States
1664,Mach Natural Resources LP,MNR,1819734144,10.9,United States
1665,Biohaven,BHVN,1815546240,12.02,United States
1666,World Kinect,WKC,1814348032,35.47,United States
1667,Quantum Computing,QUBT,1810774912,8.0,United States
1668,Strategic Education,STRA,1810138240,81.51,United States
1669,Alignment Healthcare,ALHC,1806760192,8.71,United States
1670,Porch Group,PRCH,1803830272,15.89,United States
1671,Stoke Therapeutics,STOK,1800927360,27.91,United States
1672,Lindblad Expeditions,LIND,1799291904,27.42,United States
1673,Septerna,SEPN,1794261760,38.44,United States
1674,Dime Community Bancshares,DCOM,1790108416,40.54,United States
1675,Schrödinger,SDGR,1790098816,23.93,United States
1676,Amplitude,AMPL,1786381312,13.47,United States
1677,SmartStop Self Storage REIT,SMA,1786200704,32.26,United States
1678,IDT Corporation,IDT,1783324800,71.71,United States
1679,Hope Bancorp,HOPE,1781998592,13.95,United States
1680,Vir Biotechnology,VIR,1780151936,10.52,United States
1681,Concentrix,CNXC,1779295104,29.16,United States
1682,Weis Markets,WMK,1775919616,71.77,United States
1683,PDF Solutions,PDFS,1772276352,41.97,United States
1684,ACV Auctions,ACVA,1769399168,10.42,United States
1685,Hawaiian Electric Industries,HE,1767007360,10.23,United States
1686,Biolife Solutions,BLFS,1766621568,36.11,United States
1687,Live Oak Bank,LOB,1766182912,38.16,United States
1688,OceanFirst Financial,OCFC,1763775232,18.25,United States
1689,Xencor,XNCR,1762919040,23.71,United States
1690,Soho House & Co,SHCO,1758889344,8.99,United States
1691,S&amp;T Bancorp,STBA,1758337408,49.86,United States
1692,Boston Beer Company,SAM,1752158720,170.25,United States
1693,Xenia Hotels &amp; Resorts,XHR,1735202176,17.54,United States
1694,Sharplink,SBET,1733444352,7.98,United States
1695,Century Communities,CCS,1730141952,60.85,United States
1696,Personalis,PSNL,1720546048,16.11,United States
1697,FirstSun Capital Bancorp,FSUN,1718898944,39.11,United States
1698,Global Partners LP,GLP,1718174208,50.76,United States
1699,Progress Software,PRGS,1716391680,41.85,United States
1700,Sixth Street Specialty Lending,TSLX,1712362624,17.96,United States
1701,Liberty Latin America,LILA,1712166016,8.74,United States
1702,Recursion Pharmaceuticals,RXRX,1710704768,3.19,United States
1703,Kosmos Energy,KOS,1709049600,2.87,United States
1704,TriCo Bancshares,TCBK,1707977088,53.43,United States
1705,Albany International,AIN,1707943168,60.2,United States
1706,Byline Bancorp,BY,1699913088,37.62,United States
1707,Worthington Steel,WS,1698050944,33.33,United States
1708,C3 AI,AI,1697835392,10.56,United States
1709,Atlas Energy Solutions,AESI,1694968704,13.57,United States
1710,American Assets Trust,AAT,1690593664,21.79,United States
1711,Evertec,EVTC,1690399488,28.29,United States
1712,ANI Pharmaceuticals,ANIP,1690388096,73.59,United States
1713,Fluence Energy,FLNC,1682479872,9.05,United States
1714,Sila Realty Trust,SILA,1677119744,30.36,United States
1715,Tyra Biosciences,TYRA,1674207104,24.35,United States
1716,Bank First,BFC,1668827264,150.54,United States
1717,RLJ Lodging Trust,RLJ,1658579840,10.83,United States
1718,Ellington Financial,EFC,1657303936,12.62,United States
1719,Marqeta,MQ,1654130432,15.89,United States
1720,QCR Holdings,QCRH,1654100864,101.01,United States
1721,Origin Bancorp,OBK,1652308736,53.56,United States
1722,Taysha Gene Therapies,TSHA,1651976064,5.07,United States
1723,Kailera Therapeutics,KLRA,1646474752,12.7,United States
1724,Photronics,PLAB,1643071104,27.85,United States
1725,CBL Properties,CBL,1641822720,53.06,United States
1726,Central Securities,CET,1639984128,55.5,United States
1727,United Parks &amp; Resorts,PRKS,1638181504,36.13,United States
1728,BlackLine,BL,1636807680,28.16,United States
1729,Pathward Financial,CASH,1629670144,78.45,United States
1730,Green Thumb Industries,GTII.CN,1626220381,7.43963,United States
1731,CTS Corporation,CTS,1624561920,56.89,United States
1732,Jetblue Airways,JBLU,1622442496,4.3,United States
1733,"Kardigan, Inc.",KARD,1618548864,17.31,United States
1734,Kemper,KMPR,1613153920,27.4,United States
1735,Distribution Solutions Group,DSGR,1612001408,34.85,United States
1736,Huntsman Corporation,HUN,1611729536,9.19,United States
1737,Eton Pharmaceuticals,ETON,1610659712,56.35,United States
1738,Allient,ALNT,1610589568,94.76,United States
1739,Intellia Therapeutics,NTLA,1610055552,11.49,United States
1740,AnaptysBio,ANAB,1608036608,54.31,United States
1741,SkyWater Technology,SKYT,1597181312,32.46,United States
1742,ADI Global Distribution,ADIG,1593627904,20.99,United States
1743,Lucid Motors,LCID,1592043520,4.04,United States
1744,Wealthfront Corporation,WLTH,1588314496,10.17,United States
1745,ConnectOne Bancorp,CNOB,1587087488,31.54,United States
1746,Lyntris Inc.,LYNX,1585028096,13.67,United States
1747,HawkEye 360,HAWK,1584103040,16.17,United States
1748,Wolverine World Wide,WWW,1583059712,19.29,United States
1749,Trinity Capital,TRIN,1582022656,17.6,United States
1750,Bandwidth,BAND,1574605952,48.93,United States
1751,Ingles Markets,IMKTA,1570455040,82.68,United States
1752,ICF International,ICFI,1568497536,87.46,United States
1753,Helix Energy Solutions,HLX,1562253952,10.6,United States
1754,P3 Health Partners,PIII,1550827136,7.61,United States
1755,Syndax Pharmaceuticals,SNDX,1543053696,17.28,United States
1756,Novavax,NVAX,1542242560,9.35,United States
1757,Innovative Industrial Properties,IIPR,1541514112,55.91,United States
1758,Avalyn Pharma,AVLN,1538801664,34.71,United States
1759,ARKO Petroleum,APC,1535806208,18.6,United States
1760,Innoviva,INVA,1531604352,21.2,United States
1761,Latigo Biotherapeutics,LTGO,1528862976,23.06,United States
1762,Kennedy Wilson,KW,1521191808,10.92,United States
1763,Triumph Financial,TFIN,1521126144,63.66,United States
1764,Safety Insurance,SAFT,1520163968,103.55,United States
1765,Global Industrial Company,GIC,1518617344,39.85,United States
1766,Damora Therapeutics,DMRA,1514372352,24.53,United States
1767,J&amp;J Snack Foods,JJSF,1512836736,80.98,United States
1768,Ardent Health,ARDT,1512012160,10.72,United States
1769,Agilon Health,AGL,1505499904,89.66,United States
1770,Capital Southwest Corporation,CSWC,1504119296,23.6,United States
1771,Healthcare Services Group,HCSG,1502358784,21.89,United States
1772,Vistance Networks,VISN,1501378048,6.51,United States
1773,Coursera,COUR,1500519168,5.24,United States
1774,Sally Beauty Holdings,SBH,1498892800,16.01,United States
1775,Inhibrx Biosciences,INBX,1497816192,101.77,United States
1776,Anterix,ATEX,1494657920,76.22,United States
1777,Lakeland Financial Corp,LKFN,1489978880,59.94,United States
1778,Nutex Health,NUTX,1488235648,217.325,United States
1779,Goodyear,GT,1485557504,5.16,United States
1780,The Pennant Group,PNTG,1483787008,42.48,United States
1781,InnovAge,INNV,1480498048,10.85,United States
1782,Exzeo Group,XZO,1479210752,16.42,United States
1783,Omnicell,OMCL,1474881024,32.43,United States
1784,Esquire Financial Holdings,ESQ,1466107136,121.12,United States
1785,Revolve Group,RVLV,1465070592,20.61,United States
1786,Bicara Therapeutics,BCAX,1455804544,22.0,United States
1787,Azenta,AZTA,1454876672,33.21,United States
1788,Ambiq Micro,AMBQ,1448653696,59.9,United States
1789,Dorchester Minerals,DMLP,1446232832,29.46,United States
1790,Arlo Technologies,ARLO,1442018176,13.4,United States
1791,MillerKnoll,MLKN,1441332352,20.97,United States
1792,KalVista Pharmaceuticals,KALV,1437504000,27.0,United States
1793,Kestra Medical Technologies,KMTS,1434248064,24.08,United States
1794,Phibro Animal Health,PAHC,1433236608,35.3,United States
1795,Sylvamo,SLVM,1430573568,35.98,United States
1796,i-80 Gold,IAUX,1428737792,1.65,United States
1797,CVR Partners,UAN,1427006720,135.01,United States
1798,Dauch Corporation,DCH,1425627648,6.0,United States
1799,Burke & Herbert Financial Services,BHRB,1424800768,70.58,United States
1800,Hillman Solutions,HLMN,1424069376,7.32,United States
1801,Peoples Bancorp,PEBO,1423675136,39.61,United States
1802,Corsair Gaming,CRSR,1423608832,13.16,United States
1803,Eos Energy Enterprises,EOSE,1423239552,3.935,United States
1804,PROG Holdings,PRG,1421989248,35.7,United States
1805,Energizer Holdings,ENR,1421035520,20.75,United States
1806,Xeris Pharmaceuticals,XERS,1418451968,7.78,United States
1807,WEBTOON Entertainment,WBTN,1414109440,10.42,United States
1808,Atlanticus,ATLC,1413847552,93.2,United States
1809,United Fire Group,UFCS,1409172224,54.82,United States
1810,CONMED,CNMD,1408906752,47.04,United States
1811,Turning Point Brands,TPB,1405830528,70.12,United States
1812,Boxabl Inc.,BXBL,1405438976,3.98,United States
1813,REX American Resources,REX,1404656640,42.34,United States
1814,EverCommerce,EVCM,1404488704,7.95,United States
1815,Tompkins Financial,TMP,1403771520,97.6,United States
1816,Stepan Company,SCL,1402774912,61.76,United States
1817,TriMas,TRS,1401592192,39.07,United States
1818,Savers Value Village,SVV,1397499136,9.12,United States
1819,Amalgamated Financial,AMAL,1393944832,46.62,United States
1820,Olaplex,OLPX,1391282176,2.07,United States
1821,Community Trust Bancorp,CTBI,1383853056,76.17,United States
1822,Absci,ABSI,1379776640,8.04,United States
1823,Westamerica Bancorporation,WABC,1379042432,59.67,United States
1824,ArriVent BioPharma,AVBP,1363358720,27.65,United States
1825,Ategrity Specialty Insurance Company,ASIC,1355852800,28.29,United States
1826,Liquidity Services,LQDT,1352585856,43.17,United States
1827,AMN Healthcare Services,AMN,1352451200,34.92,United States
1828,FMC Corporation,FMC,1352449920,10.8,United States
1829,MasterBrand,MBC,1351176832,6.64,United States
1830,Newsmax,NMAX,1348437120,10.44,United States
1831,Walker &amp; Dunlop,WD,1347971968,39.27,United States
1832,American Superconductor Corporation,AMSC,1347175936,27.81,United States
1833,Forestar Group,FOR,1345334912,26.37,United States
1834,Pursuit Attractions and Hospitality,PRSU,1342543488,48.91,United States
1835,Wendy’s,WEN,1340409728,7.03,United States
1836,First Mid Bancshares,FMBH,1334883968,50.18,United States
1837,Gibraltar Industries,ROCK,1330040448,44.84,United States
1838,Everforth,EFOR,1329629952,32.43,United States
1839,Amprius Technologies,AMPX,1329333760,9.1,United States
1840,Maze Therapeutics,MAZE,1328458368,23.915,United States
1841,UMH Properties,UMH,1326889216,15.58,United States
1842,"RPC, Inc.",RES,1325508864,5.98,United States
1843,The Greenbrier Companies,GBX,1318958848,42.63,United States
1844,Digital Turbine,APPS,1311816192,10.84,United States
1845,"Suncrete, Inc.",RMIX,1311203712,13.43,United States
1846,HBT Financial,HBT,1310616704,36.04,United States
1847,BigBear.ai,BBAI,1309020032,2.73,United States
1848,Flowers Foods,FLO,1303758336,6.15,United States
1849,National Vision Holdings,EYE,1300690304,16.45,United States
1850,ORIC Pharmaceuticals,ORIC,1299804288,12.54,United States
1851,NAPCO Security Technologies,NSSC,1299467392,36.33,United States
1852,Vor Biopharma,VOR,1298612480,21.95,United States
1853,Sprinklr,CXM,1297837824,5.59,United States
1854,Frontier Airlines,ULCC,1291510528,5.61,United States
1855,ProAssurance,PRA,1290193152,25.0,United States
1856,"Harrow, Inc.",HROW,1282459264,34.21,United States
1857,Two Harbors Investment,TWO,1280541440,12.18,United States
1858,Old Second Bancorp,OSBC,1270875392,24.98,United States
1859,Ultragenyx Pharmaceutical,RARE,1269824640,12.88,United States
1860,Securitize Corp.,SECZ,1268574336,7.77,United States
1861,BJ's Restaurants,BJRI,1267916288,59.6,United States
1862,Cullinan Therapeutics,CGEM,1267879424,20.63,United States
1863,Hudson Pacific Properties,HPP,1266145920,11.42,United States
1864,Six Flags,FUN,1265652736,12.37,United States
1865,Aktis Oncology,AKTS,1263118848,22.71,United States
1866,Seneca Foods,SENEA,1261403776,186.31,United States
1867,XPEL,XPEL,1261086080,45.74,United States
1868,Preferred Bank,PFBC,1258563840,106.18,United States
1869,Ryerson,RYZ,1258023296,24.24,United States
1870,"Alexander's, Inc.",ALX,1257874432,246.29,United States
1871,Leggett &amp; Platt,LEG,1256618752,9.2,United States
1872,Omeros Corporation,OMER,1255213440,17.34,United States
1873,ProPetro,PUMP,1254032256,10.21,United States
1874,Empire State Realty Trust,ESRT,1252954624,4.09,United States
1875,Wolfspeed,WOLF,1252866560,23.67,United States
1876,Integra LifeSciences,IART,1249026432,16.06,United States
1877,"U.S. Physical Therapy, Inc.",USPH,1244403840,83.39,United States
1878,Red Violet,RDVT,1243961472,77.52,United States
1879,Perella Weinberg Partners,PWP,1240949120,12.75,United States
1880,Certara,CERT,1240140288,8.13,United States
1881,FuelCell Energy,FCEL,1239289984,15.5,United States
1882,Oil-Dri Corporation Of America,ODC,1234623360,85.215,United States
1883,Edgewell Personal Care,EPC,1234261248,26.78,United States
1884,Universal Insurance Holdings,UVE,1228710272,44.15,United States
1885,Herbalife,HLF,1226409216,11.83,United States
1886,MeiraGTx,MGTX,1225508608,12.76,United States
1887,Bristow Group,VTOL,1225103872,41.33,United States
1888,Replimune,REPL,1221086464,12.96,United States
1889,Artivion,AORT,1219880704,25.02,United States
1890,Tandem Diabetes Care,TNDM,1219714688,17.53,United States
1891,Clear Channel Outdoor,CCO,1216734336,2.39,United States
1892,Harmonic Inc.,HLIT,1216090880,11.15,United States
1893,Ameresco,AMRC,1213093632,22.86,United States
1894,Oppenheimer Holdings,OPY,1211396608,113.13,United States
1895,Omada Health,OMDA,1209642112,19.76,United States
1896,La-Z-Boy,LZB,1208792704,30.18,United States
1897,G-III Apparel Group,GIII,1207831296,28.17,United States
1898,Ladder Capital,LADR,1207757696,9.52,United States
1899,Boost Run,BRUN,1205029632,15.16,United States
1900,T1 Energy,TE,1204615808,4.09,United States
1901,Donnelley Financial Solutions,DFIN,1202471168,48.91,United States
1902,Lindsay Corporation,LNN,1202267264,118.23,United States
1903,OPKO Health,OPK,1201588480,1.61,United States
1904,Genco Shipping &amp; Trading,GNK,1195144704,27.42,United States
1905,Orchid Island Capital,ORC,1194314240,6.05,United States
1906,Willdan Group,WLDN,1193891200,78.38,United States
1907,Columbia Financial,CLBK,1192507392,11.46,United States
1908,Ecovyst,ECVT,1191016192,10.88,United States
1909,ZoomInfo,GTM,1190640128,4.09,United States
1910,Seaport Therapeutics,SPTX,1185166336,22.14,United States
1911,Marcus &amp; Millichap,MMI,1179303040,31.14,United States
1912,Alto Neuroscience,ANRO,1177263104,30.0,United States
1913,Univest Financial Corporation,UVSP,1177147136,42.68,United States
1914,Jefferson Capital,JCAP,1176649216,20.49,United States
1915,National Healthcare Properties,NHP,1175226752,16.12,United States
1916,Cricut,CRCT,1173333376,5.59,United States
1917,Avanos Medical,AVNS,1170726912,24.99,United States
1918,Piedmont Realty Trust,PDM,1168740608,9.34,United States
1919,Teladoc Health,TDOC,1168228224,6.43,United States
1920,Gentherm,THRM,1167160576,37.97,United States
1921,Willis Lease Finance Corporation,WLFC,1165886336,55.14,United States
1922,Tennant Company,TNC,1158841216,67.97,United States
1923,Myers Industries,MYE,1157508096,30.77,United States
1924,GoodRx,GDRX,1156482816,3.39,United States
1925,MarineMax,HZO,1156019712,52.34,United States
1926,The RealReal,REAL,1153442048,9.48,United States
1927,Amerant Bancorp,AMTB,1152965504,29.42,United States
1928,Universal Technical Institute,UTI,1150388352,20.88,United States
1929,Shoals Technologies,SHLS,1147805696,6.82,United States
1930,Heritage Financial,HFWA,1146044800,28.01,United States
1931,ScanSource,SCSC,1143583616,56.72,United States
1932,MannKind Corp,MNKD,1141482880,3.55,United States
1933,Easterly Government Properties,DEA,1141345280,23.29,United States
1934,LGI Homes,LGIH,1139862784,49.03,United States
1935,PagerDuty,PD,1138850048,14.48,United States
1936,Grocery Outlet,GO,1135508352,11.46,United States
1937,Great Lakes Dredge &amp; Dock Corp.,GLDD,1135273600,17.0,United States
1938,Suburban Propane Partners,SPH,1134777728,17.01,United States
1939,Northeast Bank,NBN,1133927296,132.54,United States
1940,Biglari,BH,1132782464,355.72,United States
1941,"Cadre Holdings, Inc.",CDRE,1131323904,26.42,United States
1942,York Space Systems,YSS,1130452992,8.23,United States
1943,Prospect Capital,PSEC,1128042496,2.2,United States
1944,"Apnimed, Inc.",APMD,1127777792,27.09,United States
1945,Yelp,YELP,1126512768,20.76,United States
1946,STAAR Surgical,STAA,1123726720,22.41,United States
1947,Lumexa Imaging,LMRI,1119273472,11.65,United States
1948,AEVEX Corp.,AVEX,1118925312,16.17,United States
1949,Trupanion,TRUP,1117992704,25.63,United States
1950,Marten Transport,MRTN,1117131648,13.68,United States
1951,Metropolitan Bank Holding,MCB,1112576512,89.74,United States
1952,Odyssey Therapeutics,ODTX,1111113216,23.12,United States
1953,Universal Corporation,UVV,1110257792,44.59,United States
1954,Bowhead Specialty Holdings,BOW,1109849728,33.69,United States
1955,PureCycle Technologies,PCT,1108994560,5.52,United States
1956,Five Star Bancorp,FSBC,1106846720,45.11,United States
1957,PROCEPT BioRobotics,PRCT,1106502400,19.44,United States
1958,NexPoint Residential Trust,NXRT,1101225088,21.34,United States
1959,Unusual Machines,UMAC,1099542656,22.01,United States
1960,NPK International,NPKI,1096186752,12.91,United States
1961,Oaktree Specialty Lending Corporation,OCSL,1094903040,12.43,United States
1962,Mission Produce,AVO,1093349632,12.47,United States
1963,Capitol Federal Financial,CFFN,1093053312,8.86,United States
1964,National Presto Industries,NPK,1090676480,152.84,United States
1965,Dream Finders Homes,DFH,1087326848,12.01,United States
1966,Deluxe Corporation,DLX,1084501248,23.65,United States
1967,Castle Biosciences,CSTL,1083896576,35.48,United States
1968,Red Cat Holdings,RCAT,1083508352,7.095,United States
1969,Monte Rosa Therapeutics,GLUE,1079214464,12.65,United States
1970,Enovis,ENOV,1076112768,18.66,United States
1971,Upwork,UPWK,1067923840,8.55,United States
1972,Carter's,CRI,1065725696,29.03,United States
1973,Middlesex Water Company,MSEX,1061102656,56.31,United States
1974,Obsidian Therapeutics,OBX,1059404800,17.15,United States
1975,Winmark,WINA,1059222848,294.87,United States
1976,Jade Biosciences,JBIO,1058896512,16.65,United States
1977,BellRing Brands,BRBR,1056968768,9.09,United States
1978,IRadimed,IRMD,1055949760,82.58,United States
1979,Green Plains,GPRE,1055635648,15.06,United States
1980,Savara,SVRA,1054009920,5.13,United States
1981,Saul Centers,BFS,1053330688,30.33,United States
1982,ASA Gold and Precious Metals,ASA,1050927744,57.25,United States
1983,QuinStreet,QNST,1050389888,18.4,United States
1984,Mercantile Bank,MBWM,1046662912,60.55,United States
1985,XPLR Infrastructure,XIFR,1042958016,11.06,United States
1986,TripAdvisor,TRIP,1040268800,8.94,United States
1987,Heritage Insurance,HRTG,1039445248,34.96,United States
1988,LegalZoom,LZ,1037864768,6.06,United States
1989,Upbound Group,UPBD,1036563456,17.78,United States
1990,CRA International,CRAI,1031727424,164.37,United States
1991,Taboola.com,TBLA,1029292032,3.81,United States
1992,Corvus Pharmaceuticals,CRVS,1028799104,12.23,United States
1993,Alumis,ALMS,1027715840,7.94,United States
1994,Arteris,AIP,1025804480,20.87,United States
1995,Arhaus,ARHS,1019088448,7.2,United States
1996,Flotek Industries,FTK,1018880640,28.13,United States
1997,Amphastar Pharmaceuticals,AMPH,1018783808,23.95,United States
1998,Attovia Therapeutics,ATTO,1015740608,22.25,United States
1999,Equity Bancshares,EQBK,1013356416,49.21,United States
2000,"Sinclair, Inc.",SBGI,1012483136,14.03,United States
2001,Babcock &amp; Wilcox,BW,1011472832,6.79,United States
2002,MetroCity Bankshares,MCBS,1010221056,35.1,United States
2003,CNB Financial Corp,CCNE,1008294912,34.04,United States
2004,Business First Bancshares,BFST,1008069888,30.97,United States
2005,Centerspace,CSR,1005810560,56.83,United States
2006,BrightView,BV,1005635968,10.86,United States
2007,Ventyx Biosciences,VTYX,1004502016,14.0,United States
2008,Aeva Technologies,AEVA,1003762944,14.4,United States
2009,Compass Minerals,CMP,1002083456,23.87,United States
2010,Graham Corporation,GHM,1000934144,85.28,United States
2011,Horizon Bancorp,HBNC,1000704704,19.49,United States
2012,Arbutus Biopharma,ABUS,1000434048,5.05,United States
2013,Beta Bionics,BBNX,997871296,22.18,United States
2014,Emerald Holding,EEX,997505920,5.04,United States
2015,Kura Oncology,KURA,996358912,11.2,United States
2016,NB Bancorp,NBBK,995994240,22.73,United States
2017,HighPeak Energy,HPK,995183552,7.87,United States
2018,Janux Therapeutics,JANX,993166912,16.245,United States
2019,Pacira Biosciences,PCRX,992959616,24.91,United States
2020,American Bitcoin Corp,ABTC,991612480,8.14,United States
2021,Angel Studios,ANGX,989808512,5.3,United States
2022,Karat Packaging,KRT,988613312,49.6,United States
2023,Whitestone REIT,WSR,988012416,18.99,United States
2024,Northwest Pipe Company,NWPX,986367616,102.35,United States
2025,Diversified Energy,DEC.L,985190748,14.2598,United States
2026,NCR Voyix Corporation,VYX,981677056,7.11,United States
2027,Global Medical REIT,GMRE,979776256,35.98,United States
2028,Safehold,SAFE,978680960,13.82,United States
2029,Trustco Bank,TRST,976881408,57.37,United States
2030,Central Pacific Financial,CPF,966816064,37.55,United States
2031,Cracker Barrel,CBRL,966030144,43.22,United States
2032,Ibotta,IBTA,965738176,41.58,United States
2033,Camden National Corporation,CAC,965159360,57.12,United States
2034,Nextdoor,NXDR,959384064,2.48,United States
2035,Phoenix Education Partners,PXED,959220672,26.61,United States
2036,SpyGlass Pharma,SGP,956612224,28.6,United States
2037,Postal Realty Trust,PSTL,955608960,24.01,United States
2038,Unitil Corporation,UTL,955054592,52.37,United States
2039,Frequency Electronics,FEIM,953720064,84.6,United States
2040,Quanex Building Products,NX,952268608,20.78,United States
2041,USA TODAY Co.,TDAY,951380224,6.48,United States
2042,Hanmi Financial,HAFC,951148160,32.08,United States
2043,O-I Glass,OI,945007424,6.15,United States
2044,Southside Bancshares,SBSI,944912960,31.7,United States
2045,Astec Industries,ASTE,940628480,40.91,United States
2046,CeriBell,CBLL,940263424,24.5,United States
2047,"Forbright, Inc.",FRBT,940156352,18.52,United States
2048,Quantum Corporation,QMCO,939140288,23.83,United States
2049,Resolute Holdings Management,RHLD,937334848,119.87,United States
2050,Forum Energy Technologies,FET,936401728,81.62,United States
2051,Sabre,SABR,936313024,2.32,United States
2052,Kronos Worldwide,KRO,935742848,8.13,United States
2053,Solid Biosciences,SLDB,935004096,8.72,United States
2054,Kforce,KFRC,934670656,52.19,United States
2055,Riley Exploration Permian,REPX,934661504,43.08,United States
2056,Accel Entertainment,ACEL,934536896,11.51,United States
2057,Mid Penn Bancorp,MPB,933602688,36.85,United States
2058,Daily Journal,DJCO,930117632,675.0,United States
2059,Tetra Technologies,TTI,929897088,6.28,United States
2060,Reformation Inc.,REF,929317696,15.73,United States
2061,Eastman Kodak Company,KODK,922217984,9.42,United States
2062,Heartland Express,HTLD,918711360,11.88,United States
2063,Arbor Realty Trust,ABR,916331712,4.52,United States
2064,Barings BDC,BBDC,915138112,8.74,United States
2065,First Financial,THFF,914130048,76.87,United States
2066,Navient,NAVI,913454400,9.74,United States
2067,Chimera Investment Corporation,CIM,910905152,10.89,United States
2068,Douglas Dynamics,PLOW,908312576,39.36,United States
2069,Evolv Technologies,EVLV,907451264,5.045,United States
2070,Bioventus,BVS,901627904,13.2,United States
2071,Simply Good Foods,SMPL,901215872,10.19,United States
2072,Abacus Global Management,ABX,900666624,9.21,United States
2073,HealthStream,HSTM,900131008,29.42,United States
2074,Oxford Lane Capital,OXLC,898937408,9.17,United States
2075,Lexicon Pharmaceuticals,LXRX,898811008,2.02,United States
2076,Employers Holdings,EIG,898384512,50.02,United States
2077,Beazer Homes USA,BZH,889765440,33.35,United States
2078,Avalo Therapeutics,AVTX,889185216,16.58,United States
2079,Rackspace Technology,RXT,886957504,3.48,United States
2080,Koppers Holdings,KOP,883548480,46.72,United States
2081,SmartFinancial (SmartBank),SMBK,883307072,51.66,United States
2082,ProFrac,ACDC,881474240,4.84,United States
2083,BlackSky Technology,BKSY,880702720,21.52,United States
2084,Sable Offshore,SOC,878762624,4.58,United States
2085,Ardelyx,ARDX,875255872,3.39,United States
2086,Sana Biotechnology,SANA,874133120,2.92,United States
2087,Covenant Logistics,CVLG,872741760,34.39,United States
2088,Ridgepost Capital,RPC,871986048,7.91,United States
2089,Talkspace,TALK,870574976,5.25,United States
2090,JBG SMITH,JBGS,869614208,11.26,United States
2091,Virtus Investment Partners,VRTS,865982912,130.76,United States
2092,World Acceptance Corporation,WRLD,864926016,185.59,United States
2093,Great Southern Bancorp,GSBC,862537664,79.15,United States
2094,"MNTN, Inc.",MNTN,862480384,11.53,United States
2095,Eagle Bancorp,EGBN,861477056,28.26,United States
2096,Capital City Bank Group,CCBG,858060672,50.14,United States
2097,Service Properties Trust,SVC,857352768,6.62,United States
2098,MFA Financial,MFA,854193024,8.45,United States
2099,Immix Biopharma,IMMX,852748608,11.92,United States
2100,Olema Pharmaceuticals,OLMA,851351680,9.73,United States
2101,Marcus Corporation,MCS,849117696,27.54,United States
2102,CrossAmerica Partners,CAPL,848591488,22.23,United States
2103,Daktronics,DAKT,844506880,17.56,United States
2104,Hippo Holdings,HIPO,841293440,31.88,United States
2105,NANO Nuclear Energy,NNE,839838976,15.64,United States
2106,Rapid7,RPD,839811968,12.46,United States
2107,Standard Motor Products,SMP,837760960,37.5,United States
2108,CryoPort,CYRX,836216640,16.51,United States
2109,Apollo Commercial Real Estate Finance,ARI,835538304,6.5,United States
2110,ASGN,ASGN,833931008,19.53,United States
2111,Barrett Business Services,BBSI,831266624,34.3,United States
2112,SI-BONE,SIBN,830936448,18.54,United States
2113,Rigel Pharmaceuticals,RIGL,830880320,44.48,United States
2114,Republic Airways,RJET,830109696,17.73,United States
2115,Geron,GERN,828790656,1.29,United States
2116,Heritage Commerce,HTBK,828429632,13.45,United States
2117,Compass Diversified Holdings,CODI,828348032,11.01,United States
2118,Orrstown Financial Services,ORRF,826124288,42.0,United States
2119,Cantaloupe,CTLP,825815936,11.2,United States
2120,Viant Technology,DSP,824427520,12.37,United States
2121,Alerus Financial,ALRS,823605504,33.04,United States
2122,EverQuote,EVER,822495808,23.34,United States
2123,South Plains Financial,SPFI,822138496,43.64,United States
2124,"TXO Partners, L.P.",TXO,820606848,14.8,United States
2125,SunCoke Energy,SXC,815647232,9.61,United States
2126,American Public Education,APEI,813229120,44.435,United States
2127,Root Insurance,ROOT,812466112,52.44,United States
2128,Fox Factory Holding,FOXF,812459200,19.33,United States
2129,Vishay Precision Group,VPG,811893056,61.04,United States
2130,Backblaze,BLZE,811508992,13.11,United States
2131,Sky Harbour Group,SKYH,811397248,9.94,United States
2132,Climb Bio,CLYM,810425536,14.11,United States
2133,Kopin Corporation,KOPN,806687168,4.34,United States
2134,John B. Sanfilippo & Son,JBSS,801588160,68.55,United States
2135,Montrose Environmental,MEG,800798912,22.14,United States
2136,Metallus,MTUS,799142208,19.28,United States
2137,Southern Missouri Bancorp,SMBC,798682944,72.52,United States
2138,Mitek Systems,MITK,798666112,17.7,United States
2139,Lincoln Educational Services,LINC,798429632,25.17,United States
2140,Peapack-Gladstone Financial,PGC,798289664,45.03,United States
2141,LSB Industries,LXU,796292416,11.06,United States
2142,Financial Institutions,FISI,792786880,40.23,United States
2143,PennyMac Mortgage Investment Trust,PMT,792233472,9.085,United States
2144,AdaptHealth,AHCO,788448128,5.91,United States
2145,Sweetgreen,SG,788053440,6.62,United States
2146,Apogee Enterprises,APOG,786525952,37.69,United States
2147,Groupon,GRPN,786060160,19.33,United States
2148,Carlyle Secured Lending,CGBD,783684224,11.39,United States
2149,Aclaris Therapeutics,ACRS,783098176,5.32,United States
2150,CEVA,CEVA,782964736,27.81,United States
2151,Transcat,TRNS,782854784,83.64,United States
2152,Design Therapeutics,DSGN,782583552,12.505,United States
2153,Peakstone Realty Trust,PKST,780562688,20.99,United States
2154,Varex Imaging,VREX,778478272,18.47,United States
2155,CTO Realty Growth,CTO,775948992,20.7,United States
2156,Shore Bancshares,SHBI,775237952,23.23,United States
2157,GCM Grosvenor,GCMG,775081088,12.68,United States
2158,Strawberry Fields REIT,STRW,772620160,13.67,United States
2159,HomeTrust Bancshares,HTB,772124096,46.7,United States
2160,PubMatic,PUBM,767518528,16.85,United States
2161,Winnebago Industries,WGO,766652352,27.12,United States
2162,BlossomHill Therapeutics,BLSM,763380480,26.25,United States
2163,Dakota Gold,DC,762102592,5.68,United States
2164,Satellogic,SATL,761012480,4.95,United States
2165,4D Molecular Therapeutics,FDMT,760160384,13.76,United States
2166,Westrock Coffee,WEST,758564800,7.77,United States
2167,LSI Industries,LYTS,757522944,20.33,United States
2168,Glass House Brands,GLAS,756767296,8.03,United States
2169,Green Dot,GDOT,755623488,13.26,United States
2170,PRA Group,PRAA,755595520,20.07,United States
2171,Golden Entertainment,GDEN,753686080,28.55,United States
2172,BitGo,BTGO,753467456,6.41,United States
2173,The Manitowoc Company,MTW,752973888,20.88,United States
2174,Five Point Holdings,FPH,752823744,5.09,United States
2175,Independent Bank Corporation,IBCP,751374528,36.47,United States
2176,Westlake Chemical Partners,WLKP,750032320,21.28,United States
2177,TaskUs,TASK,748624576,8.165,United States
2178,Washington Trust Bancorp,WASH,748285568,39.23,United States
2179,Alpha &amp; Omega Semiconductor,AOSL,747403648,24.7,United States
2180,Annexon,ANNX,745046016,3.93,United States
2181,Lightwave Logic,LWLG,744627776,4.83,United States
2182,Latham Group,SWIM,739993920,6.29,United States
2183,QuidelOrtho,QDEL,738557376,10.77,United States
2184,ProKidney,PROK,738487744,1.85,United States
2185,River City Bank,RCBC,738229632,52.75,United States
2186,Third Coast Bancshares,TCBX,737815168,44.3,United States
2187,Vitesse Energy,VTS,737667648,17.52,United States
2188,Bowman Consulting Group,BWMN,735991104,42.46,United States
2189,Movado Group,MOV,734965312,32.94,United States
2190,Fidus Investment Corporation,FDUS,730621504,19.25,United States
2191,Entravision Communications,EVC,728154688,7.89,United States
2192,Lucky Strike Entertainment,LUCK,727991616,5.34,United States
2193,N-Able,NABL,727286208,3.85,United States
2194,Kodiak AI,KDK,722225408,3.6,United States
2195,Energy Vault,NRGV,721903104,3.97,United States
2196,Bain Capital Specialty Finance,BCSF,718743040,11.08,United States
2197,Nuvectis Pharma,NVCT,713925760,21.87,United States
2198,Gyre Therapeutics,GYRE,710426176,6.7,United States
2199,XOMA Royalty,XOMA,710155008,40.17,United States
2200,Peoples Financial Services,PFIS,709835136,70.91,United States
2201,Carter Bankshares,CARE,708353024,30.58,United States
2202,Arrow Financial,AROW,708347264,38.24,United States
2203,Enhabit,EHAB,706913408,13.8,United States
2204,Cass Information Systems,CASS,706768320,55.32,United States
2205,Donegal Group,DGICA,705266304,19.0,United States
2206,Community West Bancshares,CWBC,704051520,25.95,United States
2207,Hyliion,HYLN,703673024,3.94,United States
2208,Mesa Laboratories,MLAB,701106432,125.29,United States
2209,Zevra Therapeutics,ZVRA,700728640,11.8,United States
2210,GMR Solutions Inc.,GMRS,700661632,12.97,United States
2211,American Woodmark,AMWD,700651840,48.09,United States
2212,indie Semiconductor,INDI,700062784,3.02,United States
2213,Aura Biosciences,AURA,697933376,6.73,United States
2214,PennantPark Floating Rate Capital Ltd.,PFLT,696509632,7.02,United States
2215,IperionX,IPX,696383808,19.23,United States
2216,California BanCorp,BCAL,695416128,21.63,United States
2217,Coastal Financial Corporation,CCB,694152128,45.41,United States
2218,Neurogene,NGNE,693794560,34.67,United States
2219,"Eve Holding, Inc.",EVEX,693487808,1.99,United States
2220,Hallador Energy Company,HNRG,692535872,14.69,United States
2221,Hovnanian Enterprises,HOV,691943232,116.1,United States
2222,Midland States Bancorp,MSBI,691667904,33.33,United States
2223,MiMedx Group,MDXG,690269248,4.73,United States
2224,Ironwood Pharmaceuticals,IRWD,689050624,4.17,United States
2225,Bloomin' Brands,BLMN,688392192,8.04,United States
2226,Collegium Pharmaceutical,COLL,687872064,22.19,United States
2227,Once Upon A Farm,OFRM,686547200,16.35,United States
2228,Tronox,TROX,685113152,4.29,United States
2229,Sprout Social,SPT,682874240,11.27,United States
2230,United States Antimony Corporation,UAMY,682492352,4.56,United States
2231,RE/MAX Holdings,RMAX,681161536,12.36,United States
2232,Park Aerospace,PKE,681030464,31.31,United States
2233,Monopar Therapeutics,MNPR,680949824,101.45,United States
2234,Tron Inc.,TRON,678366336,1.43,United States
2235,"Yesway, Inc.",YSWY,677974080,21.74,United States
2236,Bar Harbor Bankshares,BHB,677684928,40.42,United States
2237,Udemy,UDMY,677283328,4.63,United States
2238,Petco,WOOF,673085440,2.35,United States
2239,Natural Grocers by Vitamin Cottage,NGVC,672017024,29.16,United States
2240,Mama's Creations,MAMA,671851392,14.25,United States
2241,Consensus Cloud Solutions,CCSI,671058624,36.62,United States
2242,WhiteFiber,WYFI,670518592,17.26,United States
2243,Hertz,HTZ,670128640,1.88,United States
2244,Red River Bancshares,RRBI,669932800,101.75,United States
2245,Paysign,PAYS,667382656,11.82,United States
2246,PAR Technology,PAR,666353280,16.11,United States
2247,Starling Oncology,STLN,665512256,6.53,United States
2248,Papa John's Pizza,PZZA,664688896,20.19,United States
2249,Mativ Holdings,MATV,664488768,12.04,United States
2250,Verastem Oncology,VSTM,662924416,7.32,United States
2251,Cardinal Infrastructure Group,CDNL,662499840,32.43,United States
2252,Hingham Institution for Savings,HIFS,661482112,301.05,United States
2253,Scholastic,SCHL,660378752,35.01,United States
2254,New Mountain Finance Corporation,NMFC,660222208,6.99,United States
2255,Cannae Holdings,CNNE,658420800,15.18,United States
2256,OneSpan,OSPN,658179840,17.86,United States
2257,LightPath Technologies,LPTH,657640448,9.39,United States
2258,Legacy Housing Corporation,LEGH,656847808,27.62,United States
2259,ACNB Corporation,ACNB,656468992,64.55,United States
2260,SLR Investment,SLRC,656292224,12.03,United States
2261,Village Super Market,VLGEA,653839040,44.15,United States
2262,Velocity Financial,VEL,653418048,16.55,United States
2263,ParkOhio Holdings Corp.,PKOH,653064768,45.07,United States
2264,Granite Ridge Resources,GRNT,652906176,4.95,United States
2265,Tiptree,TIPT,652811840,17.53,United States
2266,"AGNT, Inc",AGNT,651759936,3.9,United States
2267,Grid Dynamics,GDYN,650637632,8.02,United States
2268,Sagimet Biosciences,SGMT,650179520,10.46,United States
2269,WhiteHawk Minerals Corp,WHK,650091712,27.32,United States
2270,Vaalco Energy,EGY,649033280,6.17,United States
2271,Armada Hoffler Properties,AHH,647902656,6.25,United States
2272,OTC Markets Group,OTCM,647107456,54.0,United States
2273,Array Technologies,ARRY,646070784,4.2,United States
2274,First Watch Restaurant,FWRG,643660736,10.43,United States
2275,Franklin BSP Realty Trust,FBRT,641941056,7.73,United States
2276,Shentel,SHEN,641676672,11.59,United States
2277,Cytek Biosciences,CTKB,640817408,4.93,United States
2278,Enovix,ENVX,640789696,2.92,United States
2279,Northfield Bancorp,NFBK,639406784,15.31,United States
2280,AngioDynamics,ANGO,638998720,15.46,United States
2281,Crescent Biopharma,CBIO,638182592,17.18,United States
2282,Gladstone Investment,GAIN,635956864,15.97,United States
2283,Phreesia,PHR,635606464,10.24,United States
2284,Helen of Troy,HELE,634009856,27.22,United States
2285,Yext,YEXT,632473920,6.39,United States
2286,OmniAb,OABI,632448256,4.35,United States
2287,DoubleDown Interactive,DDI,630815296,12.73,United States
2288,Altimmune,ALT,630237312,3.24,United States
2289,Chatham Lodging Trust,CLDT,628706176,12.84,United States
2290,Ramaco Resources,METC,627543552,9.9,United States
2291,Limbach Holdings,LMB,626777664,52.56,United States
2292,Ooma,OOMA,623208000,22.58,United States
2293,Reservoir Media,RSVR,623045504,9.45,United States
2294,Forge Global,FRGE,623007296,45.0,United States
2295,Matthews International Corporation,MATW,622702784,19.95,United States
2296,Phathom Pharmaceuticals,PHAT,622128192,7.69,United States
2297,"Nerdy, Inc,",NRDY,621181632,8.6,United States
2298,Gladstone Commercial,GOOD,618622144,12.67,United States
2299,Miller Industries,MLR,618580544,54.49,United States
2300,NETGEAR,NTGR,617507328,22.72,United States
2301,Cars.com,CARS,617232128,11.53,United States
2302,MISTRAS Group,MG,616613952,19.36,United States
2303,Onterris,ONT,615608448,17.53,United States
2304,Summit Hotel Properties,INN,613686208,5.69,United States
2305,EagleRock Land,EROK,611881344,25.02,United States
2306,Kearny Financial,KRNY,609622080,9.65,United States
2307,CorMedix,CRMD,609524608,7.82,United States
2308,Contango Ore,CTGO,605610944,18.11,United States
2309,Aquestive Therapeutics,AQST,604966144,4.82,United States
2310,OrthoPediatrics,KIDS,604441600,23.15,United States
2311,The Elmet Group,ELMT,604316416,19.84,United States
2312,CytomX Therapeutics,CTMX,602491520,2.765,United States
2313,NerdWallet,NRDS,601517056,9.41,United States
2314,Hyster-Yale Materials Handling,HY,601385216,33.54,United States
2315,GAMCO Investors,GAMI,601371648,28.0,United States
2316,Greene County Bancorp,GCBC,600829376,35.29,United States
2317,AH Realty Trust,AHRT,600391616,6.26,United States
2318,First Business Financial Services,FBIZ,599673856,71.66,United States
2319,OppFi,OPFI,599014016,7.03,United States
2320,Fulgent Genetics,FLGT,595155712,21.63,United States
2321,Unity Bancorp,UNTY,595022720,59.25,United States
2322,Janus International Group,JBI,594860096,4.36,United States
2323,Kimball Electronics,KE,593902208,24.78,United States
2324,Bluelinx,BXC,593367744,75.49,United States
2325,"Sturm, Ruger &amp; Co",RGR,592473792,37.08,United States
2326,Capital Bancorp,CBNK,591832320,36.33,United States
2327,Shattuck Labs,STTK,590135936,5.88,United States
2328,W&amp;T Offshore,WTI,587168064,3.89,United States
2329,Weave Communications,WEAV,585700352,7.32,United States
2330,Smith &amp; Wesson,SWBI,585606208,13.06,United States
2331,Insteel Industries,IIIN,585587008,30.25,United States
2332,MediaAlpha,MAX,584851840,11.04,United States
2333,Allogene Therapeutics,ALLO,583879616,1.69,United States
2334,Bridgewater Bancshares,BWB,581935424,20.87,United States
2335,Southern First Bancshares,SFST,580429120,61.28,United States
2336,Bright Minds Biosciences,DRUG,579990912,59.11,United States
2337,Enviri Corporation,NVRI,578461248,20.52,United States
2338,ADTRAN,ADTN,577703168,7.09,United States
2339,New Era Energy & Digital,NUAI,576486016,5.41,United States
2340,Northpointe Bancshares,NPB,576479296,16.67,United States
2341,The Honest Company,HNST,573434944,5.345,United States
2342,Zion Oil &amp; Gas,ZNOG,572103872,0.48,United States
2343,Claritev,CTEV,568756928,33.56,United States
2344,Northrim BanCorp,NRIM,568576192,25.56,United States
2345,Universal Health Realty Income Trust,UHT,567205312,40.81,United States
2346,XMax Inc.,XMAX,566515648,8.78,United States
2347,Kelly Services,KELYA,566130688,16.3,United States
2348,Investors Title Company,ITIC,565322624,299.43,United States
2349,Civista Bancshares,CIVB,564771520,27.16,United States
2350,Delcath Systems,DCTH,562814464,16.22,United States
2351,TPG Real Estate Finance Trust,TRTX,561949120,7.32,United States
2352,Titan Machinery,TITN,559376960,23.77,United States
2353,Rayonier Advanced Materials,RYAM,558741184,8.26,United States
2354,Scribe Therapeutics,SCTX,550911872,29.1,United States
2355,Tectonic Therapeutic,TECX,545622784,27.91,United States
2356,Solid Power,SLDP,545353152,2.39,United States
2357,Ethan Allen,ETD,544878144,21.62,United States
2358,Prime Medicine,PRME,544130560,3.0,United States
2359,BrightSpire Capital,BRSP,542788736,4.29,United States
2360,Pangaea Logistics Solutions,PANL,542122816,8.28,United States
2361,Gemini Space Station,GEMI,541946176,4.18,United States
2362,Home Bancorp,HBCP,540326976,68.65,United States
2363,Krispy Kreme,DNUT,539584960,3.11,United States
2364,Verra Mobility,VRRM,538019136,3.54,United States
2365,Factorial Energy,FAC,537079936,5.0,United States
2366,York Water,YORW,535380928,32.99,United States
2367,IBEX,IBEX,534863360,40.28,United States
2368,FrontView REIT,FVR,533130528,17.64,United States
2369,Bally's Corporation,BALY,532453440,10.55,United States
2370,SandRidge Energy,SD,532401248,14.36,United States
2371,Bankwell Financial Group,BWFG,531650848,66.69,United States
2372,MapLight Therapeutics,MPLT,528707264,11.4,United States
2373,Evolus,EOLS,527743008,7.99,United States
2374,Climb Global Solutions,CLMB,526976480,28.24,United States
2375,REGENXBIO,RGNX,526785280,7.98,United States
2376,Arvinas,ARVN,526492992,8.16,United States
2377,Sierra Bancorp,BSRR,526184288,40.59,United States
2378,Flushing Financial Corp,FFIC,524179680,15.47,United States
2379,Ovid Therapeutics,OVID,523398272,2.68,United States
2380,Forward Air,FWRD,523265568,15.49,United States
2381,3D Systems,DDD,521701664,3.14,United States
2382,Assembly Biosciences,ASMB,518787968,25.48,United States
2383,Private Bancorp of America,PBAM,518175488,90.5,United States
2384,Bank7,BSVN,517920768,54.37,United States
2385,Contineum Therapeutics,CTNM,517666784,13.76,United States
2386,Veradigm,MDRX,516615808,4.74,United States
2387,Chiron Real Estate,XRN,515926560,35.63,United States
2388,Bit Digital,BTBT,515705888,1.43,United States
2389,Intrepid Potash,IPI,513641216,38.17,United States
2390,Industrial Logistics Properties Trust,ILPT,513275808,7.69,United States
2391,Orange County Bancorp,OBT,512854592,38.25,United States
2392,American Integrity Insurance Group,AII,512564064,26.16,United States
2393,i3 Verticals,IIIV,511659584,14.71,United States
2394,Cerus Corporation,CERS,509857984,2.53,United States
2395,NioCorp Developments,NB,509554624,3.5,United States
2396,Oil States International,OIS,509122880,8.44,United States
2397,Concrete Pumping Holdings,BBCP,508469600,10.09,United States
2398,Carriage Services,CSV,507756992,31.97,United States
2399,Teamshares,TMS,506784320,6.88,United States
2400,Brandywine Realty Trust,BDN,504330400,2.92,United States
2401,Tactile Medical,TCMD,502201184,22.17,United States
2402,West Bancorporation,WTBA,502108672,29.46,United States
2403,One Liberty Properties,OLP,500863392,22.87,United States
2404,AMC Networks,AMCX,500774688,12.14,United States
2405,ChoiceOne Financial Services,COFS,498916160,33.36,United States
2406,Capricor Therapeutics,CAPR,497669760,8.56,United States
2407,Universal Logistics Holdings,ULH,496769440,18.84,United States
2408,Ponce Financial Group,PDLB,496335712,20.52,United States
2409,Vogenx,VOGX,496011360,33.39,United States
2410,Quad,QUAD,495572352,9.63,United States
2411,Farmers &amp; Merchants Bancorp,FMAO,492803712,35.78,United States
2412,AlTi Global,ALTI,492781248,3.16,United States
2413,Gray Media,GTN,490205696,4.76,United States
2414,First Foundation,FFWM,489265120,5.9,United States
2415,Redwood Trust,RWT,488632384,3.89,United States
2416,ARKO Corp.,ARKO,488007872,4.35,United States
2417,NRC Health,NRC,487736416,22.05,United States
2418,Priority Technology Holdings,PRTH,485573760,5.89,United States
2419,Eagle Point Credit Company,ECC,485489248,3.65,United States
2420,"Citi Trends, Inc.",CTRN,485355808,58.2,United States
2421,Puma Biotechnology,PBYI,484712416,9.39,United States
2422,NeuroPace,NPCE,483972256,14.1,United States
2423,ASP Isotopes,ASPI,482924544,3.15,United States
2424,Wabash National,WNC,481920736,11.83,United States
2425,Senseonics Holdings,SENS,479038944,9.06,United States
2426,Ur-Energy,URG,477436480,1.2,United States
2427,Ginkgo Bioworks,DNA,475422368,7.06,United States
2428,Farmland Partners,FPI,473937120,10.79,United States
2429,Methode Electronics,MEI,473366272,13.28,United States
2430,Shoe Carnival,SCVL,473247296,17.43,United States
2431,NVE Corporation,NVEC,471575392,97.49,United States
2432,Valhi,VHI,466733216,16.48,United States
2433,Calavo Growers,CVGW,466334752,26.09,United States
2434,Natural Gas Services Group,NGS,466273024,36.15,United States
2435,MasterCraft Boat,MCFT,466098976,19.15,United States
2436,Citizens &amp; Northern Corp,CZNC,465589152,25.96,United States
2437,Columbus McKinnon,CMCO,464714336,16.1,United States
2438,Johnson Outdoors,JOUT,463725408,44.25,United States
2439,Strata Critical Medical,SRTA,461796704,5.22,United States
2440,Eikon Therapeutics,EIKN,460944448,8.51,United States
2441,Bumble,BMBL,459650304,3.0,United States
2442,Malibu Boats,MBUU,459083488,23.33,United States
2443,ATN International,ATNI,458403904,29.76,United States
2444,AMERISAFE,AMSF,458025984,24.71,United States
2445,Titan International,TWI,457605280,7.09,United States
2446,Xerox,XRX,456974496,3.48,United States
2447,RBB Bancorp,RBB,450641280,26.64,United States
2448,Commercial Bancgroup,CBK,450634752,32.89,United States
2449,Summit Midstream,SMC,450586464,32.69,United States
2450,Relmada Therapeutics,RLMD,450146752,4.22,United States
2451,Opus Genetics,IRD,450089408,5.41,United States
2452,Bank of Marin Bancorp,BMRC,449714272,27.77,United States
2453,Spire Global,SPIR,449431904,11.49,United States
2454,AdvanSix,ASIX,449029696,16.63,United States
2455,KKR Real Estate Finance Trust,KREF,448816896,6.98,United States
2456,Sight Sciences,SGHT,448416288,8.14,United States
2457,CompX International,CIX,447450560,36.27,United States
2458,Colony Bankcorp,CBAN,446924864,21.06,United States
2459,Advantage Solutions,ADV,444727136,33.45,United States
2460,Virgin Galactic,SPCE,444176000,2.93,United States
2461,Cogent Communications,CCOI,444040448,8.67,United States
2462,Forward Industries,FWDI,443819776,6.01,United States
2463,Arcturus Therapeutics,ARCT,443399872,15.6,United States
2464,Idaho Strategic Resources,IDR,443132768,28.0,United States
2465,Acacia Research,ACTG,443044096,4.54,United States
2466,El Pollo Loco,LOCO,442190560,14.53,United States
2467,Zura Bio,ZURA,441772320,4.61,United States
2468,Mayville Engineering Company,MEC,441665728,17.32,United States
2469,Oxford Industries,OXM,438114528,29.25,United States
2470,Alight,ALIT,438090880,11.9,United States
2471,Pioneer Bancorp,PBFS,437895296,18.11,United States
2472,EVgo,EVGO,437176832,1.39,United States
2473,Gladstone Capital Corporation,GLAD,436724000,19.33,United States
2474,American Coastal Insurance Corporation,ACIC,433934176,9.18,United States
2475,Plumas Bancorp,PLBC,433929440,62.355,United States
2476,Tejon Ranch,TRC,432072896,15.99,United States
2477,Vital Farms,VITL,430603136,10.03,United States
2478,Kura Sushi USA,KRUS,429861216,35.38,United States
2479,Cross Country Healthcare,CCRN,428060928,13.25,United States
2480,Radiant Logistics,RLGT,426737888,9.1,United States
2481,Kyverna Therapeutics,KYTX,426719776,6.9,United States
2482,Havertys,HVT,425550080,27.29,United States
2483,C4 Therapeutics,CCCC,424436736,3.45,United States
2484,USCB Financial Holdings,USCB,423619616,22.93,United States
2485,Genie Energy,GNE,423219552,16.08,United States
2486,Evolent Health,EVH,422841920,3.74,United States
2487,Cabaletta Bio,CABA,422168160,2.49,United States
2488,Artiva Biotherapeutics,ARTV,420455040,8.6,United States
2489,Community Health Systems,CYH,420207904,2.98,United States
2490,Community Healthcare Trust,CHCT,420065312,14.66,United States
2491,Star Group,SGU,419327328,12.78,United States
2492,Weyco Group,WEYS,418619616,43.83,United States
2493,"Deep Fission, Inc.",FISN,418232128,7.1,United States
2494,Investar Holding,ISTR,417857184,30.33,United States
2495,Rimini Street,RMNI,417301312,4.47,United States
2496,Turn Therapeutics,TTRX,416644896,13.72,United States
2497,Pacific Biosciences,PACB,416513216,1.34,United States
2498,Editas Medicine,EDIT,416201888,2.71,United States
2499,Boston Omaha,BOC,415445344,13.79,United States
2500,Caleres,CAL,414749824,12.02,United States
2501,Bed Bath &amp; Beyond,BBBY,414399584,4.35,United States
2502,Magnera,MAGN,414384000,11.64,United States
2503,ARS Pharmaceuticals,SPRY,414198176,4.165,United States
2504,Hamilton Beach Brands,HBB,413082848,30.73,United States
2505,Atea Pharmaceuticals,AVIR,413054208,5.15,United States
2506,Avidia Bancorp,AVBC,411729760,22.29,United States
2507,908 Devices,MASS,410030336,9.92,United States
2508,Aspen Aerogels,ASPN,409134688,4.93,United States
2509,ClearPoint Neuro,CLPT,408756640,13.4,United States
2510,Clearfield,CLFD,408741216,30.09,United States
2511,Larimar Therapeutics,LRMR,408259936,3.93,United States
2512,Cooper Standard,CPS,407270240,22.92,United States
2513,FRP Holdings,FRPH,406812000,21.19,United States
2514,PowerFleet,AIOT,406704544,3.03,United States
2515,Parke Bancorp,PKBK,405417888,34.47,United States
2516,Gladstone Land,LAND,404405376,9.375,United States
2517,Nathan's Famous,NATH,404316192,98.67,United States
2518,Chemung Financial Corporation,CHMG,402834016,83.55,United States
2519,First Carolina Financial Services,FCBM,402652320,12.96,United States
2520,Swarmer,SWMR,400177600,25.11,United States
2521,MVB Financial,MVBF,399932832,30.89,United States
2522,International Money Express,IMXI,399095616,13.21,United States
2523,First Bancorp,FNLC,395671648,35.07,United States
2524,iHeartMedia,IHRT,394712384,2.55,United States
2525,PureTech Health,PRTC.L,393077547,1.60322,United States
2526,L.B. Foster,FSTR,392913120,37.35,United States
2527,Acco Brands,ACCO,392307168,4.25,United States
2528,Primis Financial,FRST,391329344,15.78,United States
2529,Citizens Financial Services,CZFS,391185504,81.33,United States
2530,PCB Bancorp,PCB,390018592,27.77,United States
2531,Stitch Fix,SFIX,388269248,2.91,United States
2532,Perma-Fix Environmental Services,PESI,386174016,18.2,United States
2533,Ring Energy,REI,385598624,1.48,United States
2534,Optimum Communications,OPTU,385245856,1.01,United States
2535,Ranger Energy Services,RNGR,385197280,16.46,United States
2536,Benitec Biopharma,BNTC,385105312,11.04,United States
2537,Rezolute,RZLT,383243456,3.98,United States
2538,Rocket Pharmaceuticals,RCKT,382015616,3.48,United States
2539,Alpha Teknova,TKNO,381723456,7.11,United States
2540,BridgeBio Oncology Therapeutics,BBOT,381629504,4.76,United States
2541,Monro,MNRO,380796256,12.18,United States
2542,Gevo,GEVO,375800384,1.52,United States
2543,Clean Energy Fuels,CLNE,374756512,1.7,United States
2544,Northeast Community Bancorp,NECB,374299136,27.19,United States
2545,Waterstone Financial,WSBF,374101952,20.81,United States
2546,LendingTree,TREE,373171520,26.58,United States
2547,Simulations Plus,SLP,372743776,18.43,United States
2548,Gloo Holdings,GLOO,372531360,4.07,United States
2549,Shoulder Innovations,SI,372451104,17.89,United States
2550,Serve Robotics,SERV,371975200,4.29,United States
2551,Galectin Therapeutics,GALT,371126720,3.68,United States
2552,DigiPowerX,DGXX,371111872,3.66,United States
2553,Fennec Pharmaceuticals,FENC,369958560,10.55,United States
2554,Enanta Pharmaceuticals,ENTA,369892608,12.7,United States
2555,Orion Group Holdings,ORN,369317024,9.12,United States
2556,Myriad Genetics,MYGN,369207616,3.86,United States
2557,Lifeway Foods,LWAY,368906752,24.42,United States
2558,NexPoint Real Estate Finance,NREF,368315872,15.99,United States
2559,GigCapital9,GIX,366929984,10.04,United States
2560,Barnes &amp; Noble Education,BNED,362942336,10.47,United States
2561,Value Line,VALU,362430464,38.63,United States
2562,Energy Recovery,ERII,362418624,7.1,United States
2563,Richtech Robotics,RR,362414112,1.61,United States
2564,Artesian Resources,ARTNA,362172128,35.07,United States
2565,Genesco,GCO,361284864,33.39,United States
2566,Orchestra BioMed,OBIO,361231360,6.01,United States
2567,Southern States Bancshares,SSBK,361068608,36.37,United States
2568,Orthofix Medical,OFIX,359752672,8.9,United States
2569,Timberland Bancorp,TSBK,359391392,46.22,United States
2570,Oportun Financial,OPRT,358700576,7.8,United States
2571,Eightco Holdings,ORBS,358434368,0.834,United States
2572,DiaMedica Therapeutics,DMAC,357527360,6.63,United States
2573,Public Policy Holding Company,PPHC,356857248,11.81,United States
2574,Prelude Therapeutics,PRLD,356721568,4.47,United States
2575,"Mobia Medical, Inc.",MOBI,356547648,10.71,United States
2576,J.Jill,JILL,355819680,23.94,United States
2577,BioAge Labs,BIOA,355701024,7.75,United States
2578,Cerence,CRNC,355057504,7.85,United States
2579,Camping World,CWH,354883424,5.56,United States
2580,Transcontinental Realty Investors,TCI,354380448,40.39,United States
2581,Twin Disc,TWIN,353586432,24.32,United States
2582,"Suja Life, Inc.",SUJA,351487616,9.1,United States
2583,Everspin Technologies,MRAM,349909600,14.37,United States
2584,CION Investment Corporation,CION,349831232,7.11,United States
2585,FS Bancorp,FSBW,349629728,44.47,United States
2586,"TWFG, Inc.",TWFG,348412992,27.05,United States
2587,ON24,ONTF,348249024,8.1,United States
2588,X4 Pharmaceuticals,XFOR,348005056,3.51,United States
2589,Dine Brands Global,DIN,347873440,27.48,United States
2590,Civeo,CVEO,347525184,33.62,United States
2591,Aimco,AIV,347116512,2.25,United States
2592,Emergent BioSolutions,EBS,346095008,6.75,United States
2593,Gogo Inflight Internet,GOGO,345545024,2.55,United States
2594,Movano,MOVE,344550848,10.92,United States
2595,Avidbank Holdings,AVBH,344332096,31.35,United States
2596,NewtekOne,NEWT,343439488,11.89,United States
2597,NL Industries,NL,343269120,7.02,United States
2598,Lexeo Therapeutics,LXEO,341312416,4.16,United States
2599,Clearwater Paper,CLW,340618400,21.12,United States
2600,Viemed Healthcare,VMD,340508736,8.94,United States
2601,Verano Holdings,VRNOF,340106912,0.94,United States
2602,Evommune,EVMN,340057088,9.37,United States
2603,Alpine Income Property Trust,PINE,339202176,18.0,United States
2604,Ocugen,OCGN,338567808,0.9984,United States
2605,Century Therapeutics,IPSC,336800128,1.86,United States
2606,OPAL Fuels,OPAL,335404800,1.92,United States
2607,Repay Holdings,RPAY,335100672,3.8,United States
2608,Flexsteel Industries,FLXS,333681504,81.55,United States
2609,Envela Corporation,ELA,332851744,12.82,United States
2610,M-tron Industries,MPTI,330766816,76.1,United States
2611,Innovative Aerosystems,IA,329702752,18.42,United States
2612,Compass Therapeutics,CMPX,329560896,1.83,United States
2613,Ranpak,PACK,329311808,3.84,United States
2614,PrimeEnergy Resources,PNRG,329054176,207.92,United States
2615,BayCom (United Business Bank),BCML,327931136,30.03,United States
2616,Paysafe,PSFE,326868864,6.26,United States
2617,Q32 Bio,QTTB,326868736,10.98,United States
2618,FVCBankcorp,FVCB,326058400,18.08,United States
2619,John Marshall Bancorp,JMSB,325708064,23.08,United States
2620,Agenus,AGEN,325617408,7.21,United States
2621,CoastalSouth Bancshares,COSO,325519552,27.23,United States
2622,Build-A-Bear Workshop,BBW,324860864,26.37,United States
2623,Nano Dimension,NNDM,324692064,1.54,United States
2624,Chaince Digital Holdings,CD,324511200,2.95,United States
2625,Orion S.A.,OEC,324234720,5.75,United States
2626,Neighborhood Intelligence,NXH,323980000,3.34,United States
2627,Rocky Brands,RCKY,323350880,43.16,United States
2628,AVITA Medical,RCEL,323185568,10.45,United States
2629,The RMR Group,RMR,323157888,18.92,United States
2630,Bakkt Holdings,BKKT,323148000,7.17,United States
2631,ThredUp,TDUP,323080768,2.46,United States
2632,Sanara MedTech,SMTI,322500000,35.1,United States
2633,Inhibikase Therapeutics,IKT,322327936,2.31,United States
2634,Montauk Renewables,MNTK,320267552,2.25,United States
2635,fuboTV,FUBO,320165344,10.6,United States
2636,Holley,HLLY,318845824,2.63,United States
2637,Sionna Therapeutics,SION,317858304,7.04,United States
2638,Vista Gold,VGZ,316757824,2.17,United States
2639,Maui Land &amp; Pineapple Company,MLP,316157760,15.92,United States
2640,First Community Corporation,FCCO,315830944,33.6,United States
2641,Seaport Entertainment Group,SEG,314986496,24.59,United States
2642,ZipRecruiter,ZIP,314926176,3.83,United States
2643,Fossil Group,FOSL,314614432,5.32,United States
2644,Blend Labs,BLND,314562720,1.33,United States
2645,Presidio Production Company,FTW,313915488,10.02,United States
2646,Palmer Square Capital BDC,PSBD,313868480,10.24,United States
2647,loanDepot,LDI,312920224,0.7042,United States
2648,Alto Ingredients,ALTO,311825216,4.02,United States
2649,NI Holdings,NODK,309947744,15.19,United States
2650,Designer Brands,DBI,308785344,6.04,United States
2651,SAB Biotherapeutics,SABS,308443808,3.39,United States
2652,C&amp;F Financial Corporation,CFFI,308390368,94.84,United States
2653,Perspective Therapeutics,CATX,308209504,2.7,United States
2654,MGP Ingredients,MGPI,307506112,14.36,United States
2655,Abeona Therapeutics,ABEO,307078144,5.37,United States
2656,Telos,TLS,304926112,4.08,United States
2657,Lands' End,LE,304009344,10.29,United States
2658,Horizon Technology Finance,HRZN,303663616,4.53,United States
2659,TriSalus Life Sciences,TLSI,303562752,4.93,United States
2660,Vanda Pharmaceuticals,VNDA,302313440,5.0,United States
2661,American Battery Technology Company,ABAT,302264832,2.12,United States
2662,Chain Bridge Bancorp,CBNA,302040416,46.03,United States
2663,Cadiz Inc.,CDZI,301450368,3.56,United States
2664,Biodesix,BDSX,301339936,28.56,United States
2665,CapsoVision,CV,299780992,5.99,United States
2666,AirJoule Technologies Corporation,AIRJ,299257344,4.08,United States
2667,Treace Medical Concepts,TMCI,296557568,4.56,United States
2668,Regional Management Corp.,RM,296332480,32.12,United States
2669,First Western Financial,MYFW,296176352,30.33,United States
2670,Funko,FNKO,294537760,5.26,United States
2671,Palisade Bio,PALI,294517248,1.69,United States
2672,Zentalis Pharmaceuticals,ZNTL,293482912,3.1,United States
2673,Ribbon Communications,RBBN,293270304,1.64,United States
2674,Princeton Bancorp,BPRN,293240192,43.04,United States
2675,Fate Therapeutics,FATE,292362048,2.44,United States
2676,Alico,ALCO,292291328,39.4,United States
2677,Upstream Bio,UPB,291929632,5.33,United States
2678,Friedman Industries,FRD,291829504,40.46,United States
2679,NACCO Industries,NC,291142944,38.61,United States
2680,E. W. Scripps Company,SSP,290980640,3.14,United States
2681,Isabella Bank Corporation,ISBA,290736352,38.11,United States
2682,Embecta,EMBC,290663744,5.13,United States
2683,EyePoint Pharmaceuticals,EYPT,289252480,3.45,United States
2684,Fulcrum Therapeutics,FULC,289166592,3.79,United States
2685,Immuneering,IMRX,287903424,4.45,United States
2686,Franklin Financial Services Corporation,FRAF,285858432,63.53,United States
2687,Onity Group,ONIT,285306880,34.15,United States
2688,GBank Financial Holdings,GBFH,284812896,19.62,United States
2689,Ames National Corp.,ATLO,284582496,32.13,United States
2690,Commerce.com,CMRC,284206336,3.43,United States
2691,NexPoint Diversified Real Estate Trust,NXDT,283055136,5.33,United States
2692,Saratoga Investment,SAR,282863328,17.59,United States
2693,Chicago Atlantic Real Estate Finance,REFI,282088832,11.01,United States
2694,TechTarget,TTGT,281374048,3.89,United States
2695,Kingstone Companies,KINS,280836960,19.4,United States
2696,First United Corporation,FUNC,280741856,43.5,United States
2697,Hawthorn Bancshares,HWBK,280190880,38.31,United States
2698,Matrix Service Company,MTRX,280089984,9.9,United States
2699,Marine Products Corporation,MPX,280037408,8.18,United States
2700,RCM Technologies,RCMT,279310592,39.28,United States
2701,Anika Therapeutics,ANIK,278901024,20.84,United States
2702,Pyxis Oncology,PYXS,278582880,3.34,United States
2703,QNB Corp.,QNBC,278487232,44.85,United States
2704,Standard BioTools,LAB,278377632,0.7091,United States
2705,Newegg,NEGG,278324992,13.27,United States
2706,Jakks Pacific,JAKK,277427104,24.24,United States
2707,KinderCare Learning Companies,KLC,277329856,2.34,United States
2708,Palladyne AI,PDYN,276789056,5.61,United States
2709,Western New England Bancorp,WNEB,276432576,13.79,United States
2710,TrueBlue,TBI,275521312,9.05,United States
2711,CPI Card Group,PMTS,275425504,23.76,United States
2712,Runway Growth Finance,RWAY,275348064,6.57,United States
2713,Soluna Holdings,SLNH,273941440,1.12,United States
2714,LCNB Corp.,LCNB,273838304,19.21,United States
2715,Middlefield Banc,MBCN,273627936,33.67,United States
2716,The Hackett Group,HCKT,273407808,10.99,United States
2717,Strattec Security,STRT,272589856,68.53,United States
2718,Medallion Financial Corp.,MFIN,271849344,11.84,United States
2719,USANA,USNA,271789824,14.71,United States
2720,Cresco Labs,CRLBF,271449536,0.73,United States
2721,Lineage Cell Therapeutics,LCTX,270610976,1.07,United States
2722,Escalade Sports,ESCA,270228032,19.63,United States
2723,National Bankshares,NKSH,270177984,42.41,United States
2724,Portillo's,PTLO,269769504,3.72,United States
2725,CS Disco,LAW,269364512,4.2,United States
2726,Xperi,XPER,269220480,5.52,United States
2727,"NN, Inc.",NNBR,269212256,3.26,United States
2728,Entrada Therapeutics,TRDA,268273632,6.89,United States
2729,Pure Cycle (water),PCYO,268203728,11.13,United States
2730,Omega Flex,OFLX,265480656,26.3,United States
2731,Lyell Immunopharma,LYEL,264042880,10.775,United States
2732,PAMT Corp,PAMT,262406464,12.53,United States
2733,BRT Apartments,BRT,262166192,13.95,United States
2734,GoPro,GPRO,262072576,1.27,United States
2735,Ready Capital,RC,261507376,1.58,United States
2736,Slam Corp,SLMWF,261266432,11.14,United States
2737,Duos Technologies Group,DUOT,261221760,8.3,United States
2738,8x8,EGHT,259983904,1.8,United States
2739,MacroGenics,MGNX,259896768,4.08,United States
2740,American Realty Investors,ARL,259724848,16.08,United States
2741,Sutro Biopharma,STRO,258666272,15.6,United States
2742,Aviat Networks,AVNW,258335056,20.18,United States
2743,AerSale,ASLE,257724528,5.4,United States
2744,Syntec Optics,OPTX,256582832,6.37,United States
2745,Virginia National Bankshares,VABK,255802048,47.15,United States
2746,SEACOR Marine,SMHI,255319888,9.41,United States
2747,B&amp;G Foods,BGS,255205616,3.14,United States
2748,Information Services Group,III,255138960,5.27,United States
2749,Alliance Entertainment,AENT,254786848,5.0,United States
2750,Akebia Therapeutics,AKBA,254328112,0.9178,United States
2751,Richmond Mutual Bancorporation,RMBI,253394768,15.8,United States
2752,Jack in the Box,JACK,253358944,13.21,United States
2753,Lantronix,LTRX,253142800,5.42,United States
2754,Conduent,CNDT,251943696,1.62,United States
2755,OpGen,OPGN,251197920,24.75,United States
2756,Global Water Resources,GWRS,250807520,8.71,United States
2757,Gencor Industries,GENC,250793296,17.11,United States
2758,Perma-Pipe International,PPIH,248150032,30.28,United States
2759,U.S. Gold Corp,USAU,248095232,15.01,United States
2760,InfuSystem,INFU,247968880,12.45,United States
2761,Foghorn Therapeutics,FHTX,247636768,4.17,United States
2762,Eagle Financial Services,EFSI,247635488,45.76,United States
2763,Infinity Natural Resources,INR,247006864,13.25,United States
2764,Aeluma,ALMU,245840672,13.43,United States
2765,Kolibri Global Energy,KGEI,245707408,6.85,United States
2766,Outdoor Holding Company,POWW,244888544,2.11,United States
2767,Richardson Electronics,RELL,244516400,16.45,United States
2768,LiveWire Group,LVWR,244440848,1.19,United States
2769,Asure Software,ASUR,243741520,8.44,United States
2770,ALX Oncology,ALXO,243367504,1.76,United States
2771,Third Harmonic Bio,THRD,242787568,5.38,United States
2772,Amtech Systems,ASYS,242487184,13.85,United States
2773,CAMP4 Therapeutics,CAMP,242227344,3.86,United States
2774,BRC Group Holdings,RILY,242002528,6.02,United States
2775,AIAI Holdings Corporation,AIAI,241666640,3.42,United States
2776,First Internet Bancorp,INBK,240522640,27.54,United States
2777,Ares Commercial Real Estate,ACRE,240233216,4.33,United States
2778,OraSure Technologies,OSUR,240010816,3.48,United States
2779,Tredegar,TG,239948544,6.89,United States
2780,Cartesian Therapeutics,RNAC,239319824,7.91,United States
2781,ChargePoint,CHPT,239236384,8.91,United States
2782,Dave & Buster's,PLAY,238938224,6.86,United States
2783,Acme United,ACU,237543664,61.96,United States
2784,Niagen Bioscience,NAGE,237378000,3.0,United States
2785,Invivyd,IVVD,237369216,0.8053,United States
2786,FutureFuel,FF,237300560,5.41,United States
2787,HMH Holding,HMH,237239728,19.7,United States
2788,Huuuge,HUG.WA,237045233,5.76415,United States
2789,Immersion Corporation,IMMR,236427008,7.12,United States
2790,Utah Medical Products,UTMD,235793552,74.06,United States
2791,FreightCar America,RAIL,235769312,7.19,United States
2792,"TSS, Inc.",TSSI,235629248,8.35,United States
2793,Peoples Bancorp of North Carolina,PEBK,234989792,44.16,United States
2794,Better Home & Finance Holding Company,BETR,234822448,12.36,United States
2795,Chicago Atlantic BDC,LIEN,233226432,10.22,United States
2796,HireQuest,HQI,231831088,16.69,United States
2797,MBIA,MBI,231614656,4.54,United States
2798,Meridian Corporation,MRBK,231423520,19.4,United States
2799,Nature's Sunshine Products,NATR,230325360,13.09,United States
2800,Whitehawk Therapeutics,WHWK,230316384,4.04,United States
2801,Pro-Dex,PDEX,230159536,71.85,United States
2802,OP Bancorp (Open Bank),OPBK,229962272,15.4,United States
2803,Silver Bow Mining,SBMT,229436448,7.77,United States
2804,Greenwich LifeSciences,GLSI,229420400,15.63,United States
2805,Limoneira,LMNR,229369888,12.65,United States
2806,Community Bancorp,CMTV,229244928,40.93,United States
2807,Lightbridge Corporation,LTBR,227982864,6.47,United States
2808,"AstroNova, Inc.",ALOT,227316416,28.99,United States
2809,PennantPark Investment,PNNT,227230416,3.48,United States
2810,AIRO Group Holdings,AIRO,226887040,7.19,United States
2811,American Well,AMWL,226726736,13.33,United States
2812,CF Bankshares,CFBK,226318512,34.86,United States
2813,Security National Financial Corporation,SNFCA,225802944,8.67,United States
2814,Turtle Beach Corp,TBCH,225304176,12.58,United States
2815,Microvast,MVST,225183408,0.5856,United States
2816,RxSight,RXST,224603584,5.4,United States
2817,"Merlin, Inc.",MRLN,223359808,2.21,United States
2818,Spok Holdings,SPOK,223196512,10.67,United States
2819,RGC Resources,RGCO,223082688,21.41,United States
2820,Nu Skin,NUS,222938976,4.58,United States
2821,SIGA Technologies,SIGA,222734096,3.1,United States
2822,EVI Industries,EVI,221897104,17.23,United States
2823,Stellus Capital Investment Corporation,SCM,221289104,7.77,United States
2824,Forrester Research,FORR,221233184,11.62,United States
2825,National CineMedia,NCMI,220124816,2.34,United States
2826,RideNow Group,RDNW,220022528,5.64,United States
2827,Silvaco Group,SVCO,219918576,6.49,United States
2828,Smart Sand,SND,219627120,5.18,United States
2829,Hudson Technologies,HDSN,219281344,5.21,United States
2830,Rare Earths Americas,REA,219093728,10.98,United States
2831,Anavex Life Sciences,AVXL,218764528,2.36,United States
2832,SmartRent,SMRT,218437440,1.14,United States
2833,Eledon Pharmaceuticals,ELDN,216967280,2.67,United States
2834,Vuzix,VUZI,216944576,2.57,United States
2835,CARGO Therapeutics,CRGX,216188416,4.47,United States
2836,Kaltura,KLTR,215859968,1.415,United States
2837,SES AI,SES,215495200,0.5804,United States
2838,Modiv Industrial,MDV,215101808,18.05,United States
2839,Alector,ALEC,214939568,1.925,United States
2840,Angi Inc.,ANGI,214542576,5.29,United States
2841,Torrid Holding,CURV,214396784,2.15,United States
2842,Protara Therapeutics,TARA,213925664,3.62,United States
2843,DHI Group,DHX,213832608,4.95,United States
2844,RCI Hospitality Holdings,RICK,213663776,27.95,United States
2845,Octave Specialty Group,OSG,213093536,4.73,United States
2846,Keros Therapeutics,KROS,212944000,10.74,United States
2847,One Stop Systems,OSS,212533008,8.52,United States
2848,GrafTech,EAF,211607440,8.11,United States
2849,Ohio Valley Banc Corp,OVBC,211429776,44.88,United States
2850,LoveSac,LOVE,211014832,14.63,United States
2851,Neostellar Capital Corp.,NSLR,210726848,7.96,United States
2852,Neuronetics,STIM,210304336,2.76,United States
2853,Expensify,EXFY,209729328,2.3,United States
2854,American Resources Corp,AREC,208593984,1.95,United States
2855,Core Molding Technologies,CMT,207244384,23.42,United States
2856,Franklin Covey,FC,206000240,18.24,United States
2857,PEDEVCO,PED,205893280,15.49,United States
2858,Journey Medical,DERM,205755840,7.29,United States
2859,Nkarta,NKTX,205563152,2.87,United States
2860,Zumiez,ZUMZ,205123600,13.38,United States
2861,Korro Bio,KRRO,203655680,13.83,United States
2862,Claros Mortgage Trust,CMTG,203161264,1.44,United States
2863,Stoneridge,SRI,201941952,7.08,United States
2864,Tonix Pharmaceuticals,TNXP,201696048,11.76,United States
2865,Motorcar Parts of America,MPAA,201638656,10.65,United States
2866,AN2 Therapeutics,ANTX,201511504,5.34,United States
2867,TPG Mortgage Investment Trust,MITT,201316000,6.33,United States
2868,Rhinebeck Bancorp,RBKB,201234880,12.87,United States
2869,PepGen,PEPG,200590736,2.9,United States
2870,Sidus Space,SIDU,199413904,1.97,United States
2871,Angel Oak Mortgage REIT,AOMR,199317184,8.0,United States
2872,Landmark Bancorp,LARK,198572384,32.55,United States
2873,Superior Group of Companies,SGC,197720480,12.4,United States
2874,NeoVolta,NEOV,194837344,3.31,United States
2875,Taylor Devices,TAYD,193210656,59.91,United States
2876,Oramed Pharmaceuticals,ORMP,192179760,4.62,United States
2877,Alta Equipment Group,ALTG,190121200,5.82,United States
2878,Lifetime Brands,LCUT,189657904,8.25,United States
2879,"Belpointe PREP, LLC",OZ,189508880,46.75,United States
2880,Comstock Inc.,LODE,189222688,2.49,United States
2881,Amplify Energy,AMPY,189041408,4.56,United States
2882,Acumen Pharmaceuticals,ABOS,188748112,2.61,United States
2883,Coherus BioSciences,CHRS,188491168,1.22,United States
2884,Beyond Meat,BYND,188273904,10.95,United States
2885,Voyager Therapeutics,VYGR,187934736,3.05,United States
2886,Crexendo,CXDO,187551376,5.64,United States
2887,Tharimmune,THAR,187371472,4.74,United States
2888,Hanover Bancorp,HNVR,186686512,26.46,United States
2889,Xponential Fitness,XPOF,186679088,3.77,United States
2890,Exascale Labs Holdings,XLAB,185808000,2.94,United States
2891,flyExclusive,FLYX,185454336,1.22,United States
2892,United Security Bancshares,UBFO,185027760,10.51,United States
2893,Quicklogic,QUIK,183360576,10.01,United States
2894,SB Financial Group,SBFG,183337728,29.32,United States
2895,Precision BioSciences,DTIL,182998304,6.63,United States
2896,Shutterstock,SSTK,182521568,4.94,United States
2897,ECB Bancorp,ECBK,181219936,20.74,United States
2898,"Domo, Inc.",DOMO,180618848,3.84,United States
2899,"QumulusAI, Inc.",QMLS,180006816,5.38,United States
2900,FinWise Bancorp,FINW,179503056,12.93,United States
2901,Organogenesis,ORGO,178857616,1.39,United States
2902,Citizens Inc,CIA,178770176,3.53,United States
2903,Epsilon Energy,EPSN,178674304,5.9,United States
2904,Unisys,UIS,178644080,2.45,United States
2905,MainStreet Bancshares,MNSB,177955680,24.99,United States
2906,BV Financial,BVFL,177289744,20.93,United States
2907,Westwood Holdings Group,WHG,177025456,18.55,United States
2908,GCT Semiconductor,GCTS,175662176,1.91,United States
2909,"1-800-Flowers.com, Inc.",FLWS,174262528,2.715,United States
2910,SKYX Platforms,SKYX,169965888,1.255,United States
2911,Datavault AI,DVLT,167817040,0.1767,United States
2912,Tingo Group,TIO,166947568,0.69,United States
2913,Seven Hills Realty Trust,SEVN,166752624,7.36,United States
2914,Minerva Neurosciences,NERV,166400240,3.485,United States
2915,Jeld-Wen,JELD,165718064,1.91,United States
2916,CuriosityStream,CURI,165553088,2.79,United States
2917,Outlook Therapeutics,OTLK,164789648,0.6769,United States
2918,Lee Enterprises,LEE,163177760,7.32,United States
2919,KORE Group,KORE,163005168,9.25,United States
2920,Atrium Therapeutics,RNA,162503616,9.5,United States
2921,Quipt Home Medical,QIPT,162297152,3.65,United States
2922,TON Strategy Co.,TONX,161911648,2.94,United States
2923,Quantum-Si,QSI,159807136,0.7301,United States
2924,Lucid Diagnostics,LUCD,159709520,0.8364,United States
2925,OneWater Marine,ONEW,158823344,9.53,United States
2926,Humacyte,HUMA,158344928,0.57,United States
2927,Lifecore Biomedical,LFCR,157468720,4.16,United States
2928,Duluth Holdings,DLTH,157340688,4.14,United States
2929,WhiteHorse Finance,WHF,157207776,7.32,United States
2930,Ellington Credit Company,EARN,155910528,4.15,United States
2931,Spruce Biosciences,SPRB,155656544,54.16,United States
2932,Douglas Elliman,DOUG,155422704,1.71,United States
2933,NET Power,NPWR,154841184,1.75,United States
2934,LifeMD,LFMD,154724688,3.21,United States
2935,SITE Centers,SITC,152703248,2.91,United States
2936,The Eastern Company,EML,152003520,25.26,United States
2937,Assertio Holdings,ASRT,151861232,23.5,United States
2938,AirSculpt Technologies,AIRS,151760416,2.105,United States
2939,Armata Pharmaceuticals,ARMP,151330672,4.07,United States
2940,Bassett Furniture,BSET,151173376,17.46,United States
2941,Atomera,ATOM,151023024,3.87,United States
2942,ReposiTrak,TRAK,149750160,8.24,United States
2943,BCB Bancorp,BCBP,149340032,8.25,United States
2944,DeFi Development,DFDV,148098384,4.54,United States
2945,Stratus Properties,STRS,147680368,18.5,United States
2946,Tenaya Therapeutics,TNYA,147476080,0.6577,United States
2947,KORU Medical Systems,KRMD,146985600,3.2,United States
2948,Hurco Companies,HURC,146753456,22.66,United States
2949,Codexis,CDXS,146737728,1.34,United States
2950,Waldencast,WALD,146216256,1.14,United States
2951,Mammoth Energy Services,TUSK,145345296,3.02,United States
2952,Neumora Therapeutics,NMRA,145281104,0.7732,United States
2953,Clipper Realty,CLPR,145264368,3.42,United States
2954,1stdibs.com,DIBS,145218064,4.32,United States
2955,NRx Pharmaceuticals,NRXP,145040816,3.35,United States
2956,Elme Communities,ELME,144838336,1.63,United States
2957,Lake Shore Bancorp,LSBK,142153568,18.1,United States
2958,OptimizeRx,OPRX,141834720,7.53,United States
2959,Shimmick,SHIM,141368528,3.42,United States
2960,eGain,EGAN,141064208,5.39,United States
2961,Corbus Pharmaceuticals,CRBP,140417792,7.26,United States
2962,First Guaranty Bancshares,FGBI,140416912,8.49,United States
2963,Black Rifle Coffee Company (BRCC),BRCC,140312736,9.85,United States
2964,Affinity Bancshares,AFBI,140182352,23.0,United States
2965,NCS Multistage,NCSM,140018304,53.35,United States
2966,Hooker Furnishings,HOFT,139533168,13.05,United States
2967,Solana Company,HSDT,139055024,2.3,United States
2968,RGP (Resources Connection),RGP,138807808,4.03,United States
2969,inTEST Corporation,INTT,138646752,10.81,United States
2970,Orion Properties,ONL,138618656,2.43,United States
2971,Red Robin,RRGB,138186432,7.31,United States
2972,Immunic,IMUX,138082000,10.12,United States
2973,Skillz,SKLZ,137970800,8.84,United States
2974,Oxford Square Capital,OXSQ,137865952,1.28,United States
2975,Quanterix,QTRX,137622816,2.91,United States
2976,Aemetis,AMTX,137122224,1.9,United States
2977,Streamex Corp.,STEX,136854928,0.6068,United States
2978,Inogen,INGN,136141664,5.13,United States
2979,Clarus,CLAR,135922944,3.55,United States
2980,Tillys,TLYS,133972216,4.38,United States
2981,Proficient Auto Logistics,PAL,133812448,4.77,United States
2982,Medifast,MED,133721208,11.96,United States
2983,"Owlet, Inc.",OWLT,132666408,4.54,United States
2984,Stereotaxis,STXS,132266880,1.32,United States
2985,Braemar Hotels &amp; Resorts,BHR,132165576,1.8,United States
2986,PLBY Group (Playboy),PLBY,131788456,1.1,United States
2987,Smith-Midland Corporation,SMID,131554224,24.8,United States
2988,Inspired Entertainment,INSE,130975992,4.91,United States
2989,Legacy Education,LGCY,130948600,10.35,United States
2990,Conexeu Sciences,CNXU,130314944,4.62,United States
2991,Health Catalyst,HCAT,130193544,1.73,United States
2992,LENZ Therapeutics,LENZ,130080216,4.14,United States
2993,DMC Global,BOOM,128175512,6.24,United States
2994,KVH Industries,KVHI,127893784,7.05,United States
2995,Apyx Medical,APYX,126793312,3.01,United States
2996,Sound Financial Bancorp,SFBC,124550088,48.5,United States
2997,Commercial Vehicle Group (CVG),CVGI,124336000,3.06,United States
2998,Magyar Bancorp,MGYR,124330680,19.26,United States
2999,MediciNova,MNOV,124037544,2.52,United States
3000,Nautilus Biotechnology,NAUT,123704808,0.9721,United States
3001,Team Inc,TISI,123379984,26.92,United States
3002,Unifi,UFI,122872208,6.61,United States
3003,Oconee Federal Financial,OFED,122804576,21.1,United States
3004,The Joint Corp.,JYNT,122055424,8.63,United States
3005,MaxCyte,MXCT,121783320,1.18,United States
3006,vTv Therapeutics,VTVT,120436640,30.46,United States
3007,Fonar Corporation,FONR,120195888,19.09,United States
3008,ALT5 Sigma,ALTS,119560224,0.855,United States
3009,Inovio Pharmaceuticals,INO,118907144,1.15,United States
3010,Equillium,EQ,117621992,1.855,United States
3011,Insight Molecular Diagnostics,IMDX,117152936,3.58,United States
3012,Union Bankshares,UNB,116771944,23.61,United States
3013,OnKure Therapeutics,OKUR,116629368,2.88,United States
3014,Provident Financial Holdings,PROV,115328224,18.5,United States
3015,Wheels Up,UP,114613368,3.16,United States
3016,a.k.a. Brands,AKA,114416920,10.41,United States
3017,Orion Energy Systems,OESX,114336432,27.96,United States
3018,Vera Bradley,VRA,114321776,4.02,United States
3019,Vaxart,VXRT,114297864,0.47,United States
3020,Aardvark Therapeutics,AARD,112706960,5.15,United States
3021,Riverview Bancorp,RVSB,112136904,5.62,United States
3022,Vince Holding,VNCE,111583736,8.62,United States
3023,Digimarc,DMRC,110803360,4.93,United States
3024,Vivani Medical,VANI,110048104,1.22,United States
3025,Seritage Growth Properties,SRG,109832992,1.95,United States
3026,Veritone,VERI,109498208,1.09,United States
3027,U.S. GoldMining,USGO,107934808,7.69,United States
3028,Cable One,CABO,107464144,18.94,United States
3029,Rafael Holdings,RFL,107119992,2.06,United States
3030,Rani Therapeutics,RANI,106232752,0.756,United States
3031,Pathfinder Bancorp,PBHC,105920712,16.87,United States
3032,Fluent,FLNT,105883736,3.35,United States
3033,Genelux,GNLX,105874080,2.34,United States
3034,KULR Technology Group,KULR,105519128,2.28,United States
3035,Cherry Hill Mortgage Investment,CHMI,105316280,2.81,United States
3036,Seer Inc,SEER,105206832,1.9,United States
3037,HilleVax,HLVX,104762376,2.09,United States
3038,Coya Therapeutics,COYA,104622000,4.46,United States
3039,Ascend Wellness (AWH),AAWH,103414984,0.5089,United States
3040,Lakeland Industries,LAKE,103385312,10.41,United States
3041,Definitive Healthcare,DH,103008648,0.965,United States
3042,Kewaunee Scientific Corporation,KEQU,102929584,35.55,United States
3043,INNOVATE Corp.,VATE,102313992,7.5,United States
3044,Atara Biotherapeutics,ATRA,101481248,10.11,United States
3045,Polaryx Therapeutics,PLYX,101187360,2.03,United States
3046,Elite Express,ETS,100356344,2.06,United States
3047,ReneSola,SOL,99563952,1.94,United States
3048,Virco Manufacturing,VIRC,97262736,6.17,United States
3049,Logistic Properties of the Americas,LPA,96997824,3.06,United States
3050,Park Dental Partners,PARK,96769992,20.35,United States
3051,Microbot Medical,MBOT,96717312,1.44,United States
3052,electroCore,ECOR,96019168,10.65,United States
3053,Zevia,ZVIA,95941568,1.33,United States
3054,Getty Images,GETY,95696968,0.2307,United States
3055,Zomedica Pharmaceuticals,ZOM,95349136,0.0973,United States
3056,Wrap Technologies,WRAP,95135776,1.54,United States
3057,ACRES Commercial Realty,ACR,95057576,13.33,United States
3058,Venu Holding Corporation,VENU,94995840,1.69,United States
3059,First Northwest Bancorp,FNWB,94450336,9.93,United States
3060,Siebert Financial,SIEB,94164152,2.3,United States
3061,Broadwind,BWEN,94156344,3.98,United States
3062,Cullman Bancorp,CULL,93898888,17.0,United States
3063,Townsquare Media,TSQ,93163680,5.11,United States
3064,Arq Inc.,ARQ,91922160,2.105,United States
3065,Stabilis Solutions,SLNG,91679752,4.93,United States
3066,Tile Shop Holdings,TTSH,91590000,2.3,United States
3067,Buzzfeed,BZFD,90834864,1.09,United States
3068,Ultralife Corporation,ULBI,90814816,5.45,United States
3069,Rallybio,RLYB,90756432,17.09,United States
3070,MediaCo Holding,MDIA,90741448,1.08,United States
3071,HF Foods Group,HFFG,90632592,1.63,United States
3072,AudioEye,AEYE,90627352,7.21,United States
3073,Anixa Biosciences,ANIX,90385880,2.6,United States
3074,Golden Matrix Group,GMGI,89996768,0.6372,United States
3075,Momentus Inc.,MNTS,89830312,4.09,United States
3076,Fractyl Health,GUTS,89538656,0.5625,United States
3077,PhenixFIN,PFX,89244120,46.21,United States
3078,GrowGeneration,GRWG,88969872,1.51,United States
3079,Martin Midstream Partners,MMLP,88813040,2.27,United States
3080,Drilling Tools International,DTI,87852736,2.49,United States
3081,SkinHealth Systems,SKIN,87845016,0.675,United States
3082,SelectQuote,SLQT,87580272,0.496,United States
3083,Thryv,THRY,87545048,1.97,United States
3084,Charlotte's Web,CWEB.TO,87498964,0.322527,United States
3085,LENSAR,LNSR,86983920,7.08,United States
3086,BCP Investment Corporation,BCIC,86933240,7.02,United States
3087,Smith Douglas Homes,SDHC,86694360,10.33,United States
3088,Velo3D,VLDX,86513896,6.15,United States
3089,Atlas Lithium,ATLX,85784440,2.85,United States
3090,MAIA Biotechnology,MAIA,85167888,1.4,United States
3091,Adicet Bio,ACET,84721488,9.05,United States
3092,Marpai,MRAI,84245680,3.14,United States
3093,Summit State Bank,SSBI,83770704,12.38,United States
3094,Pulmonx,LUNG,83749128,1.95,United States
3095,Aptera Motors,SEV,83518832,2.06,United States
3096,Aldeyra Therapeutics,ALDX,82647192,1.37,United States
3097,Accendra Health,ACH,82288040,1.07,United States
3098,Jushi Holdings,JUSHF,82261016,0.41193,United States
3099,Hyperfine,HYPR,82102888,0.7742,United States
3100,Fortress Biotech,FBIO,82043440,2.46,United States
3101,OS Therapies,OSTX,81909152,1.75,United States
3102,Chegg,CHGG,81516376,0.7342,United States
3103,Hennessy Advisors,HNNA,80466896,10.18,United States
3104,CVRx,CVRX,80457616,3.02,United States
3105,"Air T, Inc.",AIRT,80355968,29.8,United States
3106,Interlink Electronics,LINK,80342384,5.1,United States
3107,The InterGroup Corporation,INTG,80150688,37.3,United States
3108,Sera Prognostics,SERA,79687920,2.02,United States
3109,Tigo Energy,TYGO,79076920,1.03,United States
3110,"SoundThinking 
 (ShotSpotter)",SSTI,78587824,5.97,United States
3111,Comscore,SCOR,78351120,5.16,United States
3112,Noodles &amp; Company,NDLS,78282576,13.12,United States
3113,Advanced Flower Capital,AFCG,78220488,3.47,United States
3114,Blackboxstocks,BLBX,78138184,18.15,United States
3115,Verrica Pharmaceuticals,VRCA,77819912,4.53,United States
3116,Telomir Pharmaceuticals,TELO,77715704,1.13,United States
3117,LanzaTech Global,LNZA,77487848,5.92,United States
3118,Lifevantage,LFVN,77419008,6.18,United States
3119,Steel Connect,STCN,77168096,12.18,United States
3120,Upexi,UPXI,77124976,1.05,United States
3121,Blink Charging,BLNK,76832016,0.5301,United States
3122,PMV Pharmaceuticals,PMVP,76445016,1.43,United States
3123,iBio,IBIO,75882560,1.18,United States
3124,Silvercrest Asset Management Group,SAMG,75871280,9.7,United States
3125,Ispire Technology,ISPR,74619216,1.3,United States
3126,Cingulate,CING,74017896,5.09,United States
3127,Great Elm Capital,GECC,73893472,5.32,United States
3128,NSTS Bancorp,NSTS,73859024,14.06,United States
3129,Home Federal Bancorp (HFB Bank),HFBL,73627320,24.2,United States
3130,Northern Technologies International,NTIC,73278248,7.72,United States
3131,5E Advanced Materials,FEAM,73066792,1.76,United States
3132,AMC Robotics Corporation,AMCI,72868176,3.14,United States
3133,Acrivon Therapeutics,ACRV,72850712,1.7,United States
3134,PDS Biotechnology,PDSB,71792952,0.9906,United States
3135,United Homes Group,UHG,71769208,1.22,United States
3136,New Fortress Energy,NFE,71465792,12.51,United States
3137,Battalion Oil,BATL,71029872,1.24,United States
3138,Regis Corporation,RGS,70827864,28.345,United States
3139,Sono-Tek Corporation,SOTK,70096584,4.46,United States
3140,CarParts.com,PRTS,69892224,8.63,United States
3141,CleanCore Solutions,ZONE,69790544,0.139,United States
3142,Research Solutions,RSSS,69551096,2.06,United States
3143,Genasys,GNSS,68313008,1.5,United States
3144,Forian,FORA,67792720,2.17,United States
3145,PodcastOne,PODC,67766040,2.24,United States
3146,Airgain,AIRG,67561904,5.33,United States
3147,Gossamer Bio,GOSS,66972000,10.96,United States
3148,Inseego,INSG,66897268,4.11,United States
3149,Westwater Resources,WWR,66390876,0.5164,United States
3150,Pliant Therapeutics,PLRX,66256432,1.07,United States
3151,Universal Electronics,UEIC,66229216,5.14,United States
3152,SunPower,SPWR,66167756,0.3169,United States
3153,Rent the Runway,RENT,65823852,1.94,United States
3154,"FreeCast, Inc.",CAST,65661868,1.38,United States
3155,Airship AI,AISP,65607360,1.905,United States
3156,XBiotech,XBIT,65548628,2.15,United States
3157,Where Food Comes From,WFCF,65233588,13.1,United States
3158,Geospace Technologies,GEOS,64807372,5.01,United States
3159,Spero Therapeutics,SPRO,64640660,1.11,United States
3160,tinyBuild,8Z3.F,64331308,0.163576,United States
3161,Off the Hook YS Inc,OTH,64247460,2.57,United States
3162,Boundless Bio,BOLD,64149312,2.82,United States
3163,LeonaBio,LONA,63973092,6.79,United States
3164,Ideal Power,IPWR,63930808,3.89,United States
3165,Great Elm Group,GEG,63927036,2.15,United States
3166,Usio,USIO,63544772,2.23,United States
3167,AMCON Distributing Company,DIT,63229360,64.78,United States
3168,American Vanguard,AVD,62836348,2.13,United States
3169,Full House Resorts,FLL,62662064,1.71,United States
3170,Identiv,INVE,62043524,2.56,United States
3171,WM Technology,MAPS,61842508,0.3551,United States
3172,Talphera,TLPH,61767900,1.19,United States
3173,Surf Air Mobility,SRFM,61451188,0.497,United States
3174,Rein Therapeutics,RNTX,60568080,0.7021,United States
3175,Energous,WATT,60521428,10.95,United States
3176,Hour Loop,HOUR,60504968,1.7189,United States
3177,Heron Therapeutics,HRTX,60335060,0.3178,United States
3178,BranchOut Food,BOF,60323508,3.71,United States
3179,Playstudios,MYPS,60048680,0.4999,United States
3180,Verde Clean Fuels,VGAS,59696496,1.34,United States
3181,TTEC,TTEC,59648088,1.21,United States
3182,iLearningEngines,AILE,59292656,0.42,United States
3183,MiNK Therapeutics,INKT,59143792,11.59,United States
3184,Rekor Systems,REKR,59018528,0.4288,United States
3185,AgEagle Aerial Systems,UAVS,58854576,0.9356,United States
3186,Outset Medical,OM,58647148,3.12,United States
3187,Global Self Storage,SELF,58249240,5.1,United States
3188,Travelzoo,TZOO,57847252,5.67,United States
3189,Idaho Copper Corporation,COPR,57378040,3.24,United States
3190,Castellum,CTM,57342680,0.605,United States
3191,Marchex,MCHX,57195872,1.29,United States
3192,eXoZymes,EXOZ,57173172,6.16,United States
3193,Saga Communications,SGA,56903992,8.95,United States
3194,INmune Bio,INMB,56895264,2.05,United States
3195,Solitario Resources,XPL,56536096,0.5971,United States
3196,374Water,SCWO,56520932,3.19,United States
3197,ImageneBio,IMA,56074460,4.93,United States
3198,Solidion Technology,STI,55758652,6.55,United States
3199,Rapid Micro Biosystems,RPID,55677108,1.11,United States
3200,Skillsoft,SKIL,55512708,6.1,United States
3201,Serina Therapeutics,SER,54865020,2.16,United States
3202,AEye,LIDR,54856204,1.18,United States
3203,Allied Esports,AESE,54324936,1.3899,United States
3204,TechPrecision,TPCS,53908952,5.32,United States
3205,BG Staffing,BGSF,53589876,5.0,United States
3206,The Arena Group,AREN,53323932,1.12,United States
3207,TELA Bio,TELA,53269220,1.18,United States
3208,Hain Celestial,HAIN,53245428,0.5851,United States
3209,MindWalk Holdings,HYFT,53236184,1.13,United States
3210,Vroom,VRM,53076372,10.14,United States
3211,GEN Restaurant Group,GENK,52743388,1.6,United States
3212,Greenland Energy Company,GLND,52476232,1.2,United States
3213,TransAct Technologies,TACT,52241824,5.06,United States
3214,Luna Innovations,LUNA,52045528,1.5,United States
3215,Greenidge Generation Holdings,GREE,51500392,2.84,United States
3216,BBX Capital Corporation,BBXIA,51157092,3.7,United States
3217,Myomo,MYO,51094132,1.29,United States
3218,Hyperion DeFi,HYPD,50813948,3.27,United States
3219,Sensus Healthcare,SRTS,50538520,3.07,United States
3220,MicroVision,MVIS,49859828,1.63,United States
3221,MarketWise,MKTW,49458908,17.71,United States
3222,Abundia Global Impact Group,AGIG,49448360,1.12,United States
3223,Instil Bio,TIL,48694592,7.18,United States
3224,Laser Photonics,LASE,48536268,0.8,United States
3225,The ONE Group Hospitality,STKS,48484204,1.53,United States
3226,Intellicheck,IDN,48234852,2.38,United States
3227,Vivid Seats,SEAT,48112316,4.28,United States
3228,First Breach Inc.,FBDT,47967532,0.86,United States
3229,LiveOne,LVO,47854144,3.49,United States
3230,Heritage Global,HGBL,47802432,1.38,United States
3231,Precipio,PRPO,47726412,26.66,United States
3232,Reading International,RDI,46924760,2.05,United States
3233,Planet13,PLTH.CN,46864882,0.139762,United States
3234,Cato Fashion,CATO,46593956,2.34,United States
3235,Elauwit Connection,ELWT,46404772,7.01,United States
3236,IZEA Worldwide,IZEA,46327324,2.66,United States
3237,Sachem Capital,SACH,45475376,0.9483,United States
3238,"Culp, Inc.",CULP,45465104,3.57,United States
3239,Teads,TEAD,45178620,0.4607,United States
3240,Grace Therapeutics,GRCE,45016892,2.14,United States
3241,The Children's Place,PLCE,44918876,2.02,United States
3242,Xtant Medical,XTNT,44892148,0.32,United States
3243,"RYTHM, Inc.",RYM,44863048,20.875,United States
3244,Manhattan Bridge Capital,LOAN,44787996,3.92,United States
3245,Werewolf Therapeutics,HOWL,44662540,0.919,United States
3246,Comtech Telecommunications,CMTL,44642532,1.49,United States
3247,Prairie Operating,PROP,44589052,0.3953,United States
3248,Devolver Digital,DEVO.L,44541493,0.0923129,United States
3249,Annovis Bio,ANVS,44386220,1.04,United States
3250,Metagenomi,MGX,43443668,1.15,United States
3251,Grove Collaborative,GROV,43128060,1.01,United States
3252,Sportsman's Warehouse,SPWH,43055612,1.1,United States
3253,"Stem, Inc",STEM,43031544,4.47,United States
3254,Seres Therapeutics,MCRB,42288528,4.21,United States
3255,Ekso Bionics,EKSO,42047896,11.8,United States
3256,Granite Point Mortgage Trust,GPMT,41215668,0.8601,United States
3257,Odyssey Marine Exploration,OMEX,41201356,0.702,United States
3258,Phunware,PHUN,41129980,2.01,United States
3259,SCYNEXIS,SCYX,40892896,4.11,United States
3260,the Marygold Companies,MGLD,40560652,0.9358,United States
3261,Rave Restaurant Group,RAVE,40502964,2.85,United States
3262,Pixelworks,PXLW,40409944,6.68,United States
3263,Veru,VERU,39556740,2.32,United States
3264,Laird Superfood,LSF,39175096,3.5,United States
3265,Plutus Financial Group,PLUT,39142500,2.55,United States
3266,Massimo Motor,MAMO,39142496,0.94,United States
3267,Actinium Pharmaceuticals,ATNM,38987380,1.24,United States
3268,AXIL Brands,AXIL,38684600,5.67,United States
3269,PAVmed,PAVM,38583292,3.92,United States
3270,Karyopharm Therapeutics,KPTI,38558484,1.7,United States
3271,LivePerson,LPSN,38245620,3.1,United States
3272,aTyr Pharma,ATYR,37675380,0.3841,United States
3273,DocGo,DCGO,37652136,0.3806,United States
3274,Celularity,CELU,37340288,1.29,United States
3275,CervoMed,CRVO,36890596,2.44,United States
3276,VIDA Global Inc.,VIDA,36817176,1.84,United States
3277,Enzo Biochem,ENZB,36587800,0.69887,United States
3278,The Beachbody Company,BODI,36569376,5.02,United States
3279,U.S. Global Investors,GROW,36525644,2.97,United States
3280,Scilex Holding,SCLX,36369592,5.17,United States
3281,Harvard Bioscience,HBIO,36281868,7.97,United States
3282,Milestone Scientific,MLSS,36244428,0.4,United States
3283,Elutia,ELUT,35874280,0.81,United States
3284,Pioneer Power Solutions,PPSI,35739636,3.22,United States
3285,"Xos, Inc.",XOS,35686808,2.51,United States
3286,Cryo-Cell International,CCEL,35556284,4.41,United States
3287,Kartoon Studios,TOON,34927604,0.5615,United States
3288,Destination XL,DXLG,34924648,0.6298,United States
3289,Context Therapeutics,CNTX,34822208,0.379,United States
3290,PetMed Express,PETS,34686264,1.6,United States
3291,LianBio,LIAN,34472096,0.319,United States
3292,Franklin Street Properties,FSP,34323868,0.33,United States
3293,Harte Hanks,HHS,34065880,4.57,United States
3294,Latch,LTCH,33131242,0.2,United States
3295,Workhorse Group,WKHS,33113612,3.03,United States
3296,Filana Therapeutics,FLNA,33052262,0.6842,United States
3297,GenFlat Holdings,GFLT,32894138,2.51,United States
3298,VirTra,VTSI,32713714,2.89,United States
3299,Century Casinos,CNTY,31936280,1.135,United States
3300,KLX Energy Services,KLXE,31865808,1.49,United States
3301,Koss,KOSS,31807230,3.36,United States
3302,Salem Media Group,SALM,31670764,1.0,United States
3303,Gaia,GAIA,31527982,1.24,United States
3304,Rockwell Medical,RMTI,31437628,7.8,United States
3305,Spruce Power,SPRU,31381064,1.63,United States
3306,Beasley Broadcast Group,BBGI,31311492,16.9,United States
3307,Enviva,EVA,31273630,0.4198,United States
3308,Kyntra Bio,KYNB,30813834,7.61,United States
3309,Sangamo Therapeutics,SGMO,30657374,0.074,United States
3310,NanoViricides,NNVC,30632824,1.2,United States
3311,Beam Global,BEEM,30554978,1.35,United States
3312,Southland Holdings,SLND,30053704,0.5521,United States
3313,BioLargo,BLGO,29980300,0.0912,United States
3314,BeyondSpring,BYSI,29145730,0.7088,United States
3315,Quest Resource Holding,QRHC,29108142,1.38,United States
3316,MariMed,MRMD,28817410,0.0715,United States
3317,Old Market Capital Corporation,OMCC,28565480,4.19,United States
3318,Lulu's Fashion Lounge,LVLU,28428602,9.9,United States
3319,Katapult Holdings,KPLT,28342708,5.7,United States
3320,IGC Pharma,IGC,28120452,0.272,United States
3321,Farmer Brothers,FARM,28089448,1.28,United States
3322,Allbirds,BIRD,27987786,2.37,United States
3323,Accuray,ARAY,27829358,0.233,United States
3324,Ascent Solar Technologies,ASTI,27615584,2.8132,United States
3325,Crown Crafts,CRWS,27438732,2.55,United States
3326,Knightscope,KSCP,27397292,1.16,United States
3327,eHealth,EHTH,27205226,0.8571,United States
3328,System1,SST,26997658,3.1,United States
3329,Zoom Telephonics,MINM,26534076,3.61,United States
3330,Cel-Sci,CVM,26031702,1.48,United States
3331,Hoth Therapeutics,HOTH,26013596,1.36,United States
3332,PermRock Royalty Trust,PRT,25426378,2.09,United States
3333,TherapeuticsMD,TXMD,25232110,2.18,United States
3334,GEE Group,JOB,25138414,0.2288,United States
3335,Local Bounti,LOCL,25016730,1.07,United States
3336,Lantern Pharma,LTRN,24673402,1.93,United States
3337,SPI Energy,SPI,24207974,0.766,United States
3338,Atossa Therapeutics,ATOS,24149902,2.42,United States
3339,Live Ventures,LIVE,23958918,7.8,United States
3340,Cardlytics,CDLX,23083768,3.92,United States
3341,HeartBeam,BEAT,23069350,0.4094,United States
3342,Zeo Energy,ZEO,22620170,0.2484,United States
3343,TScan Therapeutics,TCRX,22434934,0.331,United States
3344,NOMADAR,NOMA,22161118,1.45,United States
3345,Cocrystal Pharma,COCP,21960048,1.14,United States
3346,180 Life Sciences,ATNF,21620372,3.58,United States
3347,Avant Technologies Inc.,AVAI,21563710,0.1401,United States
3348,Femasys,FEMY,21272568,2.54,United States
3349,Aytu BioScience,AYTU,21144420,1.97,United States
3350,Exyn Technologies,EXYN,20521208,2.58,United States
3351,Retractable Technologies,RVP,20357270,0.68,United States
3352,Neuphoria Therapeutics,NEUP,20213020,3.74,United States
3353,Tempest Therapeutics,TPST,20013118,1.21,United States
3354,Motorsport Gaming,MSGM,19731850,4.3,United States
3355,Urban One,UONE,19659748,4.26,United States
3356,Ashford Hospitality Trust,AHT,19617950,2.93,United States
3357,SPAR Group,SGRP,19595006,0.69,United States
3358,Jasper Therapeutics,JSPR,19329192,0.5809,United States
3359,NextNRG,NXXT,19167212,1.14,United States
3360,SUNation Energy Inc.,SUNE,18953144,2.91,United States
3361,DataMEDS AI,MEDS,18585848,6.07,United States
3362,Barfresh Food Group,BRFH,18265152,1.12,United States
3363,HeartSciences Inc.,HSCS,18192652,3.79,United States
3364,Biofrontera,BFRI,17971354,1.21,United States
3365,Lipocine,LPCN,17807588,2.16,United States
3366,Bionano Genomics,BNGO,17783270,1.51,United States
3367,FGI Industries,FGI,17535940,9.08,United States
3368,Mobix Labs,MOBX,16876716,0.9401,United States
3369,Palatin Technologies,PTN,16831942,9.46,United States
3370,Offerpad,OPAD,16817966,3.48,United States
3371,Know Labs,KNW,16795408,2.24,United States
3372,Camber Energy,CEI,16771320,0.0954,United States
3373,T Stamp Inc. (TrustStamp),IDAI,16692302,2.96,United States
3374,Energy Focus,EFOI,16623669,2.61,United States
3375,Smith Micro Software,SMSI,15987056,2.86,United States
3376,Psychemedics,PMD,15738209,2.67,United States
3377,Cyclerion Therapeutics,CYCN,15729330,23.52,United States
3378,Passage Bio,PASG,15638557,4.86,United States
3379,Austin Gold,AUST,15610021,1.14,United States
3380,Citius Pharmaceuticals,CTXR,15373439,0.56,United States
3381,Adial Pharmaceuticals,ADIL,15372608,5.24,United States
3382,America's Car-Mart,CRMT,15092645,1.81,United States
3383,Office Properties Income Trust,OPI,14795239,0.2,United States
3384,The Cannabist Company,CBSTF,14475953,0.0291,United States
3385,The Glimpse Group,VRAR,14332026,0.68,United States
3386,Dare Bioscience,DARE,14269920,0.7255,United States
3387,HOOKIPA Pharma,HOOK,14232977,1.15,United States
3388,Synlogic,SYBX,14208782,1.16,United States
3389,Quoin Pharmaceuticals,QNRX,13858084,6.9,United States
3390,Dolphin Entertainment,DLPN,13807083,1.06,United States
3391,Scienture Holdings,SCNX,13592232,0.331,United States
3392,SeaStar Medical,ICU,13573070,3.08,United States
3393,ESS Tech,GWH,13568362,0.3369,United States
3394,Air Industries Group,AIRI,13096777,2.7,United States
3395,Natural Health Trends,NHTC,12866774,1.5,United States
3396,AEON Biopharma,AEON,12819878,0.257,United States
3397,Dragonfly Energy,DFLI,12672068,0.846,United States
3398,Game Your Game,GYGY,12669277,0.8803,United States
3399,Astrotech,ASTC,12666652,6.01,United States
3400,Intensity Therapeutics,INTS,12439189,3.81,United States
3401,Aterian,ATER,12357641,0.6878,United States
3402,Clean Energy Technologies,CETY,11922784,0.98,United States
3403,Arrive AI,ARAI,11817400,0.2278,United States
3404,Urgent.ly Inc.,ULY,11787284,5.38,United States
3405,Upland Software,UPLD,11666118,3.945,United States
3406,Phio Pharmaceuticals,PHIO,11606796,0.9991,United States
3407,Cambium Networks,CMBM,11325767,0.401,United States
3408,Flux Power,FLUX,11286497,0.522,United States
3409,SINTX Technologies,SINT,11196417,1.68,United States
3410,Purple Innovation,PRPL,11031076,2.53,United States
3411,Biomerica,BMRA,10875854,2.37,United States
3412,CISO Global,CISO,10835106,0.238,United States
3413,Cyngn,CYN,10817461,0.75,United States
3414,FingerMotion,FNGR,10769404,0.1414,United States
3415,BrainStorm Cell Therapeutics,BCLI,10703732,0.97,United States
3416,Phoenix Motor,PEV,10575262,0.23,United States
3417,AppTech Payments,APCX,10240560,0.2438,United States
3418,VistaGen Therapeutics,VTGN,10233316,0.2306,United States
3419,KALA BIO,KALA,10087633,0.5216,United States
3420,Ryvyl Inc.,RVYL,9994965,7.81,United States
3421,FibroBiologics,FBLG,9948082,1.43,United States
3422,Azitra,AZTR,9842048,0.1624,United States
3423,Lunai Bioworks,LNAI,9838542,2.17,United States
3424,Trio Petroleum,TPET,9795989,1.84,United States
3425,Senti Biosciences,SNTI,9695362,0.3113,United States
3426,Inuvo,INUV,9642601,0.585,United States
3427,Superior Industries International,SUP,9576233,0.3249,United States
3428,"Reed's, Inc.",REED,9459583,0.7978,United States
3429,SolarMax Technology,SMXT,9199897,1.94,United States
3430,Aprea Therapeutics,APRE,9197825,0.7305,United States
3431,Carver Bancorp,CARV,9095659,1.56,United States
3432,GoHealth,GOCO,8937260,0.305,United States
3433,Wellgistics Health,WGRX,8847256,3.52,United States
3434,Ensysce Biosciences,ENSC,8712753,0.4478,United States
3435,Vislink Technologies,VISL,8603816,3.47,United States
3436,Northann Corp,NCL,8543560,0.159,United States
3437,reAlpha Tech,AIRE,8465891,1.41,United States
3438,SeaChange International,SEAC,8398952,3.25,United States
3439,AIM ImmunoTech,AIM,8305917,0.212,United States
3440,Trinseo,TSE,8278525,0.23,United States
3441,Gaxos.ai,GXAI,8255498,0.6003,United States
3442,La Rosa Holdings,LRHC,8128693,2.45,United States
3443,Solo Brands,SBDS,8089231,3.15,United States
3444,Rocky Mountain Chocolate Factory,RMCF,8023649,0.85,United States
3445,Bullfrog AI,BFRG,7945098,0.4285,United States
3446,Imunon,IMNN,7912078,1.41,United States
3447,Soligenix,SNGX,7835573,0.36,United States
3448,authID,AUID,7689684,0.4599,United States
3449,SurgePays,SURG,7613522,0.1439,United States
3450,AMASS Brands Inc.,AMSS,7610612,0.6558,United States
3451,Skye Bioscience,SKYE,7527049,1.7,United States
3452,Innovative Eyewear,LUCY,7408213,0.8605,United States
3453,Signing Day Sports,SGN,7408163,0.5401,United States
3454,"DSS, Inc. (Document Security Systems)",DSS,7167345,0.7137,United States
3455,Reborn Coffee,REBN,7102980,0.824,United States
3456,Mangoceuticals,MGRX,6928506,0.4524,United States
3457,Super League Enterprise,SLE,6831334,4.03,United States
3458,Co-Diagnostics,CODX,6568025,0.9408,United States
3459,enVVeno Medical Corporation,NVNO,6288175,9.05,United States
3460,Sonendo,SONX,6194471,1.3,United States
3461,TPI Composites,TPIC,6193621,0.1271,United States
3462,Bakhu Holdings,BKUH,6026059,0.02,United States
3463,Sonoma Pharmaceuticals,SNOA,5889763,1.23,United States
3464,AquaBounty Technologies,AQB,5713396,1.11,United States
3465,Hepion Pharmaceuticals,HEPA,5638707,0.0625,United States
3466,zSpace,ZSPC,5623201,0.1517,United States
3467,Polar Power,POLA,5386649,1.25,United States
3468,Origin Materials,ORGN,5228483,0.9501,United States
3469,cbdMD,YCBD,5221551,0.466,United States
3470,VolitionRx,VNRX,5195914,0.2749,United States
3471,Talis Biomedical,TLIS,5176808,2.84,United States
3472,"Cyabra, Inc.",CYAB,5166500,0.2936,United States
3473,Xenetic Biosciences,XBIO,5131566,2.19,United States
3474,Pulmatrix,PULM,5113199,1.4,United States
3475,CaliberCos,CWD,5039672,0.4853,United States
3476,Leslie's,LESL,5002100,0.5341,United States
3477,Lakewood-Amedex Biotherapeutics,LABT,4952647,2.09,United States
3478,Vertex Energy,VTNR,4872095,0.0521,United States
3479,OLB Group,OLB,4859309,0.2023,United States
3480,Nauticus Robotics,KITT,4705093,0.6297,United States
3481,Kidpik,PIK,4644903,2.38,United States
3482,Expion360,XPON,4613444,4.84,United States
3483,Eterna Therapeutics,ERNA,4560362,3.91,United States
3484,Sonim Technologies,SONM,4510049,3.03,United States
3485,Hydrofarm,HYFM,4434741,0.9202,United States
3486,"Bark, Inc.",BARK,4377870,0.5066,United States
3487,CASI Pharmaceuticals,CASI,4263766,0.2075,United States
3488,QVC Group,QVCGA,4255453,0.34,United States
3489,Cemtrex,CETX,4216795,2.45,United States
3490,Socket Mobile,SCKT,4145840,0.5,United States
3491,Synergy CHC,SNYR,4088527,0.2744,United States
3492,Tivic Health Systems,TIVC,4029097,1.4,United States
3493,BioAtla,BCAB,3998640,2.4,United States
3494,Golden Minerals,AUMN,3980765,0.2107,United States
3495,PMGC Holdings,ELAB,3861691,4.77,United States
3496,Cadrenal Therapeutics,CVKD,3852999,1.08,United States
3497,Avalon GloboCare,ALBT,3707637,0.282,United States
3498,BIO-key International,BKYI,3677040,2.56,United States
3499,Focus Universal,FCUV,3640219,5.18,United States
3500,Lument Finance Trust,LFT,3633614,0.6923,United States
3501,VivoSim Labs,VIVS,3509726,0.2621,United States
3502,iSpecimen,ISPC,3450468,1.37,United States
3503,Unity Biotechnology,UBX,3444161,0.2001,United States
3504,Netcapital,NCPL,3325939,0.4238,United States
3505,Eagle Pharmaceuticals,EGRX,3289388,0.25,United States
3506,ShiftPixy,PIXY,3265294,6.53,United States
3507,Alaunos Therapeutics,TCRT,3251814,1.28,United States
3508,bioAffinity Technologies,BIAF,3213937,5.35,United States
3509,Forza X1,FRZA,3150960,0.2,United States
3510,Boxlight,BOXL,3093015,4.21,United States
3511,Beyond Air,XAIR,3031973,3.08,United States
3512,Advent Technologies,ADN,3023365,0.9185,United States
3513,ATI Physical Therapy,ATIP,2977762,0.675,United States
3514,Sleep Number,SNBR,2881125,0.125,United States
3515,Marin Software,MRIN,2863609,0.8981,United States
3516,Genprex,GNPX,2795207,3.41,United States
3517,Inotiv,NOTV,2787563,0.0799,United States
3518,Cloudastructure,CSAI,2784585,3.21,United States
3519,Curis,CRIS,2716087,1.12,United States
3520,Edible Garden,EDBL,2712597,1.39,United States
3521,PREIT (Pennsylvania Real Estate Investment Trust),PRET,2690436,0.4974,United States
3522,Vaccinex,VCNX,2676637,1.0,United States
3523,Xilio Therapeutics,XLO,2676465,0.5101,United States
3524,Fly-E Group,FLYE,2660789,1.63,United States
3525,Staffing 360 Solutions,STAF,2654640,1.615,United States
3526,Nuwellis,NUWE,2587734,0.815,United States
3527,LM Funding America,LMFA,2430118,2.6,United States
3528,Matinas BioPharma,MTNB,2425780,0.1651,United States
3529,BioXcel Therapeutics,BTAI,2313476,0.0739,United States
3530,Oragenics,OGEN,2255978,0.5,United States
3531,Longeveron,LGVN,2242259,0.7033,United States
3532,Sow Good,SOWG,2203871,0.1099,United States
3533,Trinity Place Holdings,TPHS,2192769,0.0332,United States
3534,Clearside Biomedical,CLSD,2145948,0.41,United States
3535,Onfolio Holdings,ONFO,1983017,0.8085,United States
3536,Cutera,CUTR,1956013,0.0969,United States
3537,Jet.AI,JTAI,1834020,1.29,United States
3538,Cue Biopharma,CUE,1804119,0.5542,United States
3539,"Greenlane Holdings, Inc.",GNLN,1784978,2.57,United States
3540,iPower,IPW,1741254,1.82,United States
3541,Sonder Holdings,SOND,1680861,0.1263,United States
3542,Vivakor,VIVK,1664490,0.608,United States
3543,Traeger,COOK,1642351,0.5983,United States
3544,CorEnergy Infrastructure Trust,CORR,1627350,0.0198,United States
3545,Lazydays Holdings,GORV,1573084,0.4211,United States
3546,Benson Hill,BHIL,1522391,0.249,United States
3547,Wheeler Real Estate Investment Trust,WHLR,1429824,0.3829,United States
3548,Direct Digital Holdings,DRCT,1380690,1.72,United States
3549,Maison Solutions,MSS,1323219,1.52,United States
3550,22nd Century Group,XXII,1228069,1.72,United States
3551,Jaguar Health,JAGX,1203697,0.2329,United States
3552,Allurion Technologies,ALUR,1160483,1.16,United States
3553,Actelis Networks,ASNS,1111688,0.03855,United States
3554,Arcadia Biosciences,RKDA,1108237,0.46,United States
3555,Cytosorbents,CTSO,1100062,0.3501,United States
3556,Solar Integrated Roofing,SIRC,1097545,0.0001,United States
3557,SOBR Safe,SOBR,1093603,0.203,United States
3558,Danimer Scientific,DNMR,1056961,0.35,United States
3559,LMP Automotive Holdings,LMPX,1036332,0.095,United States
3560,Aethlon Medical,AEMD,1016924,1.43,United States
3561,Evofem Biosciences,EVFM,980722,0.0074,United States
3562,Quince Therapeutics,QNCX,900311,0.9206,United States
3563,BNB Plus Corp.,BNBX,756680,0.1221,United States
3564,Greene Concepts,INKW,733384,0.0115,United States
3565,Yellow Corporation,YELLQ,693890,0.0102,United States
3566,Tapinator,TAPM,673183,0.247,United States
3567,Alkaline Water Company,WTER,651664,0.0183,United States
3568,Tevogen Bio,TVGN,627896,0.1551,United States
3569,"Freight Technologies, Inc.",FRGT,589288,1.03,United States
3570,Ocean Power Technologies,OPTT,546280,1.82,United States
3571,Kaival Brands Innovations,KAVL,433685,0.0222,United States
3572,Ayr Wellness,AYRWF,432062,0.0037,United States
3573,Ontrak,OTRK,425780,0.0601,United States
3574,Gauzy,GAUZ,395961,0.3445,United States
3575,Viracta Therapeutics,VIRX,388698,0.00978,United States
3576,Impac Mortgage Holdings,IMPM,365688,0.01,United States
3577,Lyra Therapeutics,LYRA,354976,0.2,United States
3578,VYNE Therapeutics,VYNE,339859,0.509,United States
3579,NantHealth,NHIQ,329655,0.012,United States
3580,Vicarious Surgical,RBOT,278835,0.0391,United States
3581,ProPhase Labs,PRPH,247921,0.0159,United States
3582,Petros Pharmaceuticals,PTPI,233047,0.0055,United States
3583,Ocean Biomedical,OCEA,232365,0.001,United States
3584,Leafly Holdings,LFLY,232138,37.0,United States
3585,Trulite,TRUL,212013,0.0001,United States
3586,Ampio Pharmaceuticals,AMPE,207884,0.1831,United States
3587,CXApp,CXAI,194174,0.089,United States
3588,BloomZ,BLMZ,187531,0.128,United States
3589,Wearable Health Solutions,WHSI,182670,0.0001,United States
3590,Faraday Future,FFAI,174605,0.0717,United States
3591,Hallmark Financial Services,HALL,145478,0.08,United States
3592,Cheetah Net Supply Chain Service,CTNT,131746,0.0417,United States
3593,Cenntro Inc.,CENN,113554,0.0775,United States
3594,Loop Media,LPTV,103383,0.0007,United States
3595,Novo Integrated Sciences,NVOS,76947,0.0039,United States
3596,Vincerx Pharma,VINC,68045,0.013,United States
3597,PaxMedica,PXMD,63132,0.0005,United States
3598,Exela Technologies,XELA,55502,0.002,United States
3599,ToughBuilt Industries,TBLT,47699,0.011,United States
3600,Presto Automation,PRST,41851,0.0001,United States
3601,Vinco Ventures,BBIG,41600,0.0032,United States
3602,Remark Holdings,MARK,37141,0.0006,United States
3603,AiRWA Inc.,YYAI,36205,0.6873,United States
3604,Carisma Therapeutics,CARM,33476,0.0008,United States
3605,T2 Biosystems,TTOO,28045,0.001,United States
3606,Gaming Technologies (Gametech),GMGT,27420,0.0006,United States
3607,Gamer Pakistan,GPAK,15347,0.0006,United States
3608,iEntertainment Network,IENT,13087,0.0001,United States
3609,Vaxxinity,VAXX,12678,0.0001,United States
3610,Syros Pharmaceuticals,SYRS,10732,0.0004,United States
3611,Movella,MVLA,10181,0.0002,United States
3612,Trevena,TRVN,9501,0.011,United States
3613,4Front Ventures,FFNTF,9152,1e-05,United States
3614,Adamas One,JEWL,7609,0.0002,United States
3615,Mobile Global Esports (Mogo),MGAM,7545,0.0001,United States
3616,Freeze Tag,FRZT,7505,0.0001,United States
3617,USD Partners,USDP,6754,0.0002,United States
3618,Stryve Foods,SNAX,4792,0.0011,United States
3619,eFFECTOR Therapeutics,EFTR,3763,0.0008,United States
3620,Lipella Pharmaceuticals,LIPO,2310,0.0005,United States
3621,Viveve Medical,VIVE,2144,0.0002,United States
3622,Telesis Bio,TBIO,1775,0.001,United States
3623,Calithera Biosciences,CALA,1461,0.0003,United States
3624,Hempacco,HPCO,1184,0.0002,United States
3625,Grom Social Enterprises,GROM,902,0.0001,United States
3626,Minerva Surgical,UTRS,887,0.0001,United States
3627,Lightning eMotors,ZEVY,659,0.0001,United States
3628,Saluda Medical,SLD.AX,0,0.0,United States
3629,Pershing Square USA,PSUS,0,0.0,United States
