Rank,Name,Symbol,marketcap,price (USD),country
1,NVIDIA,NVDA,5526523478016,228.87,United States
2,Apple,AAPL,4958372495360,339.75,United States
3,Alphabet (Google),GOOG,4248801902592,347.41,United States
4,Microsoft,MSFT,3697921753088,498.0,United States
5,Amazon,AMZN,2750293999616,254.98,United States
6,SpaceX,SPCX,2039485038592,154.72,United States
7,Meta Platforms (Facebook),META,1876480229376,736.595,United States
8,Broadcom,AVGO,1740179111936,364.54,United States
9,Tesla,TSLA,1496483495936,378.9,United States
10,Micron Technology,MU,1237995618304,1096.16,United States
11,Berkshire Hathaway,BRK-B,1077825961984,503.49,United States
12,Eli Lilly,LLY,1043462291456,1170.14,United States
13,AMD,AMD,1018288996352,623.77,United States
14,JPMorgan Chase,JPM,903783317504,340.0,United States
15,Walmart,WMT,876343656448,110.12,United States
16,Visa,V,679677722624,362.04,United States
17,Intel,INTC,654736949248,123.86,United States
18,Exxon Mobil,XOM,652601589760,158.71,United States
19,Johnson & Johnson,JNJ,648720613376,269.19,United States
20,Mastercard,MA,486965182464,555.89,United States
21,AbbVie,ABBV,468657176576,265.21,United States
22,Oracle,ORCL,451141402624,149.2,United States
23,Palantir,PLTR,444541796352,184.99,United States
24,Cisco,CSCO,419648962560,106.44,United States
25,Costco,COST,398869266432,899.41,United States
26,Chevron,CVX,397048152064,202.41,United States
27,Bank of America,BAC,392992489472,56.2,United States
28,Lam Research,LRCX,389110759424,310.96,United States
29,Coca-Cola,KO,381248864256,88.61,United States
30,Applied Materials,AMAT,374943055872,472.46,United States
31,Merck,MRK,372320862208,150.91,United States
32,Caterpillar,CAT,371421904896,808.01,United States
33,Dell,DELL,349010329600,548.92,United States
34,Procter & Gamble,PG,344266506240,148.22,United States
35,UnitedHealth,UNH,334757986304,372.95,United States
36,General Electric,GE,331210686464,319.22,United States
37,Morgan Stanley,MS,314395951104,200.18,United States
38,Palo Alto Networks,PANW,306398265344,374.57,United States
39,Home Depot,HD,304644521984,305.35,United States
40,Netflix,NFLX,300469911552,72.16,United States
41,Philip Morris International,PM,296495022080,190.23,United States
42,Goldman Sachs,GS,276464336896,949.49,United States
43,Sandisk,SNDK,276298530816,1887.04,United States
44,Arista Networks,ANET,258790703104,205.19,United States
45,RTX,RTX,257408319488,190.99,United States
46,CrowdStrike,CRWD,256045137920,250.06,United States
47,GE Vernova,GEV,253091479552,950.28,United States
48,Wells Fargo,WFC,251445542912,83.15,United States
49,Texas Instruments,TXN,247864557568,271.41,United States
50,KLA,KLAC,246048899072,188.32,United States
51,Thermo Fisher Scientific,TMO,243485999104,658.52,United States
52,Marvell Technology,MRVL,235784142848,262.36,United States
53,Citigroup,C,222210048000,132.47,United States
54,Amgen,AMGN,221788864512,410.24,United States
55,IBM,IBM,217991069696,231.38,United States
56,QUALCOMM,QCOM,211764363264,198.27,United States
57,American Express,AXP,206016774144,305.07,United States
58,Amphenol,APH,204280692736,82.84,United States
59,Verizon,VZ,192989315072,46.45,United States
60,Salesforce,CRM,191989432320,233.28,United States
61,Deere &amp; Company (John Deere),DE,189579018240,703.12,United States
62,Gilead Sciences,GILD,189303963648,152.67,United States
63,Analog Devices,ADI,189159817216,390.37,United States
64,Abbott Laboratories,ABT,179423461376,103.69,United States
65,Walt Disney,DIS,179264634880,103.82,United States
66,Pepsico,PEP,179205537792,131.19,United States
67,McDonald,MCD,177158062080,250.35,United States
68,T-Mobile US,TMUS,174212595712,162.41,United States
69,Southern Copper,SCCO,174052999168,206.14,United States
70,Charles Schwab,SCHW,173538836480,100.35,United States
71,BlackRock,BLK,173306855424,1066.66,United States
72,AT&T,T,171994890240,25.1,United States
73,Western Digital,WDC,167507312640,464.6,United States
74,Welltower,WELL,166012583936,230.39,United States
75,Nextera Energy,NEE,165334646784,79.26,United States
76,Union Pacific Corporation,UNP,163020259328,274.41,United States
77,Pfizer,PFE,159191891968,27.93,United States
78,Interactive Brokers,IBKR,156546564096,91.88,United States
79,Boeing,BA,156271968256,197.72,United States
80,Danaher,DHR,155423178752,221.09,United States
81,ConocoPhillips,COP,150491545600,125.27,United States
82,Blackstone Group,BX,148228882432,124.01,United States
83,Intuitive Surgical,ISRG,144060022784,402.09,United States
84,TJX Companies,TJX,143865593856,130.79,United States
85,Uber,UBER,142754529280,69.89,United States
86,ServiceNow,NOW,141639090176,137.0,United States
87,Corning,GLW,137555116032,159.69,United States
88,Newmont,NEM,134092881920,127.26,United States
89,Prologis,PLD,132087783424,135.88,United States
90,Vertex Pharmaceuticals,VRTX,130529837056,514.99,United States
91,Fortinet,FTNT,127856943104,174.26,United States
92,Bristol-Myers Squibb,BMY,127158984704,62.25,United States
93,Cloudflare,NET,125696139264,353.0,United States
94,Booking Holdings (Booking.com),BKNG,123391705088,164.22,United States
95,Capital One,COF,123034394624,200.55,United States
96,Parker-Hannifin,PH,121679560704,964.85,United States
97,Lockheed Martin,LMT,120551243776,522.34,United States
98,Progressive,PGR,120107974656,206.94,United States
99,Snowflake,SNOW,118748954624,336.59,United States
100,S&P Global,SPGI,118639312896,402.44,United States
101,Altria Group,MO,114611216384,68.64,United States
102,Robinhood,HOOD,111710978048,124.25,United States
103,CVS Health,CVS,111398313984,87.1,United States
104,AppLovin,APP,110433402880,328.73,United States
105,Lowe's Companies,LOW,110011473920,196.08,United States
106,Marathon Petroleum,MPC,109431791616,389.68,United States
107,Valero Energy,VLO,108588965888,377.14,United States
108,Starbucks,SBUX,108425404416,95.11,United States
109,Automatic Data Processing,ADP,107117936640,269.64,United States
110,Freeport-McMoRan,FCX,106767900672,74.35,United States
111,Stryker Corporation,SYK,105517113344,275.09,United States
112,Equinix,EQIX,104518975488,1059.26,United States
113,McKesson,MCK,103908827136,891.23,United States
114,Phillips 66,PSX,102952091648,256.78,United States
115,BNY Mellon (Bank of New York Mellon),BNY,101890965504,150.17,United States
116,Southern Company,SO,97953415168,85.15,United States
117,Vertiv Holdings,VRT,97579098112,253.46,United States
118,Airbnb,ABNB,96889503744,161.81,United States
119,Quanta Services,PWR,96615178240,642.63,United States
120,CME Group,CME,96083173376,267.21,United States
121,HCA Healthcare,HCA,94853636096,438.12,United States
122,Adobe,ADBE,94704377856,238.25,United States
123,Constellation Energy,CEG,93345824768,263.46,United States
124,General Dynamics,GD,92906635264,343.39,United States
125,U.S. Bancorp,USB,92610576384,59.44,United States
126,PNC Financial Services,PNC,90943201280,227.96,United States
127,KKR & Co.,KKR,90918256640,98.44,United States
128,Marriott International,MAR,90762313728,348.06,United States
129,Duke Energy,DUK,90687160320,116.31,United States
130,Howmet Aerospace,HWM,89873883136,225.36,United States
131,Datadog,DDOG,88862089216,247.475,United States
132,3M,MMM,87311810560,169.3,United States
133,Elevance Health,ELV,87274708992,402.43,United States
134,Williams Companies,WMB,86820429824,70.98,United States
135,Monster Beverage,MNST,86727221248,44.27,United States
136,CSX Corporation,CSX,86306807808,46.59,United States
137,Emerson,EMR,86007185408,154.19,United States
138,Intercontinental Exchange,ICE,85854052352,152.93,United States
139,Lumentum,LITE,84826595328,945.67,United States
140,Cadence Design Systems,CDNS,83430309888,302.95,United States
141,DoorDash,DASH,83284205568,192.21,United States
142,Waste Management,WM,83012853760,207.68,United States
143,Regeneron Pharmaceuticals,REGN,82765520896,803.9,United States
144,Enterprise Products,EPD,82081726464,38.01,United States
145,American Tower,AMT,81659502592,175.25,United States
146,United Parcel Service,UPS,81564434432,95.87,United States
147,Bloom Energy,BE,81445650432,276.53,United States
148,Moody's,MCO,81265180672,469.25,United States
149,Marsh & McLennan Companies,MRSH,81130684416,170.01,United States
150,Hewlett Packard Enterprise,HPE,81015177216,61.03,United States
151,Sherwin-Williams,SHW,79709634560,328.35,United States
152,Comcast,CMCSA,79560433664,22.42,United States
153,Cintas,CTAS,79553708032,198.8,United States
154,Synopsys,SNPS,78425374720,409.24,United States
155,Simon Property Group,SPG,78183456768,205.95,United States
156,Intuit,INTU,78126448640,292.35,United States
157,Mondelez International,MDLZ,77956898816,61.08,United States
158,Ecolab,ECL,77432365056,276.22,United States
159,SLB (Schlumberger),SLB,77353541632,52.12,United States
160,Warner Bros. Discovery,WBD,77295026176,30.83,United States
161,Illinois Tool Works,ITW,77029859328,270.47,United States
162,Motorola Solutions,MSI,75581014016,456.7,United States
163,The Travelers Companies,TRV,75506245632,362.01,United States
164,General Motors,GM,75476475904,83.45,United States
165,Ross Stores,ROST,74584809472,232.51,United States
166,Apollo Global Management,APO,73315934208,124.15,United States
167,EOG Resources,EOG,73182314496,139.52,United States
168,Moderna,MRNA,72884502528,182.56,United States
169,Carvana,CVNA,72493531136,65.4,United States
170,Northrop Grumman,NOC,72432254976,509.86,United States
171,Cummins,CMI,72429412352,526.13,United States
172,The Cigna Group,CI,72333189120,273.74,United States
173,Target,TGT,72242266112,159.02,United States
174,Norfolk Southern,NSC,70527025152,314.0,United States
175,Energy Transfer LP,ET,70243311616,20.4,United States
176,Digital Realty,DLR,70113263616,185.65,United States
177,FedEx,FDX,70040248320,295.94,United States
178,Kinder Morgan,KMI,69632106496,31.27,United States
179,O'Reilly Automotive,ORLY,69425012736,85.82,United States
180,Hilton Worldwide,HLT,69419024384,308.44,United States
181,Colgate-Palmolive,CL,69393891328,87.05,United States
182,Monolithic Power Systems,MPWR,67847806976,1380.62,United States
183,Honeywell,HON,67143741440,211.85,United States
184,"Strategy 
 (MicroStrategy)",MSTR,66477142016,167.33,United States
185,Republic Services,RSG,65492836352,213.88,United States
186,American Electric Power,AEP,65474670592,120.27,United States
187,Boston Scientific,BSX,65099390976,44.92,United States
188,United Rentals,URI,64921407488,1043.04,United States
189,Air Products and Chemicals,APD,64102256640,287.86,United States
190,Astera Labs,ALAB,63054893056,363.46,United States
191,Royal Caribbean Group,RCL,62821818368,234.89,United States
192,Teradyne,TER,62331494400,398.69,United States
193,TransDigm Group,TDG,61490712576,1112.42,United States
194,MetLife,MET,60954947584,95.92,United States
195,Coherent Corp.,COHR,60784373760,310.39,United States
196,Targa Resources,TRGP,60501712896,282.15,United States
197,Cencora,COR,60001783808,314.43,United States
198,MPLX,MPLX,59979853824,59.16,United States
199,Paccar,PCAR,59952971776,113.9,United States
200,W. W. Grainger,GWW,59753197568,1268.62,United States
201,Keysight,KEYS,59129409536,347.32,United States
202,Arthur J. Gallagher & Co.,AJG,59073781760,230.45,United States
203,Truist Financial Corporation,TFC,58723573760,48.07,United States
204,Allstate,ALL,58030899200,229.5,United States
205,Fastenal,FAST,57466683392,50.08,United States
206,Aflac,AFL,57453940736,114.6,United States
207,Comfort Systems USA,FIX,57195360256,1625.13,United States
208,Baker Hughes,BKR,56840515584,57.26,United States
209,Oneok,OKE,56793563136,90.09,United States
210,Cheniere Energy,LNG,56375562240,272.96,United States
211,Natera,NTRA,56345956352,390.9,United States
212,Occidental Petroleum,OXY,56289583104,56.31,United States
213,Ametek,AME,56263004160,245.41,United States
214,Nucor,NUE,55734280192,245.66,United States
215,Delta Air Lines,DAL,55187726336,83.92,United States
216,Dominion Energy,D,54908805120,62.43,United States
217,Public Storage,PSA,54132973568,289.71,United States
218,Corteva,CTVA,53602525184,80.34,United States
219,Nike,NKE,53554302976,36.1,United States
220,Realty Income,O,53489704960,56.53,United States
221,Coinbase,COIN,53049692160,201.07,United States
222,Honeywell Aerospace,HONA,53032534016,167.32,United States
223,Sempra,SRE,52952854528,80.98,United States
224,Nasdaq,NDAQ,52823359488,94.5,United States
225,Ciena,CIEN,52264951808,368.56,United States
226,Ford,F,52237504512,13.1,United States
227,Diamondback Energy,FANG,51663646720,184.5,United States
228,Cardinal Health,CAH,51641114624,222.04,United States
229,Devon Energy,DVN,51623002112,46.93,United States
230,Edwards Lifesciences,EW,51172790272,88.78,United States
231,Cerebras Systems,CBRS,50460979200,212.41,United States
232,Becton Dickinson,BDX,49846788096,183.0,United States
233,State Street Corporation,STT,49514991616,180.25,United States
234,Wabtec,WAB,48935161856,289.71,United States
235,eBay,EBAY,48629600256,109.28,United States
236,Entergy,ETR,48331972608,101.16,United States
237,Vivmark Residential,VMRK,48245129216,62.35,United States
238,CoreWeave,CRWV,47851315200,86.76,United States
239,Fifth Third Bank,FITB,47847649280,52.76,United States
240,Rockwell Automation,ROK,47535120384,427.19,United States
241,Agilent Technologies,A,47161602048,167.26,United States
242,Vistra,VST,47126540288,140.41,United States
243,Block,XYZ,46579638272,77.53,United States
244,Medline,MDLN,46323265536,34.43,United States
245,Rocket Lab,RKLB,46024806400,71.98,United States
246,Autodesk,ADSK,45900578816,219.62,United States
247,AutoZone,AZO,45764050944,2803.25,United States
248,Carrier Global,CARR,45552201728,55.26,United States
249,Workday,WDAY,45363429376,188.23,United States
250,Ameriprise Financial,AMP,45259288576,512.37,United States
251,PayPal,PYPL,45245325312,52.89,United States
252,Xcel Energy,XEL,45011144704,72.06,United States
253,L3Harris Technologies,LHX,44671025152,239.89,United States
254,Humana,HUM,44669874176,372.0,United States
255,Ventas,VTR,44554522624,86.86,United States
256,IQVIA,IQV,44456812544,270.09,United States
257,Twilio,TWLO,43696754688,284.53,United States
258,Exelon Corporation,EXC,43064614912,41.8,United States
259,HEICO,HEI,43013136384,307.77,United States
260,Keurig Dr Pepper,KDP,42879627264,31.51,United States
261,Veeva Systems,VEEV,42243637248,260.91,United States
262,Waters Corporation,WAT,41801646080,425.74,United States
263,BeOne Medicines,ONC,41638002688,368.08,United States
264,Ares Management,ARES,41379094528,124.72,United States
265,Revolution Medicines,RVMD,41336922112,192.86,United States
266,Chipotle Mexican Grill,CMG,41290588160,32.63,United States
267,Microchip Technology,MCHP,41170919424,75.82,United States
268,IDEXX Laboratories,IDXX,41084354560,521.5,United States
269,CBRE Group,CBRE,40844595200,141.05,United States
270,Paychex,PAYX,40770445312,114.53,United States
271,Prudential Financial,PRU,40592699392,117.66,United States
272,D. R. Horton,DHI,40307752960,144.11,United States
273,MSCI,MSCI,39903576064,548.88,United States
274,Archer Daniels Midland (ADM),ADM,39684550656,82.34,United States
275,Live Nation,LYV,39565840384,169.84,United States
276,American International Group,AIG,39311110144,75.18,United States
277,Waste Connections,WCN,39098892288,155.42,United States
278,PG&amp;E Corporation,PCG,38670487552,12.88,United States
279,Take-Two Interactive,TTWO,38430089216,205.53,United States
280,Consolidated Edison,ED,38403006464,103.84,United States
281,Yum! Brands,YUM,38127013888,139.71,United States
282,NetApp,NTAP,37891190784,192.91,United States
283,Sysco,SYY,37727637504,78.67,United States
284,United Airlines Holdings,UAL,37393678336,115.21,United States
285,Illumina,ILMN,37366460416,247.46,United States
286,Axon Enterprise,AXON,37313970176,459.32,United States
287,Everpure,P,36951572480,110.89,United States
288,Old Dominion Freight Line,ODFL,36874858496,177.31,United States
289,Estee Lauder,EL,36284776448,100.29,United States
290,Credo Technology,CRDO,36192022528,192.56,United States
291,Rocket Companies,RKT,36075122688,12.74,United States
292,Roper Technologies,ROP,35985084416,363.85,United States
293,TKO Group Holdings,TKO,35747368960,188.87,United States
294,Roblox,RBLX,35625926656,49.87,United States
295,Martin Marietta Materials,MLM,35462819840,499.34,United States
296,Iron Mountain,IRM,35167633408,118.13,United States
297,Ubiquiti,UI,35159724032,580.88,United States
298,The Hartford,HIG,34869350400,128.73,United States
299,Kroger,KR,34584875008,58.56,United States
300,PSEG,PEG,34450792448,69.12,United States
301,MongoDB,MDB,34399932416,427.69,United States
302,Okta,OKTA,34373292032,196.62,United States
303,Kenvue,KVUE,34305015808,17.86,United States
304,Zscaler,ZS,34270836736,210.18,United States
305,The Hershey Company,HSY,33847939072,168.46,United States
306,DexCom,DXCM,33785108480,89.53,United States
307,Expedia Group,EXPE,33690200064,280.7,United States
308,Alnylam Pharmaceuticals,ALNY,33673064448,251.65,United States
309,Steel Dynamics,STLD,33537341440,233.99,United States
310,WEC Energy Group,WEC,33507092480,102.83,United States
311,Emcor,EME,33369139200,756.5,United States
312,Biogen,BIIB,33297842176,225.36,United States
313,Kimberly-Clark,KMB,32895393792,98.91,United States
314,Jabil,JBL,32377114624,308.98,United States
315,Venture Global,VG,32276199424,12.91,United States
316,M&T Bank,MTB,32265480192,223.42,United States
317,Vulcan Materials,VMC,32118681600,247.87,United States
318,ResMed,RMD,32019683328,221.97,United States
319,"Cheniere Energy
Partners",CQP,31981690880,66.07,United States
320,EQT Corporation,EQT,31782469632,50.81,United States
321,Northern Trust,NTRS,31724509184,173.4,United States
322,Huntington Bancshares,HBAN,31700307968,15.69,United States
323,Crown Castle,CCI,31625691136,72.37,United States
324,Centene,CNC,31269883904,63.3,United States
325,Sunbelt Rentals,SUNB,31006908416,75.67,United States
326,Raymond James Financial,RJF,30618818560,159.39,United States
327,Carnival Corporation,CCL,30515783680,22.28,United States
328,Zoetis,ZTS,30107473920,72.86,United States
329,Reddit,RDDT,29950363648,155.67,United States
330,GE HealthCare Technologies,GEHC,29933246464,66.27,United States
331,Mettler Toledo,MTD,29869703168,1490.76,United States
332,Extra Space Storage,EXR,29792636928,134.99,United States
333,HP,HPQ,28893384704,32.04,United States
334,ON Semiconductor,ON,28653850624,73.6,United States
335,Kraft Heinz,KHC,28459769856,24.0,United States
336,Teledyne Technologies,TDY,28403974144,612.74,United States
337,Ameren,AEE,28143886336,101.66,United States
338,Cboe Global Markets,CBOE,27865327616,266.83,United States
339,EchoStar,ECHO,27761278976,95.46,United States
340,Citizens Financial Group,CFG,27582867456,65.49,United States
341,Williams-Sonoma,WSM,27406036992,232.69,United States
342,Halliburton,HAL,27368331264,32.85,United States
343,Supermicro,SMCI,27290341376,41.54,United States
344,Symbotic,SYM,27283791872,45.07,United States
345,VeriSign,VRSN,27067570176,299.42,United States
346,Dollar General,DG,27054235648,122.63,United States
347,GlobalFoundries,GFS,26728222720,47.95,United States
348,Copart,CPRT,26658740224,28.795,United States
349,American Water,AWK,26593914880,133.82,United States
350,Atmos Energy,ATO,26588659712,157.34,United States
351,Zoom,ZM,26537728000,90.95,United States
352,Cognizant Technology Solutions,CTSH,26432067584,58.68,United States
353,VICI Properties,VICI,26403837952,23.98,United States
354,Insmed,INSM,26384852992,120.82,United States
355,Coupang,CPNG,26261645312,14.61,United States
356,Qnity Electronics,Q,26121779200,124.86,United States
357,West Pharmaceutical Services,WST,26115739648,371.09,United States
358,DTE Energy,DTE,26096324608,125.41,United States
359,Otis Worldwide,OTIS,25915969536,68.08,United States
360,Quest Diagnostics,DGX,25911248896,234.76,United States
361,FirstEnergy,FE,25882564608,44.73,United States
362,Corpay,CPAY,25800941568,392.95,United States
363,Circle Internet Group,CRCL,25784676352,94.59,United States
364,Incyte,INCY,25728423936,126.93,United States
365,Las Vegas Sands,LVS,25713737728,39.7,United States
366,F5,FFIV,25670801408,453.33,United States
367,Cincinnati Financial,CINF,25451264000,165.83,United States
368,ATI Inc.,ATI,25403947008,186.56,United States
369,W. R. Berkley,WRB,25306578944,68.17,United States
370,LabCorp,LH,25265895424,311.54,United States
371,Xylem,XYL,25181552640,107.85,United States
372,Dover Corporation,DOV,25123248128,186.54,United States
373,Eversource Energy,ES,25003669504,66.38,United States
374,CenterPoint Energy,CNP,24932560896,37.85,United States
375,AST SpaceMobile,ASTS,24786077696,63.69,United States
376,PPL,PPL,24743673856,32.88,United States
377,Fiserv,FISV,24514445312,46.1,United States
378,Texas Pacific Land Corporation,TPL,24502564864,355.24,United States
379,Expeditors International,EXPD,24374540288,187.51,United States
380,Principal Financial Group,PFG,24320145408,113.59,United States
381,Darden Restaurants,DRI,24245706752,213.54,United States
382,Hubbell,HUBB,24241168384,458.83,United States
383,Affirm,AFRM,24216721408,71.77,United States
384,LPL Financial,LPLA,24213254144,307.5,United States
385,Fox Corporation,FOX,24170332160,57.32,United States
386,PPG Industries,PPG,23957270528,107.77,United States
387,SharkNinja,SN,23918358528,169.01,United States
388,Regions Financial,RF,23777353728,27.91,United States
389,Guardant Health,GH,23774193664,177.16,United States
390,Formula One Group,FWONK,23722037248,94.62,United States
391,ULTA Beauty,ULTA,23681652736,553.86,United States
392,Synchrony Financial,SYF,23644698624,72.67,United States
393,First Citizens BancShares,FCNCA,23354286080,2068.01,United States
394,Veralto,VLTO,23352965120,95.79,United States
395,PulteGroup,PHM,23294576640,122.29,United States
396,Entegris,ENTG,23089608704,151.11,United States
397,Rubrik,RBRK,23026040832,111.87,United States
398,Roku,ROKU,22907766784,154.25,United States
399,Church & Dwight,CHD,22800039936,96.12,United States
400,Tapestry,TPR,22449508352,112.59,United States
401,Global Payments,GPN,22434347008,84.78,United States
402,Samsara,IOT,22405253120,38.26,United States
403,Verisk Analytics,VRSK,22379026432,171.94,United States
404,TD Synnex,SNX,22355666944,279.59,United States
405,J. B. Hunt,JBHT,22296344576,237.41,United States
406,T. Rowe Price,TROW,22221113344,104.17,United States
407,SoFi,SOFI,22163345408,17.16,United States
408,"Arxis, Inc.",ARXS,21980760064,51.02,United States
409,Rivian,RIVN,21920610304,15.14,United States
410,International Flavors & Fragrances,IFF,21889316864,85.79,United States
411,Royal Gold,RGLD,21884358656,258.29,United States
412,KeyCorp (KeyBank),KEY,21854793728,20.48,United States
413,Markel Group,MKL,21847955456,1763.36,United States
414,Loews Corporation,L,21650939904,105.91,United States
415,Casey's General Stores,CASY,21615415296,584.83,United States
416,NRG Energy,NRG,21599127552,102.75,United States
417,Dollar Tree,DLTR,21584990208,115.04,United States
418,First Solar,FSLR,21577785344,200.78,United States
419,Tradeweb,TW,21546657792,99.74,United States
420,MACOM Technology Solutions,MTSI,21360185344,279.69,United States
421,United Therapeutics,UTHR,21341978624,497.59,United States
422,Packaging Corporation of America,PKG,21225885696,238.23,United States
423,Edison International,EIX,21184010240,55.05,United States
424,Bunge Global SA,BG,21133103104,110.0,United States
425,Tenet Healthcare,THC,21100808192,262.06,United States
426,Coeur Mining,CDE,21062387712,20.49,United States
427,Brown &amp; Brown,BRO,20893071360,62.44,United States
428,XPO Logistics,XPO,20802752512,177.67,United States
429,Omnicom Group,OMC,20669222912,75.34,United States
430,Ralph Lauren,RL,20619030528,346.06,United States
431,Southwest Airlines,LUV,20585881600,42.08,United States
432,Pershing Square Inc.,PS,20551999488,51.38,United States
433,US Foods,USFD,20378353664,94.2,United States
434,Dow,DOW,20370010112,28.2,United States
435,Curtiss-Wright,CW,20323917824,550.27,United States
436,CMS Energy,CMS,20153602048,64.27,United States
437,Expand Energy,EXE,20147775488,87.03,United States
438,Constellation Brands,STZ,20084883456,117.59,United States
439,Lennar,LEN,20008749056,83.06,United States
440,Best Buy,BBY,19886381056,94.82,United States
441,Carpenter Technology,CRS,19824418816,400.02,United States
442,Reliance,RS,19755560960,386.95,United States
443,Fair Isaac (FICO),FICO,19750604800,914.48,United States
444,Viatris,VTRS,19732791296,17.18,United States
445,FTAI Aviation,FTAI,19487643648,189.74,United States
446,Woodward,WWD,19257204736,326.14,United States
447,Snap-on,SNA,19232143360,371.8,United States
448,LyondellBasell,LYB,19136768000,59.24,United States
449,NiSource,NI,19124856832,39.88,United States
450,Western Midstream,WES,19030822912,46.06,United States
451,SiTime,SITM,18983411712,633.72,United States
452,Unity Software,U,18972233728,43.11,United States
453,HF Sinclair,DINO,18967760896,106.69,United States
454,General Mills,GIS,18952615936,35.45,United States
455,Essex Property Trust,ESS,18940000256,274.76,United States
456,International Paper,IP,18910941184,35.71,United States
457,Equifax,EFX,18771736576,159.78,United States
458,Nutanix,NTNX,18736984064,69.25,United States
459,SBA Communications,SBAC,18654533632,175.84,United States
460,SS&C Technologies,SSNC,18598754304,79.26,United States
461,Broadridge Financial Solutions,BR,18587834368,163.02,United States
462,ITT,ITT,18478254080,205.68,United States
463,CDW Corporation,CDW,18431318016,147.43,United States
464,Evergy,EVRG,18277058560,79.27,United States
465,CF Industries,CF,18249865216,120.59,United States
466,Tyson Foods,TSN,18230353920,51.82,United States
467,Fidelity National Information Services,FIS,18029078528,34.96,United States
468,Zimmer Biomet,ZBH,17925529600,93.98,United States
469,Genuine Parts Company,GPC,17865246720,129.59,United States
470,Permian Resources,PR,17831589888,21.29,United States
471,TPG Inc.,TPG,17817681920,45.62,United States
472,Nordson,NDSN,17805418496,319.67,United States
473,MasTec,MTZ,17802803200,221.69,United States
474,Dupont De Nemours,DD,17798664192,131.8,United States
475,FedEx Freight,FDXF,17792657408,119.0,United States
476,WESCO International,WCC,17645191168,362.08,United States
477,MKS Instruments,MKSI,17605582848,260.37,United States
478,Medpace,MEDP,17589647360,630.19,United States
479,C. H. Robinson,CHRW,17476274176,149.56,United States
480,Lattice Semiconductor,LSCC,17402968064,122.53,United States
481,News Corp,NWS,17354790912,32.38,United States
482,Bitmine Immersion Technologies,BMNR,17348790272,28.76,United States
483,Onto Innovation,ONTO,17347442688,283.81,United States
484,Plains All American Pipeline,PAA,17321656320,24.55,United States
485,East West Bancorp,EWBC,17200467968,125.54,United States
486,DigitalOcean,DOCN,17166614528,146.0,United States
487,Toast,TOST,17137699840,29.65,United States
488,Tractor Supply,TSCO,17110958080,32.84,United States
489,Zebra Technologies,ZBRA,17108006912,361.61,United States
490,Akamai,AKAM,17007422464,118.34,United States
491,NVR,NVR,16976596992,6338.92,United States
492,Fortive,FTV,16897854464,55.95,United States
493,Franklin Resources,BEN,16832587776,33.13,United States
494,Alliant Energy,LNT,16754977792,64.62,United States
495,Jacobs Engineering,J,16750565376,143.12,United States
496,IDEX,IEX,16637843456,225.69,United States
497,Dynatrace,DT,16601091072,57.2,United States
498,Clean Harbors,CLH,16514490368,312.85,United States
499,IonQ,IONQ,16505227264,40.74,United States
500,Gen Digital,GEN,16335439872,27.29,United States
501,APi Group,APG,16318371840,37.76,United States
502,Ovintiv,OVV,16269612032,58.82,United States
503,Semtech,SMTC,16269456384,174.33,United States
504,Annaly Capital Management,NLY,16159637504,21.44,United States
505,Burlington Stores,BURL,16134083584,256.85,United States
506,Reinsurance Group of America,RGA,16052455424,245.82,United States
507,Invitation Homes,INVH,16029513728,27.14,United States
508,Revvity,RVTY,15991446528,143.31,United States
509,Ball Corporation,BALL,15874260992,59.97,United States
510,RBC Bearings,RBC,15825822720,499.88,United States
511,Rollins,ROL,15810438144,32.86,United States
512,Sterling Infrastructure,STRL,15801110528,516.57,United States
513,Weyerhaeuser,WY,15524654080,21.54,United States
514,Blue Owl Capital,OWL,15483506688,9.88,United States
515,Host Hotels & Resorts,HST,15478506496,22.28,United States
516,Leidos,LDOS,15474444288,123.31,United States
517,Jones Lang LaSalle,JLL,15429142528,335.36,United States
518,Charter Communications,CHTR,15238828032,117.26,United States
519,W. P. Carey,WPC,15238671360,66.89,United States
520,PTC,PTC,15190877184,140.0,United States
521,Kimco Realty,KIM,15126299648,22.55,United States
522,Solventum,SOLV,15107355648,88.75,United States
523,Corebridge Financial,CRBG,15084810240,33.84,United States
524,Aramark,ARMK,14918541312,56.59,United States
525,Hyatt Hotels,H,14870557696,157.8,United States
526,Omega Healthcare Investors,OHI,14837744640,46.47,United States
527,APA Corporation,APA,14819868672,42.3,United States
528,Unum,UNM,14773190656,93.32,United States
529,Lamar Advertising,LAMR,14737905664,145.13,United States
530,Wayfair,W,14703521792,107.35,United States
531,Viper Energy,VNOM,14644375552,40.77,United States
532,Healthpeak Properties,DOC,14604313600,20.6,United States
533,Performance Food Group,PFGC,14480510976,92.19,United States
534,Neurocrine Biosciences,NBIX,14459596800,142.25,United States
535,Exelixis,EXEL,14408506368,58.15,United States
536,Sun Communities,SUI,14375145472,113.77,United States
537,Carlyle Group,CG,14335268864,40.23,United States
538,Lincoln Electric,LECO,14334468096,262.99,United States
539,Warner Music Group,WMG,14327975936,27.39,United States
540,Pinnacle Financial Partners,PNFP,14295255040,94.6,United States
541,Equitable Holdings,EQH,14238374912,52.2,United States
542,Mid-America Apartment Communities,MAA,14174535680,119.15,United States
543,Talen Energy,TLN,14112666624,294.54,United States
544,Tempus AI,TEM,13927758848,77.19,United States
545,Stanley Black &amp; Decker,SWK,13913162752,92.13,United States
546,Ares Capital,ARCC,13900922880,19.36,United States
547,Trimble,TRMB,13827564544,59.3,United States
548,Masco,MAS,13795231744,69.96,United States
549,Albemarle,ALB,13782990848,116.8,United States
550,Penske Automotive Group,PAG,13780009984,209.86,United States
551,Sunoco,SUN,13776821248,73.12,United States
552,TransUnion,TRU,13770292224,71.87,United States
553,Regency Centers,REG,13747076096,73.53,United States
554,Charles River Laboratories,CRL,13733100544,285.11,United States
555,Quantinuum Inc.,QNT,13653175296,51.39,United States
556,Invesco,IVZ,13620268032,30.85,United States
557,Somnigroup International,SGI,13616958464,64.73,United States
558,Amkor Technology,AMKR,13563021312,54.59,United States
559,Tyler Technologies,TYL,13557249024,331.05,United States
560,CACI International Inc,CACI,13551913984,613.22,United States
561,Skyworks Solutions,SWKS,13536531456,89.96,United States
562,BridgeBio Pharma,BBIO,13533980672,69.23,United States
563,UL Solutions,ULS,13456514048,66.65,United States
564,Watsco,WSO,13430888448,325.58,United States
565,TTM Technologies,TTMI,13428819968,127.47,United States
566,Textron,TXT,13394339840,77.88,United States
567,Assurant,AIZ,13370686464,271.08,United States
568,McCormick & Company,MKC,13286643712,49.42,United States
569,"QXO, Inc.",QXO,13259130880,12.78,United States
570,Mueller Industries,MLI,13248765952,59.9,United States
571,BWX Technologies,BWXT,13240292352,144.51,United States
572,Dick's Sporting Goods,DKS,13196647424,133.94,United States
573,Halozyme Therapeutics,HALO,13067024384,115.13,United States
574,Carlisle Companies,CSL,13048077312,328.55,United States
575,Avery Dennison,AVY,13042381824,172.09,United States
576,Globe Life,GL,13020601344,169.43,United States
577,Aurora Innovation,AUR,12946842624,6.46,United States
578,J.M. Smucker Company,SJM,12937356288,121.11,United States
579,RPM International,RPM,12895771648,101.03,United States
580,Lennox,LII,12845511680,371.68,United States
581,CNA Financial,CNA,12845426688,47.47,United States
582,AMH (American Homes 4 Rent),AMH,12823299072,31.28,United States
583,IES Holdings,IESC,12794226688,321.07,United States
584,Five Below,FIVE,12787951616,232.28,United States
585,Hecla Mining,HL,12783754240,19.03,United States
586,DT Midstream,DTM,12747831296,124.96,United States
587,Coca-Cola Consolidated,COKE,12712449024,190.98,United States
588,Corcept Therapeutics,CORT,12702102528,117.505,United States
589,Nextpower,NXT,12678236160,82.52,United States
590,Toll Brothers,TOL,12676663296,137.57,United States
591,Penumbra,PEN,12580588544,319.39,United States
592,Graco,GGG,12574094336,77.64,United States
593,Webster Financial,WBS,12568934400,77.57,United States
594,Madison Air Solutions,MAIR,12568151040,25.05,United States
595,UDR Apartments,UDR,12527119360,34.1,United States
596,DocuSign,DOCU,12477607936,66.76,United States
597,SEI Investments,SEIC,12453190656,103.76,United States
598,BorgWarner,BWA,12446051328,61.11,United States
599,GoDaddy,GDDY,12441870336,98.24,United States
600,Vicor,VICR,12372280320,268.34,United States
601,Brown Forman,BF-A,12361803776,26.94,United States
602,Guidewire Software,GWRE,12336617472,150.46,United States
603,Forgent Power Solutions,FPS,12287294464,38.52,United States
604,BioMarin Pharmaceutical,BMRN,12266769408,63.37,United States
605,Hasbro,HAS,12258174976,86.91,United States
606,Erie Indemnity,ERIE,12255699968,234.38,United States
607,Baxter,BAX,12242465792,23.68,United States
608,Pershing Square Holdings,PSHD.L,12225084416,56.685,United States
609,SailPoint,SAIL,12200381440,21.37,United States
610,Generac,GNRC,12177211392,206.17,United States
611,U-Haul,UHAL,12134325248,62.07,United States
612,GameStop,GME,12123159552,24.03,United States
613,Applied Industrial Technologies,AIT,12114471936,329.79,United States
614,Encompass Health,EHC,12110689280,122.76,United States
615,Equity LifeStyle Properties,ELS,12082787328,60.26,United States
616,Manhattan Associates,MANH,12074376192,207.09,United States
617,Madrigal Pharmaceuticals,MDGL,11987113984,518.83,United States
618,AGNC Investment,AGNC,11961507840,10.09,United States
619,Gaming and Leisure Properties,GLPI,11956087808,39.92,United States
620,Crown Holdings,CCK,11924502528,109.64,United States
621,Ally Financial,ALLY,11885081600,39.07,United States
622,Watts Water Technologies,WTS,11827280896,354.29,United States
623,Alcoa,AA,11799391232,44.71,United States
624,DaVita,DVA,11721335808,183.72,United States
625,Crane Company,CR,11691278336,202.27,United States
626,CoStar Group,CSGP,11657535488,28.77,United States
627,American Financial Group,AFG,11647978496,140.47,United States
628,"BXP, Inc.",BXP,11632226304,64.31,United States
629,Figma,FIG,11619614720,21.8,United States
630,Sanmina,SANM,11564701696,215.77,United States
631,Camden Property Trust,CPT,11493401600,99.31,United States
632,BJ's Wholesale Club,BJ,11490847744,90.97,United States
633,Essential Utilities,WTRG,11453100032,40.38,United States
634,Elanco,ELAN,11452379136,22.93,United States
635,Rambus,RMBS,11414498304,105.24,United States
636,Fidelity National Financial,FNF,11411604480,42.55,United States
637,Bio-Techne,TECH,11377164288,72.55,United States
638,Paramount Skydance,PSKY,11342870528,10.11,United States
639,Arrow Electronics,ARW,11292350464,221.83,United States
640,Pinnacle West Capital,PNW,11290734592,93.16,United States
641,Gartner,IT,11287879680,178.75,United States
642,American Healthcare REIT,AHR,11268356096,51.69,United States
643,BrightSpring Health Services,BTSG,11189222400,56.55,United States
644,Hormel Foods,HRL,11188631552,20.33,United States
645,Dayforce,DAY,11180042240,69.86,United States
646,HubSpot,HUBS,11153431552,217.88,United States
647,Confluent,CFLT,11133729792,30.99,United States
648,JFrog,FROG,11090952192,89.95,United States
649,First Horizon Corporation,FHN,11057958912,23.34,United States
650,Stifel,SF,11050306560,73.18,United States
651,Advanced Energy,AEIS,10950991872,273.43,United States
652,EastGroup Properties,EGP,10939643904,203.44,United States
653,Knight-Swift Transportation,KNX,10919299072,67.09,United States
654,Twist Bioscience,TWST,10913173504,164.6,United States
655,Texas Roadhouse,TXRH,10904270848,166.12,United States
656,Align Technology,ALGN,10889699328,153.29,United States
657,Deckers Brands,DECK,10871397376,79.83,United States
658,Chime Financial,CHYM,10835106816,28.62,United States
659,DraftKings,DKNG,10822697984,21.8,United States
660,Globalstar,GSAT,10691570688,82.52,United States
661,Huntington Ingalls Industries,HII,10676676608,270.95,United States
662,Service Corporation International,SCI,10645735424,78.11,United States
663,Littelfuse,LFUS,10639027200,418.88,United States
664,Axsome Therapeutics,AXSM,10638543872,203.1,United States
665,Antero Resources,AR,10582049792,34.42,United States
666,AES,AES,10573160448,14.82,United States
667,Universal Health Services,UHS,10566727680,179.29,United States
668,New York Times,NYT,10556010496,65.45,United States
669,Repligen,RGEN,10539352064,186.75,United States
670,Clorox,CLX,10539137024,87.15,United States
671,10x Genomics,TXG,10514496512,80.7,United States
672,Cooper Companies,COO,10513686528,55.29,United States
673,Jack Henry &amp; Associates,JKHY,10453790720,149.1,United States
674,Qorvo,QRVO,10448970752,118.44,United States
675,Pinterest,PINS,10414495744,18.39,United States
676,Modine Manufacturing,MOD,10407966720,195.96,United States
677,Krystal Biotech,KRYS,10385639424,350.88,United States
678,ViaSat,VSAT,10330307584,74.99,United States
679,Instacart (Maplebear Inc.),CART,10280918016,44.41,United States
680,The Ensign Group,ENSG,10276359168,176.32,United States
681,Apogee Therapeutics,APGE,10223142912,135.07,United States
682,"Popular, Inc. (Banco Popular de Puerto Rico)",BPOP,10216678400,160.19,United States
683,UMB Financial,UMBF,10193254400,134.21,United States
684,Regal Rexnord,RRX,10161845248,152.65,United States
685,Dillard's,DDS,10155297792,650.17,United States
686,Arrowhead Pharmaceuticals,ARWR,10150545408,71.86,United States
687,Bio-Rad Laboratories,BIO,10149009408,379.57,United States
688,Paycom,PAYC,10123536384,224.61,United States
689,Evercore,EVR,10122087424,263.2,United States
690,Avantor,AVTR,10104801280,14.94,United States
691,Globus Medical,GMED,10095154176,75.19,United States
692,Kymera Therapeutics,KYMR,10040360960,122.06,United States
693,Antero Midstream,AM,10025114624,21.12,United States
694,Owens Corning,OC,10012306432,126.66,United States
695,Molina Healthcare,MOH,9980118016,191.19,United States
696,Donaldson Company,DCI,9976464384,86.07,United States
697,MGM Resorts,MGM,9952613376,38.9,United States
698,South State Corp,SSB,9927283712,102.37,United States
699,Cognex,CGNX,9920159744,58.97,United States
700,Leonardo DRS,DRS,9915020288,37.15,United States
701,Advanced Drainage Systems,WMS,9857740800,130.73,United States
702,Ryan Specialty,RYAN,9850979328,38.44,United States
703,ImmunityBio,IBRX,9845878784,9.29,United States
704,FormFactor,FORM,9843993600,126.01,United States
705,FactSet,FDS,9831027712,276.42,United States
706,Domino's Pizza,DPZ,9829080064,297.115,United States
707,Wintrust Financial,WTFC,9760798720,144.7,United States
708,Henry Schein,HSIC,9743771648,87.43,United States
709,Match Group,MTCH,9729546240,41.71,United States
710,Darling Ingredients,DAR,9725393920,61.63,United States
711,Cullen/Frost Bankers,CFR,9704531968,156.15,United States
712,Insulet,PODD,9666588672,139.38,United States
713,Flowserve,FLS,9659299840,75.99,United States
714,Federal Realty Investment Trust,FRT,9656228864,110.46,United States
715,Jefferies Financial Group,JEF,9638747136,47.39,United States
716,Bentley Systems,BSY,9624679424,31.86,United States
717,FirstCash,FCFS,9579529216,220.87,United States
718,Old National Bank,ONB,9575727104,25.03,United States
719,Madison Square Garden Sports,MSGS,9550585856,396.62,United States
720,Allison Transmission,ALSN,9527854080,115.38,United States
721,Snap,SNAP,9504530432,5.62,United States
722,Oscar Health,OSCR,9466141696,30.67,United States
723,Glaukos,GKOS,9429172224,159.86,United States
724,Cytokinetics,CYTK,9396592640,67.59,United States
725,Protagonist Therapeutics,PTGX,9387231232,145.07,United States
726,Lineage,LINE,9377970176,37.4,United States
727,Elastic NV,ESTC,9367322624,89.22,United States
728,Old Republic International,ORI,9362768896,38.78,United States
729,Riot Platforms,RIOT,9355205632,24.93,United States
730,Solstice Advanced Materials,SOLS,9354521600,58.89,United States
731,Murphy USA,MUSA,9339790336,508.14,United States
732,Bruker,BRKR,9325913088,61.21,United States
733,OGE Energy,OGE,9318881280,45.11,United States
734,Affiliated Managers Group,AMG,9316815872,360.28,United States
735,Acuity Brands,AYI,9303069696,310.77,United States
736,Zions Bancorporation,ZION,9289931776,63.65,United States
737,Saia,SAIA,9268687872,348.38,United States
738,Alexandria Real Estate Equities,ARE,9267331072,53.85,United States
739,Janus Living,JAN,9249027072,29.77,United States
740,Booz Allen Hamilton,BAH,9175337984,76.28,United States
741,Houlihan Lokey,HLI,9153034240,130.97,United States
742,MP Materials,MP,9090305024,51.04,United States
743,Applied Optoelectronics,AAOI,9084973056,107.0,United States
744,Tetra Tech,TTEK,9079334912,35.46,United States
745,Ryder,R,9069034496,236.5,United States
746,Valmont Industries,VMI,9034866688,468.01,United States
747,Crinetics Pharmaceuticals,CRNX,9012787200,84.95,United States
748,American Airlines,AAL,9009410048,13.61,United States
749,VIAVI Solutions,VIAV,8981694464,36.4,United States
750,Range Resources,RRC,8954599424,38.32,United States
751,The Toro Company,TTC,8947581952,94.52,United States
752,Sirius XM,SIRI,8942384128,26.53,United States
753,Legence Corp.,LGN,8912457728,54.25,United States
754,Caris Life Sciences,CAI,8895961088,31.47,United States
755,TG Therapeutics,TGTX,8895686656,58.11,United States
756,Voya Financial,VOYA,8882066432,98.04,United States
757,Kinetik,KNTK,8864380928,52.39,United States
758,CareTrust REIT,CTRE,8844454912,37.43,United States
759,Kratos Defense &amp; Security Solutions,KTOS,8817270784,46.97,United States
760,Westlake Corporation,WLK,8792402944,68.8,United States
761,Vaxcyte,PCVX,8782487552,59.02,United States
762,Liberty Live Holdings,LLYVA,8780993536,95.44,United States
763,Jackson Financial,JXN,8775613440,129.57,United States
764,SPX Technologies,SPXC,8747495424,174.65,United States
765,Rexford Industrial,REXR,8740695040,38.23,United States
766,CubeSmart,CUBE,8728325120,38.56,United States
767,TeraWulf,WULF,8647127040,17.33,United States
768,Brinker International,EAT,8637421568,206.81,United States
769,InterDigital,IDCC,8613013504,333.76,United States
770,Brixmor Property Group,BRX,8580149760,27.96,United States
771,Element Solutions,ESI,8575482880,35.19,United States
772,Life Time Group,LTH,8534011392,38.19,United States
773,Oshkosh Corporation,OSK,8522554368,138.04,United States
774,Dycom Industries,DY,8505992704,282.02,United States
775,Wynn Resorts,WYNN,8496375808,82.51,United States
776,Primerica,PRI,8483776512,275.65,United States
777,Western Alliance Bancorporation,WAL,8482592256,77.75,United States
778,First Industrial Realty Trust,FR,8480104448,61.89,United States
779,PBF Energy,PBF,8468272640,71.44,United States
780,AGCO,AGCO,8449328128,120.65,United States
781,Agree Realty,ADC,8396616704,67.32,United States
782,Praxis Precision Medicines,PRAX,8394144256,300.65,United States
783,Ryman Hospitality Properties,RHP,8385040384,121.55,United States
784,StoneX Group,SNEX,8356327424,69.28,United States
785,Figure Technology Solutions,FIGR,8326663168,37.11,United States
786,SentinelOne,S,8300971520,23.85,United States
787,Columbia Banking System,COLB,8300352512,29.34,United States
788,Prosperity Bancshares,PB,8275372544,68.86,United States
789,Mohawk Industries,MHK,8211895296,121.23,United States
790,NewMarket Corp,NEU,8173581824,888.78,United States
791,Lear Corporation,LEA,8148751360,122.4,United States
792,GitLab,GTLB,8134144512,48.82,United States
793,Applied Digital,APLD,8114031104,28.54,United States
794,Spyre Therapeutics,SYRE,8109340672,91.97,United States
795,Hess Midstream,HESM,8076006400,39.17,United States
796,SM Energy,SM,8068009472,33.92,United States
797,Paylocity,PCTY,8067380224,145.71,United States
798,CarMax,KMX,8066227200,56.84,United States
799,Avnet,AVT,8063669760,98.25,United States
800,Kinsale Capital Group,KNSL,8014132736,351.83,United States
801,AECOM,ACM,8013926400,62.27,United States
802,Timken Company,TKR,8005170688,115.52,United States
803,Commerce Bancshares,CBSH,7986303488,55.68,United States
804,AptarGroup,ATR,7976252416,125.45,United States
805,BOK Financial,BOKF,7963497984,131.05,United States
806,AeroVironment,AVAV,7935652864,156.15,United States
807,Core &amp; Main,CNM,7932914688,43.01,United States
808,MaxLinear,MXL,7929305600,87.43,United States
809,Cipher Mining,CIFR,7922936320,19.09,United States
810,NNN REIT,NNN,7914323968,41.6,United States
811,A. O. Smith,AOS,7904442880,58.16,United States
812,UGI Corporation,UGI,7904138752,36.85,United States
813,Chewy,CHWY,7901890048,19.66,United States
814,Galaxy Digital Holdings,7LX.F,7887111260,22.3715,United States
815,The Mosaic Company,MOS,7861559296,24.73,United States
816,Lincoln National Corporation,LNC,7851254784,41.01,United States
817,Zurn Elkay Water Solutions,ZWS,7780684800,46.91,United States
818,Aura Minerals,AUGO,7777543168,92.77,United States
819,Procore,PCOR,7726928896,50.85,United States
820,Levi Strauss &amp; Co.,LEVI,7720101888,20.06,United States
821,Immunovant,IMVT,7702349824,37.29,United States
822,Smithfield Foods,SFD,7702090752,19.56,United States
823,Eastman Chemical,EMN,7667886592,67.07,United States
824,Ralliant Corporation,RAL,7634160640,69.0,United States
825,Hanover Insurance Group,THG,7605084160,218.41,United States
826,National Fuel Gas,NFG,7603607552,80.0,United States
827,Ionis Pharmaceuticals,IONS,7602932736,45.75,United States
828,Hinge Health,HNGE,7597379584,94.15,United States
829,Central Bancompany,CBC,7589917696,31.69,United States
830,HealthEquity,HQY,7589128192,91.75,United States
831,Netskope,NTSK,7579302400,18.55,United States
832,Clearway Energy,CWEN,7559393280,30.65,United States
833,Idacorp,IDA,7538553856,130.33,United States
834,StandardAero,SARO,7538344960,22.78,United States
835,Gap Inc.,GAP,7538256896,21.46,United States
836,Oklo,OKLO,7524413952,40.45,United States
837,Zeta Global,ZETA,7510131712,30.13,United States
838,Celsius Holdings,CELH,7435434496,29.385,United States
839,Chord Energy,CHRD,7432893952,135.89,United States
840,Compass,COMP,7423123456,9.67,United States
841,Silicon Labs,SLAB,7406419968,221.97,United States
842,Dropbox,DBX,7371305472,33.9,United States
843,STAG Industrial,STAG,7344862720,37.32,United States
844,Morningstar,MORN,7323774464,195.23,United States
845,AppFolio,APPF,7305463296,206.27,United States
846,Valley Bank,VLY,7250180608,13.12,United States
847,Simpson Manufacturing Company,SSD,7241992704,176.7,United States
848,Terreno Realty,TRNO,7235629056,66.4,United States
849,Fluor Corporation,FLR,7226029568,54.03,United States
850,Ozon,OZON.ME,7208145828,32.01,United States
851,Arcosa,ACA,7199058432,146.6,United States
852,NOV,NOV,7193728512,20.18,United States
853,Cleveland-Cliffs,CLF,7148866560,12.53,United States
854,Commercial Metals Company,CMC,7135269888,64.5,United States
855,Primo Brands,PRMB,7108574208,19.64,United States
856,Hims &amp; Hers Health,HIMS,7099726848,30.43,United States
857,Conagra Brands,CAG,7073200128,14.78,United States
858,Axalta,AXTA,7071221248,33.04,United States
859,First American Financial Corporation,FAF,7069403648,69.24,United States
860,Federal Signal,FSS,7061904384,115.69,United States
861,Belite Bio,BLTE,7061720576,175.35,United States
862,Light &amp; Wonder,LNW,7028988928,86.22,United States
863,Plexus,PLXS,7018297344,263.33,United States
864,Kirby Corporation,KEX,6994416128,132.47,United States
865,Powell Industries,POWL,6991408640,191.9,United States
866,Vornado Realty Trust,VNO,6987162624,35.28,United States
867,Zillow,Z,6959880192,30.95,United States
868,Armstrong World Industries,AWI,6923073024,163.81,United States
869,UiPath,PATH,6905309184,13.25,United States
870,MSA Safety,MSA,6902041600,178.91,United States
871,Pilgrim's Pride,PPC,6900385280,28.98,United States
872,Etsy,ETSY,6896480256,75.14,United States
873,CG Oncology,CGON,6890902528,77.74,United States
874,Duolingo,DUOL,6882269696,147.71,United States
875,Molson Coors,TAP,6876421120,36.88,United States
876,Lithia Motors,LAD,6865766912,312.32,United States
877,Rhythm Pharmaceuticals,RYTM,6834945536,99.27,United States
878,MSC Industrial Direct,MSM,6824975872,122.21,United States
879,Dutch Bros,BROS,6798365184,38.76,United States
880,OneMain Financial,OMF,6796650496,59.08,United States
881,Amneal Pharmaceuticals,AMRX,6791772672,19.5,United States
882,ESCO Technologies,ESE,6782860288,261.81,United States
883,Matson,MATX,6781506048,226.78,United States
884,Macerich,MAC,6726692352,22.8,United States
885,Terex,TEX,6719696896,58.79,United States
886,LandBridge,LB,6699492864,86.91,United States
887,Victoria's Secret &amp; Co,VSXY,6685821952,83.82,United States
888,RingCentral,RNG,6657946624,79.73,United States
889,"X-Energy, Inc.",XE,6648150016,16.36,United States
890,Gates Industrial Corp,GTES,6619902976,26.15,United States
891,Allegro MicroSystems,ALGM,6619136512,35.51,United States
892,Solaris Energy Infrastructure,SEI,6608133120,65.67,United States
893,Magnolia Oil &amp; Gas,MGY,6598175744,24.02,United States
894,Lumen Technologies,LUMN,6580621824,6.38,United States
895,PACS Group,PACS,6575677952,41.53,United States
896,Builders FirstSource,BLDR,6549395968,60.87,United States
897,Enact Holdings,ACT,6545597440,47.61,United States
898,Aaon,AAON,6536099840,79.27,United States
899,Lantheus Holdings,LNTH,6529987584,100.0,United States
900,Norwegian Cruise Line,NCLH,6529651200,14.22,United States
901,Hexcel,HXL,6502105088,85.98,United States
902,Chemed,CHE,6490804224,496.62,United States
903,EnerSys,ENS,6483084288,179.76,United States
904,GATX,GATX,6461177856,183.01,United States
905,TXNM Energy,TXNM,6456673280,58.63,United States
906,Victory Capital,VCTR,6456044544,104.96,United States
907,Urban Outfitters,URBN,6426226688,75.02,United States
908,Matador Resources,MTDR,6417893888,51.86,United States
909,Sprouts Farmers Market,SFM,6404247040,68.68,United States
910,Joby Aviation,JOBY,6400551424,6.44,United States
911,PJT Partners,PJT,6399377920,150.23,United States
912,USA Rare Earth,USAR,6377922560,16.99,United States
913,Lamb Weston,LW,6373719040,46.36,United States
914,EnPro Industries,NPO,6366391808,300.76,United States
915,Qualys,QLYS,6341955584,183.32,United States
916,United Bankshares,UBSI,6336145408,46.53,United States
917,Healthcare Realty Trust,HR,6308420096,18.18,United States
918,F.N.B. Corporation,FNB,6272084992,17.62,United States
919,Ingram Micro Holding Corporation,INGM,6266205184,27.24,United States
920,Plains GP,PAGP,6260721664,26.87,United States
921,Scholar Rock Holding,SRRK,6234188288,51.19,United States
922,The Trade Desk,TTD,6231439360,13.18,United States
923,WEX,WEX,6176610304,181.23,United States
924,Ingredion,INGR,6174594560,97.91,United States
925,Planet Labs,PL,6152669696,16.91,United States
926,CAVA Group,CAVA,6151014400,52.66,United States
927,Liquidia Corporation,LQDA,6143889920,68.64,United States
928,Amdocs,DOX,6138557952,58.79,United States
929,Sensata Technologies,ST,6135791616,42.16,United States
930,POOLCORP,POOL,6127050240,168.6,United States
931,Terns Pharmaceuticals,TERN,6116845568,52.95,United States
932,"Mobility Global, Inc.",MBGL,6108800000,19.09,United States
933,Commvault,CVLT,6067898880,146.41,United States
934,Rayonier,RYN,6056810496,20.24,United States
935,Southwest Gas,SWX,6048504320,83.49,United States
936,Core Scientific,CORZ,6037987328,18.79,United States
937,Caesars Entertainment,CZR,6035885568,29.62,United States
938,Cirrus Logic,CRUS,6033151488,120.38,United States
939,Campbell's,CPB,6026747904,20.21,United States
940,Xometry,XMTR,6026426880,105.13,United States
941,e.l.f. Beauty,ELF,6025896960,102.12,United States
942,Loar Holdings,LOAR,6011988992,64.17,United States
943,StepStone Group,STEP,6011439104,46.57,United States
944,MGIC Investment,MTG,6008106496,29.29,United States
945,Weatherford International,WFRD,6007016960,84.0,United States
946,Ormat Technologies,ORA,5982422016,97.28,United States
947,Crocs,CROX,5972997632,124.58,United States
948,LKQ Corporation,LKQ,5968318976,23.59,United States
949,MiniMed Group,MMED,5964618752,21.2,United States
950,Ligand Pharmaceuticals,LGND,5950778880,298.5,United States
951,Macy's,M,5949603840,22.78,United States
952,ServiceTitan,TTAN,5938564096,61.56,United States
953,Mirum Pharmaceuticals,MIRM,5934154240,91.39,United States
954,Hancock Whitney,HWC,5902010368,73.57,United States
955,JBT Marel Corporation,JBTM,5880237056,113.35,United States
956,Hamilton Lane,HLNE,5871133184,87.6,United States
957,Essential Properties Realty Trust,EPRT,5865678336,27.05,United States
958,Albertsons,ACI,5857881088,12.07,United States
959,Credit Acceptance,CACC,5837415424,562.34,United States
960,BGC Group,BGC,5833974272,12.27,United States
961,Home BancShares,HOMB,5829446144,29.14,United States
962,RadNet,RDNT,5818125312,73.93,United States
963,Abercrombie &amp; Fitch,ANF,5779986432,136.21,United States
964,EPAM Systems,EPAM,5754011648,111.54,United States
965,MarketAxess,MKTX,5752277504,163.43,United States
966,Glacier Bancorp,GBCI,5750159872,44.16,United States
967,Starwood Property Trust,STWD,5734511616,15.1,United States
968,Landstar System,LSTR,5724480000,168.68,United States
969,Pegasystems,PEGA,5705673728,34.705,United States
970,Schneider National,SNDR,5697278976,32.5,United States
971,Travere Therapeutics,TVTX,5682057728,60.28,United States
972,Cogent Biosciences,COGT,5662119936,32.63,United States
973,BETA Technologies,BETA,5644062720,23.28,United States
974,Lyft,LYFT,5640249856,14.9,United States
975,Rush Enterprises,RUSHA,5634577408,48.27,United States
976,Installed Building Products,IBP,5633190400,211.94,United States
977,Eagle Materials,EXP,5618492416,183.16,United States
978,Fannie Mae,FNMA,5616724480,4.85,United States
979,AutoNation,AN,5607443456,169.61,United States
980,Mercury General,MCY,5590928384,100.94,United States
981,Portland General Electric,POR,5571078656,47.37,United States
982,Brookfield Renewable,BEPC,5569287680,30.0,United States
983,Sensient Technologies,SXT,5567641088,130.81,United States
984,Impinj,PI,5553264128,181.75,United States
985,Ameris Bancorp,ABCB,5549097984,82.69,United States
986,Churchill Downs,CHDN,5540471808,79.49,United States
987,Kodiak Gas Services,KGS,5529379328,54.69,United States
988,Blue Owl Capital Corporation,OBDC,5528842240,11.14,United States
989,Atlantic Union Bankshares,AUB,5521223680,38.66,United States
990,Rigetti Computing,RGTI,5513859584,16.52,United States
991,PTC Therapeutics,PTCT,5505074176,65.96,United States
992,Construction Partners,ROAD,5488829952,96.71,United States
993,Associated Banc-Corp,ASB,5480417280,29.02,United States
994,BillionToOne,BLLN,5476999680,116.07,United States
995,Black Hills,BKH,5472688128,71.77,United States
996,Dolby,DLB,5470257664,58.4,United States
997,Navan,NAVN,5459506176,20.965,United States
998,Casella Waste Systems,CWST,5457770496,85.76,United States
999,Novanta,NOVT,5452187648,144.17,United States
1000,Erasca,ERAS,5438799872,15.55,United States
1001,SAIC (Science Applications International Corp),SAIC,5433704448,129.69,United States
1002,Varonis Systems,VRNS,5431752704,47.29,United States
1003,Definium Therapeutics,DFTX,5417675264,40.32,United States
1004,Rithm Capital,RITM,5383044096,9.64,United States
1005,Balchem,BCPC,5368258560,168.4,United States
1006,SOLV Energy,MWH,5357176320,26.47,United States
1007,New Jersey Resources,NJR,5349390336,52.72,United States
1008,RLI Corp.,RLI,5334762496,58.13,United States
1009,Sotera Health,SHC,5333655040,18.69,United States
1010,PriceSmart,PSMT,5333006848,172.81,United States
1011,Archrock,AROC,5330280960,30.4,United States
1012,VF Corporation,VFC,5326973440,13.55,United States
1013,Frontdoor,FTDR,5317874688,77.19,United States
1014,EXL Service,EXLS,5309469696,35.02,United States
1015,CLEAR Secure,YOU,5299808768,39.03,United States
1016,Teleflex,TFX,5292312576,124.9,United States
1017,H&amp;R Block,HRB,5283177472,42.86,United States
1018,ACM Research,ACMR,5279409664,75.8,United States
1019,Materion,MTRN,5277182464,253.3,United States
1020,MARA Holdings,MARA,5265259520,13.63,United States
1021,GXO Logistics,GXO,5249113088,45.77,United States
1022,Phillips Edison &amp; Company,PECO,5246252544,37.09,United States
1023,First National of Nebraska,FINN,5242462208,19400.0,United States
1024,CVR Energy,CVI,5240660480,52.13,United States
1025,Boyd Gaming,BYD,5237002752,72.08,United States
1026,Main Street Capital,MAIN,5236473856,56.0,United States
1027,Floor &amp; Decor,FND,5227592704,49.09,United States
1028,Selective Insurance,SIGI,5223020544,87.68,United States
1029,Merit Medical,MMSI,5210331136,87.26,United States
1030,Argan,AGX,5208579072,371.25,United States
1031,Celanese,CE,5206489088,47.44,United States
1032,Flagstar Bank,FLG,5205263872,12.54,United States
1033,Rush Street Interactive,RSI,5182921728,21.22,United States
1034,Liberty Broadband,LBRDA,5177567232,35.99,United States
1035,Nexstar Media Group,NXST,5161314304,167.53,United States
1036,Iridium Communications,IRDM,5156002816,48.65,United States
1037,International Seaways,INSW,5148779520,103.95,United States
1038,Kite Realty,KRG,5148380672,25.09,United States
1039,VSE Corporation,VSEC,5147677184,183.42,United States
1040,Piper Sandler,PIPR,5140556800,72.74,United States
1041,The Cheesecake Factory,CAKE,5127335424,103.04,United States
1042,Bank OZK,OZK,5126948864,47.02,United States
1043,Uranium Energy,UEC,5112031232,10.33,United States
1044,Mercury Systems,MRCY,5105237504,83.88,United States
1045,AXT Inc,AXTI,5100940288,77.79,United States
1046,Middleby,MIDD,5100628480,112.79,United States
1047,Sphere Entertainment,SPHR,5096500224,141.91,United States
1048,Vishay Intertechnology,VSH,5082985472,33.14,United States
1049,Granite Construction,GVA,5079326720,114.33,United States
1050,Murphy Oil,MUR,5071707648,35.38,United States
1051,Icahn Enterprises,IEP,5061715456,7.12,United States
1052,Sabra Health Care REIT,SBRA,5060717056,19.81,United States
1053,Axos Financial,AX,5056705536,89.13,United States
1054,Wyndham Hotels &amp; Resorts,WH,5035966464,67.86,United States
1055,Sonoco,SON,5011973632,50.69,United States
1056,CNO Financial Group,CNO,4992453120,53.96,United States
1057,Laureate Education,LAUR,4976884736,36.13,United States
1058,Red Rock Resorts,RRR,4972921344,48.76,United States
1059,ACI Worldwide,ACIW,4965988352,49.19,United States
1060,Outfront Media,OUT,4965252608,28.19,United States
1061,"Calumet, Inc.",CLMT,4959218176,56.42,United States
1062,Vail Resorts,MTN,4952347648,138.98,United States
1063,Global Business Travel Group,GBTG,4941652992,9.46,United States
1064,CSW Industrials,CSW,4938881536,303.12,United States
1065,Haemonetics,HAE,4937339904,108.52,United States
1066,Veradermics,MANE,4935905280,118.14,United States
1067,Waystar,WAY,4914511872,25.63,United States
1068,Ollie's Bargain Outlet,OLLI,4899510272,82.48,United States
1069,Eastern Bankshares,EBC,4883292160,21.37,United States
1070,Perimeter Solutions,PRM,4872960000,29.77,United States
1071,Graham Holdings,GHC,4870294528,1150.03,United States
1072,Warrior Met Coal,HCC,4863072256,92.1,United States
1073,Acushnet Holdings,GOLF,4859299328,83.2,United States
1074,CNX Resources,CNX,4854030848,32.81,United States
1075,GRAIL,GRAL,4847179264,108.52,United States
1076,Fervo Energy Company,FRVO,4845906944,16.44,United States
1077,Champion Homes,SKY,4822246912,88.84,United States
1078,Iovance Biotherapeutics,IOVA,4819616256,10.64,United States
1079,Amentum,AMTM,4816776704,19.7,United States
1080,Herc Holdings,HRI,4816468480,144.07,United States
1081,Virtu Financial,VIRT,4811504128,54.49,United States
1082,Greif,GEF,4808785408,84.59,United States
1083,Fortune Brands Innovations,FBIN,4797981184,40.22,United States
1084,UniFirst,UNF,4792667136,265.02,United States
1085,HASI (HA Sustainable Infrastructure Capita),HASI,4781328384,37.21,United States
1086,ADT,ADT,4777857536,6.54,United States
1087,LifeStance Health Group,LFST,4770934784,12.55,United States
1088,Millrose Properties,MRP,4770556416,28.73,United States
1089,Viking Therapeutics,VKTX,4765272064,40.85,United States
1090,Cousins Properties,CUZ,4757721600,28.9,United States
1091,Louisiana-Pacific,LPX,4756190208,68.02,United States
1092,Klaviyo,KVYO,4749570560,15.87,United States
1093,AAR,AIR,4740478464,117.75,United States
1094,Doximity,DOCS,4725301248,26.51,United States
1095,Parabilis Medicines,PBLS,4715263488,38.17,United States
1096,Parsons,PSN,4709049856,44.09,United States
1097,EquipmentShare.com,EQPT,4707725312,18.58,United States
1098,Gentex,GNTX,4698237952,22.3,United States
1099,TFS Financial,TFSL,4683394048,16.7,United States
1100,Alaska Airlines,ALK,4677286912,41.91,United States
1101,Reynolds Consumer Products,REYN,4673235968,22.17,United States
1102,Versant Media Group,VSNT,4663589376,33.51,United States
1103,Core Natural Resources,CNR,4662333440,93.93,United States
1104,Hagerty,HGTY,4656087552,13.55,United States
1105,Spire Inc.,SR,4640355328,78.5,United States
1106,First Financial Bankshares,FFIN,4630912000,32.31,United States
1107,Cactus Inc,WHD,4625401344,66.33,United States
1108,ONE Gas,OGS,4624335872,73.57,United States
1109,California Resources Corporation,CRC,4621299200,52.03,United States
1110,Radian Group,RDN,4589532672,34.69,United States
1111,Oceaneering International,OII,4589312000,46.11,United States
1112,Insight Enterprises,NSIT,4585757696,156.25,United States
1113,UFP Industries,UFPI,4579506688,83.02,United States
1114,ServisFirst Bancshares,SFBS,4565154816,41.75,United States
1115,Choice Hotels International,CHH,4564107776,100.32,United States
1116,SLM Corporation (Sallie Mae),SLM,4559000064,24.25,United States
1117,ACADIA Pharmaceuticals,ACAD,4550588928,26.41,United States
1118,Enphase Energy,ENPH,4548418560,34.42,United States
1119,Tutor Perini Corporation,TPC,4512762880,85.77,United States
1120,Dave Inc.,DAVE,4509964800,353.57,United States
1121,"Box, Inc.",BOX,4509789184,32.87,United States
1122,Nelnet,NNI,4508924928,126.02,United States
1123,Remitly,RELY,4504636928,21.28,United States
1124,MYR Group,MYRG,4500291584,289.05,United States
1125,Trex,TREX,4495310848,44.13,United States
1126,Ondas Holdings,ONDS,4495285248,7.72,United States
1127,Delek US,DK,4490767360,73.34,United States
1128,Adaptive Biotechnologies,ADPT,4478259200,28.06,United States
1129,Griffon Corporation,GFF,4470161920,97.46,United States
1130,Concentra Group,CON,4447818752,34.88,United States
1131,Rumble,RUM,4442459648,8.96,United States
1132,EPR Properties,EPR,4431059968,57.84,United States
1133,Chefs' Warehouse,CHEF,4420663808,108.36,United States
1134,Diodes Incorporated,DIOD,4418200576,95.94,United States
1135,Belden,BDC,4416616960,113.02,United States
1136,KBR,KBR,4413632000,35.01,United States
1137,Brink's,BCO,4411311616,107.12,United States
1138,Fulton Financial,FULT,4394853376,23.02,United States
1139,Archer Aviation,ACHR,4381452800,5.69,United States
1140,Webull,BULL,4365529088,8.09,United States
1141,HeartFlow,HTFL,4362463232,50.17,United States
1142,Moelis &amp; Company,MC,4361883136,58.88,United States
1143,International Bancshares Corp,IBOC,4337858048,69.75,United States
1144,Tidewater,TDW,4336753152,87.16,United States
1145,Meritage Homes,MTH,4327559680,66.4,United States
1146,CECO Environmental,CECO,4317182464,73.71,United States
1147,Brunswick Corporation,BC,4314860544,66.59,United States
1148,Tango Therapeutics,TNGX,4304622592,25.53,United States
1149,NorthWestern Energy,NWE,4298252288,69.87,United States
1150,Integer Holdings,ITGR,4294849536,126.33,United States
1151,Cavco Industries,CVCO,4293685248,558.39,United States
1152,Alliance Laundry Holdings,ALH,4291856384,21.59,United States
1153,Jersey Mike's Subs,JMKE,4288805632,18.42,United States
1154,Indivior PLC,INDV,4271575552,36.19,United States
1155,Tanger Inc.,SKT,4255691264,35.6,United States
1156,ESAB,ESAB,4252585728,68.44,United States
1157,Federated Hermes,FHI,4249662976,56.92,United States
1158,Patterson-UTI Energy,PTEN,4248627456,11.14,United States
1159,Vontier,VNT,4247984128,31.42,United States
1160,Franklin Electric,FELE,4243858432,95.99,United States
1161,Relay Therapeutics,RLAY,4240390656,19.35,United States
1162,OPENLANE Corporate,OPLN,4227279616,34.63,United States
1163,Telephone and Data Systems,TDS,4223605760,36.69,United States
1164,Amylyx Pharmaceuticals,AMLX,4211675904,33.0,United States
1165,Enova International,ENVA,4207326720,168.98,United States
1166,Covista Inc.,CVSA,4186774784,123.0,United States
1167,Americold,COLD,4173622272,14.55,United States
1168,Cinemark Theatres,CNK,4158917632,35.88,United States
1169,Fastly,FSLY,4154543872,26.08,United States
1170,Primoris Services Corporation,PRIM,4140736768,76.32,United States
1171,Korn Ferry,KFY,4138834432,75.86,United States
1172,SiteOne Landscape Supply,SITE,4120632320,94.39,United States
1173,Celcuity Inc.,CELC,4115173376,84.1,United States
1174,AZZ,AZZ,4112247040,136.84,United States
1175,Texas Capital Bancshares,TCBI,4107023616,94.47,United States
1176,Mirion Technologies,MIR,4106713088,16.49,United States
1177,Cabot Corporation,CBT,4103116288,79.47,United States
1178,United Community Bank,UCB,4094724864,34.19,United States
1179,Itron,ITRI,4086617600,93.33,United States
1180,Kilroy Realty,KRC,4079954432,34.74,United States
1181,Broadstone Net Lease,BNL,4070583296,19.12,United States
1182,Paymentus,PAY,4067850496,32.3,United States
1183,Pattern Group,PTRN,4063663616,20.41,United States
1184,Cathay General Bancorp,CATY,4049528832,60.7,United States
1185,SL Green Realty,SLG,4026697216,52.48,United States
1186,ICU Medical,ICUI,4025632768,160.98,United States
1187,COPT Defense Properties,CDP,3978098688,34.34,United States
1188,Helmerich &amp; Payne,HP,3976570624,39.79,United States
1189,Bill.com,BILL,3964517888,46.49,United States
1190,Par Pacific Holdings,PARR,3963381504,79.11,United States
1191,Silgan Holdings,SLGN,3957791488,37.45,United States
1192,Tenable,TENB,3955126784,35.91,United States
1193,WSFS Financial,WSFS,3951223296,76.89,United States
1194,Seaboard Corporation,SEB,3950032640,4124.09,United States
1195,Howard Hughes Holdings,HHH,3946859264,66.09,United States
1196,Bread Financial,BFH,3945274624,102.69,United States
1197,SkyWest,SKYW,3929426176,101.2,United States
1198,Boot Barn Holdings,BOOT,3915224576,129.28,United States
1199,Geo Group,GEO,3914366464,29.74,United States
1200,Comstock Resources,CRK,3911025664,13.32,United States
1201,Brady Corporation,BRC,3910925568,83.39,United States
1202,Firefly Aerospace,FLY,3908061184,23.345,United States
1203,Excelerate Energy,EE,3907836416,34.46,United States
1204,MDU Resources,MDU,3904085760,18.56,United States
1205,Century Aluminum,CENX,3900336128,39.4,United States
1206,CVB Financial,CVBF,3900103168,22.16,United States
1207,CleanSpark,CLSK,3888210432,15.14,United States
1208,Ionic Digital,IOND,3888119808,86.41,United States
1209,Envista,NVST,3883736320,24.18,United States
1210,Synaptics,SYNA,3875567104,97.64,United States
1211,CCC Intelligent Solutions,CCC,3869695232,6.57,United States
1212,Travel + Leisure,TNL,3852804608,62.87,United States
1213,Robert Half,RHI,3846757632,37.58,United States
1214,Thor Industries,THO,3841834240,73.8,United States
1215,Badger Meter,BMI,3833800448,132.26,United States
1216,Cohen &amp; Steers,CNS,3832961024,74.54,United States
1217,IDEAYA Biosciences,IDYA,3831597568,39.71,United States
1218,Grand Canyon Education,LOPE,3825826048,146.78,United States
1219,Avis Budget Group,CAR,3805643264,107.73,United States
1220,Independent Bank Corp.,INDB,3803738880,80.3,United States
1221,Workiva,WK,3799903488,69.83,United States
1222,Madison Square Garden Entertainment,MSGE,3792460288,80.17,United States
1223,Otter Tail,OTTR,3788358912,90.23,United States
1224,Interparfums,IPAR,3788329472,118.29,United States
1225,Avient,AVNT,3782514432,41.24,United States
1226,Neptune Insurance Holdings,NP,3780771584,27.55,United States
1227,Mattel,MAT,3774096896,13.21,United States
1228,St. Joe Company,JOE,3769365248,66.21,United States
1229,Pulse Biosciences,PLSE,3757988096,52.69,United States
1230,Apple Hospitality REIT,APLE,3725384960,15.78,United States
1231,FTI Consulting,FCN,3719279104,134.7,United States
1232,CorVel Corporation,CRVL,3717514240,73.59,United States
1233,Kontoor Brands,KTB,3706608384,67.82,United States
1234,Atlanta Braves Holdings,BATRA,3705054464,57.74,United States
1235,Atmus Filtration Technologies,ATMU,3704436992,45.4,United States
1236,Sezzle,SEZL,3704251648,110.0,United States
1237,USA Compression Partners,USAC,3703302400,25.55,United States
1238,WesBanco,WSBC,3691417856,38.49,United States
1239,Lemonade,LMND,3691044608,47.69,United States
1240,Genworth Financial,GNW,3687826176,9.76,United States
1241,Valvoline,VVV,3656459520,28.67,United States
1242,"GPGI, Inc.",GPGI,3652615168,12.6,United States
1243,WaterBridge Infrastructure,WBI,3649365504,29.56,United States
1244,NuScale Power,SMR,3648363008,8.89,United States
1245,MIAX (Miami International Holdings),MIAX,3647727616,36.76,United States
1246,iRhythm,IRTC,3643400704,110.53,United States
1247,BancFirst,BANF,3636728064,108.24,United States
1248,Renasant Corp,RNST,3634241280,39.76,United States
1249,Legend Biotech,LEGN,3625263872,18.64,United States
1250,M/I Homes,MHO,3607130112,142.67,United States
1251,Tarsus Pharmaceuticals,TARS,3606703360,77.08,United States
1252,Bel Fuse,BELFB,3603508992,249.56,United States
1253,Organon,OGN,3597749248,13.7,United States
1254,WisdomTree,WT,3595382272,23.73,United States
1255,Universal Display Corporation,OLED,3590929408,78.12,United States
1256,LXP Industrial Trust,LXP,3588728576,60.87,United States
1257,Dorman Products,DORM,3585111296,120.81,United States
1258,Option Care Health,OPCH,3579867392,23.9,United States
1259,Axcelis Technologies,ACLS,3574223360,115.74,United States
1260,Independence Realty Trust,IRT,3567288576,14.76,United States
1261,Magnite,MGNI,3556919040,24.8,United States
1262,Q2,QTWO,3545488128,56.86,United States
1263,Enliven Therapeutics,ELVN,3530917888,48.19,United States
1264,"ERock, Inc.",EROC,3506446848,12.83,United States
1265,PVH Corp.,PVH,3501400064,75.89,United States
1266,First Advantage,FA,3493470208,20.34,United States
1267,Arcutis Biotherapeutics,ARQT,3491722752,27.78,United States
1268,National Healthcare,NHC,3490298624,222.86,United States
1269,Palomar Holdings,PLMR,3486319104,131.54,United States
1270,Veracyte,VCYT,3485742080,43.36,United States
1271,First Interstate BancSystem,FIBK,3482430464,36.54,United States
1272,PennyMac Financial Services,PFSI,3478677248,66.96,United States
1273,Nicolet Bankshares,NIC,3471611648,165.65,United States
1274,Ethos Technologies,LIFE,3468393472,36.19,United States
1275,UCT (Ultra Clean Holdings),UCTT,3465956608,76.55,United States
1276,Bath &amp; Body Works,BBWI,3464266496,17.18,United States
1277,Highwoods Properties,HIW,3453946368,30.75,United States
1278,Denali Therapeutics,DNLI,3452704000,21.6,United States
1279,HNI Corporation,HNI,3449568256,47.79,United States
1280,The Vita Coco Company,COCO,3448703488,59.6,United States
1281,Post Holdings,POST,3443156736,75.97,United States
1282,Mueller Water Products,MWA,3437887488,22.02,United States
1283,Cal-Maine Foods,CALM,3415609088,73.13,United States
1284,NCR Atleos Corporation,NATL,3415516416,46.22,United States
1285,Newmark,NMRK,3411618816,13.94,United States
1286,Marriott Vacations Worldwide,VAC,3410296064,99.15,United States
1287,"Atlanta Braves Holdings, Inc.",BATRK,3390310656,52.835,United States
1288,Lionsgate Studios,LION,3380277760,11.36,United States
1289,Arcus Biosciences,RCUS,3379524864,26.87,United States
1290,AllianceBernstein,AB,3368391936,36.19,United States
1291,Mechanics Bancorp,MCHB,3363468544,15.19,United States
1292,TowneBank,TOWN,3361019392,36.36,United States
1293,Asbury Automotive Group,ABG,3358085376,187.06,United States
1294,American States Water,AWR,3344850176,84.39,United States
1295,Life360,LIF,3339065344,40.98,United States
1296,National Energy Services Reunited,NESR,3337184512,33.09,United States
1297,Standex International,SXI,3329996544,271.14,United States
1298,Alliance Resource Partners,ARLP,3327116544,25.86,United States
1299,IPG Photonics,IPGP,3326200832,78.2,United States
1300,WillScot,WSC,3324854272,18.35,United States
1301,Curbline Properties,CURB,3313094912,28.8,United States
1302,National Health Investors,NHI,3310534400,67.41,United States
1303,Fermi Inc.,FRMI,3292002048,5.14,United States
1304,First Financial Bank,FFBC,3288285696,31.33,United States
1305,Aehr Test Systems,AEHR,3285550336,100.6,United States
1306,Park National Corp,PRK,3281535488,181.66,United States
1307,Stride (K12 Education),LRN,3270344192,78.69,United States
1308,Peabody Energy,BTU,3265701120,26.79,United States
1309,United States Lime &amp; Minerals,USLM,3264162048,113.78,United States
1310,RXO,RXO,3263888128,19.79,United States
1311,Acadian Asset Management,AAMI,3261542912,91.9,United States
1312,Golub Capital,GBDC,3253434368,12.53,United States
1313,Steve Madden,SHOO,3252721920,44.45,United States
1314,Simmons First National,SFNC,3251560448,22.5,United States
1315,Dana Incorporated,DAN,3249891328,30.21,United States
1316,Freshworks,FRSH,3240635904,12.42,United States
1317,Planet Fitness,PLNT,3231176704,42.6,United States
1318,Centrus Energy,LEU,3228114176,157.83,United States
1319,Hercules Capital,HTGC,3222963968,17.22,United States
1320,Community Financial System,CBU,3216936448,61.14,United States
1321,Energy Fuels,UUUU,3214351104,12.14,United States
1322,Kadant,KAI,3213378560,272.11,United States
1323,OSI Systems,OSIS,3201784832,200.84,United States
1324,Dyne Therapeutics,DYN,3200833792,17.14,United States
1325,Atkore,ATKR,3191554560,94.5,United States
1326,NMI Holdings,NMIH,3190740992,42.42,United States
1327,Ashland,ASH,3189966080,69.66,United States
1328,YETI Holdings,YETI,3180851968,43.58,United States
1329,Chesapeake Utilities,CPK,3180123648,131.92,United States
1330,Seacoast Banking,SBCF,3178692608,32.83,United States
1331,Knife River Corporation,KNF,3168534016,55.82,United States
1332,Infleqtion,INFQ,3168520192,14.06,United States
1333,Bright Horizons,BFAM,3159349248,64.96,United States
1334,Knowles,KN,3152495104,36.91,United States
1335,Exponent,EXPO,3148501760,66.22,United States
1336,"Csquare, Inc.",CSQR,3144383488,18.87,United States
1337,Black Stone Minerals,BSM,3139608064,14.76,United States
1338,Delek Logistics Partners,DKL,3130301696,54.16,United States
1339,FS KKR Capital,FSK,3125408768,11.31,United States
1340,BankUnited,BKU,3118547712,43.78,United States
1341,CoreCivic,CXW,3112177920,31.47,United States
1342,QuantumScape,QS,3106482688,5.05,United States
1343,Perpetua Resources,PPTA,3097372160,24.76,United States
1344,Baldwin Insurance Group,BWIN,3093992704,31.95,United States
1345,ChronoScale,CHRN,3087514112,21.2,United States
1346,Shift4 Payments,FOUR,3084971776,39.07,United States
1347,Curaleaf,CURLF,3077756160,11.62,United States
1348,Polaris,PII,3071083264,53.97,United States
1349,ScottsMiracle-Gro,SMG,3067043840,52.68,United States
1350,First Hawaiian Bank,FHB,3063936512,25.18,United States
1351,TriNet,TNET,3062305024,66.71,United States
1352,Array Digital Infrastructure,AD,3059625472,35.38,United States
1353,Park Hotels &amp; Resorts,PK,3058329344,15.19,United States
1354,Cohu,COHU,3055222528,64.54,United States
1355,TransMedics Group,TMDX,3053839872,88.07,United States
1356,Neogen,NEOG,3049121792,13.98,United States
1357,Academy Sports + Outdoors,ASO,3048155136,49.5,United States
1358,Group 1 Automotive,GPI,3025264640,253.75,United States
1359,Cushman &amp; Wakefield,CWK,3018418176,12.86,United States
1360,Avista,AVA,3015101952,36.0,United States
1361,CBIZ,CBZ,3004145408,54.68,United States
1362,Dynex Capital,DX,3002819840,12.1,United States
1363,Astronics Corporation,ATRO,2997731584,69.7,United States
1364,DigitalBridge Group,DBRG,2996174592,15.98,United States
1365,AtriCure,ATRC,2992464384,58.83,United States
1366,Columbia Sportswear,COLM,2991218176,58.43,United States
1367,MBX Biosciences,MBX,2984962816,61.98,United States
1368,Brighthouse Financial,BHF,2984850176,51.9,United States
1369,KB Home,KBH,2979039744,48.59,United States
1370,Ambarella,AMBA,2960093440,67.06,United States
1371,Green Brick Partners,GRBK,2959136000,68.8,United States
1372,Provident Financial Services,PFS,2954072320,22.65,United States
1373,Benchmark Electronics,BHE,2953696256,82.23,United States
1374,Plug Power,PLUG,2948081920,2.11,United States
1375,DXP Enterprises,DXPE,2945930752,189.85,United States
1376,Liberty Energy,LBRT,2943973376,18.04,United States
1377,ArcBest,ARCB,2943897088,131.71,United States
1378,Redwire,RDW,2939913216,11.76,United States
1379,SPS Commerce,SPSC,2933294336,81.48,United States
1380,ABM Industries,ABM,2927212544,49.94,United States
1381,Immunome,IMNM,2924624128,25.75,United States
1382,California Water Service Group,CWT,2924371200,47.29,United States
1383,CareDx,CDNA,2922466304,56.49,United States
1384,Extreme Networks,EXTR,2922294272,22.11,United States
1385,National Beverage,FIZZ,2913308416,31.12,United States
1386,"F&G Annuities & Life, Inc.",FG,2909380352,22.22,United States
1387,Ouster,OUST,2902521600,40.25,United States
1388,Penguin Solutions,PENG,2899312128,56.58,United States
1389,Braze,BRZE,2898674432,25.52,United States
1390,Select Water Solutions,WTTR,2893213440,20.27,United States
1391,Freshpet,FRPT,2889731840,60.13,United States
1392,Maximus,MMS,2889101312,55.18,United States
1393,Five9,FIVN,2888064512,38.65,United States
1394,Aveanna Healthcare,AVAH,2885803008,13.22,United States
1395,Worthington Enterprises,WOR,2883744512,58.94,United States
1396,Power Integrations,POWI,2875239680,51.46,United States
1397,Banc of California,BANC,2867544320,18.1,United States
1398,Resideo Technologies,REZI,2866878208,18.88,United States
1399,Adeia,ADEA,2848536320,25.83,United States
1400,"Strive Asset Management, LLC",ASST,2847027712,29.35,United States
1401,NETSCOUT,NTCT,2845764096,39.14,United States
1402,CarGurus,CARG,2845007104,31.94,United States
1403,Digi International,DGII,2840037376,74.84,United States
1404,Warby Parker,WRBY,2835568896,22.94,United States
1405,Freddie Mac,FMCC,2834259968,4.36,United States
1406,Graphic Packaging,GPK,2833404928,9.57,United States
1407,Agilysys,AGYS,2831014912,100.37,United States
1408,Guardian Pharmacy Services,GRDN,2829500672,44.67,United States
1409,The Marzetti Company,MZTI,2826255872,103.56,United States
1410,Precigen,PGEN,2824898048,7.89,United States
1411,Acadia Realty Trust,AKR,2824067072,19.37,United States
1412,Tootsie Roll Industries,TR,2820869376,37.53,United States
1413,Bank of Hawaii,BOH,2820308736,71.49,United States
1414,DNOW Inc.,DNOW,2813028608,15.56,United States
1415,Gulfport Energy,GPOR,2802892800,158.5,United States
1416,Wingstop Restaurants,WING,2789091840,102.38,United States
1417,Slide Insurance,SLDE,2788295936,23.87,United States
1418,Crane NXT,CXT,2788269568,48.44,United States
1419,Grindr,GRND,2774177280,15.96,United States
1420,McGrath RentCorp,MGRC,2771580160,113.47,United States
1421,AvePoint,AVPT,2771507200,13.1,United States
1422,Urban Edge Properties,UE,2768888320,20.11,United States
1423,Liftoff Mobile,LFTO,2768570368,16.35,United States
1424,United Natural Foods,UNFI,2766141440,45.86,United States
1425,Hilton Grand Vacations,HGV,2764647680,35.57,United States
1426,Soleno Therapeutics,SLNO,2762888960,53.01,United States
1427,Maravai LifeSciences,MRVI,2762868480,7.46,United States
1428,Intapp,INTA,2761287424,36.09,United States
1429,Hyperliquid Strategies,PURR,2759834368,13.95,United States
1430,Boise Cascade,BCC,2756416768,79.0,United States
1431,People Incorporated,PPLI,2753676032,36.98,United States
1432,H.B. Fuller,FUL,2746923008,51.07,United States
1433,MGE Energy,MGEE,2744171776,72.7,United States
1434,Quaker Houghton,KWR,2744112384,159.47,United States
1435,"Hayward Holdings, Inc.",HAYW,2740584960,12.92,United States
1436,Teradata,TDC,2735130112,29.41,United States
1437,Acadia Healthcare,ACHC,2734354944,29.37,United States
1438,Brookdale Senior Living,BKD,2720128512,11.39,United States
1439,SoundHound AI,SOUN,2717966336,6.12,United States
1440,Harley-Davidson,HOG,2709007360,26.03,United States
1441,GeneDx Holdings,WGS,2707886848,90.8,United States
1442,Veeco,VECO,2707445504,44.36,United States
1443,Talos Energy,TALO,2686474496,16.09,United States
1444,Opendoor,OPEN,2680211456,2.76,United States
1445,ManpowerGroup,MAN,2680115968,57.63,United States
1446,Beam Therapeutics,BEAM,2678249216,25.93,United States
1447,Trustmark,TRMK,2674887936,45.94,United States
1448,American Eagle Outfitters,AEO,2667767296,15.92,United States
1449,Nurix Therapeutics,NRIX,2664075776,25.67,United States
1450,FB Financial,FBK,2658836992,53.2,United States
1451,AMC Entertainment,AMC,2651035648,2.97,United States
1452,Butterfly Network,BFLY,2644211968,9.93,United States
1453,Callaway Golf Company,CALY,2643740928,14.81,United States
1454,Appian,APPN,2643058432,36.9,United States
1455,NBT Bancorp,NBTB,2642169088,50.85,United States
1456,H2O America,HTO,2633629952,62.92,United States
1457,Structure Therapeutics,GPCR,2632046848,36.91,United States
1458,Celldex Therapeutics,CLDX,2631524608,33.51,United States
1459,Disc Medicine,IRON,2629142016,68.48,United States
1460,Kyndryl,KD,2626888192,12.06,United States
1461,Axogen,AXGN,2613229312,44.54,United States
1462,Customers Bancorp,CUBI,2613176832,77.35,United States
1463,Vera Therapeutics,VERA,2613016320,36.26,United States
1464,Alarm.com,ALRM,2609636608,53.16,United States
1465,First Bancorp,FBNC,2607403264,63.02,United States
1466,Trump Media &amp; Technology Group,DJT,2607089152,9.38,United States
1467,WD-40 Company,WDFC,2606779392,194.23,United States
1468,Intuitive Machines,LUNR,2605745408,16.24,United States
1469,Hawkins,HWKN,2599995648,124.55,United States
1470,Mineralys Therapeutics,MLYS,2599162368,29.4,United States
1471,Titan America,TTAM,2595976704,14.08,United States
1472,McGraw Hill,MH,2590321408,13.54,United States
1473,NextNav,NN,2587855872,15.33,United States
1474,Advance Auto Parts,AAP,2576664064,42.66,United States
1475,Keel Infrastructure,KEEL,2562928896,4.15,United States
1476,First Merchants Corporation,FRME,2552878080,40.65,United States
1477,Artisan Partners,APAM,2550901760,35.93,United States
1478,Supernus Pharmaceuticals,SUPN,2547306240,43.75,United States
1479,Diamondrock Hospitality Company,DRH,2528339968,12.31,United States
1480,"Lincoln International, Inc.",LCLN,2528084992,24.03,United States
1481,Upstart,UPST,2527219712,25.97,United States
1482,Banner Bank,BANR,2523726848,68.88,United States
1483,Central Garden &amp; Pet,CENT,2518100224,40.23,United States
1484,Kaiser Aluminum,KALU,2515307776,153.85,United States
1485,Ducommun,DCO,2513358080,166.45,United States
1486,Huron Consulting,HURN,2511564032,157.86,United States
1487,BKV Corporation,BKV,2506126336,22.9,United States
1488,Viridian Therapeutics,VRDN,2506025216,22.12,United States
1489,Privia Health Group,PRVA,2485707520,19.46,United States
1490,Shake Shack,SHAK,2485178624,58.09,United States
1491,Skyward Specialty Insurance Group,SKWD,2482207744,55.91,United States
1492,Clover Health Investments,CLOV,2480499712,4.67,United States
1493,Restoration Hardware,RH,2473427968,130.64,United States
1494,Rogers Corporation,ROG,2465115648,137.96,United States
1495,Four Corners Property Trust,FCPT,2462933760,22.44,United States
1496,Newell Brands,NWL,2457443072,5.77,United States
1497,Euronet Worldwide,EEFT,2457042432,65.69,United States
1498,Visteon,VC,2455712256,91.99,United States
1499,First Busey,BUSE,2453361408,29.71,United States
1500,Ingevity,NGVT,2450114304,71.27,United States
1501,Sunshine Silver Mining & Refining Company,SSMR,2441915136,16.99,United States
1502,Northern Oil and Gas,NOG,2430385664,22.81,United States
1503,SELLAS Life Sciences,SLS,2427387648,12.02,United States
1504,Stock Yards Bancorp,SYBT,2427236864,78.13,United States
1505,NeoGenomics,NEO,2426900992,18.89,United States
1506,Harmony Biosciences,HRMY,2418557184,41.53,United States
1507,Payoneer,PAYO,2416006656,7.13,United States
1508,Innodata,INOD,2405754112,69.97,United States
1509,Trulieve Cannabis,TRLV,2401288192,12.47,United States
1510,Kayne Anderson Capital Advisors,KYN,2399898368,14.19,United States
1511,Merchants Bancorp,MBIN,2395211264,52.14,United States
1512,Alpha Metallurgical Resources,AMR,2390887680,188.57,United States
1513,InvenTrust Properties,IVT,2390818816,30.66,United States
1514,ePlus,PLUS,2389360640,91.58,United States
1515,John Wiley &amp; Sons,WLY,2383158272,47.02,United States
1516,Beacon Financial Corporation,BBT,2382053120,28.42,United States
1517,nLIGHT,LASR,2376836096,41.2,United States
1518,Federal Agricultural Mortgage Corporation,AGM,2375008000,218.83,United States
1519,Innospec,IOSP,2366551040,96.08,United States
1520,Coty,COTY,2351432960,2.67,United States
1521,WaFd Bank,WAFD,2332102912,31.51,United States
1522,Evolution Metals & Technologies,EMAT,2324872448,3.72,United States
1523,Uniti,UNIT,2322879488,9.57,United States
1524,Ocular Therapeutix,OCUL,2305966592,10.5,United States
1525,Alamar Biosciences,ALMR,2305227776,33.22,United States
1526,Schrödinger,SDGR,2296532992,30.7,United States
1527,Dorian LPG,LPG,2290584832,53.54,United States
1528,Voyager Technologies,VOYG,2290420480,37.53,United States
1529,LTC Properties,LTC,2286673920,42.42,United States
1530,V2X,VVX,2286643712,72.95,United States
1531,LiveRamp,RAMP,2282851584,37.55,United States
1532,Patrick Industries,PATK,2282323712,71.06,United States
1533,Palvella Therapeutics,PVLA,2278401536,158.13,United States
1534,"The Andersons, Inc.",ANDE,2274324480,66.94,United States
1535,Pitney Bowes,PBI,2272955648,16.58,United States
1536,SharonAI Holdings,SHAZ,2263139328,63.21,United States
1537,Helios Technologies,HLIO,2262386688,68.66,United States
1538,Prestige Consumer Healthcare,PBH,2261185792,47.73,United States
1539,Kennametal,KMT,2261145088,29.6,United States
1540,Chemours,CC,2254474752,14.98,United States
1541,BioCryst Pharmaceuticals,BCRX,2243598080,8.78,United States
1542,Biohaven,BHVN,2243000064,14.85,United States
1543,HCI Group,HCI,2241732608,180.22,United States
1544,Generate Biomedicines,GENB,2241033472,17.46,United States
1545,Allegiant Travel Company,ALGT,2232401152,81.66,United States
1546,Northwest Bancshares,NWBI,2226691072,15.21,United States
1547,Day One Biopharmaceuticals,DAWN,2224784640,21.53,United States
1548,Sharplink,SBET,2222197248,10.23,United States
1549,PHINIA,PHIN,2218069760,60.54,United States
1550,Trinity Industries,TRN,2216405248,27.82,United States
1551,Blackstone Mortgage Trust,BXMT,2214662656,13.14,United States
1552,Calix,CALX,2213184256,35.15,United States
1553,UFP Technologies,UFPT,2209099520,285.2,United States
1554,Peloton,PTON,2203136512,5.02,United States
1555,Hilltop Holdings,HTH,2198652672,38.38,United States
1556,Sarepta Therapeutics,SRPT,2198098432,20.81,United States
1557,ADMA Biologics,ADMA,2197289728,9.81,United States
1558,StubHub Holdings,STUB,2193196288,5.74,United States
1559,PC Connection,CNXN,2191676416,86.84,United States
1560,Custom Truck One Source,CTOS,2190878464,9.63,United States
1561,Whirlpool,WHR,2188091136,33.56,United States
1562,Diebold Nixdorf,DBD,2185820672,64.39,United States
1563,Enterprise Financial Services Corp,EFSC,2185666304,60.39,United States
1564,OFG Bancorp,OFG,2185126144,51.7,United States
1565,Applied Aerospace &amp; Defense,AADX,2182501888,12.66,United States
1566,Medical Properties Trust,MPT,2173808128,3.64,United States
1567,Recursion Pharmaceuticals,RXRX,2171897856,4.05,United States
1568,Trevi Therapeutics,TRVI,2171331840,15.24,United States
1569,Zenas BioPharma,ZBIO,2154090752,33.05,United States
1570,FIGS,FIGS,2151516160,12.95,United States
1571,Ichor Systems,ICHR,2151370752,57.44,United States
1572,Buckle,BKE,2150643968,41.75,United States
1573,Nuvation Bio,NUVB,2141851648,6.1,United States
1574,Pediatrix Medical Group,MD,2141023744,26.35,United States
1575,Protolabs,PRLB,2140052736,89.46,United States
1576,LCI Industries,LCII,2137467776,87.92,United States
1577,PENN Entertainment,PENN,2134804480,15.9,United States
1578,Addus HomeCare,ADUS,2133351936,114.24,United States
1579,Braveheart Bio,BRVE,2125820032,23.61,United States
1580,Kodiak Sciences,KOD,2124311552,33.8,United States
1581,Securitize Corp.,SECZ,2122453888,13.0,United States
1582,ARMOUR Residential REIT,ARR,2121880064,14.99,United States
1583,Hycroft Mining,HYMC,2114292352,22.69,United States
1584,Monarch Casino &amp; Resort,MCRI,2101236224,117.24,United States
1585,Flywire,FLYW,2097550592,17.24,United States
1586,Sunrun,RUN,2096848128,8.79,United States
1587,First Commonwealth Financial Corp,FCF,2095899904,20.74,United States
1588,Minerals Technologies,MTX,2095276928,67.31,United States
1589,Standard Nuclear,STDN,2091969536,13.02,United States
1590,UroGen Pharma,URGN,2090132864,42.76,United States
1591,Agios Pharmaceuticals,AGIO,2087774848,34.97,United States
1592,Werner Enterprises,WERN,2086605312,34.79,United States
1593,Douglas Emmett,DEI,2085205504,10.37,United States
1594,Encore Capital Group,ECPG,2084668544,98.29,United States
1595,Nektar Therapeutics,NKTR,2081698304,60.97,United States
1596,Stagwell,STGW,2080486144,8.51,United States
1597,nCino,NCNO,2079830528,19.67,United States
1598,Asana,ASAN,2079048576,9.08,United States
1599,Preformed Line Products,PLPC,2078675712,425.2,United States
1600,DoubleVerify,DV,2076833536,13.4,United States
1601,Target Hospitality,TH,2075133056,21.19,United States
1602,Kohl's,KSS,2071387776,18.27,United States
1603,Surgery Partners,SGRY,2068508416,15.8,United States
1604,Sonic Automotive,SAH,2065711104,65.34,United States
1605,"The Bancorp, Inc.",TBBK,2063404672,50.59,United States
1606,Sunstone Hotel Investors,SHO,2062118272,11.09,United States
1607,Inspire Medical Systems,INSP,2061309952,71.3,United States
1608,Pebblebrook Hotel Trust,PEB,2060508032,18.26,United States
1609,Vericel,VCEL,2059530112,40.22,United States
1610,1st Source,SRCE,2055624704,85.36,United States
1611,Quantum Computing,QUBT,2055229568,9.08,United States
1612,Utz Brands,UTZ,2048582144,14.23,United States
1613,Select Medical Holdings,SEM,2046298112,16.51,United States
1614,PDF Solutions,PDFS,2045486336,48.44,United States
1615,NGL Energy Partners,NGL,2036981760,16.3201,United States
1616,"Interface, Inc.",TILE,2036310144,35.23,United States
1617,Driven Brands,DRVN,2024302336,12.27,United States
1618,UWM Holdings,UWMC,2024209792,1.26,United States
1619,Spectrum Brands,SPB,2024072320,88.02,United States
1620,Midera Food Processing,MFP,2023610624,44.74,United States
1621,Centuri Holdings,CTRI,2022290048,20.03,United States
1622,Global Net Lease,GNL,2014778496,8.71,United States
1623,Alamo Group,ALG,2014416384,165.51,United States
1624,TIC Solutions,TIC,2014173696,9.23,United States
1625,Thermon Group,THR,2013932928,61.14,United States
1626,Progyny,PGNY,2013311232,26.24,United States
1627,NW Natural Holdings,NWN,2011229056,47.78,United States
1628,Bob's Discount Furniture,BOBS,1998205312,15.29,United States
1629,Ziff Davis,ZD,1995515520,58.2,United States
1630,Sonos,SONO,1993253504,16.85,United States
1631,Rapport Therapeutics,RAPP,1989659648,41.47,United States
1632,Under Armour,UA,1988795904,4.63,United States
1633,Dentsply Sirona,XRAY,1983570944,9.95,United States
1634,Gorman-Rupp,GRC,1969939968,74.59,United States
1635,City Holding Company,CHCO,1961518592,139.59,United States
1636,Hub Group,HUBG,1960581632,32.06,United States
1637,Innovex International,INVX,1956104960,27.97,United States
1638,Perdoceo Education,PRDO,1954281472,31.23,United States
1639,Vir Biotechnology,VIR,1945983488,11.5,United States
1640,Fortrea,FTRE,1942893056,20.43,United States
1641,Western Union,WU,1939887104,6.22,United States
1642,A10 Networks,ATEN,1938660992,26.7,United States
1643,Porch Group,PRCH,1937783680,17.07,United States
1644,Alkami Technology,ALKT,1934580480,18.09,United States
1645,Insperity,NSP,1919694336,50.26,United States
1646,Stewart Information Services,STC,1919541120,62.89,United States
1647,Olin Corporation,OLN,1917185408,16.82,United States
1648,Vertex,VERX,1912550016,11.79,United States
1649,Blackbaud,BLKB,1912284800,42.13,United States
1650,Horace Mann Educators,HMN,1912054784,47.21,United States
1651,Vestis,VSTS,1907070336,14.43,United States
1652,EZCorp,EZPW,1886926080,30.71,United States
1653,Septerna,SEPN,1884815232,40.38,United States
1654,Stoke Therapeutics,STOK,1884166272,29.2,United States
1655,Bandwidth,BAND,1879358080,58.4,United States
1656,Blue Bird Corporation,BLBD,1872528512,59.17,United States
1657,Xencor,XNCR,1870731520,25.16,United States
1658,Netstreit,NTST,1866341504,18.31,United States
1659,Biolife Solutions,BLFS,1862511232,38.07,United States
1660,Concentrix,CNXC,1861669888,30.51,United States
1661,LeMaitre Vascular,LMAT,1851952384,80.98,United States
1662,"Happen, Inc.",HAPN,1847673472,16.01,United States
1663,Enerpac Tool Group,EPAC,1843699200,35.77,United States
1664,German American Bancorp,GABC,1840985856,48.99,United States
1665,Expro Group,XPRO,1840279040,16.38,United States
1666,Republic Bank,RBCAA,1840112768,93.72,United States
1667,Absci,ABSI,1837986176,10.71,United States
1668,Allient,ALNT,1836643072,108.06,United States
1669,Kimbell Royalty Partners,KRP,1836425088,14.29,United States
1670,World Kinect,WKC,1833274112,35.84,United States
1671,Sonida Senior Living,SNDA,1831589376,38.12,United States
1672,Getty Realty,GTY,1823918080,29.45,United States
1673,Weis Markets,WMK,1819099008,73.515,United States
1674,Mach Natural Resources LP,MNR,1816395264,10.88,United States
1675,Century Communities,CCS,1816009344,63.87,United States
1676,Neutron Holdings (Lime),LIME,1815775616,28.36,United States
1677,NextDecade Corp,NEXT,1802075392,6.77,United States
1678,SmartStop Self Storage REIT,SMA,1796167168,32.44,United States
1679,Photronics,PLAB,1794693888,30.42,United States
1680,Lindblad Expeditions,LIND,1792729856,27.32,United States
1681,Dime Community Bancshares,DCOM,1790108416,40.54,United States
1682,ANI Pharmaceuticals,ANIP,1789620224,77.91,United States
1683,Genesis Energy  L.P.,GEL,1789217664,14.64,United States
1684,National Bank Holdings,NBHC,1787817472,40.14,United States
1685,Hemab Therapeutics Holdings,COAG,1786738432,38.25,United States
1686,Novavax,NVAX,1786362240,10.83,United States
1687,Intellia Therapeutics,NTLA,1778207616,12.69,United States
1688,Worthington Steel,WS,1778037120,34.9,United States
1689,ACV Auctions,ACVA,1774493440,10.45,United States
1690,Xenia Hotels &amp; Resorts,XHR,1769826816,17.89,United States
1691,Hope Bancorp,HOPE,1760282496,13.78,United States
1692,Soho House & Co,SHCO,1758889344,8.99,United States
1693,Tyra Biosciences,TYRA,1758089216,25.57,United States
1694,Live Oak Bank,LOB,1752760576,37.87,United States
1695,Sixth Street Specialty Lending,TSLX,1749546624,18.35,United States
1696,Personalis,PSNL,1747245952,16.36,United States
1697,DXC Technology,DXC,1746381056,10.93,United States
1698,C3 AI,AI,1744461440,10.85,United States
1699,Amplitude,AMPL,1742616960,13.14,United States
1700,Astrana Health,ASTH,1741609344,35.11,United States
1701,S&amp;T Bancorp,STBA,1736825472,49.25,United States
1702,Boston Beer Company,SAM,1731575296,168.25,United States
1703,FirstSun Capital Bancorp,FSUN,1729446912,39.35,United States
1704,Liberty Latin America,LILA,1721960960,8.79,United States
1705,Ambiq Micro,AMBQ,1718311296,71.05,United States
1706,Jetblue Airways,JBLU,1716770560,4.55,United States
1707,IDT Corporation,IDT,1712698240,68.87,United States
1708,Albany International,AIN,1708510592,60.22,United States
1709,American Assets Trust,AAT,1707662464,22.01,United States
1710,Lucid Motors,LCID,1702383232,4.32,United States
1711,Strategic Education,STRA,1698212096,76.47,United States
1712,RLJ Lodging Trust,RLJ,1689209216,11.03,United States
1713,CTS Corporation,CTS,1683387776,58.95,United States
1714,Taysha Gene Therapies,TSHA,1681300992,5.16,United States
1715,OceanFirst Financial,OCFC,1678727424,17.37,United States
1716,Sila Realty Trust,SILA,1677119744,30.36,United States
1717,TriCo Bancshares,TCBK,1672494080,52.32,United States
1718,Bank First,BFC,1672042112,150.83,United States
1719,Byline Bancorp,BY,1671897600,37.0,United States
1720,Anterix,ATEX,1671538176,85.24,United States
1721,CBL Properties,CBL,1669980544,53.97,United States
1722,Ellington Financial,EFC,1667809792,12.7,United States
1723,Evertec,EVTC,1667095936,27.9,United States
1724,Global Partners LP,GLP,1667062272,49.25,United States
1725,Progress Software,PRGS,1665945728,40.62,United States
1726,Hawaiian Electric Industries,HE,1663370624,9.63,United States
1727,Kailera Therapeutics,KLRA,1658142720,12.79,United States
1728,Alignment Healthcare,ALHC,1657406848,7.99,United States
1729,Marqeta,MQ,1657253376,15.92,United States
1730,Green Thumb Industries,GTII.CN,1649140677,7.54449,United States
1731,Origin Bancorp,OBK,1640277376,53.17,United States
1732,Central Securities,CET,1638802176,55.46,United States
1733,Goosehead Insurance,GSHD,1635379584,45.76,United States
1734,Eton Pharmaceuticals,ETON,1631811200,57.09,United States
1735,Wolverine World Wide,WWW,1630658176,19.87,United States
1736,Inhibrx Biosciences,INBX,1628803456,110.67,United States
1737,QCR Holdings,QCRH,1627080960,99.36,United States
1738,Syndax Pharmaceuticals,SNDX,1623867520,18.185,United States
1739,i-80 Gold,IAUX,1619236224,1.87,United States
1740,BlackLine,BL,1618788864,27.85,United States
1741,Distribution Solutions Group,DSGR,1617089536,34.96,United States
1742,Trinity Capital,TRIN,1603595648,17.84,United States
1743,SkyWater Technology,SKYT,1597181312,32.46,United States
1744,AnaptysBio,ANAB,1596489216,53.92,United States
1745,ADI Global Distribution,ADIG,1595905664,21.02,United States
1746,Global Industrial Company,GIC,1594833920,41.85,United States
1747,Ingles Markets,IMKTA,1592488448,83.84,United States
1748,Xeris Pharmaceuticals,XERS,1591656192,8.73,United States
1749,Sally Beauty Holdings,SBH,1587833856,16.96,United States
1750,Huntsman Corporation,HUN,1587176576,9.05,United States
1751,Goodyear,GT,1580564096,5.49,United States
1752,Maze Therapeutics,MAZE,1576485376,28.38,United States
1753,ConnectOne Bancorp,CNOB,1569978752,31.2,United States
1754,HawkEye 360,HAWK,1564509952,15.97,United States
1755,Innovative Industrial Properties,IIPR,1564398336,56.74,United States
1756,Helix Energy Solutions,HLX,1562253952,10.6,United States
1757,Kestra Medical Technologies,KMTS,1553967232,26.09,United States
1758,Wealthfront Corporation,WLTH,1552393856,9.94,United States
1759,Pathward Financial,CASH,1548861824,74.56,United States
1760,Ardent Health,ARDT,1544452608,10.95,United States
1761,Kemper,KMPR,1542504960,26.2,United States
1762,Lyntris Inc.,LYNX,1542126848,13.3,United States
1763,Ultragenyx Pharmaceutical,RARE,1539465216,15.615,United States
1764,"Kardigan, Inc.",KARD,1537200768,16.44,United States
1765,P3 Health Partners,PIII,1532486272,7.52,United States
1766,Energizer Holdings,ENR,1530609408,22.35,United States
1767,Kosmos Energy,KOS,1530403328,2.57,United States
1768,Revolve Group,RVLV,1528336640,21.5,United States
1769,Omeros Corporation,OMER,1523774080,21.05,United States
1770,United Parks &amp; Resorts,PRKS,1523467904,33.6,United States
1771,Kennedy Wilson,KW,1521191808,10.92,United States
1772,Safety Insurance,SAFT,1520897920,103.6,United States
1773,WEBTOON Entertainment,WBTN,1519964032,11.2,United States
1774,Innoviva,INVA,1515710336,20.98,United States
1775,American Superconductor Corporation,AMSC,1513332608,31.24,United States
1776,Omnicell,OMCL,1508535296,33.17,United States
1777,Bicara Therapeutics,BCAX,1507419520,22.78,United States
1778,Azenta,AZTA,1501751680,34.28,United States
1779,ICF International,ICFI,1498914048,83.58,United States
1780,Atlas Energy Solutions,AESI,1498866944,12.0,United States
1781,ArriVent BioPharma,AVBP,1495010304,30.32,United States
1782,Vistance Networks,VISN,1494459136,6.48,United States
1783,Exzeo Group,XZO,1489120256,16.53,United States
1784,Triumph Financial,TFIN,1487673728,62.26,United States
1785,Capital Southwest Corporation,CSWC,1487548544,23.34,United States
1786,Boxabl Inc.,BXBL,1483126528,4.2,United States
1787,Wolfspeed,WOLF,1481526528,27.99,United States
1788,Healthcare Services Group,HCSG,1480396544,21.57,United States
1789,Digital Turbine,APPS,1475187968,12.19,United States
1790,MasterBrand,MBC,1473271168,7.24,United States
1791,Lakeland Financial Corp,LKFN,1472827008,59.25,United States
1792,Coursera,COUR,1471883264,5.14,United States
1793,J&amp;J Snack Foods,JJSF,1470616192,78.72,United States
1794,Corsair Gaming,CRSR,1469043072,13.58,United States
1795,Eos Energy Enterprises,EOSE,1468450560,4.06,United States
1796,REX American Resources,REX,1468022016,44.25,United States
1797,Sylvamo,SLVM,1465960192,36.87,United States
1798,Esquire Financial Holdings,ESQ,1465259776,121.05,United States
1799,Stepan Company,SCL,1462283776,64.38,United States
1800,Agilon Health,AGL,1458148608,86.84,United States
1801,Amprius Technologies,AMPX,1457884544,9.98,United States
1802,InnovAge,INNV,1453889920,10.655,United States
1803,ARKO Petroleum,APC,1450758784,17.57,United States
1804,Newsmax,NMAX,1447890816,11.21,United States
1805,Arlo Technologies,ARLO,1443094400,13.41,United States
1806,Avalyn Pharma,AVLN,1438609024,32.45,United States
1807,KalVista Pharmaceuticals,KALV,1437504000,27.0,United States
1808,Nutex Health,NUTX,1429993728,208.82,United States
1809,Dorchester Minerals,DMLP,1428560000,29.1,United States
1810,FuelCell Energy,FCEL,1427981952,17.86,United States
1811,Frontier Airlines,ULCC,1427337728,6.2,United States
1812,Phibro Animal Health,PAHC,1427146496,35.15,United States
1813,EverCommerce,EVCM,1423921920,8.06,United States
1814,CVR Partners,UAN,1419713792,134.32,United States
1815,Savers Value Village,SVV,1418952064,9.26,United States
1816,Amalgamated Financial,AMAL,1413977984,47.29,United States
1817,Hillman Solutions,HLMN,1410451200,7.25,United States
1818,Tompkins Financial,TMP,1406935808,97.82,United States
1819,Dauch Corporation,DCH,1404243200,5.91,United States
1820,Burke & Herbert Financial Services,BHRB,1401989248,69.45,United States
1821,ORIC Pharmaceuticals,ORIC,1399310848,13.5,United States
1822,Atlanticus,ATLC,1396402048,92.05,United States
1823,Peoples Bancorp,PEBO,1395999616,38.84,United States
1824,MillerKnoll,MLKN,1394593920,20.29,United States
1825,Olaplex,OLPX,1391282176,2.07,United States
1826,TriMas,TRS,1388318848,38.7,United States
1827,Forestar Group,FOR,1388189568,27.21,United States
1828,BigBear.ai,BBAI,1385739136,2.89,United States
1829,Damora Therapeutics,DMRA,1383492992,22.41,United States
1830,CONMED,CNMD,1382849024,46.17,United States
1831,Latigo Biotherapeutics,LTGO,1380352384,20.82,United States
1832,United Fire Group,UFCS,1379868032,53.68,United States
1833,The Pennant Group,PNTG,1376554752,39.41,United States
1834,Shoals Technologies,SHLS,1371644544,8.15,United States
1835,Westamerica Bancorporation,WABC,1364482432,59.04,United States
1836,Community Trust Bancorp,CTBI,1364231552,75.09,United States
1837,PROG Holdings,PRG,1362241792,34.2,United States
1838,York Space Systems,YSS,1361213824,9.91,United States
1839,Boost Run,BRUN,1358440320,17.09,United States
1840,Fluence Energy,FLNC,1351561216,7.27,United States
1841,Certara,CERT,1346917504,8.83,United States
1842,UMH Properties,UMH,1345625856,15.8,United States
1843,Liquidity Services,LQDT,1345066368,42.93,United States
1844,Hudson Pacific Properties,HPP,1339320704,12.08,United States
1845,AMN Healthcare Services,AMN,1337734016,34.54,United States
1846,Cullinan Therapeutics,CGEM,1331795968,21.67,United States
1847,The Greenbrier Companies,GBX,1331644160,43.04,United States
1848,FMC Corporation,FMC,1323647616,10.57,United States
1849,Everforth,EFOR,1323479936,32.28,United States
1850,Walker &amp; Dunlop,WD,1315362560,38.32,United States
1851,Arhaus,ARHS,1314907136,9.29,United States
1852,Pursuit Attractions and Hospitality,PRSU,1312623744,47.82,United States
1853,National Vision Holdings,EYE,1312550656,16.6,United States
1854,"Suncrete, Inc.",RMIX,1310227328,13.42,United States
1855,BJ's Restaurants,BJRI,1309400192,61.55,United States
1856,First Mid Bancshares,FMBH,1309080064,49.21,United States
1857,Omada Health,OMDA,1308200960,21.37,United States
1858,Vor Biopharma,VOR,1301570560,22.0,United States
1859,Wendy’s,WEN,1298462208,6.81,United States
1860,Perella Weinberg Partners,PWP,1298373504,13.34,United States
1861,Ategrity Specialty Insurance Company,ASIC,1294985600,27.02,United States
1862,"Harrow, Inc.",HROW,1291456384,34.45,United States
1863,OPKO Health,OPK,1291147904,1.73,United States
1864,ProAssurance,PRA,1290193152,25.0,United States
1865,Edgewell Personal Care,EPC,1288646016,27.96,United States
1866,HBT Financial,HBT,1288069888,35.42,United States
1867,Ameresco,AMRC,1285263616,24.22,United States
1868,T1 Energy,TE,1284138112,4.36,United States
1869,NAPCO Security Technologies,NSSC,1283371520,35.88,United States
1870,Two Harbors Investment,TWO,1280541440,12.18,United States
1871,XPEL,XPEL,1276249984,46.29,United States
1872,Replimune,REPL,1269138432,13.47,United States
1873,"Alexander's, Inc.",ALX,1268650752,248.4,United States
1874,Bristow Group,VTOL,1268381184,42.79,United States
1875,"RPC, Inc.",RES,1267878016,5.72,United States
1876,Herbalife,HLF,1267876864,12.23,United States
1877,Oil-Dri Corporation Of America,ODC,1266570240,87.42,United States
1878,Gibraltar Industries,ROCK,1263597696,42.6,United States
1879,Preferred Bank,PFBC,1259867648,106.29,United States
1880,Six Flags,FUN,1258490624,12.3,United States
1881,Leggett &amp; Platt,LEG,1256618752,9.2,United States
1882,Empire State Realty Trust,ESRT,1256017920,4.1,United States
1883,Ryerson,RYZ,1254390400,24.17,United States
1884,Old Second Bancorp,OSBC,1254086400,24.65,United States
1885,American Bitcoin Corp,ABTC,1251088512,10.27,United States
1886,Sprinklr,CXM,1249081856,5.38,United States
1887,Flowers Foods,FLO,1246897664,5.88,United States
1888,Integra LifeSciences,IART,1245915520,16.02,United States
1889,Seneca Foods,SENEA,1244477696,183.81,United States
1890,"U.S. Physical Therapy, Inc.",USPH,1241120768,83.17,United States
1891,ProPetro,PUMP,1231923840,10.03,United States
1892,Harmonic Inc.,HLIT,1231360256,11.29,United States
1893,Aktis Oncology,AKTS,1229747200,22.11,United States
1894,La-Z-Boy,LZB,1228017920,30.66,United States
1895,Cricut,CRCT,1219511040,5.81,United States
1896,Arteris,AIP,1217989120,24.78,United States
1897,Tandem Diabetes Care,TNDM,1217627264,17.5,United States
1898,Willdan Group,WLDN,1216891776,79.89,United States
1899,LGI Homes,LGIH,1213676032,52.205,United States
1900,Clear Channel Outdoor,CCO,1211643392,2.38,United States
1901,G-III Apparel Group,GIII,1209975040,28.22,United States
1902,Oppenheimer Holdings,OPY,1209362048,112.94,United States
1903,Turning Point Brands,TPB,1208548992,60.28,United States
1904,Orchid Island Capital,ORC,1208132736,6.12,United States
1905,Alto Neuroscience,ANRO,1207872000,30.78,United States
1906,The RealReal,REAL,1204544000,9.9,United States
1907,Beta Bionics,BBNX,1200760832,22.81,United States
1908,Unusual Machines,UMAC,1200454784,24.03,United States
1909,Seaport Therapeutics,SPTX,1198548992,22.39,United States
1910,Universal Insurance Holdings,UVE,1197540224,43.03,United States
1911,Ladder Capital,LADR,1193802496,9.41,United States
1912,Donnelley Financial Solutions,DFIN,1192145280,48.49,United States
1913,National Healthcare Properties,NHP,1188349440,16.3,United States
1914,Myers Industries,MYE,1187226368,31.56,United States
1915,MeiraGTx,MGTX,1186130944,12.35,United States
1916,Columbia Financial,CLBK,1184182656,11.38,United States
1917,Red Violet,RDVT,1178008448,73.41,United States
1918,Artivion,AORT,1176487552,24.13,United States
1919,GoodRx,GDRX,1173540096,3.44,United States
1920,Piedmont Realty Trust,PDM,1172494592,9.37,United States
1921,Marcus &amp; Millichap,MMI,1171350144,30.93,United States
1922,Avanos Medical,AVNS,1170726912,24.99,United States
1923,Lindsay Corporation,LNN,1168506624,114.91,United States
1924,Genco Shipping &amp; Trading,GNK,1165069952,26.73,United States
1925,ScanSource,SCSC,1163247360,57.75,United States
1926,Willis Lease Finance Corporation,WLFC,1160600320,54.89,United States
1927,MarineMax,HZO,1157565824,52.41,United States
1928,Heritage Financial,HFWA,1154637056,28.22,United States
1929,Prospect Capital,PSEC,1154631552,2.2,United States
1930,Univest Financial Corporation,UVSP,1153979392,41.84,United States
1931,Teladoc Health,TDOC,1153693440,6.35,United States
1932,"Cadre Holdings, Inc.",CDRE,1151021312,26.88,United States
1933,Amerant Bancorp,AMTB,1143951872,29.19,United States
1934,Ecovyst,ECVT,1143944704,10.45,United States
1935,Easterly Government Properties,DEA,1142815488,23.32,United States
1936,Jefferson Capital,JCAP,1142193920,19.89,United States
1937,PagerDuty,PD,1138850048,14.48,United States
1938,Grocery Outlet,GO,1138480896,11.49,United States
1939,Tennant Company,TNC,1137529600,66.72,United States
1940,Great Lakes Dredge &amp; Dock Corp.,GLDD,1135273600,17.0,United States
1941,Carter's,CRI,1132907136,30.86,United States
1942,Corvus Pharmaceuticals,CRVS,1130585472,13.44,United States
1943,ZoomInfo,GTM,1129507072,3.88,United States
1944,Gentherm,THRM,1128736896,36.72,United States
1945,Northeast Bank,NBN,1128109824,131.86,United States
1946,Universal Technical Institute,UTI,1124493696,20.41,United States
1947,PureCycle Technologies,PCT,1123057920,5.59,United States
1948,MannKind Corp,MNKD,1122190208,3.49,United States
1949,Suburban Propane Partners,SPH,1122102400,16.82,United States
1950,Odyssey Therapeutics,ODTX,1121686016,23.34,United States
1951,NexPoint Residential Trust,NXRT,1120834560,21.72,United States
1952,Flotek Industries,FTK,1117762432,30.86,United States
1953,Bowhead Specialty Holdings,BOW,1115450112,33.86,United States
1954,Mission Produce,AVO,1110008576,12.66,United States
1955,Dream Finders Homes,DFH,1109960576,12.26,United States
1956,IRadimed,IRMD,1106202624,86.51,United States
1957,Biglari,BH,1102784640,346.3,United States
1958,AEVEX Corp.,AVEX,1100241920,15.9,United States
1959,Metropolitan Bank Holding,MCB,1095467648,88.36,United States
1960,Babcock &amp; Wilcox,BW,1093403648,7.34,United States
1961,ASA Gold and Precious Metals,ASA,1092781184,59.53,United States
1962,Deluxe Corporation,DLX,1091838208,23.81,United States
1963,Oaktree Specialty Lending Corporation,OCSL,1089617920,12.37,United States
1964,Marten Transport,MRTN,1089366656,13.34,United States
1965,Capitol Federal Financial,CFFN,1089352192,8.83,United States
1966,Savara,SVRA,1088938112,5.3,United States
1967,Five Star Bancorp,FSBC,1083782144,44.17,United States
1968,Universal Corporation,UVV,1082619648,43.48,United States
1969,National Presto Industries,NPK,1077189248,150.95,United States
1970,Monte Rosa Therapeutics,GLUE,1074948864,12.6,United States
1971,Aeva Technologies,AEVA,1074165760,15.41,United States
1972,Janux Therapeutics,JANX,1068059392,17.47,United States
1973,Jade Biosciences,JBIO,1065892224,16.76,United States
1974,Castle Biosciences,CSTL,1064650304,34.85,United States
1975,"Apnimed, Inc.",APMD,1062001216,25.51,United States
1976,Enovis,ENOV,1060542016,18.39,United States
1977,Red Cat Holdings,RCAT,1059837696,6.94,United States
1978,Green Plains,GPRE,1056336576,15.07,United States
1979,Winmark,WINA,1055810368,293.92,United States
1980,Rackspace Technology,RXT,1052624896,4.13,United States
1981,Obsidian Therapeutics,OBX,1050138880,17.0,United States
1982,Saul Centers,BFS,1049857792,30.23,United States
1983,Alumis,ALMS,1049719744,8.11,United States
1984,PROCEPT BioRobotics,PRCT,1049014336,18.43,United States
1985,BellRing Brands,BRBR,1045340928,8.99,United States
1986,Kura Oncology,KURA,1043507968,11.73,United States
1987,Upwork,UPWK,1042943168,8.35,United States
1988,Karat Packaging,KRT,1040435776,52.2,United States
1989,STAAR Surgical,STAA,1035473280,20.65,United States
1990,Middlesex Water Company,MSEX,1034909504,54.92,United States
1991,Amphastar Pharmaceuticals,AMPH,1034522816,24.32,United States
1992,Trupanion,TRUP,1030751744,23.63,United States
1993,Yelp,YELP,1028838208,18.96,United States
1994,Mercantile Bank,MBWM,1021944064,59.12,United States
1995,NCR Voyix Corporation,VYX,1021717312,7.4,United States
1996,Graham Corporation,GHM,1020417664,86.94,United States
1997,XPLR Infrastructure,XIFR,1020325952,10.82,United States
1998,Cracker Barrel,CBRL,1016544384,45.48,United States
1999,LegalZoom,LZ,1012175040,5.91,United States
2000,Quantum Corporation,QMCO,1010866496,25.65,United States
2001,Lumexa Imaging,LMRI,1010708800,10.52,United States
2002,MetroCity Bankshares,MCBS,1010221056,35.1,United States
2003,Ventyx Biosciences,VTYX,1004502016,14.0,United States
2004,Equity Bancshares,EQBK,999971328,48.56,United States
2005,Compass Minerals,CMP,999144704,23.8,United States
2006,CNB Financial Corp,CCNE,998816256,33.72,United States
2007,Business First Bancshares,BFST,998304960,30.67,United States
2008,NB Bancorp,NBBK,998185216,22.78,United States
2009,Emerald Holding,EEX,997505920,5.04,United States
2010,Sana Biotechnology,SANA,996870912,3.33,United States
2011,NPK International,NPKI,996842176,11.74,United States
2012,CRA International,CRAI,996388800,158.74,United States
2013,Heritage Insurance,HRTG,996035968,33.5,United States
2014,Northwest Pipe Company,NWPX,995812096,103.33,United States
2015,TripAdvisor,TRIP,994888000,8.55,United States
2016,Arbutus Biopharma,ABUS,992509824,5.01,United States
2017,Centerspace,CSR,990058752,55.94,United States
2018,BrightView,BV,988041984,10.67,United States
2019,Whitestone REIT,WSR,988012416,18.99,United States
2020,Kronos Worldwide,KRO,987536704,8.58,United States
2021,Andersen Group,ANDG,985793536,53.17,United States
2022,HighPeak Energy,HPK,985067328,7.79,United States
2023,Horizon Bancorp,HBNC,984787904,19.18,United States
2024,Pacira Biosciences,PCRX,984588672,24.7,United States
2025,Global Medical REIT,GMRE,979776256,35.98,United States
2026,Upbound Group,UPBD,978264064,16.78,United States
2027,BitGo,BTGO,973277760,8.28,United States
2028,Astec Industries,ASTE,972128384,42.28,United States
2029,Resolute Holdings Management,RHLD,970255360,124.08,United States
2030,Lexicon Pharmaceuticals,LXRX,970003968,2.18,United States
2031,Taboola.com,TBLA,967156288,3.58,United States
2032,Nextdoor,NXDR,967121024,2.5,United States
2033,USA TODAY Co.,TDAY,963125632,6.56,United States
2034,Camden National Corporation,CAC,960766144,56.86,United States
2035,Diversified Energy,DEC.L,959819622,13.8926,United States
2036,SpyGlass Pharma,SGP,959622592,28.69,United States
2037,Frequency Electronics,FEIM,958793088,85.05,United States
2038,Solid Biosciences,SLDB,956449152,8.92,United States
2039,Trustco Bank,TRST,952872320,55.96,United States
2040,Postal Realty Trust,PSTL,952822912,23.94,United States
2041,Safehold,SAFE,952478976,13.45,United States
2042,Angel Studios,ANGX,952457216,5.1,United States
2043,O-I Glass,OI,951153856,6.19,United States
2044,Attovia Therapeutics,ATTO,950915840,20.83,United States
2045,"Sinclair, Inc.",SBGI,950420736,13.17,United States
2046,BlackSky Technology,BKSY,949047232,23.19,United States
2047,Phoenix Education Partners,PXED,948406464,26.31,United States
2048,Hanmi Financial,HAFC,948183168,31.98,United States
2049,Quanex Building Products,NX,946769472,20.66,United States
2050,Eastman Kodak Company,KODK,946692992,9.67,United States
2051,Central Pacific Financial,CPF,946475584,36.76,United States
2052,Ibotta,IBTA,943905664,40.64,United States
2053,Unitil Corporation,UTL,941741824,51.64,United States
2054,CEVA,CEVA,939219840,33.36,United States
2055,Ardelyx,ARDX,934638976,3.62,United States
2056,"Forbright, Inc.",FRBT,933556928,18.39,United States
2057,Chimera Investment Corporation,CIM,932653056,11.15,United States
2058,Bioventus,BVS,932365184,13.65,United States
2059,Kforce,KFRC,931088960,51.99,United States
2060,CeriBell,CBLL,930668928,24.25,United States
2061,NANO Nuclear Energy,NNE,930051840,17.32,United States
2062,Vishay Precision Group,VPG,929872960,69.91,United States
2063,Southside Bancshares,SBSI,929114752,31.17,United States
2064,Forum Energy Technologies,FET,928714944,80.95,United States
2065,Dakota Gold,DC,925793664,6.9,United States
2066,Mid Penn Bancorp,MPB,924228672,36.48,United States
2067,Douglas Dynamics,PLOW,920543360,39.89,United States
2068,Kopin Corporation,KOPN,918210688,4.94,United States
2069,Immix Biopharma,IMMX,917849344,12.83,United States
2070,Barings BDC,BBDC,917232320,8.76,United States
2071,Sabre,SABR,916133888,2.27,United States
2072,Heartland Express,HTLD,914844736,11.83,United States
2073,Sweetgreen,SG,913046848,7.67,United States
2074,Rigel Pharmaceuticals,RIGL,911950976,48.82,United States
2075,Accel Entertainment,ACEL,908554944,11.19,United States
2076,Daily Journal,DJCO,905328256,657.01,United States
2077,Republic Airways,RJET,902680000,19.28,United States
2078,First Financial,THFF,900454400,75.72,United States
2079,Tetra Technologies,TTI,891398144,6.02,United States
2080,Beazer Homes USA,BZH,890032256,33.36,United States
2081,Arbor Realty Trust,ABR,889977024,4.39,United States
2082,CryoPort,CYRX,889904640,17.57,United States
2083,Navient,NAVI,889070592,9.48,United States
2084,HealthStream,HSTM,887586688,29.01,United States
2085,Avalo Therapeutics,AVTX,885431104,16.51,United States
2086,Simply Good Foods,SMPL,885296512,10.01,United States
2087,Backblaze,BLZE,885169984,14.3,United States
2088,Evolv Technologies,EVLV,883168576,4.91,United States
2089,Satellogic,SATL,882467008,5.74,United States
2090,Oxford Lane Capital,OXLC,881291904,8.99,United States
2091,4D Molecular Therapeutics,FDMT,877278080,15.88,United States
2092,QuinStreet,QNST,874373440,15.28,United States
2093,Ridgepost Capital,RPC,873088448,7.92,United States
2094,Service Properties Trust,SVC,872893888,6.74,United States
2095,Riley Exploration Permian,REPX,872177152,40.2,United States
2096,Koppers Holdings,KOP,871823232,46.1,United States
2097,Covenant Logistics,CVLG,871472896,34.34,United States
2098,SmartFinancial (SmartBank),SMBK,870825216,50.93,United States
2099,Talkspace,TALK,870574976,5.25,United States
2100,Energy Vault,NRGV,867374720,4.77,United States
2101,Rapid7,RPD,866098240,12.85,United States
2102,Employers Holdings,EIG,866055616,48.22,United States
2103,Groupon,GRPN,865357504,21.28,United States
2104,MFA Financial,MFA,865312768,8.56,United States
2105,Daktronics,DAKT,864705792,17.98,United States
2106,Virtus Investment Partners,VRTS,863002688,130.31,United States
2107,ProFrac,ACDC,859619456,4.72,United States
2108,Transcat,TRNS,859511616,91.83,United States
2109,Marcus Corporation,MCS,857442368,27.81,United States
2110,Alpha &amp; Omega Semiconductor,AOSL,855731776,28.28,United States
2111,Great Southern Bancorp,GSBC,854582464,78.42,United States
2112,Viant Technology,DSP,854165824,12.84,United States
2113,Eagle Bancorp,EGBN,854160896,28.02,United States
2114,Compass Diversified Holdings,CODI,852423488,11.33,United States
2115,Capital City Bank Group,CCBG,851044224,49.73,United States
2116,Lightwave Logic,LWLG,851003200,5.52,United States
2117,JBG SMITH,JBGS,850306624,11.01,United States
2118,Olema Pharmaceuticals,OLMA,843476992,9.64,United States
2119,SI-BONE,SIBN,843037376,18.81,United States
2120,Standard Motor Products,SMP,842005568,37.69,United States
2121,Aclaris Therapeutics,ACRS,841977664,5.72,United States
2122,Geron,GERN,841640128,1.31,United States
2123,"MNTN, Inc.",MNTN,838543424,11.21,United States
2124,CrossAmerica Partners,CAPL,837902976,21.95,United States
2125,SunCoke Energy,SXC,834319744,9.83,United States
2126,ASGN,ASGN,833931008,19.53,United States
2127,South Plains Financial,SPFI,829862528,44.05,United States
2128,Heritage Commerce,HTBK,828429632,13.45,United States
2129,Hippo Holdings,HIPO,827834880,31.37,United States
2130,Sable Offshore,SOC,826957824,4.31,United States
2131,Cantaloupe,CTLP,825815936,11.2,United States
2132,Sky Harbour Group,SKYH,824458048,10.1,United States
2133,Apollo Commercial Real Estate Finance,ARI,823969280,6.41,United States
2134,Design Therapeutics,DSGN,823574528,13.16,United States
2135,Orrstown Financial Services,ORRF,817469696,41.56,United States
2136,Climb Bio,CLYM,816169216,14.21,United States
2137,The Manitowoc Company,MTW,815361088,22.61,United States
2138,PubMatic,PUBM,809424576,17.77,United States
2139,GCM Grosvenor,GCMG,808700480,13.23,United States
2140,World Acceptance Corporation,WRLD,806204864,172.99,United States
2141,Barrett Business Services,BBSI,806062016,33.26,United States
2142,Reformation Inc.,REF,803478784,13.6,United States
2143,Alerus Financial,ALRS,802666368,32.2,United States
2144,BlossomHill Therapeutics,BLSM,802568896,25.25,United States
2145,Montrose Environmental,MEG,800798912,22.14,United States
2146,Winnebago Industries,WGO,798878912,28.26,United States
2147,Hyliion,HYLN,798329536,4.47,United States
2148,Westrock Coffee,WEST,797615744,8.17,United States
2149,Financial Institutions,FISI,794560448,40.32,United States
2150,Gyre Therapeutics,GYRE,794192832,7.49,United States
2151,Fox Factory Holding,FOXF,793965568,18.89,United States
2152,TaskUs,TASK,793092736,8.65,United States
2153,Annexon,ANNX,792440768,4.18,United States
2154,Peapack-Gladstone Financial,PGC,792084928,44.68,United States
2155,John B. Sanfilippo & Son,JBSS,791999488,67.73,United States
2156,"TXO Partners, L.P.",TXO,790111296,14.25,United States
2157,Metallus,MTUS,790023360,19.06,United States
2158,Carlyle Secured Lending,CGBD,789188608,11.47,United States
2159,Mitek Systems,MITK,788287872,17.47,United States
2160,Southern Missouri Bancorp,SMBC,786898752,71.45,United States
2161,WhiteFiber,WYFI,785897472,20.23,United States
2162,Abacus Global Management,ABX,784293888,8.02,United States
2163,Apogee Enterprises,APOG,784230528,37.58,United States
2164,Peakstone Realty Trust,PKST,780562688,20.99,United States
2165,Latham Group,SWIM,779993600,6.63,United States
2166,Varex Imaging,VREX,778899776,18.48,United States
2167,IperionX,IPX,777501824,21.47,United States
2168,N-Able,NABL,776401728,4.11,United States
2169,PRA Group,PRAA,774796032,20.58,United States
2170,PennyMac Mortgage Investment Trust,PMT,774356992,8.88,United States
2171,Gemini Space Station,GEMI,771430592,5.95,United States
2172,Strawberry Fields REIT,STRW,769794176,13.62,United States
2173,AdaptHealth,AHCO,769770880,5.77,United States
2174,Lincoln Educational Services,LINC,768294208,24.22,United States
2175,Fidus Investment Corporation,FDUS,767771520,19.305,United States
2176,Shore Bancshares,SHBI,767562368,23.0,United States
2177,LSI Industries,LYTS,766093056,20.56,United States
2178,CTO Realty Growth,CTO,763953536,20.38,United States
2179,HomeTrust Bancshares,HTB,762699904,46.13,United States
2180,Verastem Oncology,VSTM,758016000,8.37,United States
2181,LSB Industries,LXU,756693760,10.51,United States
2182,Glass House Brands,GLAS,754882496,8.01,United States
2183,Golden Entertainment,GDEN,753686080,28.55,United States
2184,Westlake Chemical Partners,WLKP,753556864,21.38,United States
2185,Mesa Laboratories,MLAB,753371840,134.63,United States
2186,Green Dot,GDOT,752774208,13.21,United States
2187,Root Insurance,ROOT,752197376,48.55,United States
2188,Nuvectis Pharma,NVCT,750813504,23.0,United States
2189,QuidelOrtho,QDEL,750215104,10.94,United States
2190,"Eve Holding, Inc.",EVEX,749245632,2.15,United States
2191,Ironwood Pharmaceuticals,IRWD,747710784,4.525,United States
2192,Entravision Communications,EVC,747535296,8.1,United States
2193,New Era Energy & Digital,NUAI,743251328,6.975,United States
2194,American Public Education,APEI,742676672,40.58,United States
2195,Movado Group,MOV,742551424,33.28,United States
2196,Cytek Biosciences,CTKB,742204416,5.71,United States
2197,Washington Trust Bancorp,WASH,742181760,38.91,United States
2198,indie Semiconductor,INDI,741788416,3.2,United States
2199,Bowman Consulting Group,BWMN,737724480,42.56,United States
2200,Independent Bank Corporation,IBCP,733862336,35.62,United States
2201,Bloomin' Brands,BLMN,732058880,8.55,United States
2202,ProKidney,PROK,730504128,1.83,United States
2203,Paysign,PAYS,728926400,12.91,United States
2204,Bain Capital Specialty Finance,BCSF,727824704,11.22,United States
2205,Five Point Holdings,FPH,727680320,4.92,United States
2206,Tron Inc.,TRON,725804544,1.53,United States
2207,Third Coast Bancshares,TCBX,725490496,43.56,United States
2208,Lucky Strike Entertainment,LUCK,725265088,5.32,United States
2209,River City Bank,RCBC,723814976,51.72,United States
2210,MiMedx Group,MDXG,719456064,4.93,United States
2211,Starling Oncology,STLN,718508608,7.05,United States
2212,United States Antimony Corporation,UAMY,718413056,4.8,United States
2213,OmniAb,OABI,715320768,4.92,United States
2214,LightPath Technologies,LPTH,710867968,10.15,United States
2215,Hallador Energy Company,HNRG,710450368,15.07,United States
2216,XOMA Royalty,XOMA,710155008,40.17,United States
2217,Vitesse Energy,VTS,709457728,16.85,United States
2218,Hovnanian Enterprises,HOV,708988480,118.96,United States
2219,Enhabit,EHAB,706913408,13.8,United States
2220,Collegium Pharmaceutical,COLL,706161600,22.78,United States
2221,PennantPark Floating Rate Capital Ltd.,PFLT,705439232,7.11,United States
2222,Tronox,TROX,702680128,4.4,United States
2223,Carter Bankshares,CARE,701403904,30.28,United States
2224,American Woodmark,AMWD,700651840,48.09,United States
2225,Cass Information Systems,CASS,700380288,54.82,United States
2226,Community West Bancshares,CWBC,698353920,25.74,United States
2227,Peoples Financial Services,PFIS,698022912,69.73,United States
2228,Arrow Financial,AROW,693898688,37.46,United States
2229,Natural Grocers by Vitamin Cottage,NGVC,693219200,30.08,United States
2230,Mativ Holdings,MATV,693187648,12.56,United States
2231,California BanCorp,BCAL,691236608,21.5,United States
2232,Donegal Group,DGICA,689676224,18.58,United States
2233,Sagimet Biosciences,SGMT,689339456,11.09,United States
2234,Coastal Financial Corporation,CCB,689260480,45.09,United States
2235,Legacy Housing Corporation,LEGH,689232448,28.98,United States
2236,EverQuote,EVER,688937152,19.55,United States
2237,Zevra Therapeutics,ZVRA,687664192,11.58,United States
2238,Helen of Troy,HELE,686882816,29.49,United States
2239,Once Upon A Farm,OFRM,686127232,16.34,United States
2240,Petco,WOOF,684542272,2.39,United States
2241,ParkOhio Holdings Corp.,PKOH,683493760,47.17,United States
2242,Midland States Bancorp,MSBI,682329472,32.88,United States
2243,Shentel,SHEN,681539264,12.31,United States
2244,RE/MAX Holdings,RMAX,681161536,12.36,United States
2245,Cannae Holdings,CNNE,678372928,15.64,United States
2246,Udemy,UDMY,677283328,4.63,United States
2247,Bar Harbor Bankshares,BHB,672822784,40.13,United States
2248,Neurogene,NGNE,672382400,33.6,United States
2249,Papa John's Pizza,PZZA,671602432,20.4,United States
2250,Bit Digital,BTBT,670778304,1.86,United States
2251,New Mountain Finance Corporation,NMFC,670611968,7.1,United States
2252,Enovix,ENVX,670415296,3.055,United States
2253,"Sturm, Ruger &amp; Co",RGR,670128064,41.94,United States
2254,Village Super Market,VLGEA,669092800,45.18,United States
2255,Aura Biosciences,AURA,668896000,6.45,United States
2256,Hingham Institution for Savings,HIFS,668403456,304.2,United States
2257,Consensus Cloud Solutions,CCSI,668309952,36.47,United States
2258,Red River Bancshares,RRBI,666377344,101.21,United States
2259,MISTRAS Group,MG,664925568,20.87,United States
2260,Altimmune,ALT,663305344,3.41,United States
2261,Contango Ore,CTGO,662794496,19.82,United States
2262,Factorial Energy,FAC,660608384,6.15,United States
2263,Hertz,HTZ,659435072,1.85,United States
2264,Scholastic,SCHL,658111936,35.24,United States
2265,Shattuck Labs,STTK,652361152,6.5,United States
2266,SLR Investment,SLRC,651927872,11.95,United States
2267,Park Aerospace,PKE,651231296,29.94,United States
2268,Mama's Creations,MAMA,650635072,13.8,United States
2269,Tiptree,TIPT,650577408,17.47,United States
2270,ACNB Corporation,ACNB,650265280,63.94,United States
2271,DoubleDown Interactive,DDI,649150080,13.1,United States
2272,Monopar Therapeutics,MNPR,648597184,96.63,United States
2273,Bluelinx,BXC,648389312,82.49,United States
2274,Chatham Lodging Trust,CLDT,648292032,13.24,United States
2275,Armada Hoffler Properties,AHH,647902656,6.25,United States
2276,AngioDynamics,ANGO,647678528,15.67,United States
2277,OTC Markets Group,OTCM,647107456,54.0,United States
2278,Franklin BSP Realty Trust,FBRT,643601984,7.75,United States
2279,Priority Technology Holdings,PRTH,643283392,7.8,United States
2280,Velocity Financial,VEL,642758144,16.28,United States
2281,OneSpan,OSPN,642333376,17.43,United States
2282,Prime Medicine,PRME,642074112,3.54,United States
2283,Kodiak AI,KDK,641978176,3.2,United States
2284,CytomX Therapeutics,CTMX,640623872,2.94,United States
2285,"AGNT, Inc",AGNT,640061696,3.83,United States
2286,Northfield Bancorp,NFBK,639406784,15.31,United States
2287,Kimball Electronics,KE,638960128,26.66,United States
2288,First Watch Restaurant,FWRG,636872320,10.32,United States
2289,Forward Industries,FWDI,635083200,8.6,United States
2290,The Elmet Group,ELMT,634166720,20.82,United States
2291,Gladstone Investment,GAIN,633169280,15.9,United States
2292,Grid Dynamics,GDYN,631167168,7.78,United States
2293,Ginkgo Bioworks,DNA,630978432,9.37,United States
2294,Reservoir Media,RSVR,630957184,9.57,United States
2295,Yext,YEXT,630494336,6.37,United States
2296,Smith &amp; Wesson,SWBI,630445888,14.06,United States
2297,"Nerdy, Inc,",NRDY,629126912,8.71,United States
2298,Phathom Pharmaceuticals,PHAT,627791296,7.76,United States
2299,Phreesia,PHR,626916544,10.1,United States
2300,PAR Technology,PAR,626644992,15.15,United States
2301,"Yesway, Inc.",YSWY,623711232,20.0,United States
2302,Gladstone Commercial,GOOD,623504704,12.77,United States
2303,Forge Global,FRGE,623007296,45.0,United States
2304,WhiteHawk Minerals Corp,WHK,622964864,26.18,United States
2305,Matthews International Corporation,MATW,621454272,19.91,United States
2306,Aquestive Therapeutics,AQST,621282624,4.95,United States
2307,Bally's Corporation,BALY,621279808,12.31,United States
2308,Limbach Holdings,LMB,621053632,52.08,United States
2309,Rayonier Advanced Materials,RYAM,619620928,9.16,United States
2310,Ramaco Resources,METC,617727744,9.7,United States
2311,Miller Industries,MLR,617218240,54.37,United States
2312,Summit Hotel Properties,INN,615843264,5.71,United States
2313,Cardinal Infrastructure Group,CDNL,615105472,30.11,United States
2314,Vaalco Energy,EGY,614320000,5.84,United States
2315,Ooma,OOMA,613272000,22.22,United States
2316,EagleRock Land,EROK,611881344,25.02,United States
2317,GMR Solutions Inc.,GMRS,610985600,11.31,United States
2318,Crescent Biopharma,CBIO,610693952,16.44,United States
2319,Janus International Group,JBI,609867968,4.47,United States
2320,Array Technologies,ARRY,609152512,3.96,United States
2321,NETGEAR,NTGR,608266432,22.38,United States
2322,Teamshares,TMS,606962624,8.24,United States
2323,CorMedix,CRMD,606406848,7.78,United States
2324,MapLight Therapeutics,MPLT,603552320,10.86,United States
2325,Kearny Financial,KRNY,603304768,9.55,United States
2326,Greene County Bancorp,GCBC,600488832,35.27,United States
2327,Granite Ridge Resources,GRNT,600146112,4.55,United States
2328,Sprout Social,SPT,598651072,9.88,United States
2329,3D Systems,DDD,596467776,3.59,United States
2330,Fulgent Genetics,FLGT,595706048,21.65,United States
2331,Bright Minds Biosciences,DRUG,595297728,60.67,United States
2332,Hyster-Yale Materials Handling,HY,595288896,33.2,United States
2333,Onterris,ONT,594889152,16.94,United States
2334,OrthoPediatrics,KIDS,594258752,22.76,United States
2335,ADTRAN,ADTN,593999488,7.29,United States
2336,AH Realty Trust,AHRT,593677952,6.19,United States
2337,Allogene Therapeutics,ALLO,590789440,1.71,United States
2338,First Business Financial Services,FBIZ,587790784,70.24,United States
2339,Weave Communications,WEAV,587300608,7.34,United States
2340,Capital Bancorp,CBNK,585641920,35.95,United States
2341,Insteel Industries,IIIN,582489664,30.09,United States
2342,Unity Bancorp,UNTY,580862720,57.84,United States
2343,Bridgewater Bancshares,BWB,580820032,20.83,United States
2344,Enviri Corporation,NVRI,580716480,20.6,United States
2345,The Honest Company,HNST,580408448,5.41,United States
2346,Kelly Services,KELYA,578634176,16.66,United States
2347,Cars.com,CARS,578153280,10.8,United States
2348,Climb Global Solutions,CLMB,574747712,30.8,United States
2349,Southern First Bancshares,SFST,573135872,60.51,United States
2350,XMax Inc.,XMAX,572322752,8.87,United States
2351,Delcath Systems,DCTH,569060224,16.4,United States
2352,Titan Machinery,TITN,568790080,24.17,United States
2353,Solid Power,SLDP,568171200,2.49,United States
2354,Civista Bancshares,CIVB,562068288,27.03,United States
2355,Northrim BanCorp,NRIM,558343616,25.1,United States
2356,Investors Title Company,ITIC,552918464,292.86,United States
2357,GAMCO Investors,GAMI,552402752,25.72,United States
2358,IBEX,IBEX,552125632,41.58,United States
2359,TPG Real Estate Finance Trust,TRTX,551969152,7.19,United States
2360,W&amp;T Offshore,WTI,550941760,3.65,United States
2361,FrontView REIT,FVR,550659776,18.22,United States
2362,Northpointe Bancshares,NPB,550197056,15.91,United States
2363,Arvinas,ARVN,549075456,8.51,United States
2364,Pangaea Logistics Solutions,PANL,548670208,8.38,United States
2365,OppFi,OPFI,547036928,6.42,United States
2366,NerdWallet,NRDS,545264704,8.53,United States
2367,Evolus,EOLS,544916160,8.25,United States
2368,NioCorp Developments,NB,543039680,3.73,United States
2369,Capricor Therapeutics,CAPR,543018176,9.34,United States
2370,BrightSpire Capital,BRSP,541523520,4.28,United States
2371,Universal Health Realty Income Trust,UHT,541075776,38.93,United States
2372,Ovid Therapeutics,OVID,539022080,2.76,United States
2373,Cerus Corporation,CERS,538071488,2.67,United States
2374,REGENXBIO,RGNX,538007488,8.15,United States
2375,Ethan Allen,ETD,537569408,21.33,United States
2376,Home Bancorp,HBCP,536076800,68.11,United States
2377,Krispy Kreme,DNUT,532644992,3.07,United States
2378,Senseonics Holdings,SENS,531912992,10.06,United States
2379,Scribe Therapeutics,SCTX,531412256,28.07,United States
2380,Zion Oil &amp; Gas,ZNOG,529672896,0.4444,United States
2381,Chiron Real Estate,XRN,529103456,36.54,United States
2382,MediaAlpha,MAX,528697568,9.98,United States
2383,Bankwell Financial Group,BWFG,527425696,66.16,United States
2384,i3 Verticals,IIIV,526964128,15.15,United States
2385,Flushing Financial Corp,FFIC,524179680,15.47,United States
2386,Verra Mobility,VRRM,522820832,3.44,United States
2387,NVE Corporation,NVEC,521591712,107.83,United States
2388,SandRidge Energy,SD,521278688,14.06,United States
2389,Bank7,BSVN,519540192,54.54,United States
2390,Sierra Bancorp,BSRR,518665504,40.01,United States
2391,Assembly Biosciences,ASMB,518177184,25.45,United States
2392,Tectonic Therapeutic,TECX,518058208,26.5,United States
2393,Veradigm,MDRX,516615808,4.74,United States
2394,Redwood Trust,RWT,516267104,4.11,United States
2395,Tactile Medical,TCMD,513753856,22.68,United States
2396,York Water,YORW,512660864,31.59,United States
2397,Industrial Logistics Properties Trust,ILPT,512608352,7.68,United States
2398,Forward Air,FWRD,511442304,15.14,United States
2399,Brandywine Realty Trust,BDN,509511872,2.95,United States
2400,Chaince Digital Holdings,CD,508767584,4.625,United States
2401,American Integrity Insurance Group,AII,508645376,25.96,United States
2402,Puma Biotechnology,PBYI,506909024,9.82,United States
2403,Private Bancorp of America,PBAM,506437792,88.45,United States
2404,Carriage Services,CSV,506009952,31.86,United States
2405,Concrete Pumping Holdings,BBCP,504942080,10.02,United States
2406,NeuroPace,NPCE,504910048,14.71,United States
2407,Contineum Therapeutics,CTNM,504123168,13.4,United States
2408,One Liberty Properties,OLP,503491424,22.99,United States
2409,Virgin Galactic,SPCE,503298400,3.32,United States
2410,Eightco Holdings,ORBS,502839552,1.17,United States
2411,Orange County Bancorp,OBT,501994112,37.44,United States
2412,Intrepid Potash,IPI,500722816,37.21,United States
2413,Claritev,CTEV,499102816,29.45,United States
2414,AMC Networks,AMCX,498299648,12.08,United States
2415,MasterCraft Boat,MCFT,498226944,20.47,United States
2416,West Bancorporation,WTBA,497847744,29.21,United States
2417,Oil States International,OIS,496455136,8.23,United States
2418,Quad,QUAD,495057728,9.62,United States
2419,Ponce Financial Group,PDLB,494400704,20.44,United States
2420,Wabash National,WNC,493734528,12.12,United States
2421,AlTi Global,ALTI,492781248,3.16,United States
2422,ChoiceOne Financial Services,COFS,491587936,32.87,United States
2423,Idaho Strategic Resources,IDR,491244320,31.04,United States
2424,First Foundation,FFWM,489265120,5.9,United States
2425,ARKO Corp.,ARKO,488007872,4.35,United States
2426,ASP Isotopes,ASPI,487523840,3.18,United States
2427,Farmers &amp; Merchants Bancorp,FMAO,487156736,35.37,United States
2428,Eikon Therapeutics,EIKN,486401952,8.98,United States
2429,Strata Critical Medical,SRTA,484798112,5.48,United States
2430,NRC Health,NRC,483533728,21.86,United States
2431,Titan International,TWI,483422208,7.49,United States
2432,Vital Farms,VITL,482979584,11.25,United States
2433,Methode Electronics,MEI,481921120,13.52,United States
2434,ClearPoint Neuro,CLPT,481661760,15.79,United States
2435,Ur-Energy,URG,481415104,1.21,United States
2436,Eagle Point Credit Company,ECC,480168800,3.61,United States
2437,Farmland Partners,FPI,479647200,10.92,United States
2438,Gray Media,GTN,478877408,4.65,United States
2439,"Deep Fission, Inc.",FISN,478316192,8.12,United States
2440,Spire Global,SPIR,477594752,12.21,United States
2441,Cogent Communications,CCOI,476818528,9.31,United States
2442,Valhi,VHI,475512832,16.79,United States
2443,Alight,ALIT,475273376,12.91,United States
2444,Columbus McKinnon,CMCO,474528192,16.44,United States
2445,Shoe Carnival,SCVL,473247296,17.43,United States
2446,Sight Sciences,SGHT,473205856,8.59,United States
2447,CompX International,CIX,473110784,38.35,United States
2448,Malibu Boats,MBUU,472857984,24.03,United States
2449,Johnson Outdoors,JOUT,471061184,44.95,United States
2450,Alpha Teknova,TKNO,470845952,8.77,United States
2451,Calavo Growers,CVGW,466334752,26.09,United States
2452,Kyverna Therapeutics,KYTX,464444288,7.51,United States
2453,Turn Therapeutics,TTRX,464322208,15.29,United States
2454,EVgo,EVGO,462338112,1.47,United States
2455,908 Devices,MASS,462110816,11.18,United States
2456,Citizens &amp; Northern Corp,CZNC,460567424,25.68,United States
2457,Xerox,XRX,458287648,3.49,United States
2458,Hamilton Beach Brands,HBB,457845856,34.06,United States
2459,Pacific Biosciences,PACB,456921216,1.47,United States
2460,ATN International,ATNI,456247456,29.62,United States
2461,AMERISAFE,AMSF,455245568,24.56,United States
2462,Aspen Aerogels,ASPN,454778528,5.48,United States
2463,Kura Sushi USA,KRUS,453796352,37.35,United States
2464,Bank of Marin Bancorp,BMRC,453438944,28.0,United States
2465,RBB Bancorp,RBB,453178688,26.79,United States
2466,Atea Pharmaceuticals,AVIR,452354464,5.64,United States
2467,Relmada Therapeutics,RLMD,452280128,4.24,United States
2468,AdvanSix,ASIX,451459808,16.72,United States
2469,"Citi Trends, Inc.",CTRN,450580320,54.03,United States
2470,Editas Medicine,EDIT,448453696,2.92,United States
2471,Weyco Group,WEYS,447654560,46.87,United States
2472,Monro,MNRO,446763424,14.29,United States
2473,Tejon Ranch,TRC,446124032,16.51,United States
2474,ARS Pharmaceuticals,SPRY,445524096,4.48,United States
2475,Commercial Bancgroup,CBK,443373120,32.36,United States
2476,Colony Bankcorp,CBAN,442468352,20.85,United States
2477,Mayville Engineering Company,MEC,442175776,17.34,United States
2478,DigiPowerX,DGXX,442089568,4.36,United States
2479,Caleres,CAL,441318656,12.79,United States
2480,Havertys,HVT,440831808,28.27,United States
2481,Advantage Solutions,ADV,439342496,33.045,United States
2482,El Pollo Loco,LOCO,438538592,14.41,United States
2483,Bakkt Holdings,BKKT,438525792,9.73,United States
2484,Gloo Holdings,GLOO,437518400,4.78,United States
2485,Summit Midstream,SMC,437492032,31.74,United States
2486,Gladstone Capital Corporation,GLAD,437401824,19.36,United States
2487,American Coastal Insurance Corporation,ACIC,435352256,9.21,United States
2488,Pioneer Bancorp,PBFS,434993696,17.99,United States
2489,Universal Logistics Holdings,ULH,434541408,16.48,United States
2490,Bumble,BMBL,433603456,2.83,United States
2491,Clearfield,CLFD,432377280,31.83,United States
2492,Zura Bio,ZURA,432189440,4.51,United States
2493,Optimum Communications,OPTU,431017664,1.13,United States
2494,Plumas Bancorp,PLBC,430832672,61.91,United States
2495,Everspin Technologies,MRAM,430508160,17.68,United States
2496,Magnera,MAGN,430404000,12.09,United States
2497,Evolent Health,EVH,429625472,3.8,United States
2498,Natural Gas Services Group,NGS,429512896,33.3,United States
2499,Opus Genetics,IRD,429290432,5.16,United States
2500,Cross Country Healthcare,CCRN,428060928,13.25,United States
2501,Community Health Systems,CYH,425848256,3.02,United States
2502,Cooper Standard,CPS,425750208,23.96,United States
2503,Genie Energy,GNE,424272352,16.12,United States
2504,Cabaletta Bio,CABA,423863616,2.5,United States
2505,Acacia Research,ACTG,423526752,4.34,United States
2506,USCB Financial Holdings,USCB,423434848,22.92,United States
2507,Star Group,SGU,422608480,12.88,United States
2508,Oxford Industries,OXM,421039296,28.11,United States
2509,DiaMedica Therapeutics,DMAC,419541920,7.78,United States
2510,Gladstone Land,LAND,419503168,9.725,United States
2511,Galectin Therapeutics,GALT,417517536,4.14,United States
2512,Bed Bath &amp; Beyond,BBBY,414399584,4.35,United States
2513,Community Healthcare Trust,CHCT,413474944,14.43,United States
2514,Investar Holding,ISTR,411795296,29.89,United States
2515,FRP Holdings,FRPH,411227584,21.42,United States
2516,Rimini Street,RMNI,408899296,4.38,United States
2517,Arcturus Therapeutics,ARCT,408723712,14.38,United States
2518,Radiant Logistics,RLGT,407980160,8.7,United States
2519,C4 Therapeutics,CCCC,407213184,3.31,United States
2520,Boston Omaha,BOC,406407360,13.49,United States
2521,Avidia Bancorp,AVBC,402309280,21.78,United States
2522,First Carolina Financial Services,FCBM,401098880,12.91,United States
2523,PowerFleet,AIOT,399993248,2.98,United States
2524,Acco Brands,ACCO,399691776,4.33,United States
2525,Parke Bancorp,PKBK,399184288,33.94,United States
2526,Stitch Fix,SFIX,398943296,2.99,United States
2527,L.B. Foster,FSTR,397331456,37.77,United States
2528,Nathan's Famous,NATH,397145312,96.92,United States
2529,Larimar Therapeutics,LRMR,396832800,3.82,United States
2530,Artiva Biotherapeutics,ARTV,395521088,8.09,United States
2531,Chemung Financial Corporation,CHMG,395216064,81.97,United States
2532,Vogenx,VOGX,394699648,26.57,United States
2533,Serve Robotics,SERV,394519168,4.55,United States
2534,MVB Financial,MVBF,394236160,30.45,United States
2535,Agenus,AGEN,392908672,8.7,United States
2536,Primis Financial,FRST,392073344,15.81,United States
2537,First Bancorp,FNLC,390820256,34.64,United States
2538,Richtech Robotics,RR,389426368,1.73,United States
2539,Rezolute,RZLT,389020992,4.04,United States
2540,PCB Bancorp,PCB,388473696,27.66,United States
2541,BioAge Labs,BIOA,388287840,8.46,United States
2542,KKR Real Estate Finance Trust,KREF,387786016,6.62,United States
2543,Citizens Financial Services,CZFS,387337632,80.53,United States
2544,Prelude Therapeutics,PRLD,387046912,4.85,United States
2545,Fennec Pharmaceuticals,FENC,386089440,11.01,United States
2546,Barnes &amp; Noble Education,BNED,385821216,11.13,United States
2547,Gevo,GEVO,385689856,1.56,United States
2548,Myriad Genetics,MYGN,384511584,4.02,United States
2549,Benitec Biopharma,BNTC,381965856,10.95,United States
2550,Oportun Financial,OPRT,381234304,8.29,United States
2551,Genesco,GCO,379570944,35.08,United States
2552,Fossil Group,FOSL,379074912,6.41,United States
2553,NexPoint Real Estate Finance,NREF,377529504,16.39,United States
2554,Twin Disc,TWIN,376994112,25.93,United States
2555,Orchestra BioMed,OBIO,373853376,6.22,United States
2556,BridgeBio Oncology Therapeutics,BBOT,373612064,4.66,United States
2557,iHeartMedia,IHRT,373041920,2.41,United States
2558,Waterstone Financial,WSBF,372843552,20.74,United States
2559,Simulations Plus,SLP,372339264,18.41,United States
2560,Cerence,CRNC,372244992,8.23,United States
2561,Clean Energy Fuels,CLNE,370347616,1.68,United States
2562,Montauk Renewables,MNTK,370086944,2.6,United States
2563,Northeast Community Bancorp,NECB,369481024,26.84,United States
2564,Rocket Pharmaceuticals,RCKT,367744896,3.35,United States
2565,PureTech Health,PRTC.L,366769178,1.49592,United States
2566,Shoulder Innovations,SI,366621824,17.61,United States
2567,GigCapital9,GIX,365833600,10.01,United States
2568,LendingTree,TREE,365730560,26.05,United States
2569,Orion Group Holdings,ORN,365672448,9.03,United States
2570,J.Jill,JILL,364886080,24.55,United States
2571,Camping World,CWH,363819328,5.7,United States
2572,International Money Express,IMXI,363748000,12.04,United States
2573,Public Policy Holding Company,PPHC,363504864,12.03,United States
2574,Energy Recovery,ERII,363439520,7.12,United States
2575,Ranger Energy Services,RNGR,363433440,15.53,United States
2576,Value Line,VALU,363087200,38.7,United States
2577,Orthofix Medical,OFIX,362986432,8.98,United States
2578,Ranpak,PACK,361899968,4.22,United States
2579,Dine Brands Global,DIN,361798496,28.58,United States
2580,Enanta Pharmaceuticals,ENTA,361737504,12.42,United States
2581,Southern States Bancshares,SSBK,361068608,36.37,United States
2582,Swarmer,SWMR,360972608,22.65,United States
2583,Transcontinental Realty Investors,TCI,360083520,41.04,United States
2584,AVITA Medical,RCEL,355349472,11.49,United States
2585,Lifeway Foods,LWAY,355310688,23.52,United States
2586,CION Investment Corporation,CION,354259456,7.2,United States
2587,Artesian Resources,ARTNA,354220256,34.3,United States
2588,Timberland Bancorp,TSBK,354103936,45.54,United States
2589,Clearwater Paper,CLW,353359296,21.91,United States
2590,Ocugen,OCGN,352674816,1.04,United States
2591,Civeo,CVEO,352383520,34.09,United States
2592,Perma-Fix Environmental Services,PESI,350739360,16.53,United States
2593,Paysafe,PSFE,350365824,6.71,United States
2594,Avidbank Holdings,AVBH,349274656,31.8,United States
2595,Ring Energy,REI,349123072,1.34,United States
2596,Evommune,EVMN,348404288,9.6,United States
2597,ON24,ONTF,348249024,8.1,United States
2598,Emergent BioSolutions,EBS,346607776,6.76,United States
2599,FS Bancorp,FSBW,346013120,44.01,United States
2600,Flexsteel Industries,FLXS,344360928,84.16,United States
2601,Movano,MOVE,344235328,10.91,United States
2602,NL Industries,NL,343758112,7.03,United States
2603,Neighborhood Intelligence,NXH,343380000,3.54,United States
2604,Repay Holdings,RPAY,343037280,3.89,United States
2605,OPAL Fuels,OPAL,342392416,1.96,United States
2606,Century Therapeutics,IPSC,342232352,1.89,United States
2607,Orion S.A.,OEC,341715200,6.06,United States
2608,Viemed Healthcare,VMD,341270528,8.96,United States
2609,EyePoint Pharmaceuticals,EYPT,341234080,4.07,United States
2610,American Battery Technology Company,ABAT,340760864,2.39,United States
2611,Verano Holdings,VRNOF,340106912,0.94,United States
2612,X4 Pharmaceuticals,XFOR,340073344,3.43,United States
2613,Rocky Brands,RCKY,338259808,45.15,United States
2614,Perspective Therapeutics,CATX,337888928,2.96,United States
2615,NewtekOne,NEWT,337373664,11.68,United States
2616,CapsoVision,CV,335225248,6.3,United States
2617,Gogo Inflight Internet,GOGO,334704416,2.47,United States
2618,Lexeo Therapeutics,LXEO,333928288,4.07,United States
2619,Envela Corporation,ELA,333371040,12.84,United States
2620,Aimco,AIV,333231840,2.16,United States
2621,Nano Dimension,NNDM,333125632,1.58,United States
2622,Abeona Therapeutics,ABEO,332810976,5.82,United States
2623,The RMR Group,RMR,329989952,19.32,United States
2624,Ribbon Communications,RBBN,329034976,1.84,United States
2625,Vista Gold,VGZ,328435520,2.25,United States
2626,John Marshall Bancorp,JMSB,328248256,23.26,United States
2627,BayCom (United Business Bank),BCML,326839104,29.93,United States
2628,Designer Brands,DBI,326678560,6.39,United States
2629,Alpine Income Property Trust,PINE,326576320,17.33,United States
2630,FVCBankcorp,FVCB,326058400,18.08,United States
2631,loanDepot,LDI,325184608,0.7318,United States
2632,Build-A-Bear Workshop,BBW,324860864,26.37,United States
2633,Innovative Aerosystems,IA,324511968,18.13,United States
2634,Sanara MedTech,SMTI,324153856,35.28,United States
2635,Holley,HLLY,323695168,2.67,United States
2636,Chain Bridge Bancorp,CBNA,323563200,49.31,United States
2637,M-tron Industries,MPTI,322899712,74.29,United States
2638,Maui Land &amp; Pineapple Company,MLP,322711296,16.25,United States
2639,Presidio Production Company,FTW,322374272,10.29,United States
2640,Inhibikase Therapeutics,IKT,322327936,2.31,United States
2641,ThredUp,TDUP,321767456,2.45,United States
2642,Palmer Square Capital BDC,PSBD,320305248,10.45,United States
2643,AirJoule Technologies Corporation,AIRJ,319794624,4.36,United States
2644,CoastalSouth Bancshares,COSO,318705536,26.66,United States
2645,SAB Biotherapeutics,SABS,318452288,3.5,United States
2646,"Mobia Medical, Inc.",MOBI,318262880,9.56,United States
2647,"Suja Life, Inc.",SUJA,317111360,8.21,United States
2648,Embecta,EMBC,316727168,5.59,United States
2649,Lands' End,LE,316417888,10.71,United States
2650,PrimeEnergy Resources,PNRG,315491328,199.35,United States
2651,Vanda Pharmaceuticals,VNDA,315010592,5.21,United States
2652,Funko,FNKO,314696224,5.62,United States
2653,Q32 Bio,QTTB,314663232,10.57,United States
2654,Soluna Holdings,SLNH,313075936,1.28,United States
2655,"TWFG, Inc.",TWFG,312863296,24.29,United States
2656,Cadiz Inc.,CDZI,312458400,3.69,United States
2657,Horizon Technology Finance,HRZN,311707680,4.65,United States
2658,First Community Corporation,FCCO,311225088,33.11,United States
2659,Fate Therapeutics,FATE,309136896,2.58,United States
2660,Newegg,NEGG,308527552,14.71,United States
2661,Seaport Entertainment Group,SEG,307428864,24.0,United States
2662,Telos,TLS,306420832,4.1,United States
2663,fuboTV,FUBO,305969312,10.13,United States
2664,ZipRecruiter,ZIP,305881312,3.72,United States
2665,C&amp;F Financial Corporation,CFFI,305463872,93.94,United States
2666,NI Holdings,NODK,305458720,14.97,United States
2667,TriSalus Life Sciences,TLSI,303562752,4.93,United States
2668,TrueBlue,TBI,302616768,9.94,United States
2669,First Western Financial,MYFW,301840128,30.91,United States
2670,Upstream Bio,UPB,300692992,5.49,United States
2671,Treace Medical Concepts,TMCI,298508608,4.59,United States
2672,Immuneering,IMRX,298255008,4.61,United States
2673,LiveWire Group,LVWR,297848096,1.45,United States
2674,Princeton Bancorp,BPRN,297191808,43.62,United States
2675,Biodesix,BDSX,297013952,28.15,United States
2676,Alto Ingredients,ALTO,296311520,3.82,United States
2677,Syntec Optics,OPTX,295654336,7.34,United States
2678,Alico,ALCO,294739424,39.73,United States
2679,Palisade Bio,PALI,294517248,1.69,United States
2680,Standard BioTools,LAB,294355616,0.7498,United States
2681,Fulcrum Therapeutics,FULC,292981472,3.84,United States
2682,GrafTech,EAF,292493152,11.21,United States
2683,Lantronix,LTRX,291908192,6.25,United States
2684,Isabella Bank Corporation,ISBA,291728128,38.24,United States
2685,Zentalis Pharmaceuticals,ZNTL,291589472,3.08,United States
2686,Friedman Industries,FRD,291324640,40.39,United States
2687,Cresco Labs,CRLBF,291306240,0.7834,United States
2688,RCM Technologies,RCMT,290118976,40.8,United States
2689,CPI Card Group,PMTS,289219968,24.95,United States
2690,E. W. Scripps Company,SSP,289127232,3.12,United States
2691,MGP Ingredients,MGPI,289090016,13.5,United States
2692,Duos Technologies Group,DUOT,288917568,9.18,United States
2693,Regional Management Corp.,RM,288582848,31.28,United States
2694,8x8,EGHT,287426656,1.99,United States
2695,Greenwich LifeSciences,GLSI,285931488,19.48,United States
2696,Saratoga Investment,SAR,285436256,17.75,United States
2697,Hawthorn Bancshares,HWBK,284286592,38.87,United States
2698,Invivyd,IVVD,284147424,0.964,United States
2699,Jakks Pacific,JAKK,283950752,24.81,United States
2700,Ames National Corp.,ATLO,283873888,32.05,United States
2701,QNB Corp.,QNBC,282833760,45.55,United States
2702,NexPoint Diversified Real Estate Trust,NXDT,282524064,5.32,United States
2703,Franklin Financial Services Corporation,FRAF,282438752,62.77,United States
2704,Matrix Service Company,MTRX,282353344,9.98,United States
2705,First United Corporation,FUNC,281839008,43.67,United States
2706,Runway Growth Finance,RWAY,281634560,6.72,United States
2707,Palladyne AI,PDYN,280242752,5.68,United States
2708,Marine Products Corporation,MPX,280037408,8.18,United States
2709,Pyxis Oncology,PYXS,279834016,3.355,United States
2710,Anika Therapeutics,ANIK,279570144,20.89,United States
2711,Western New England Bancorp,WNEB,279439456,13.94,United States
2712,Commerce.com,CMRC,279234784,3.37,United States
2713,TechTarget,TTGT,278480704,3.85,United States
2714,"NN, Inc.",NNBR,278296096,3.37,United States
2715,Medallion Financial Corp.,MFIN,277819008,12.1,United States
2716,Chicago Atlantic Real Estate Finance,REFI,277733216,10.84,United States
2717,NACCO Industries,NC,277117408,36.75,United States
2718,GBank Financial Holdings,GBFH,276828832,19.07,United States
2719,Blend Labs,BLND,276720576,1.17,United States
2720,Microvast,MVST,276018880,0.7178,United States
2721,Kingstone Companies,KINS,275480832,19.03,United States
2722,OraSure Technologies,OSUR,275184800,3.99,United States
2723,Outdoor Holding Company,POWW,275064384,2.37,United States
2724,KinderCare Learning Companies,KLC,274959520,2.32,United States
2725,Ready Capital,RC,274748256,1.66,United States
2726,Huuuge,HUG.WA,273700299,6.1166,United States
2727,Middlefield Banc,MBCN,273627936,33.67,United States
2728,Xperi,XPER,273609952,5.61,United States
2729,Lyell Immunopharma,LYEL,273232288,11.15,United States
2730,USANA,USNA,273083168,14.78,United States
2731,National Bankshares,NKSH,272853664,42.83,United States
2732,Silvaco Group,SVCO,272441504,8.04,United States
2733,Portillo's,PTLO,271945056,3.75,United States
2734,Sionna Therapeutics,SION,271804960,6.02,United States
2735,Akebia Therapeutics,AKBA,271564128,0.98,United States
2736,LCNB Corp.,LCNB,270132032,18.95,United States
2737,CS Disco,LAW,270005856,4.21,United States
2738,"QumulusAI, Inc.",QMLS,269675648,8.06,United States
2739,American Realty Investors,ARL,269093024,16.66,United States
2740,Strattec Security,STRT,267935984,67.36,United States
2741,Escalade Sports,ESCA,267887792,19.46,United States
2742,Amtech Systems,ASYS,267873936,15.3,United States
2743,Aeluma,ALMU,267792832,13.9,United States
2744,Onity Group,ONIT,267762352,32.05,United States
2745,Pure Cycle (water),PCYO,267480816,11.1,United States
2746,Sutro Biopharma,STRO,267454272,16.13,United States
2747,U.S. Gold Corp,USAU,266937904,16.15,United States
2748,BRT Apartments,BRT,265548992,14.13,United States
2749,Omega Flex,OFLX,265278784,26.28,United States
2750,ChargePoint,CHPT,264475696,9.85,United States
2751,AerSale,ASLE,264406272,5.54,United States
2752,Lineage Cell Therapeutics,LCTX,263023744,1.04,United States
2753,MacroGenics,MGNX,262444768,4.12,United States
2754,"TSS, Inc.",TSSI,262437360,9.3,United States
2755,GoPro,GPRO,262072576,1.27,United States
2756,Gencor Industries,GENC,261786560,17.86,United States
2757,Slam Corp,SLMWF,261266432,11.14,United States
2758,Entrada Therapeutics,TRDA,261265040,6.71,United States
2759,InfuSystem,INFU,261114224,13.11,United States
2760,CAMP4 Therapeutics,CAMP,260425792,4.15,United States
2761,Virginia National Bankshares,VABK,260413536,48.0,United States
2762,The Hackett Group,HCKT,259973760,10.45,United States
2763,Information Services Group,III,259012032,5.35,United States
2764,Alliance Entertainment,AENT,257334720,5.05,United States
2765,Jack in the Box,JACK,257003008,13.4,United States
2766,Conduent,CNDT,256609312,1.65,United States
2767,Aviat Networks,AVNW,256542848,20.04,United States
2768,Richardson Electronics,RELL,256110464,17.23,United States
2769,EVI Industries,EVI,253320720,19.67,United States
2770,Silver Bow Mining,SBMT,251878096,8.53,United States
2771,Foghorn Therapeutics,FHTX,251793728,4.24,United States
2772,Richmond Mutual Bancorporation,RMBI,251630608,15.69,United States
2773,OpGen,OPGN,251197920,24.75,United States
2774,Eagle Financial Services,EFSI,250720128,46.33,United States
2775,Vuzix,VUZI,249866128,2.96,United States
2776,Better Home & Finance Holding Company,BETR,249641344,13.14,United States
2777,Tredegar,TG,248654944,7.14,United States
2778,Perma-Pipe International,PPIH,248559776,30.33,United States
2779,Dave & Buster's,PLAY,247994176,7.12,United States
2780,AIAI Holdings Corporation,AIAI,247959904,3.5,United States
2781,B&amp;G Foods,BGS,247078032,3.04,United States
2782,Ares Commercial Real Estate,ACRE,246890944,4.45,United States
2783,Immersion Corporation,IMMR,246720864,7.43,United States
2784,BRC Group Holdings,RILY,246424512,6.13,United States
2785,PAMT Corp,PAMT,245233824,11.71,United States
2786,Niagen Bioscience,NAGE,244499328,3.09,United States
2787,SEACOR Marine,SMHI,244466768,9.01,United States
2788,Cartesian Therapeutics,RNAC,244463248,8.08,United States
2789,Utah Medical Products,UTMD,244071504,76.66,United States
2790,Acme United,ACU,243026032,63.39,United States
2791,FreightCar America,RAIL,242983376,7.41,United States
2792,Infinity Natural Resources,INR,242905616,13.03,United States
2793,Third Harmonic Bio,THRD,242787568,5.38,United States
2794,Lightbridge Corporation,LTBR,241372896,6.85,United States
2795,Torrid Holding,CURV,241321040,2.42,United States
2796,First Internet Bancorp,INBK,240435296,27.53,United States
2797,RideNow Group,RDNW,239918192,6.15,United States
2798,Global Water Resources,GWRS,238713472,8.29,United States
2799,HireQuest,HQI,237109424,17.07,United States
2800,Kolibri Global Energy,KGEI,236641824,6.585,United States
2801,Nu Skin,NUS,236568432,4.86,United States
2802,Asure Software,ASUR,235944112,8.17,United States
2803,One Stop Systems,OSS,235732016,9.45,United States
2804,Eledon Pharmaceuticals,ELDN,234844736,2.89,United States
2805,Chicago Atlantic BDC,LIEN,234367472,10.27,United States
2806,SIGA Technologies,SIGA,234230064,3.26,United States
2807,Peoples Bancorp of North Carolina,PEBK,233340176,43.85,United States
2808,Nature's Sunshine Products,NATR,232612784,13.22,United States
2809,Keros Therapeutics,KROS,232572912,11.73,United States
2810,FutureFuel,FF,232036960,5.29,United States
2811,Pro-Dex,PDEX,231953424,72.41,United States
2812,Meridian Corporation,MRBK,231900704,19.44,United States
2813,MBIA,MBI,231104496,4.53,United States
2814,Whitehawk Therapeutics,WHWK,230316384,4.04,United States
2815,Limoneira,LMNR,230095168,12.69,United States
2816,OP Bancorp (Open Bank),OPBK,229514288,15.37,United States
2817,Turtle Beach Corp,TBCH,229244320,12.8,United States
2818,Security National Financial Corporation,SNFCA,229188688,8.8,United States
2819,Anavex Life Sciences,AVXL,228961200,2.47,United States
2820,AIRO Group Holdings,AIRO,228464832,7.24,United States
2821,SmartRent,SMRT,228018048,1.19,United States
2822,"AstroNova, Inc.",ALOT,227316416,28.99,United States
2823,Community Bancorp,CMTV,225492304,40.26,United States
2824,Stellus Capital Investment Corporation,SCM,224991504,7.9,United States
2825,American Well,AMWL,224685696,13.21,United States
2826,Angi Inc.,ANGI,224681632,5.54,United States
2827,PennantPark Investment,PNNT,224618576,3.44,United States
2828,Alector,ALEC,224430416,2.01,United States
2829,TON Strategy Co.,TONX,224143008,4.07,United States
2830,HMH Holding,HMH,223751968,18.58,United States
2831,Forrester Research,FORR,223708256,11.75,United States
2832,CF Bankshares,CFBK,223332096,34.4,United States
2833,Compass Therapeutics,CMPX,223309024,1.24,United States
2834,Rare Earths Americas,REA,222086816,11.13,United States
2835,Zumiez,ZUMZ,221987264,14.48,United States
2836,Neuronetics,STIM,221733936,2.91,United States
2837,ALX Oncology,ALXO,221243184,1.6,United States
2838,RGC Resources,RGCO,220269408,21.14,United States
2839,Spok Holdings,SPOK,220267968,10.53,United States
2840,Hudson Technologies,HDSN,220123104,5.23,United States
2841,Neostellar Capital Corp.,NSLR,219727744,8.3,United States
2842,Protara Therapeutics,TARA,217471392,3.68,United States
2843,American Resources Corp,AREC,217151680,2.03,United States
2844,RCI Hospitality Holdings,RICK,217027344,28.39,United States
2845,CARGO Therapeutics,CRGX,216188416,4.47,United States
2846,Sidus Space,SIDU,215609968,2.13,United States
2847,Smart Sand,SND,215387216,5.08,United States
2848,Modiv Industrial,MDV,215101808,18.05,United States
2849,Expensify,EXFY,214288656,2.35,United States
2850,Ohio Valley Banc Corp,OVBC,212937296,45.2,United States
2851,Nkarta,NKTX,211293136,2.95,United States
2852,LoveSac,LOVE,210870592,14.62,United States
2853,Core Molding Technologies,CMT,210607008,23.8,United States
2854,Comstock Inc.,LODE,209740816,2.76,United States
2855,National CineMedia,NCMI,208836384,2.22,United States
2856,Kaltura,KLTR,207469648,1.36,United States
2857,SES AI,SES,206955584,0.5574,United States
2858,PepGen,PEPG,206124272,2.98,United States
2859,Motorcar Parts of America,MPAA,205425312,10.85,United States
2860,Alta Equipment Group,ALTG,205147968,6.28,United States
2861,RxSight,RXST,205054752,4.93,United States
2862,DeFi Development,DFDV,204858576,6.28,United States
2863,Rhinebeck Bancorp,RBKB,204831168,13.1,United States
2864,TPG Mortgage Investment Trust,MITT,204814384,6.44,United States
2865,Journey Medical,DERM,204626864,7.25,United States
2866,Stoneridge,SRI,204509008,7.17,United States
2867,DHI Group,DHX,203464976,4.71,United States
2868,GCT Semiconductor,GCTS,202333408,2.2,United States
2869,Superior Group of Companies,SGC,201228432,12.62,United States
2870,Quicklogic,QUIK,201128784,10.98,United States
2871,Coherus BioSciences,CHRS,200851248,1.3,United States
2872,Taylor Devices,TAYD,200273424,62.1,United States
2873,Lifetime Brands,LCUT,199543104,8.68,United States
2874,Precision BioSciences,DTIL,198455168,7.19,United States
2875,Xponential Fitness,XPOF,198068000,4.0,United States
2876,Beyond Meat,BYND,197902528,11.51,United States
2877,Franklin Covey,FC,197868656,17.52,United States
2878,NeoVolta,NEOV,197780512,3.36,United States
2879,Solana Company,HSDT,197699968,3.27,United States
2880,Oramed Pharmaceuticals,ORMP,197587424,4.75,United States
2881,Angel Oak Mortgage REIT,AOMR,197573152,7.93,United States
2882,Octave Specialty Group,OSG,197325520,4.38,United States
2883,Landmark Bancorp,LARK,195034064,31.97,United States
2884,Claros Mortgage Trust,CMTG,194696208,1.38,United States
2885,ACRES Commercial Realty,ACR,194495584,12.41,United States
2886,"Merlin, Inc.",MRLN,194050144,1.92,United States
2887,Voyager Therapeutics,VYGR,193480368,3.14,United States
2888,Crexendo,CXDO,193204512,5.81,United States
2889,Acumen Pharmaceuticals,ABOS,191640816,2.65,United States
2890,Organogenesis,ORGO,190438320,1.48,United States
2891,Hanover Bancorp,HNVR,188732592,26.75,United States
2892,SB Financial Group,SBFG,188027472,30.07,United States
2893,Citizens Inc,CIA,187885936,3.71,United States
2894,Tharimmune,THAR,187371472,4.74,United States
2895,United Security Bancshares,UBFO,185027760,10.51,United States
2896,ECB Bancorp,ECBK,184365520,21.1,United States
2897,Epsilon Energy,EPSN,183519712,6.06,United States
2898,Streamex Corp.,STEX,183179920,0.8122,United States
2899,AirSculpt Technologies,AIRS,182400880,2.53,United States
2900,"1-800-Flowers.com, Inc.",FLWS,182285664,2.84,United States
2901,AN2 Therapeutics,ANTX,182266016,4.83,United States
2902,Minerva Neurosciences,NERV,181918208,3.81,United States
2903,Tonix Pharmaceuticals,TNXP,181629344,10.59,United States
2904,BV Financial,BVFL,180677984,21.33,United States
2905,"Belpointe PREP, LLC",OZ,180225984,44.46,United States
2906,Westwood Holdings Group,WHG,179697552,18.83,United States
2907,MainStreet Bancshares,MNSB,178739008,25.1,United States
2908,Unisys,UIS,178644080,2.45,United States
2909,PEDEVCO,PED,178511744,13.43,United States
2910,Amplify Energy,AMPY,175360768,4.23,United States
2911,Atomera,ATOM,174827696,4.48,United States
2912,"Domo, Inc.",DOMO,174033792,3.7,United States
2913,Exascale Labs Holdings,XLAB,173484000,2.745,United States
2914,SKYX Platforms,SKYX,173351664,1.28,United States
2915,Quantum-Si,QSI,171758192,0.7847,United States
2916,OneWater Marine,ONEW,170989248,10.26,United States
2917,Lucid Diagnostics,LUCD,170440848,0.8926,United States
2918,Lifecore Biomedical,LFCR,170149504,4.495,United States
2919,CuriosityStream,CURI,169706752,2.86,United States
2920,Outlook Therapeutics,OTLK,169488192,0.6962,United States
2921,Seven Hills Realty Trust,SEVN,169018288,7.46,United States
2922,Tingo Group,TIO,166947568,0.69,United States
2923,Shutterstock,SSTK,166634064,4.51,United States
2924,FinWise Bancorp,FINW,164370928,11.84,United States
2925,Lee Enterprises,LEE,163846528,7.35,United States
2926,KORE Group,KORE,163005168,9.25,United States
2927,Quipt Home Medical,QIPT,162297152,3.65,United States
2928,Humacyte,HUMA,161900736,0.5828,United States
2929,"Owlet, Inc.",OWLT,161595872,5.53,United States
2930,SITE Centers,SITC,160574544,3.06,United States
2931,NET Power,NPWR,160150032,1.81,United States
2932,Ellington Credit Company,EARN,160043104,4.26,United States
2933,Jeld-Wen,JELD,159644624,1.84,United States
2934,LifeMD,LFMD,159062752,3.3,United States
2935,Duluth Holdings,DLTH,158860896,4.18,United States
2936,Datavault AI,DVLT,157939856,0.1663,United States
2937,Atrium Therapeutics,RNA,157714048,9.22,United States
2938,BCB Bancorp,BCBP,156942800,8.67,United States
2939,Armata Pharmaceuticals,ARMP,156164304,4.2,United States
2940,WhiteHorse Finance,WHF,155919184,7.26,United States
2941,Elme Communities,ELME,154612720,1.74,United States
2942,Tenaya Therapeutics,TNYA,152969728,0.6822,United States
2943,Aemetis,AMTX,152638688,2.115,United States
2944,Corbus Pharmaceuticals,CRBP,152312672,7.875,United States
2945,Korro Bio,KRRO,152263184,10.34,United States
2946,Codexis,CDXS,152213008,1.39,United States
2947,Bassett Furniture,BSET,152212368,17.58,United States
2948,The Eastern Company,EML,152184048,25.29,United States
2949,eGain,EGAN,152056224,5.81,United States
2950,KORU Medical Systems,KRMD,152038224,3.31,United States
2951,Assertio Holdings,ASRT,151861232,23.5,United States
2952,Quanterix,QTRX,150864880,3.19,United States
2953,ReposiTrak,TRAK,149386704,8.22,United States
2954,Immunic,IMUX,147906032,10.84,United States
2955,Orion Properties,ONL,146604912,2.57,United States
2956,Clipper Realty,CLPR,146538608,3.45,United States
2957,Neumora Therapeutics,NMRA,146276960,0.7785,United States
2958,inTEST Corporation,INTT,145187888,11.32,United States
2959,Mammoth Energy Services,TUSK,144864032,3.01,United States
2960,Shimmick,SHIM,144675392,3.5,United States
2961,Stratus Properties,STRS,144088144,18.05,United States
2962,NRx Pharmaceuticals,NRXP,143741952,3.32,United States
2963,Spruce Biosciences,SPRB,143671920,49.99,United States
2964,OptimizeRx,OPRX,143529952,7.62,United States
2965,Lake Shore Bancorp,LSBK,143449440,18.265,United States
2966,MediciNova,MNOV,142741616,2.9,United States
2967,Health Catalyst,HCAT,142234560,1.89,United States
2968,1stdibs.com,DIBS,141856528,4.22,United States
2969,Douglas Elliman,DOUG,141789136,1.56,United States
2970,Hooker Furnishings,HOFT,141564688,13.24,United States
2971,Red Robin,RRGB,141211024,7.47,United States
2972,Wheels Up,UP,141090512,3.89,United States
2973,Hurco Companies,HURC,140730480,21.73,United States
2974,Stereotaxis,STXS,140283040,1.4,United States
2975,Affinity Bancshares,AFBI,140182352,23.0,United States
2976,NCS Multistage,NCSM,140018304,53.35,United States
2977,Inogen,INGN,138795504,5.23,United States
2978,First Guaranty Bancshares,FGBI,138432208,8.37,United States
2979,Skillz,SKLZ,137970800,8.84,United States
2980,RGP (Resources Connection),RGP,137257840,3.985,United States
2981,Waldencast,WALD,137238064,1.07,United States
2982,Clarus,CLAR,136688720,3.57,United States
2983,Oxford Square Capital,OXSQ,135711792,1.26,United States
2984,Insight Molecular Diagnostics,IMDX,135478528,4.14,United States
2985,Medifast,MED,135062896,12.08,United States
2986,Braemar Hotels &amp; Resorts,BHR,133634088,1.82,United States
2987,Inovio Pharmaceuticals,INO,133382800,1.29,United States
2988,Tillys,TLYS,133054592,4.35,United States
2989,Black Rifle Coffee Company (BRCC),BRCC,132335568,9.29,United States
2990,PLBY Group (Playboy),PLBY,131788456,1.1,United States
2991,Vince Holding,VNCE,131259760,10.14,United States
2992,Team Inc,TISI,130850616,28.55,United States
2993,LENZ Therapeutics,LENZ,129766024,4.13,United States
2994,Smith-Midland Corporation,SMID,129379336,24.39,United States
2995,KVH Industries,KVHI,129345064,7.13,United States
2996,Veritone,VERI,128585048,1.28,United States
2997,MaxCyte,MXCT,127975696,1.24,United States
2998,Nautilus Biotechnology,NAUT,127178872,0.9994,United States
2999,Legacy Education,LGCY,126520384,10.0,United States
3000,Aardvark Therapeutics,AARD,125837864,5.75,United States
3001,flyExclusive,FLYX,125560544,1.23,United States
3002,OnKure Therapeutics,OKUR,125538552,3.1,United States
3003,DMC Global,BOOM,124683560,6.07,United States
3004,Magyar Bancorp,MGYR,124459792,19.28,United States
3005,Coya Therapeutics,COYA,124326600,5.3,United States
3006,Apyx Medical,APYX,124265872,2.95,United States
3007,Conexeu Sciences,CNXU,124109472,4.4,United States
3008,Sound Financial Bancorp,SFBC,123702624,48.17,United States
3009,Commercial Vehicle Group (CVG),CVGI,123117016,3.03,United States
3010,Vera Bradley,VRA,123074368,4.29,United States
3011,vTv Therapeutics,VTVT,122967160,31.1,United States
3012,Unifi,UFI,122500432,6.59,United States
3013,5E Advanced Materials,FEAM,122443280,2.94,United States
3014,Equillium,EQ,122377592,1.93,United States
3015,Oconee Federal Financial,OFED,122222560,21.0,United States
3016,a.k.a. Brands,AKA,120901648,11.0,United States
3017,Inspired Entertainment,INSE,120439232,4.515,United States
3018,Fonar Corporation,FONR,120195888,19.09,United States
3019,Ascend Wellness (AWH),AAWH,119895536,0.59,United States
3020,ALT5 Sigma,ALTS,119560224,0.855,United States
3021,Riverview Bancorp,RVSB,119519576,5.99,United States
3022,Orion Energy Systems,OESX,118752872,29.04,United States
3023,The Joint Corp.,JYNT,118519632,8.38,United States
3024,Genelux,GNLX,118090320,2.61,United States
3025,Vaxart,VXRT,116754056,0.4801,United States
3026,Union Bankshares,UNB,116227896,23.5,United States
3027,Provident Financial Holdings,PROV,115764600,18.57,United States
3028,Digimarc,DMRC,114848928,5.11,United States
3029,Vivani Medical,VANI,114558264,1.27,United States
3030,KULR Technology Group,KULR,112923984,2.44,United States
3031,INNOVATE Corp.,VATE,111590472,8.18,United States
3032,Proficient Auto Logistics,PAL,111089584,3.96,United States
3033,electroCore,ECOR,110805224,12.29,United States
3034,Fluent,FLNT,110624800,3.5,United States
3035,Greenland Energy Company,GLND,109762784,2.51,United States
3036,Rani Therapeutics,RANI,109310128,0.7779,United States
3037,Pathfinder Bancorp,PBHC,108620520,17.3,United States
3038,Polaryx Therapeutics,PLYX,107168888,2.15,United States
3039,Cherry Hill Mortgage Investment,CHMI,106815440,2.85,United States
3040,Virco Manufacturing,VIRC,105302280,6.68,United States
3041,Seritage Growth Properties,SRG,104763768,1.86,United States
3042,HilleVax,HLVX,104762376,2.09,United States
3043,Broadwind,BWEN,104329008,4.41,United States
3044,Rafael Holdings,RFL,103999992,2.0,United States
3045,Seer Inc,SEER,102991952,1.86,United States
3046,Upexi,UPXI,102628088,1.25,United States
3047,Logistic Properties of the Americas,LPA,102386592,3.23,United States
3048,Lakeland Industries,LAKE,101548016,10.225,United States
3049,U.S. GoldMining,USGO,101057296,7.2,United States
3050,Getty Images,GETY,99679152,0.2403,United States
3051,ReneSola,SOL,99563952,1.94,United States
3052,Stabilis Solutions,SLNG,99118280,5.33,United States
3053,Kewaunee Scientific Corporation,KEQU,98731328,34.1,United States
3054,First Northwest Bancorp,FNWB,97303816,10.23,United States
3055,Anixa Biosciences,ANIX,96991000,2.79,United States
3056,Cable One,CABO,96797160,17.06,United States
3057,Zevia,ZVIA,96662928,1.34,United States
3058,Park Dental Partners,PARK,96532224,20.3,United States
3059,Momentus Inc.,MNTS,95540784,4.35,United States
3060,Zomedica Pharmaceuticals,ZOM,95349136,0.0973,United States
3061,Surf Air Mobility,SRFM,95206064,0.77,United States
3062,Definitive Healthcare,DH,95002792,0.89,United States
3063,Ultralife Corporation,ULBI,94980632,5.7,United States
3064,Cullman Bancorp,CULL,94451240,17.1,United States
3065,MediaCo Holding,MDIA,94102240,1.12,United States
3066,GrowGeneration,GRWG,93094312,1.58,United States
3067,Microbot Medical,MBOT,92687424,1.38,United States
3068,Acrivon Therapeutics,ACRV,92134728,2.15,United States
3069,Atlas Lithium,ATLX,92105400,3.06,United States
3070,Wrap Technologies,WRAP,92046952,1.49,United States
3071,AudioEye,AEYE,91632920,7.29,United States
3072,Townsquare Media,TSQ,91522832,5.02,United States
3073,Buzzfeed,BZFD,90834864,1.09,United States
3074,Arq Inc.,ARQ,90393760,2.07,United States
3075,Golden Matrix Group,GMGI,89996768,0.6372,United States
3076,Rallybio,RLYB,89888920,16.92,United States
3077,Atara Biotherapeutics,ATRA,89636752,8.93,United States
3078,LENSAR,LNSR,89072520,7.25,United States
3079,Pulmonx,LUNG,88473432,2.06,United States
3080,PhenixFIN,PFX,88179800,45.6589,United States
3081,Fractyl Health,GUTS,88026448,0.553,United States
3082,Thryv,THRY,87989440,1.98,United States
3083,BCP Investment Corporation,BCIC,87800096,7.09,United States
3084,Venu Holding Corporation,VENU,87688456,1.56,United States
3085,SkinHealth Systems,SKIN,87610760,0.6732,United States
3086,Martin Midstream Partners,MMLP,87248056,2.23,United States
3087,Smith Douglas Homes,SDHC,86862216,10.35,United States
3088,Summit State Bank,SSBI,86612688,12.8,United States
3089,Velo3D,VLDX,86513896,6.15,United States
3090,Telomir Pharmaceuticals,TELO,85968704,1.25,United States
3091,Drilling Tools International,DTI,85735808,2.43,United States
3092,Adicet Bio,ACET,85610832,9.145,United States
3093,iBio,IBIO,85528656,1.33,United States
3094,Hyperfine,HYPR,85379792,0.8051,United States
3095,"Air T, Inc.",AIRT,85020928,31.53,United States
3096,Blink Charging,BLNK,84977576,0.5863,United States
3097,Marpai,MRAI,84782280,3.16,United States
3098,HF Foods Group,HFFG,84516280,1.52,United States
3099,Interlink Electronics,LINK,84438272,5.36,United States
3100,Aldeyra Therapeutics,ALDX,84155352,1.395,United States
3101,Sera Prognostics,SERA,84027360,2.13,United States
3102,Aptera Motors,SEV,83924264,2.07,United States
3103,Charlotte's Web,CWEB.TO,83836045,0.309026,United States
3104,MAIA Biotechnology,MAIA,83342864,1.37,United States
3105,Chegg,CHGG,83137376,0.7488,United States
3106,Siebert Financial,SIEB,83110096,2.03,United States
3107,OS Therapies,OSTX,82845256,1.77,United States
3108,Hennessy Advisors,HNNA,82838216,10.48,United States
3109,Jushi Holdings,JUSHF,82261016,0.41193,United States
3110,Tile Shop Holdings,TTSH,82032784,2.06,United States
3111,Fortress Biotech,FBIO,81709928,2.45,United States
3112,LanzaTech Global,LNZA,81152808,6.2,United States
3113,Verrica Pharmaceuticals,VRCA,81083872,4.72,United States
3114,PMV Pharmaceuticals,PMVP,80721664,1.51,United States
3115,Elite Express,ETS,80382504,1.65,United States
3116,SelectQuote,SLQT,80093576,0.4536,United States
3117,The InterGroup Corporation,INTG,79978784,37.22,United States
3118,Noodles &amp; Company,NDLS,79475912,13.32,United States
3119,Spero Therapeutics,SPRO,79199368,1.36,United States
3120,Advanced Flower Capital,AFCG,78640648,3.5,United States
3121,Lifevantage,LFVN,78306336,6.22,United States
3122,Blackboxstocks,BLBX,78138184,18.15,United States
3123,Steel Connect,STCN,77168096,12.18,United States
3124,CVRx,CVRX,76994216,2.89,United States
3125,Home Federal Bancorp (HFB Bank),HFBL,76882736,25.27,United States
3126,tinyBuild,8Z3.F,76496447,0.194508,United States
3127,"SoundThinking 
 (ShotSpotter)",SSTI,76086712,5.78,United States
3128,AMC Robotics Corporation,AMCI,75969120,3.18,United States
3129,Northern Technologies International,NTIC,75461408,7.95,United States
3130,Great Elm Capital,GECC,75004648,5.4,United States
3131,Tigo Energy,TYGO,74862048,0.9751,United States
3132,Cingulate,CING,74817696,5.145,United States
3133,NSTS Bancorp,NSTS,74384336,14.16,United States
3134,Sono-Tek Corporation,SOTK,74182928,4.72,United States
3135,Comscore,SCOR,73492144,4.84,United States
3136,Silvercrest Asset Management Group,SAMG,72899008,9.32,United States
3137,Westwater Resources,WWR,72664840,0.5652,United States
3138,Ispire Technology,ISPR,71904320,1.245,United States
3139,United Homes Group,UHG,71769208,1.22,United States
3140,Energous,WATT,71686112,12.97,United States
3141,Genasys,GNSS,71500952,1.57,United States
3142,Gossamer Bio,GOSS,71500608,11.69,United States
3143,Research Solutions,RSSS,70901600,2.1,United States
3144,Full House Resorts,FLL,70723848,1.93,United States
3145,Pliant Therapeutics,PLRX,70590960,1.14,United States
3146,Ideal Power,IPWR,70011632,4.26,United States
3147,MindWalk Holdings,HYFT,69725272,1.48,United States
3148,Geospace Technologies,GEOS,69076120,5.34,United States
3149,Inseego,INSG,68850472,4.23,United States
3150,Rein Therapeutics,RNTX,68556416,0.7947,United States
3151,CarParts.com,PRTS,68353456,8.44,United States
3152,CleanCore Solutions,ZONE,68284280,0.136,United States
3153,Airship AI,AISP,68018128,1.975,United States
3154,Forian,FORA,67792720,2.17,United States
3155,Airgain,AIRG,67561904,5.33,United States
3156,Regis Corporation,RGS,67504240,27.0,United States
3157,Universal Electronics,UEIC,67002320,5.2,United States
3158,XBiotech,XBIT,66463256,2.18,United States
3159,"FreeCast, Inc.",CAST,66137680,1.39,United States
3160,PDS Biotechnology,PDSB,65951532,0.91,United States
3161,AMCON Distributing Company,DIT,65942812,67.56,United States
3162,Boundless Bio,BOLD,65514196,2.88,United States
3163,Accendra Health,ACH,65369000,0.85,United States
3164,Usio,USIO,65254496,2.29,United States
3165,Myomo,MYO,64956884,1.64,United States
3166,SunPower,SPWR,64727052,0.31,United States
3167,WM Technology,MAPS,64437420,0.37,United States
3168,Hour Loop,HOUR,64415672,1.83,United States
3169,Off the Hook YS Inc,OTH,64247460,2.57,United States
3170,Great Elm Group,GEG,63927036,2.15,United States
3171,Rent the Runway,RENT,63788060,1.88,United States
3172,TELA Bio,TELA,63652204,1.41,United States
3173,Rekor Systems,REKR,63395368,0.4606,United States
3174,Marchex,MCHX,62959800,1.42,United States
3175,AgEagle Aerial Systems,UAVS,62905704,1.0,United States
3176,PodcastOne,PODC,62623080,2.07,United States
3177,Battalion Oil,BATL,62437552,1.09,United States
3178,Solitario Resources,XPL,62150884,0.6564,United States
3179,Hyperion DeFi,HYPD,62002340,3.99,United States
3180,Outset Medical,OM,61842668,3.29,United States
3181,MiNK Therapeutics,INKT,61797352,12.11,United States
3182,American Vanguard,AVD,61656320,2.09,United States
3183,TTEC,TTEC,61619924,1.25,United States
3184,Talphera,TLPH,60729780,1.17,United States
3185,Castellum,CTM,60660024,0.64,United States
3186,Identiv,INVE,60347024,2.49,United States
3187,INmune Bio,INMB,59948184,2.16,United States
3188,BranchOut Food,BOF,59835720,3.68,United States
3189,iLearningEngines,AILE,59292656,0.42,United States
3190,Serina Therapeutics,SER,58675088,2.31,United States
3191,Solidion Technology,STI,58397612,6.86,United States
3192,Where Food Comes From,WFCF,58262056,11.7,United States
3193,Saga Communications,SGA,58175588,9.15,United States
3194,Travelzoo,TZOO,57847252,5.67,United States
3195,eXoZymes,EXOZ,57451612,6.19,United States
3196,Rapid Micro Biosystems,RPID,57181892,1.14,United States
3197,LeonaBio,LONA,57001064,6.05,United States
3198,AEye,LIDR,56940048,1.22,United States
3199,Heron Therapeutics,HRTX,56765836,0.299,United States
3200,Global Self Storage,SELF,56764456,4.97,United States
3201,GEN Restaurant Group,GENK,55380556,1.68,United States
3202,Playstudios,MYPS,55375956,0.461,United States
3203,ImageneBio,IMA,55164528,4.85,United States
3204,Idaho Copper Corporation,COPR,55075836,3.11,United States
3205,Verde Clean Fuels,VGAS,54796040,1.23,United States
3206,Allied Esports,AESE,54324936,1.3899,United States
3207,Skillsoft,SKIL,54056636,5.94,United States
3208,Abundia Global Impact Group,AGIG,53863392,1.22,United States
3209,TechPrecision,TPCS,53807616,5.31,United States
3210,Annovis Bio,ANVS,53775616,1.26,United States
3211,BG Staffing,BGSF,53398824,5.0,United States
3212,The Arena Group,AREN,53323932,1.12,United States
3213,Laser Photonics,LASE,52916668,0.8722,United States
3214,First Breach Inc.,FBDT,52914880,0.9487,United States
3215,374Water,SCWO,52800116,2.98,United States
3216,TransAct Technologies,TACT,52758048,5.11,United States
3217,Luna Innovations,LUNA,52045528,1.5,United States
3218,The ONE Group Hospitality,STKS,51970000,1.64,United States
3219,Greenidge Generation Holdings,GREE,51500392,2.84,United States
3220,MicroVision,MVIS,51389268,1.68,United States
3221,BBX Capital Corporation,BBXIA,51157092,3.7,United States
3222,Hain Celestial,HAIN,51079572,0.5613,United States
3223,Sensus Healthcare,SRTS,51032380,3.1,United States
3224,MarketWise,MKTW,50855264,18.21,United States
3225,"RYTHM, Inc.",RYM,50440032,23.47,United States
3226,Vroom,VRM,49778728,9.51,United States
3227,Filana Therapeutics,FLNA,49757132,1.03,United States
3228,Xtant Medical,XTNT,49661940,0.354,United States
3229,Intellicheck,IDN,49248188,2.43,United States
3230,Cato Fashion,CATO,49182512,2.47,United States
3231,Sportsman's Warehouse,SPWH,48535416,1.24,United States
3232,Instil Bio,TIL,48355496,7.13,United States
3233,SCYNEXIS,SCYX,48355100,4.86,United States
3234,Elauwit Connection,ELWT,47927320,7.24,United States
3235,Werewolf Therapeutics,HOWL,47724280,0.982,United States
3236,Planet13,PLTH.CN,47642448,0.142081,United States
3237,The Children's Place,PLCE,47364956,2.13,United States
3238,Precipio,PRPO,47019288,26.265,United States
3239,New Fortress Energy,NFE,46558444,8.15,United States
3240,"Culp, Inc.",CULP,45847164,3.6,United States
3241,Reading International,RDI,45780256,2.0,United States
3242,Heritage Global,HGBL,45724068,1.32,United States
3243,IZEA Worldwide,IZEA,45630668,2.62,United States
3244,Sachem Capital,SACH,45216424,0.9429,United States
3245,Prairie Operating,PROP,45141764,0.4002,United States
3246,Grace Therapeutics,GRCE,45016892,2.14,United States
3247,Greenland Mines,GRML,44954732,14.15,United States
3248,Zeo Energy,ZEO,44602896,0.4898,United States
3249,Teads,TEAD,44531392,0.4541,United States
3250,Manhattan Bridge Capital,LOAN,44445232,3.89,United States
3251,Devolver Digital,DEVO.L,44227346,0.0916618,United States
3252,Odyssey Marine Exploration,OMEX,44106580,0.7515,United States
3253,Vivid Seats,SEAT,44065484,3.92,United States
3254,Comtech Telecommunications,CMTL,43743692,1.46,United States
3255,Grove Collaborative,GROV,43555068,1.02,United States
3256,Metagenomi,MGX,43065900,1.14,United States
3257,Pixelworks,PXLW,42829700,7.08,United States
3258,Veru,VERU,42625800,2.5,United States
3259,AXIL Brands,AXIL,42573528,6.24,United States
3260,Ekso Bionics,EKSO,42047896,11.8,United States
3261,the Marygold Companies,MGLD,41514552,0.96,United States
3262,Karyopharm Therapeutics,KPTI,41280260,1.82,United States
3263,PAVmed,PAVM,41166992,4.1825,United States
3264,Phunware,PHUN,40925352,2.0,United States
3265,Granite Point Mortgage Trust,GPMT,40616672,0.8476,United States
3266,Seres Therapeutics,MCRB,40380020,4.02,United States
3267,Rave Restaurant Group,RAVE,40076616,2.82,United States
3268,Laird Superfood,LSF,39958596,3.57,United States
3269,LiveOne,LVO,39489952,2.88,United States
3270,Massimo Motor,MAMO,39271580,0.9431,United States
3271,NanoViricides,NNVC,39056848,1.53,United States
3272,"Stem, Inc",STEM,38795780,4.03,United States
3273,Spruce Power,SPRU,38696892,2.01,United States
3274,CervoMed,CRVO,38251312,2.53,United States
3275,LivePerson,LPSN,38245620,3.1,United States
3276,Pioneer Power Solutions,PPSI,37848500,3.41,United States
3277,Scilex Holding,SCLX,37635844,5.35,United States
3278,U.S. Global Investors,GROW,37017568,3.01,United States
3279,Actinium Pharmaceuticals,ATNM,36786480,1.17,United States
3280,Enzo Biochem,ENZB,36587800,0.69887,United States
3281,VIDA Global Inc.,VIDA,36416988,1.82,United States
3282,Plutus Financial Group,PLUT,36379500,2.37,United States
3283,The Beachbody Company,BODI,36277984,4.98,United States
3284,Harvard Bioscience,HBIO,36054256,7.92,United States
3285,Milestone Scientific,MLSS,35990716,0.3972,United States
3286,Kartoon Studios,TOON,35953972,0.578,United States
3287,Elutia,ELUT,35883136,0.8102,United States
3288,"Xos, Inc.",XOS,35828988,2.52,United States
3289,Context Therapeutics,CNTX,35750188,0.3891,United States
3290,Rockwell Medical,RMTI,35689764,8.855,United States
3291,DocGo,DCGO,35446036,0.3583,United States
3292,aTyr Pharma,ATYR,34958360,0.3564,United States
3293,Franklin Street Properties,FSP,34635900,0.333,United States
3294,LianBio,LIAN,34472096,0.319,United States
3295,Harte Hanks,HHS,34438588,4.62,United States
3296,Celularity,CELU,34156232,1.18,United States
3297,Southland Holdings,SLND,34076468,0.626,United States
3298,PetMed Express,PETS,34035896,1.57,United States
3299,Destination XL,DXLG,33893208,0.6112,United States
3300,Cryo-Cell International,CCEL,33540622,4.16,United States
3301,Koss,KOSS,33132532,3.5,United States
3302,Workhorse Group,WKHS,33113612,3.03,United States
3303,GenFlat Holdings,GFLT,32894138,2.51,United States
3304,Gaia,GAIA,32799270,1.29,United States
3305,VirTra,VTSI,32600518,2.88,United States
3306,Century Casinos,CNTY,32499034,1.155,United States
3307,Lulu's Fashion Lounge,LVLU,32420092,11.29,United States
3308,KLX Energy Services,KLXE,32079672,1.5,United States
3309,Greenland Technologies,GTEC,31853068,1.2,United States
3310,Salem Media Group,SALM,31670764,1.0,United States
3311,Latch,LTCH,31474680,0.19,United States
3312,Beasley Broadcast Group,BBGI,31330020,16.91,United States
3313,Enviva,EVA,31273630,0.4198,United States
3314,Sangamo Therapeutics,SGMO,30657374,0.074,United States
3315,BeyondSpring,BYSI,30441002,0.7403,United States
3316,BioLargo,BLGO,30407652,0.0925,United States
3317,System1,SST,30219960,3.47,United States
3318,Cel-Sci,CVM,29901280,1.7,United States
3319,Quest Resource Holding,QRHC,29635462,1.405,United States
3320,Kyntra Bio,KYNB,29477624,7.28,United States
3321,IGC Pharma,IGC,29257674,0.283,United States
3322,Lument Finance Trust,LFT,29067926,5.53,United States
3323,Beam Global,BEEM,28970644,1.28,United States
3324,Ascent Solar Technologies,ASTI,28663980,2.92,United States
3325,MariMed,MRMD,28615888,0.071,United States
3326,Old Market Capital Corporation,OMCC,28565480,4.19,United States
3327,Katapult Holdings,KPLT,28342708,5.7,United States
3328,Farmer Brothers,FARM,28089448,1.28,United States
3329,eHealth,EHTH,27960664,0.8809,United States
3330,Allbirds,BIRD,27869694,2.36,United States
3331,Crown Crafts,CRWS,27761540,2.58,United States
3332,NOMADAR,NOMA,27564468,1.55,United States
3333,Accuray,ARAY,27471040,0.23,United States
3334,Zoom Telephonics,MINM,26534076,3.61,United States
3335,Hoth Therapeutics,HOTH,26013596,1.36,United States
3336,Knightscope,KSCP,25862100,1.095,United States
3337,GEE Group,JOB,25819612,0.235,United States
3338,Local Bounti,LOCL,25016730,1.07,United States
3339,TherapeuticsMD,TXMD,25000622,2.16,United States
3340,PermRock Royalty Trust,PRT,24574778,2.02,United States
3341,HeartBeam,BEAT,24438636,0.4337,United States
3342,SPI Energy,SPI,24207974,0.766,United States
3343,TScan Therapeutics,TCRX,24048080,0.3548,United States
3344,Aytu BioScience,AYTU,23935054,2.23,United States
3345,Live Ventures,LIVE,23605676,7.685,United States
3346,Cocrystal Pharma,COCP,22923210,1.19,United States
3347,Atossa Therapeutics,ATOS,22553214,2.26,United States
3348,HeartSciences Inc.,HSCS,22128794,4.61,United States
3349,180 Life Sciences,ATNF,21620372,3.58,United States
3350,Femasys,FEMY,21440068,2.56,United States
3351,Bionano Genomics,BNGO,21434140,1.82,United States
3352,Avant Technologies Inc.,AVAI,21178920,0.1376,United States
3353,Cardlytics,CDLX,21081602,3.58,United States
3354,Retractable Technologies,RVP,20806326,0.695,United States
3355,Jasper Therapeutics,JSPR,20726724,0.6229,United States
3356,Exyn Technologies,EXYN,20600748,2.59,United States
3357,Urban One,UONE,20259692,4.39,United States
3358,Neuphoria Therapeutics,NEUP,20211332,3.735,United States
3359,SPAR Group,SGRP,19878992,0.7,United States
3360,Motorsport Gaming,MSGM,19410632,4.23,United States
3361,Palatin Technologies,PTN,18273156,10.27,United States
3362,Barfresh Food Group,BRFH,17938990,1.1,United States
3363,Ashford Hospitality Trust,AHT,17810152,2.66,United States
3364,Lipocine,LPCN,17807588,2.16,United States
3365,Lantern Pharma,LTRN,17386438,1.36,United States
3366,Biofrontera,BFRI,17377260,1.17,United States
3367,Energy Focus,EFOI,17069516,2.68,United States
3368,T Stamp Inc. (TrustStamp),IDAI,16917872,3.0,United States
3369,Know Labs,KNW,16795408,2.24,United States
3370,Camber Energy,CEI,16771320,0.0954,United States
3371,Offerpad,OPAD,16769639,3.47,United States
3372,Dare Bioscience,DARE,16718722,0.85,United States
3373,Tempest Therapeutics,TPST,16539767,1.0,United States
3374,Citius Pharmaceuticals,CTXR,16422128,0.5982,United States
3375,SUNation Energy Inc.,SUNE,16087377,2.47,United States
3376,FGI Industries,FGI,15952299,8.26,United States
3377,Passage Bio,PASG,15928159,4.95,United States
3378,ESS Tech,GWH,15896207,0.3947,United States
3379,Psychemedics,PMD,15738209,2.67,United States
3380,Cyclerion Therapeutics,CYCN,15729330,23.52,United States
3381,SeaStar Medical,ICU,15556149,3.53,United States
3382,Austin Gold,AUST,15473091,1.13,United States
3383,Mobix Labs,MOBX,14993547,0.8352,United States
3384,Jaguar Health,JAGX,14960119,34.46,United States
3385,Smith Micro Software,SMSI,14924980,2.67,United States
3386,Office Properties Income Trust,OPI,14795239,0.2,United States
3387,Astrotech,ASTC,14668868,6.96,United States
3388,NextNRG,NXXT,14660800,0.8624,United States
3389,Synlogic,SYBX,14576251,1.19,United States
3390,The Cannabist Company,CBSTF,14475953,0.0291,United States
3391,The Glimpse Group,VRAR,14332026,0.68,United States
3392,HOOKIPA Pharma,HOOK,14232977,1.15,United States
3393,America's Car-Mart,CRMT,14175413,1.7,United States
3394,Quoin Pharmaceuticals,QNRX,14079011,7.01,United States
3395,Dolphin Entertainment,DLPN,14067596,1.08,United States
3396,DataMEDS AI,MEDS,13669881,4.275,United States
3397,Intensity Therapeutics,INTS,13092166,4.01,United States
3398,AEON Biopharma,AEON,13069291,0.262,United States
3399,Dragonfly Energy,DFLI,13033057,0.8701,United States
3400,Arrive AI,ARAI,12963864,0.2499,United States
3401,Air Industries Group,AIRI,12902751,2.66,United States
3402,Biomerica,BMRA,12757331,2.78,United States
3403,Adial Pharmaceuticals,ADIL,12321556,4.2,United States
3404,Clean Energy Technologies,CETY,12287767,1.01,United States
3405,SINTX Technologies,SINT,12196098,1.83,United States
3406,Game Your Game,GYGY,11956874,0.8308,United States
3407,Aterian,ATER,11807853,0.6572,United States
3408,Urgent.ly Inc.,ULY,11787284,5.38,United States
3409,Scienture Holdings,SCNX,11707388,0.2851,United States
3410,Purple Innovation,PRPL,11641491,2.67,United States
3411,Phio Pharmaceuticals,PHIO,11617251,1.0,United States
3412,KALA BIO,KALA,11584531,0.599,United States
3413,Flux Power,FLUX,11550281,0.5342,United States
3414,Cambium Networks,CMBM,11325767,0.401,United States
3415,CISO Global,CISO,11313126,0.2485,United States
3416,VistaGen Therapeutics,VTGN,11156355,0.2514,United States
3417,Bullfrog AI,BFRG,11124992,0.6,United States
3418,Cyngn,CYN,10958809,0.7598,United States
3419,Upland Software,UPLD,10941607,3.7,United States
3420,SolarMax Technology,SMXT,10859672,2.29,United States
3421,FingerMotion,FNGR,10586614,0.139,United States
3422,Phoenix Motor,PEV,10575262,0.23,United States
3423,Azitra,AZTR,10338999,0.1706,United States
3424,Lunai Bioworks,LNAI,10110575,2.23,United States
3425,AppTech Payments,APCX,10080944,0.24,United States
3426,Ryvyl Inc.,RVYL,9994965,7.81,United States
3427,Senti Biosciences,SNTI,9829285,0.3156,United States
3428,BrainStorm Cell Therapeutics,BCLI,9600254,0.87,United States
3429,Superior Industries International,SUP,9576233,0.3249,United States
3430,Natural Health Trends,NHTC,9435634,1.1,United States
3431,Inuvo,INUV,9416784,0.5713,United States
3432,Carver Bancorp,CARV,9328882,1.6,United States
3433,FibroBiologics,FBLG,9321980,1.34,United States
3434,Aprea Therapeutics,APRE,9221748,0.7324,United States
3435,AMASS Brands Inc.,AMSS,9113470,0.7853,United States
3436,Trio Petroleum,TPET,9050642,1.7,United States
3437,Vislink Technologies,VISL,8975739,3.62,United States
3438,GoHealth,GOCO,8937260,0.305,United States
3439,Wellgistics Health,WGRX,8847256,3.52,United States
3440,Longeveron,LGVN,8671899,2.72,United States
3441,reAlpha Tech,AIRE,8585974,1.43,United States
3442,Northann Corp,NCL,8543560,0.159,United States
3443,SurgePays,SURG,8539420,0.1614,United States
3444,Imunon,IMNN,8473218,1.51,United States
3445,AIM ImmunoTech,AIM,8446961,0.2156,United States
3446,SeaChange International,SEAC,8398952,3.25,United States
3447,Soligenix,SNGX,8379709,0.385,United States
3448,Ensysce Biosciences,ENSC,8346964,0.429,United States
3449,Trinseo,TSE,8278525,0.23,United States
3450,Sonendo,SONX,8100463,1.7,United States
3451,Innovative Eyewear,LUCY,8083174,0.9389,United States
3452,La Rosa Holdings,LRHC,8062337,2.43,United States
3453,Reborn Coffee,REBN,8058090,0.9348,United States
3454,Rocky Mountain Chocolate Factory,RMCF,8023649,0.85,United States
3455,Gaxos.ai,GXAI,7977702,0.5801,United States
3456,Solo Brands,SBDS,7858110,3.06,United States
3457,Netcapital,NCPL,7612462,0.97,United States
3458,Skye Bioscience,SKYE,7571326,1.71,United States
3459,CaliberCos,CWD,7563142,0.7283,United States
3460,Co-Diagnostics,CODX,7539825,1.08,United States
3461,"Reed's, Inc.",REED,7468778,0.6299,United States
3462,"DSS, Inc. (Document Security Systems)",DSS,7416399,0.7385,United States
3463,Signing Day Sports,SGN,7408163,0.5401,United States
3464,VolitionRx,VNRX,7344156,0.2632,United States
3465,authID,AUID,6855339,0.41,United States
3466,Super League Enterprise,SLE,6831334,4.03,United States
3467,Mangoceuticals,MGRX,6602297,0.4311,United States
3468,Sonim Technologies,SONM,6534361,4.39,United States
3469,enVVeno Medical Corporation,NVNO,6322917,9.1,United States
3470,Pulmatrix,PULM,6208884,1.7,United States
3471,Sonoma Pharmaceuticals,SNOA,6201010,1.295,United States
3472,TPI Composites,TPIC,6193621,0.1271,United States
3473,Bakhu Holdings,BKUH,6026059,0.02,United States
3474,Xenetic Biosciences,XBIO,6021975,2.57,United States
3475,Polar Power,POLA,5774487,1.34,United States
3476,AquaBounty Technologies,AQB,5610452,1.09,United States
3477,cbdMD,YCBD,5602522,0.5,United States
3478,zSpace,ZSPC,5560186,0.15,United States
3479,Origin Materials,ORGN,5228483,0.9501,United States
3480,Talis Biomedical,TLIS,5176808,2.84,United States
3481,bioAffinity Technologies,BIAF,5139296,8.555,United States
3482,OLB Group,OLB,5118728,0.2131,United States
3483,Hepion Pharmaceuticals,HEPA,5056793,0.05605,United States
3484,Expion360,XPON,5051912,5.3,United States
3485,Vertex Energy,VTNR,4872095,0.0521,United States
3486,Hydrofarm,HYFM,4843419,1.005,United States
3487,"Cyabra, Inc.",CYAB,4717775,0.2681,United States
3488,Lakewood-Amedex Biotherapeutics,LABT,4715679,1.99,United States
3489,Nauticus Robotics,KITT,4676699,0.6259,United States
3490,Aethlon Medical,AEMD,4672163,6.57,United States
3491,Kidpik,PIK,4644903,2.38,United States
3492,Socket Mobile,SCKT,4446828,0.5363,United States
3493,Eterna Therapeutics,ERNA,4432065,3.8,United States
3494,"Bark, Inc.",BARK,4377870,0.5066,United States
3495,CASI Pharmaceuticals,CASI,4263766,0.2075,United States
3496,QVC Group,QVCGA,4255453,0.34,United States
3497,Leslie's,LESL,4137666,0.4418,United States
3498,Golden Minerals,AUMN,4109238,0.2175,United States
3499,Tivic Health Systems,TIVC,4029097,1.4,United States
3500,Cadrenal Therapeutics,CVKD,3995703,1.12,United States
3501,Avalon GloboCare,ALBT,3707637,0.282,United States
3502,Cemtrex,CETX,3666030,2.13,United States
3503,Boxlight,BOXL,3541172,4.82,United States
3504,PMGC Holdings,ELAB,3448806,4.26,United States
3505,Unity Biotechnology,UBX,3444161,0.2001,United States
3506,BIO-key International,BKYI,3418499,2.38,United States
3507,Eagle Pharmaceuticals,EGRX,3289388,0.25,United States
3508,Focus Universal,FCUV,3274791,4.66,United States
3509,ShiftPixy,PIXY,3265294,6.53,United States
3510,Alaunos Therapeutics,TCRT,3226409,1.27,United States
3511,Forza X1,FRZA,3150960,0.2,United States
3512,VivoSim Labs,VIVS,3150852,0.2353,United States
3513,Beyond Air,XAIR,3150102,3.2,United States
3514,iSpecimen,ISPC,3148237,1.25,United States
3515,Advent Technologies,ADN,3023365,0.9185,United States
3516,Cloudastructure,CSAI,3018802,3.48,United States
3517,ATI Physical Therapy,ATIP,2977762,0.675,United States
3518,Genprex,GNPX,2901769,3.54,United States
3519,Sleep Number,SNBR,2881125,0.125,United States
3520,Marin Software,MRIN,2863609,0.8981,United States
3521,Inotiv,NOTV,2787563,0.0799,United States
3522,PREIT (Pennsylvania Real Estate Investment Trust),PRET,2690436,0.4974,United States
3523,Vaccinex,VCNX,2676637,1.0,United States
3524,Xilio Therapeutics,XLO,2676465,0.5101,United States
3525,Staffing 360 Solutions,STAF,2654640,1.615,United States
3526,Nuwellis,NUWE,2623613,0.8263,United States
3527,BioAtla,BCAB,2615777,1.57,United States
3528,Matinas BioPharma,MTNB,2600625,0.177,United States
3529,Jet.AI,JTAI,2559097,1.8,United States
3530,Edible Garden,EDBL,2478416,1.27,United States
3531,LM Funding America,LMFA,2430118,2.6,United States
3532,Curis,CRIS,2425078,1.0,United States
3533,Oragenics,OGEN,2346217,0.52,United States
3534,BioXcel Therapeutics,BTAI,2313476,0.0739,United States
3535,Sow Good,SOWG,2203871,0.1099,United States
3536,Fly-E Group,FLYE,2203721,1.35,United States
3537,Trinity Place Holdings,TPHS,2179559,0.033,United States
3538,Clearside Biomedical,CLSD,2145948,0.41,United States
3539,Onfolio Holdings,ONFO,2001658,0.8161,United States
3540,Cutera,CUTR,1956013,0.0969,United States
3541,Cue Biopharma,CUE,1804119,0.5542,United States
3542,"Greenlane Holdings, Inc.",GNLN,1778032,2.56,United States
3543,Sonder Holdings,SOND,1680861,0.1263,United States
3544,Traeger,COOK,1642351,0.5983,United States
3545,CorEnergy Infrastructure Trust,CORR,1627350,0.0198,United States
3546,Lazydays Holdings,GORV,1573084,0.4211,United States
3547,Benson Hill,BHIL,1522391,0.249,United States
3548,Vivakor,VIVK,1496672,0.5467,United States
3549,iPower,IPW,1398296,1.2,United States
3550,Maison Solutions,MSS,1358040,1.56,United States
3551,Synergy CHC,SNYR,1348439,0.0905,United States
3552,Direct Digital Holdings,DRCT,1300417,1.62,United States
3553,22nd Century Group,XXII,1292329,1.81,United States
3554,Actelis Networks,ASNS,1153503,0.04,United States
3555,Cytosorbents,CTSO,1100062,0.3501,United States
3556,LMP Automotive Holdings,LMPX,1090876,0.1,United States
3557,Allurion Technologies,ALUR,1080450,1.08,United States
3558,Arcadia Biosciences,RKDA,1079326,0.448,United States
3559,Wheeler Real Estate Investment Trust,WHLR,1062554,1.87,United States
3560,Danimer Scientific,DNMR,1056961,0.35,United States
3561,Evofem Biosciences,EVFM,1020481,0.0077,United States
3562,Quince Therapeutics,QNCX,900311,0.9206,United States
3563,BNB Plus Corp.,BNBX,855216,0.138,United States
3564,Alkaline Water Company,WTER,851081,0.0239,United States
3565,Greene Concepts,INKW,765270,0.012,United States
3566,SOBR Safe,SOBR,706263,0.1311,United States
3567,Yellow Corporation,YELLQ,693890,0.0102,United States
3568,Tapinator,TAPM,673183,0.247,United States
3569,Tevogen Bio,TVGN,627896,0.1551,United States
3570,Ocean Power Technologies,OPTT,546280,1.82,United States
3571,Kaival Brands Innovations,KAVL,449314,0.023,United States
3572,Ayr Wellness,AYRWF,432062,0.0037,United States
3573,Ontrak,OTRK,425780,0.0601,United States
3574,Gauzy,GAUZ,395961,0.3445,United States
3575,Viracta Therapeutics,VIRX,388698,0.00978,United States
3576,Impac Mortgage Holdings,IMPM,365688,0.01,United States
3577,Lyra Therapeutics,LYRA,354976,0.2,United States
3578,VYNE Therapeutics,VYNE,339859,0.509,United States
3579,NantHealth,NHIQ,329655,0.012,United States
3580,"Freight Technologies, Inc.",FRGT,283316,0.4952,United States
3581,Vicarious Surgical,RBOT,263860,0.037,United States
3582,Leafly Holdings,LFLY,232138,37.0,United States
3583,Trulite,TRUL,212013,0.0001,United States
3584,Ocean Biomedical,OCEA,209128,0.0009,United States
3585,Ampio Pharmaceuticals,AMPE,207884,0.1831,United States
3586,CXApp,CXAI,194174,0.089,United States
3587,BloomZ,BLMZ,187531,0.128,United States
3588,Wearable Health Solutions,WHSI,182670,0.0001,United States
3589,Faraday Future,FFAI,174605,0.0717,United States
3590,Petros Pharmaceuticals,PTPI,169489,0.004,United States
3591,Hallmark Financial Services,HALL,145478,0.08,United States
3592,ProPhase Labs,PRPH,140333,0.009,United States
3593,Cheetah Net Supply Chain Service,CTNT,139645,0.0442,United States
3594,Cenntro Inc.,CENN,113554,0.0775,United States
3595,Solar Integrated Roofing,SIRC,109754,1e-05,United States
3596,Loop Media,LPTV,103383,0.0007,United States
3597,Novo Integrated Sciences,NVOS,76947,0.0039,United States
3598,Vincerx Pharma,VINC,68045,0.013,United States
3599,PaxMedica,PXMD,63132,0.0005,United States
3600,Exela Technologies,XELA,55502,0.002,United States
3601,ToughBuilt Industries,TBLT,47699,0.011,United States
3602,Presto Automation,PRST,41851,0.0001,United States
3603,Vinco Ventures,BBIG,41600,0.0032,United States
3604,AiRWA Inc.,YYAI,40035,0.76,United States
3605,Carisma Therapeutics,CARM,29291,0.0007,United States
3606,Gaming Technologies (Gametech),GMGT,27420,0.0006,United States
3607,Movella,MVLA,20362,0.0004,United States
3608,Remark Holdings,MARK,18570,0.0003,United States
3609,T2 Biosystems,TTOO,16827,0.0006,United States
3610,Gamer Pakistan,GPAK,15347,0.0006,United States
3611,iEntertainment Network,IENT,13087,0.0001,United States
3612,Vaxxinity,VAXX,12678,0.0001,United States
3613,Syros Pharmaceuticals,SYRS,10732,0.0004,United States
3614,Trevena,TRVN,9674,0.0112,United States
3615,4Front Ventures,FFNTF,9152,1e-05,United States
3616,Adamas One,JEWL,7609,0.0002,United States
3617,Mobile Global Esports (Mogo),MGAM,7545,0.0001,United States
3618,Freeze Tag,FRZT,7505,0.0001,United States
3619,USD Partners,USDP,6754,0.0002,United States
3620,Stryve Foods,SNAX,4792,0.0011,United States
3621,Lipella Pharmaceuticals,LIPO,2310,0.0005,United States
3622,Viveve Medical,VIVE,2144,0.0002,United States
3623,Telesis Bio,TBIO,1775,0.001,United States
3624,Calithera Biosciences,CALA,1461,0.0003,United States
3625,Hempacco,HPCO,1184,0.0002,United States
3626,eFFECTOR Therapeutics,EFTR,940,0.0002,United States
3627,Grom Social Enterprises,GROM,902,0.0001,United States
3628,Minerva Surgical,UTRS,887,0.0001,United States
3629,Lightning eMotors,ZEVY,659,0.0001,United States
3630,Saluda Medical,SLD.AX,0,0.0,United States
3631,Pershing Square USA,PSUS,0,0.0,United States
3632,American Savings Bank,ASBH,0,0.0,United States
