Rank,Name,Symbol,marketcap,price (USD),country
1,NVIDIA,NVDA,5434765213696,225.07,United States
2,Apple,AAPL,4977636933632,341.07,United States
3,Alphabet (Google),GOOG,4171386060800,341.08,United States
4,Microsoft,MSFT,3832843862016,516.17,United States
5,Amazon,AMZN,2693018681344,249.67,United States
6,SpaceX,SPCX,1958738001920,148.68,United States
7,Meta Platforms (Facebook),META,1914858373120,751.66,United States
8,Broadcom,AVGO,1684184367104,352.81,United States
9,Tesla,TSLA,1469666033664,372.11,United States
10,Micron Technology,MU,1222319669248,1082.28,United States
11,Berkshire Hathaway,BRK-B,1082085998592,505.48,United States
12,Eli Lilly,LLY,1054885412864,1183.46,United States
13,AMD,AMD,1029487722496,630.63,United States
14,JPMorgan Chase,JPM,911917383680,343.06,United States
15,Walmart,WMT,856685936640,107.98,United States
16,Visa,V,689702764544,367.38,United States
17,Exxon Mobil,XOM,660331954176,160.59,United States
18,Johnson & Johnson,JNJ,653612679168,271.22,United States
19,Intel,INTC,650190913536,123.0,United States
20,Mastercard,MA,497267048448,567.65,United States
21,AbbVie,ABBV,467119767552,264.34,United States
22,Palantir,PLTR,455788101632,189.67,United States
23,Cisco,CSCO,420674011136,106.7,United States
24,Oracle,ORCL,414554226688,137.1,United States
25,Costco,COST,409226739712,922.765,United States
26,Chevron,CVX,401049780224,204.45,United States
27,Bank of America,BAC,396488835072,56.7,United States
28,Lam Research,LRCX,394428874752,315.21,United States
29,Applied Materials,AMAT,384894763008,485.0,United States
30,Coca-Cola,KO,377806815232,87.81,United States
31,Caterpillar,CAT,377659686912,821.58,United States
32,Merck,MRK,367065792512,148.78,United States
33,Dell,DELL,357892653056,562.89,United States
34,Procter & Gamble,PG,339901841408,146.23,United States
35,General Electric,GE,339376308224,327.09,United States
36,UnitedHealth,UNH,338025218048,376.59,United States
37,Morgan Stanley,MS,308317847552,196.31,United States
38,Palo Alto Networks,PANW,306537299968,374.74,United States
39,Philip Morris International,PM,296884666368,190.48,United States
40,Netflix,NFLX,296243462144,71.145,United States
41,Home Depot,HD,292522590208,293.2,United States
42,Goldman Sachs,GS,272376283136,935.45,United States
43,Arista Networks,ANET,260505960448,206.55,United States
44,Sandisk,SNDK,260303716352,1777.8,United States
45,CrowdStrike,CRWD,258164703232,252.13,United States
46,RTX,RTX,255265374208,189.4,United States
47,GE Vernova,GEV,255049023488,957.63,United States
48,Texas Instruments,TXN,253946789888,278.07,United States
49,Wells Fargo,WFC,250901217280,82.97,United States
50,Thermo Fisher Scientific,TMO,249579421696,675.0,United States
51,KLA,KLAC,245236809728,187.92,United States
52,Marvell Technology,MRVL,235402199040,261.935,United States
53,Citigroup,C,225246216192,134.28,United States
54,Amgen,AMGN,224151420928,414.61,United States
55,QUALCOMM,QCOM,215716184064,201.97,United States
56,IBM,IBM,212460716032,225.51,United States
57,American Express,AXP,208596467712,308.89,United States
58,Amphenol,APH,207363145728,84.09,United States
59,Verizon,VZ,195606822912,47.08,United States
60,Salesforce,CRM,192598458368,234.02,United States
61,Analog Devices,ADI,190724980736,393.6,United States
62,Gilead Sciences,GILD,187146436608,150.93,United States
63,Deere &amp; Company (John Deere),DE,186165559296,690.46,United States
64,Walt Disney,DIS,183287808000,106.15,United States
65,T-Mobile US,TMUS,177452056576,165.43,United States
66,BlackRock,BLK,176499523584,1086.31,United States
67,Abbott Laboratories,ABT,176428253184,101.29,United States
68,Pepsico,PEP,175708585984,128.63,United States
69,AT&T,T,173913538560,25.38,United States
70,Southern Copper,SCCO,172178554880,203.92,United States
71,Charles Schwab,SCHW,171256102912,99.03,United States
72,McDonald,MCD,167357218816,236.5,United States
73,Welltower,WELL,166718750720,231.37,United States
74,Western Digital,WDC,164698701824,456.81,United States
75,Pfizer,PFE,163409641472,28.67,United States
76,Union Pacific Corporation,UNP,162651947008,273.79,United States
77,Nextera Energy,NEE,158672863232,76.08,United States
78,Danaher,DHR,157813342208,224.49,United States
79,Boeing,BA,156434202624,198.07,United States
80,ConocoPhillips,COP,152930271232,127.3,United States
81,Interactive Brokers,IBKR,152048500736,89.24,United States
82,Intuitive Surgical,ISRG,145167089664,405.18,United States
83,TJX Companies,TJX,143677849600,130.06,United States
84,Uber,UBER,142203043840,69.62,United States
85,Blackstone Group,BX,141547159552,118.42,United States
86,ServiceNow,NOW,140212355072,135.62,United States
87,Corning,GLW,134739640320,156.74,United States
88,Vertex Pharmaceuticals,VRTX,133283930112,526.19,United States
89,Prologis,PLD,129336762368,133.05,United States
90,Bristol-Myers Squibb,BMY,128405045248,62.86,United States
91,Newmont,NEM,127949856768,121.43,United States
92,Fortinet,FTNT,127269978112,173.46,United States
93,Booking Holdings (Booking.com),BKNG,127041323008,163.95,United States
94,Cloudflare,NET,124278939648,349.02,United States
95,Parker-Hannifin,PH,123379564544,978.33,United States
96,Capital One,COF,122822705152,200.2,United States
97,Lockheed Martin,LMT,119909646336,519.56,United States
98,Progressive,PGR,119272202240,205.5,United States
99,S&P Global,SPGI,118892838912,403.3,United States
100,Snowflake,SNOW,118519635968,335.94,United States
101,Altria Group,MO,114911772672,68.82,United States
102,Marathon Petroleum,MPC,114882904064,393.52,United States
103,CVS Health,CVS,113994629120,89.13,United States
104,Valero Energy,VLO,111479750656,387.18,United States
105,Starbucks,SBUX,108140404736,94.86,United States
106,Robinhood,HOOD,107350425600,119.4,United States
107,Lowe's Companies,LOW,106196303872,189.28,United States
108,Automatic Data Processing,ADP,104746278912,263.67,United States
109,Stryker Corporation,SYK,104469954560,272.36,United States
110,AppLovin,APP,103992647680,310.75,United States
111,Freeport-McMoRan,FCX,103838425088,72.31,United States
112,Phillips 66,PSX,102049603584,255.75,United States
113,BNY Mellon (Bank of New York Mellon),BNY,101877391360,150.15,United States
114,McKesson,MCK,101041872896,866.64,United States
115,Equinix,EQIX,99468959744,1008.08,United States
116,Quanta Services,PWR,97592410112,649.13,United States
117,Vertiv Holdings,VRT,97509801984,253.28,United States
118,HCA Healthcare,HCA,96635633664,435.61,United States
119,Datadog,DDOG,96278781952,268.13,United States
120,Southern Company,SO,95342084096,82.88,United States
121,CME Group,CME,95101526016,264.48,United States
122,Airbnb,ABNB,94290780160,157.47,United States
123,Adobe,ADBE,93599326208,235.47,United States
124,Constellation Energy,CEG,93278502912,263.27,United States
125,Howmet Aerospace,HWM,92713353216,232.48,United States
126,U.S. Bancorp,USB,92439199744,59.33,United States
127,Marriott International,MAR,91797553152,352.03,United States
128,General Dynamics,GD,91102011392,336.72,United States
129,PNC Financial Services,PNC,90017652736,225.64,United States
130,Cadence Design Systems,CDNS,89951870976,326.13,United States
131,KKR & Co.,KKR,89283493888,96.67,United States
132,Emerson,EMR,88624619520,158.23,United States
133,Duke Energy,DUK,88379244544,113.35,United States
134,3M,MMM,87440736256,169.55,United States
135,CSX Corporation,CSX,86658768896,46.78,United States
136,Intercontinental Exchange,ICE,86628786176,154.31,United States
137,Elevance Health,ELV,85899755520,396.09,United States
138,Bloom Energy,BE,85030051840,288.7,United States
139,Williams Companies,WMB,84716584960,69.26,United States
140,Lumentum,LITE,84466008064,941.65,United States
141,Monster Beverage,MNST,84454719488,43.11,United States
142,DoorDash,DASH,83782492160,193.36,United States
143,Hewlett Packard Enterprise,HPE,83550633984,62.94,United States
144,Waste Management,WM,82673098752,206.83,United States
145,Marsh & McLennan Companies,MRSH,81660387328,171.12,United States
146,Synopsys,SNPS,81591214080,425.76,United States
147,Moody's,MCO,81169932288,468.7,United States
148,Regeneron Pharmaceuticals,REGN,81132650496,788.04,United States
149,United Parcel Service,UPS,79939436544,93.96,United States
150,Sherwin-Williams,SHW,79891709952,329.1,United States
151,Cintas,CTAS,79867445248,199.91,United States
152,Moderna,MRNA,79400042496,198.88,United States
153,Enterprise Products,EPD,79360786432,36.75,United States
154,American Tower,AMT,78761230336,169.03,United States
155,Ecolab,ECL,78349041664,279.49,United States
156,Illinois Tool Works,ITW,78126342144,274.32,United States
157,Simon Property Group,SPG,77754482688,204.82,United States
158,Comcast,CMCSA,77750632448,21.91,United States
159,Warner Bros. Discovery,WBD,77370245120,30.86,United States
160,Mondelez International,MDLZ,77339901952,60.25,United States
161,SLB (Schlumberger),SLB,76492742656,51.54,United States
162,The Travelers Companies,TRV,75721080832,363.04,United States
163,Motorola Solutions,MSI,75610808320,456.88,United States
164,Ross Stores,ROST,75429265408,236.12,United States
165,EOG Resources,EOG,74754416640,140.35,United States
166,General Motors,GM,74734829568,82.63,United States
167,Intuit,INTU,73701015552,275.79,United States
168,Northrop Grumman,NOC,72526012416,510.52,United States
169,Cummins,CMI,72452538368,525.06,United States
170,Carvana,CVNA,72116649984,65.06,United States
171,The Cigna Group,CI,71876059136,272.01,United States
172,Apollo Global Management,APO,71863197696,121.69,United States
173,Target,TGT,71528185856,157.45,United States
174,Hilton Worldwide,HLT,70661373952,313.96,United States
175,Norfolk Southern,NSC,70302416896,313.0,United States
176,O'Reilly Automotive,ORLY,69663653888,86.115,United States
177,Energy Transfer LP,ET,69520220160,20.19,United States
178,Colgate-Palmolive,CL,68604690432,86.06,United States
179,Kinder Morgan,KMI,68413394944,30.75,United States
180,FedEx,FDX,67652243456,285.85,United States
181,Digital Realty,DLR,67454517248,178.61,United States
182,Honeywell,HON,67365597184,212.55,United States
183,Monolithic Power Systems,MPWR,67199614976,1367.43,United States
184,United Rentals,URI,65171623936,1047.06,United States
185,Republic Services,RSG,64947777536,212.1,United States
186,Royal Caribbean Group,RCL,64910618624,242.7,United States
187,American Electric Power,AEP,64429428736,118.35,United States
188,Boston Scientific,BSX,63650160640,43.92,United States
189,Astera Labs,ALAB,63256137728,364.62,United States
190,"Strategy 
 (MicroStrategy)",MSTR,63012843520,158.61,United States
191,Air Products and Chemicals,APD,62743879680,281.76,United States
192,TransDigm Group,TDG,62433062912,1116.2,United States
193,Teradyne,TER,62283030528,398.38,United States
194,MetLife,MET,62086094848,97.7,United States
195,Keysight,KEYS,61654134784,362.15,United States
196,Targa Resources,TRGP,59577516032,277.84,United States
197,Natera,NTRA,59468120064,412.56,United States
198,Arthur J. Gallagher & Co.,AJG,59240402944,231.1,United States
199,W. W. Grainger,GWW,58689212416,1243.07,United States
200,Paccar,PCAR,58589683712,111.31,United States
201,Cencora,COR,58568675328,306.92,United States
202,Comfort Systems USA,FIX,58384224256,1658.91,United States
203,Truist Financial Corporation,TFC,58222706688,47.66,United States
204,Coherent Corp.,COHR,57933049856,295.83,United States
205,Fastenal,FAST,57868304384,50.43,United States
206,MPLX,MPLX,57636872192,56.8,United States
207,Allstate,ALL,57550471168,227.6,United States
208,Ametek,AME,57470361600,250.74,United States
209,Baker Hughes,BKR,57406341120,57.83,United States
210,Aflac,AFL,57012760576,113.72,United States
211,Occidental Petroleum,OXY,56839380992,56.86,United States
212,Nucor,NUE,56095010816,247.25,United States
213,Oneok,OKE,55873167360,88.63,United States
214,Delta Air Lines,DAL,55858503680,84.94,United States
215,Cheniere Energy,LNG,55462686720,268.54,United States
216,Public Storage,PSA,53807853568,287.97,United States
217,Dominion Energy,D,53369634816,60.68,United States
218,Nike,NKE,53035081728,35.75,United States
219,Realty Income,O,52552949760,55.54,United States
220,Diamondback Energy,FANG,52512755712,186.67,United States
221,Corteva,CTVA,52388229120,78.52,United States
222,Nasdaq,NDAQ,52292333568,93.55,United States
223,Devon Energy,DVN,51754999808,47.05,United States
224,Coinbase,COIN,51477221376,195.11,United States
225,Cardinal Health,CAH,50993999872,220.22,United States
226,Sempra,SRE,50958454784,77.93,United States
227,Ford,F,50682343424,12.71,United States
228,Ciena,CIEN,50612883456,356.91,United States
229,Honeywell Aerospace,HONA,50325753856,158.78,United States
230,Becton Dickinson,BDX,50070147072,183.82,United States
231,State Street Corporation,STT,49814417408,181.34,United States
232,Edwards Lifesciences,EW,49685782528,86.29,United States
233,Cerebras Systems,CBRS,49116368896,206.75,United States
234,Agilent Technologies,A,48714485760,172.79,United States
235,Wabtec,WAB,48646324224,288.0,United States
236,CoreWeave,CRWV,48309088256,87.59,United States
237,Rockwell Automation,ROK,48211779584,434.15,United States
238,eBay,EBAY,48015499264,107.9,United States
239,Humana,HUM,47783555072,397.93,United States
240,Vivmark Residential,VMRK,47595151360,61.51,United States
241,PayPal,PYPL,47444480000,55.04,United States
242,Rocket Lab,RKLB,47284441088,73.95,United States
243,Fifth Third Bank,FITB,47232450560,52.1,United States
244,Entergy,ETR,47094525952,98.57,United States
245,Carrier Global,CARR,46819815424,56.37,United States
246,Medline,MDLN,46686531584,34.7,United States
247,Vistra,VST,46472052736,138.46,United States
248,AutoZone,AZO,46451441664,2872.16,United States
249,Block,XYZ,45912752128,76.42,United States
250,Workday,WDAY,45657448448,189.45,United States
251,Veeva Systems,VEEV,45444575232,280.68,United States
252,IQVIA,IQV,44502900736,270.37,United States
253,Ventas,VTR,44416024576,86.59,United States
254,L3Harris Technologies,LHX,44261355520,237.69,United States
255,Revolution Medicines,RVMD,43932536832,204.97,United States
256,Autodesk,ADSK,43764596736,209.4,United States
257,Xcel Energy,XEL,43599474688,69.8,United States
258,Ameriprise Financial,AMP,43581198336,493.0,United States
259,Keurig Dr Pepper,KDP,43478392832,31.95,United States
260,HEICO,HEI,43119353856,308.53,United States
261,Microchip Technology,MCHP,42729357312,78.69,United States
262,Waters Corporation,WAT,42567495680,433.54,United States
263,Twilio,TWLO,42356043776,275.8,United States
264,Everpure,P,41986633728,126.0,United States
265,Exelon Corporation,EXC,41560444928,40.34,United States
266,Prudential Financial,PRU,41210249216,119.45,United States
267,IDEXX Laboratories,IDXX,40960786432,519.26,United States
268,BeOne Medicines,ONC,40820133888,360.85,United States
269,Illumina,ILMN,40769998848,270.0,United States
270,Ares Management,ARES,40479981568,122.01,United States
271,MSCI,MSCI,40083869696,551.36,United States
272,Live Nation,LYV,39805788160,170.87,United States
273,Credo Technology,CRDO,39652216832,210.97,United States
274,Chipotle Mexican Grill,CMG,39645544448,31.33,United States
275,D. R. Horton,DHI,39580528640,141.51,United States
276,NetApp,NTAP,39508701184,201.145,United States
277,Waste Connections,WCN,39134109696,155.56,United States
278,Archer Daniels Midland (ADM),ADM,39096311808,81.12,United States
279,CBRE Group,CBRE,38962356224,134.55,United States
280,American International Group,AIG,38782988288,74.17,United States
281,Consolidated Edison,ED,38129332224,103.1,United States
282,Yum! Brands,YUM,37832278016,138.63,United States
283,Take-Two Interactive,TTWO,37665341440,201.44,United States
284,Sysco,SYY,37626929152,78.46,United States
285,PG&amp;E Corporation,PCG,37049208832,12.34,United States
286,United Airlines Holdings,UAL,36997701632,113.99,United States
287,Paychex,PAYX,36085743616,101.37,United States
288,Old Dominion Freight Line,ODFL,35934904320,173.3,United States
289,Roper Technologies,ROP,35461898240,358.56,United States
290,Axon Enterprise,AXON,34941022208,430.11,United States
291,Kroger,KR,34691178496,58.74,United States
292,TKO Group Holdings,TKO,34573897728,182.67,United States
293,Rocket Companies,RKT,34461089792,12.17,United States
294,Martin Marietta Materials,MLM,34394685440,484.3,United States
295,Alnylam Pharmaceuticals,ALNY,34249783296,255.96,United States
296,Kenvue,KVUE,34189766656,17.8,United States
297,Estee Lauder,EL,34178764800,94.47,United States
298,Okta,OKTA,34123296768,195.19,United States
299,Ubiquiti,UI,33936445440,560.67,United States
300,The Hartford,HIG,33650429952,124.23,United States
301,Biogen,BIIB,33628811264,227.6,United States
302,Emcor,EME,33621008384,762.21,United States
303,Steel Dynamics,STLD,33490042880,233.66,United States
304,The Hershey Company,HSY,33428000768,166.37,United States
305,PSEG,PEG,33397499904,67.02,United States
306,Jabil,JBL,33190260736,316.74,United States
307,Roblox,RBLX,33175617536,46.44,United States
308,Iron Mountain,IRM,33158137856,111.38,United States
309,MongoDB,MDB,33063546880,410.44,United States
310,WEC Energy Group,WEC,33057417216,101.45,United States
311,DexCom,DXCM,32686991360,86.62,United States
312,Kimberly-Clark,KMB,32672888832,98.43,United States
313,Northern Trust,NTRS,32150794240,175.73,United States
314,M&T Bank,MTB,32057729024,221.19,United States
315,ResMed,RMD,32024010752,222.0,United States
316,EQT Corporation,EQT,31782469632,50.81,United States
317,Vulcan Materials,VMC,31746789376,245.0,United States
318,Expedia Group,EXPE,31705511936,264.17,United States
319,Huntington Bancshares,HBAN,31599288320,15.64,United States
320,Venture Global,VG,31551172608,12.62,United States
321,Zscaler,ZS,31477710848,193.05,United States
322,Sunbelt Rentals,SUNB,30756952064,75.06,United States
323,Raymond James Financial,RJF,30752866304,159.87,United States
324,"Cheniere Energy
Partners",CQP,30703779840,63.43,United States
325,Centene,CNC,30538770432,61.82,United States
326,Carnival Corporation,CCL,30474694656,22.25,United States
327,GE HealthCare Technologies,GEHC,30309437440,66.63,United States
328,Mettler Toledo,MTD,30288066560,1511.64,United States
329,ON Semiconductor,ON,30055397376,77.2,United States
330,Extra Space Storage,EXR,29430685696,133.35,United States
331,Zoetis,ZTS,29359538176,71.05,United States
332,Crown Castle,CCI,28862894080,67.84,United States
333,Reddit,RDDT,28828692480,149.84,United States
334,Teledyne Technologies,TDY,28453040128,614.15,United States
335,HP,HPQ,28226056192,31.3,United States
336,Kraft Heinz,KHC,28021014528,23.63,United States
337,Supermicro,SMCI,27983726592,43.26,United States
338,Citizens Financial Group,CFG,27599714304,65.53,United States
339,Dollar General,DG,27541798912,124.84,United States
340,Ameren,AEE,27515451392,99.39,United States
341,Halliburton,HAL,27367628800,32.76,United States
342,GlobalFoundries,GFS,27313512448,49.0,United States
343,Williams-Sonoma,WSM,27310399488,231.9,United States
344,Cognizant Technology Solutions,CTSH,27117090816,57.33,United States
345,Cboe Global Markets,CBOE,26946334720,258.03,United States
346,Copart,CPRT,26577678336,27.59,United States
347,Atmos Energy,ATO,26566692864,157.21,United States
348,Symbotic,SYM,26315208704,43.47,United States
349,EchoStar,ECHO,26205415424,90.11,United States
350,Zoom,ZM,26175916032,89.71,United States
351,Corpay,CPAY,26139742208,398.11,United States
352,Qnity Electronics,Q,26102505472,124.69,United States
353,Quest Diagnostics,DGX,26083432448,236.32,United States
354,West Pharmaceutical Services,WST,26069997568,370.44,United States
355,American Water,AWK,26015612928,130.91,United States
356,VeriSign,VRSN,25967400960,287.25,United States
357,VICI Properties,VICI,25886332928,23.51,United States
358,Dover Corporation,DOV,25842442240,191.88,United States
359,Insmed,INSM,25731893248,117.83,United States
360,DTE Energy,DTE,25270214656,121.44,United States
361,ATI Inc.,ATI,25256882176,185.48,United States
362,Las Vegas Sands,LVS,25253869568,38.99,United States
363,Incyte,INCY,25112223744,123.89,United States
364,LabCorp,LH,25111805952,309.64,United States
365,Otis Worldwide,OTIS,25101336576,65.94,United States
366,F5,FFIV,25089239040,443.06,United States
367,FirstEnergy,FE,25046069248,43.3,United States
368,SharkNinja,SN,25038510080,177.74,United States
369,Cincinnati Financial,CINF,24946321408,162.54,United States
370,Coupang,CPNG,24915490816,13.88,United States
371,W. R. Berkley,WRB,24805423104,66.82,United States
372,LPL Financial,LPLA,24753424384,314.36,United States
373,Fiserv,FISV,24716517376,46.48,United States
374,Hubbell,HUBB,24657029120,466.62,United States
375,Principal Financial Group,PFG,24572788736,114.77,United States
376,Expeditors International,EXPD,24368044032,187.46,United States
377,CenterPoint Energy,CNP,24267253760,36.84,United States
378,Circle Internet Group,CRCL,24260876288,89.0,United States
379,Affirm,AFRM,24132366336,71.52,United States
380,PPL,PPL,24104009728,32.03,United States
381,AST SpaceMobile,ASTS,24054441984,61.81,United States
382,Eversource Energy,ES,23982880768,63.67,United States
383,Xylem,XYL,23962750976,102.63,United States
384,PPG Industries,PPG,23901696000,107.52,United States
385,Fox Corporation,FOX,23841427456,56.54,United States
386,Guardant Health,GH,23786270720,177.25,United States
387,Synchrony Financial,SYF,23732549632,72.94,United States
388,Formula One Group,FWONK,23719528448,94.61,United States
389,Veralto,VLTO,23682084864,97.14,United States
390,First Citizens BancShares,FCNCA,23606687744,2090.36,United States
391,Regions Financial,RF,23530295296,27.62,United States
392,Texas Pacific Land Corporation,TPL,23525193728,341.07,United States
393,ULTA Beauty,ULTA,23311374336,545.2,United States
394,Entegris,ENTG,23132846080,151.89,United States
395,Global Payments,GPN,22886844416,86.49,United States
396,Church & Dwight,CHD,22861711360,96.38,United States
397,PulteGroup,PHM,22829789184,119.85,United States
398,Tapestry,TPR,22706724864,113.88,United States
399,Darden Restaurants,DRI,22679965696,199.75,United States
400,Roku,ROKU,22660608000,152.68,United States
401,Rubrik,RBRK,22548518912,109.55,United States
402,T. Rowe Price,TROW,22506956800,105.51,United States
403,Pershing Square Inc.,PS,22464000000,56.16,United States
404,Rivian,RIVN,22398404608,15.47,United States
405,Samsara,IOT,22229571584,37.96,United States
406,Verisk Analytics,VRSK,22170206208,169.21,United States
407,Casey's General Stores,CASY,22119182336,598.46,United States
408,Tradeweb,TW,22062053376,101.19,United States
409,KeyCorp (KeyBank),KEY,21993521152,20.61,United States
410,International Flavors & Fragrances,IFF,21876955136,85.69,United States
411,MACOM Technology Solutions,MTSI,21809246208,285.57,United States
412,Omnicom Group,OMC,21703223296,76.15,United States
413,"Arxis, Inc.",ARXS,21593016320,50.12,United States
414,Loews Corporation,L,21428113408,104.82,United States
415,SoFi,SOFI,21414236160,16.58,United States
416,Markel Group,MKL,21406502912,1727.73,United States
417,Dollar Tree,DLTR,21402988544,114.07,United States
418,Royal Gold,RGLD,21392936960,252.49,United States
419,Ralph Lauren,RL,21276817408,357.1,United States
420,J. B. Hunt,JBHT,21170694144,225.46,United States
421,Packaging Corporation of America,PKG,21132333056,237.18,United States
422,NRG Energy,NRG,21098825728,100.37,United States
423,Bunge Global SA,BG,20940984320,109.0,United States
424,Tenet Healthcare,THC,20911589376,259.71,United States
425,Southwest Airlines,LUV,20879405056,42.68,United States
426,TD Synnex,SNX,20794888192,263.03,United States
427,Expand Energy,EXE,20774631424,86.84,United States
428,Viatris,VTRS,20479375360,17.83,United States
429,United Therapeutics,UTHR,20392380416,475.45,United States
430,Brown &amp; Brown,BRO,20351002624,60.82,United States
431,XPO Logistics,XPO,20275863552,173.17,United States
432,Edison International,EIX,20260456448,52.65,United States
433,Dow,DOW,20239988736,28.02,United States
434,US Foods,USFD,20190146560,93.33,United States
435,Curtiss-Wright,CW,19934625792,539.73,United States
436,SiTime,SITM,19915145216,662.27,United States
437,Lennar,LEN,19789535232,82.15,United States
438,Reliance,RS,19771805696,387.28,United States
439,Coeur Mining,CDE,19756908544,19.22,United States
440,Carpenter Technology,CRS,19666821120,396.84,United States
441,Woodward,WWD,19503425536,330.31,United States
442,CMS Energy,CMS,19446489088,62.95,United States
443,Constellation Brands,STZ,19408498688,113.63,United States
444,First Solar,FSLR,19098458112,177.71,United States
445,Snap-on,SNA,19097655296,369.2,United States
446,HF Sinclair,DINO,18990870528,106.82,United States
447,Best Buy,BBY,18982453248,90.51,United States
448,Broadridge Financial Solutions,BR,18941360128,163.77,United States
449,NiSource,NI,18904258560,39.42,United States
450,Western Midstream,WES,18840760320,45.6,United States
451,LyondellBasell,LYB,18781425664,58.14,United States
452,Essex Property Trust,ESS,18721042432,271.61,United States
453,Fair Isaac (FICO),FICO,18640703488,863.09,United States
454,International Paper,IP,18545537024,35.02,United States
455,ITT,ITT,18530361344,206.26,United States
456,SS&C Technologies,SSNC,18446229504,78.61,United States
457,IonQ,IONQ,18425569280,45.48,United States
458,Nutanix,NTNX,18406889472,68.03,United States
459,Fidelity National Information Services,FIS,18302689280,35.41,United States
460,Unity Software,U,18285694976,41.55,United States
461,Nordson,NDSN,18151235584,325.77,United States
462,Lattice Semiconductor,LSCC,18150987776,128.05,United States
463,Evergy,EVRG,17993461760,78.04,United States
464,General Mills,GIS,17986875392,33.64,United States
465,FTAI Aviation,FTAI,17979901952,175.06,United States
466,Tyson Foods,TSN,17913731072,50.92,United States
467,WESCO International,WCC,17906401280,367.44,United States
468,Permian Resources,PR,17890220032,21.36,United States
469,Genuine Parts Company,GPC,17868003328,129.61,United States
470,Dupont De Nemours,DD,17783406592,131.71,United States
471,Toast,TOST,17686800384,30.6,United States
472,MKS Instruments,MKSI,17636012032,260.82,United States
473,SBA Communications,SBAC,17626540032,166.15,United States
474,Zebra Technologies,ZBRA,17626261504,370.04,United States
475,Onto Innovation,ONTO,17581545472,287.64,United States
476,East West Bancorp,EWBC,17432018944,127.23,United States
477,Equifax,EFX,17400688640,148.11,United States
478,Zimmer Biomet,ZBH,17364760576,91.04,United States
479,CF Industries,CF,17353943040,114.67,United States
480,TPG Inc.,TPG,17337284608,44.39,United States
481,Medpace,MEDP,17273966592,618.88,United States
482,Plains All American Pipeline,PAA,17229932544,24.42,United States
483,C. H. Robinson,CHRW,17188820992,147.1,United States
484,News Corp,NWS,17135744000,31.75,United States
485,Fortive,FTV,17099655168,56.09,United States
486,MasTec,MTZ,17092908032,212.85,United States
487,Semtech,SMTC,17013261312,182.3,United States
488,IDEX,IEX,16961473536,230.08,United States
489,CDW Corporation,CDW,16931108864,135.43,United States
490,FedEx Freight,FDXF,16922462208,113.18,United States
491,Revvity,RVTY,16861820928,151.11,United States
492,Tractor Supply,TSCO,16813965312,32.27,United States
493,NVR,NVR,16782222336,6297.6,United States
494,Franklin Resources,BEN,16776698880,33.02,United States
495,Dynatrace,DT,16747672576,57.95,United States
496,Ovintiv,OVV,16631958528,60.13,United States
497,Bitmine Immersion Technologies,BMNR,16624918528,27.56,United States
498,APi Group,APG,16620883968,38.46,United States
499,Clean Harbors,CLH,16524520448,313.04,United States
500,Alliant Energy,LNT,16490507264,63.6,United States
501,Akamai,AKAM,16375070720,113.94,United States
502,Jacobs Engineering,J,16338850816,138.37,United States
503,DigitalOcean,DOCN,16337906688,139.75,United States
504,Reinsurance Group of America,RGA,16237258752,248.65,United States
505,RBC Bearings,RBC,16022744064,506.1,United States
506,Burlington Stores,BURL,15998402560,254.69,United States
507,Invitation Homes,INVH,15722390528,26.62,United States
508,Sterling Infrastructure,STRL,15670191104,512.29,United States
509,Host Hotels & Resorts,HST,15575767040,22.42,United States
510,Leidos,LDOS,15548341248,123.61,United States
511,Corebridge Financial,CRBG,15544086528,34.87,United States
512,Annaly Capital Management,NLY,15534054400,20.61,United States
513,Tempus AI,TEM,15338758144,85.01,United States
514,Solventum,SOLV,15235023872,89.5,United States
515,Ball Corporation,BALL,15130789888,56.83,United States
516,W. P. Carey,WPC,15056416768,66.09,United States
517,Kimco Realty,KIM,15052514304,22.44,United States
518,PTC,PTC,14986885120,138.12,United States
519,APA Corporation,APA,14974024704,42.74,United States
520,Hyatt Hotels,H,14934637568,158.48,United States
521,Jones Lang LaSalle,JLL,14810340352,321.91,United States
522,Lincoln Electric,LECO,14809214976,271.7,United States
523,Viper Energy,VNOM,14701846528,40.93,United States
524,Equitable Holdings,EQH,14685710336,53.84,United States
525,Charter Communications,CHTR,14673513472,112.91,United States
526,Lamar Advertising,LAMR,14621122560,143.98,United States
527,Blue Owl Capital,OWL,14605897728,9.32,United States
528,Omega Healthcare Investors,OHI,14596492288,46.28,United States
529,Talen Energy,TLN,14586059776,304.42,United States
530,Unum,UNM,14578472960,92.09,United States
531,Aramark,ARMK,14478286848,54.92,United States
532,Rollins,ROL,14448796672,30.03,United States
533,Weyerhaeuser,WY,14421927936,20.01,United States
534,Exelixis,EXEL,14410983424,58.16,United States
535,Healthpeak Properties,DOC,14398718976,20.31,United States
536,Performance Food Group,PFGC,14379984896,91.55,United States
537,Sun Communities,SUI,14353654784,112.26,United States
538,Pinnacle Financial Partners,PNFP,14351167488,94.97,United States
539,Carlyle Group,CG,14264001536,40.03,United States
540,Warner Music Group,WMG,14197198848,27.14,United States
541,Mid-America Apartment Communities,MAA,14122307584,118.35,United States
542,Sunoco,SUN,14085820416,74.76,United States
543,Neurocrine Biosciences,NBIX,14068246528,138.4,United States
544,Charles River Laboratories,CRL,13979850752,292.84,United States
545,Stanley Black &amp; Decker,SWK,13802920960,91.4,United States
546,Ares Capital,ARCC,13786039296,19.2,United States
547,Penske Automotive Group,PAG,13764250624,209.62,United States
548,Regency Centers,REG,13690988544,73.23,United States
549,CACI International Inc,CACI,13664622592,618.32,United States
550,Invesco,IVZ,13651173376,30.92,United States
551,TTM Technologies,TTMI,13607912448,129.17,United States
552,Masco,MAS,13576353792,68.85,United States
553,Trimble,TRMB,13489453056,57.85,United States
554,Somnigroup International,SGI,13452872704,63.95,United States
555,Dick's Sporting Goods,DKS,13441978368,136.43,United States
556,Skyworks Solutions,SWKS,13437268992,89.34,United States
557,Mueller Industries,MLI,13385897984,60.52,United States
558,Tyler Technologies,TYL,13332831232,325.57,United States
559,Textron,TXT,13318156288,76.59,United States
560,UL Solutions,ULS,13313245184,66.05,United States
561,Amkor Technology,AMKR,13288445952,53.61,United States
562,TransUnion,TRU,13252971520,69.17,United States
563,Quantinuum Inc.,QNT,13159014400,49.53,United States
564,Watsco,WSO,13086433280,317.23,United States
565,Assurant,AIZ,13070798848,265.0,United States
566,Avery Dennison,AVY,13029371904,170.34,United States
567,Vicor,VICR,13000253440,281.96,United States
568,Carlisle Companies,CSL,12961501184,326.37,United States
569,Wayfair,W,12955456512,98.15,United States
570,Albemarle,ALB,12948695040,109.73,United States
571,Gen Digital,GEN,12941451264,21.62,United States
572,Halozyme Therapeutics,HALO,12927422464,113.9,United States
573,J.M. Smucker Company,SJM,12925604864,121.0,United States
574,Lennox,LII,12917743616,373.77,United States
575,IES Holdings,IESC,12916163584,324.13,United States
576,"QXO, Inc.",QXO,12896009216,12.43,United States
577,McCormick & Company,MKC,12888742912,47.94,United States
578,Globe Life,GL,12836931584,167.04,United States
579,RPM International,RPM,12820463616,100.44,United States
580,BridgeBio Pharma,BBIO,12818475008,65.57,United States
581,BWX Technologies,BWXT,12686896128,138.47,United States
582,SEI Investments,SEIC,12680027136,105.65,United States
583,Coca-Cola Consolidated,COKE,12666519552,190.29,United States
584,Toll Brothers,TOL,12655468544,137.34,United States
585,Madison Air Solutions,MAIR,12623341568,25.16,United States
586,DocuSign,DOCU,12615915520,67.5,United States
587,Graco,GGG,12609724416,77.86,United States
588,Webster Financial,WBS,12568934400,77.57,United States
589,AMH (American Homes 4 Rent),AMH,12560928768,30.64,United States
590,Penumbra,PEN,12560893952,318.89,United States
591,Corcept Therapeutics,CORT,12550223872,116.1,United States
592,UDR Apartments,UDR,12538249216,33.84,United States
593,BorgWarner,BWA,12488820736,61.32,United States
594,DT Midstream,DTM,12474430464,122.28,United States
595,CNA Financial,CNA,12442230784,45.98,United States
596,Forgent Power Solutions,FPS,12430837760,38.97,United States
597,Hasbro,HAS,12424606720,88.09,United States
598,Nextpower,NXT,12421660672,80.85,United States
599,GoDaddy,GDDY,12302558208,97.14,United States
600,Generac,GNRC,12293567488,208.14,United States
601,Five Below,FIVE,12255029248,222.6,United States
602,Brown Forman,BF-A,12247087104,26.69,United States
603,Applied Industrial Technologies,AIT,12246714368,333.39,United States
604,Pershing Square Holdings,PSHD.L,12225084416,56.685,United States
605,Hecla Mining,HL,12200258560,18.19,United States
606,Encompass Health,EHC,12180733952,123.47,United States
607,Twist Bioscience,TWST,12121843712,182.83,United States
608,Aurora Innovation,AUR,12105097216,6.04,United States
609,Baxter,BAX,12082196480,23.37,United States
610,Sanmina,SANM,12047078400,224.77,United States
611,Manhattan Associates,MANH,12012573696,206.03,United States
612,Crane Company,CR,11954847744,206.83,United States
613,Watts Water Technologies,WTS,11944121344,357.79,United States
614,Guidewire Software,GWRE,11934853120,145.56,United States
615,Madrigal Pharmaceuticals,MDGL,11934667776,516.56,United States
616,Equity LifeStyle Properties,ELS,11868735488,59.23,United States
617,Gartner,IT,11865692160,187.9,United States
618,U-Haul,UHAL,11852171264,60.97,United States
619,Arrow Electronics,ARW,11850782720,232.8,United States
620,BJ's Wholesale Club,BJ,11847054336,93.79,United States
621,GameStop,GME,11800278016,23.39,United States
622,Ally Financial,ALLY,11799906304,38.79,United States
623,SailPoint,SAIL,11783615488,20.64,United States
624,Crown Holdings,CCK,11752660992,108.06,United States
625,BioMarin Pharmaceutical,BMRN,11664754688,60.26,United States
626,Erie Indemnity,ERIE,11653319680,222.86,United States
627,Gaming and Leisure Properties,GLPI,11617624064,38.79,United States
628,"BXP, Inc.",BXP,11467628544,63.4,United States
629,American Financial Group,AFG,11461404672,138.22,United States
630,DaVita,DVA,11455096832,178.47,United States
631,AGNC Investment,AGNC,11404332032,9.62,United States
632,Bio-Techne,TECH,11386572800,72.61,United States
633,CoStar Group,CSGP,11382000640,28.09,United States
634,Rambus,RMBS,11371683840,105.16,United States
635,American Healthcare REIT,AHR,11340296192,52.02,United States
636,Alcoa,AA,11308519424,42.85,United States
637,Essential Utilities,WTRG,11217767424,39.53,United States
638,Advanced Energy,AEIS,11201306624,279.68,United States
639,BrightSpring Health Services,BTSG,11197136896,56.59,United States
640,Dayforce,DAY,11180042240,69.86,United States
641,10x Genomics,TXG,11167255552,85.71,United States
642,Paramount Skydance,PSKY,11146963968,9.96,United States
643,Elanco,ELAN,11146562560,22.31,United States
644,Confluent,CFLT,11133729792,30.99,United States
645,Pinnacle West Capital,PNW,11118633984,91.74,United States
646,First Horizon Corporation,FHN,11114811392,23.46,United States
647,Figma,FIG,11113255936,20.85,United States
648,Fidelity National Financial,FNF,11108546560,41.42,United States
649,JFrog,FROG,10996011008,89.18,United States
650,DraftKings,DKNG,10931918848,22.02,United States
651,Littelfuse,LFUS,10901650432,429.22,United States
652,Hormel Foods,HRL,10847413248,19.71,United States
653,EastGroup Properties,EGP,10836399104,201.52,United States
654,Antero Resources,AR,10760365056,35.0,United States
655,Globalstar,GSAT,10738213888,82.88,United States
656,Deckers Brands,DECK,10713425920,78.67,United States
657,Repligen,RGEN,10704707584,189.68,United States
658,HubSpot,HUBS,10658402304,213.74,United States
659,Stifel,SF,10622970880,70.35,United States
660,Service Corporation International,SCI,10608935936,77.84,United States
661,AES,AES,10604654592,14.87,United States
662,Pinterest,PINS,10586973184,18.9,United States
663,Universal Health Services,UHS,10541385728,178.86,United States
664,Cooper Companies,COO,10530800640,55.38,United States
665,Modine Manufacturing,MOD,10520034304,198.07,United States
666,Texas Roadhouse,TXRH,10486137856,159.75,United States
667,Align Technology,ALGN,10427230208,146.78,United States
668,Qorvo,QRVO,10407078912,117.97,United States
669,Huntington Ingalls Industries,HII,10403602432,264.02,United States
670,Regal Rexnord,RRX,10400317440,156.18,United States
671,Dillard's,DDS,10372409344,664.07,United States
672,Knight-Swift Transportation,KNX,10362674176,63.67,United States
673,Jack Henry &amp; Associates,JKHY,10361942016,147.79,United States
674,UMB Financial,UMBF,10315534336,135.82,United States
675,Avantor,AVTR,10314472448,15.25,United States
676,New York Times,NYT,10294731776,63.83,United States
677,Krystal Biotech,KRYS,10235869184,345.82,United States
678,"Popular, Inc. (Banco Popular de Puerto Rico)",BPOP,10235173888,160.48,United States
679,Apogee Therapeutics,APGE,10223142912,135.07,United States
680,Axsome Therapeutics,AXSM,10218973184,195.09,United States
681,The Ensign Group,ENSG,10209915904,175.18,United States
682,Bio-Rad Laboratories,BIO,10196168704,381.0,United States
683,Chime Financial,CHYM,10138509312,26.78,United States
684,Clorox,CLX,10134019072,83.8,United States
685,Donaldson Company,DCI,10131785728,87.41,United States
686,Evercore,EVR,10110934016,262.91,United States
687,FormFactor,FORM,10109954048,129.69,United States
688,ViaSat,VSAT,10058928128,73.02,United States
689,Advanced Drainage Systems,WMS,10038713344,133.13,United States
690,VIAVI Solutions,VIAV,10037782528,40.68,United States
691,Globus Medical,GMED,10005197824,74.52,United States
692,Instacart (Maplebear Inc.),CART,9998487552,43.19,United States
693,Molina Healthcare,MOH,9962892288,190.86,United States
694,Paycom,PAYC,9936489472,220.46,United States
695,South State Corp,SSB,9936011264,102.46,United States
696,Antero Midstream,AM,9934926848,20.93,United States
697,Leonardo DRS,DRS,9917688832,37.16,United States
698,Cognex,CGNX,9868010496,58.66,United States
699,Camden Property Trust,CPT,9864921088,98.12,United States
700,Wintrust Financial,WTFC,9857453056,146.11,United States
701,Henry Schein,HSIC,9838991360,86.37,United States
702,Owens Corning,OC,9794922496,123.91,United States
703,Cullen/Frost Bankers,CFR,9783461888,157.42,United States
704,Bruker,BRKR,9778420736,64.18,United States
705,Old National Bank,ONB,9751708672,25.49,United States
706,FactSet,FDS,9712238592,273.08,United States
707,Ryan Specialty,RYAN,9710030848,37.89,United States
708,Madison Square Garden Sports,MSGS,9700363264,402.84,United States
709,Jefferies Financial Group,JEF,9697730560,47.68,United States
710,Darling Ingredients,DAR,9671740416,61.29,United States
711,Domino's Pizza,DPZ,9664498688,292.14,United States
712,Affiliated Managers Group,AMG,9663597568,373.69,United States
713,Federal Realty Investment Trust,FRT,9606220800,110.52,United States
714,Acuity Brands,AYI,9562012672,319.42,United States
715,Bentley Systems,BSY,9497800704,31.44,United States
716,Insulet,PODD,9441187840,136.13,United States
717,Flowserve,FLS,9434714112,73.82,United States
718,FirstCash,FCFS,9431197696,217.45,United States
719,Allison Transmission,ALSN,9402335232,113.86,United States
720,Murphy USA,MUSA,9402283008,511.54,United States
721,Janus Living,JAN,9336017920,30.05,United States
722,Zions Bancorporation,ZION,9316203520,63.83,United States
723,Kymera Therapeutics,KYMR,9308710912,111.95,United States
724,Match Group,MTCH,9308292096,40.55,United States
725,Arrowhead Pharmaceuticals,ARWR,9285295104,65.92,United States
726,Elastic NV,ESTC,9251831808,88.12,United States
727,OGE Energy,OGE,9247633408,44.81,United States
728,The Toro Company,TTC,9196547072,97.15,United States
729,American Airlines,AAL,9181522944,13.87,United States
730,Protagonist Therapeutics,PTGX,9179516928,141.86,United States
731,Snap,SNAP,9166291968,5.42,United States
732,Oscar Health,OSCR,9135891456,29.6,United States
733,Old Republic International,ORI,9111678976,37.74,United States
734,Glaukos,GKOS,9108888576,154.43,United States
735,Valmont Industries,VMI,9062875136,466.83,United States
736,Caris Life Sciences,CAI,9037393920,31.98,United States
737,Ryder,R,9033371648,235.57,United States
738,Range Resources,RRC,9022366720,38.61,United States
739,Houlihan Lokey,HLI,9020250112,129.07,United States
740,Jackson Financial,JXN,9016049664,133.12,United States
741,Crinetics Pharmaceuticals,CRNX,9012787200,84.95,United States
742,Solstice Advanced Materials,SOLS,8998704128,56.65,United States
743,Lineage,LINE,8991937536,36.15,United States
744,Cytokinetics,CYTK,8989254656,64.66,United States
745,ImmunityBio,IBRX,8945017856,8.44,United States
746,Life Time Group,LTH,8931774464,39.97,United States
747,Liberty Live Holdings,LLYVA,8861958144,96.32,United States
748,CareTrust REIT,CTRE,8839728128,37.41,United States
749,Voya Financial,VOYA,8812306432,97.27,United States
750,TG Therapeutics,TGTX,8790756352,57.43,United States
751,Booz Allen Hamilton,BAH,8774789120,72.95,United States
752,PBF Energy,PBF,8734980096,73.69,United States
753,Sirius XM,SIRI,8714863616,25.855,United States
754,Element Solutions,ESI,8702028800,35.71,United States
755,MP Materials,MP,8696700928,48.83,United States
756,Tetra Tech,TTEK,8682466304,33.91,United States
757,Kinetik,KNTK,8664725504,51.21,United States
758,SPX Technologies,SPXC,8654334976,172.79,United States
759,Brinker International,EAT,8653709312,207.2,United States
760,Westlake Corporation,WLK,8653104128,67.71,United States
761,Riot Platforms,RIOT,8630956032,23.0,United States
762,Legence Corp.,LGN,8628245504,52.52,United States
763,Saia,SAIA,8625907712,324.22,United States
764,InterDigital,IDCC,8624625664,334.21,United States
765,Brixmor Property Group,BRX,8613906432,28.07,United States
766,Applied Optoelectronics,AAOI,8609498112,101.4,United States
767,Alexandria Real Estate Equities,ARE,8592717824,49.93,United States
768,CubeSmart,CUBE,8574414336,37.82,United States
769,Rexford Industrial,REXR,8566968320,37.47,United States
770,Kratos Defense &amp; Security Solutions,KTOS,8554661376,45.62,United States
771,MaxLinear,MXL,8510648832,93.84,United States
772,Primerica,PRI,8481929728,275.59,United States
773,Mohawk Industries,MHK,8478106112,125.16,United States
774,Western Alliance Bancorporation,WAL,8467318272,77.61,United States
775,Avnet,AVT,8459671552,103.075,United States
776,Agree Realty,ADC,8416701952,67.48,United States
777,Columbia Banking System,COLB,8382695424,29.64,United States
778,First Industrial Realty Trust,FR,8381296128,61.17,United States
779,Ryman Hospitality Properties,RHP,8378831360,121.46,United States
780,Vaxcyte,PCVX,8364344832,56.21,United States
781,Wynn Resorts,WYNN,8353242112,81.12,United States
782,Oshkosh Corporation,OSK,8277136384,132.75,United States
783,AGCO,AGCO,8265144320,118.02,United States
784,NewMarket Corp,NEU,8258740224,898.04,United States
785,MGM Resorts,MGM,8196892160,32.58,United States
786,Dycom Industries,DY,8189302272,271.52,United States
787,Lear Corporation,LEA,8169389056,122.71,United States
788,Timken Company,TKR,8162130432,117.45,United States
789,Prosperity Bancshares,PB,8144379392,67.77,United States
790,CarMax,KMX,8118734336,57.21,United States
791,Commerce Bancshares,CBSH,8095311872,56.44,United States
792,SM Energy,SM,8065631232,33.91,United States
793,StoneX Group,SNEX,8058403840,66.81,United States
794,BOK Financial,BOKF,8006344192,131.77,United States
795,Lincoln National Corporation,LNC,7981438976,41.69,United States
796,A. O. Smith,AOS,7971038208,58.65,United States
797,NNN REIT,NNN,7926766592,41.3,United States
798,Galaxy Digital Holdings,7LX.F,7887111260,22.3715,United States
799,Hess Midstream,HESM,7886322688,38.25,United States
800,AptarGroup,ATR,7875794432,123.87,United States
801,Core &amp; Main,CNM,7864670720,42.64,United States
802,TeraWulf,WULF,7853766656,15.74,United States
803,Praxis Precision Medicines,PRAX,7839374336,280.78,United States
804,AECOM,ACM,7836325376,60.89,United States
805,UGI Corporation,UGI,7831210496,36.51,United States
806,GitLab,GTLB,7805080064,46.845,United States
807,SentinelOne,S,7789339136,22.38,United States
808,Ralliant Corporation,RAL,7748119552,70.03,United States
809,Zurn Elkay Water Solutions,ZWS,7737560576,46.65,United States
810,AeroVironment,AVAV,7727288320,152.05,United States
811,Hinge Health,HNGE,7711965184,95.57,United States
812,Central Bancompany,CBC,7678535168,32.06,United States
813,Gap Inc.,GAP,7664714240,21.82,United States
814,Eastman Chemical,EMN,7656454144,66.97,United States
815,Paylocity,PCTY,7605715968,143.35,United States
816,Levi Strauss &amp; Co.,LEVI,7593101312,19.73,United States
817,Hanover Insurance Group,THG,7571308544,217.44,United States
818,Kinsale Capital Group,KNSL,7528040960,330.49,United States
819,StandardAero,SARO,7525107712,22.74,United States
820,National Fuel Gas,NFG,7507612160,78.99,United States
821,Idacorp,IDA,7506740224,129.78,United States
822,Smithfield Foods,SFD,7497332224,19.04,United States
823,Procore,PCOR,7491398144,49.3,United States
824,Applied Digital,APLD,7462974976,26.25,United States
825,Chord Energy,CHRD,7453679104,136.27,United States
826,Spyre Therapeutics,SYRE,7441427456,85.69,United States
827,Ozon,OZON.ME,7436452135,35.5,United States
828,Ionis Pharmaceuticals,IONS,7395202048,44.5,United States
829,Zeta Global,ZETA,7392350720,29.45,United States
830,Silicon Labs,SLAB,7382062080,221.24,United States
831,Cipher Mining,CIFR,7358494720,17.73,United States
832,Morningstar,MORN,7351909888,195.98,United States
833,Aaon,AAON,7346619392,89.1,United States
834,Chewy,CHWY,7343211520,18.27,United States
835,Clearway Energy,CWEN,7342353920,29.77,United States
836,The Mosaic Company,MOS,7314779136,23.01,United States
837,HealthEquity,HQY,7299624960,88.25,United States
838,Commercial Metals Company,CMC,7271337984,65.73,United States
839,STAG Industrial,STAG,7240368640,36.79,United States
840,Simpson Manufacturing Company,SSD,7235845632,176.55,United States
841,AppFolio,APPF,7232858112,204.22,United States
842,Valley Bank,VLY,7228076544,13.08,United States
843,Netskope,NTSK,7219745280,17.67,United States
844,Compass,COMP,7200506368,9.38,United States
845,Arcosa,ACA,7200039936,146.62,United States
846,Terreno Realty,TRNO,7199668736,66.07,United States
847,Figure Technology Solutions,FIGR,7157654016,31.9,United States
848,Solaris Energy Infrastructure,SEI,7141452800,70.97,United States
849,Vornado Realty Trust,VNO,7112426496,34.73,United States
850,Celsius Holdings,CELH,7082450944,27.99,United States
851,NOV,NOV,7079655424,19.86,United States
852,Oklo,OKLO,7076111360,38.04,United States
853,Primo Brands,PRMB,7057902592,19.5,United States
854,Axalta,AXTA,7039117824,32.89,United States
855,MSA Safety,MSA,7038994432,182.46,United States
856,Light &amp; Wonder,LNW,7028988928,86.22,United States
857,Dropbox,DBX,7027745792,32.32,United States
858,Plexus,PLXS,7011900928,263.09,United States
859,Aura Minerals,AUGO,7006244864,83.57,United States
860,Federal Signal,FSS,7004525056,114.75,United States
861,Lithia Motors,LAD,6955897856,316.42,United States
862,Cleveland-Cliffs,CLF,6949177856,12.18,United States
863,ESCO Technologies,ESE,6945560064,268.09,United States
864,Powell Industries,POWL,6904890368,189.53,United States
865,Amneal Pharmaceuticals,AMRX,6885812736,19.77,United States
866,Armstrong World Industries,AWI,6880810496,162.81,United States
867,Immunovant,IMVT,6878204416,33.3,United States
868,Hims &amp; Hers Health,HIMS,6864080384,29.42,United States
869,Conagra Brands,CAG,6853059584,14.32,United States
870,Allegro MicroSystems,ALGM,6852139008,36.76,United States
871,Kirby Corporation,KEX,6804864512,128.88,United States
872,Gates Industrial Corp,GTES,6799640576,26.86,United States
873,MSC Industrial Direct,MSM,6769688064,121.22,United States
874,Rhythm Pharmaceuticals,RYTM,6767442432,98.66,United States
875,First American Financial Corporation,FAF,6766166528,66.27,United States
876,Belite Bio,BLTE,6738738176,167.33,United States
877,Fluor Corporation,FLR,6737874944,50.38,United States
878,Matson,MATX,6718111232,224.66,United States
879,Duolingo,DUOL,6714296832,143.51,United States
880,Norwegian Cruise Line,NCLH,6708733952,14.61,United States
881,Molson Coors,TAP,6703019008,35.95,United States
882,Chemed,CHE,6693911040,512.16,United States
883,Victory Capital,VCTR,6689165824,108.75,United States
884,Macerich,MAC,6679487488,22.64,United States
885,Dutch Bros,BROS,6645770752,37.89,United States
886,Pilgrim's Pride,PPC,6624179200,27.82,United States
887,Magnolia Oil &amp; Gas,MGY,6622898176,24.11,United States
888,Victoria's Secret &amp; Co,VSXY,6613236736,82.91,United States
889,OneMain Financial,OMF,6598778880,57.36,United States
890,EnPro Industries,NPO,6592250368,311.43,United States
891,Terex,TEX,6552819200,57.33,United States
892,PACS Group,PACS,6536649216,41.3,United States
893,Lantheus Holdings,LNTH,6513009664,99.74,United States
894,UiPath,PATH,6493596672,12.46,United States
895,Hexcel,HXL,6488492544,85.8,United States
896,GATX,GATX,6486597632,183.73,United States
897,PJT Partners,PJT,6464977920,151.77,United States
898,Enact Holdings,ACT,6457607680,46.97,United States
899,Urban Outfitters,URBN,6454494720,75.35,United States
900,EnerSys,ENS,6451707904,178.89,United States
901,TXNM Energy,TXNM,6444559360,58.52,United States
902,Zillow,Z,6393195008,28.43,United States
903,United Bankshares,UBSI,6382921216,46.86,United States
904,Matador Resources,MTDR,6379529728,51.55,United States
905,LandBridge,LB,6374935040,81.38,United States
906,Builders FirstSource,BLDR,6366481920,59.17,United States
907,RingCentral,RNG,6359829504,76.16,United States
908,Planet Labs,PL,6341870592,17.43,United States
909,Healthcare Realty Trust,HR,6331073536,18.05,United States
910,Joby Aviation,JOBY,6296580096,6.32,United States
911,Etsy,ETSY,6281542656,68.44,United States
912,F.N.B. Corporation,FNB,6279203840,17.64,United States
913,Ingram Micro Holding Corporation,INGM,6206395392,26.98,United States
914,Plains GP,PAGP,6193151488,26.58,United States
915,Sensata Technologies,ST,6140157440,42.19,United States
916,"X-Energy, Inc.",XE,6128001024,15.08,United States
917,Liquidia Corporation,LQDA,6125093376,68.43,United States
918,Terns Pharmaceuticals,TERN,6116845568,52.95,United States
919,Ingredion,INGR,6099548160,96.72,United States
920,Loar Holdings,LOAR,6093498368,65.04,United States
921,Weatherford International,WFRD,6084250112,85.08,United States
922,WEX,WEX,6076069888,178.28,United States
923,Qualys,QLYS,6072468480,172.43,United States
924,Crocs,CROX,6047791616,126.14,United States
925,Commvault,CVLT,6031841792,145.54,United States
926,Caesars Entertainment,CZR,6029854208,29.59,United States
927,Amdocs,DOX,6025789440,57.71,United States
928,CAVA Group,CAVA,6024864256,51.58,United States
929,Ligand Pharmaceuticals,LGND,6010984448,301.52,United States
930,Cirrus Logic,CRUS,6010097664,119.92,United States
931,POOLCORP,POOL,5992952832,164.91,United States
932,Lamb Weston,LW,5991516160,43.58,United States
933,Southwest Gas,SWX,5972436480,82.44,United States
934,The Trade Desk,TTD,5957218304,12.6,United States
935,CG Oncology,CGON,5952201216,67.15,United States
936,Hancock Whitney,HWC,5924472320,73.85,United States
937,Scholar Rock Holding,SRRK,5922418176,48.63,United States
938,Macy's,M,5913038848,22.64,United States
939,LKQ Corporation,LKQ,5892418560,23.29,United States
940,Lumen Technologies,LUMN,5883076096,5.71,United States
941,e.l.f. Beauty,ELF,5871885824,99.51,United States
942,MGIC Investment,MTG,5841955328,28.48,United States
943,Home BancShares,HOMB,5839449088,29.19,United States
944,Sprouts Farmers Market,SFM,5827044352,62.49,United States
945,Glacier Bancorp,GBCI,5826542080,44.75,United States
946,Mirum Pharmaceuticals,MIRM,5824418304,89.7,United States
947,Credit Acceptance,CACC,5812452352,555.68,United States
948,BillionToOne,BLLN,5807780864,123.08,United States
949,MarketAxess,MKTX,5779027456,164.19,United States
950,Hamilton Lane,HLNE,5777972224,86.21,United States
951,Campbell's,CPB,5776806400,19.37,United States
952,Abercrombie &amp; Fitch,ANF,5758769664,135.71,United States
953,Ormat Technologies,ORA,5757958144,93.63,United States
954,Essential Properties Realty Trust,EPRT,5752201216,26.53,United States
955,StepStone Group,STEP,5726163456,44.36,United States
956,Albertsons,ACI,5715714560,11.67,United States
957,JBT Marel Corporation,JBTM,5711118336,110.09,United States
958,BETA Technologies,BETA,5706291712,23.85,United States
959,USA Rare Earth,USAR,5698461696,15.18,United States
960,GRAIL,GRAL,5667698176,126.89,United States
961,Rayonier,RYN,5649830912,18.88,United States
962,BGC Group,BGC,5629523968,11.84,United States
963,Lyft,LYFT,5627000832,14.865,United States
964,MiniMed Group,MMED,5621371392,19.98,United States
965,Cogent Biosciences,COGT,5606592000,32.31,United States
966,ServiceTitan,TTAN,5599961600,58.05,United States
967,Rush Enterprises,RUSHA,5599558144,47.97,United States
968,EPAM Systems,EPAM,5583259136,108.23,United States
969,Core Scientific,CORZ,5572043264,17.34,United States
970,RadNet,RDNT,5571014656,70.79,United States
971,VF Corporation,VFC,5562853888,14.15,United States
972,Rigetti Computing,RGTI,5560587264,16.66,United States
973,Churchill Downs,CHDN,5559987712,79.77,United States
974,Landstar System,LSTR,5557850112,163.77,United States
975,Xometry,XMTR,5556075520,100.57,United States
976,SAIC (Science Applications International Corp),SAIC,5556045312,132.61,United States
977,Pegasystems,PEGA,5547844608,33.745,United States
978,Associated Banc-Corp,ASB,5542647808,29.37,United States
979,Atlantic Union Bankshares,AUB,5538361344,38.78,United States
980,Travere Therapeutics,TVTX,5527498240,59.44,United States
981,Ameris Bancorp,ABCB,5522254848,82.29,United States
982,AutoNation,AN,5520493056,166.98,United States
983,Materion,MTRN,5520103424,264.96,United States
984,Portland General Electric,POR,5509922816,46.85,United States
985,Mercury General,MCY,5506183680,99.41,United States
986,Sensient Technologies,SXT,5500761088,129.22,United States
987,Dolby,DLB,5485244416,58.56,United States
988,Schneider National,SNDR,5478153216,31.25,United States
989,Eagle Materials,EXP,5475238912,178.49,United States
990,Starwood Property Trust,STWD,5453481984,14.36,United States
991,Impinj,PI,5447240704,178.28,United States
992,Novanta,NOVT,5443110912,143.93,United States
993,Fannie Mae,FNMA,5408268800,4.67,United States
994,PriceSmart,PSMT,5392259072,174.73,United States
995,ACM Research,ACMR,5383883264,77.3,United States
996,CLEAR Secure,YOU,5377207808,39.6,United States
997,Black Hills,BKH,5372796416,70.46,United States
998,Balchem,BCPC,5352000512,167.89,United States
999,Kodiak Gas Services,KGS,5349414400,52.91,United States
1000,Archrock,AROC,5335541248,30.43,United States
1001,Blue Owl Capital Corporation,OBDC,5330871296,10.81,United States
1002,Installed Building Products,IBP,5321948160,200.23,United States
1003,Construction Partners,ROAD,5318563328,93.71,United States
1004,Varonis Systems,VRNS,5312297472,46.25,United States
1005,EXL Service,EXLS,5309206528,34.75,United States
1006,Brookfield Renewable,BEPC,5285254144,28.47,United States
1007,Phillips Edison &amp; Company,PECO,5278403584,37.39,United States
1008,"Mobility Global, Inc.",MBGL,5273029120,17.87,United States
1009,Sotera Health,SHC,5233773568,18.34,United States
1010,Casella Waste Systems,CWST,5233757184,82.24,United States
1011,International Seaways,INSW,5232487936,105.64,United States
1012,PTC Therapeutics,PTCT,5230488064,62.67,United States
1013,Merit Medical,MMSI,5224661504,87.5,United States
1014,Murphy Oil,MUR,5209036288,36.33,United States
1015,H&amp;R Block,HRB,5200588800,42.19,United States
1016,First National of Nebraska,FINN,5199900672,19242.5,United States
1017,The Cheesecake Factory,CAKE,5199488512,104.49,United States
1018,Wyndham Hotels &amp; Resorts,WH,5194036224,69.99,United States
1019,GXO Logistics,GXO,5183742976,45.2,United States
1020,CVR Energy,CVI,5179336704,51.52,United States
1021,Liberty Broadband,LBRDA,5177567232,35.99,United States
1022,Red Rock Resorts,RRR,5176897024,50.76,United States
1023,AXT Inc,AXTI,5176349696,78.94,United States
1024,Boyd Gaming,BYD,5175245312,71.23,United States
1025,Teleflex,TFX,5172398592,122.07,United States
1026,Celanese,CE,5168076800,47.09,United States
1027,Iridium Communications,IRDM,5166600704,48.75,United States
1028,Main Street Capital,MAIN,5152316416,55.1,United States
1029,Kite Realty,KRG,5152162304,24.78,United States
1030,Laureate Education,LAUR,5151826432,37.4,United States
1031,Flagstar Bank,FLG,5134698496,12.37,United States
1032,Selective Insurance,SIGI,5132752384,86.12,United States
1033,Bank OZK,OZK,5112773632,46.89,United States
1034,Granite Construction,GVA,5112646656,115.08,United States
1035,Piper Sandler,PIPR,5112288256,72.34,United States
1036,Argan,AGX,5110931456,364.29,United States
1037,RLI Corp.,RLI,5110838272,55.69,United States
1038,New Jersey Resources,NJR,5107640832,50.61,United States
1039,SOLV Energy,MWH,5100145664,25.2,United States
1040,Rithm Capital,RITM,5098256384,9.13,United States
1041,Frontdoor,FTDR,5097416192,73.99,United States
1042,VSE Corporation,VSEC,5073305088,180.77,United States
1043,Sabra Health Care REIT,SBRA,5070935552,19.85,United States
1044,Sphere Entertainment,SPHR,5068487680,141.13,United States
1045,Navan,NAVN,5055869952,19.415,United States
1046,Axos Financial,AX,5022097920,88.52,United States
1047,Floor &amp; Decor,FND,5011418112,47.06,United States
1048,Ollie's Bargain Outlet,OLLI,5004652544,84.25,United States
1049,Mercury Systems,MRCY,5001769472,82.18,United States
1050,ACI Worldwide,ACIW,4998294016,49.51,United States
1051,CNO Financial Group,CNO,4994303488,53.98,United States
1052,Nexstar Media Group,NXST,4994025472,162.1,United States
1053,Vishay Intertechnology,VSH,4992492032,32.55,United States
1054,Erasca,ERAS,4984109056,14.25,United States
1055,Iovance Biotherapeutics,IOVA,4982685696,11.0,United States
1056,Global Business Travel Group,GBTG,4962547712,9.5,United States
1057,Sonoco,SON,4949366784,50.06,United States
1058,Icahn Enterprises,IEP,4947969024,6.96,United States
1059,Eastern Bankshares,EBC,4894717440,21.42,United States
1060,Graham Holdings,GHC,4890875904,1154.89,United States
1061,Veradermics,MANE,4870310400,116.57,United States
1062,Outfront Media,OUT,4870139392,27.65,United States
1063,Middleby,MIDD,4868638208,107.66,United States
1064,Definium Therapeutics,DFTX,4860051968,36.17,United States
1065,CNX Resources,CNX,4851072000,32.79,United States
1066,Vail Resorts,MTN,4850079744,136.11,United States
1067,Acushnet Holdings,GOLF,4848786432,83.02,United States
1068,MARA Holdings,MARA,4848056320,12.55,United States
1069,CSW Industrials,CSW,4835906560,296.8,United States
1070,Gentex,GNTX,4808452608,22.58,United States
1071,Haemonetics,HAE,4790839808,105.3,United States
1072,Perimeter Solutions,PRM,4764926464,29.11,United States
1073,Champion Homes,SKY,4761453568,87.72,United States
1074,Waystar,WAY,4736185856,24.7,United States
1075,Warrior Met Coal,HCC,4726315008,89.51,United States
1076,Cousins Properties,CUZ,4716564992,28.65,United States
1077,"Calumet, Inc.",CLMT,4715740160,53.65,United States
1078,Virtu Financial,VIRT,4715256320,53.4,United States
1079,Fortune Brands Innovations,FBIN,4700849152,39.38,United States
1080,Greif,GEF,4699068928,82.66,United States
1081,Adaptive Biotechnologies,ADPT,4696905728,29.43,United States
1082,Doximity,DOCS,4696781824,26.35,United States
1083,Amentum,AMTM,4692078080,19.19,United States
1084,TFS Financial,TFSL,4689002496,16.72,United States
1085,UniFirst,UNF,4685428224,259.09,United States
1086,HASI (HA Sustainable Infrastructure Capita),HASI,4682386432,36.44,United States
1087,ADT,ADT,4675579392,6.4,United States
1088,AAR,AIR,4674454016,116.11,United States
1089,Hagerty,HGTY,4669832192,13.59,United States
1090,Insight Enterprises,NSIT,4667347456,159.03,United States
1091,California Resources Corporation,CRC,4663932416,52.51,United States
1092,Louisiana-Pacific,LPX,4663890944,66.7,United States
1093,Uranium Energy,UEC,4656748544,9.41,United States
1094,Trex,TREX,4653624320,44.79,United States
1095,First Financial Bankshares,FFIN,4650728448,32.45,United States
1096,Oceaneering International,OII,4604241408,46.26,United States
1097,Rush Street Interactive,RSI,4601380864,19.87,United States
1098,Parsons,PSN,4600108032,43.07,United States
1099,Choice Hotels International,CHH,4582327808,101.81,United States
1100,Alaska Airlines,ALK,4567551488,40.94,United States
1101,Reynolds Consumer Products,REYN,4567329280,21.67,United States
1102,Versant Media Group,VSNT,4564778496,32.8,United States
1103,Spire Inc.,SR,4564100096,77.21,United States
1104,MYR Group,MYRG,4555251200,292.58,United States
1105,Herc Holdings,HRI,4525280256,135.36,United States
1106,Remitly,RELY,4521571328,21.36,United States
1107,ServisFirst Bancshares,SFBS,4517043200,41.31,United States
1108,Millrose Properties,MRP,4514843136,27.19,United States
1109,ONE Gas,OGS,4513080320,71.8,United States
1110,LifeStance Health Group,LFST,4501025280,11.84,United States
1111,Klaviyo,KVYO,4498693120,15.8,United States
1112,Chefs' Warehouse,CHEF,4498584064,110.27,United States
1113,Cactus Inc,WHD,4483843072,64.3,United States
1114,Fervo Energy Company,FRVO,4474505216,15.18,United States
1115,ESAB,ESAB,4470487552,71.91,United States
1116,Concentra Group,CON,4464395776,35.01,United States
1117,Griffon Corporation,GFF,4456547328,98.39,United States
1118,Nelnet,NNI,4448815616,124.34,United States
1119,Ondas Holdings,ONDS,4448792576,7.64,United States
1120,SLM Corporation (Sallie Mae),SLM,4448079872,23.66,United States
1121,Fulton Financial,FULT,4434945024,23.23,United States
1122,Core Natural Resources,CNR,4418619392,89.02,United States
1123,Tutor Perini Corporation,TPC,4414228480,83.97,United States
1124,Diodes Incorporated,DIOD,4413595136,95.84,United States
1125,Bill.com,BILL,4407155200,44.25,United States
1126,Brink's,BCO,4399876608,106.82,United States
1127,EquipmentShare.com,EQPT,4396072960,17.35,United States
1128,Belden,BDC,4394342400,112.45,United States
1129,UFP Industries,UFPI,4384786944,79.49,United States
1130,Cinemark Theatres,CNK,4377990656,37.77,United States
1131,Radian Group,RDN,4368589824,33.02,United States
1132,KBR,KBR,4354380288,34.54,United States
1133,Brunswick Corporation,BC,4353739264,67.19,United States
1134,EPR Properties,EPR,4353684992,56.83,United States
1135,Moelis &amp; Company,MC,4351512064,58.74,United States
1136,International Bancshares Corp,IBOC,4349674496,69.94,United States
1137,Alliance Laundry Holdings,ALH,4345529344,21.86,United States
1138,Archer Aviation,ACHR,4319850496,5.61,United States
1139,Enova International,ENVA,4319369216,173.48,United States
1140,Federated Hermes,FHI,4316857344,57.82,United States
1141,"Box, Inc.",BOX,4306732032,31.39,United States
1142,CECO Environmental,CECO,4304882688,73.5,United States
1143,Integer Holdings,ITGR,4295189504,126.34,United States
1144,Franklin Electric,FELE,4291606784,97.07,United States
1145,Cavco Industries,CVCO,4285150208,557.28,United States
1146,HeartFlow,HTFL,4275509504,49.17,United States
1147,Enphase Energy,ENPH,4270262784,32.4,United States
1148,Vontier,VNT,4256096000,31.48,United States
1149,OPENLANE Corporate,OPLN,4250472704,34.82,United States
1150,Meritage Homes,MTH,4235012608,64.98,United States
1151,NorthWestern Energy,NWE,4234888448,68.84,United States
1152,Americold,COLD,4228122880,14.74,United States
1153,Indivior PLC,INDV,4227904000,35.82,United States
1154,Tidewater,TDW,4216343040,84.74,United States
1155,Tango Therapeutics,TNGX,4201770496,24.92,United States
1156,Texas Capital Bancshares,TCBI,4165713920,95.82,United States
1157,Delek US,DK,4153990656,67.84,United States
1158,Tanger Inc.,SKT,4151580928,34.73,United States
1159,Viking Therapeutics,VKTX,4148178688,35.56,United States
1160,Rumble,RUM,4144973056,8.36,United States
1161,Dave Inc.,DAVE,4144009216,324.88,United States
1162,Patterson-UTI Energy,PTEN,4141628672,10.91,United States
1163,United Community Bank,UCB,4127299328,34.23,United States
1164,Telephone and Data Systems,TDS,4126908416,35.85,United States
1165,ICU Medical,ICUI,4124910848,164.95,United States
1166,AZZ,AZZ,4122164224,137.17,United States
1167,Covista Inc.,CVSA,4110187520,120.75,United States
1168,Geo Group,GEO,4109163264,31.22,United States
1169,Cathay General Bancorp,CATY,4099564288,61.45,United States
1170,Howard Hughes Holdings,HHH,4086603008,68.43,United States
1171,Firefly Aerospace,FLY,4077977088,24.36,United States
1172,Synaptics,SYNA,4077204736,102.72,United States
1173,Cabot Corporation,CBT,4065702912,78.76,United States
1174,CCC Intelligent Solutions,CCC,4064063488,6.9,United States
1175,SkyWest,SKYW,4056850176,102.29,United States
1176,SiteOne Landscape Supply,SITE,4045784064,91.31,United States
1177,Broadstone Net Lease,BNL,4025874944,18.91,United States
1178,Kilroy Realty,KRC,4020058624,34.23,United States
1179,Fastly,FSLY,3976127744,24.96,United States
1180,WSFS Financial,WSFS,3972805376,77.76,United States
1181,CVB Financial,CVBF,3965222400,22.53,United States
1182,Jersey Mike's Subs,JMKE,3955852544,16.99,United States
1183,Bread Financial,BFH,3953726976,102.91,United States
1184,MDU Resources,MDU,3946155776,18.76,United States
1185,Brady Corporation,BRC,3940472064,84.02,United States
1186,Itron,ITRI,3929861120,89.75,United States
1187,COPT Defense Properties,CDP,3924810240,33.88,United States
1188,SL Green Realty,SLG,3913906688,51.01,United States
1189,Korn Ferry,KFY,3913506560,71.73,United States
1190,Primoris Services Corporation,PRIM,3910918656,72.65,United States
1191,Workiva,WK,3908150528,69.64,United States
1192,Travel + Leisure,TNL,3901217536,63.66,United States
1193,Celcuity Inc.,CELC,3891065088,79.52,United States
1194,Mirion Technologies,MIR,3882574848,15.59,United States
1195,Par Pacific Holdings,PARR,3880717056,77.46,United States
1196,Helmerich &amp; Payne,HP,3854644992,38.57,United States
1197,Parabilis Medicines,PBLS,3854237184,31.2,United States
1198,Comstock Resources,CRK,3852301568,13.12,United States
1199,Envista,NVST,3846794240,23.95,United States
1200,Independent Bank Corp.,INDB,3846370816,81.2,United States
1201,Grand Canyon Education,LOPE,3838858496,147.28,United States
1202,Relay Therapeutics,RLAY,3828404224,17.47,United States
1203,Avis Budget Group,CAR,3825425664,108.29,United States
1204,Apple Hospitality REIT,APLE,3822179072,16.19,United States
1205,Cohen &amp; Steers,CNS,3815477504,74.2,United States
1206,Webull,BULL,3809006080,7.19,United States
1207,Axcelis Technologies,ACLS,3801819904,123.11,United States
1208,Seaboard Corporation,SEB,3801660672,3969.18,United States
1209,Century Aluminum,CENX,3800352512,38.39,United States
1210,Paymentus,PAY,3799599104,30.17,United States
1211,Mattel,MAT,3796953088,13.29,United States
1212,Silgan Holdings,SLGN,3795041280,35.91,United States
1213,Atlanta Braves Holdings,BATRA,3787830784,59.03,United States
1214,Avient,AVNT,3786182912,41.28,United States
1215,Interparfums,IPAR,3776800256,117.93,United States
1216,Neptune Insurance Holdings,NP,3775282176,27.51,United States
1217,Robert Half,RHI,3773610496,36.89,United States
1218,Amylyx Pharmaceuticals,AMLX,3763706880,29.49,United States
1219,CorVel Corporation,CRVL,3754896896,74.33,United States
1220,Badger Meter,BMI,3753217024,129.48,United States
1221,Excelerate Energy,EE,3752475648,33.09,United States
1222,Otter Tail,OTTR,3750991616,89.34,United States
1223,Sezzle,SEZL,3750723072,111.38,United States
1224,Madison Square Garden Entertainment,MSGE,3741370624,79.09,United States
1225,Boot Barn Holdings,BOOT,3734121472,123.3,United States
1226,Thor Industries,THO,3723976192,72.15,United States
1227,St. Joe Company,JOE,3717558784,65.3,United States
1228,Legend Biotech,LEGN,3716673792,19.11,United States
1229,FTI Consulting,FCN,3707958272,134.29,United States
1230,WesBanco,WSBC,3707721728,38.66,United States
1231,USA Compression Partners,USAC,3701853184,25.54,United States
1232,Tenable,TENB,3693008640,33.49,United States
1233,Valvoline,VVV,3690192128,28.92,United States
1234,Ionic Digital,IOND,3688786688,81.98,United States
1235,Renasant Corp,RNST,3688169984,40.35,United States
1236,WisdomTree,WT,3686289664,24.33,United States
1237,Pulse Biosciences,PLSE,3682386432,51.63,United States
1238,Dorman Products,DORM,3680369920,124.02,United States
1239,WaterBridge Infrastructure,WBI,3678994944,29.8,United States
1240,Veracyte,VCYT,3652150784,45.43,United States
1241,BancFirst,BANF,3651176192,108.71,United States
1242,Atmus Filtration Technologies,ATMU,3648135936,44.71,United States
1243,iRhythm,IRTC,3638456320,110.38,United States
1244,Organon,OGN,3605627392,13.73,United States
1245,Bel Fuse,BELFB,3593935872,252.69,United States
1246,LXP Industrial Trust,LXP,3589318400,60.88,United States
1247,CleanSpark,CLSK,3582598144,13.95,United States
1248,Kontoor Brands,KTB,3572707328,65.37,United States
1249,Genworth Financial,GNW,3563135488,9.43,United States
1250,National Healthcare,NHC,3560774656,227.36,United States
1251,Universal Display Corporation,OLED,3557373440,77.39,United States
1252,Tarsus Pharmaceuticals,TARS,3541662976,75.69,United States
1253,ACADIA Pharmaceuticals,ACAD,3541157888,20.68,United States
1254,IDEAYA Biosciences,IDYA,3540199168,36.69,United States
1255,Marriott Vacations Worldwide,VAC,3536526848,102.82,United States
1256,Independence Realty Trust,IRT,3535431936,14.63,United States
1257,Nicolet Bankshares,NIC,3529244928,168.4,United States
1258,First Interstate BancSystem,FIBK,3517693184,36.91,United States
1259,M/I Homes,MHO,3508020736,138.75,United States
1260,PVH Corp.,PVH,3506013696,75.99,United States
1261,Q2,QTWO,3499969280,56.13,United States
1262,UCT (Ultra Clean Holdings),UCTT,3482714880,77.69,United States
1263,"Atlanta Braves Holdings, Inc.",BATRK,3481750016,54.26,United States
1264,Lemonade,LMND,3477430016,44.93,United States
1265,MIAX (Miami International Holdings),MIAX,3463158528,34.9,United States
1266,Option Care Health,OPCH,3455545600,23.07,United States
1267,NuScale Power,SMR,3455479808,8.42,United States
1268,"ERock, Inc.",EROC,3443587840,12.6,United States
1269,Standex International,SXI,3440898304,280.17,United States
1270,Magnite,MGNI,3437876992,23.97,United States
1271,Aehr Test Systems,AEHR,3409329920,104.39,United States
1272,HNI Corporation,HNI,3407702784,47.21,United States
1273,First Financial Bank,FFBC,3407408640,32.4,United States
1274,NCR Atleos Corporation,NATL,3405170944,46.08,United States
1275,PennyMac Financial Services,PFSI,3399002368,65.46,United States
1276,The Vita Coco Company,COCO,3390260736,58.59,United States
1277,Pattern Group,PTRN,3388709376,17.02,United States
1278,Arcutis Biotherapeutics,ARQT,3383627520,26.92,United States
1279,Highwoods Properties,HIW,3379611136,30.09,United States
1280,Mueller Water Products,MWA,3376998400,21.63,United States
1281,First Advantage,FA,3366372608,19.6,United States
1282,"GPGI, Inc.",GPGI,3365623808,11.61,United States
1283,TowneBank,TOWN,3361019392,36.36,United States
1284,Mechanics Bancorp,MCHB,3359040256,15.17,United States
1285,Simmons First National,SFNC,3357055232,23.23,United States
1286,Life360,LIF,3348843008,41.1,United States
1287,Acadian Asset Management,AAMI,3331813120,93.88,United States
1288,AllianceBernstein,AB,3328369664,35.76,United States
1289,Asbury Automotive Group,ABG,3323797248,185.15,United States
1290,Bath &amp; Body Works,BBWI,3317065472,16.45,United States
1291,IPG Photonics,IPGP,3315695360,78.12,United States
1292,Post Holdings,POST,3315347200,73.15,United States
1293,Warby Parker,WRBY,3301571072,26.71,United States
1294,Steve Madden,SHOO,3297360128,45.06,United States
1295,CareDx,CDNA,3294435328,63.68,United States
1296,WillScot,WSC,3292239872,18.17,United States
1297,Ethos Technologies,LIFE,3287258880,34.3,United States
1298,National Health Investors,NHI,3286470144,66.92,United States
1299,Park National Corp,PRK,3281896448,181.68,United States
1300,American States Water,AWR,3281829888,82.8,United States
1301,Enliven Therapeutics,ELVN,3278866432,44.75,United States
1302,Freshworks,FRSH,3271946496,12.54,United States
1303,Infleqtion,INFQ,3269931008,14.51,United States
1304,Stride (K12 Education),LRN,3264941312,78.56,United States
1305,RXO,RXO,3263888128,19.79,United States
1306,Palomar Holdings,PLMR,3263129600,123.99,United States
1307,Denali Therapeutics,DNLI,3259288576,20.39,United States
1308,Curbline Properties,CURB,3245511424,28.46,United States
1309,National Energy Services Reunited,NESR,3240366848,32.13,United States
1310,Community Financial System,CBU,3239561216,61.57,United States
1311,Planet Fitness,PLNT,3237244928,42.68,United States
1312,Alliance Resource Partners,ARLP,3235768832,25.15,United States
1313,Golub Capital,GBDC,3235258624,12.46,United States
1314,Kadant,KAI,3234399232,273.89,United States
1315,Lionsgate Studios,LION,3228522752,10.85,United States
1316,Ambarella,AMBA,3208165888,72.68,United States
1317,Knowles,KN,3205449472,37.53,United States
1318,Bright Horizons,BFAM,3203121152,65.86,United States
1319,Seacoast Banking,SBCF,3198063616,33.03,United States
1320,Newmark,NMRK,3196251392,13.06,United States
1321,United States Lime &amp; Minerals,USLM,3195883776,111.4,United States
1322,Atkore,ATKR,3193918720,94.57,United States
1323,Arcus Biosciences,RCUS,3179514368,24.97,United States
1324,CoreCivic,CXW,3177447936,32.13,United States
1325,Hercules Capital,HTGC,3176173056,16.97,United States
1326,Cohu,COHU,3171674880,67.0,United States
1327,Ashland,ASH,3162489856,69.06,United States
1328,Ouster,OUST,3152751360,43.72,United States
1329,Cal-Maine Foods,CALM,3149384960,67.43,United States
1330,OSI Systems,OSIS,3144393728,197.24,United States
1331,Delek Logistics Partners,DKL,3114696448,53.89,United States
1332,FS KKR Capital,FSK,3108828160,11.25,United States
1333,BankUnited,BKU,3108575232,43.64,United States
1334,Park Hotels &amp; Resorts,PK,3106650624,15.43,United States
1335,Chesapeake Utilities,CPK,3104188416,128.77,United States
1336,NMI Holdings,NMIH,3101231872,41.23,United States
1337,Peabody Energy,BTU,3101136128,25.44,United States
1338,Knife River Corporation,KNF,3097625600,54.58,United States
1339,Liberty Energy,LBRT,3090845696,18.94,United States
1340,YETI Holdings,YETI,3085966336,42.28,United States
1341,Baldwin Insurance Group,BWIN,3084308736,31.85,United States
1342,First Hawaiian Bank,FHB,3072454144,25.25,United States
1343,Black Stone Minerals,BSM,3064240384,14.42,United States
1344,Brighthouse Financial,BHF,3061915648,53.24,United States
1345,Exponent,EXPO,3051507712,64.18,United States
1346,Worthington Enterprises,WOR,3045203200,62.24,United States
1347,Veeco,VECO,3036308992,49.67,United States
1348,Shift4 Payments,FOUR,3036016640,38.45,United States
1349,Academy Sports + Outdoors,ASO,3025986816,49.14,United States
1350,QuantumScape,QS,3020362240,4.91,United States
1351,Polaris,PII,3017593856,53.03,United States
1352,Centrus Energy,LEU,3008038656,147.07,United States
1353,Group 1 Automotive,GPI,3006546688,252.18,United States
1354,Energy Fuels,UUUU,3005180160,11.35,United States
1355,CBIZ,CBZ,3004145408,54.68,United States
1356,Neogen,NEOG,3001138688,13.76,United States
1357,DigitalBridge Group,DBRG,2996174592,15.98,United States
1358,Dyne Therapeutics,DYN,2993545472,16.03,United States
1359,TriNet,TNET,2988857344,65.11,United States
1360,Array Digital Infrastructure,AD,2982659072,34.49,United States
1361,DXP Enterprises,DXPE,2980844288,192.1,United States
1362,Provident Financial Services,PFS,2978852608,22.84,United States
1363,People Incorporated,PPLI,2978557184,40.0,United States
1364,Astronics Corporation,ATRO,2977087488,69.22,United States
1365,Digi International,DGII,2971338240,78.3,United States
1366,AtriCure,ATRC,2969574400,58.38,United States
1367,Benchmark Electronics,BHE,2964112640,82.52,United States
1368,ScottsMiracle-Gro,SMG,2962829568,50.89,United States
1369,Green Brick Partners,GRBK,2958705920,68.79,United States
1370,Columbia Sportswear,COLM,2948727808,57.6,United States
1371,TransMedics Group,TMDX,2947700224,85.29,United States
1372,Avista,AVA,2940561920,35.11,United States
1373,Perpetua Resources,PPTA,2938500352,23.49,United States
1374,SPS Commerce,SPSC,2926814464,81.3,United States
1375,Curaleaf,CURLF,2924133120,11.04,United States
1376,Dana Incorporated,DAN,2919631104,27.14,United States
1377,KB Home,KBH,2919008000,48.01,United States
1378,ABM Industries,ABM,2917834240,49.78,United States
1379,Power Integrations,POWI,2917703680,52.22,United States
1380,Redwire,RDW,2904914176,11.62,United States
1381,"F&G Annuities & Life, Inc.",FG,2896286976,22.12,United States
1382,Fermi Inc.,FRMI,2894912256,4.52,United States
1383,ChronoScale,CHRN,2882514432,19.85,United States
1384,Penguin Solutions,PENG,2880864768,56.22,United States
1385,DNOW Inc.,DNOW,2879919360,15.93,United States
1386,NETSCOUT,NTCT,2867576320,39.44,United States
1387,Tootsie Roll Industries,TR,2859202816,38.04,United States
1388,"Strive Asset Management, LLC",ASST,2855758080,29.44,United States
1389,California Water Service Group,CWT,2855111168,46.17,United States
1390,Cushman &amp; Wakefield,CWK,2854118656,12.16,United States
1391,Extreme Networks,EXTR,2844313344,21.52,United States
1392,Banc of California,BANC,2842195712,17.94,United States
1393,"Csquare, Inc.",CSQR,2834444032,17.01,United States
1394,Select Water Solutions,WTTR,2831837696,19.84,United States
1395,Bank of Hawaii,BOH,2826620928,71.65,United States
1396,Maravai LifeSciences,MRVI,2814718464,7.6,United States
1397,Quaker Houghton,KWR,2812598784,163.45,United States
1398,Agilysys,AGYS,2810424576,99.64,United States
1399,Adeia,ADEA,2809938176,25.48,United States
1400,Dynex Capital,DX,2805851136,11.34,United States
1401,Acadia Realty Trust,AKR,2805059072,19.24,United States
1402,ArcBest,ARCB,2797495552,125.16,United States
1403,CarGurus,CARG,2787999744,31.3,United States
1404,Freshpet,FRPT,2783042816,57.91,United States
1405,Hilton Grand Vacations,HGV,2780192768,35.77,United States
1406,Gulfport Energy,GPOR,2778465536,154.62,United States
1407,American Eagle Outfitters,AEO,2778365696,16.58,United States
1408,National Beverage,FIZZ,2777471232,29.67,United States
1409,Graphic Packaging,GPK,2775423744,9.38,United States
1410,Resideo Technologies,REZI,2774251520,18.27,United States
1411,Braze,BRZE,2768052480,24.37,United States
1412,Plug Power,PLUG,2766446592,1.98,United States
1413,McGrath RentCorp,MGRC,2765718016,113.23,United States
1414,United Natural Foods,UNFI,2765538304,45.85,United States
1415,Precigen,PGEN,2762960128,7.75,United States
1416,Soleno Therapeutics,SLNO,2762888960,53.01,United States
1417,Intapp,INTA,2762052352,36.1,United States
1418,Maximus,MMS,2754542080,52.61,United States
1419,AvePoint,AVPT,2750350592,13.0,United States
1420,Talos Energy,TALO,2749921280,16.47,United States
1421,Crane NXT,CXT,2746825472,47.72,United States
1422,The Marzetti Company,MZTI,2741926912,100.47,United States
1423,Grindr,GRND,2741151232,15.77,United States
1424,Urban Edge Properties,UE,2739973888,19.9,United States
1425,Aveanna Healthcare,AVAH,2708987392,12.41,United States
1426,Freddie Mac,FMCC,2704247808,4.16,United States
1427,Wingstop Restaurants,WING,2698918912,99.07,United States
1428,Slide Insurance,SLDE,2698350848,23.1,United States
1429,H.B. Fuller,FUL,2694130176,50.06,United States
1430,Liftoff Mobile,LFTO,2694064384,15.91,United States
1431,Hawkins,HWKN,2693516288,129.03,United States
1432,Boise Cascade,BCC,2691518976,77.14,United States
1433,Teradata,TDC,2691420160,28.94,United States
1434,SoundHound AI,SOUN,2686878720,6.05,United States
1435,NBT Bancorp,NBTB,2679580160,51.57,United States
1436,"Hayward Holdings, Inc.",HAYW,2679070464,12.63,United States
1437,Trustmark,TRMK,2673569280,46.04,United States
1438,WD-40 Company,WDFC,2673079552,199.17,United States
1439,Five9,FIVN,2672860672,35.77,United States
1440,ManpowerGroup,MAN,2669884672,57.41,United States
1441,Brookdale Senior Living,BKD,2653259520,11.11,United States
1442,Harley-Davidson,HOG,2648645376,25.45,United States
1443,MGE Energy,MGEE,2647147776,70.06,United States
1444,GeneDx Holdings,WGS,2636312576,88.4,United States
1445,FB Financial,FBK,2635846912,52.74,United States
1446,First Bancorp,FBNC,2627262976,63.5,United States
1447,AMC Entertainment,AMC,2624257536,2.94,United States
1448,Alarm.com,ALRM,2620436480,53.38,United States
1449,Acadia Healthcare,ACHC,2615186688,28.09,United States
1450,Guardian Pharmacy Services,GRDN,2610336256,41.21,United States
1451,H2O America,HTO,2606423296,62.27,United States
1452,Securitize Corp.,SECZ,2605720320,15.96,United States
1453,Customers Bancorp,CUBI,2603379456,77.06,United States
1454,Ducommun,DCO,2599426816,172.15,United States
1455,Callaway Golf Company,CALY,2595699200,14.44,United States
1456,MBX Biosciences,MBX,2582825984,53.63,United States
1457,Appian,APPN,2579309824,36.01,United States
1458,Artisan Partners,APAM,2567230976,36.16,United States
1459,Diamondrock Hospitality Company,DRH,2565309952,12.49,United States
1460,Structure Therapeutics,GPCR,2562163200,35.93,United States
1461,First Merchants Corporation,FRME,2556645888,40.71,United States
1462,Titan America,TTAM,2553570816,13.85,United States
1463,Axogen,AXGN,2545756928,43.39,United States
1464,Hyperliquid Strategies,PURR,2542213120,12.85,United States
1465,Trump Media &amp; Technology Group,DJT,2540383488,9.14,United States
1466,Kyndryl,KD,2526691840,11.6,United States
1467,Advance Auto Parts,AAP,2520492032,41.73,United States
1468,Privia Health Group,PRVA,2517641216,19.71,United States
1469,NeoGenomics,NEO,2516993536,19.33,United States
1470,Huron Consulting,HURN,2513473024,157.98,United States
1471,Ingevity,NGVT,2509588224,73.0,United States
1472,Beam Therapeutics,BEAM,2506791680,24.27,United States
1473,Disc Medicine,IRON,2504749056,65.24,United States
1474,Intuitive Machines,LUNR,2504660480,15.61,United States
1475,Butterfly Network,BFLY,2500418048,9.39,United States
1476,Euronet Worldwide,EEFT,2498107136,65.61,United States
1477,Kaiser Aluminum,KALU,2494054144,152.55,United States
1478,First Busey,BUSE,2484740864,30.09,United States
1479,Supernus Pharmaceuticals,SUPN,2483842048,42.66,United States
1480,Northern Oil and Gas,NOG,2481529344,23.29,United States
1481,Opendoor,OPEN,2479373056,2.57,United States
1482,Central Garden &amp; Pet,CENT,2473033472,39.51,United States
1483,Rogers Corporation,ROG,2458814208,137.76,United States
1484,"Lincoln International, Inc.",LCLN,2458649600,23.37,United States
1485,Celldex Therapeutics,CLDX,2442268672,31.1,United States
1486,Stock Yards Bancorp,SYBT,2440906240,78.57,United States
1487,Four Corners Property Trust,FCPT,2436432384,22.2,United States
1488,McGraw Hill,MH,2435361024,12.73,United States
1489,Skyward Specialty Insurance Group,SKWD,2432039680,54.78,United States
1490,Immunome,IMNM,2431697152,21.41,United States
1491,Innospec,IOSP,2431577088,98.72,United States
1492,Payoneer,PAYO,2429560576,7.17,United States
1493,NextNav,NN,2427486464,14.38,United States
1494,Visteon,VC,2414740992,90.46,United States
1495,John Wiley &amp; Sons,WLY,2410020864,47.55,United States
1496,Harmony Biosciences,HRMY,2402833408,41.26,United States
1497,Merchants Bancorp,MBIN,2393234688,52.1,United States
1498,Nurix Therapeutics,NRIX,2388016384,23.01,United States
1499,BKV Corporation,BKV,2386839040,21.81,United States
1500,Clover Health Investments,CLOV,2384891392,4.49,United States
1501,InvenTrust Properties,IVT,2380681472,30.53,United States
1502,Shake Shack,SHAK,2379702784,55.55,United States
1503,Innodata,INOD,2379623424,69.21,United States
1504,V2X,VVX,2371276288,75.65,United States
1505,Kennametal,KMT,2370382848,31.03,United States
1506,ePlus,PLUS,2366979840,90.51,United States
1507,Beacon Financial Corporation,BBT,2362775552,28.19,United States
1508,Trulieve Cannabis,TRLV,2351221248,12.21,United States
1509,Restoration Hardware,RH,2350930432,124.17,United States
1510,Keel Infrastructure,KEEL,2346778112,3.8,United States
1511,Banner Bank,BANR,2345978112,69.03,United States
1512,Vera Therapeutics,VERA,2344941056,32.54,United States
1513,SELLAS Life Sciences,SLS,2344589568,11.61,United States
1514,Kayne Anderson Capital Advisors,KYN,2339013120,13.83,United States
1515,Coty,COTY,2333819136,2.65,United States
1516,nLIGHT,LASR,2326645760,40.33,United States
1517,Federal Agricultural Mortgage Corporation,AGM,2322695424,214.01,United States
1518,WaFd Bank,WAFD,2320261120,31.35,United States
1519,Viridian Therapeutics,VRDN,2319092736,20.47,United States
1520,LTC Properties,LTC,2314704896,42.94,United States
1521,Newell Brands,NWL,2312636928,5.43,United States
1522,Protolabs,PRLB,2302482432,96.25,United States
1523,UFP Technologies,UFPT,2290042880,295.65,United States
1524,Dorian LPG,LPG,2285878528,53.43,United States
1525,"The Andersons, Inc.",ANDE,2280600064,66.97,United States
1526,LiveRamp,RAMP,2279811840,37.5,United States
1527,Mineralys Therapeutics,MLYS,2279778304,25.86,United States
1528,Upstart,UPST,2278892288,23.81,United States
1529,Alamar Biosciences,ALMR,2276082688,32.8,United States
1530,PHINIA,PHIN,2273027072,62.04,United States
1531,Helios Technologies,HLIO,2261727488,68.64,United States
1532,PC Connection,CNXN,2254267136,89.32,United States
1533,Pitney Bowes,PBI,2245537536,16.38,United States
1534,Northwest Bancshares,NWBI,2242289152,15.31,United States
1535,FIGS,FIGS,2229602048,13.42,United States
1536,Day One Biopharmaceuticals,DAWN,2224784640,21.53,United States
1537,Trinity Industries,TRN,2223575296,27.91,United States
1538,Alpha Metallurgical Resources,AMR,2211605760,174.43,United States
1539,Hilltop Holdings,HTH,2208964352,38.56,United States
1540,Prestige Consumer Healthcare,PBH,2208126464,46.61,United States
1541,Sunshine Silver Mining & Refining Company,SSMR,2206203392,15.35,United States
1542,Enterprise Financial Services Corp,EFSC,2205210368,60.93,United States
1543,Patrick Industries,PATK,2199779840,68.49,United States
1544,OFG Bancorp,OFG,2195269888,51.94,United States
1545,BioCryst Pharmaceuticals,BCRX,2195046656,8.59,United States
1546,Applied Aerospace &amp; Defense,AADX,2179054080,12.64,United States
1547,Buckle,BKE,2177430528,42.27,United States
1548,Chemours,CC,2176215552,14.46,United States
1549,HCI Group,HCI,2176055296,174.94,United States
1550,Ichor Systems,ICHR,2170097920,57.94,United States
1551,Uniti,UNIT,2162680832,8.91,United States
1552,Allegiant Travel Company,ALGT,2162142976,79.09,United States
1553,Peloton,PTON,2159249408,4.92,United States
1554,Schrödinger,SDGR,2158142464,28.85,United States
1555,Sonos,SONO,2149992960,18.175,United States
1556,Custom Truck One Source,CTOS,2149927168,9.45,United States
1557,Pediatrix Medical Group,MD,2137773568,26.31,United States
1558,Medical Properties Trust,MPT,2132003968,3.57,United States
1559,Diebold Nixdorf,DBD,2129129984,62.72,United States
1560,Ocular Therapeutix,OCUL,2119293056,9.65,United States
1561,Flywire,FLYW,2117017472,17.4,United States
1562,First Commonwealth Financial Corp,FCF,2113079424,20.91,United States
1563,Addus HomeCare,ADUS,2112665984,113.19,United States
1564,Monarch Casino &amp; Resort,MCRI,2110197504,117.74,United States
1565,Blackstone Mortgage Trust,BXMT,2106794752,12.5,United States
1566,ADMA Biologics,ADMA,2100976256,9.38,United States
1567,PENN Entertainment,PENN,2099690240,15.65,United States
1568,PDF Solutions,PDFS,2092358528,49.55,United States
1569,Sharplink,SBET,2091863296,9.63,United States
1570,Encore Capital Group,ECPG,2087213824,98.41,United States
1571,Calix,CALX,2086626560,33.14,United States
1572,Minerals Technologies,MTX,2085004544,66.98,United States
1573,Sunstone Hotel Investors,SHO,2080712576,11.19,United States
1574,StubHub Holdings,STUB,2078569344,5.44,United States
1575,DoubleVerify,DV,2078383488,13.41,United States
1576,1st Source,SRCE,2072090880,86.09,United States
1577,Pebblebrook Hotel Trust,PEB,2071362944,18.42,United States
1578,Centuri Holdings,CTRI,2070752256,20.51,United States
1579,Preformed Line Products,PLPC,2069533696,423.33,United States
1580,Whirlpool,WHR,2067472128,31.71,United States
1581,Asana,ASAN,2065310464,9.02,United States
1582,"The Bancorp, Inc.",TBBK,2062996864,50.58,United States
1583,LCI Industries,LCII,2054565632,84.51,United States
1584,Sonic Automotive,SAH,2053381248,64.95,United States
1585,Trevi Therapeutics,TRVI,2053076864,14.41,United States
1586,nCino,NCNO,2052339200,19.41,United States
1587,Select Medical Holdings,SEM,2046298112,16.51,United States
1588,Inspire Medical Systems,INSP,2038181504,70.5,United States
1589,"Interface, Inc.",TILE,2034576256,35.2,United States
1590,Stagwell,STGW,2034035712,8.32,United States
1591,Vericel,VCEL,2033414656,39.71,United States
1592,Kodiak Sciences,KOD,2033179776,32.35,United States
1593,Driven Brands,DRVN,2030901504,12.31,United States
1594,Kohl's,KSS,2029438336,17.9,United States
1595,Quantum Computing,QUBT,2028067968,8.96,United States
1596,UroGen Pharma,URGN,2021211264,41.35,United States
1597,Nuvation Bio,NUVB,2015447296,5.74,United States
1598,Target Hospitality,TH,2015395712,20.58,United States
1599,Thermon Group,THR,2013932928,61.14,United States
1600,Evolution Metals & Technologies,EMAT,2007042048,3.2,United States
1601,Recursion Pharmaceuticals,RXRX,2005653760,3.74,United States
1602,Hycroft Mining,HYMC,2001542400,21.48,United States
1603,ARMOUR Residential REIT,ARR,1995897856,14.1,United States
1604,City Holding Company,CHCO,1993991424,141.97,United States
1605,Palvella Therapeutics,PVLA,1990665600,138.16,United States
1606,Innovex International,INVX,1989881216,28.5,United States
1607,Bandwidth,BAND,1989094528,61.81,United States
1608,Standard Nuclear,STDN,1982711424,12.34,United States
1609,NW Natural Holdings,NWN,1980080000,47.04,United States
1610,Global Net Lease,GNL,1977767680,8.55,United States
1611,Douglas Emmett,DEI,1974611200,9.82,United States
1612,Allient,ALNT,1972461440,116.01,United States
1613,Sarepta Therapeutics,SRPT,1972056576,18.67,United States
1614,Werner Enterprises,WERN,1971759232,32.89,United States
1615,Biohaven,BHVN,1962058624,12.99,United States
1616,Blackbaud,BLKB,1960398208,43.19,United States
1617,UWM Holdings,UWMC,1959949184,1.22,United States
1618,Gorman-Rupp,GRC,1959904128,74.21,United States
1619,SharonAI Holdings,SHAZ,1957735552,54.68,United States
1620,Sunrun,RUN,1953268864,8.11,United States
1621,Spectrum Brands,SPB,1952556160,84.91,United States
1622,Progyny,PGNY,1951929856,25.44,United States
1623,Nektar Therapeutics,NKTR,1948199168,57.06,United States
1624,Agios Pharmaceuticals,AGIO,1945087360,32.58,United States
1625,Generate Biomedicines,GENB,1944539264,15.15,United States
1626,Alamo Group,ALG,1940660352,159.45,United States
1627,TIC Solutions,TIC,1939979008,8.89,United States
1628,Ziff Davis,ZD,1937570048,56.51,United States
1629,Midera Food Processing,MFP,1930888064,42.69,United States
1630,Western Union,WU,1927411968,6.18,United States
1631,EZCorp,EZPW,1914575616,31.16,United States
1632,Voyager Technologies,VOYG,1913261056,31.35,United States
1633,Perdoceo Education,PRDO,1907974400,30.49,United States
1634,Fortrea,FTRE,1891538944,19.89,United States
1635,Surgery Partners,SGRY,1885222784,14.4,United States
1636,Biolife Solutions,BLFS,1883059072,38.49,United States
1637,Under Armour,UA,1877113984,4.37,United States
1638,Porch Group,PRCH,1876483072,16.53,United States
1639,Dentsply Sirona,XRAY,1873926272,9.4,United States
1640,Kimbell Royalty Partners,KRP,1872408192,14.57,United States
1641,Neutron Holdings (Lime),LIME,1870197504,29.21,United States
1642,NGL Energy Partners,NGL,1869595776,15.1,United States
1643,Olin Corporation,OLN,1869312768,16.4,United States
1644,A10 Networks,ATEN,1868230144,25.73,United States
1645,Lindblad Expeditions,LIND,1866880128,28.45,United States
1646,LeMaitre Vascular,LMAT,1864301696,81.52,United States
1647,German American Bancorp,GABC,1860151040,49.5,United States
1648,Braveheart Bio,BRVE,1856603648,20.62,United States
1649,Republic Bank,RBCAA,1856409088,94.55,United States
1650,Hub Group,HUBG,1855397504,30.34,United States
1651,Expro Group,XPRO,1851757824,16.33,United States
1652,Worthington Steel,WS,1847324416,36.26,United States
1653,Blue Bird Corporation,BLBD,1841011456,58.12,United States
1654,Enerpac Tool Group,EPAC,1840091136,35.7,United States
1655,Vertex,VERX,1839858432,11.37,United States
1656,Horace Mann Educators,HMN,1836722816,45.35,United States
1657,Insperity,NSP,1826879872,47.83,United States
1658,ACV Auctions,ACVA,1826158080,10.46,United States
1659,World Kinect,WKC,1823555328,35.65,United States
1660,Sonida Senior Living,SNDA,1811889792,37.71,United States
1661,Astrana Health,ASTH,1804110848,36.37,United States
1662,Vestis,VSTS,1803985408,13.65,United States
1663,Vir Biotechnology,VIR,1803842048,10.66,United States
1664,Stewart Information Services,STC,1802335488,59.19,United States
1665,Xenia Hotels &amp; Resorts,XHR,1797526912,18.17,United States
1666,Bob's Discount Furniture,BOBS,1796947200,13.75,United States
1667,Photronics,PLAB,1793513856,30.4,United States
1668,National Bank Holdings,NBHC,1789153536,40.17,United States
1669,Marqeta,MQ,1784226688,16.96,United States
1670,Dime Community Bancshares,DCOM,1782601728,40.37,United States
1671,Weis Markets,WMK,1782105728,72.02,United States
1672,Century Communities,CCS,1781587968,62.66,United States
1673,Netstreit,NTST,1778620672,18.21,United States
1674,Getty Realty,GTY,1774991232,28.66,United States
1675,Xencor,XNCR,1769610880,23.8,United States
1676,Hope Bancorp,HOPE,1766669696,13.83,United States
1677,Septerna,SEPN,1762988288,37.77,United States
1678,Soho House & Co,SHCO,1758889344,8.99,United States
1679,Personalis,PSNL,1757119360,16.46,United States
1680,S&amp;T Bancorp,STBA,1756926848,49.82,United States
1681,SmartStop Self Storage REIT,SMA,1756855296,31.73,United States
1682,Zenas BioPharma,ZBIO,1756512768,26.95,United States
1683,Novavax,NVAX,1753373056,10.63,United States
1684,FirstSun Capital Bancorp,FSUN,1746587648,39.74,United States
1685,NextDecade Corp,NEXT,1746176512,6.56,United States
1686,Evertec,EVTC,1736461312,28.18,United States
1687,Mach Natural Resources LP,MNR,1736260096,10.4,United States
1688,Live Oak Bank,LOB,1734710016,37.48,United States
1689,"Happen, Inc.",HAPN,1734574208,15.03,United States
1690,Genesis Energy  L.P.,GEL,1731776896,14.17,United States
1691,Sixth Street Specialty Lending,TSLX,1729524480,18.14,United States
1692,Albany International,AIN,1729085696,60.98,United States
1693,RLJ Lodging Trust,RLJ,1715244160,11.2,United States
1694,C3 AI,AI,1712305408,10.65,United States
1695,Strategic Education,STRA,1706206848,76.83,United States
1696,Boston Beer Company,SAM,1705409408,163.77,United States
1697,Alignment Healthcare,ALHC,1703042560,8.21,United States
1698,CTS Corporation,CTS,1701949184,59.6,United States
1699,DXC Technology,DXC,1701643008,10.65,United States
1700,ANI Pharmaceuticals,ANIP,1699806080,74.0,United States
1701,Byline Bancorp,BY,1691779456,37.44,United States
1702,Green Thumb Industries,GTII.CN,1689721317,7.73014,United States
1703,Ambiq Micro,AMBQ,1687838848,69.79,United States
1704,Bank First,BFC,1686453504,152.13,United States
1705,IDT Corporation,IDT,1677633408,67.46,United States
1706,Sila Realty Trust,SILA,1677119744,30.36,United States
1707,TriCo Bancshares,TCBK,1674412160,52.38,United States
1708,American Assets Trust,AAT,1674013952,21.58,United States
1709,Trinity Capital,TRIN,1672288512,17.66,United States
1710,Absci,ABSI,1671520512,9.74,United States
1711,Central Securities,CET,1666283008,56.39,United States
1712,Amplitude,AMPL,1661383680,13.3,United States
1713,Liberty Latin America,LILA,1661231872,8.48,United States
1714,Jetblue Airways,JBLU,1660173696,4.4,United States
1715,Xeris Pharmaceuticals,XERS,1659114880,9.1,United States
1716,Origin Bancorp,OBK,1654776704,53.64,United States
1717,OceanFirst Financial,OCFC,1652633216,17.1,United States
1718,QCR Holdings,QCRH,1652626944,100.92,United States
1719,Concentrix,CNXC,1652376960,27.08,United States
1720,Eton Pharmaceuticals,ETON,1648675328,57.68,United States
1721,Intellia Therapeutics,NTLA,1646488576,11.75,United States
1722,Rapport Therapeutics,RAPP,1626943744,33.91,United States
1723,BlackLine,BL,1626926336,27.99,United States
1724,Ellington Financial,EFC,1623159808,12.36,United States
1725,Hemab Therapeutics Holdings,COAG,1622779008,34.74,United States
1726,Distribution Solutions Group,DSGR,1617089536,34.96,United States
1727,Kestra Medical Technologies,KMTS,1616507136,27.14,United States
1728,Goosehead Insurance,GSHD,1616438400,45.23,United States
1729,Progress Software,PRGS,1613449216,39.34,United States
1730,Syndax Pharmaceuticals,SNDX,1612702464,18.2,United States
1731,Global Partners LP,GLP,1609180544,47.54,United States
1732,Sally Beauty Holdings,SBH,1608430976,17.18,United States
1733,CBL Properties,CBL,1606238464,51.91,United States
1734,Stoke Therapeutics,STOK,1600250752,24.8,United States
1735,SkyWater Technology,SKYT,1597181312,32.46,United States
1736,Anterix,ATEX,1596628736,81.42,United States
1737,Ingles Markets,IMKTA,1591158784,83.77,United States
1738,Wealthfront Corporation,WLTH,1589876352,10.18,United States
1739,Lucid Motors,LCID,1588345216,4.07,United States
1740,Global Industrial Company,GIC,1587835648,41.5,United States
1741,Kosmos Energy,KOS,1578042368,2.65,United States
1742,HawkEye 360,HAWK,1577245440,16.1,United States
1743,Hawaiian Electric Industries,HE,1574499456,9.1,United States
1744,Wolverine World Wide,WWW,1565005056,19.07,United States
1745,ConnectOne Bancorp,CNOB,1562934016,31.06,United States
1746,Helix Energy Solutions,HLX,1562253952,10.6,United States
1747,Huntsman Corporation,HUN,1560869632,8.9,United States
1748,Atlas Energy Solutions,AESI,1558793088,12.47,United States
1749,Omnicell,OMCL,1535396992,33.66,United States
1750,Pathward Financial,CASH,1533074176,73.8,United States
1751,Innovative Industrial Properties,IIPR,1530761216,55.52,United States
1752,AnaptysBio,ANAB,1524657408,51.0,United States
1753,Taysha Gene Therapies,TSHA,1521642624,4.67,United States
1754,Kennedy Wilson,KW,1521191808,10.92,United States
1755,Safety Insurance,SAFT,1519576704,103.51,United States
1756,Revolve Group,RVLV,1516977536,21.2,United States
1757,United Parks &amp; Resorts,PRKS,1507598464,33.25,United States
1758,Nutex Health,NUTX,1507307392,220.11,United States
1759,i-80 Gold,IAUX,1506668928,1.74,United States
1760,Energizer Holdings,ENR,1506416768,22.0,United States
1761,ICF International,ICFI,1498555264,83.56,United States
1762,Innoviva,INVA,1498371456,20.74,United States
1763,WEBTOON Entertainment,WBTN,1498250240,11.04,United States
1764,Tyra Biosciences,TYRA,1496129152,21.76,United States
1765,Kemper,KMPR,1491934208,25.32,United States
1766,Lyntris Inc.,LYNX,1491108992,12.86,United States
1767,Azenta,AZTA,1490361472,34.02,United States
1768,FMC Corporation,FMC,1490130688,9.58,United States
1769,Ardent Health,ARDT,1486623872,10.54,United States
1770,ADI Global Distribution,ADIG,1484298496,19.55,United States
1771,Esquire Financial Holdings,ESQ,1480148352,122.28,United States
1772,Lakeland Financial Corp,LKFN,1479289984,59.51,United States
1773,Corsair Gaming,CRSR,1477697280,13.66,United States
1774,Alkami Technology,ALKT,1475799424,13.8,United States
1775,Goodyear,GT,1475481088,5.125,United States
1776,Capital Southwest Corporation,CSWC,1474164352,23.13,United States
1777,MasterBrand,MBC,1471236352,7.23,United States
1778,Triumph Financial,TFIN,1468319232,61.45,United States
1779,Stepan Company,SCL,1466930816,64.53,United States
1780,Inhibrx Biosciences,INBX,1466026112,99.61,United States
1781,Fluence Energy,FLNC,1459388544,7.85,United States
1782,Wolfspeed,WOLF,1459295744,27.57,United States
1783,Kailera Therapeutics,KLRA,1453953920,11.215,United States
1784,American Superconductor Corporation,AMSC,1453748736,30.01,United States
1785,Omeros Corporation,OMER,1453557504,20.08,United States
1786,J&amp;J Snack Foods,JJSF,1448011520,77.51,United States
1787,Maze Therapeutics,MAZE,1447055744,26.05,United States
1788,Healthcare Services Group,HCSG,1444707712,21.05,United States
1789,KalVista Pharmaceuticals,KALV,1437504000,27.0,United States
1790,P3 Health Partners,PIII,1436705920,7.05,United States
1791,Vistance Networks,VISN,1434496256,6.22,United States
1792,Tompkins Financial,TMP,1432105856,99.57,United States
1793,Savers Value Village,SVV,1431210752,9.34,United States
1794,Sylvamo,SLVM,1429778304,35.96,United States
1795,Ultragenyx Pharmaceutical,RARE,1429538688,14.5,United States
1796,EverCommerce,EVCM,1427455232,8.08,United States
1797,Dorchester Minerals,DMLP,1425614592,29.04,United States
1798,Frontier Airlines,ULCC,1425035648,6.19,United States
1799,Amprius Technologies,AMPX,1424286080,9.75,United States
1800,The Pennant Group,PNTG,1424058240,40.77,United States
1801,Boxabl Inc.,BXBL,1423095296,4.03,United States
1802,Amalgamated Financial,AMAL,1422649088,47.58,United States
1803,REX American Resources,REX,1421244416,42.84,United States
1804,Burke & Herbert Financial Services,BHRB,1409862272,69.84,United States
1805,Peoples Bancorp,PEBO,1409657728,39.22,United States
1806,Perella Weinberg Partners,PWP,1408355584,14.47,United States
1807,TriMas,TRS,1404462080,39.15,United States
1808,Newsmax,NMAX,1403976192,10.87,United States
1809,Atlanticus,ATLC,1403228544,92.5,United States
1810,ArriVent BioPharma,AVBP,1402804864,28.45,United States
1811,Westamerica Bancorporation,WABC,1402153600,60.67,United States
1812,Phibro Animal Health,PAHC,1398725248,34.45,United States
1813,Olaplex,OLPX,1391282176,2.07,United States
1814,Certara,CERT,1389628288,9.11,United States
1815,"Kardigan, Inc.",KARD,1382919680,14.79,United States
1816,Arlo Technologies,ARLO,1381754880,12.84,United States
1817,MillerKnoll,MLKN,1378785280,20.06,United States
1818,Arhaus,ARHS,1376409344,9.71,United States
1819,Community Trust Bancorp,CTBI,1372770560,75.56,United States
1820,Hillman Solutions,HLMN,1371542272,7.05,United States
1821,Exzeo Group,XZO,1370206848,15.21,United States
1822,United Fire Group,UFCS,1368243328,53.33,United States
1823,Liquidity Services,LQDT,1366371840,43.61,United States
1824,ORIC Pharmaceuticals,ORIC,1364068992,13.16,United States
1825,CONMED,CNMD,1359187712,45.38,United States
1826,Everforth,EFOR,1357920000,33.12,United States
1827,Agilon Health,AGL,1355554432,80.73,United States
1828,Forestar Group,FOR,1351221248,26.49,United States
1829,Digital Turbine,APPS,1344490496,11.11,United States
1830,Pursuit Attractions and Hospitality,PRSU,1343577600,49.28,United States
1831,BigBear.ai,BBAI,1342584576,2.8,United States
1832,ARKO Petroleum,APC,1340114688,16.23,United States
1833,AMN Healthcare Services,AMN,1338508544,34.56,United States
1834,Coursera,COUR,1335220096,5.05,United States
1835,Boost Run,BRUN,1333004416,16.77,United States
1836,First Mid Bancshares,FMBH,1322647040,49.72,United States
1837,FuelCell Energy,FCEL,1318444544,16.49,United States
1838,HBT Financial,HBT,1318253440,36.25,United States
1839,The Greenbrier Companies,GBX,1316174208,42.54,United States
1840,Herbalife,HLF,1315282432,12.55,United States
1841,UMH Properties,UMH,1314938240,15.4,United States
1842,York Space Systems,YSS,1314512128,9.57,United States
1843,National Vision Holdings,EYE,1307015808,16.53,United States
1844,Walker &amp; Dunlop,WD,1303691776,37.98,United States
1845,PROG Holdings,PRG,1301697792,32.68,United States
1846,Ategrity Specialty Insurance Company,ASIC,1301216128,27.15,United States
1847,Willis Lease Finance Corporation,WLFC,1298478848,54.33,United States
1848,Preferred Bank,PFBC,1297679232,109.48,United States
1849,Dauch Corporation,DCH,1297321216,5.46,United States
1850,CVR Partners,UAN,1296894592,122.7,United States
1851,"RPC, Inc.",RES,1294476928,5.84,United States
1852,ProAssurance,PRA,1290193152,25.0,United States
1853,Cricut,CRCT,1285988736,6.14,United States
1854,Oil-Dri Corporation Of America,ODC,1282928640,88.6,United States
1855,Oppenheimer Holdings,OPY,1282604800,119.78,United States
1856,Edgewell Personal Care,EPC,1282193664,27.82,United States
1857,Two Harbors Investment,TWO,1280541440,12.18,United States
1858,BJ's Restaurants,BJRI,1279191424,60.13,United States
1859,NAPCO Security Technologies,NSSC,1275502464,35.66,United States
1860,Damora Therapeutics,DMRA,1275455872,20.66,United States
1861,"Suncrete, Inc.",RMIX,1274103424,13.05,United States
1862,Bicara Therapeutics,BCAX,1271182080,19.21,United States
1863,Old Second Bancorp,OSBC,1269349120,24.95,United States
1864,"U.S. Physical Therapy, Inc.",USPH,1266041600,84.84,United States
1865,Bristow Group,VTOL,1263341952,42.62,United States
1866,"Alexander's, Inc.",ALX,1262113536,247.12,United States
1867,Utz Brands,UTZ,1261852160,14.24,United States
1868,Six Flags,FUN,1260536960,12.32,United States
1869,Red Violet,RDVT,1260489984,78.55,United States
1870,Empire State Realty Trust,ESRT,1259081472,4.11,United States
1871,Shoals Technologies,SHLS,1257200640,7.47,United States
1872,Leggett &amp; Platt,LEG,1256618752,9.2,United States
1873,Integra LifeSciences,IART,1253692800,16.12,United States
1874,Wendy’s,WEN,1248888064,6.55,United States
1875,Quantum Corporation,QMCO,1248508800,31.68,United States
1876,Avalyn Pharma,AVLN,1244873344,28.08,United States
1877,"Harrow, Inc.",HROW,1239723136,33.07,United States
1878,Ryerson,RYZ,1237782912,23.85,United States
1879,Seneca Foods,SENEA,1236691712,182.66,United States
1880,InnovAge,INNV,1228062848,9.0,United States
1881,OPKO Health,OPK,1223978368,1.64,United States
1882,Flowers Foods,FLO,1217209600,5.74,United States
1883,Gibraltar Industries,ROCK,1203978496,40.56,United States
1884,Omada Health,OMDA,1203520384,19.66,United States
1885,Donnelley Financial Solutions,DFIN,1202716928,48.92,United States
1886,Turning Point Brands,TPB,1202142848,62.07,United States
1887,Willdan Group,WLDN,1201811968,78.9,United States
1888,Clear Channel Outdoor,CCO,1201461504,2.36,United States
1889,Unusual Machines,UMAC,1201453824,24.05,United States
1890,Harmonic Inc.,HLIT,1200821632,11.01,United States
1891,XPEL,XPEL,1198776064,43.48,United States
1892,La-Z-Boy,LZB,1196776832,29.88,United States
1893,American Savings Bank,ASBH,1189463040,18.3,United States
1894,Myers Industries,MYE,1179702784,31.36,United States
1895,Columbia Financial,CLBK,1178979712,11.33,United States
1896,ProPetro,PUMP,1177881472,9.59,United States
1897,Sprinklr,CXM,1177108736,5.07,United States
1898,ScanSource,SCSC,1174325888,58.3,United States
1899,Arteris,AIP,1174243712,23.89,United States
1900,Universal Insurance Holdings,UVE,1172771200,42.14,United States
1901,Avanos Medical,AVNS,1170726912,24.99,United States
1902,Prospect Capital,PSEC,1169058944,2.19,United States
1903,Heritage Financial,HFWA,1168957568,28.57,United States
1904,National Healthcare Properties,NHP,1168665216,16.03,United States
1905,Replimune,REPL,1164554624,12.36,United States
1906,G-III Apparel Group,GIII,1162810880,27.12,United States
1907,Univest Financial Corporation,UVSP,1162805120,42.16,United States
1908,Lindsay Corporation,LNN,1161795072,114.25,United States
1909,LGI Homes,LGIH,1161381760,49.99,United States
1910,Beta Bionics,BBNX,1160382976,21.51,United States
1911,Amerant Bancorp,AMTB,1158844032,29.57,United States
1912,MarineMax,HZO,1158228352,52.44,United States
1913,Cracker Barrel,CBRL,1158029184,51.81,United States
1914,Tennant Company,TNC,1154919808,67.74,United States
1915,Eos Energy Enterprises,EOSE,1152590848,3.165,United States
1916,Mission Produce,AVO,1152094208,13.14,United States
1917,Seaport Therapeutics,SPTX,1151977472,21.52,United States
1918,Ladder Capital,LADR,1151936896,9.08,United States
1919,Carter's,CRI,1149427200,31.31,United States
1920,Piedmont Realty Trust,PDM,1147468032,9.17,United States
1921,GoodRx,GDRX,1142836992,3.35,United States
1922,Ameresco,AMRC,1139862272,21.48,United States
1923,Genco Shipping &amp; Trading,GNK,1137174528,26.09,United States
1924,Latigo Biotherapeutics,LTGO,1137033856,17.15,United States
1925,Great Lakes Dredge &amp; Dock Corp.,GLDD,1135273600,17.0,United States
1926,PagerDuty,PD,1130985216,14.38,United States
1927,"Cadre Holdings, Inc.",CDRE,1130039168,26.39,United States
1928,Orchid Island Capital,ORC,1127195776,5.71,United States
1929,Marcus &amp; Millichap,MMI,1126662400,29.75,United States
1930,Easterly Government Properties,DEA,1122723072,22.91,United States
1931,Northeast Bank,NBN,1120222336,130.24,United States
1932,Universal Technical Institute,UTI,1118433152,20.3,United States
1933,Jefferson Capital,JCAP,1117500928,19.46,United States
1934,Deluxe Corporation,DLX,1115683456,24.33,United States
1935,T1 Energy,TE,1113121152,3.78,United States
1936,Bowhead Specialty Holdings,BOW,1112155776,33.76,United States
1937,AEVEX Corp.,AVEX,1112005504,16.07,United States
1938,Amphastar Pharmaceuticals,AMPH,1111516416,26.13,United States
1939,Metropolitan Bank Holding,MCB,1110840832,89.6,United States
1940,Ecovyst,ECVT,1110009600,10.14,United States
1941,Suburban Propane Partners,SPH,1108759936,16.62,United States
1942,American Bitcoin Corp,ABTC,1108559488,9.1,United States
1943,Teladoc Health,TDOC,1106455680,6.09,United States
1944,Artivion,AORT,1103353216,22.63,United States
1945,Biglari,BH,1098039808,344.81,United States
1946,Grocery Outlet,GO,1096865280,11.07,United States
1947,IRadimed,IRMD,1096612352,85.76,United States
1948,Castle Biosciences,CSTL,1093977984,35.81,United States
1949,Tandem Diabetes Care,TNDM,1093777280,15.72,United States
1950,ZoomInfo,GTM,1091662720,3.75,United States
1951,Gentherm,THRM,1082320896,35.21,United States
1952,Aktis Oncology,AKTS,1080686848,19.43,United States
1953,Five Star Bancorp,FSBC,1075439872,43.83,United States
1954,The RealReal,REAL,1074355968,8.83,United States
1955,MannKind Corp,MNKD,1073958528,3.34,United States
1956,Capitol Federal Financial,CFFN,1070846848,8.68,United States
1957,Aeva Technologies,AEVA,1069983424,15.35,United States
1958,Flotek Industries,FTK,1069589248,29.53,United States
1959,Oaktree Specialty Lending Corporation,OCSL,1065834816,12.1,United States
1960,Enovis,ENOV,1064578816,18.46,United States
1961,Winmark,WINA,1064539328,296.35,United States
1962,Karat Packaging,KRT,1058175040,53.09,United States
1963,Universal Corporation,UVV,1057471424,42.47,United States
1964,Marten Transport,MRTN,1050052160,12.87,United States
1965,MeiraGTx,MGTX,1047829056,10.91,United States
1966,Green Plains,GPRE,1045822272,14.92,United States
1967,Saul Centers,BFS,1041870144,30.0,United States
1968,ASA Gold and Precious Metals,ASA,1040464320,56.68,United States
1969,Alto Neuroscience,ANRO,1039523328,26.49,United States
1970,Mercantile Bank,MBWM,1037674240,60.03,United States
1971,National Presto Industries,NPK,1032303488,144.66,United States
1972,STAAR Surgical,STAA,1028453120,20.51,United States
1973,Savara,SVRA,1024636096,5.0,United States
1974,Graham Corporation,GHM,1023586624,87.21,United States
1975,Dream Finders Homes,DFH,1023046848,11.3,United States
1976,CEVA,CEVA,1019177408,36.2,United States
1977,Upwork,UPWK,1017962432,8.15,United States
1978,CRA International,CRAI,1017290752,162.07,United States
1979,Red Cat Holdings,RCAT,1017077696,6.66,United States
1980,Trupanion,TRUP,1016089664,23.16,United States
1981,NexPoint Residential Trust,NXRT,1013498624,19.64,United States
1982,Rackspace Technology,RXT,1011845184,3.97,United States
1983,CNB Financial Corp,CCNE,1009775936,34.09,United States
1984,PureCycle Technologies,PCT,1008542144,5.02,United States
1985,Middlesex Water Company,MSEX,1007585792,53.47,United States
1986,Ventyx Biosciences,VTYX,1004502016,14.0,United States
1987,Business First Bancshares,BFST,1004489472,30.86,United States
1988,Monte Rosa Therapeutics,GLUE,1004138752,11.77,United States
1989,Vor Biopharma,VOR,1003522432,18.52,United States
1990,MetroCity Bankshares,MCBS,1002528256,34.98,United States
1991,Emerald Holding,EEX,997505920,5.04,United States
1992,Frequency Electronics,FEIM,996896768,88.43,United States
1993,Janux Therapeutics,JANX,996529344,16.3,United States
1994,Equity Bancshares,EQBK,995852800,48.36,United States
1995,NPK International,NPKI,995144000,11.72,United States
1996,XPLR Infrastructure,XIFR,994865024,10.55,United States
1997,Northwest Pipe Company,NWPX,990993472,102.83,United States
1998,NB Bancorp,NBBK,990297856,22.6,United States
1999,Horizon Bancorp,HBNC,989922368,19.28,United States
2000,Heritage Insurance,HRTG,989197504,33.27,United States
2001,Pacira Biosciences,PCRX,988419904,25.12,United States
2002,Whitestone REIT,WSR,988012416,18.99,United States
2003,Odyssey Therapeutics,ODTX,985680448,20.51,United States
2004,TripAdvisor,TRIP,985646464,8.41,United States
2005,PROCEPT BioRobotics,PRCT,985107008,17.2,United States
2006,Andersen Group,ANDG,981900096,52.96,United States
2007,Lumexa Imaging,LMRI,980925504,10.21,United States
2008,Sweetgreen,SG,980900352,8.24,United States
2009,Diversified Energy,DEC.L,980437045,13.8539,United States
2010,Resolute Holdings Management,RHLD,980420800,125.38,United States
2011,Global Medical REIT,GMRE,979776256,35.98,United States
2012,Centerspace,CSR,978554752,55.29,United States
2013,Yelp,YELP,978373120,18.03,United States
2014,Corvus Pharmaceuticals,CRVS,977485376,11.62,United States
2015,Camden National Corporation,CAC,976987328,57.82,United States
2016,NCR Voyix Corporation,VYX,976154240,7.07,United States
2017,BrightView,BV,963966016,10.41,United States
2018,LegalZoom,LZ,962508224,5.62,United States
2019,Arbutus Biopharma,ABUS,960812864,4.85,United States
2020,Nextdoor,NXDR,957283136,2.51,United States
2021,Kura Oncology,KURA,957216256,10.76,United States
2022,Trustco Bank,TRST,956958976,56.2,United States
2023,HighPeak Energy,HPK,955983168,7.56,United States
2024,Vishay Precision Group,VPG,954142336,71.63,United States
2025,Ibotta,IBTA,953660672,41.06,United States
2026,Cullinan Therapeutics,CGEM,953093056,14.81,United States
2027,Hanmi Financial,HAFC,951741056,32.1,United States
2028,BlackSky Technology,BKSY,951502720,23.25,United States
2029,Astec Industries,ASTE,950487168,41.28,United States
2030,Compass Minerals,CMP,949607360,22.62,United States
2031,Kronos Worldwide,KRO,949554560,8.25,United States
2032,Central Pacific Financial,CPF,948792832,36.85,United States
2033,Satellogic,SATL,948575232,6.17,United States
2034,Bioventus,BVS,943294080,13.81,United States
2035,USA TODAY Co.,TDAY,942571136,6.42,United States
2036,Postal Realty Trust,PSTL,941280768,23.65,United States
2037,Taboola.com,TBLA,940140800,3.48,United States
2038,Upbound Group,UPBD,938037440,16.09,United States
2039,Babcock &amp; Wilcox,BW,934011008,6.27,United States
2040,Phoenix Education Partners,PXED,931824704,25.85,United States
2041,Forum Energy Technologies,FET,931530624,82.83,United States
2042,Eastman Kodak Company,KODK,931094464,9.51,United States
2043,Unitil Corporation,UTL,929705664,50.98,United States
2044,Kopin Corporation,KOPN,927504256,4.99,United States
2045,Southside Bancshares,SBSI,924980736,31.09,United States
2046,"Sinclair, Inc.",SBGI,924224832,12.78,United States
2047,Kforce,KFRC,923388096,51.56,United States
2048,Mid Penn Bancorp,MPB,919921728,36.31,United States
2049,BellRing Brands,BRBR,919760512,7.91,United States
2050,Alumis,ALMS,918990208,7.1,United States
2051,Douglas Dynamics,PLOW,917081856,39.74,United States
2052,Jade Biosciences,JBIO,917074368,14.42,United States
2053,NANO Nuclear Energy,NNE,912331456,16.99,United States
2054,CeriBell,CBLL,909177216,23.69,United States
2055,Barings BDC,BBDC,907808640,8.67,United States
2056,SpyGlass Pharma,SGP,905436800,27.07,United States
2057,Daily Journal,DJCO,905121536,656.86,United States
2058,Quanex Building Products,NX,904609344,19.74,United States
2059,Accel Entertainment,ACEL,901019328,11.07,United States
2060,O-I Glass,OI,900446144,5.86,United States
2061,Tetra Technologies,TTI,900282496,6.08,United States
2062,First Financial,THFF,898551616,75.56,United States
2063,Riley Exploration Permian,REPX,898335936,40.55,United States
2064,"Forbright, Inc.",FRBT,897006592,17.67,United States
2065,Angel Studios,ANGX,896430400,4.8,United States
2066,Rigel Pharmaceuticals,RIGL,891430208,48.18,United States
2067,HealthStream,HSTM,890340352,29.1,United States
2068,Beazer Homes USA,BZH,890299008,33.37,United States
2069,Dakota Gold,DC,886883520,6.61,United States
2070,Ardelyx,ARDX,883001472,3.42,United States
2071,CryoPort,CYRX,881800832,17.41,United States
2072,Sana Biotechnology,SANA,881617088,2.945,United States
2073,Sabre,SABR,879811392,2.18,United States
2074,BitGo,BTGO,879241280,7.48,United States
2075,"Apnimed, Inc.",APMD,877993152,21.09,United States
2076,Oxford Lane Capital,OXLC,876390400,8.94,United States
2077,Republic Airways,RJET,875524672,18.7,United States
2078,Koppers Holdings,KOP,875038272,46.27,United States
2079,Heartland Express,HTLD,873858496,11.3,United States
2080,Talkspace,TALK,870574976,5.25,United States
2081,Eagle Bancorp,EGBN,870012608,28.54,United States
2082,Safehold,SAFE,868207616,12.26,United States
2083,Groupon,GRPN,866170752,21.3,United States
2084,Marcus Corporation,MCS,866075392,28.09,United States
2085,Chimera Investment Corporation,CIM,865580160,10.34,United States
2086,Virtus Investment Partners,VRTS,864790848,130.58,United States
2087,Evolv Technologies,EVLV,861584064,4.79,United States
2088,SmartFinancial (SmartBank),SMBK,860395136,50.32,United States
2089,Great Southern Bancorp,GSBC,859922304,78.91,United States
2090,Navient,NAVI,855308480,9.12,United States
2091,Service Properties Trust,SVC,853467520,6.59,United States
2092,Capital City Bank Group,CCBG,853268928,49.86,United States
2093,New Era Energy & Digital,NUAI,852827392,7.06,United States
2094,Employers Holdings,EIG,849531904,47.3,United States
2095,Simply Good Foods,SMPL,849035648,9.6,United States
2096,PubMatic,PUBM,847231104,18.6,United States
2097,Compass Diversified Holdings,CODI,846404608,11.25,United States
2098,Alpha &amp; Omega Semiconductor,AOSL,845141056,27.93,United States
2099,Standard Motor Products,SMP,839102976,37.69,United States
2100,ProFrac,ACDC,838675328,4.605,United States
2101,ASGN,ASGN,833931008,19.53,United States
2102,Ridgepost Capital,RPC,831197824,7.54,United States
2103,Avalo Therapeutics,AVTX,829655936,15.47,United States
2104,Heritage Commerce,HTBK,828429632,13.45,United States
2105,MFA Financial,MFA,825888448,8.17,United States
2106,Cantaloupe,CTLP,825815936,11.2,United States
2107,QuinStreet,QNST,824589056,14.41,United States
2108,SI-BONE,SIBN,824453184,18.59,United States
2109,Covenant Logistics,CVLG,824016512,32.47,United States
2110,"MNTN, Inc.",MNTN,823582784,11.01,United States
2111,Orrstown Financial Services,ORRF,821600256,41.77,United States
2112,Transcat,TRNS,821136192,87.73,United States
2113,CrossAmerica Partners,CAPL,819961536,21.48,United States
2114,Lightwave Logic,LWLG,818628096,5.31,United States
2115,Daktronics,DAKT,818536896,17.02,United States
2116,Sky Harbour Group,SKYH,817111360,10.01,United States
2117,Arbor Realty Trust,ABR,816994944,4.03,United States
2118,Backblaze,BLZE,816460992,13.19,United States
2119,JBG SMITH,JBGS,813236032,10.53,United States
2120,SunCoke Energy,SXC,812252288,9.57,United States
2121,Attovia Therapeutics,ATTO,811679488,17.78,United States
2122,Viant Technology,DSP,810925312,12.19,United States
2123,Abacus Global Management,ABX,810697728,8.29,United States
2124,South Plains Financial,SPFI,810081472,43.0,United States
2125,Geron,GERN,809516480,1.26,United States
2126,Hippo Holdings,HIPO,807778944,30.61,United States
2127,Alerus Financial,ALRS,801918464,32.17,United States
2128,World Acceptance Corporation,WRLD,801544448,171.99,United States
2129,Montrose Environmental,MEG,800798912,22.14,United States
2130,Energy Vault,NRGV,800094144,4.4,United States
2131,Apollo Commercial Real Estate Finance,ARI,800043456,6.24,United States
2132,4D Molecular Therapeutics,FDMT,799383744,14.47,United States
2133,Lexicon Pharmaceuticals,LXRX,798695872,1.795,United States
2134,The Manitowoc Company,MTW,798411968,22.14,United States
2135,Peapack-Gladstone Financial,PGC,798289664,45.03,United States
2136,GCM Grosvenor,GCMG,797086528,13.04,United States
2137,Mitek Systems,MITK,796861184,17.66,United States
2138,Southern Missouri Bancorp,SMBC,795819584,72.26,United States
2139,Independent Bank Corporation,IBCP,795400832,35.83,United States
2140,"TXO Partners, L.P.",TXO,794547008,14.33,United States
2141,Obsidian Therapeutics,OBX,794399168,12.86,United States
2142,Financial Institutions,FISI,792786880,40.23,United States
2143,Westrock Coffee,WEST,789805568,8.09,United States
2144,John B. Sanfilippo & Son,JBSS,786269632,67.24,United States
2145,LSI Industries,LYTS,785841600,21.09,United States
2146,Immix Biopharma,IMMX,784786240,10.97,United States
2147,Metallus,MTUS,784267904,18.84,United States
2148,Varex Imaging,VREX,783450624,18.45,United States
2149,Rapid7,RPD,783195456,11.62,United States
2150,Solid Biosciences,SLDB,781672000,7.29,United States
2151,Peakstone Realty Trust,PKST,780562688,20.99,United States
2152,Fox Factory Holding,FOXF,779675008,18.55,United States
2153,Gyre Therapeutics,GYRE,779348096,7.35,United States
2154,PRA Group,PRAA,777431360,20.65,United States
2155,CTO Realty Growth,CTO,776698624,20.72,United States
2156,Apogee Enterprises,APOG,775257152,37.15,United States
2157,Carlyle Secured Lending,CGBD,774051584,11.25,United States
2158,Shore Bancshares,SHBI,767896064,23.01,United States
2159,Winnebago Industries,WGO,767500416,27.15,United States
2160,AdaptHealth,AHCO,767345344,5.64,United States
2161,Olema Pharmaceuticals,OLMA,765604096,8.75,United States
2162,HomeTrust Bancshares,HTB,763691840,46.19,United States
2163,American Public Education,APEI,762533824,41.665,United States
2164,WhiteFiber,WYFI,762200128,19.62,United States
2165,Fidus Investment Corporation,FDUS,761607040,19.15,United States
2166,Westlake Chemical Partners,WLKP,761311040,21.6,United States
2167,Movado Group,MOV,761293760,34.12,United States
2168,Design Therapeutics,DSGN,758489600,12.12,United States
2169,Aclaris Therapeutics,ACRS,758074304,5.15,United States
2170,Strawberry Fields REIT,STRW,757359872,13.4,United States
2171,"Eve Holding, Inc.",EVEX,756215360,2.17,United States
2172,N-Able,NABL,755622080,4.0,United States
2173,Barrett Business Services,BBSI,754683520,31.14,United States
2174,Golden Entertainment,GDEN,753686080,28.55,United States
2175,Hyliion,HYLN,753680192,4.22,United States
2176,TaskUs,TASK,751833600,8.2,United States
2177,QuidelOrtho,QDEL,750215104,10.94,United States
2178,Mesa Laboratories,MLAB,750070272,134.04,United States
2179,Sable Offshore,SOC,744453952,3.88,United States
2180,Washington Trust Bancorp,WASH,741228096,38.86,United States
2181,Bowman Consulting Group,BWMN,737897792,42.57,United States
2182,Latham Group,SWIM,734699776,6.245,United States
2183,Cytek Biosciences,CTKB,734405440,5.65,United States
2184,Root Insurance,ROOT,734380160,47.4,United States
2185,Reformation Inc.,REF,730811200,12.37,United States
2186,PennyMac Mortgage Investment Trust,PMT,726395648,8.33,United States
2187,Community West Bancshares,CWBC,726382720,26.77,United States
2188,Third Coast Bancshares,TCBX,719642240,43.25,United States
2189,Bain Capital Specialty Finance,BCSF,718743040,11.08,United States
2190,Gemini Space Station,GEMI,718273152,5.54,United States
2191,Ginkgo Bioworks,DNA,717847360,10.66,United States
2192,Paysign,PAYS,715375552,12.67,United States
2193,River City Bank,RCBC,714858240,51.08,United States
2194,Lincoln Educational Services,LINC,712464384,22.46,United States
2195,LSB Industries,LXU,712055360,9.89,United States
2196,Lucky Strike Entertainment,LUCK,710268992,5.21,United States
2197,XOMA Royalty,XOMA,710155008,40.17,United States
2198,IperionX,IPX,710144960,19.61,United States
2199,Enhabit,EHAB,706913408,13.8,United States
2200,Bally's Corporation,BALY,706573312,14.0,United States
2201,Vitesse Energy,VTS,705247296,16.75,United States
2202,Five Point Holdings,FPH,702536832,4.75,United States
2203,Carter Bankshares,CARE,702098752,30.31,United States
2204,Verastem Oncology,VSTM,700961024,7.74,United States
2205,American Woodmark,AMWD,700651840,48.09,United States
2206,indie Semiconductor,INDI,700062784,3.02,United States
2207,LightPath Technologies,LPTH,698961792,9.98,United States
2208,Peoples Financial Services,PFIS,698723648,69.8,United States
2209,Collegium Pharmaceutical,COLL,698411840,22.53,United States
2210,Green Dot,GDOT,698068480,12.25,United States
2211,Arrow Financial,AROW,697418240,37.65,United States
2212,Legacy Housing Corporation,LEGH,696843008,29.3,United States
2213,ParkOhio Holdings Corp.,PKOH,696100096,48.04,United States
2214,California BanCorp,BCAL,695737664,21.64,United States
2215,Hallador Energy Company,HNRG,693950208,14.72,United States
2216,PennantPark Floating Rate Capital Ltd.,PFLT,693533056,6.99,United States
2217,Cass Information Systems,CASS,693196864,54.13,United States
2218,Midland States Bancorp,MSBI,690215232,33.26,United States
2219,Annexon,ANNX,690068096,3.64,United States
2220,MISTRAS Group,MG,685634816,21.52,United States
2221,Coastal Financial Corporation,CCB,685133184,44.82,United States
2222,Natural Grocers by Vitamin Cottage,NGVC,684692224,29.71,United States
2223,"Sturm, Ruger &amp; Co",RGR,684029184,42.81,United States
2224,Entravision Communications,EVC,683856320,7.41,United States
2225,Tron Inc.,TRON,683110208,1.44,United States
2226,Once Upon A Farm,OFRM,682768000,16.26,United States
2227,Cannae Holdings,CNNE,682710336,15.74,United States
2228,Ironwood Pharmaceuticals,IRWD,682441024,4.13,United States
2229,MiMedx Group,MDXG,681513216,4.67,United States
2230,RE/MAX Holdings,RMAX,681161536,12.36,United States
2231,Starling Oncology,STLN,678761280,6.66,United States
2232,Udemy,UDMY,677283328,4.63,United States
2233,Hovnanian Enterprises,HOV,674732608,115.15,United States
2234,Bloomin' Brands,BLMN,674264768,7.875,United States
2235,United States Antimony Corporation,UAMY,673512192,4.5,United States
2236,Factorial Energy,FAC,672106048,6.28,United States
2237,Village Super Market,VLGEA,671906560,45.37,United States
2238,OmniAb,OABI,670249792,4.61,United States
2239,Donegal Group,DGICA,670227328,18.09,United States
2240,Climb Bio,CLYM,669706752,11.66,United States
2241,Helen of Troy,HELE,666851648,28.63,United States
2242,Red River Bancshares,RRBI,664994688,101.0,United States
2243,OneSpan,OSPN,660267392,17.81,United States
2244,Nuvectis Pharma,NVCT,660062976,20.22,United States
2245,EverQuote,EVER,659357888,18.64,United States
2246,New Mountain Finance Corporation,NMFC,659277696,6.98,United States
2247,Mativ Holdings,MATV,657865920,11.92,United States
2248,Hingham Institution for Savings,HIFS,657373248,299.18,United States
2249,OTC Markets Group,OTCM,655735552,54.72,United States
2250,Zevra Therapeutics,ZVRA,655596928,11.04,United States
2251,Chatham Lodging Trust,CLDT,655221568,13.35,United States
2252,Park Aerospace,PKE,654929024,30.11,United States
2253,Kimball Electronics,KE,653579968,27.27,United States
2254,Bar Harbor Bankshares,BHB,653206464,38.96,United States
2255,Shentel,SHEN,651088640,11.76,United States
2256,ACNB Corporation,ACNB,650813568,63.73,United States
2257,Petco,WOOF,650171968,2.27,United States
2258,Armada Hoffler Properties,AHH,647902656,6.25,United States
2259,Consensus Cloud Solutions,CCSI,645403776,35.22,United States
2260,DoubleDown Interactive,DDI,644194688,13.0,United States
2261,Papa John's Pizza,PZZA,643618944,19.55,United States
2262,Tronox,TROX,643591168,4.03,United States
2263,Priority Technology Holdings,PRTH,641633920,7.78,United States
2264,Glass House Brands,GLAS,640849024,6.8,United States
2265,SLR Investment,SLRC,640471360,11.74,United States
2266,Yext,YEXT,640392192,6.47,United States
2267,AngioDynamics,ANGO,640238656,15.49,United States
2268,Smith &amp; Wesson,SWBI,639413824,14.26,United States
2269,Northfield Bancorp,NFBK,639406784,15.31,United States
2270,ProKidney,PROK,638692096,1.6,United States
2271,Tiptree,TIPT,638660672,17.15,United States
2272,Bit Digital,BTBT,634714944,1.76,United States
2273,Hudson Pacific Properties,HPP,632230784,11.65,United States
2274,Phreesia,PHR,630020032,10.15,United States
2275,Enovix,ENVX,629817280,2.87,United States
2276,Gladstone Investment,GAIN,629585344,15.81,United States
2277,Mama's Creations,MAMA,629418688,13.35,United States
2278,Grid Dynamics,GDYN,628733312,7.75,United States
2279,BlossomHill Therapeutics,BLSM,627751936,19.75,United States
2280,"Nerdy, Inc,",NRDY,626237696,8.67,United States
2281,First Watch Restaurant,FWRG,625764096,10.14,United States
2282,WhiteHawk Minerals Corp,WHK,624868544,26.26,United States
2283,Reservoir Media,RSVR,624577984,9.49,United States
2284,Forge Global,FRGE,623007296,45.0,United States
2285,Aura Biosciences,AURA,622228864,6.0,United States
2286,Array Technologies,ARRY,620651072,4.03,United States
2287,Contango Ore,CTGO,620324800,18.55,United States
2288,Hertz,HTZ,620225408,1.74,United States
2289,Summit Hotel Properties,INN,619078848,5.74,United States
2290,Forward Industries,FWDI,616034304,8.42,United States
2291,Limbach Holdings,LMB,613696512,51.48,United States
2292,Miller Industries,MLR,613472064,54.04,United States
2293,Vaalco Energy,EGY,612216128,5.82,United States
2294,EagleRock Land,EROK,611881344,25.02,United States
2295,CorMedix,CRMD,611862912,7.85,United States
2296,Fulgent Genetics,FLGT,610839488,22.2,United States
2297,Gladstone Commercial,GOOD,610321728,12.5,United States
2298,Shattuck Labs,STTK,609204992,6.07,United States
2299,Velocity Financial,VEL,606040384,15.35,United States
2300,Scholastic,SCHL,604140736,32.35,United States
2301,"Yesway, Inc.",YSWY,602505024,19.32,United States
2302,Ooma,OOMA,600852032,21.77,United States
2303,NETGEAR,NTGR,599840960,22.07,United States
2304,The Elmet Group,ELMT,598224512,19.64,United States
2305,GMR Solutions Inc.,GMRS,597480128,11.06,United States
2306,"AGNT, Inc",AGNT,596495872,3.63,United States
2307,Altimmune,ALT,595224128,3.06,United States
2308,Bluelinx,BXC,594185856,76.35,United States
2309,3D Systems,DDD,593144896,3.57,United States
2310,Teamshares,TMS,591945600,8.0,United States
2311,Matthews International Corporation,MATW,591489664,18.95,United States
2312,Kearny Financial,KRNY,591301824,9.36,United States
2313,IBEX,IBEX,591297536,44.53,United States
2314,Climb Global Solutions,CLMB,590609280,31.65,United States
2315,Phathom Pharmaceuticals,PHAT,590576832,7.3,United States
2316,First Business Financial Services,FBIZ,590217600,70.53,United States
2317,OrthoPediatrics,KIDS,588775680,22.55,United States
2318,CytomX Therapeutics,CTMX,588328064,2.7,United States
2319,Weave Communications,WEAV,588100736,7.35,United States
2320,Aquestive Therapeutics,AQST,587394496,4.68,United States
2321,Capital Bancorp,CBNK,587270912,36.05,United States
2322,Greene County Bancorp,GCBC,586698176,34.46,United States
2323,Chaince Digital Holdings,CD,586320256,5.33,United States
2324,Granite Ridge Resources,GRNT,585637056,4.44,United States
2325,Cars.com,CARS,583506560,10.9,United States
2326,PAR Technology,PAR,581559680,14.06,United States
2327,MapLight Therapeutics,MPLT,581322048,10.46,United States
2328,ADTRAN,ADTN,580962432,7.13,United States
2329,Rayonier Advanced Materials,RYAM,579710848,8.57,United States
2330,Bridgewater Bancshares,BWB,579147008,20.77,United States
2331,Franklin BSP Realty Trust,FBRT,578826560,6.97,United States
2332,Sprout Social,SPT,578049728,9.54,United States
2333,Ramaco Resources,METC,574423168,9.02,United States
2334,Janus International Group,JBI,574394688,4.21,United States
2335,Sagimet Biosciences,SGMT,574345920,9.24,United States
2336,Southern First Bancshares,SFST,574177792,60.62,United States
2337,Kelly Services,KELYA,572382400,16.48,United States
2338,Monopar Therapeutics,MNPR,572112000,85.235,United States
2339,Insteel Industries,IIIN,570681152,29.48,United States
2340,Allogene Therapeutics,ALLO,570059968,1.65,United States
2341,The Honest Company,HNST,567534336,5.29,United States
2342,AH Realty Trust,AHRT,566823360,5.91,United States
2343,Neurogene,NGNE,566522240,28.31,United States
2344,Unity Bancorp,UNTY,562886464,56.05,United States
2345,Civista Bancshares,CIVB,562692096,27.06,United States
2346,XMax Inc.,XMAX,561999040,8.71,United States
2347,Cardinal Infrastructure Group,CDNL,557488256,28.02,United States
2348,Northrim BanCorp,NRIM,555674240,24.98,United States
2349,Hyster-Yale Materials Handling,HY,554855488,30.97,United States
2350,Titan Machinery,TITN,552787712,23.49,United States
2351,GAMCO Investors,GAMI,552295424,25.715,United States
2352,W&amp;T Offshore,WTI,550941760,3.65,United States
2353,Solid Power,SLDP,545353152,2.39,United States
2354,NerdWallet,NRDS,543347008,8.5,United States
2355,Delcath Systems,DCTH,541301248,15.6,United States
2356,Investors Title Company,ITIC,540080128,286.06,United States
2357,Enviri Corporation,NVRI,539840768,19.15,United States
2358,FrontView REIT,FVR,539779584,17.86,United States
2359,Universal Health Realty Income Trust,UHT,537184128,38.65,United States
2360,Ethan Allen,ETD,536602048,21.29,United States
2361,OppFi,OPFI,535107808,6.28,United States
2362,Home Bancorp,HBCP,532062688,67.6,United States
2363,Bank7,BSVN,532019040,55.85,United States
2364,Northpointe Bancshares,NPB,531522880,15.37,United States
2365,Wabash National,WNC,530805344,13.03,United States
2366,Bankwell Financial Group,BWFG,529976736,66.48,United States
2367,Senseonics Holdings,SENS,528740512,10.0,United States
2368,Cerus Corporation,CERS,527995200,2.62,United States
2369,NVE Corporation,NVEC,527880032,109.13,United States
2370,Evolus,EOLS,526421984,7.97,United States
2371,Prime Medicine,PRME,525992928,2.9,United States
2372,Pangaea Logistics Solutions,PANL,524444928,8.01,United States
2373,Flushing Financial Corp,FFIC,524179680,15.47,United States
2374,Crescent Biopharma,CBIO,519684160,13.99,United States
2375,Chiron Real Estate,XRN,519112128,35.85,United States
2376,i3 Verticals,IIIV,517572704,14.88,United States
2377,BrightSpire Capital,BRSP,517483904,4.09,United States
2378,Sierra Bancorp,BSRR,517239552,39.9,United States
2379,Methode Electronics,MEI,517209728,14.51,United States
2380,Veradigm,MDRX,516615808,4.74,United States
2381,NioCorp Developments,NB,515378112,3.54,United States
2382,Tactile Medical,TCMD,514886464,22.73,United States
2383,SandRidge Energy,SD,514234336,13.87,United States
2384,Zion Oil &amp; Gas,ZNOG,512628928,0.4301,United States
2385,Bright Minds Biosciences,DRUG,508264768,51.8,United States
2386,Carriage Services,CSV,507280544,31.94,United States
2387,TPG Real Estate Finance Trust,TRTX,507141856,6.56,United States
2388,Orange County Bancorp,OBT,507089152,37.82,United States
2389,Puma Biotechnology,PBYI,504328064,9.77,United States
2390,Pacific Biosciences,PACB,503545824,1.62,United States
2391,York Water,YORW,502761440,30.98,United States
2392,AMC Networks,AMCX,501599648,12.16,United States
2393,Krispy Kreme,DNUT,501415008,2.89,United States
2394,MasterCraft Boat,MCFT,501147680,20.59,United States
2395,Alpha Teknova,TKNO,500911360,9.33,United States
2396,Hamilton Beach Brands,HBB,500861280,37.26,United States
2397,Oil States International,OIS,499471264,8.28,United States
2398,West Bancorporation,WTBA,497506912,29.19,United States
2399,Arvinas,ARVN,496281216,7.59,United States
2400,Forward Air,FWRD,496240864,14.69,United States
2401,ChoiceOne Financial Services,COFS,494429504,33.06,United States
2402,Brandywine Realty Trust,BDN,494067392,2.86,United States
2403,Private Bancorp of America,PBAM,493841280,86.25,United States
2404,American Integrity Insurance Group,AII,493558464,25.19,United States
2405,One Liberty Properties,OLP,492541216,22.49,United States
2406,Verra Mobility,VRRM,492424288,3.24,United States
2407,Concrete Pumping Holdings,BBCP,492343744,9.77,United States
2408,Ponce Financial Group,PDLB,491981888,20.34,United States
2409,Sight Sciences,SGHT,491935776,8.93,United States
2410,Industrial Logistics Properties Trust,ILPT,491917120,7.37,United States
2411,Onterris,ONT,491643936,14.0,United States
2412,MediaAlpha,MAX,491084864,9.27,United States
2413,Eightco Holdings,ORBS,489946240,1.14,United States
2414,First Foundation,FFWM,489265120,5.9,United States
2415,REGENXBIO,RGNX,488497632,7.4,United States
2416,AlTi Global,ALTI,488102944,3.13,United States
2417,Kodiak AI,KDK,487502176,2.43,United States
2418,Capricor Therapeutics,CAPR,486041920,8.36,United States
2419,Columbus McKinnon,CMCO,485785216,16.83,United States
2420,Quad,QUAD,485280128,9.43,United States
2421,Virgin Galactic,SPCE,483590944,3.19,United States
2422,NeuroPace,NPCE,482599264,14.06,United States
2423,Assembly Biosciences,ASMB,481935296,23.67,United States
2424,Farmers &amp; Merchants Bancorp,FMAO,481096544,34.93,United States
2425,Idaho Strategic Resources,IDR,480957312,30.39,United States
2426,ARKO Corp.,ARKO,480154912,4.28,United States
2427,Farmland Partners,FPI,477011744,10.86,United States
2428,Malibu Boats,MBUU,474038624,24.09,United States
2429,Shoe Carnival,SCVL,473247296,17.43,United States
2430,908 Devices,MASS,472857568,11.44,United States
2431,Kura Sushi USA,KRUS,472750112,38.91,United States
2432,Contineum Therapeutics,CTNM,472521440,12.56,United States
2433,Spire Global,SPIR,472509792,12.08,United States
2434,Gray Media,GTN,471668480,4.58,United States
2435,Strata Critical Medical,SRTA,471528064,5.33,United States
2436,Ovid Therapeutics,OVID,468714880,2.4,United States
2437,Redwood Trust,RWT,467278240,3.72,United States
2438,Calavo Growers,CVGW,466334752,26.09,United States
2439,CompX International,CIX,465811552,37.8,United States
2440,Johnson Outdoors,JOUT,465611744,44.43,United States
2441,Eagle Point Credit Company,ECC,465537632,3.5,United States
2442,DigiPowerX,DGXX,465410816,4.59,United States
2443,Tectonic Therapeutic,TECX,462733504,23.67,United States
2444,Citizens &amp; Northern Corp,CZNC,460926112,25.7,United States
2445,Intrepid Potash,IPI,458065184,34.04,United States
2446,Titan International,TWI,456314432,7.07,United States
2447,Weyco Group,WEYS,453098624,47.44,United States
2448,Valhi,VHI,452855840,15.99,United States
2449,ClearPoint Neuro,CLPT,452377696,14.83,United States
2450,Bank of Marin Bancorp,BMRC,451981472,27.91,United States
2451,Havertys,HVT,449865120,27.95,United States
2452,Everspin Technologies,MRAM,449744640,18.47,United States
2453,RBB Bancorp,RBB,449626336,26.58,United States
2454,Ur-Energy,URG,449585984,1.13,United States
2455,ASP Isotopes,ASPI,448429920,2.925,United States
2456,Tejon Ranch,TRC,444502784,16.45,United States
2457,American Coastal Insurance Corporation,ACIC,444333440,9.4,United States
2458,ATN International,ATNI,440844096,28.62,United States
2459,Universal Logistics Holdings,ULH,440078656,16.69,United States
2460,AMERISAFE,AMSF,439725696,23.51,United States
2461,Commercial Bancgroup,CBK,439673760,32.09,United States
2462,Colony Bankcorp,CBAN,438849536,20.68,United States
2463,Mayville Engineering Company,MEC,437585696,17.16,United States
2464,Gladstone Capital Corporation,GLAD,437401824,19.36,United States
2465,Gloo Holdings,GLOO,436603072,4.77,United States
2466,Xerox,XRX,435964160,3.32,United States
2467,EVgo,EVGO,434031680,1.38,United States
2468,Plumas Bancorp,PLBC,433477120,62.29,United States
2469,NRC Health,NRC,433266400,19.57,United States
2470,Aspen Aerogels,ASPN,433201440,5.22,United States
2471,Caleres,CAL,432002304,12.52,United States
2472,Magnera,MAGN,431828000,12.13,United States
2473,Monro,MNRO,429332064,13.74,United States
2474,Eikon Therapeutics,EIKN,428987072,7.92,United States
2475,El Pollo Loco,LOCO,428800064,14.09,United States
2476,DiaMedica Therapeutics,DMAC,428170016,7.94,United States
2477,Cross Country Healthcare,CCRN,428060928,13.25,United States
2478,Pioneer Bancorp,PBFS,427256192,17.67,United States
2479,Vital Farms,VITL,427168608,9.95,United States
2480,AdvanSix,ASIX,426618752,15.8,United States
2481,Advantage Solutions,ADV,424672256,33.12,United States
2482,Summit Midstream,SMC,424535424,30.8,United States
2483,Natural Gas Services Group,NGS,423063744,32.8,United States
2484,Clearfield,CLFD,422053472,31.07,United States
2485,Kyverna Therapeutics,KYTX,421153856,6.81,United States
2486,Star Group,SGU,420967904,12.83,United States
2487,Genie Energy,GNE,419008416,15.92,United States
2488,USCB Financial Holdings,USCB,418077248,22.63,United States
2489,Montauk Renewables,MNTK,417059552,2.93,United States
2490,Acacia Research,ACTG,416695680,4.27,United States
2491,Nathan's Famous,NATH,415786848,101.55,United States
2492,Atea Pharmaceuticals,AVIR,414658272,5.17,United States
2493,Community Health Systems,CYH,414567520,2.94,United States
2494,Bed Bath &amp; Beyond,BBBY,414399584,4.35,United States
2495,Community Healthcare Trust,CHCT,411719520,14.41,United States
2496,Gladstone Land,LAND,408934688,9.48,United States
2497,"Citi Trends, Inc.",CTRN,408883072,49.03,United States
2498,Relmada Therapeutics,RLMD,408545504,3.83,United States
2499,Evolent Health,EVH,408144192,3.61,United States
2500,Bumble,BMBL,407556608,2.66,United States
2501,Boston Omaha,BOC,405804864,13.47,United States
2502,ARS Pharmaceuticals,SPRY,405745152,4.08,United States
2503,Alight,ALIT,405694272,11.02,United States
2504,FRP Holdings,FRPH,404684544,21.11,United States
2505,Investar Holding,ISTR,404631264,29.37,United States
2506,Cooper Standard,CPS,403361024,22.7,United States
2507,Scribe Therapeutics,SCTX,402866176,21.28,United States
2508,Radiant Logistics,RLGT,402352864,8.58,United States
2509,Vista Gold,VGZ,401421184,2.75,United States
2510,Avidia Bancorp,AVBC,400462112,21.68,United States
2511,Myriad Genetics,MYGN,398859040,4.17,United States
2512,Acco Brands,ACCO,397845600,4.31,United States
2513,Parke Bancorp,PKBK,397184832,33.77,United States
2514,Editas Medicine,EDIT,396236480,2.58,United States
2515,Opus Genetics,IRD,396012128,4.76,United States
2516,Chemung Financial Corporation,CHMG,395360704,82.0,United States
2517,L.B. Foster,FSTR,394175520,37.47,United States
2518,Rimini Street,RMNI,393962304,4.22,United States
2519,First Carolina Financial Services,FCBM,393953056,12.68,United States
2520,Cogent Communications,CCOI,393849024,7.69,United States
2521,Arcturus Therapeutics,ARCT,393659488,13.85,United States
2522,Galectin Therapeutics,GALT,393313632,3.9,United States
2523,Oportun Financial,OPRT,393191008,8.55,United States
2524,Claritev,CTEV,393181184,23.2,United States
2525,Barnes &amp; Noble Education,BNED,392754208,11.33,United States
2526,MVB Financial,MVBF,390581312,30.12,United States
2527,PCB Bancorp,PCB,389175904,27.71,United States
2528,Primis Financial,FRST,389097440,15.69,United States
2529,Oxford Industries,OXM,388686208,25.95,United States
2530,First Bancorp,FNLC,387548352,34.35,United States
2531,Zura Bio,ZURA,387149696,4.04,United States
2532,Serve Robotics,SERV,385848384,4.45,United States
2533,Agenus,AGEN,385682752,8.54,United States
2534,Optimum Communications,OPTU,385245856,1.01,United States
2535,Orthofix Medical,OFIX,384515808,9.44,United States
2536,Citizens Financial Services,CZFS,384066912,79.85,United States
2537,Bakkt Holdings,BKKT,383090368,8.5,United States
2538,Richtech Robotics,RR,382673312,1.7,United States
2539,Twin Disc,TWIN,379901856,26.13,United States
2540,Turn Therapeutics,TTRX,379292608,12.49,United States
2541,Value Line,VALU,376785056,40.16,United States
2542,Ranpak,PACK,376478880,4.39,United States
2543,Transcontinental Realty Investors,TCI,376227616,42.88,United States
2544,PowerFleet,AIOT,375832576,2.8,United States
2545,Rezolute,RZLT,375540096,3.9,United States
2546,Genesco,GCO,373728064,34.54,United States
2547,Simulations Plus,SLP,373350496,18.46,United States
2548,KKR Real Estate Finance Trust,KREF,371969952,6.35,United States
2549,Fennec Pharmaceuticals,FENC,371887200,10.605,United States
2550,Movano,MOVE,371370304,11.77,United States
2551,PureTech Health,PRTC.L,368825186,1.51519,United States
2552,Northeast Community Bancorp,NECB,368517408,26.77,United States
2553,"Deep Fission, Inc.",FISN,368162112,6.25,United States
2554,Fossil Group,FOSL,366655904,6.2,United States
2555,C4 Therapeutics,CCCC,366614912,2.98,United States
2556,Waterstone Financial,WSBF,366551584,20.39,United States
2557,AVITA Medical,RCEL,366173888,11.84,United States
2558,J.Jill,JILL,366075104,24.63,United States
2559,Flexsteel Industries,FLXS,365678912,89.37,United States
2560,GigCapital9,GIX,365650848,10.005,United States
2561,NexPoint Real Estate Finance,NREF,363248352,15.77,United States
2562,Ranger Energy Services,RNGR,362965408,15.51,United States
2563,Southern States Bancshares,SSBK,361068608,36.37,United States
2564,Cerence,CRNC,359580512,7.95,United States
2565,Orchestra BioMed,OBIO,357625024,5.95,United States
2566,Dine Brands Global,DIN,356608256,28.17,United States
2567,iHeartMedia,IHRT,354467200,2.29,United States
2568,Ring Energy,REI,354333856,1.36,United States
2569,CapsoVision,CV,353848864,6.65,United States
2570,Shoulder Innovations,SI,353714048,16.99,United States
2571,Timberland Bancorp,TSBK,353093088,45.41,United States
2572,Clean Energy Fuels,CLNE,352712032,1.6,United States
2573,CION Investment Corporation,CION,352291360,7.16,United States
2574,Cabaletta Bio,CABA,350959040,2.07,United States
2575,ON24,ONTF,348249024,8.1,United States
2576,Emergent BioSolutions,EBS,348145952,6.79,United States
2577,Energy Recovery,ERII,347615616,6.81,United States
2578,Orion Group Holdings,ORN,347449568,8.58,United States
2579,FS Bancorp,FSBW,347349696,44.18,United States
2580,Gevo,GEVO,346131936,1.4,United States
2581,Enanta Pharmaceuticals,ENTA,346009792,11.88,United States
2582,Ocugen,OCGN,345892608,1.02,United States
2583,LendingTree,TREE,345654016,24.62,United States
2584,Avidbank Holdings,AVBH,344991104,31.41,United States
2585,Camping World,CWH,344032640,5.39,United States
2586,Artesian Resources,ARTNA,343376768,33.25,United States
2587,NL Industries,NL,343269120,7.02,United States
2588,Artiva Biotherapeutics,ARTV,341741920,6.99,United States
2589,Verano Holdings,VRNOF,340106912,0.94,United States
2590,International Money Express,IMXI,339880800,11.25,United States
2591,Viemed Healthcare,VMD,339366112,8.91,United States
2592,Innovative Aerosystems,IA,338115360,18.89,United States
2593,Rocky Brands,RCKY,337704224,45.1,United States
2594,Vogenx,VOGX,337656128,22.73,United States
2595,BayCom (United Business Bank),BCML,337104032,30.87,United States
2596,Aimco,AIV,336317344,2.18,United States
2597,Paysafe,PSFE,335745472,6.43,United States
2598,Civeo,CVEO,335637824,32.47,United States
2599,Benitec Biopharma,BNTC,334525376,9.59,United States
2600,Embecta,EMBC,334291648,5.9,United States
2601,Repay Holdings,RPAY,334218848,3.79,United States
2602,Public Policy Holding Company,PPHC,334194848,11.06,United States
2603,Orion S.A.,OEC,332918688,5.89,United States
2604,"Suja Life, Inc.",SUJA,332561344,8.61,United States
2605,8x8,EGHT,332201664,2.3,United States
2606,Perma-Fix Environmental Services,PESI,332067200,15.65,United States
2607,Nano Dimension,NNDM,331017248,1.57,United States
2608,Swarmer,SWMR,330373600,20.73,United States
2609,PrimeEnergy Resources,PNRG,330241152,208.67,United States
2610,Lantronix,LTRX,328858976,7.015,United States
2611,Lifeway Foods,LWAY,328420672,21.74,United States
2612,Clearwater Paper,CLW,327987648,20.34,United States
2613,John Marshall Bancorp,JMSB,325849184,23.09,United States
2614,Envela Corporation,ELA,325581984,12.54,United States
2615,NewtekOne,NEWT,325242080,11.26,United States
2616,FVCBankcorp,FVCB,324254976,17.98,United States
2617,BioAge Labs,BIOA,323573216,7.05,United States
2618,OPAL Fuels,OPAL,323176512,1.85,United States
2619,American Battery Technology Company,ABAT,322225728,2.26,United States
2620,Sanara MedTech,SMTI,322132512,35.06,United States
2621,Ribbon Communications,RBBN,321882048,1.8,United States
2622,M-tron Industries,MPTI,321856576,74.05,United States
2623,Presidio Production Company,FTW,321323552,10.2,United States
2624,Maui Land &amp; Pineapple Company,MLP,319533824,16.09,United States
2625,Larimar Therapeutics,LRMR,319440032,3.075,United States
2626,CoastalSouth Bancshares,COSO,318107808,26.61,United States
2627,Build-A-Bear Workshop,BBW,317469280,25.77,United States
2628,Neighborhood Intelligence,NXH,317189984,3.27,United States
2629,BridgeBio Oncology Therapeutics,BBOT,316688352,3.95,United States
2630,The RMR Group,RMR,316496608,18.53,United States
2631,Horizon Technology Finance,HRZN,316048960,4.63,United States
2632,Chain Bridge Bancorp,CBNA,313392384,47.76,United States
2633,Designer Brands,DBI,313386464,6.13,United States
2634,EyePoint Pharmaceuticals,EYPT,312087936,3.62,United States
2635,Gogo Inflight Internet,GOGO,311668064,2.3,United States
2636,"TWFG, Inc.",TWFG,311060032,24.15,United States
2637,First Community Corporation,FCCO,309721152,32.95,United States
2638,Cadiz Inc.,CDZI,309071328,3.65,United States
2639,Abeona Therapeutics,ABEO,308793696,5.4,United States
2640,Prelude Therapeutics,PRLD,308625568,3.875,United States
2641,Evommune,EVMN,308120032,8.49,United States
2642,LiveWire Group,LVWR,308118688,1.5,United States
2643,Funko,FNKO,307976736,5.5,United States
2644,Biodesix,BDSX,307037536,29.1,United States
2645,Vanda Pharmaceuticals,VNDA,305336576,5.05,United States
2646,C&amp;F Financial Corporation,CFFI,304358272,93.6,United States
2647,Lands' End,LE,303123040,10.26,United States
2648,"NN, Inc.",NNBR,303070240,3.67,United States
2649,Alpine Income Property Trust,PINE,302967968,17.07,United States
2650,Century Therapeutics,IPSC,302395776,1.67,United States
2651,NI Holdings,NODK,301989920,14.8,United States
2652,Telos,TLS,301936640,4.04,United States
2653,"Mobia Medical, Inc.",MOBI,301617344,9.06,United States
2654,Palmer Square Capital BDC,PSBD,301301504,9.83,United States
2655,AirJoule Technologies Corporation,AIRJ,299990848,4.09,United States
2656,Seaport Entertainment Group,SEG,299743136,23.4,United States
2657,Holley,HLLY,299448352,2.47,United States
2658,SAB Biotherapeutics,SABS,299345152,3.29,United States
2659,X4 Pharmaceuticals,XFOR,298431712,3.01,United States
2660,Soluna Holdings,SLNH,298400512,1.22,United States
2661,First Western Financial,MYFW,298129408,30.53,United States
2662,Syntec Optics,OPTX,298071104,7.4,United States
2663,loanDepot,LDI,297767424,0.6701,United States
2664,Princeton Bancorp,BPRN,295761056,43.41,United States
2665,ThredUp,TDUP,295500704,2.25,United States
2666,Upstream Bio,UPB,293572768,5.36,United States
2667,Isabella Bank Corporation,ISBA,293330176,38.45,United States
2668,Treace Medical Concepts,TMCI,292655488,4.5,United States
2669,fuboTV,FUBO,291169216,9.64,United States
2670,Standard BioTools,LAB,290469056,0.7399,United States
2671,Alico,ALCO,289843168,39.07,United States
2672,Alto Ingredients,ALTO,289330368,3.73,United States
2673,Jakks Pacific,JAKK,289100992,25.26,United States
2674,GrafTech,EAF,288871040,11.09,United States
2675,ZipRecruiter,ZIP,288613824,3.51,United States
2676,RCM Technologies,RCMT,287772416,40.47,United States
2677,Perspective Therapeutics,CATX,287662176,2.52,United States
2678,Duos Technologies Group,DUOT,287658656,9.14,United States
2679,Stitch Fix,SFIX,287532704,2.155,United States
2680,Inhibikase Therapeutics,IKT,287443968,2.06,United States
2681,TrueBlue,TBI,287394592,9.44,United States
2682,CPI Card Group,PMTS,286901568,24.75,United States
2683,Fulcrum Therapeutics,FULC,285351744,3.74,United States
2684,Rocket Pharmaceuticals,RCKT,284865088,2.595,United States
2685,Regional Management Corp.,RM,284338976,30.82,United States
2686,QNB Corp.,QNBC,284324000,45.79,United States
2687,NACCO Industries,NC,284284000,37.67,United States
2688,Runway Growth Finance,RWAY,284149152,6.78,United States
2689,Friedman Industries,FRD,283751200,39.34,United States
2690,Newegg,NEGG,283568480,13.52,United States
2691,Silvaco Group,SVCO,283284928,8.36,United States
2692,CS Disco,LAW,282400960,4.35,United States
2693,Franklin Financial Services Corporation,FRAF,281898816,62.65,United States
2694,Ames National Corp.,ATLO,281836736,31.82,United States
2695,Fate Therapeutics,FATE,281578176,2.35,United States
2696,Western New England Bancorp,WNEB,280040832,13.97,United States
2697,Marine Products Corporation,MPX,280037408,8.18,United States
2698,First United Corporation,FUNC,279386560,43.29,United States
2699,Hawthorn Bancshares,HWBK,279093792,38.16,United States
2700,"TSS, Inc.",TSSI,278522208,9.87,United States
2701,HireQuest,HQI,278364000,20.04,United States
2702,GBank Financial Holdings,GBFH,277554656,19.12,United States
2703,TechTarget,TTGT,277034080,3.83,United States
2704,NexPoint Diversified Real Estate Trust,NXDT,276682400,5.21,United States
2705,Amtech Systems,ASYS,276277824,15.78,United States
2706,Immuneering,IMRX,276257888,4.27,United States
2707,Matrix Service Company,MTRX,275563296,9.74,United States
2708,Invivyd,IVVD,275363616,0.9342,United States
2709,Saratoga Investment,SAR,275144480,17.11,United States
2710,Cresco Labs,CRLBF,274944928,0.7394,United States
2711,Medallion Financial Corp.,MFIN,274604576,11.96,United States
2712,MGP Ingredients,MGPI,274528448,12.82,United States
2713,Middlefield Banc,MBCN,273627936,33.67,United States
2714,Chicago Atlantic Real Estate Finance,REFI,272865184,10.65,United States
2715,Anika Therapeutics,ANIK,272611040,20.37,United States
2716,Lexeo Therapeutics,LXEO,271711776,3.31,United States
2717,Xperi,XPER,271171328,5.56,United States
2718,OraSure Technologies,OSUR,271046688,3.93,United States
2719,National Bankshares,NKSH,269829536,42.37,United States
2720,Commerce.com,CMRC,269706016,3.255,United States
2721,Escalade Sports,ESCA,268713760,19.52,United States
2722,LCNB Corp.,LCNB,268421424,18.83,United States
2723,USANA,USNA,267909744,14.5,United States
2724,Huuuge,HUG.WA,267622117,5.98077,United States
2725,Greenwich LifeSciences,GLSI,267436944,18.22,United States
2726,TriSalus Life Sciences,TLSI,267233776,4.34,United States
2727,Strattec Security,STRT,266677056,66.92,United States
2728,GoPro,GPRO,266199712,1.29,United States
2729,Palladyne AI,PDYN,265934576,5.39,United States
2730,Outdoor Holding Company,POWW,265779520,2.29,United States
2731,Sutro Biopharma,STRO,264967104,15.98,United States
2732,Microvast,MVST,264598176,0.6881,United States
2733,Kingstone Companies,KINS,264189424,18.25,United States
2734,Blend Labs,BLND,262529776,1.11,United States
2735,Virginia National Bankshares,VABK,262203888,48.33,United States
2736,Pure Cycle (water),PCYO,261938416,10.87,United States
2737,American Realty Investors,ARL,261824608,16.21,United States
2738,EVI Industries,EVI,261820560,20.33,United States
2739,Slam Corp,SLMWF,261266432,11.14,United States
2740,Q32 Bio,QTTB,261078224,8.77,United States
2741,Lineage Cell Therapeutics,LCTX,260494672,1.03,United States
2742,Richardson Electronics,RELL,260421104,17.52,United States
2743,Perma-Pipe International,PPIH,260114976,31.74,United States
2744,BRT Apartments,BRT,258783424,13.77,United States
2745,Jack in the Box,JACK,258057888,13.455,United States
2746,AIAI Holdings Corporation,AIAI,257878304,3.64,United States
2747,Omega Flex,OFLX,257808992,25.54,United States
2748,AerSale,ASLE,257724528,5.4,United States
2749,U.S. Gold Corp,USAU,257681856,15.59,United States
2750,Aviat Networks,AVNW,257182928,20.09,United States
2751,Onity Group,ONIT,256901488,30.75,United States
2752,InfuSystem,INFU,256509456,12.71,United States
2753,Aeluma,ALMU,256040784,13.29,United States
2754,Gencor Industries,GENC,255923456,17.46,United States
2755,E. W. Scripps Company,SSP,255766416,2.76,United States
2756,Zentalis Pharmaceuticals,ZNTL,255614160,2.7,United States
2757,Conduent,CNDT,255054112,1.64,United States
2758,Information Services Group,III,254654832,5.26,United States
2759,Portillo's,PTLO,253452784,3.495,United States
2760,Palisade Bio,PALI,252692320,1.45,United States
2761,B&amp;G Foods,BGS,251954576,3.1,United States
2762,KinderCare Learning Companies,KLC,251256096,2.12,United States
2763,OpGen,OPGN,251197920,24.75,United States
2764,Silver Bow Mining,SBMT,249811104,8.46,United States
2765,The Hackett Group,HCKT,249525056,10.03,United States
2766,Alliance Entertainment,AENT,248671968,4.88,United States
2767,Akebia Therapeutics,AKBA,248342608,0.8962,United States
2768,Vuzix,VUZI,248177840,2.94,United States
2769,SIGA Technologies,SIGA,247881504,3.45,United States
2770,Eagle Financial Services,EFSI,247453840,45.72,United States
2771,PAMT Corp,PAMT,246071504,11.75,United States
2772,CAMP4 Therapeutics,CAMP,245992544,3.92,United States
2773,Tredegar,TG,245520656,7.05,United States
2774,Richmond Mutual Bancorporation,RMBI,244734432,15.26,United States
2775,Infinity Natural Resources,INR,243464896,13.06,United States
2776,Niagen Bioscience,NAGE,242915200,3.05,United States
2777,Third Harmonic Bio,THRD,242787568,5.38,United States
2778,Greenland Energy Company,GLND,242265264,5.54,United States
2779,Immersion Corporation,IMMR,241739984,7.28,United States
2780,Lyell Immunopharma,LYEL,241375632,9.85,United States
2781,Lightbridge Corporation,LTBR,241372896,6.85,United States
2782,Acme United,ACU,240572400,62.75,United States
2783,Entrada Therapeutics,TRDA,239849872,6.16,United States
2784,ChargePoint,CHPT,239773408,8.93,United States
2785,Pyxis Oncology,PYXS,238547008,2.86,United States
2786,MacroGenics,MGNX,238238704,3.74,United States
2787,"QumulusAI, Inc.",QMLS,238224624,7.12,United States
2788,SEACOR Marine,SMHI,236869552,8.73,United States
2789,Sionna Therapeutics,SION,236460848,5.23,United States
2790,RideNow Group,RDNW,236407184,6.06,United States
2791,FreightCar America,RAIL,235441392,7.18,United States
2792,Utah Medical Products,UTMD,235433824,74.18,United States
2793,Torrid Holding,CURV,234340656,2.35,United States
2794,Global Water Resources,GWRS,233242368,8.1,United States
2795,Ares Commercial Real Estate,ACRE,232465856,4.19,United States
2796,One Stop Systems,OSS,231444400,9.28,United States
2797,HMH Holding,HMH,230736688,19.16,United States
2798,Dave & Buster's,PLAY,230578864,6.62,United States
2799,First Internet Bancorp,INBK,230479008,26.39,United States
2800,Keros Therapeutics,KROS,230391920,11.62,United States
2801,Peoples Bancorp of North Carolina,PEBK,230094192,43.24,United States
2802,Pro-Dex,PDEX,229903264,71.77,United States
2803,Meridian Corporation,MRBK,229872768,19.27,United States
2804,BRC Group Holdings,RILY,229540608,5.71,United States
2805,Chicago Atlantic BDC,LIEN,229118720,10.04,United States
2806,Community Bancorp,CMTV,228628816,40.82,United States
2807,AIRO Group Holdings,AIRO,228464832,7.24,United States
2808,Kolibri Global Energy,KGEI,228196752,6.35,United States
2809,Turtle Beach Corp,TBCH,228169728,12.74,United States
2810,SmartRent,SMRT,228018048,1.19,United States
2811,Asure Software,ASUR,227857888,7.89,United States
2812,Security National Financial Corporation,SNFCA,227626016,8.74,United States
2813,Nature's Sunshine Products,NATR,227334112,12.92,United States
2814,"AstroNova, Inc.",ALOT,227316416,28.99,United States
2815,OP Bancorp (Open Bank),OPBK,226677104,15.18,United States
2816,Nu Skin,NUS,225372816,4.63,United States
2817,FutureFuel,FF,224580192,5.12,United States
2818,American Well,AMWL,224394928,13.43,United States
2819,Cartesian Therapeutics,RNAC,224192160,7.41,United States
2820,CF Bankshares,CFBK,224046224,34.51,United States
2821,MBIA,MBI,223962176,4.39,United States
2822,Smart Sand,SND,221747088,5.23,United States
2823,RGC Resources,RGCO,221728160,21.28,United States
2824,Anavex Life Sciences,AVXL,220618496,2.38,United States
2825,Rare Earths Americas,REA,220290960,11.04,United States
2826,Ready Capital,RC,220129632,1.33,United States
2827,Angi Inc.,ANGI,219228256,5.42,United States
2828,LoveSac,LOVE,219091936,15.19,United States
2829,Spok Holdings,SPOK,218803696,10.46,United States
2830,Stellus Capital Investment Corporation,SCM,217871520,7.65,United States
2831,Alector,ALEC,217730992,1.95,United States
2832,Hudson Technologies,HDSN,217176896,5.16,United States
2833,Forrester Research,FORR,217044592,11.4,United States
2834,PennantPark Investment,PNNT,216783040,3.32,United States
2835,CARGO Therapeutics,CRGX,216188416,4.47,United States
2836,Eledon Pharmaceuticals,ELDN,215342064,2.65,United States
2837,Lifetime Brands,LCUT,215175504,9.36,United States
2838,Modiv Industrial,MDV,215101808,18.05,United States
2839,Sidus Space,SIDU,214597680,2.12,United States
2840,Limoneira,LMNR,213595056,11.78,United States
2841,Whitehawk Therapeutics,WHWK,213213696,3.74,United States
2842,National CineMedia,NCMI,212599200,2.26,United States
2843,RCI Hospitality Holdings,RICK,210875328,27.56,United States
2844,Neostellar Capital Corp.,NSLR,210726848,7.96,United States
2845,Neuronetics,STIM,208780400,2.74,United States
2846,Ohio Valley Banc Corp,OVBC,207990752,44.15,United States
2847,Foghorn Therapeutics,FHTX,207848608,3.5,United States
2848,DHI Group,DHX,205396432,4.73,United States
2849,Superior Group of Companies,SGC,205374192,12.88,United States
2850,GCT Semiconductor,GCTS,205092496,2.23,United States
2851,Zumiez,ZUMZ,204050464,13.31,United States
2852,Taylor Devices,TAYD,203917696,63.23,United States
2853,Compass Therapeutics,CMPX,203499344,1.13,United States
2854,American Resources Corp,AREC,203245408,1.9,United States
2855,Alta Equipment Group,ALTG,203187936,6.22,United States
2856,Motorcar Parts of America,MPAA,202585328,10.7,United States
2857,Expensify,EXFY,201522528,2.21,United States
2858,"Merlin, Inc.",MRLN,201124896,1.99,United States
2859,Quicklogic,QUIK,200762432,10.96,United States
2860,Rhinebeck Bancorp,RBKB,200609440,12.83,United States
2861,Kaltura,KLTR,200604864,1.315,United States
2862,Core Molding Technologies,CMT,198754160,23.21,United States
2863,Better Home & Finance Holding Company,BETR,198535152,10.45,United States
2864,SES AI,SES,198453120,0.5345,United States
2865,Stoneridge,SRI,197663504,6.93,United States
2866,Crexendo,CXDO,197409616,6.09,United States
2867,DeFi Development,DFDV,197029568,6.04,United States
2868,Nkarta,NKTX,196968176,2.75,United States
2869,TON Strategy Co.,TONX,196882352,3.575,United States
2870,Franklin Covey,FC,195496928,17.31,United States
2871,Landmark Bancorp,LARK,195034064,31.97,United States
2872,Comstock Inc.,LODE,194337504,2.56,United States
2873,TPG Mortgage Investment Trust,MITT,194319248,6.11,United States
2874,Xponential Fitness,XPOF,194106640,3.92,United States
2875,Protara Therapeutics,TARA,193833200,3.28,United States
2876,RxSight,RXST,193824560,4.66,United States
2877,Oramed Pharmaceuticals,ORMP,193580352,4.73,United States
2878,Octave Specialty Group,OSG,188765744,4.19,United States
2879,Tharimmune,THAR,187371472,4.74,United States
2880,Hanover Bancorp,HNVR,187039296,26.51,United States
2881,SB Financial Group,SBFG,186714352,29.86,United States
2882,United Security Bancshares,UBFO,185027760,10.51,United States
2883,Claros Mortgage Trust,CMTG,184820304,1.31,United States
2884,AN2 Therapeutics,ANTX,184152832,4.88,United States
2885,CuriosityStream,CURI,183947888,3.1,United States
2886,Quantum-Si,QSI,182614832,0.8343,United States
2887,Citizens Inc,CIA,181808752,3.59,United States
2888,Westwood Holdings Group,WHG,181606192,19.03,United States
2889,Organogenesis,ORGO,181431104,1.41,United States
2890,ALX Oncology,ALXO,181142848,1.31,United States
2891,ECB Bancorp,ECBK,180870432,20.7,United States
2892,Epsilon Energy,EPSN,179582816,5.93,United States
2893,PepGen,PEPG,179382144,2.59,United States
2894,Solana Company,HSDT,177748592,2.94,United States
2895,"Belpointe PREP, LLC",OZ,177591120,43.81,United States
2896,Amplify Energy,AMPY,177433600,4.28,United States
2897,MainStreet Bancshares,MNSB,176816320,24.83,United States
2898,BV Financial,BVFL,176781520,20.87,United States
2899,Angel Oak Mortgage REIT,AOMR,175272320,7.55,United States
2900,Coherus BioSciences,CHRS,174586080,1.13,United States
2901,PEDEVCO,PED,174258288,13.11,United States
2902,Journey Medical,DERM,173297792,6.14,United States
2903,"1-800-Flowers.com, Inc.",FLWS,172016064,2.68,United States
2904,Precision BioSciences,DTIL,171681664,6.22,United States
2905,Atomera,ATOM,169754576,4.35,United States
2906,Unisys,UIS,169165008,2.32,United States
2907,Tonix Pharmaceuticals,TNXP,169109088,9.86,United States
2908,"Domo, Inc.",DOMO,166978368,3.55,United States
2909,Tingo Group,TIO,166947568,0.69,United States
2910,SKYX Platforms,SKYX,166580128,1.23,United States
2911,Seven Hills Realty Trust,SEVN,165846352,7.32,United States
2912,OneWater Marine,ONEW,165156288,9.91,United States
2913,Voyager Therapeutics,VYGR,165136112,2.68,United States
2914,ACRES Commercial Realty,ACR,164247680,10.48,United States
2915,KORE Group,KORE,163005168,9.25,United States
2916,Minerva Neurosciences,NERV,162341712,3.4,United States
2917,Quipt Home Medical,QIPT,162297152,3.65,United States
2918,Acumen Pharmaceuticals,ABOS,161990720,2.24,United States
2919,SITE Centers,SITC,160574544,3.06,United States
2920,Ellington Credit Company,EARN,160043104,4.26,United States
2921,Lifecore Biomedical,LFCR,158982848,4.2,United States
2922,Jeld-Wen,JELD,158518432,1.84,United States
2923,BCB Bancorp,BCBP,158390944,8.75,United States
2924,Bassett Furniture,BSET,158273168,18.28,United States
2925,Streamex Corp.,STEX,157874832,0.7,United States
2926,Lucid Diagnostics,LUCD,157723648,0.826,United States
2927,FinWise Bancorp,FINW,157151936,11.32,United States
2928,Outlook Therapeutics,OTLK,155684720,0.6395,United States
2929,Humacyte,HUMA,154816880,0.5573,United States
2930,Quanterix,QTRX,154648320,3.27,United States
2931,Shutterstock,SSTK,154441312,4.18,United States
2932,Elme Communities,ELME,153724128,1.73,United States
2933,Exascale Labs Holdings,XLAB,153576000,2.43,United States
2934,eGain,EGAN,152579664,5.83,United States
2935,Assertio Holdings,ASRT,151861232,23.5,United States
2936,OptimizeRx,OPRX,151441056,8.04,United States
2937,Lee Enterprises,LEE,151362976,6.79,United States
2938,WhiteHorse Finance,WHF,151194368,7.04,United States
2939,Duluth Holdings,DLTH,150879856,3.97,United States
2940,ReposiTrak,TRAK,149568416,8.23,United States
2941,Vince Holding,VNCE,148864608,11.5,United States
2942,inTEST Corporation,INTT,148394336,11.57,United States
2943,KORU Medical Systems,KRMD,148211808,3.21,United States
2944,"Owlet, Inc.",OWLT,147277248,5.04,United States
2945,Stratus Properties,STRS,146482976,18.35,United States
2946,The Eastern Company,EML,145023152,24.1,United States
2947,Datavault AI,DVLT,144928592,0.1526,United States
2948,Codexis,CDXS,144547616,1.32,United States
2949,NET Power,NPWR,144223504,1.63,United States
2950,Beyond Meat,BYND,143569600,8.35,United States
2951,Mammoth Energy Services,TUSK,143420208,2.98,United States
2952,Orion Properties,ONL,143182224,2.51,United States
2953,LifeMD,LFMD,143156480,2.97,United States
2954,Douglas Elliman,DOUG,142698048,1.57,United States
2955,Inogen,INGN,142245488,5.36,United States
2956,Atrium Therapeutics,RNA,141805792,8.29,United States
2957,AirSculpt Technologies,AIRS,141306608,1.96,United States
2958,Clipper Realty,CLPR,141016864,3.32,United States
2959,Korro Bio,KRRO,140924432,9.57,United States
2960,Hooker Furnishings,HOFT,140495472,13.14,United States
2961,Hurco Companies,HURC,140212368,21.65,United States
2962,Affinity Bancshares,AFBI,140182352,23.0,United States
2963,Spruce Biosciences,SPRB,140021920,48.72,United States
2964,NCS Multistage,NCSM,140018304,53.35,United States
2965,Lake Shore Bancorp,LSBK,139954496,17.82,United States
2966,Armata Pharmaceuticals,ARMP,139060608,3.74,United States
2967,Corbus Pharmaceuticals,CRBP,138096816,7.14,United States
2968,Skillz,SKLZ,137970800,8.84,United States
2969,Surf Air Mobility,SRFM,137245104,1.11,United States
2970,Clarus,CLAR,137071600,3.58,United States
2971,Red Robin,RRGB,137052208,7.25,United States
2972,Oxford Square Capital,OXSQ,136788880,1.27,United States
2973,Wheels Up,UP,136759920,3.77,United States
2974,Tenaya Therapeutics,TNYA,136690624,0.6096,United States
2975,Medifast,MED,136069152,12.17,United States
2976,KVH Industries,KVHI,134061704,7.39,United States
2977,1stdibs.com,DIBS,133452712,3.97,United States
2978,Team Inc,TISI,133188048,29.06,United States
2979,First Guaranty Bancshares,FGBI,132478144,8.01,United States
2980,Waldencast,WALD,132107664,1.03,United States
2981,Veritone,VERI,131598760,1.31,United States
2982,Black Rifle Coffee Company (BRCC),BRCC,131338424,9.22,United States
2983,Health Catalyst,HCAT,130946112,1.74,United States
2984,Tillys,TLYS,130607616,4.27,United States
2985,Shimmick,SHIM,130414520,3.155,United States
2986,RGP (Resources Connection),RGP,130369120,3.785,United States
2987,Stereotaxis,STXS,130262824,1.3,United States
2988,NRx Pharmaceuticals,NRXP,129670824,2.995,United States
2989,flyExclusive,FLYX,129643816,1.27,United States
2990,NeoVolta,NEOV,129239016,2.19,United States
2991,Aemetis,AMTX,129183568,1.79,United States
2992,Smith-Midland Corporation,SMID,128795840,24.28,United States
2993,Insight Molecular Diagnostics,IMDX,128279192,3.92,United States
2994,Immunic,IMUX,127507544,9.345,United States
2995,Neumora Therapeutics,NMRA,127318272,0.6776,United States
2996,MediciNova,MNOV,126990816,2.58,United States
2997,Orion Energy Systems,OESX,125091256,30.59,United States
2998,Magyar Bancorp,MGYR,125008488,19.365,United States
2999,Apyx Medical,APYX,124687112,2.96,United States
3000,Braemar Hotels &amp; Resorts,BHR,124088792,1.69,United States
3001,PLBY Group (Playboy),PLBY,123401912,1.03,United States
3002,a.k.a. Brands,AKA,123319688,11.22,United States
3003,LENZ Therapeutics,LENZ,123010648,3.915,United States
3004,Unifi,UFI,122686312,6.6,United States
3005,Nautilus Biotechnology,NAUT,122338816,0.9627,United States
3006,Inovio Pharmaceuticals,INO,122009072,1.18,United States
3007,Ascend Wellness (AWH),AAWH,121927672,0.6,United States
3008,DMC Global,BOOM,121397000,5.91,United States
3009,Commercial Vehicle Group (CVG),CVGI,121085384,2.98,United States
3010,MaxCyte,MXCT,120751256,1.17,United States
3011,Inspired Entertainment,INSE,120457768,4.57,United States
3012,Fonar Corporation,FONR,120195888,19.09,United States
3013,ALT5 Sigma,ALTS,119560224,0.855,United States
3014,vTv Therapeutics,VTVT,119448160,30.21,United States
3015,Coya Therapeutics,COYA,119165864,5.08,United States
3016,Riverview Bancorp,RVSB,118721456,5.95,United States
3017,Legacy Education,LGCY,117790480,9.31,United States
3018,OnKure Therapeutics,OKUR,117146896,2.9,United States
3019,Union Bankshares,UNB,116722488,23.6,United States
3020,5E Advanced Materials,FEAM,116612640,2.8,United States
3021,The Joint Corp.,JYNT,116398152,8.23,United States
3022,Vera Bradley,VRA,115471872,4.025,United States
3023,Provident Financial Holdings,PROV,114829504,18.42,United States
3024,KULR Technology Group,KULR,112923984,2.44,United States
3025,Genelux,GNLX,112208432,2.48,United States
3026,Vivani Medical,VANI,111852168,1.24,United States
3027,Vaxart,VXRT,111793032,0.4597,United States
3028,Greenland Mines,GRML,111648976,14.66,United States
3029,Aardvark Therapeutics,AARD,110737320,5.06,United States
3030,Digimarc,DMRC,110353856,4.91,United States
3031,Conexeu Sciences,CNXU,109724056,3.89,United States
3032,Sound Financial Bancorp,SFBC,109706800,42.72,United States
3033,Pathfinder Bancorp,PBHC,108934456,17.35,United States
3034,Rani Therapeutics,RANI,106682416,0.7592,United States
3035,INNOVATE Corp.,VATE,105997296,7.77,United States
3036,Equillium,EQ,105891488,1.67,United States
3037,Seer Inc,SEER,105760552,1.91,United States
3038,HilleVax,HLVX,104762376,2.09,United States
3039,Oconee Federal Financial,OFED,104747792,18.0,United States
3040,Lakeland Industries,LAKE,104229472,10.495,United States
3041,Proficient Auto Logistics,PAL,103234760,3.68,United States
3042,Cherry Hill Mortgage Investment,CHMI,102692744,2.74,United States
3043,Ultralife Corporation,ULBI,102645736,6.16,United States
3044,Seritage Growth Properties,SRG,102510792,1.82,United States
3045,Virco Manufacturing,VIRC,102464800,6.5,United States
3046,Upexi,UPXI,100986040,1.23,United States
3047,U.S. GoldMining,USGO,100916944,7.19,United States
3048,Rafael Holdings,RFL,100879992,1.94,United States
3049,Definitive Healthcare,DH,100873752,0.945,United States
3050,electroCore,ECOR,100256640,11.12,United States
3051,Broadwind,BWEN,100070688,4.23,United States
3052,Fluent,FLNT,99878392,3.16,United States
3053,ReneSola,SOL,99563952,1.94,United States
3054,Polaryx Therapeutics,PLYX,98947488,2.09,United States
3055,Kewaunee Scientific Corporation,KEQU,98499704,34.02,United States
3056,Stabilis Solutions,SLNG,97630576,5.25,United States
3057,Anixa Biosciences,ANIX,96643360,2.78,United States
3058,Zevia,ZVIA,95941568,1.33,United States
3059,First Northwest Bancorp,FNWB,95591736,10.05,United States
3060,Zomedica Pharmaceuticals,ZOM,95349136,0.0973,United States
3061,Park Dental Partners,PARK,94677664,19.91,United States
3062,Cullman Bancorp,CULL,93843656,16.99,United States
3063,GrowGeneration,GRWG,93741808,1.56,United States
3064,Momentus Inc.,MNTS,92905184,4.23,United States
3065,Logistic Properties of the Americas,LPA,92182800,2.9081,United States
3066,MediaCo Holding,MDIA,91581648,1.09,United States
3067,Townsquare Media,TSQ,90793568,4.98,United States
3068,Siebert Financial,SIEB,90070064,2.2,United States
3069,Golden Matrix Group,GMGI,89996768,0.6372,United States
3070,Acrivon Therapeutics,ACRV,89992048,2.1,United States
3071,Wrap Technologies,WRAP,89575896,1.45,United States
3072,Atara Biotherapeutics,ATRA,88432232,8.81,United States
3073,HF Foods Group,HFFG,88408480,1.59,United States
3074,Rallybio,RLYB,88295152,16.62,United States
3075,Arq Inc.,ARQ,88210336,2.02,United States
3076,PhenixFIN,PFX,88046736,45.59,United States
3077,Interlink Electronics,LINK,87431424,5.55,United States
3078,Buzzfeed,BZFD,86668120,1.04,United States
3079,SkinHealth Systems,SKIN,86517576,0.6648,United States
3080,Velo3D,VLDX,86513896,6.15,United States
3081,Drilling Tools International,DTI,86441448,2.45,United States
3082,Smith Douglas Homes,SDHC,86274736,10.28,United States
3083,Hyperfine,HYPR,86249384,0.8133,United States
3084,AudioEye,AEYE,86227968,6.86,United States
3085,BCP Investment Corporation,BCIC,85942544,6.94,United States
3086,Microbot Medical,MBOT,85635120,1.275,United States
3087,Marpai,MRAI,85050576,3.17,United States
3088,LENSAR,LNSR,85018184,6.92,United States
3089,Telomir Pharmaceuticals,TELO,84593200,1.23,United States
3090,Martin Midstream Partners,MMLP,84509328,2.16,United States
3091,Adicet Bio,ACET,84440648,9.02,United States
3092,Summit State Bank,SSBI,84142872,12.435,United States
3093,Blink Charging,BLNK,83963000,0.5793,United States
3094,the Marygold Companies,MGLD,83461552,1.93,United States
3095,Venu Holding Corporation,VENU,83191616,1.48,United States
3096,Cable One,CABO,83123000,14.65,United States
3097,Jushi Holdings,JUSHF,82261016,0.41193,United States
3098,Chegg,CHGG,81571896,0.7347,United States
3099,Atlas Lithium,ATLX,81269472,2.7,United States
3100,Tile Shop Holdings,TTSH,81236352,2.04,United States
3101,Pulmonx,LUNG,80673056,1.91,United States
3102,Sera Prognostics,SERA,80476904,2.04,United States
3103,Hennessy Advisors,HNNA,80466896,10.18,United States
3104,Advanced Flower Capital,AFCG,79988768,3.56,United States
3105,Thryv,THRY,79546008,1.79,United States
3106,Silvercrest Asset Management Group,SAMG,79122760,10.3,United States
3107,LanzaTech Global,LNZA,78927656,6.03,United States
3108,Lifevantage,LFVN,78809920,6.26,United States
3109,Sono-Tek Corporation,SOTK,78740784,5.01,United States
3110,"Air T, Inc.",AIRT,78279656,29.03,United States
3111,Blackboxstocks,BLBX,78138184,18.15,United States
3112,Ispire Technology,ISPR,77968536,1.35,United States
3113,Aptera Motors,SEV,77883096,1.97,United States
3114,OS Therapies,OSTX,77696680,1.66,United States
3115,Charlotte's Web,CWEB.TO,77635638,0.286171,United States
3116,Fractyl Health,GUTS,77297728,0.4856,United States
3117,Steel Connect,STCN,77168096,12.18,United States
3118,Energous,WATT,77102640,13.95,United States
3119,Fortress Biotech,FBIO,76040264,2.28,United States
3120,AMC Robotics Corporation,AMCI,75969120,3.18,United States
3121,Home Federal Bancorp (HFB Bank),HFBL,75452784,24.8,United States
3122,Noodles &amp; Company,NDLS,75239584,12.61,United States
3123,Verrica Pharmaceuticals,VRCA,75071304,4.37,United States
3124,Comscore,SCOR,74555040,4.91,United States
3125,"SoundThinking 
 (ShotSpotter)",SSTI,74243776,5.64,United States
3126,Northern Technologies International,NTIC,74037608,7.8,United States
3127,Great Elm Capital,GECC,73337880,5.28,United States
3128,MAIA Biotechnology,MAIA,73001056,1.2,United States
3129,Aldeyra Therapeutics,ALDX,72693336,1.205,United States
3130,CVRx,CVRX,71932312,2.7,United States
3131,United Homes Group,UHG,71769208,1.22,United States
3132,Spero Therapeutics,SPRO,71628840,1.23,United States
3133,The InterGroup Corporation,INTG,71619904,33.33,United States
3134,Research Solutions,RSSS,71239224,2.11,United States
3135,PMV Pharmaceuticals,PMVP,71099216,1.33,United States
3136,Regis Corporation,RGS,70916952,28.365,United States
3137,SelectQuote,SLQT,70629256,0.4,United States
3138,Cingulate,CING,70237016,4.83,United States
3139,NSTS Bancorp,NSTS,69438912,14.12,United States
3140,CarParts.com,PRTS,69325312,8.56,United States
3141,WM Technology,MAPS,67920520,0.39,United States
3142,Forian,FORA,67792720,2.17,United States
3143,Great Elm Group,GEG,67731136,2.16,United States
3144,Westwater Resources,WWR,67535112,0.5253,United States
3145,Genasys,GNSS,67402176,1.48,United States
3146,Airgain,AIRG,67335200,5.14,United States
3147,Gossamer Bio,GOSS,66913316,10.94,United States
3148,Pliant Therapeutics,PLRX,66875652,1.08,United States
3149,PodcastOne,PODC,66555932,2.2,United States
3150,Usio,USIO,66394312,2.33,United States
3151,Ideal Power,IPWR,66231664,4.03,United States
3152,XBiotech,XBIT,66158380,2.17,United States
3153,Universal Electronics,UEIC,65971516,5.12,United States
3154,AMCON Distributing Company,DIT,65942812,67.56,United States
3155,SunPower,SPWR,65583120,0.3141,United States
3156,Tigo Energy,TYGO,65268096,0.8598,United States
3157,CleanCore Solutions,ZONE,65221524,0.1299,United States
3158,MindWalk Holdings,HYFT,65014100,1.38,United States
3159,Rein Therapeutics,RNTX,64562244,0.7484,United States
3160,Geospace Technologies,GEOS,64548656,4.99,United States
3161,Off the Hook YS Inc,OTH,64247460,2.57,United States
3162,Myomo,MYO,63768648,1.61,United States
3163,First Breach Inc.,FBDT,63584868,1.14,United States
3164,Hyperion DeFi,HYPD,62779312,4.04,United States
3165,Airship AI,AISP,62680000,1.82,United States
3166,AgEagle Aerial Systems,UAVS,62440204,0.9926,United States
3167,Full House Resorts,FLL,62295616,1.7,United States
3168,MiNK Therapeutics,INKT,62154564,12.18,United States
3169,Inseego,INSG,61741424,3.76,United States
3170,Talphera,TLPH,61248836,1.18,United States
3171,Hour Loop,HOUR,61247688,1.74,United States
3172,TTEC,TTEC,60634008,1.23,United States
3173,Boundless Bio,BOLD,60509640,2.66,United States
3174,tinyBuild,8Z3.F,60497989,0.153829,United States
3175,BranchOut Food,BOF,60323508,3.71,United States
3176,Battalion Oil,BATL,60146260,1.05,United States
3177,Solitario Resources,XPL,60020480,0.6339,United States
3178,Castellum,CTM,59598472,0.6288,United States
3179,Identiv,INVE,59377592,2.45,United States
3180,iLearningEngines,AILE,59292656,0.42,United States
3181,iBio,IBIO,59117488,1.19,United States
3182,Getty Images,GETY,59110996,0.1404,United States
3183,Abundia Global Impact Group,AGIG,58990580,1.34,United States
3184,Marchex,MCHX,58082632,1.31,United States
3185,eXoZymes,EXOZ,57962084,6.245,United States
3186,PDS Biotechnology,PDSB,57769192,0.7971,United States
3187,Global Self Storage,SELF,57678172,5.05,United States
3188,GEN Restaurant Group,GENK,57358436,1.74,United States
3189,Outset Medical,OM,57331348,3.05,United States
3190,Playstudios,MYPS,57213816,0.4763,United States
3191,Travelzoo,TZOO,56929040,5.58,United States
3192,TELA Bio,TELA,56880692,1.26,United States
3193,MarketWise,MKTW,56803744,20.34,United States
3194,Rent the Runway,RENT,56662796,1.67,United States
3195,"FreeCast, Inc.",CAST,56621468,1.19,United States
3196,AEye,LIDR,56473324,1.21,United States
3197,INmune Bio,INMB,56340188,2.03,United States
3198,Annovis Bio,ANVS,55909568,1.31,United States
3199,Heron Therapeutics,HRTX,55854548,0.2942,United States
3200,Rapid Micro Biosystems,RPID,55677108,1.11,United States
3201,Rekor Systems,REKR,55605148,0.404,United States
3202,Solidion Technology,STI,55503268,6.52,United States
3203,American Vanguard,AVD,55166180,1.87,United States
3204,Saga Communications,SGA,54678700,8.6,United States
3205,Accendra Health,ACH,54448532,0.708,United States
3206,Idaho Copper Corporation,COPR,54367464,3.07,United States
3207,Allied Esports,AESE,54324936,1.3899,United States
3208,Skillsoft,SKIL,54147640,5.95,United States
3209,Where Food Comes From,WFCF,53740024,10.7919,United States
3210,ImageneBio,IMA,53578868,4.72,United States
3211,BG Staffing,BGSF,53398824,5.0,United States
3212,374Water,SCWO,53331660,3.01,United States
3213,The Arena Group,AREN,53323932,1.12,United States
3214,TechPrecision,TPCS,53300956,5.26,United States
3215,Serina Therapeutics,SER,53086984,2.09,United States
3216,Xtant Medical,XTNT,52706188,0.3757,United States
3217,Laser Photonics,LASE,52328164,0.8625,United States
3218,Luna Innovations,LUNA,52045528,1.5,United States
3219,The ONE Group Hospitality,STKS,51970000,1.64,United States
3220,Verde Clean Fuels,VGAS,51677564,1.16,United States
3221,Greenidge Generation Holdings,GREE,51500392,2.84,United States
3222,BBX Capital Corporation,BBXIA,50465780,3.65,United States
3223,Vroom,VRM,50305676,9.66,United States
3224,TransAct Technologies,TACT,50280172,4.87,United States
3225,MicroVision,MVIS,48942164,1.6,United States
3226,Cato Fashion,CATO,48784272,2.45,United States
3227,Instil Bio,TIL,48626776,7.17,United States
3228,Intellicheck,IDN,48437520,2.39,United States
3229,Sensus Healthcare,SRTS,48398456,2.94,United States
3230,Prairie Operating,PROP,48051952,0.426,United States
3231,The Children's Place,PLCE,48032068,2.16,United States
3232,Elauwit Connection,ELWT,47166048,7.125,United States
3233,"RYTHM, Inc.",RYM,46765024,21.76,United States
3234,Werewolf Therapeutics,HOWL,46652568,0.9599,United States
3235,Sportsman's Warehouse,SPWH,46186924,1.18,United States
3236,Heritage Global,HGBL,46070464,1.33,United States
3237,GenFlat Holdings,GFLT,45868320,3.5,United States
3238,Reading International,RDI,45551356,1.99,United States
3239,"Culp, Inc.",CULP,45337752,3.56,United States
3240,Hain Celestial,HAIN,45273632,0.4975,United States
3241,Grove Collaborative,GROV,45263108,1.06,United States
3242,IZEA Worldwide,IZEA,45108180,2.59,United States
3243,Planet13,PLTH.CN,45017590,0.134253,United States
3244,Grace Therapeutics,GRCE,44596168,2.12,United States
3245,Manhattan Bridge Capital,LOAN,44574468,3.9,United States
3246,Granite Point Mortgage Trust,GPMT,44106144,0.9151,United States
3247,Devolver Digital,DEVO.L,43935627,0.0910572,United States
3248,Sachem Capital,SACH,43873692,0.9149,United States
3249,SCYNEXIS,SCYX,43678784,4.39,United States
3250,Metagenomi,MGX,43443668,1.15,United States
3251,Teads,TEAD,43442864,0.443,United States
3252,Veru,VERU,43307812,2.54,United States
3253,"Stem, Inc",STEM,43127812,4.48,United States
3254,AXIL Brands,AXIL,42778208,6.27,United States
3255,Precipio,PRPO,42337944,23.65,United States
3256,Ekso Bionics,EKSO,42047896,11.8,United States
3257,Pixelworks,PXLW,41922292,6.93,United States
3258,Comtech Telecommunications,CMTL,41646392,1.39,United States
3259,Vivid Seats,SEAT,41592424,3.7,United States
3260,Odyssey Marine Exploration,OMEX,41206888,0.7035,United States
3261,Phunware,PHUN,40311472,1.97,United States
3262,Celularity,CELU,39945424,1.38,United States
3263,Massimo Motor,MAMO,39042556,0.9376,United States
3264,New Fortress Energy,NFE,38960568,6.82,United States
3265,Laird Superfood,LSF,38615452,3.45,United States
3266,CervoMed,CRVO,38402504,2.54,United States
3267,LivePerson,LPSN,38245620,3.1,United States
3268,Koss,KOSS,37865752,4.0,United States
3269,PAVmed,PAVM,37845088,3.845,United States
3270,Actinium Pharmaceuticals,ATNM,37729724,1.2,United States
3271,Spruce Power,SPRU,37349240,1.94,United States
3272,"Xos, Inc.",XOS,37250772,2.62,United States
3273,Milestone Scientific,MLSS,37213968,0.4107,United States
3274,NanoViricides,NNVC,36759388,1.44,United States
3275,Karyopharm Therapeutics,KPTI,36743964,1.62,United States
3276,U.S. Global Investors,GROW,36648624,2.98,United States
3277,Pioneer Power Solutions,PPSI,36627576,3.3,United States
3278,Enzo Biochem,ENZB,36587800,0.69887,United States
3279,Franklin Street Properties,FSP,36404100,0.35,United States
3280,Elutia,ELUT,36308312,0.8198,United States
3281,Harvard Bioscience,HBIO,36236348,7.96,United States
3282,Filana Therapeutics,FLNA,36139136,0.7481,United States
3283,Kartoon Studios,TOON,35985072,0.5785,United States
3284,Southland Holdings,SLND,35883720,0.6592,United States
3285,Seres Therapeutics,MCRB,35357628,3.52,United States
3286,Zeo Energy,ZEO,34713400,0.3812,United States
3287,VIDA Global Inc.,VIDA,34616148,1.73,United States
3288,LianBio,LIAN,34472096,0.319,United States
3289,KLX Energy Services,KLXE,34432180,1.61,United States
3290,Scilex Holding,SCLX,34399864,4.89,United States
3291,Harte Hanks,HHS,34289504,4.6,United States
3292,Cryo-Cell International,CCEL,34185636,4.24,United States
3293,DocGo,DCGO,34080824,0.3445,United States
3294,Rockwell Medical,RMTI,33734992,8.37,United States
3295,The Beachbody Company,BODI,33218396,4.56,United States
3296,PetMed Express,PETS,33168738,1.53,United States
3297,Lulu's Fashion Lounge,LVLU,33137986,11.54,United States
3298,Gaia,GAIA,33053528,1.3,United States
3299,Rave Restaurant Group,RAVE,32544488,2.29,United States
3300,Plutus Financial Group,PLUT,32388498,2.11,United States
3301,VirTra,VTSI,32374124,2.86,United States
3302,LiveOne,LVO,32085586,2.34,United States
3303,BeyondSpring,BYSI,31958324,0.7772,United States
3304,Context Therapeutics,CNTX,31762630,0.3457,United States
3305,Salem Media Group,SALM,31670764,1.0,United States
3306,Workhorse Group,WKHS,31365038,2.87,United States
3307,Enviva,EVA,31273630,0.4198,United States
3308,MariMed,MRMD,31088020,0.077,United States
3309,Century Casinos,CNTY,30951462,1.1,United States
3310,Sangamo Therapeutics,SGMO,30657374,0.074,United States
3311,LeonaBio,LONA,30620404,3.25,United States
3312,aTyr Pharma,ATYR,29916666,0.305,United States
3313,BioLargo,BLGO,29585824,0.09,United States
3314,Cel-Sci,CVM,29373610,1.67,United States
3315,IGC Pharma,IGC,29195646,0.2824,United States
3316,Greenland Technologies,GTEC,28933202,1.09,United States
3317,Quest Resource Holding,QRHC,28897212,1.37,United States
3318,Ascent Solar Technologies,ASTI,28663980,2.92,United States
3319,Katapult Holdings,KPLT,28342708,5.7,United States
3320,Beasley Broadcast Group,BBGI,28328562,15.29,United States
3321,Old Market Capital Corporation,OMCC,28292780,4.15,United States
3322,Kyntra Bio,KYNB,28100920,6.94,United States
3323,Farmer Brothers,FARM,28089448,1.28,United States
3324,Destination XL,DXLG,27682412,0.4992,United States
3325,Allbirds,BIRD,27397326,2.32,United States
3326,NOMADAR,NOMA,27386632,1.54,United States
3327,Lument Finance Trust,LFT,27280748,5.19,United States
3328,Beam Global,BEEM,26933648,1.19,United States
3329,Crown Crafts,CRWS,26900718,2.5,United States
3330,Latch,LTCH,26604388,0.1606,United States
3331,Elite Express,ETS,26579510,1.59,United States
3332,Zoom Telephonics,MINM,26534076,3.61,United States
3333,Hoth Therapeutics,HOTH,26013596,1.36,United States
3334,GEE Group,JOB,25841586,0.2352,United States
3335,Accuray,ARAY,25691394,0.2151,United States
3336,Local Bounti,LOCL,25485854,1.09,United States
3337,Aytu BioScience,AYTU,24776094,2.28,United States
3338,System1,SST,24559160,2.82,United States
3339,PermRock Royalty Trust,PRT,24453122,2.01,United States
3340,SPI Energy,SPI,24207974,0.766,United States
3341,eHealth,EHTH,24203872,0.7556,United States
3342,Live Ventures,LIVE,24112500,7.85,United States
3343,TherapeuticsMD,TXMD,23727442,2.05,United States
3344,HeartSciences Inc.,HSCS,22704814,4.73,United States
3345,Cocrystal Pharma,COCP,22537944,1.17,United States
3346,TScan Therapeutics,TCRX,22219278,0.34,United States
3347,180 Life Sciences,ATNF,21620372,3.58,United States
3348,Knightscope,KSCP,21487980,0.9098,United States
3349,Retractable Technologies,RVP,20950026,0.6998,United States
3350,Femasys,FEMY,20770068,2.48,United States
3351,HeartBeam,BEAT,20274432,0.3598,United States
3352,Jasper Therapeutics,JSPR,20267534,0.6091,United States
3353,Neuphoria Therapeutics,NEUP,19751370,3.65,United States
3354,Motorsport Gaming,MSGM,19640074,4.28,United States
3355,SPAR Group,SGRP,19595006,0.69,United States
3356,Bionano Genomics,BNGO,19549820,1.66,United States
3357,Avant Technologies Inc.,AVAI,19547404,0.127,United States
3358,Cardlytics,CDLX,19432762,3.3,United States
3359,Urban One,UONE,19108792,4.23,United States
3360,Atossa Therapeutics,ATOS,18960666,1.9,United States
3361,Exyn Technologies,EXYN,18373640,2.31,United States
3362,Palatin Technologies,PTN,17961782,10.095,United States
3363,Biofrontera,BFRI,17525782,1.18,United States
3364,Energy Focus,EFOI,17324284,2.72,United States
3365,Lipocine,LPCN,17312930,2.1,United States
3366,T Stamp Inc. (TrustStamp),IDAI,17142882,3.0399,United States
3367,Know Labs,KNW,16795408,2.24,United States
3368,Camber Energy,CEI,16771320,0.0954,United States
3369,Ashford Hospitality Trust,AHT,16671910,2.49,United States
3370,Offerpad,OPAD,16238036,3.36,United States
3371,Citius Pharmaceuticals,CTXR,15884057,0.5786,United States
3372,Psychemedics,PMD,15738209,2.67,United States
3373,Cyclerion Therapeutics,CYCN,15729330,23.52,United States
3374,SUNation Energy Inc.,SUNE,15631460,2.4,United States
3375,Lantern Pharma,LTRN,15596658,1.22,United States
3376,Passage Bio,PASG,15445489,4.8,United States
3377,Mobix Labs,MOBX,15257442,0.8499,United States
3378,Dare Bioscience,DARE,15253375,0.7755,United States
3379,Smith Micro Software,SMSI,15148575,2.71,United States
3380,Astrotech,ASTC,15079850,7.155,United States
3381,Barfresh Food Group,BRFH,15075274,0.9244,United States
3382,SeaStar Medical,ICU,15071397,3.42,United States
3383,Office Properties Income Trust,OPI,14795239,0.2,United States
3384,FGI Industries,FGI,14793536,7.66,United States
3385,Austin Gold,AUST,14726823,1.0755,United States
3386,The Cannabist Company,CBSTF,14475953,0.0291,United States
3387,NextNRG,NXXT,14465300,0.8509,United States
3388,Synlogic,SYBX,14453760,1.18,United States
3389,The Glimpse Group,VRAR,14332026,0.68,United States
3390,HOOKIPA Pharma,HOOK,14232977,1.15,United States
3391,Dolphin Entertainment,DLPN,14132723,1.085,United States
3392,Tempest Therapeutics,TPST,13711467,0.829,United States
3393,Dragonfly Energy,DFLI,13683137,0.9135,United States
3394,AEON Biopharma,AEON,13149104,0.2636,United States
3395,Quoin Pharmaceuticals,QNRX,12914127,6.43,United States
3396,Air Industries Group,AIRI,12611710,2.6,United States
3397,SINTX Technologies,SINT,12529324,1.88,United States
3398,Intensity Therapeutics,INTS,12406540,3.8,United States
3399,Adial Pharmaceuticals,ADIL,12380230,4.22,United States
3400,Bullfrog AI,BFRG,12341324,0.6656,United States
3401,VistaGen Therapeutics,VTGN,12114897,0.273,United States
3402,Aterian,ATER,11930028,0.664,United States
3403,Clean Energy Technologies,CETY,11922784,0.98,United States
3404,Urgent.ly Inc.,ULY,11787284,5.38,United States
3405,Phio Pharmaceuticals,PHIO,11733423,1.01,United States
3406,Scienture Holdings,SCNX,11391193,0.2774,United States
3407,Cambium Networks,CMBM,11325767,0.401,United States
3408,SolarMax Technology,SMXT,11001938,2.32,United States
3409,CISO Global,CISO,10976236,0.2411,United States
3410,Purple Innovation,PRPL,10769469,2.47,United States
3411,Reborn Coffee,REBN,10688951,1.24,United States
3412,Netcapital,NCPL,10673143,1.36,United States
3413,Biomerica,BMRA,10646405,2.32,United States
3414,Game Your Game,GYGY,10641365,0.7396,United States
3415,BrainStorm Cell Therapeutics,BCLI,10593384,0.96,United States
3416,Cyngn,CYN,10588779,0.6899,United States
3417,Phoenix Motor,PEV,10575262,0.23,United States
3418,Arrive AI,ARAI,10437493,0.2012,United States
3419,Senti Biosciences,SNTI,10255967,0.3293,United States
3420,Azitra,AZTR,10169308,0.1678,United States
3421,Carver Bancorp,CARV,10028548,1.72,United States
3422,Flux Power,FLUX,10004334,0.4627,United States
3423,Ryvyl Inc.,RVYL,9994965,7.81,United States
3424,Upland Software,UPLD,9965733,3.37,United States
3425,DataMEDS AI,MEDS,9944638,3.11,United States
3426,FingerMotion,FNGR,9881638,0.1514,United States
3427,AppTech Payments,APCX,9870925,0.235,United States
3428,FibroBiologics,FBLG,9669814,1.39,United States
3429,Aprea Therapeutics,APRE,9579336,0.7608,United States
3430,Superior Industries International,SUP,9576233,0.3249,United States
3431,Inuvo,INUV,9461287,0.574,United States
3432,Hepion Pharmaceuticals,HEPA,9337700,0.1035,United States
3433,KALA BIO,KALA,9198002,0.4756,United States
3434,Trio Petroleum,TPET,9103881,1.71,United States
3435,Longeveron,LGVN,8958836,2.81,United States
3436,GoHealth,GOCO,8937260,0.305,United States
3437,Wellgistics Health,WGRX,8847256,3.52,United States
3438,America's Car-Mart,CRMT,8838786,1.06,United States
3439,Lunai Bioworks,LNAI,8750407,1.93,United States
3440,Vislink Technologies,VISL,8678201,3.5,United States
3441,La Rosa Holdings,LRHC,8626368,2.6,United States
3442,Northann Corp,NCL,8543560,0.159,United States
3443,ESS Tech,GWH,8457572,0.21,United States
3444,SeaChange International,SEAC,8398952,3.25,United States
3445,Soligenix,SNGX,8364474,0.3843,United States
3446,Trinseo,TSE,8278525,0.23,United States
3447,Innovative Eyewear,LUCY,8177875,0.9499,United States
3448,reAlpha Tech,AIRE,8045598,1.34,United States
3449,Rocky Mountain Chocolate Factory,RMCF,8023649,0.85,United States
3450,Ensysce Biosciences,ENSC,8022036,0.4123,United States
3451,Imunon,IMNN,7912078,1.41,United States
3452,Gaxos.ai,GXAI,7831928,0.5695,United States
3453,authID,AUID,7756565,0.4639,United States
3454,SurgePays,SURG,7745793,0.1464,United States
3455,Natural Health Trends,NHTC,7726926,0.9008,United States
3456,"Reed's, Inc.",REED,7718963,0.651,United States
3457,Solo Brands,SBDS,7704030,3.0,United States
3458,Co-Diagnostics,CODX,7609638,1.09,United States
3459,AIM ImmunoTech,AIM,7447900,0.1901,United States
3460,AMASS Brands Inc.,AMSS,7427251,0.64,United States
3461,Signing Day Sports,SGN,7408163,0.5401,United States
3462,Skye Bioscience,SKYE,7394218,1.67,United States
3463,VolitionRx,VNRX,7226961,0.259,United States
3464,Sonendo,SONX,7147467,1.5,United States
3465,Mangoceuticals,MGRX,7136790,0.466,United States
3466,"DSS, Inc. (Document Security Systems)",DSS,7106085,0.7076,United States
3467,Super League Enterprise,SLE,6831334,4.03,United States
3468,CaliberCos,CWD,6482100,0.6242,United States
3469,TPI Composites,TPIC,6193621,0.1271,United States
3470,Sonoma Pharmaceuticals,SNOA,6081299,1.27,United States
3471,Bakhu Holdings,BKUH,6026059,0.02,United States
3472,enVVeno Medical Corporation,NVNO,6024141,8.67,United States
3473,Pulmatrix,PULM,5880179,1.61,United States
3474,Sonim Technologies,SONM,5827340,3.915,United States
3475,Polar Power,POLA,5645207,1.31,United States
3476,Xenetic Biosciences,XBIO,5600203,2.39,United States
3477,cbdMD,YCBD,5243961,0.468,United States
3478,Origin Materials,ORGN,5228483,0.9501,United States
3479,zSpace,ZSPC,5189506,0.14,United States
3480,Talis Biomedical,TLIS,5176808,2.84,United States
3481,AquaBounty Technologies,AQB,4889843,0.95,United States
3482,OLB Group,OLB,4885731,0.2034,United States
3483,Vertex Energy,VTNR,4872095,0.0521,United States
3484,bioAffinity Technologies,BIAF,4763836,7.93,United States
3485,Hydrofarm,HYFM,4690165,0.9732,United States
3486,Kidpik,PIK,4644903,2.38,United States
3487,Golden Minerals,AUMN,4534331,0.24,United States
3488,Aethlon Medical,AEMD,4465934,6.28,United States
3489,Expion360,XPON,4441870,4.66,United States
3490,"Bark, Inc.",BARK,4377870,0.5066,United States
3491,CASI Pharmaceuticals,CASI,4263766,0.2075,United States
3492,QVC Group,QVCGA,4255453,0.34,United States
3493,Boxlight,BOXL,4062256,4.81,United States
3494,Tivic Health Systems,TIVC,4029097,1.4,United States
3495,Eterna Therapeutics,ERNA,4018017,3.445,United States
3496,Jaguar Health,JAGX,4004677,7.7,United States
3497,Socket Mobile,SCKT,3999907,0.4824,United States
3498,Lakewood-Amedex Biotherapeutics,LABT,3957378,1.67,United States
3499,"Cyabra, Inc.",CYAB,3822084,0.2172,United States
3500,Avalon GloboCare,ALBT,3707637,0.282,United States
3501,PMGC Holdings,ELAB,3699776,4.57,United States
3502,AiRWA Inc.,YYAI,3635751,0.7935,United States
3503,Cadrenal Therapeutics,CVKD,3563380,1.15,United States
3504,Cemtrex,CETX,3493916,2.03,United States
3505,Unity Biotechnology,UBX,3444161,0.2001,United States
3506,Eagle Pharmaceuticals,EGRX,3289388,0.25,United States
3507,ShiftPixy,PIXY,3265294,6.53,United States
3508,Focus Universal,FCUV,3176407,4.52,United States
3509,iSpecimen,ISPC,3173423,1.26,United States
3510,Forza X1,FRZA,3150960,0.2,United States
3511,Cloudastructure,CSAI,3062176,3.53,United States
3512,Advent Technologies,ADN,3023365,0.9185,United States
3513,VivoSim Labs,VIVS,2999536,0.224,United States
3514,ATI Physical Therapy,ATIP,2977762,0.675,United States
3515,Wheeler Real Estate Investment Trust,WHLR,2954697,5.2,United States
3516,Nauticus Robotics,KITT,2889156,2.32,United States
3517,Sleep Number,SNBR,2881125,0.125,United States
3518,Marin Software,MRIN,2863609,0.8981,United States
3519,Beyond Air,XAIR,2805559,2.85,United States
3520,Inotiv,NOTV,2787563,0.0799,United States
3521,Alaunos Therapeutics,TCRT,2769123,1.09,United States
3522,Leslie's,LESL,2737528,0.2923,United States
3523,Genprex,GNPX,2696842,3.29,United States
3524,PREIT (Pennsylvania Real Estate Investment Trust),PRET,2690436,0.4974,United States
3525,Xilio Therapeutics,XLO,2676465,0.5101,United States
3526,Staffing 360 Solutions,STAF,2654640,1.615,United States
3527,BIO-key International,BKYI,2571055,1.79,United States
3528,BioAtla,BCAB,2465828,1.48,United States
3529,Nuwellis,NUWE,2463269,0.7758,United States
3530,LM Funding America,LMFA,2430118,2.6,United States
3531,Edible Garden,EDBL,2419871,1.24,United States
3532,Matinas BioPharma,MTNB,2350847,0.16,United States
3533,BioXcel Therapeutics,BTAI,2313476,0.0739,United States
3534,Fly-E Group,FLYE,2301664,1.41,United States
3535,Jet.AI,JTAI,2217884,1.56,United States
3536,Sow Good,SOWG,2203871,0.1099,United States
3537,Oragenics,OGEN,2200932,0.4878,United States
3538,Clearside Biomedical,CLSD,2145948,0.41,United States
3539,"Greenlane Holdings, Inc.",GNLN,2132250,3.07,United States
3540,Trinity Place Holdings,TPHS,2113512,0.032,United States
3541,Curis,CRIS,2012572,0.8299,United States
3542,Vaccinex,VCNX,2010957,0.7513,United States
3543,Cutera,CUTR,1956013,0.0969,United States
3544,Cue Biopharma,CUE,1804119,0.5542,United States
3545,Sonder Holdings,SOND,1680861,0.1263,United States
3546,Traeger,COOK,1642351,0.5983,United States
3547,CorEnergy Infrastructure Trust,CORR,1627350,0.0198,United States
3548,Lazydays Holdings,GORV,1573084,0.4211,United States
3549,Benson Hill,BHIL,1522391,0.249,United States
3550,Vivakor,VIVK,1464915,0.5351,United States
3551,iPower,IPW,1456558,1.25,United States
3552,Maison Solutions,MSS,1410273,1.62,United States
3553,Synergy CHC,SNYR,1348439,0.0905,United States
3554,Direct Digital Holdings,DRCT,1260281,1.57,United States
3555,Actelis Networks,ASNS,1232806,0.04275,United States
3556,Allurion Technologies,ALUR,1110462,1.11,United States
3557,Cytosorbents,CTSO,1100062,0.3501,United States
3558,Danimer Scientific,DNMR,1056961,0.35,United States
3559,LMP Automotive Holdings,LMPX,1036332,0.095,United States
3560,Evofem Biosciences,EVFM,1020481,0.0077,United States
3561,22nd Century Group,XXII,949612,1.33,United States
3562,Quince Therapeutics,QNCX,900311,0.9206,United States
3563,BNB Plus Corp.,BNBX,867611,0.14,United States
3564,Onfolio Holdings,ONFO,773500,0.91,United States
3565,Arcadia Biosciences,RKDA,741073,0.3076,United States
3566,Alkaline Water Company,WTER,712202,0.02,United States
3567,Yellow Corporation,YELLQ,693890,0.0102,United States
3568,Tapinator,TAPM,673183,0.247,United States
3569,Greene Concepts,INKW,637725,0.01,United States
3570,Tevogen Bio,TVGN,627896,0.1551,United States
3571,Ocean Power Technologies,OPTT,546280,1.82,United States
3572,SOBR Safe,SOBR,538721,0.1,United States
3573,Kaival Brands Innovations,KAVL,468849,0.024,United States
3574,Vicarious Surgical,RBOT,442144,0.062,United States
3575,Ayr Wellness,AYRWF,432062,0.0037,United States
3576,Ontrak,OTRK,425780,0.0601,United States
3577,Gauzy,GAUZ,395961,0.3445,United States
3578,Viracta Therapeutics,VIRX,388698,0.00978,United States
3579,Impac Mortgage Holdings,IMPM,365688,0.01,United States
3580,VYNE Therapeutics,VYNE,339859,0.509,United States
3581,NantHealth,NHIQ,329655,0.012,United States
3582,Leafly Holdings,LFLY,232138,37.0,United States
3583,Trulite,TRUL,212013,0.0001,United States
3584,Petros Pharmaceuticals,PTPI,211861,0.005,United States
3585,Ampio Pharmaceuticals,AMPE,207884,0.1831,United States
3586,"Freight Technologies, Inc.",FRGT,200243,0.35,United States
3587,CXApp,CXAI,194174,0.089,United States
3588,BloomZ,BLMZ,187531,0.128,United States
3589,Ocean Biomedical,OCEA,185892,0.0008,United States
3590,Wearable Health Solutions,WHSI,182670,0.0001,United States
3591,Faraday Future,FFAI,174605,0.0717,United States
3592,ProPhase Labs,PRPH,170738,0.01095,United States
3593,Hallmark Financial Services,HALL,145478,0.08,United States
3594,Cenntro Inc.,CENN,113554,0.0775,United States
3595,Solar Integrated Roofing,SIRC,109754,1e-05,United States
3596,Loop Media,LPTV,103383,0.0007,United States
3597,Cheetah Net Supply Chain Service,CTNT,99520,0.0315,United States
3598,Novo Integrated Sciences,NVOS,76947,0.0039,United States
3599,Vincerx Pharma,VINC,68045,0.013,United States
3600,PaxMedica,PXMD,63132,0.0005,United States
3601,Exela Technologies,XELA,55502,0.002,United States
3602,Lyra Therapeutics,LYRA,53246,0.03,United States
3603,ToughBuilt Industries,TBLT,47699,0.011,United States
3604,Presto Automation,PRST,41851,0.0001,United States
3605,Vinco Ventures,BBIG,41600,0.0032,United States
3606,Carisma Therapeutics,CARM,29291,0.0007,United States
3607,Gaming Technologies (Gametech),GMGT,27420,0.0006,United States
3608,Movella,MVLA,20362,0.0004,United States
3609,Telesis Bio,TBIO,19534,0.011,United States
3610,Remark Holdings,MARK,18570,0.0003,United States
3611,T2 Biosystems,TTOO,14022,0.0005,United States
3612,iEntertainment Network,IENT,13087,0.0001,United States
3613,Gamer Pakistan,GPAK,12789,0.0005,United States
3614,Vaxxinity,VAXX,12678,0.0001,United States
3615,Syros Pharmaceuticals,SYRS,10732,0.0004,United States
3616,Trevena,TRVN,9674,0.0112,United States
3617,4Front Ventures,FFNTF,9152,1e-05,United States
3618,Adamas One,JEWL,7609,0.0002,United States
3619,Mobile Global Esports (Mogo),MGAM,7545,0.0001,United States
3620,Freeze Tag,FRZT,7505,0.0001,United States
3621,USD Partners,USDP,6754,0.0002,United States
3622,Stryve Foods,SNAX,4792,0.0011,United States
3623,Lipella Pharmaceuticals,LIPO,2310,0.0005,United States
3624,Viveve Medical,VIVE,2144,0.0002,United States
3625,Calithera Biosciences,CALA,1461,0.0003,United States
3626,Hempacco,HPCO,1184,0.0002,United States
3627,eFFECTOR Therapeutics,EFTR,940,0.0002,United States
3628,Grom Social Enterprises,GROM,902,0.0001,United States
3629,Minerva Surgical,UTRS,887,0.0001,United States
3630,Lightning eMotors,ZEVY,659,0.0001,United States
3631,Saluda Medical,SLD.AX,0,0.0,United States
3632,Pershing Square USA,PSUS,0,0.0,United States
