Rank,Name,Symbol,marketcap,price (USD),country
1,NVIDIA,NVDA,5367153557504,222.27,United States
2,Apple,AAPL,4905541566464,336.13,United States
3,Alphabet (Google),GOOG,4212111966208,344.41,United States
4,Microsoft,MSFT,3666585845760,493.78,United States
5,Amazon,AMZN,2736595664896,253.71,United States
6,SpaceX,SPCX,2012989751296,152.71,United States
7,Broadcom,AVGO,1707097718784,357.61,United States
8,Meta Platforms (Facebook),META,1696002211840,665.75,United States
9,Tesla,TSLA,1438701584384,364.27,United States
10,Micron Technology,MU,1147237564416,1015.8,United States
11,Berkshire Hathaway,BRK-B,1091269558272,509.77,United States
12,Eli Lilly,LLY,1028115464192,1152.93,United States
13,JPMorgan Chase,JPM,929488044032,349.67,United States
14,AMD,AMD,913892179968,559.82,United States
15,Walmart,WMT,849365827584,106.73,United States
16,Visa,V,691411156992,368.29,United States
17,Exxon Mobil,XOM,672462077952,163.54,United States
18,Johnson & Johnson,JNJ,650648485888,269.99,United States
19,Intel,INTC,574070980608,108.6,United States
20,Mastercard,MA,495155838976,565.24,United States
21,AbbVie,ABBV,466448285696,263.96,United States
22,Oracle,ORCL,446333681664,147.61,United States
23,Cisco,CSCO,431752708096,109.51,United States
24,Palantir,PLTR,426879287296,177.64,United States
25,Chevron,CVX,410975502336,209.51,United States
26,Bank of America,BAC,403691372544,57.73,United States
27,Costco,COST,397051002880,895.31,United States
28,Coca-Cola,KO,379699953664,88.25,United States
29,Caterpillar,CAT,371872366592,808.99,United States
30,Merck,MRK,362353491968,146.87,United States
31,Dell,DELL,361179774976,568.06,United States
32,Lam Research,LRCX,360518057984,288.11,United States
33,Applied Materials,AMAT,352809615360,444.57,United States
34,Procter & Gamble,PG,340016005120,146.39,United States
35,UnitedHealth,UNH,338303483904,376.9,United States
36,General Electric,GE,326074761216,314.27,United States
37,Morgan Stanley,MS,318165319680,202.58,United States
38,Home Depot,HD,299286921216,299.98,United States
39,Netflix,NFLX,298929225728,71.79,United States
40,Palo Alto Networks,PANW,297408430080,363.58,United States
41,Philip Morris International,PM,293985648640,188.62,United States
42,Goldman Sachs,GS,274283446272,942.0,United States
43,Sandisk,SNDK,262356500480,1791.82,United States
44,RTX,RTX,261465063424,194.0,United States
45,Wells Fargo,WFC,260426825728,86.12,United States
46,Arista Networks,ANET,251475591168,199.39,United States
47,GE Vernova,GEV,250441465856,940.33,United States
48,Texas Instruments,TXN,243508379648,266.64,United States
49,CrowdStrike,CRWD,243338117120,237.65,United States
50,Thermo Fisher Scientific,TMO,240871882752,651.45,United States
51,KLA,KLAC,231245725696,176.99,United States
52,Citigroup,C,221035855872,131.77,United States
53,Marvell Technology,MRVL,219508604928,244.25,United States
54,IBM,IBM,216266948608,229.55,United States
55,American Express,AXP,210399526912,311.56,United States
56,Amgen,AMGN,208494723072,385.65,United States
57,Verizon,VZ,199803142144,48.09,United States
58,Salesforce,CRM,195808165888,237.92,United States
59,Amphenol,APH,191235735552,77.55,United States
60,QUALCOMM,QCOM,189815717888,177.72,United States
61,Gilead Sciences,GILD,186129678336,150.11,United States
62,Deere &amp; Company (John Deere),DE,184421072896,683.99,United States
63,Analog Devices,ADI,182060941312,375.72,United States
64,Charles Schwab,SCHW,182012575744,105.25,United States
65,T-Mobile US,TMUS,180401897472,168.18,United States
66,Abbott Laboratories,ABT,177554636800,102.61,United States
67,Walt Disney,DIS,177278943232,102.67,United States
68,Pepsico,PEP,177238507520,129.75,United States
69,McDonald,MCD,175664939008,248.24,United States
70,AT&T,T,174050590720,25.4,United States
71,BlackRock,BLK,173813792768,1069.78,United States
72,Nextera Energy,NEE,167858667520,80.47,United States
73,Union Pacific Corporation,UNP,165966872576,279.37,United States
74,Southern Copper,SCCO,165238063104,195.7,United States
75,Welltower,WELL,164917313536,228.87,United States
76,Western Digital,WDC,159128338432,441.36,United States
77,ConocoPhillips,COP,158372315136,131.83,United States
78,Pfizer,PFE,157652975616,27.66,United States
79,Boeing,BA,156651339776,198.2,United States
80,Interactive Brokers,IBKR,154519044096,90.69,United States
81,Blackstone Group,BX,149364408320,124.96,United States
82,Danaher,DHR,148899479552,211.81,United States
83,Uber,UBER,144000483328,70.5,United States
84,Intuitive Surgical,ISRG,140921503744,393.33,United States
85,ServiceNow,NOW,140057280512,135.47,United States
86,TJX Companies,TJX,139960696832,127.24,United States
87,Prologis,PLD,131076800512,134.84,United States
88,Newmont,NEM,130036170752,123.41,United States
89,Corning,GLW,129320239104,150.13,United States
90,Vertex Pharmaceuticals,VRTX,128844324864,508.34,United States
91,Bristol-Myers Squibb,BMY,128813588480,63.06,United States
92,Booking Holdings (Booking.com),BKNG,126156775424,167.9,United States
93,Fortinet,FTNT,124613926912,169.84,United States
94,Capital One,COF,124187738112,202.43,United States
95,Progressive,PGR,124053233664,213.48,United States
96,Lockheed Martin,LMT,123099168768,533.38,United States
97,S&P Global,SPGI,119488339968,405.32,United States
98,Marathon Petroleum,MPC,119319642112,424.89,United States
99,Valero Energy,VLO,118994657280,413.28,United States
100,Parker-Hannifin,PH,118930825216,943.54,United States
101,Snowflake,SNOW,117281300480,332.43,United States
102,Altria Group,MO,116080590848,69.52,United States
103,Cloudflare,NET,115227394048,323.6,United States
104,CVS Health,CVS,113623719936,88.84,United States
105,Phillips 66,PSX,109507379200,273.13,United States
106,Starbucks,SBUX,109246201856,95.83,United States
107,Lowe's Companies,LOW,107997290496,192.49,United States
108,Automatic Data Processing,ADP,107745607680,271.22,United States
109,Robinhood,HOOD,107728044032,119.82,United States
110,Stryker Corporation,SYK,105528614912,275.12,United States
111,BNY Mellon (Bank of New York Mellon),BNY,104347148288,153.79,United States
112,AppLovin,APP,103489527808,308.06,United States
113,Freeport-McMoRan,FCX,102732693504,71.54,United States
114,McKesson,MCK,101975760896,874.65,United States
115,Equinix,EQIX,100777345024,1021.34,United States
116,Airbnb,ABNB,99530153984,166.22,United States
117,CME Group,CME,99247472640,276.01,United States
118,Adobe,ADBE,98945695744,248.92,United States
119,Southern Company,SO,98379038720,85.52,United States
120,Vertiv Holdings,VRT,96012197888,249.39,United States
121,Quanta Services,PWR,95725142016,636.71,United States
122,General Dynamics,GD,95520210944,353.05,United States
123,U.S. Bancorp,USB,93576568832,60.06,United States
124,PNC Financial Services,PNC,93021700096,233.17,United States
125,HCA Healthcare,HCA,92599853056,427.71,United States
126,Duke Energy,DUK,91638398976,117.53,United States
127,Howmet Aerospace,HWM,91592720384,229.67,United States
128,KKR & Co.,KKR,91259977728,98.81,United States
129,Constellation Energy,CEG,90245636096,254.71,United States
130,Elevance Health,ELV,89122439168,410.95,United States
131,Marriott International,MAR,88378916864,338.92,United States
132,Williams Companies,WMB,88129224704,72.05,United States
133,Monster Beverage,MNST,87589199872,44.71,United States
134,Intercontinental Exchange,ICE,87280001024,155.47,United States
135,CSX Corporation,CSX,87251566592,47.1,United States
136,3M,MMM,85553192960,165.89,United States
137,Waste Management,WM,84379877376,211.1,United States
138,United Parcel Service,UPS,84278419456,99.06,United States
139,Enterprise Products,EPD,83982065664,38.89,United States
140,Emerson,EMR,83625377792,149.92,United States
141,DoorDash,DASH,83600506880,192.94,United States
142,Marsh & McLennan Companies,MRSH,83516743680,175.01,United States
143,Lumentum,LITE,83502620672,930.91,United States
144,Datadog,DDOG,82558525440,229.92,United States
145,Moody's,MCO,81150877696,468.59,United States
146,American Tower,AMT,81067728896,173.98,United States
147,Intuit,INTU,81023287296,303.19,United States
148,Regeneron Pharmaceuticals,REGN,80804225024,784.85,United States
149,Comcast,CMCSA,80696000512,22.74,United States
150,Hewlett Packard Enterprise,HPE,80656760832,60.76,United States
151,Cintas,CTAS,79089516544,197.64,United States
152,Bloom Energy,BE,78235303936,265.63,United States
153,The Travelers Companies,TRV,78136377344,374.62,United States
154,Simon Property Group,SPG,77944299520,205.32,United States
155,Cadence Design Systems,CDNS,77908672512,282.9,United States
156,Sherwin-Williams,SHW,77859823616,320.73,United States
157,Mondelez International,MDLZ,77663346688,60.85,United States
158,Illinois Tool Works,ITW,76730818560,269.42,United States
159,Motorola Solutions,MSI,75907039232,458.67,United States
160,SLB (Schlumberger),SLB,75869396992,51.12,United States
161,EOG Resources,EOG,75652841472,144.23,United States
162,Ecolab,ECL,75537342464,269.46,United States
163,Northrop Grumman,NOC,74922622976,527.39,United States
164,Apollo Global Management,APO,74355294208,125.91,United States
165,General Motors,GM,74345914368,82.2,United States
166,Synopsys,SNPS,73774358528,384.97,United States
167,Cummins,CMI,73269166080,532.23,United States
168,Energy Transfer LP,ET,72791351296,21.14,United States
169,The Cigna Group,CI,72740118528,275.28,United States
170,Ross Stores,ROST,72692203520,226.61,United States
171,Carvana,CVNA,72172077056,65.11,United States
172,Target,TGT,71865204736,158.19,United States
173,FedEx,FDX,71864975360,303.65,United States
174,Kinder Morgan,KMI,70901383168,31.84,United States
175,Norfolk Southern,NSC,70562963456,314.16,United States
176,Colgate-Palmolive,CL,69728706560,87.47,United States
177,Warner Bros. Discovery,WBD,69698396160,27.8,United States
178,Hilton Worldwide,HLT,68809097216,305.73,United States
179,Digital Realty,DLR,68780113920,182.12,United States
180,O'Reilly Automotive,ORLY,68527067136,84.71,United States
181,Republic Services,RSG,66775867392,218.07,United States
182,Royal Caribbean Group,RCL,65742393344,245.81,United States
183,Honeywell,HON,65435435008,206.46,United States
184,American Electric Power,AEP,65327685632,120.0,United States
185,Air Products and Chemicals,APD,63282774016,284.18,United States
186,Allstate,ALL,63171502080,249.83,United States
187,United Rentals,URI,63108280320,1013.91,United States
188,Boston Scientific,BSX,62809608192,43.34,United States
189,Targa Resources,TRGP,62654603264,292.19,United States
190,Coherent Corp.,COHR,62149316608,317.36,United States
191,MetLife,MET,61666680832,97.04,United States
192,Moderna,MRNA,61498294272,154.04,United States
193,Arthur J. Gallagher & Co.,AJG,61388537856,239.48,United States
194,"Strategy 
 (MicroStrategy)",MSTR,61149593600,153.92,United States
195,Paccar,PCAR,61089914880,116.06,United States
196,MPLX,MPLX,60263731200,59.44,United States
197,TransDigm Group,TDG,60033073152,1086.05,United States
198,Monolithic Power Systems,MPWR,59846348800,1217.8,United States
199,W. W. Grainger,GWW,59658526720,1266.61,United States
200,Truist Financial Corporation,TFC,59322171392,48.56,United States
201,Cencora,COR,58923614208,308.78,United States
202,Oneok,OKE,58918043648,93.46,United States
203,Occidental Petroleum,OXY,58818662400,58.84,United States
204,Aflac,AFL,58321264640,116.33,United States
205,Comfort Systems USA,FIX,58118856704,1651.37,United States
206,Teradyne,TER,58075897856,371.47,United States
207,Keysight,KEYS,57031991296,335.0,United States
208,Baker Hughes,BKR,56830590976,57.25,United States
209,Nucor,NUE,56351383552,248.38,United States
210,Fastenal,FAST,56238854144,49.01,United States
211,Dominion Energy,D,55920263168,63.58,United States
212,Cheniere Energy,LNG,55421374464,268.34,United States
213,Public Storage,PSA,55366201344,296.31,United States
214,Ametek,AME,54481641472,237.64,United States
215,Diamondback Energy,FANG,53881405440,192.42,United States
216,Corteva,CTVA,53729296384,80.53,United States
217,Realty Income,O,53612716032,56.66,United States
218,Devon Energy,DVN,53471002624,48.61,United States
219,Natera,NTRA,53245419520,369.39,United States
220,Sempra,SRE,53168635904,81.31,United States
221,Nike,NKE,52679036928,35.51,United States
222,Ford,F,52676141056,13.21,United States
223,Astera Labs,ALAB,52609355776,303.25,United States
224,Cardinal Health,CAH,52417916928,225.38,United States
225,Delta Air Lines,DAL,52359946240,79.62,United States
226,Nasdaq,NDAQ,52286742528,93.54,United States
227,Honeywell Aerospace,HONA,51853467648,163.6,United States
228,Coinbase,COIN,51250323456,194.25,United States
229,Edwards Lifesciences,EW,50873065472,88.26,United States
230,State Street Corporation,STT,50234707968,182.87,United States
231,eBay,EBAY,49768800256,111.84,United States
232,Ciena,CIEN,49462812672,348.8,United States
233,Becton Dickinson,BDX,49285672960,180.94,United States
234,Entergy,ETR,48738082816,102.01,United States
235,Ameriprise Financial,AMP,48082419712,544.33,United States
236,Fifth Third Bank,FITB,47983685632,52.91,United States
237,Vivmark Residential,VMRK,47370760192,61.22,United States
238,Wabtec,WAB,47333888000,280.23,United States
239,Vistra,VST,47213801472,140.67,United States
240,Cerebras Systems,CBRS,47125577728,198.37,United States
241,Workday,WDAY,46722670592,193.87,United States
242,AutoZone,AZO,46434369536,2844.31,United States
243,Humana,HUM,46377414656,386.22,United States
244,Rockwell Automation,ROK,46247677952,415.62,United States
245,L3Harris Technologies,LHX,46049013760,247.29,United States
246,Block,XYZ,45828640768,76.28,United States
247,Autodesk,ADSK,45342547968,216.95,United States
248,Xcel Energy,XEL,45161062400,72.3,United States
249,CoreWeave,CRWV,44873015296,81.36,United States
250,PayPal,PYPL,44834705408,52.41,United States
251,Ventas,VTR,44467322880,86.69,United States
252,Carrier Global,CARR,44414636032,53.88,United States
253,Agilent Technologies,A,44119191552,156.47,United States
254,IQVIA,IQV,43852734464,266.42,United States
255,Exelon Corporation,EXC,43342782464,42.07,United States
256,Medline,MDLN,42569506816,31.64,United States
257,Chipotle Mexican Grill,CMG,42302922752,33.43,United States
258,Keurig Dr Pepper,KDP,42131169280,30.96,United States
259,Veeva Systems,VEEV,42130300928,260.21,United States
260,HEICO,HEI,41678454784,298.22,United States
261,Waters Corporation,WAT,41398104064,421.63,United States
262,Paychex,PAYX,41343574016,116.14,United States
263,Rocket Lab,RKLB,41286766592,64.57,United States
264,Ares Management,ARES,41073860608,123.8,United States
265,Archer Daniels Midland (ADM),ADM,41053319168,85.18,United States
266,Revolution Medicines,RVMD,40927539200,190.95,United States
267,Prudential Financial,PRU,40847998976,118.4,United States
268,CBRE Group,CBRE,40395755520,139.5,United States
269,IDEXX Laboratories,IDXX,40308359168,511.65,United States
270,MSCI,MSCI,40193650688,552.87,United States
271,Microchip Technology,MCHP,39786246144,73.27,United States
272,BeOne Medicines,ONC,39687778304,350.84,United States
273,American International Group,AIG,39389544448,75.33,United States
274,Waste Connections,WCN,39076253696,155.33,United States
275,Consolidated Edison,ED,38991032320,105.43,United States
276,Live Nation,LYV,38932189184,167.12,United States
277,NetApp,NTAP,38849716224,197.79,United States
278,D. R. Horton,DHI,38604369920,138.02,United States
279,Take-Two Interactive,TTWO,38415130624,205.45,United States
280,Sysco,SYY,37909872640,79.05,United States
281,Yum! Brands,YUM,37657624576,137.99,United States
282,Twilio,TWLO,37447778304,243.84,United States
283,Roper Technologies,ROP,36864311296,372.74,United States
284,Axon Enterprise,AXON,36374867968,447.76,United States
285,Illumina,ILMN,36182618112,239.62,United States
286,Old Dominion Freight Line,ODFL,35978514432,173.0,United States
287,TKO Group Holdings,TKO,35821182976,189.26,United States
288,Kroger,KR,35760001024,60.0,United States
289,The Hartford,HIG,35725307904,131.89,United States
290,Ubiquiti,UI,35680268288,589.48,United States
291,United Airlines Holdings,UAL,35283976192,108.71,United States
292,Venture Global,VG,35051302912,14.02,United States
293,Martin Marietta Materials,MLM,34844950528,490.64,United States
294,Rocket Companies,RKT,34800885760,12.29,United States
295,PSEG,PEG,34774765568,69.77,United States
296,Everpure,P,34702286848,104.14,United States
297,Kenvue,KVUE,34208974848,17.81,United States
298,Roblox,RBLX,34161457152,47.82,United States
299,The Hershey Company,HSY,34115166208,169.79,United States
300,Iron Mountain,IRM,34039339008,114.34,United States
301,Estee Lauder,EL,33802840064,93.43,United States
302,Steel Dynamics,STLD,33719367680,235.26,United States
303,DexCom,DXCM,33717184512,89.35,United States
304,WEC Energy Group,WEC,33617879040,103.17,United States
305,Expedia Group,EXPE,33528168448,279.35,United States
306,Emcor,EME,33086396416,750.09,United States
307,Credo Technology,CRDO,33058863104,175.89,United States
308,M&T Bank,MTB,32827258880,227.31,United States
309,Kimberly-Clark,KMB,32546185216,97.86,United States
310,Northern Trust,NTRS,32545980416,177.89,United States
311,ResMed,RMD,32455325696,224.99,United States
312,Zscaler,ZS,32172322816,197.31,United States
313,Centene,CNC,32164016128,65.11,United States
314,Huntington Bancshares,HBAN,32084187136,15.88,United States
315,Alnylam Pharmaceuticals,ALNY,32055312384,239.56,United States
316,Crown Castle,CCI,31927218176,73.06,United States
317,Okta,OKTA,31882092544,182.37,United States
318,Biogen,BIIB,31840987136,215.5,United States
319,Raymond James Financial,RJF,31648475136,164.75,United States
320,"Cheniere Energy
Partners",CQP,31395983360,64.86,United States
321,Jabil,JBL,31391068160,299.57,United States
322,EQT Corporation,EQT,31275802624,50.0,United States
323,Vulcan Materials,VMC,31206447104,240.83,United States
324,HP,HPQ,31021611008,34.4,United States
325,MongoDB,MDB,30850469888,383.56,United States
326,Extra Space Storage,EXR,30172246016,136.71,United States
327,Sunbelt Rentals,SUNB,30154596352,73.59,United States
328,Carnival Corporation,CCL,29913137152,21.84,United States
329,Zoetis,ZTS,29504165888,71.4,United States
330,PG&amp;E Corporation,PCG,29071243264,13.2,United States
331,Reddit,RDDT,29023014912,150.85,United States
332,Kraft Heinz,KHC,28969674752,24.43,United States
333,GE HealthCare Technologies,GEHC,28966637568,64.13,United States
334,Cboe Global Markets,CBOE,28495044608,272.86,United States
335,Ameren,AEE,28301688832,102.23,United States
336,Citizens Financial Group,CFG,28235694080,67.04,United States
337,Halliburton,HAL,28026505216,33.64,United States
338,Teledyne Technologies,TDY,27973795840,603.46,United States
339,Mettler Toledo,MTD,27897303040,1392.32,United States
340,VeriSign,VRSN,27402047488,303.12,United States
341,ON Semiconductor,ON,27244519424,69.98,United States
342,Quest Diagnostics,DGX,27201513472,246.45,United States
343,EchoStar,ECHO,27149262848,93.46,United States
344,Copart,CPRT,27107760128,29.28,United States
345,Atmos Energy,ATO,27088867328,160.3,United States
346,American Water,AWK,27007268864,135.9,United States
347,Dollar General,DG,27005702144,122.41,United States
348,Cognizant Technology Solutions,CTSH,26968094720,59.87,United States
349,DTE Energy,DTE,26743478272,128.52,United States
350,GlobalFoundries,GFS,26655758336,47.82,United States
351,Williams-Sonoma,WSM,26406090752,224.2,United States
352,Insmed,INSM,26205779968,120.0,United States
353,FirstEnergy,FE,26189242368,45.26,United States
354,VICI Properties,VICI,26117558272,23.72,United States
355,Corpay,CPAY,26116763648,397.76,United States
356,ATI Inc.,ATI,26094331904,191.63,United States
357,Otis Worldwide,OTIS,26083463168,68.52,United States
358,LabCorp,LH,26009579520,320.71,United States
359,W. R. Berkley,WRB,25982214144,69.99,United States
360,Cincinnati Financial,CINF,25937790976,169.0,United States
361,Zoom,ZM,25901639680,88.77,United States
362,Las Vegas Sands,LVS,25895092224,39.98,United States
363,LPL Financial,LPLA,25834557440,328.09,United States
364,Coupang,CPNG,25686441984,14.29,United States
365,Supermicro,SMCI,25680777216,39.09,United States
366,Eversource Energy,ES,25508415488,67.72,United States
367,West Pharmaceutical Services,WST,25497841664,362.31,United States
368,Incyte,INCY,25400053760,125.31,United States
369,Symbotic,SYM,25358731264,41.89,United States
370,Dover Corporation,DOV,25241767936,187.42,United States
371,Principal Financial Group,PFG,25193693184,117.67,United States
372,CenterPoint Energy,CNP,25176289280,38.22,United States
373,Qnity Electronics,Q,25115486208,120.05,United States
374,Xylem,XYL,25113841664,107.56,United States
375,Fiserv,FISV,25094070272,47.19,United States
376,PPL,PPL,25089845248,33.34,United States
377,Circle Internet Group,CRCL,25018687488,91.78,United States
378,Expeditors International,EXPD,24820410368,190.94,United States
379,F5,FFIV,24464642048,432.03,United States
380,Synchrony Financial,SYF,24415827968,75.04,United States
381,Texas Pacific Land Corporation,TPL,24325302272,352.67,United States
382,Regions Financial,RF,24279992320,28.5,United States
383,Fox Corporation,FOX,24276060160,57.74,United States
384,Guardant Health,GH,24072110080,179.38,United States
385,Affirm,AFRM,24027766784,71.21,United States
386,First Citizens BancShares,FCNCA,23849826304,2111.89,United States
387,Darden Restaurants,DRI,23762020352,209.28,United States
388,Formula One Group,FWONK,23701979136,94.54,United States
389,Hubbell,HUBB,23611934720,446.92,United States
390,SharkNinja,SN,23457003520,165.75,United States
391,PPG Industries,PPG,23234795520,104.52,United States
392,Samsara,IOT,23160684544,39.55,United States
393,ULTA Beauty,ULTA,23130937344,540.98,United States
394,Veralto,VLTO,23036033024,94.49,United States
395,Tapestry,TPR,22930042880,115.0,United States
396,Verisk Analytics,VRSK,22830667776,175.41,United States
397,Roku,ROKU,22817175552,153.64,United States
398,AST SpaceMobile,ASTS,22774081536,58.52,United States
399,Global Payments,GPN,22508439552,85.06,United States
400,Church & Dwight,CHD,22475069440,94.75,United States
401,Tradeweb,TW,22460459008,103.97,United States
402,"Arxis, Inc.",ARXS,22411585536,52.02,United States
403,PulteGroup,PHM,22336430080,117.26,United States
404,T. Rowe Price,TROW,22218979328,104.16,United States
405,KeyCorp (KeyBank),KEY,22206945280,20.81,United States
406,Bunge Global SA,BG,22205128704,115.58,United States
407,Casey's General Stores,CASY,22082961408,597.48,United States
408,Loews Corporation,L,22031173632,107.77,United States
409,Markel Group,MKL,22008653824,1776.33,United States
410,J. B. Hunt,JBHT,21999572992,234.25,United States
411,Rubrik,RBRK,21963966464,106.71,United States
412,SoFi,SOFI,21905031168,16.96,United States
413,NRG Energy,NRG,21790418944,103.66,United States
414,Brown &amp; Brown,BRO,21756364800,65.02,United States
415,Entegris,ENTG,21735800832,142.25,United States
416,Rivian,RIVN,21703430144,14.99,United States
417,Edison International,EIX,21284061184,55.31,United States
418,United Therapeutics,UTHR,21215023104,494.63,United States
419,International Flavors & Fragrances,IFF,21167241216,82.96,United States
420,Royal Gold,RGLD,21152309248,249.65,United States
421,TD Synnex,SNX,21141893120,264.41,United States
422,Tenet Healthcare,THC,21095172096,261.99,United States
423,MACOM Technology Solutions,MTSI,21067683840,275.86,United States
424,First Solar,FSLR,21059780608,195.96,United States
425,Dollar Tree,DLTR,21007089664,111.96,United States
426,Omnicom Group,OMC,21006669824,76.57,United States
427,Curtiss-Wright,CW,20988737536,568.27,United States
428,Dow,DOW,20752848896,28.73,United States
429,Packaging Corporation of America,PKG,20739409920,232.77,United States
430,HF Sinclair,DINO,20605149184,115.9,United States
431,Fair Isaac (FICO),FICO,20510842880,949.68,United States
432,CMS Energy,CMS,20489129984,65.34,United States
433,XPO Logistics,XPO,20402317312,174.25,United States
434,Constellation Brands,STZ,20320593920,118.97,United States
435,Coeur Mining,CDE,20311994368,19.76,United States
436,Expand Energy,EXE,20254265344,87.49,United States
437,Carpenter Technology,CRS,20225843200,408.12,United States
438,US Foods,USFD,20209614848,93.42,United States
439,Southwest Airlines,LUV,20047751168,40.98,United States
440,LyondellBasell,LYB,20005740544,61.93,United States
441,Ralph Lauren,RL,19966009344,335.1,United States
442,Pershing Square Inc.,PS,19932000256,49.83,United States
443,Reliance,RS,19918934016,390.15,United States
444,FTAI Aviation,FTAI,19590350848,190.74,United States
445,Western Midstream,WES,19539025920,47.29,United States
446,Best Buy,BBY,19473215488,92.85,United States
447,Viatris,VTRS,19468615680,16.95,United States
448,NiSource,NI,19460548608,40.58,United States
449,General Mills,GIS,19417741312,36.32,United States
450,CF Industries,CF,19325878272,127.7,United States
451,Snap-on,SNA,19250249728,372.15,United States
452,Permian Resources,PR,19062798336,22.76,United States
453,Woodward,WWD,18997401600,321.74,United States
454,SBA Communications,SBAC,18946275328,178.59,United States
455,Nutanix,NTNX,18868373504,69.8,United States
456,SS&C Technologies,SSNC,18755973120,79.93,United States
457,Equifax,EFX,18664824832,158.87,United States
458,Essex Property Trust,ESS,18615324672,270.05,United States
459,Broadridge Financial Solutions,BR,18600376320,163.13,United States
460,Tyson Foods,TSN,18564564992,52.77,United States
461,Lennar,LEN,18411616256,76.43,United States
462,SiTime,SITM,18400778240,614.27,United States
463,Evergy,EVRG,18394648576,79.78,United States
464,Fidelity National Information Services,FIS,18369443840,35.62,United States
465,International Paper,IP,18286047232,34.53,United States
466,CDW Corporation,CDW,18276296704,146.19,United States
467,ITT,ITT,18220414976,202.81,United States
468,Unity Software,U,18219681792,41.4,United States
469,Zimmer Biomet,ZBH,18188746752,95.36,United States
470,TPG Inc.,TPG,18149664768,46.47,United States
471,FedEx Freight,FDXF,17961613312,120.13,United States
472,Plains All American Pipeline,PAA,17900222464,25.37,United States
473,C. H. Robinson,CHRW,17877073920,152.99,United States
474,Genuine Parts Company,GPC,17657077760,128.08,United States
475,News Corp,NWS,17520887808,32.68,United States
476,Dupont De Nemours,DD,17421893632,129.01,United States
477,East West Bancorp,EWBC,17389545472,126.92,United States
478,Gen Digital,GEN,17365008384,29.01,United States
479,Nordson,NDSN,17354252288,311.57,United States
480,Semtech,SMTC,17265240064,185.0,United States
481,Ovintiv,OVV,17251540992,62.37,United States
482,MasTec,MTZ,17215774720,214.38,United States
483,Toast,TOST,17189720064,29.74,United States
484,Medpace,MEDP,17091144704,612.33,United States
485,MKS Instruments,MKSI,17045035008,252.08,United States
486,Alliant Energy,LNT,17010373632,65.605,United States
487,Jacobs Engineering,J,16783335424,143.4,United States
488,Tractor Supply,TSCO,16782701568,32.21,United States
489,Franklin Resources,BEN,16771617792,33.01,United States
490,WESCO International,WCC,16771411968,344.15,United States
491,Clean Harbors,CLH,16670212096,315.8,United States
492,Charter Communications,CHTR,16656665600,128.17,United States
493,Fortive,FTV,16610937856,55.0,United States
494,IDEX,IEX,16492615680,223.72,United States
495,NVR,NVR,16471900160,6150.47,United States
496,Zebra Technologies,ZBRA,16399294464,346.63,United States
497,APi Group,APG,16158473216,37.39,United States
498,Onto Innovation,ONTO,16101746688,263.43,United States
499,Reinsurance Group of America,RGA,16043312128,245.68,United States
500,Leidos,LDOS,16024099840,127.69,United States
501,Revvity,RVTY,16007068672,143.45,United States
502,Dynatrace,DT,16003219456,55.14,United States
503,Ball Corporation,BALL,15921907712,60.15,United States
504,Invitation Homes,INVH,15893670912,26.91,United States
505,Annaly Capital Management,NLY,15865688064,21.05,United States
506,Sterling Infrastructure,STRL,15865652224,518.68,United States
507,RBC Bearings,RBC,15861598208,501.01,United States
508,IonQ,IONQ,15852958720,39.13,United States
509,Lattice Semiconductor,LSCC,15759678464,110.96,United States
510,APA Corporation,APA,15720271872,44.87,United States
511,Bitmine Immersion Technologies,BMNR,15677852672,25.99,United States
512,Rollins,ROL,15603546112,32.43,United States
513,Corebridge Financial,CRBG,15517205504,34.81,United States
514,Jones Lang LaSalle,JLL,15476071424,336.38,United States
515,Blue Owl Capital,OWL,15420820480,9.84,United States
516,DigitalOcean,DOCN,15301803008,130.14,United States
517,Weyerhaeuser,WY,15294017536,21.22,United States
518,Viper Energy,VNOM,15183167488,42.27,United States
519,Host Hotels & Resorts,HST,15172826112,21.84,United States
520,Solventum,SOLV,15122675712,88.84,United States
521,Kimco Realty,KIM,15112885248,22.53,United States
522,W. P. Carey,WPC,15095146496,66.26,United States
523,Unum,UNM,15069224960,95.19,United States
524,Akamai,AKAM,15021259776,104.52,United States
525,Lamar Advertising,LAMR,14908508160,146.81,United States
526,Omega Healthcare Investors,OHI,14898411520,46.66,United States
527,Burlington Stores,BURL,14894739456,237.12,United States
528,Aramark,ARMK,14881633280,56.45,United States
529,Neurocrine Biosciences,NBIX,14864159744,146.23,United States
530,PTC,PTC,14744915968,135.89,United States
531,Equitable Holdings,EQH,14715714560,53.95,United States
532,Sunoco,SUN,14671787008,77.87,United States
533,Warner Music Group,WMG,14657536000,28.02,United States
534,Pinnacle Financial Partners,PNFP,14620147712,96.75,United States
535,Hyatt Hotels,H,14610462720,155.04,United States
536,Exelixis,EXEL,14460539904,58.36,United States
537,Performance Food Group,PFGC,14439671808,91.93,United States
538,Healthpeak Properties,DOC,14412898304,20.33,United States
539,Sun Communities,SUI,14372619264,113.75,United States
540,Carlyle Group,CG,14288945152,40.1,United States
541,Mid-America Apartment Communities,MAA,14148364288,118.93,United States
542,Tempus AI,TEM,14045040640,77.84,United States
543,Wayfair,W,14033747968,102.46,United States
544,Lincoln Electric,LECO,14018881536,257.2,United States
545,Talen Energy,TLN,14005338112,292.3,United States
546,Penske Automotive Group,PAG,13960583168,212.61,United States
547,Ares Capital,ARCC,13929643008,19.4,United States
548,Assurant,AIZ,13920647168,282.23,United States
549,TransUnion,TRU,13877587968,72.43,United States
550,CACI International Inc,CACI,13853130752,626.85,United States
551,Tyler Technologies,TYL,13821391872,337.5,United States
552,Textron,TXT,13705637888,79.69,United States
553,Quantinuum Inc.,QNT,13703654400,51.58,United States
554,Regency Centers,REG,13638639616,72.95,United States
555,Stanley Black &amp; Decker,SWK,13528071168,89.58,United States
556,BWX Technologies,BWXT,13516075008,147.52,United States
557,Invesco,IVZ,13478988800,30.53,United States
558,Trimble,TRMB,13421832192,57.56,United States
559,Masco,MAS,13420575744,68.06,United States
560,Charles River Laboratories,CRL,13393518592,278.06,United States
561,Skyworks Solutions,SWKS,13355964416,88.76,United States
562,Somnigroup International,SGI,13328757760,63.36,United States
563,Globe Life,GL,13327230976,173.42,United States
564,Mueller Industries,MLI,13286366208,60.07,United States
565,J.M. Smucker Company,SJM,13133910016,122.95,United States
566,McCormick & Company,MKC,13098447872,48.72,United States
567,Albemarle,ALB,13087941632,110.91,United States
568,BridgeBio Pharma,BBIO,13021788160,66.61,United States
569,CNA Financial,CNA,12994256896,48.02,United States
570,UL Solutions,ULS,12927540224,64.03,United States
571,DocuSign,DOCU,12909351936,69.07,United States
572,BorgWarner,BWA,12896153600,63.32,United States
573,Five Below,FIVE,12890351616,234.14,United States
574,Watsco,WSO,12861195264,311.77,United States
575,DT Midstream,DTM,12839645184,125.86,United States
576,IES Holdings,IESC,12837661696,322.16,United States
577,Coca-Cola Consolidated,COKE,12785670144,192.08,United States
578,Halozyme Therapeutics,HALO,12762849280,112.45,United States
579,AMH (American Homes 4 Rent),AMH,12716710912,31.02,United States
580,Avery Dennison,AVY,12710429696,167.71,United States
581,Hecla Mining,HL,12709859328,18.92,United States
582,Aurora Innovation,AUR,12646219776,6.31,United States
583,SEI Investments,SEIC,12626017280,105.2,United States
584,Forgent Power Solutions,FPS,12580760576,39.44,United States
585,Webster Financial,WBS,12568934400,77.57,United States
586,U-Haul,UHAL,12564412416,64.27,United States
587,RPM International,RPM,12556241920,98.37,United States
588,Penumbra,PEN,12510081024,317.6,United States
589,Erie Indemnity,ERIE,12499893248,239.05,United States
590,Carlisle Companies,CSL,12498037760,314.7,United States
591,Amkor Technology,AMKR,12497159168,50.3,United States
592,UDR Apartments,UDR,12453647360,33.9,United States
593,TTM Technologies,TTMI,12428005376,117.97,United States
594,Lennox,LII,12415232000,359.23,United States
595,BioMarin Pharmaceutical,BMRN,12377106432,63.94,United States
596,Nextpower,NXT,12363278336,80.47,United States
597,Hasbro,HAS,12351263744,87.57,United States
598,Graco,GGG,12350599168,76.26,United States
599,GoDaddy,GDDY,12343085056,97.46,United States
600,Manhattan Associates,MANH,12329169920,211.46,United States
601,Madrigal Pharmaceuticals,MDGL,12280305664,531.52,United States
602,Toll Brothers,TOL,12261080064,133.06,United States
603,Generac,GNRC,12252223488,207.44,United States
604,Pershing Square Holdings,PSHD.L,12225084416,56.685,United States
605,Brown Forman,BF-A,12169079808,26.52,United States
606,Ally Financial,ALLY,12167987200,40.0,United States
607,Equity LifeStyle Properties,ELS,12110859264,60.4,United States
608,Figma,FIG,12093993984,22.69,United States
609,Madison Air Solutions,MAIR,12046360576,24.01,United States
610,Encompass Health,EHC,12011049984,121.75,United States
611,Corcept Therapeutics,CORT,11922172928,110.29,United States
612,Crown Holdings,CCK,11876647936,109.2,United States
613,Gaming and Leisure Properties,GLPI,11857253376,39.59,United States
614,Guidewire Software,GWRE,11830722560,144.29,United States
615,Applied Industrial Technologies,AIT,11822437376,321.84,United States
616,"QXO, Inc.",QXO,11806644224,11.38,United States
617,American Financial Group,AFG,11800553472,142.31,United States
618,Baxter,BAX,11787508736,22.8,United States
619,CoStar Group,CSGP,11787198464,29.09,United States
620,Gartner,IT,11731816448,185.78,United States
621,DaVita,DVA,11730268160,183.86,United States
622,Alcoa,AA,11725496320,44.43,United States
623,Watts Water Technologies,WTS,11706100736,350.66,United States
624,AGNC Investment,AGNC,11700702208,9.87,United States
625,Essential Utilities,WTRG,11640298496,41.04,United States
626,BJ's Wholesale Club,BJ,11624740864,92.03,United States
627,Chime Financial,CHYM,11482486784,30.33,United States
628,Camden Property Trust,CPT,11471413248,99.12,United States
629,Hormel Foods,HRL,11463806976,20.83,United States
630,Paramount Skydance,PSKY,11455066112,10.21,United States
631,Stifel,SF,11444420608,75.79,United States
632,JFrog,FROG,11443594240,92.81,United States
633,"BXP, Inc.",BXP,11426026496,63.17,United States
634,Crane Company,CR,11422505984,197.62,United States
635,GameStop,GME,11421901824,22.64,United States
636,Pinnacle West Capital,PNW,11417991168,94.21,United States
637,Fidelity National Financial,FNF,11398195200,42.5,United States
638,American Healthcare REIT,AHR,11368636416,52.15,United States
639,Bio-Techne,TECH,11348936704,72.37,United States
640,First Horizon Corporation,FHN,11342225408,23.94,United States
641,New York Times,NYT,11323720704,70.21,United States
642,SailPoint,SAIL,11321177088,19.83,United States
643,BrightSpring Health Services,BTSG,11234731008,56.78,United States
644,Elanco,ELAN,11197659136,22.42,United States
645,Dayforce,DAY,11180042240,69.86,United States
646,Arrow Electronics,ARW,11164068864,219.31,United States
647,Confluent,CFLT,11133729792,30.99,United States
648,Twist Bioscience,TWST,11071633408,166.99,United States
649,HubSpot,HUBS,11063335936,216.12,United States
650,Texas Roadhouse,TXRH,10998794240,167.56,United States
651,Axsome Therapeutics,AXSM,10883685376,207.78,United States
652,EastGroup Properties,EGP,10882105344,202.37,United States
653,Jack Henry &amp; Associates,JKHY,10856937472,154.85,United States
654,Knight-Swift Transportation,KNX,10852570112,66.68,United States
655,DraftKings,DKNG,10797875200,21.75,United States
656,Dick's Sporting Goods,DKS,10773452800,121.15,United States
657,Huntington Ingalls Industries,HII,10751938560,272.86,United States
658,Globalstar,GSAT,10733031424,82.84,United States
659,Antero Resources,AR,10717324288,34.86,United States
660,Sanmina,SANM,10695887872,199.56,United States
661,Deckers Brands,DECK,10680742912,78.43,United States
662,Service Corporation International,SCI,10598033408,77.76,United States
663,AES,AES,10580295680,14.83,United States
664,Pinterest,PINS,10533422080,18.6,United States
665,ViaSat,VSAT,10521788416,76.38,United States
666,Cooper Companies,COO,10513686528,55.29,United States
667,Instacart (Maplebear Inc.),CART,10503157760,45.37,United States
668,Advanced Energy,AEIS,10501225472,262.2,United States
669,Avantor,AVTR,10497089536,15.52,United States
670,Align Technology,ALGN,10486193152,147.61,United States
671,Molina Healthcare,MOH,10481238016,200.79,United States
672,Universal Health Services,UHS,10413493248,176.69,United States
673,Littelfuse,LFUS,10359641088,407.88,United States
674,Cognex,CGNX,10355859456,61.56,United States
675,Qorvo,QRVO,10337810432,117.18,United States
676,"Popular, Inc. (Banco Popular de Puerto Rico)",BPOP,10334029824,162.03,United States
677,Ryan Specialty,RYAN,10319951872,40.27,United States
678,Darling Ingredients,DAR,10313998336,65.36,United States
679,Vicor,VICR,10268891136,222.72,United States
680,Apogee Therapeutics,APGE,10223142912,135.07,United States
681,UMB Financial,UMBF,10216798208,134.52,United States
682,Paycom,PAYC,10198806528,226.28,United States
683,The Ensign Group,ENSG,10135898112,173.91,United States
684,Evercore,EVR,10099012608,262.6,United States
685,FactSet,FDS,10094567424,283.83,United States
686,Match Group,MTCH,10077114368,43.2,United States
687,Bio-Rad Laboratories,BIO,10064517120,376.41,United States
688,Antero Midstream,AM,10058342400,21.19,United States
689,Clorox,CLX,10049367040,83.1,United States
690,South State Corp,SSB,10031046656,103.44,United States
691,Modine Manufacturing,MOD,10023430144,188.72,United States
692,Repligen,RGEN,9982897152,176.89,United States
693,10x Genomics,TXG,9980303360,76.6,United States
694,Donaldson Company,DCI,9974147072,86.05,United States
695,Krystal Biotech,KRYS,9965040640,336.67,United States
696,Wintrust Financial,WTFC,9951023104,147.52,United States
697,Globus Medical,GMED,9946123264,74.08,United States
698,Dillard's,DDS,9938031616,636.26,United States
699,Cullen/Frost Bankers,CFR,9931375616,159.8,United States
700,Leonardo DRS,DRS,9925695488,37.19,United States
701,Oscar Health,OSCR,9916764160,32.13,United States
702,Regal Rexnord,RRX,9855625216,148.05,United States
703,Bentley Systems,BSY,9842187264,32.58,United States
704,Owens Corning,OC,9794131968,123.9,United States
705,Insulet,PODD,9751200768,140.6,United States
706,Jefferies Financial Group,JEF,9742477312,47.9,United States
707,Domino's Pizza,DPZ,9732646912,294.2,United States
708,Federal Realty Investment Trust,FRT,9695567872,110.91,United States
709,Kymera Therapeutics,KYMR,9685830656,117.75,United States
710,MGM Resorts,MGM,9673735168,37.81,United States
711,Allison Transmission,ALSN,9669888000,117.1,United States
712,Murphy USA,MUSA,9669718016,526.09,United States
713,Old National Bank,ONB,9667544064,25.27,United States
714,Glaukos,GKOS,9662158848,163.81,United States
715,Old Republic International,ORI,9645245440,39.95,United States
716,Madison Square Garden Sports,MSGS,9601875968,398.75,United States
717,Cytokinetics,CYTK,9562031104,68.78,United States
718,Zions Bancorporation,ZION,9520538624,65.23,United States
719,Advanced Drainage Systems,WMS,9504843776,126.05,United States
720,Rambus,RMBS,9501236224,87.6,United States
721,FirstCash,FCFS,9497991168,218.99,United States
722,Henry Schein,HSIC,9455124480,84.84,United States
723,Janus Living,JAN,9426115584,30.34,United States
724,OGE Energy,OGE,9401513984,45.51,United States
725,Flowserve,FLS,9391091712,73.88,United States
726,Arrowhead Pharmaceuticals,ARWR,9390597120,66.48,United States
727,Bruker,BRKR,9353337856,61.39,United States
728,Snap,SNAP,9352324096,5.53,United States
729,Booz Allen Hamilton,BAH,9270363136,77.07,United States
730,Protagonist Therapeutics,PTGX,9253284864,143.0,United States
731,FormFactor,FORM,9247931392,118.38,United States
732,Lineage,LINE,9230028800,36.81,United States
733,Sirius XM,SIRI,9205296128,27.31,United States
734,Voya Financial,VOYA,9201871872,101.57,United States
735,Affiliated Managers Group,AMG,9200963584,355.8,United States
736,Alexandria Real Estate Equities,ARE,9172678656,53.3,United States
737,Legence Corp.,LGN,9167099904,55.8,United States
738,Valmont Industries,VMI,9162858496,474.64,United States
739,PBF Energy,PBF,9149859840,77.19,United States
740,Ryder,R,9147261952,238.54,United States
741,Tetra Tech,TTEK,9136946176,35.685,United States
742,Elastic NV,ESTC,9130041344,86.96,United States
743,Houlihan Lokey,HLI,9123682304,130.55,United States
744,Life Time Group,LTH,9106074624,40.75,United States
745,Saia,SAIA,9104799744,342.22,United States
746,SPX Technologies,SPXC,9104106496,181.77,United States
747,Solstice Advanced Materials,SOLS,9103543296,57.31,United States
748,Acuity Brands,AYI,9069273088,302.96,United States
749,Kinetik,KNTK,9052192768,53.5,United States
750,Oshkosh Corporation,OSK,9051664384,146.61,United States
751,Crinetics Pharmaceuticals,CRNX,9012787200,84.95,United States
752,ImmunityBio,IBRX,8987411456,8.48,United States
753,Jackson Financial,JXN,8985572352,132.67,United States
754,Range Resources,RRC,8982640640,38.44,United States
755,CubeSmart,CUBE,8952417280,39.55,United States
756,Primerica,PRI,8943590400,290.59,United States
757,Applied Optoelectronics,AAOI,8929594368,105.17,United States
758,Riot Platforms,RIOT,8912400384,23.75,United States
759,Kratos Defense &amp; Security Solutions,KTOS,8909253632,47.46,United States
760,CareTrust REIT,CTRE,8870447104,37.54,United States
761,The Toro Company,TTC,8850078720,93.49,United States
762,Westlake Corporation,WLK,8826907648,69.07,United States
763,Dycom Industries,DY,8800966656,291.8,United States
764,SM Energy,SM,8793464832,36.97,United States
765,Rexford Industrial,REXR,8777277440,38.39,United States
766,VIAVI Solutions,VIAV,8725073920,35.36,United States
767,TG Therapeutics,TGTX,8705863680,56.87,United States
768,Vaxcyte,PCVX,8650051584,58.13,United States
769,Brixmor Property Group,BRX,8601631744,28.03,United States
770,American Airlines,AAL,8579130368,12.96,United States
771,Western Alliance Bancorporation,WAL,8568781824,78.54,United States
772,Liberty Live Holdings,LLYVA,8557420032,93.01,United States
773,Mohawk Industries,MHK,8541102080,126.09,United States
774,Agree Realty,ADC,8487667712,68.05,United States
775,TeraWulf,WULF,8487457280,17.01,United States
776,Caris Life Sciences,CAI,8474767360,29.98,United States
777,First Industrial Realty Trust,FR,8467772416,61.8,United States
778,Columbia Banking System,COLB,8467265024,29.93,United States
779,MP Materials,MP,8417080320,47.26,United States
780,Prosperity Bancshares,PB,8414776832,70.02,United States
781,Ryman Hospitality Properties,RHP,8411944448,121.94,United States
782,Wynn Resorts,WYNN,8410907136,81.68,United States
783,AGCO,AGCO,8389100544,119.79,United States
784,Praxis Precision Medicines,PRAX,8346680832,298.95,United States
785,InterDigital,IDCC,8336630784,323.05,United States
786,Chewy,CHWY,8287740416,20.62,United States
787,Hess Midstream,HESM,8280123392,40.16,United States
788,Brinker International,EAT,8215595008,196.71,United States
789,GitLab,GTLB,8202456576,49.23,United States
790,NewMarket Corp,NEU,8201998336,891.87,United States
791,Commerce Bancshares,CBSH,8188542976,57.09,United States
792,AeroVironment,AVAV,8128771584,159.95,United States
793,Kinsale Capital Group,KNSL,8128480768,356.85,United States
794,CarMax,KMX,8118734336,57.21,United States
795,Timken Company,TKR,8117431808,117.14,United States
796,StoneX Group,SNEX,8081321472,67.0,United States
797,Lincoln National Corporation,LNC,8079077376,42.2,United States
798,UGI Corporation,UGI,8077880320,37.66,United States
799,BOK Financial,BOKF,8066801664,132.75,United States
800,Lear Corporation,LEA,8031579648,120.64,United States
801,Applied Digital,APLD,7994623488,28.12,United States
802,AECOM,ACM,7977891328,61.99,United States
803,Element Solutions,ESI,7976003584,32.73,United States
804,Figure Technology Solutions,FIGR,7963170816,35.49,United States
805,Paylocity,PCTY,7957754880,143.73,United States
806,Spyre Therapeutics,SYRE,7957681664,90.25,United States
807,Dropbox,DBX,7932306944,36.48,United States
808,Hanover Insurance Group,THG,7914983936,227.31,United States
809,AptarGroup,ATR,7912035840,124.44,United States
810,NNN REIT,NNN,7904811520,41.55,United States
811,Chord Energy,CHRD,7903296000,144.49,United States
812,Avnet,AVT,7888854528,96.12,United States
813,Galaxy Digital Holdings,7LX.F,7887111260,22.3715,United States
814,HealthEquity,HQY,7869533184,95.14,United States
815,Core &amp; Main,CNM,7859138048,42.61,United States
816,SentinelOne,S,7834585600,22.51,United States
817,Smithfield Foods,SFD,7804470272,19.82,United States
818,Procore,PCOR,7790750720,51.27,United States
819,The Mosaic Company,MOS,7782085120,24.48,United States
820,A. O. Smith,AOS,7739993600,56.95,United States
821,Compass,COMP,7737857536,10.08,United States
822,National Fuel Gas,NFG,7691048960,80.92,United States
823,Hinge Health,HNGE,7657900032,94.9,United States
824,Morningstar,MORN,7646391296,203.83,United States
825,Zurn Elkay Water Solutions,ZWS,7641358848,46.07,United States
826,Immunovant,IMVT,7632121856,36.95,United States
827,Central Bancompany,CBC,7628238848,31.85,United States
828,Levi Strauss &amp; Co.,LEVI,7627738112,19.82,United States
829,Cipher Mining,CIFR,7611663360,18.34,United States
830,Idacorp,IDA,7610856448,131.58,United States
831,AppFolio,APPF,7601549312,214.63,United States
832,Clearway Energy,CWEN,7601321472,30.82,United States
833,Zeta Global,ZETA,7535057408,30.23,United States
834,Ralliant Corporation,RAL,7519094784,67.96,United States
835,Eastman Chemical,EMN,7510116352,65.69,United States
836,Valley Bank,VLY,7509905408,13.59,United States
837,Primo Brands,PRMB,7427085312,20.52,United States
838,STAG Industrial,STAG,7399968256,37.6,United States
839,Aura Minerals,AUGO,7398601216,88.25,United States
840,Ionis Pharmaceuticals,IONS,7385230848,44.44,United States
841,StandardAero,SARO,7379503104,22.3,United States
842,Silicon Labs,SLAB,7357370368,220.5,United States
843,MaxLinear,MXL,7357031936,81.12,United States
844,Fluor Corporation,FLR,7342384640,54.9,United States
845,Kirby Corporation,KEX,7304880128,138.35,United States
846,Commercial Metals Company,CMC,7281293824,65.82,United States
847,Conagra Brands,CAG,7240697856,15.13,United States
848,Gap Inc.,GAP,7215089152,20.54,United States
849,Terreno Realty,TRNO,7164797952,65.75,United States
850,Arcosa,ACA,7161736704,145.84,United States
851,NOV,NOV,7154515456,20.07,United States
852,Netskope,NTSK,7146199552,17.49,United States
853,Cleveland-Cliffs,CLF,7131750400,12.5,United States
854,Pilgrim's Pride,PPC,7107539456,29.85,United States
855,First American Financial Corporation,FAF,7105138688,69.59,United States
856,Celsius Holdings,CELH,7090041856,28.02,United States
857,Oklo,OKLO,7068670464,38.0,United States
858,Matador Resources,MTDR,7030477312,56.81,United States
859,Light &amp; Wonder,LNW,7028988928,86.22,United States
860,Dutch Bros,BROS,7021118976,40.03,United States
861,Simpson Manufacturing Company,SSD,7017806336,171.23,United States
862,Solaris Energy Infrastructure,SEI,7009632768,69.66,United States
863,Molson Coors,TAP,6997616128,37.53,United States
864,OneMain Financial,OMF,6995672064,60.81,United States
865,Ozon,OZON.ME,6979718899,32.1,United States
866,UiPath,PATH,6978271232,13.39,United States
867,Matson,MATX,6965113344,232.92,United States
868,Lithia Motors,LAD,6952600064,316.27,United States
869,Federal Signal,FSS,6948366848,113.83,United States
870,MSA Safety,MSA,6930975232,179.66,United States
871,Magnolia Oil &amp; Gas,MGY,6916822016,25.18,United States
872,Vornado Realty Trust,VNO,6911904768,34.9,United States
873,Axalta,AXTA,6891444224,32.2,United States
874,ESCO Technologies,ESE,6889340928,265.92,United States
875,Belite Bio,BLTE,6884925952,170.96,United States
876,Terex,TEX,6748272128,59.04,United States
877,Armstrong World Industries,AWI,6746414592,159.63,United States
878,MSC Industrial Direct,MSM,6728361984,120.48,United States
879,Rhythm Pharmaceuticals,RYTM,6727536640,97.71,United States
880,Zillow,Z,6703522304,29.81,United States
881,Powell Industries,POWL,6702134784,183.96,United States
882,Macerich,MAC,6676536832,22.63,United States
883,PACS Group,PACS,6669095936,42.12,United States
884,Hexcel,HXL,6666207744,88.15,United States
885,Etsy,ETSY,6663354368,72.6,United States
886,Enact Holdings,ACT,6661083648,48.45,United States
887,LandBridge,LB,6626261504,85.96,United States
888,CG Oncology,CGON,6614345216,74.62,United States
889,Duolingo,DUOL,6611563008,141.9,United States
890,Lumen Technologies,LUMN,6601250304,6.4,United States
891,Sprouts Farmers Market,SFM,6600999424,70.79,United States
892,WEX,WEX,6597177856,193.57,United States
893,Chemed,CHE,6588044288,504.06,United States
894,Plexus,PLXS,6575872512,246.73,United States
895,Lantheus Holdings,LNTH,6565902848,100.55,United States
896,Victory Capital,VCTR,6554459648,106.56,United States
897,The Trade Desk,TTD,6540732416,13.92,United States
898,Hims &amp; Hers Health,HIMS,6530442240,27.99,United States
899,Amneal Pharmaceuticals,AMRX,6516618240,18.71,United States
900,Norwegian Cruise Line,NCLH,6483732480,14.12,United States
901,Gates Industrial Corp,GTES,6483201536,25.61,United States
902,PJT Partners,PJT,6452198400,151.47,United States
903,Plains GP,PAGP,6447121920,27.67,United States
904,Urban Outfitters,URBN,6425370624,75.01,United States
905,EnerSys,ENS,6423937536,178.12,United States
906,Lamb Weston,LW,6416338432,46.67,United States
907,United Bankshares,UBSI,6415126528,47.11,United States
908,"X-Energy, Inc.",XE,6408393728,15.77,United States
909,F.N.B. Corporation,FNB,6382433280,17.93,United States
910,Allegro MicroSystems,ALGM,6356309504,34.1,United States
911,Healthcare Realty Trust,HR,6336179712,18.26,United States
912,Aaon,AAON,6329141760,76.76,United States
913,GATX,GATX,6280416256,177.89,United States
914,Builders FirstSource,BLDR,6253506048,58.12,United States
915,"Mobility Global, Inc.",MBGL,6236800000,19.49,United States
916,Southwest Gas,SWX,6219476480,85.85,United States
917,Victoria's Secret &amp; Co,VSXY,6216011776,77.93,United States
918,Andersen Group,ANDG,6213235200,54.99,United States
919,Amdocs,DOX,6191809536,59.3,United States
920,EnPro Industries,NPO,6191546368,292.5,United States
921,Campbell's,CPB,6169887232,20.69,United States
922,Ingredion,INGR,6138017280,97.33,United States
923,Ingram Micro Holding Corporation,INGM,6135084032,26.67,United States
924,MiniMed Group,MMED,6130614784,21.79,United States
925,Terns Pharmaceuticals,TERN,6116845568,52.95,United States
926,Sensata Technologies,ST,6105229312,41.95,United States
927,POOLCORP,POOL,6103792128,167.96,United States
928,MGIC Investment,MTG,6090156544,29.69,United States
929,Joby Aviation,JOBY,6082511360,6.12,United States
930,Qualys,QLYS,6052741632,174.96,United States
931,Caesars Entertainment,CZR,6039960576,29.64,United States
932,Loar Holdings,LOAR,6036348416,64.43,United States
933,CAVA Group,CAVA,6031872000,51.64,United States
934,Rayonier,RYN,6026885632,20.14,United States
935,TXNM Energy,TXNM,6022014464,58.44,United States
936,Hancock Whitney,HWC,6012717568,74.95,United States
937,Credit Acceptance,CACC,6002985472,578.29,United States
938,RingCentral,RNG,6000752640,71.86,United States
939,Fannie Mae,FNMA,5998893568,5.18,United States
940,Albertsons,ACI,5993772544,12.35,United States
941,Commvault,CVLT,5990396928,144.54,United States
942,Liquidia Corporation,LQDA,5986354176,66.88,United States
943,Ormat Technologies,ORA,5986112000,97.34,United States
944,RadNet,RDNT,5981029888,76.0,United States
945,StepStone Group,STEP,5977877504,46.31,United States
946,Planet Labs,PL,5974384128,16.42,United States
947,Mirum Pharmaceuticals,MIRM,5962724352,91.83,United States
948,Home BancShares,HOMB,5959478784,29.79,United States
949,Cirrus Logic,CRUS,5954968576,118.82,United States
950,Kodiak Gas Services,KGS,5937839616,58.73,United States
951,Travere Therapeutics,TVTX,5915825152,62.76,United States
952,LKQ Corporation,LKQ,5894948352,23.3,United States
953,EPAM Systems,EPAM,5880915968,114.0,United States
954,Hamilton Lane,HLNE,5880516096,87.74,United States
955,Weatherford International,WFRD,5866137600,82.03,United States
956,Crocs,CROX,5860806144,122.24,United States
957,Glacier Bancorp,GBCI,5816567808,44.67,United States
958,BGC Group,BGC,5810201088,12.22,United States
959,Essential Properties Realty Trust,EPRT,5800625152,26.75,United States
960,Core Scientific,CORZ,5780914688,17.99,United States
961,Landstar System,LSTR,5779118592,170.29,United States
962,USA Rare Earth,USAR,5769786368,15.37,United States
963,Pegasystems,PEGA,5762393088,35.05,United States
964,Abercrombie &amp; Fitch,ANF,5760890880,135.76,United States
965,MarketAxess,MKTX,5751222272,163.42,United States
966,Macy's,M,5730215424,21.94,United States
967,Schneider National,SNDR,5716562432,32.61,United States
968,Lyft,LYFT,5715957760,15.1,United States
969,Rush Enterprises,RUSHA,5710451712,48.92,United States
970,Churchill Downs,CHDN,5709147136,81.91,United States
971,JBT Marel Corporation,JBTM,5706449920,110.0,United States
972,Rush Street Interactive,RSI,5690955264,23.3,United States
973,e.l.f. Beauty,ELF,5690731520,96.44,United States
974,Scholar Rock Holding,SRRK,5681283584,46.65,United States
975,Mercury General,MCY,5677888512,102.51,United States
976,Starwood Property Trust,STWD,5673747968,14.94,United States
977,Casella Waste Systems,CWST,5668419072,89.07,United States
978,Ligand Pharmaceuticals,LGND,5651545088,283.49,United States
979,Ameris Bancorp,ABCB,5603454464,83.5,United States
980,Associated Banc-Corp,ASB,5601281024,29.66,United States
981,SAIC (Science Applications International Corp),SAIC,5580346368,133.19,United States
982,Atlantic Union Bankshares,AUB,5574065152,39.03,United States
983,Xometry,XMTR,5570704896,97.18,United States
984,AutoNation,AN,5563802624,168.29,United States
985,Navan,NAVN,5562368512,21.36,United States
986,Brookfield Renewable,BEPC,5556293120,29.93,United States
987,Portland General Electric,POR,5555789824,47.24,United States
988,Blue Owl Capital Corporation,OBDC,5543731200,11.17,United States
989,Impinj,PI,5537375744,181.23,United States
990,Archrock,AROC,5533673472,31.56,United States
991,Sensient Technologies,SXT,5516140544,129.6,United States
992,International Seaways,INSW,5505405440,111.15,United States
993,Argan,AGX,5469534208,389.85,United States
994,Cogent Biosciences,COGT,5466036736,31.5,United States
995,Varonis Systems,VRNS,5462765056,47.56,United States
996,PTC Therapeutics,PTCT,5455832576,65.37,United States
997,H&amp;R Block,HRB,5454516736,44.25,United States
998,RLI Corp.,RLI,5450396672,59.39,United States
999,Eagle Materials,EXP,5424011264,176.82,United States
1000,New Jersey Resources,NJR,5410270720,53.32,United States
1001,Dolby,DLB,5400006144,57.65,United States
1002,CVR Energy,CVI,5397487616,53.69,United States
1003,Frontdoor,FTDR,5393657344,78.29,United States
1004,Black Hills,BKH,5372033536,70.45,United States
1005,Murphy Oil,MUR,5359840256,37.39,United States
1006,SOLV Energy,MWH,5355152384,26.46,United States
1007,Construction Partners,ROAD,5353751552,94.33,United States
1008,Sotera Health,SHC,5345069568,18.73,United States
1009,EXL Service,EXLS,5329179648,35.15,United States
1010,Balchem,BCPC,5325223424,167.05,United States
1011,ServiceTitan,TTAN,5309593600,55.04,United States
1012,Boyd Gaming,BYD,5301665792,72.97,United States
1013,Teleflex,TFX,5276210688,124.52,United States
1014,Perimeter Solutions,PRM,5267445248,32.18,United States
1015,GXO Logistics,GXO,5266315264,45.92,United States
1016,Rigetti Computing,RGTI,5260195328,15.76,United States
1017,Phillips Edison &amp; Company,PECO,5256153600,37.16,United States
1018,Main Street Capital,MAIN,5254240256,56.19,United States
1019,Installed Building Products,IBP,5252842496,197.63,United States
1020,Materion,MTRN,5240306688,251.53,United States
1021,Rithm Capital,RITM,5221106176,9.35,United States
1022,Bank OZK,OZK,5220721152,47.88,United States
1023,Kite Realty,KRG,5218147840,25.43,United States
1024,Definium Therapeutics,DFTX,5214781440,38.81,United States
1025,Sphere Entertainment,SPHR,5214297088,145.19,United States
1026,Flagstar Bank,FLG,5209415168,12.55,United States
1027,PriceSmart,PSMT,5204936192,168.66,United States
1028,Red Rock Resorts,RRR,5192195072,50.91,United States
1029,"Calumet, Inc.",CLMT,5185995776,59.0,United States
1030,Liberty Broadband,LBRDA,5177567232,35.99,United States
1031,CLEAR Secure,YOU,5173525504,38.1,United States
1032,Erasca,ERAS,5165985792,14.77,United States
1033,Selective Insurance,SIGI,5164642304,86.7,United States
1034,First National of Nebraska,FINN,5161933312,19102.0,United States
1035,Parabilis Medicines,PBLS,5155042304,41.73,United States
1036,Granite Construction,GVA,5152186880,115.97,United States
1037,Axos Financial,AX,5150884352,90.79,United States
1038,Mercury Systems,MRCY,5128409088,85.28,United States
1039,MARA Holdings,MARA,5114602496,13.24,United States
1040,Piper Sandler,PIPR,5113701888,72.36,United States
1041,CNO Financial Group,CNO,5108104704,55.21,United States
1042,Virtu Financial,VIRT,5099364352,57.75,United States
1043,Merit Medical,MMSI,5097478656,85.37,United States
1044,Middleby,MIDD,5077564928,112.28,United States
1045,ACI Worldwide,ACIW,5075019776,50.27,United States
1046,BETA Technologies,BETA,5067048960,20.9,United States
1047,Wyndham Hotels &amp; Resorts,WH,5050808832,68.06,United States
1048,Sabra Health Care REIT,SBRA,5042834432,19.74,United States
1049,ADT,ADT,5040858624,6.9,United States
1050,Novanta,NOVT,5035057664,133.14,United States
1051,Floor &amp; Decor,FND,5034845696,47.28,United States
1052,VF Corporation,VFC,5028191232,12.79,United States
1053,BillionToOne,BLLN,4998051328,105.92,United States
1054,Vishay Intertechnology,VSH,4986356736,32.51,United States
1055,Fervo Energy Company,FRVO,4984445440,16.91,United States
1056,Celanese,CE,4983698944,45.41,United States
1057,Vail Resorts,MTN,4981567488,139.8,United States
1058,Laureate Education,LAUR,4976884736,36.13,United States
1059,Iridium Communications,IRDM,4956756992,46.77,United States
1060,Icahn Enterprises,IEP,4955078144,6.97,United States
1061,Global Business Travel Group,GBTG,4941652992,9.46,United States
1062,Eastern Bankshares,EBC,4935849472,21.6,United States
1063,Haemonetics,HAE,4931880448,108.4,United States
1064,Outfront Media,OUT,4928264192,27.98,United States
1065,Waystar,WAY,4920264192,25.66,United States
1066,VSE Corporation,VSEC,4906598912,174.83,United States
1067,Versant Media Group,VSNT,4896003584,35.18,United States
1068,CNX Resources,CNX,4865865728,32.89,United States
1069,Uranium Energy,UEC,4854697984,9.81,United States
1070,Graham Holdings,GHC,4842343936,1143.43,United States
1071,Sonoco,SON,4829054976,48.84,United States
1072,Nexstar Media Group,NXST,4822423040,156.53,United States
1073,California Resources Corporation,CRC,4802491904,54.07,United States
1074,The Cheesecake Factory,CAKE,4802398720,96.51,United States
1075,Millrose Properties,MRP,4793803776,28.87,United States
1076,Amentum,AMTM,4792325632,19.6,United States
1077,Hagerty,HGTY,4790099968,13.94,United States
1078,Parsons,PSN,4787017728,44.82,United States
1079,Delek US,DK,4783457792,78.12,United States
1080,LifeStance Health Group,LFST,4778537472,12.57,United States
1081,ACM Research,ACMR,4771666944,68.51,United States
1082,TFS Financial,TFSL,4739482624,16.9,United States
1083,UniFirst,UNF,4731181056,261.62,United States
1084,ONE Gas,OGS,4726163456,75.19,United States
1085,HASI (HA Sustainable Infrastructure Capita),HASI,4719650304,36.73,United States
1086,SLM Corporation (Sallie Mae),SLM,4718799872,25.1,United States
1087,Acushnet Holdings,GOLF,4704526336,80.55,United States
1088,First Financial Bankshares,FFIN,4702575616,32.81,United States
1089,ACADIA Pharmaceuticals,ACAD,4702217728,27.29,United States
1090,Greif,GEF,4701911040,82.71,United States
1091,Fortune Brands Innovations,FBIN,4700161024,39.4,United States
1092,CSW Industrials,CSW,4687310336,287.68,United States
1093,Gentex,GNTX,4685597184,22.24,United States
1094,Spire Inc.,SR,4683508224,79.23,United States
1095,Reynolds Consumer Products,REYN,4662696448,22.12,United States
1096,Cousins Properties,CUZ,4657299456,28.29,United States
1097,Doximity,DOCS,4654002688,26.11,United States
1098,Cactus Inc,WHD,4649807872,66.68,United States
1099,Iovance Biotherapeutics,IOVA,4642957312,10.25,United States
1100,Warrior Met Coal,HCC,4642887680,87.93,United States
1101,Remitly,RELY,4642231296,21.93,United States
1102,Radian Group,RDN,4631868928,35.01,United States
1103,"Box, Inc.",BOX,4626409984,33.72,United States
1104,Klaviyo,KVYO,4614894592,15.42,United States
1105,Oceaneering International,OII,4607227392,46.29,United States
1106,AXT Inc,AXTI,4592092160,70.03,United States
1107,Champion Homes,SKY,4591556608,84.59,United States
1108,Enphase Energy,ENPH,4577490432,34.64,United States
1109,EquipmentShare.com,EQPT,4568368640,18.03,United States
1110,Louisiana-Pacific,LPX,4567396864,65.32,United States
1111,Adaptive Biotechnologies,ADPT,4566036992,28.61,United States
1112,Jersey Mike's Subs,JMKE,4558893056,19.58,United States
1113,Insight Enterprises,NSIT,4546430464,154.91,United States
1114,AAR,AIR,4539989504,112.77,United States
1115,ServisFirst Bancshares,SFBS,4532351488,41.45,United States
1116,Alaska Airlines,ALK,4524390400,40.54,United States
1117,Concentra Group,CON,4523054080,35.47,United States
1118,Chefs' Warehouse,CHEF,4522245632,110.85,United States
1119,Herc Holdings,HRI,4521936896,135.26,United States
1120,Core Natural Resources,CNR,4520870400,91.08,United States
1121,Nelnet,NNI,4510713856,126.07,United States
1122,Rumble,RUM,4506914816,9.09,United States
1123,Ollie's Bargain Outlet,OLLI,4505078272,75.84,United States
1124,Patterson-UTI Energy,PTEN,4492713472,11.78,United States
1125,KBR,KBR,4480448000,35.54,United States
1126,Tutor Perini Corporation,TPC,4472249856,85.0,United States
1127,Fulton Financial,FULT,4467400704,23.4,United States
1128,Veradermics,MANE,4460029440,106.75,United States
1129,Webull,BULL,4451868672,8.25,United States
1130,Moelis &amp; Company,MC,4424851968,59.73,United States
1131,Paymentus,PAY,4412925440,35.04,United States
1132,HeartFlow,HTFL,4412896256,50.75,United States
1133,Choice Hotels International,CHH,4406238208,96.85,United States
1134,Brunswick Corporation,BC,4377066496,67.55,United States
1135,Brink's,BCO,4370130944,106.12,United States
1136,UFP Industries,UFPI,4368790016,79.2,United States
1137,International Bancshares Corp,IBOC,4368331776,70.24,United States
1138,Enova International,ENVA,4350243840,174.72,United States
1139,Trex,TREX,4348624896,42.69,United States
1140,MYR Group,MYRG,4348179968,279.28,United States
1141,EPR Properties,EPR,4345257984,56.72,United States
1142,Belden,BDC,4334553088,110.92,United States
1143,Covista Inc.,CVSA,4313399296,126.72,United States
1144,Tidewater,TDW,4313368064,86.69,United States
1145,Dave Inc.,DAVE,4309065216,337.82,United States
1146,Ondas Holdings,ONDS,4303129600,7.39,United States
1147,Integer Holdings,ITGR,4293149696,126.28,United States
1148,Alliance Laundry Holdings,ALH,4289868544,21.58,United States
1149,Tanger Inc.,SKT,4279599872,35.8,United States
1150,Griffon Corporation,GFF,4275687424,93.22,United States
1151,Federated Hermes,FHI,4263101952,57.1,United States
1152,Diodes Incorporated,DIOD,4253796096,92.37,United States
1153,Vontier,VNT,4239872000,31.36,United States
1154,Par Pacific Holdings,PARR,4226905856,84.37,United States
1155,Franklin Electric,FELE,4222637056,95.51,United States
1156,NorthWestern Energy,NWE,4212127232,68.47,United States
1157,Korn Ferry,KFY,4189028608,76.78,United States
1158,Primoris Services Corporation,PRIM,4184683008,77.13,United States
1159,OPENLANE Corporate,OPLN,4183334400,34.27,United States
1160,Geo Group,GEO,4180238080,31.76,United States
1161,Bread Financial,BFH,4169643008,108.53,United States
1162,Avis Budget Group,CAR,4158194176,117.71,United States
1163,United Community Bank,UCB,4154606848,34.69,United States
1164,Cathay General Bancorp,CATY,4152935168,62.25,United States
1165,Amylyx Pharmaceuticals,AMLX,4136376320,32.41,United States
1166,Americold,COLD,4133463552,14.41,United States
1167,Telephone and Data Systems,TDS,4132664576,35.9,United States
1168,Relay Therapeutics,RLAY,4128628480,18.84,United States
1169,Texas Capital Bancshares,TCBI,4125717504,94.9,United States
1170,Meritage Homes,MTH,4122261248,63.25,United States
1171,Indivior PLC,INDV,4116954112,34.88,United States
1172,Seaboard Corporation,SEB,4092025856,4272.34,United States
1173,Helmerich &amp; Payne,HP,4088502272,40.91,United States
1174,Neptune Insurance Holdings,NP,4088173824,29.79,United States
1175,Broadstone Net Lease,BNL,4087614976,19.2,United States
1176,Excelerate Energy,EE,4084743936,36.02,United States
1177,Cavco Industries,CVCO,4083379968,531.04,United States
1178,CECO Environmental,CECO,4069432064,69.48,United States
1179,Bill.com,BILL,4056616704,47.57,United States
1180,Cinemark Theatres,CNK,4055756032,34.99,United States
1181,Archer Aviation,ACHR,4050341120,5.26,United States
1182,WSFS Financial,WSFS,4049374464,78.8,United States
1183,ESAB,ESAB,4035109888,64.94,United States
1184,Kilroy Realty,KRC,4020058624,34.23,United States
1185,Cabot Corporation,CBT,3998305280,77.44,United States
1186,SL Green Realty,SLG,3996006144,52.08,United States
1187,CVB Financial,CVBF,3995142144,22.7,United States
1188,AZZ,AZZ,3988435200,132.72,United States
1189,COPT Defense Properties,CDP,3982732544,34.38,United States
1190,Workiva,WK,3982198528,73.18,United States
1191,Itron,ITRI,3960073984,90.44,United States
1192,SiteOne Landscape Supply,SITE,3949503488,90.47,United States
1193,Celcuity Inc.,CELC,3944401152,80.61,United States
1194,Brady Corporation,BRC,3944224000,84.1,United States
1195,Grand Canyon Education,LOPE,3942857984,151.27,United States
1196,Silgan Holdings,SLGN,3930313984,37.19,United States
1197,Mirion Technologies,MIR,3924912128,15.76,United States
1198,Sezzle,SEZL,3924823296,116.55,United States
1199,MDU Resources,MDU,3904085760,18.56,United States
1200,Tenable,TENB,3902259712,35.43,United States
1201,FTI Consulting,FCN,3898202112,141.18,United States
1202,Pattern Group,PTRN,3896418304,19.57,United States
1203,Independent Bank Corp.,INDB,3895634688,82.24,United States
1204,USA Compression Partners,USAC,3894627840,26.87,United States
1205,Travel + Leisure,TNL,3869963776,63.15,United States
1206,Century Aluminum,CENX,3861728256,39.01,United States
1207,CCC Intelligent Solutions,CCC,3857915392,6.55,United States
1208,MIAX (Miami International Holdings),MIAX,3849166592,38.79,United States
1209,Badger Meter,BMI,3848293888,132.76,United States
1210,Pulse Biosciences,PLSE,3842148864,53.87,United States
1211,Robert Half,RHI,3826285056,37.38,United States
1212,ICU Medical,ICUI,3817324288,152.65,United States
1213,Ionic Digital,IOND,3812975872,84.74,United States
1214,WaterBridge Infrastructure,WBI,3809858560,30.86,United States
1215,Fastly,FSLY,3800898048,23.86,United States
1216,Genworth Financial,GNW,3797403136,10.05,United States
1217,Cohen &amp; Steers,CNS,3794394880,73.79,United States
1218,Mattel,MAT,3788381952,13.26,United States
1219,WesBanco,WSBC,3775814656,39.37,United States
1220,Comstock Resources,CRK,3770087936,12.84,United States
1221,Planet Fitness,PLNT,3753778176,49.49,United States
1222,Envista,NVST,3750423552,23.35,United States
1223,SkyWest,SKYW,3742079744,96.375,United States
1224,Madison Square Garden Entertainment,MSGE,3738059264,79.02,United States
1225,Boot Barn Holdings,BOOT,3722612992,122.92,United States
1226,CleanSpark,CLSK,3716143104,14.47,United States
1227,Renasant Corp,RNST,3712849152,40.62,United States
1228,IDEAYA Biosciences,IDYA,3706161152,38.41,United States
1229,Avient,AVNT,3701801216,40.36,United States
1230,Synaptics,SYNA,3695760384,93.11,United States
1231,Apple Hospitality REIT,APLE,3678168576,15.58,United States
1232,Otter Tail,OTTR,3670379264,87.42,United States
1233,Tango Therapeutics,TNGX,3667275520,21.75,United States
1234,Q2,QTWO,3662091264,58.73,United States
1235,Tarsus Pharmaceuticals,TARS,3653962752,78.09,United States
1236,Lemonade,LMND,3644606720,47.09,United States
1237,Option Care Health,OPCH,3639781376,24.3,United States
1238,BancFirst,BANF,3638407936,108.29,United States
1239,St. Joe Company,JOE,3634440192,63.84,United States
1240,Dorman Products,DORM,3633482752,122.44,United States
1241,Kontoor Brands,KTB,3626814208,66.36,United States
1242,Enliven Therapeutics,ELVN,3623239168,49.45,United States
1243,GRAIL,GRAL,3607691520,80.77,United States
1244,Magnite,MGNI,3607117568,25.15,United States
1245,Palomar Holdings,PLMR,3604526592,136.0,United States
1246,iRhythm,IRTC,3603845376,109.33,United States
1247,Interparfums,IPAR,3603220480,112.51,United States
1248,Universal Display Corporation,OLED,3599203328,78.3,United States
1249,Howard Hughes Holdings,HHH,3596306176,60.22,United States
1250,Organon,OGN,3592497152,13.68,United States
1251,LXP Industrial Trust,LXP,3585191424,60.81,United States
1252,Atlanta Braves Holdings,BATRA,3583135232,55.84,United States
1253,Atmus Filtration Technologies,ATMU,3581227776,43.89,United States
1254,"ERock, Inc.",EROC,3577505024,13.09,United States
1255,Independence Realty Trust,IRT,3574539008,14.79,United States
1256,CorVel Corporation,CRVL,3570006016,70.67,United States
1257,First Interstate BancSystem,FIBK,3559627008,37.35,United States
1258,First Advantage,FA,3558736384,20.72,United States
1259,Marriott Vacations Worldwide,VAC,3543405824,103.02,United States
1260,Thor Industries,THO,3527927808,67.77,United States
1261,Nicolet Bankshares,NIC,3521281280,168.02,United States
1262,Firefly Aerospace,FLY,3510475264,20.97,United States
1263,M/I Homes,MHO,3510296064,138.84,United States
1264,Bath &amp; Body Works,BBWI,3508628224,17.4,United States
1265,WisdomTree,WT,3495384320,23.07,United States
1266,Bel Fuse,BELFB,3493913856,241.97,United States
1267,CoreCivic,CXW,3484017664,35.23,United States
1268,National Healthcare,NHC,3478552576,222.11,United States
1269,"GPGI, Inc.",GPGI,3472882944,11.98,United States
1270,Post Holdings,POST,3470350336,76.57,United States
1271,Ethos Technologies,LIFE,3450184448,36.0,United States
1272,PennyMac Financial Services,PFSI,3447506432,66.36,United States
1273,TowneBank,TOWN,3427574272,37.08,United States
1274,Legend Biotech,LEGN,3424941056,17.61,United States
1275,Mueller Water Products,MWA,3419152384,21.9,United States
1276,Highwoods Properties,HIW,3416879616,30.42,United States
1277,Valvoline,VVV,3412865536,26.76,United States
1278,Newmark,NMRK,3411618816,13.94,United States
1279,Mechanics Bancorp,MCHB,3409968128,15.4,United States
1280,Cal-Maine Foods,CALM,3404399616,72.89,United States
1281,NuScale Power,SMR,3393921536,8.27,United States
1282,American States Water,AWR,3391620352,85.57,United States
1283,PVH Corp.,PVH,3384209920,73.35,United States
1284,Viking Therapeutics,VKTX,3381768704,28.99,United States
1285,AllianceBernstein,AB,3379561216,36.31,United States
1286,Axcelis Technologies,ACLS,3375964160,109.32,United States
1287,NCR Atleos Corporation,NATL,3372656128,45.64,United States
1288,First Financial Bank,FFBC,3368052736,32.09,United States
1289,RXO,RXO,3341403392,20.26,United States
1290,Delek Logistics Partners,DKL,3335482112,57.71,United States
1291,National Health Investors,NHI,3329687552,67.8,United States
1292,Alliance Resource Partners,ARLP,3328403200,25.87,United States
1293,HNI Corporation,HNI,3328302848,46.11,United States
1294,Park National Corp,PRK,3312424960,183.37,United States
1295,Simmons First National,SFNC,3307920640,22.89,United States
1296,WillScot,WSC,3292239872,18.17,United States
1297,Asbury Automotive Group,ABG,3286277632,183.06,United States
1298,National Energy Services Reunited,NESR,3285750272,32.58,United States
1299,Stride (K12 Education),LRN,3279071744,78.9,United States
1300,Seacoast Banking,SBCF,3262928384,33.7,United States
1301,Community Financial System,CBU,3262185984,62.0,United States
1302,Curbline Properties,CURB,3259027200,28.33,United States
1303,United States Lime &amp; Minerals,USLM,3256129280,113.5,United States
1304,Golub Capital,GBDC,3256030976,12.54,United States
1305,IPG Photonics,IPGP,3256019200,76.55,United States
1306,Exponent,EXPO,3247397632,68.3,United States
1307,"Atlanta Braves Holdings, Inc.",BATRK,3244970496,50.57,United States
1308,Hercules Capital,HTGC,3243552000,17.33,United States
1309,The Vita Coco Company,COCO,3229976832,55.82,United States
1310,Life360,LIF,3228252160,39.62,United States
1311,NMI Holdings,NMIH,3226845696,42.9,United States
1312,Acadian Asset Management,AAMI,3220374016,90.74,United States
1313,Standex International,SXI,3208041472,261.21,United States
1314,Dana Incorporated,DAN,3206860800,29.81,United States
1315,Veracyte,VCYT,3199148800,39.795,United States
1316,UCT (Ultra Clean Holdings),UCTT,3198369280,70.64,United States
1317,Freshworks,FRSH,3196279296,12.25,United States
1318,Lionsgate Studios,LION,3195790848,10.74,United States
1319,Dyne Therapeutics,DYN,3195231488,17.11,United States
1320,Bright Horizons,BFAM,3193880320,65.67,United States
1321,Arcutis Biotherapeutics,ARQT,3190061824,25.38,United States
1322,Fermi Inc.,FRMI,3189527296,4.98,United States
1323,BankUnited,BKU,3189067776,44.77,United States
1324,Atkore,ATKR,3185475328,94.32,United States
1325,Arcus Biosciences,RCUS,3174514432,25.24,United States
1326,Chesapeake Utilities,CPK,3167106304,131.38,United States
1327,Ashland,ASH,3162489856,69.06,United States
1328,Liberty Energy,LBRT,3154490112,19.33,United States
1329,Black Stone Minerals,BSM,3152370688,14.82,United States
1330,Denali Therapeutics,DNLI,3152190720,19.72,United States
1331,OSI Systems,OSIS,3151886592,197.71,United States
1332,Kadant,KAI,3136029184,265.56,United States
1333,First Hawaiian Bank,FHB,3134511616,25.76,United States
1334,FS KKR Capital,FSK,3119881728,11.29,United States
1335,Energy Fuels,UUUU,3097850624,11.7,United States
1336,Baldwin Insurance Group,BWIN,3092055808,31.93,United States
1337,QuantumScape,QS,3091104000,5.025,United States
1338,Knife River Corporation,KNF,3090200576,54.44,United States
1339,TriNet,TNET,3088929792,67.29,United States
1340,Freddie Mac,FMCC,3087782912,4.75,United States
1341,Steve Madden,SHOO,3081487616,42.11,United States
1342,YETI Holdings,YETI,3080857088,42.21,United States
1343,Shift4 Payments,FOUR,3077865472,38.98,United States
1344,Array Digital Infrastructure,AD,3077785856,35.59,United States
1345,Polaris,PII,3076773632,54.07,United States
1346,Peabody Energy,BTU,3074317824,25.22,United States
1347,Aehr Test Systems,AEHR,3053340928,93.49,United States
1348,ScottsMiracle-Gro,SMG,3048413440,52.36,United States
1349,Knowles,KN,3036337152,35.55,United States
1350,Avista,AVA,3036040192,36.25,United States
1351,MBX Biosciences,MBX,3029751552,62.91,United States
1352,"F&G Annuities & Life, Inc.",FG,3024603392,23.1,United States
1353,Dynex Capital,DX,3022673152,12.18,United States
1354,Park Hotels &amp; Resorts,PK,3018061568,14.99,United States
1355,GeneDx Holdings,WGS,3015058688,101.1,United States
1356,Provident Financial Services,PFS,3007545344,23.06,United States
1357,Celldex Therapeutics,CLDX,3002969600,38.24,United States
1358,TransMedics Group,TMDX,2996625920,86.42,United States
1359,"Csquare, Inc.",CSQR,2994412544,17.97,United States
1360,Aveanna Healthcare,AVAH,2984033792,13.67,United States
1361,Infleqtion,INFQ,2981473792,13.23,United States
1362,DigitalBridge Group,DBRG,2977425152,15.88,United States
1363,ChronoScale,CHRN,2973916928,20.42,United States
1364,Academy Sports + Outdoors,ASO,2973644800,48.29,United States
1365,Centrus Energy,LEU,2970404864,145.23,United States
1366,Select Water Solutions,WTTR,2966007552,20.78,United States
1367,CBIZ,CBZ,2964435712,54.63,United States
1368,National Beverage,FIZZ,2958243584,31.6,United States
1369,CarGurus,CARG,2958130176,33.21,United States
1370,AtriCure,ATRC,2955331840,58.1,United States
1371,Freshpet,FRPT,2952687872,61.44,United States
1372,Bank of Hawaii,BOH,2944577536,74.64,United States
1373,Group 1 Automotive,GPI,2937874688,246.42,United States
1374,California Water Service Group,CWT,2929936640,47.38,United States
1375,Maximus,MMS,2928893184,55.94,United States
1376,Plug Power,PLUG,2920137984,2.09,United States
1377,Ambarella,AMBA,2919925248,66.15,United States
1378,ABM Industries,ABM,2917248256,49.77,United States
1379,Slide Insurance,SLDE,2914452480,24.95,United States
1380,Extreme Networks,EXTR,2911246592,22.31,United States
1381,Cushman &amp; Wakefield,CWK,2910449920,12.4,United States
1382,Columbia Sportswear,COLM,2909820928,56.84,United States
1383,Perpetua Resources,PPTA,2907226368,23.24,United States
1384,Banc of California,BANC,2902398208,18.32,United States
1385,KB Home,KBH,2888914432,47.12,United States
1386,ArcBest,ARCB,2877289728,128.73,United States
1387,DXP Enterprises,DXPE,2874706688,185.26,United States
1388,Brighthouse Financial,BHF,2872702720,49.95,United States
1389,SPS Commerce,SPSC,2870653952,79.74,United States
1390,"Strive Asset Management, LLC",ASST,2857610240,30.09,United States
1391,Guardian Pharmacy Services,GRDN,2849770240,44.99,United States
1392,Green Brick Partners,GRBK,2847738112,66.21,United States
1393,Talos Energy,TALO,2840082688,17.01,United States
1394,Wingstop Restaurants,WING,2835404288,104.08,United States
1395,Neogen,NEOG,2835377920,13.0,United States
1396,Tootsie Roll Industries,TR,2826130688,37.6,United States
1397,Astronics Corporation,ATRO,2826125568,65.71,United States
1398,Agilysys,AGYS,2824245504,100.13,United States
1399,Gulfport Energy,GPOR,2824113408,159.7,United States
1400,United Natural Foods,UNFI,2824045824,46.82,United States
1401,DNOW Inc.,DNOW,2818451968,15.59,United States
1402,Power Integrations,POWI,2815455232,50.39,United States
1403,Acadia Realty Trust,AKR,2810945536,19.28,United States
1404,Worthington Enterprises,WOR,2807418880,57.38,United States
1405,MGE Energy,MGEE,2796262144,74.08,United States
1406,AvePoint,AVPT,2790547968,13.19,United States
1407,Resideo Technologies,REZI,2789436416,18.37,United States
1408,Hyperliquid Strategies,PURR,2787531776,14.09,United States
1409,Precigen,PGEN,2785514240,7.78,United States
1410,CareDx,CDNA,2784853248,53.83,United States
1411,Warby Parker,WRBY,2781181184,22.5,United States
1412,NETSCOUT,NTCT,2778146304,38.21,United States
1413,Curaleaf,CURLF,2775807488,10.48,United States
1414,Liftoff Mobile,LFTO,2775343616,16.39,United States
1415,Braze,BRZE,2774867456,24.43,United States
1416,Intapp,INTA,2770468864,36.21,United States
1417,Hilton Grand Vacations,HGV,2766202368,35.59,United States
1418,Soleno Therapeutics,SLNO,2762888960,53.01,United States
1419,Graphic Packaging,GPK,2756426496,9.31,United States
1420,"Hayward Holdings, Inc.",HAYW,2755433472,12.99,United States
1421,Urban Edge Properties,UE,2755119616,20.01,United States
1422,"Lincoln International, Inc.",LCLN,2746912256,26.11,United States
1423,Digi International,DGII,2737198080,72.13,United States
1424,Adeia,ADEA,2737153280,24.82,United States
1425,Brookdale Senior Living,BKD,2734457344,11.45,United States
1426,Cohu,COHU,2733794560,57.75,United States
1427,Penguin Solutions,PENG,2731235840,53.3,United States
1428,The Marzetti Company,MZTI,2726916608,99.92,United States
1429,Immunome,IMNM,2722455808,23.97,United States
1430,Trustmark,TRMK,2719721728,46.71,United States
1431,McGrath RentCorp,MGRC,2708561920,110.89,United States
1432,Benchmark Electronics,BHE,2708363008,75.4,United States
1433,Harley-Davidson,HOG,2698599936,25.93,United States
1434,People Incorporated,PPLI,2694849536,36.19,United States
1435,Appian,APPN,2687467520,37.52,United States
1436,Teradata,TDC,2686769920,28.89,United States
1437,Redwire,RDW,2684920576,10.74,United States
1438,ManpowerGroup,MAN,2680580864,57.64,United States
1439,Grindr,GRND,2676837632,15.4,United States
1440,NBT Bancorp,NBTB,2676462592,51.51,United States
1441,Disc Medicine,IRON,2669454336,69.53,United States
1442,Northern Oil and Gas,NOG,2669055488,25.05,United States
1443,FB Financial,FBK,2666833408,53.36,United States
1444,H.B. Fuller,FUL,2657636096,49.41,United States
1445,Quaker Houghton,KWR,2657213184,154.42,United States
1446,Alarm.com,ALRM,2648908544,53.96,United States
1447,Boise Cascade,BCC,2640926464,75.69,United States
1448,Nurix Therapeutics,NRIX,2640206080,25.44,United States
1449,Acadia Healthcare,ACHC,2637530624,28.33,United States
1450,SoundHound AI,SOUN,2633585152,5.93,United States
1451,Braveheart Bio,BRVE,2629137920,29.2,United States
1452,Kyndryl,KD,2629066240,12.07,United States
1453,Crane NXT,CXT,2625371136,45.61,United States
1454,H2O America,HTO,2623165952,62.67,United States
1455,Callaway Golf Company,CALY,2622319616,14.69,United States
1456,First Bancorp,FBNC,2622298112,63.38,United States
1457,Customers Bancorp,CUBI,2621960704,77.61,United States
1458,Veeco,VECO,2607350528,42.72,United States
1459,Artisan Partners,APAM,2604149248,36.68,United States
1460,Axogen,AXGN,2595041024,44.23,United States
1461,Banner Bank,BANR,2591510016,70.73,United States
1462,Beacon Financial Corporation,BBT,2584049920,30.83,United States
1463,Maravai LifeSciences,MRVI,2581393152,6.97,United States
1464,Beam Therapeutics,BEAM,2577027328,24.95,United States
1465,Advance Auto Parts,AAP,2570019840,42.55,United States
1466,First Merchants Corporation,FRME,2566694144,40.87,United States
1467,NeoGenomics,NEO,2557946112,19.91,United States
1468,Hawkins,HWKN,2550939136,122.2,United States
1469,WD-40 Company,WDFC,2540479232,189.29,United States
1470,Privia Health Group,PRVA,2535524096,19.85,United States
1471,Ouster,OUST,2527537408,35.05,United States
1472,Visteon,VC,2525654528,94.61,United States
1473,American Eagle Outfitters,AEO,2523654400,15.06,United States
1474,Huron Consulting,HURN,2519041792,158.33,United States
1475,Diamondrock Hospitality Company,DRH,2513962496,12.24,United States
1476,BKV Corporation,BKV,2513786880,22.97,United States
1477,Ducommun,DCO,2510338304,166.25,United States
1478,Central Garden &amp; Pet,CENT,2506833664,40.05,United States
1479,First Busey,BUSE,2503733504,30.32,United States
1480,Skyward Specialty Insurance Group,SKWD,2499966464,56.31,United States
1481,Evolution Metals & Technologies,EMAT,2499638528,4.02,United States
1482,Structure Therapeutics,GPCR,2495844864,35.0,United States
1483,Viridian Therapeutics,VRDN,2492430080,22.0,United States
1484,Dorian LPG,LPG,2487812864,58.15,United States
1485,Opendoor,OPEN,2485993216,2.56,United States
1486,Four Corners Property Trust,FCPT,2482690048,22.62,United States
1487,Mineralys Therapeutics,MLYS,2477160960,28.02,United States
1488,Keel Infrastructure,KEEL,2476468736,4.01,United States
1489,Euronet Worldwide,EEFT,2469759488,66.03,United States
1490,Sunshine Silver Mining & Refining Company,SSMR,2469223168,17.18,United States
1491,Stock Yards Bancorp,SYBT,2465759744,79.37,United States
1492,McGraw Hill,MH,2460231424,12.86,United States
1493,Trump Media &amp; Technology Group,DJT,2459780352,8.85,United States
1494,Titan America,TTAM,2455852800,13.32,United States
1495,Kaiser Aluminum,KALU,2454489344,150.13,United States
1496,Vera Therapeutics,VERA,2450153472,34.0,United States
1497,Harmony Biosciences,HRMY,2447093248,42.02,United States
1498,Supernus Pharmaceuticals,SUPN,2445414144,42.0,United States
1499,Kayne Anderson Capital Advisors,KYN,2440488704,14.43,United States
1500,John Wiley &amp; Sons,WLY,2437896960,48.1,United States
1501,Upstart,UPST,2432826112,25.0,United States
1502,Five9,FIVN,2426273024,32.47,United States
1503,Alamar Biosciences,ALMR,2418337792,34.85,United States
1504,Payoneer,PAYO,2416006656,7.13,United States
1505,AMC Entertainment,AMC,2410032384,2.7,United States
1506,V2X,VVX,2408577280,76.84,United States
1507,InvenTrust Properties,IVT,2403295232,30.82,United States
1508,NextNav,NN,2400476928,14.22,United States
1509,Federal Agricultural Mortgage Corporation,AGM,2397908224,220.94,United States
1510,WaFd Bank,WAFD,2397233152,32.39,United States
1511,Restoration Hardware,RH,2395802112,126.54,United States
1512,Merchants Bancorp,MBIN,2391995648,52.07,United States
1513,ePlus,PLUS,2376837120,91.1,United States
1514,Clover Health Investments,CLOV,2368956928,4.46,United States
1515,"The Andersons, Inc.",ANDE,2364359680,69.59,United States
1516,Shake Shack,SHAK,2347849984,54.88,United States
1517,Ingevity,NGVT,2344573952,68.2,United States
1518,HCI Group,HCI,2334402048,187.67,United States
1519,Newell Brands,NWL,2333932032,5.48,United States
1520,SELLAS Life Sciences,SLS,2320356096,11.49,United States
1521,Rogers Corporation,ROG,2318774016,129.77,United States
1522,Pitney Bowes,PBI,2309970176,16.85,United States
1523,nLIGHT,LASR,2298377472,39.84,United States
1524,Innospec,IOSP,2294382080,93.15,United States
1525,LTC Properties,LTC,2294220800,42.56,United States
1526,Uniti,UNIT,2293752576,9.45,United States
1527,Nektar Therapeutics,NKTR,2290994688,67.1,United States
1528,LiveRamp,RAMP,2289539072,37.66,United States
1529,Helios Technologies,HLIO,2283145472,69.29,United States
1530,Kennametal,KMT,2274131200,29.77,United States
1531,Northwest Bancshares,NWBI,2263290112,15.46,United States
1532,StubHub Holdings,STUB,2261972480,5.92,United States
1533,PHINIA,PHIN,2250311424,61.42,United States
1534,Blackstone Mortgage Trust,BXMT,2236573440,13.27,United States
1535,Intuitive Machines,LUNR,2233496064,13.92,United States
1536,Trinity Industries,TRN,2230745600,28.0,United States
1537,Enterprise Financial Services Corp,EFSC,2229459200,61.6,United States
1538,nCino,NCNO,2225746432,21.05,United States
1539,Day One Biopharmaceuticals,DAWN,2224784640,21.53,United States
1540,Inspire Medical Systems,INSP,2219738624,76.78,United States
1541,OFG Bancorp,OFG,2218938624,52.5,United States
1542,Calix,CALX,2218851072,35.24,United States
1543,BioCryst Pharmaceuticals,BCRX,2218044672,8.68,United States
1544,Hilltop Holdings,HTH,2214120192,38.65,United States
1545,Alpha Metallurgical Resources,AMR,2208943360,174.22,United States
1546,PENN Entertainment,PENN,2208649984,16.45,United States
1547,Patrick Industries,PATK,2206845952,68.71,United States
1548,Generate Biomedicines,GENB,2199960576,17.14,United States
1549,Applied Aerospace &amp; Defense,AADX,2199741440,12.76,United States
1550,Ocular Therapeutix,OCUL,2193962496,9.99,United States
1551,Voyager Technologies,VOYG,2189112320,35.87,United States
1552,PC Connection,CNXN,2187638528,86.68,United States
1553,Addus HomeCare,ADUS,2186200320,117.07,United States
1554,Peloton,PTON,2181192704,4.97,United States
1555,Asana,ASAN,2177505792,9.51,United States
1556,Monarch Casino &amp; Resort,MCRI,2177048576,121.47,United States
1557,Schrödinger,SDGR,2170859520,29.02,United States
1558,FIGS,FIGS,2169791488,13.06,United States
1559,Palvella Therapeutics,PVLA,2169329664,150.56,United States
1560,Chemours,CC,2158155520,14.34,United States
1561,Diebold Nixdorf,DBD,2145424384,63.2,United States
1562,UFP Technologies,UFPT,2143182592,276.69,United States
1563,Coty,COTY,2140068224,2.43,United States
1564,Werner Enterprises,WERN,2139385088,35.67,United States
1565,Allegiant Travel Company,ALGT,2136719104,78.16,United States
1566,First Commonwealth Financial Corp,FCF,2132280064,21.1,United States
1567,Trulieve Cannabis,TRLV,2131696896,11.07,United States
1568,Prestige Consumer Healthcare,PBH,2130432256,44.97,United States
1569,Trevi Therapeutics,TRVI,2130013824,14.95,United States
1570,Sarepta Therapeutics,SRPT,2124159488,20.11,United States
1571,Custom Truck One Source,CTOS,2122626688,9.33,United States
1572,UroGen Pharma,URGN,2114084352,43.25,United States
1573,Encore Capital Group,ECPG,2111180288,99.54,United States
1574,Flywire,FLYW,2109717504,17.34,United States
1575,Pediatrix Medical Group,MD,2106897408,25.93,United States
1576,Protolabs,PRLB,2099146368,87.75,United States
1577,Butterfly Network,BFLY,2098327296,7.88,United States
1578,DoubleVerify,DV,2086132864,13.46,United States
1579,Whirlpool,WHR,2084424064,31.97,United States
1580,Minerals Technologies,MTX,2083448064,66.93,United States
1581,Progyny,PGNY,2081598080,27.13,United States
1582,LCI Industries,LCII,2081065088,85.6,United States
1583,ARMOUR Residential REIT,ARR,2077998720,14.68,United States
1584,Buckle,BKE,2075435904,40.29,United States
1585,Target Hospitality,TH,2075133056,21.19,United States
1586,1st Source,SRCE,2068147200,85.88,United States
1587,Standard Nuclear,STDN,2063048192,12.84,United States
1588,Under Armour,UA,2061818624,4.8,United States
1589,Douglas Emmett,DEI,2061075968,10.25,United States
1590,SharonAI Holdings,SHAZ,2060849792,57.56,United States
1591,Biohaven,BHVN,2057216256,13.62,United States
1592,Kodiak Sciences,KOD,2055805696,32.71,United States
1593,Nuvation Bio,NUVB,2054070912,5.85,United States
1594,Recursion Pharmaceuticals,RXRX,2053918208,3.83,United States
1595,Zenas BioPharma,ZBIO,2053066752,31.5,United States
1596,Sunstone Hotel Investors,SHO,2052820992,11.04,United States
1597,Ichor Systems,ICHR,2052491648,54.8,United States
1598,Utz Brands,UTZ,2050021760,14.24,United States
1599,Vericel,VCEL,2049288832,40.02,United States
1600,"The Bancorp, Inc.",TBBK,2048721408,50.23,United States
1601,Select Medical Holdings,SEM,2046298112,16.51,United States
1602,Alkami Technology,ALKT,2045800064,19.13,United States
1603,ADMA Biologics,ADMA,2040500224,9.11,United States
1604,NGL Energy Partners,NGL,2036981760,16.3201,United States
1605,Perdoceo Education,PRDO,2036883072,32.55,United States
1606,Pebblebrook Hotel Trust,PEB,2035682816,18.04,United States
1607,Sunrun,RUN,2034825344,8.53,United States
1608,NW Natural Holdings,NWN,2034801536,48.34,United States
1609,Sharplink,SBET,2031040768,9.35,United States
1610,Medical Properties Trust,MPT,2030480000,3.4,United States
1611,Global Net Lease,GNL,2028657664,8.77,United States
1612,Alamo Group,ALG,2028291200,166.65,United States
1613,Driven Brands,DRVN,2025952000,12.28,United States
1614,Preformed Line Products,PLPC,2016002560,412.38,United States
1615,Innovex International,INVX,2014151680,28.8,United States
1616,Thermon Group,THR,2013932928,61.14,United States
1617,Sonic Automotive,SAH,2012598272,63.66,United States
1618,City Holding Company,CHCO,2012387072,143.21,United States
1619,UWM Holdings,UWMC,2008144640,1.25,United States
1620,Hub Group,HUBG,2000942976,32.72,United States
1621,Hycroft Mining,HYMC,1994087936,21.4,United States
1622,Stagwell,STGW,1985140736,8.12,United States
1623,Spectrum Brands,SPB,1981530496,86.17,United States
1624,Neutron Holdings (Lime),LIME,1980962432,30.94,United States
1625,"Interface, Inc.",TILE,1980243712,34.26,United States
1626,TIC Solutions,TIC,1977076480,9.06,United States
1627,Agios Pharmaceuticals,AGIO,1974341120,33.07,United States
1628,Ziff Davis,ZD,1971171584,57.49,United States
1629,Quantum Computing,QUBT,1969217664,8.7,United States
1630,Innodata,INOD,1964624768,57.14,United States
1631,Horace Mann Educators,HMN,1959441152,48.38,United States
1632,Centuri Holdings,CTRI,1953635200,19.35,United States
1633,Goosehead Insurance,GSHD,1949518336,54.55,United States
1634,Blackbaud,BLKB,1944965504,42.85,United States
1635,Bob's Discount Furniture,BOBS,1942009856,14.86,United States
1636,Rapport Therapeutics,RAPP,1940721792,40.45,United States
1637,Vertex,VERX,1940127104,11.96,United States
1638,Gorman-Rupp,GRC,1934550400,73.25,United States
1639,Stewart Information Services,STC,1927782144,63.16,United States
1640,Western Union,WU,1927411968,6.18,United States
1641,Hemab Therapeutics Holdings,COAG,1924071936,41.19,United States
1642,Insperity,NSP,1921604224,50.31,United States
1643,Olin Corporation,OLN,1919465088,16.84,United States
1644,Midera Food Processing,MFP,1915057536,42.34,United States
1645,Blue Bird Corporation,BLBD,1912403328,60.43,United States
1646,Dentsply Sirona,XRAY,1901835904,9.54,United States
1647,A10 Networks,ATEN,1898725888,26.15,United States
1648,Fortrea,FTRE,1895342976,19.93,United States
1649,EZCorp,EZPW,1883239424,30.65,United States
1650,Kimbell Royalty Partners,KRP,1878833792,14.62,United States
1651,Kohl's,KSS,1876380160,16.55,United States
1652,PDF Solutions,PDFS,1869821056,44.28,United States
1653,"Happen, Inc.",HAPN,1867292800,16.18,United States
1654,Mach Natural Resources LP,MNR,1858132352,11.13,United States
1655,Netstreit,NTST,1852071296,18.17,United States
1656,Expro Group,XPRO,1849266944,16.46,United States
1657,German American Bancorp,GABC,1846246912,49.13,United States
1658,Republic Bank,RBCAA,1842468736,93.84,United States
1659,World Kinect,WKC,1838900736,35.95,United States
1660,Sonida Senior Living,SNDA,1838796672,38.27,United States
1661,Xencor,XNCR,1838016000,24.72,United States
1662,Sonos,SONO,1837105408,15.53,United States
1663,Getty Realty,GTY,1835685248,29.64,United States
1664,Stoke Therapeutics,STOK,1834481024,28.43,United States
1665,NextDecade Corp,NEXT,1828693888,6.87,United States
1666,Vestis,VSTS,1826452608,13.82,United States
1667,National Bank Holdings,NBHC,1824785280,40.97,United States
1668,Enerpac Tool Group,EPAC,1822566400,35.36,United States
1669,Weis Markets,WMK,1819099008,73.515,United States
1670,Lindblad Expeditions,LIND,1807166208,27.54,United States
1671,Septerna,SEPN,1805931008,38.69,United States
1672,Porch Group,PRCH,1804965376,15.9,United States
1673,LeMaitre Vascular,LMAT,1803698304,78.87,United States
1674,SmartStop Self Storage REIT,SMA,1803365248,32.57,United States
1675,Dime Community Bancshares,DCOM,1798498176,40.73,United States
1676,Biolife Solutions,BLFS,1794996992,36.69,United States
1677,Vir Biotechnology,VIR,1793689216,10.6,United States
1678,Genesis Energy  L.P.,GEL,1790439680,14.65,United States
1679,Hope Bancorp,HOPE,1783276032,13.96,United States
1680,ACV Auctions,ACVA,1779587584,10.48,United States
1681,Securitize Corp.,SECZ,1773065216,10.86,United States
1682,Strategic Education,STRA,1773051520,79.84,United States
1683,Live Oak Bank,LOB,1770348416,38.25,United States
1684,S&amp;T Bancorp,STBA,1769269632,50.17,United States
1685,Tyra Biosciences,TYRA,1769090176,25.73,United States
1686,Boston Beer Company,SAM,1765743744,171.57,United States
1687,Soho House & Co,SHCO,1758889344,8.99,United States
1688,Xenia Hotels &amp; Resorts,XHR,1753009024,17.72,United States
1689,Personalis,PSNL,1751517824,16.4,United States
1690,Amplitude,AMPL,1750574080,13.2,United States
1691,ANI Pharmaceuticals,ANIP,1748962560,76.14,United States
1692,Surgery Partners,SGRY,1734666880,13.25,United States
1693,Alignment Healthcare,ALHC,1732083584,8.35,United States
1694,FirstSun Capital Bancorp,FSUN,1729007488,39.34,United States
1695,OceanFirst Financial,OCFC,1727050112,17.87,United States
1696,DXC Technology,DXC,1722414208,10.78,United States
1697,Century Communities,CCS,1721043456,60.53,United States
1698,Albany International,AIN,1719575296,60.61,United States
1699,Photronics,PLAB,1717407616,29.11,United States
1700,TriCo Bancshares,TCBK,1713731072,53.61,United States
1701,IDT Corporation,IDT,1712698240,68.87,United States
1702,Allient,ALNT,1707979392,100.49,United States
1703,Sixth Street Specialty Lending,TSLX,1706642048,17.9,United States
1704,Astrana Health,ASTH,1704406144,34.36,United States
1705,American Assets Trust,AAT,1703007360,21.95,United States
1706,Intellia Therapeutics,NTLA,1701138048,12.14,United States
1707,Concentrix,CNXC,1700581504,27.87,United States
1708,Worthington Steel,WS,1698050944,33.33,United States
1709,Byline Bancorp,BY,1695394560,37.52,United States
1710,Hawaiian Electric Industries,HE,1692734464,9.8,United States
1711,Atlas Energy Solutions,AESI,1692470656,13.55,United States
1712,Bank First,BFC,1687451136,152.22,United States
1713,C3 AI,AI,1684972800,10.48,United States
1714,CBL Properties,CBL,1681429376,54.34,United States
1715,Sila Realty Trust,SILA,1677119744,30.36,United States
1716,Novavax,NVAX,1667601280,10.11,United States
1717,CTS Corporation,CTS,1664826240,58.3,United States
1718,Kailera Therapeutics,KLRA,1663328384,12.83,United States
1719,Global Partners LP,GLP,1657923072,48.98,United States
1720,Origin Bancorp,OBK,1657553152,53.73,United States
1721,Absci,ABSI,1656075136,9.65,United States
1722,RLJ Lodging Trust,RLJ,1652454016,10.79,United States
1723,Evertec,EVTC,1652157824,27.65,United States
1724,Jetblue Airways,JBLU,1648854272,4.37,United States
1725,Liberty Latin America,LILA,1647518976,8.41,United States
1726,Progress Software,PRGS,1645029248,40.11,United States
1727,Central Securities,CET,1638802176,55.46,United States
1728,QCR Holdings,QCRH,1637233920,99.98,United States
1729,Taysha Gene Therapies,TSHA,1635684352,5.02,United States
1730,BlackLine,BL,1635645056,28.14,United States
1731,AnaptysBio,ANAB,1634388096,55.2,United States
1732,Ellington Financial,EFC,1633665664,12.44,United States
1733,Kosmos Energy,KOS,1625681408,2.73,United States
1734,Marqeta,MQ,1620818816,15.57,United States
1735,Bandwidth,BAND,1616440960,50.23,United States
1736,Lucid Motors,LCID,1611747072,4.09,United States
1737,Distribution Solutions Group,DSGR,1611076480,34.83,United States
1738,Inhibrx Biosciences,INBX,1609376128,109.35,United States
1739,SkyWater Technology,SKYT,1597181312,32.46,United States
1740,Huntsman Corporation,HUN,1594191744,9.09,United States
1741,HawkEye 360,HAWK,1593899520,16.27,United States
1742,Green Thumb Industries,GTII.CN,1593292484,7.28899,United States
1743,ConnectOne Bancorp,CNOB,1589603456,31.59,United States
1744,Lyntris Inc.,LYNX,1587347072,13.69,United States
1745,Eton Pharmaceuticals,ETON,1586364032,55.5,United States
1746,Trinity Capital,TRIN,1584719104,17.63,United States
1747,Ambiq Micro,AMBQ,1583119744,65.46,United States
1748,Pathward Financial,CASH,1582306944,76.17,United States
1749,Wealthfront Corporation,WLTH,1577382144,10.1,United States
1750,Syndax Pharmaceuticals,SNDX,1573414784,17.62,United States
1751,ADI Global Distribution,ADIG,1571610240,20.7,United States
1752,Ingles Markets,IMKTA,1571594624,82.74,United States
1753,P3 Health Partners,PIII,1563054464,7.67,United States
1754,Helix Energy Solutions,HLX,1562253952,10.6,United States
1755,Kemper,KMPR,1558989696,26.48,United States
1756,"Kardigan, Inc.",KARD,1555901440,16.64,United States
1757,ARKO Petroleum,APC,1553971584,18.82,United States
1758,Wolverine World Wide,WWW,1553515776,18.93,United States
1759,United Parks &amp; Resorts,PRKS,1550219264,34.19,United States
1760,i-80 Gold,IAUX,1549964032,1.79,United States
1761,Global Industrial Company,GIC,1538814848,40.38,United States
1762,Innovative Industrial Properties,IIPR,1533518336,55.62,United States
1763,ICF International,ICFI,1528146176,85.21,United States
1764,Innoviva,INVA,1527269632,21.14,United States
1765,Kennedy Wilson,KW,1521191808,10.92,United States
1766,Safety Insurance,SAFT,1519576704,103.51,United States
1767,Vistance Networks,VISN,1515215616,6.57,United States
1768,Anterix,ATEX,1509757440,76.99,United States
1769,Triumph Financial,TFIN,1505833728,63.02,United States
1770,Bicara Therapeutics,BCAX,1498155264,22.64,United States
1771,Agilon Health,AGL,1497104384,89.16,United States
1772,Latigo Biotherapeutics,LTGO,1495050240,22.55,United States
1773,Xeris Pharmaceuticals,XERS,1495026432,8.2,United States
1774,Capital Southwest Corporation,CSWC,1492647168,23.42,United States
1775,Exzeo Group,XZO,1491822848,16.56,United States
1776,Esquire Financial Holdings,ESQ,1491284608,123.2,United States
1777,InnovAge,INNV,1490049536,10.92,United States
1778,Boxabl Inc.,BXBL,1486657792,4.21,United States
1779,Lakeland Financial Corp,LKFN,1484013056,59.7,United States
1780,Sally Beauty Holdings,SBH,1478295936,15.79,United States
1781,Ardent Health,ARDT,1478161024,10.48,United States
1782,Healthcare Services Group,HCSG,1473533312,21.47,United States
1783,Revolve Group,RVLV,1468624896,20.66,United States
1784,Omnicell,OMCL,1465785216,32.23,United States
1785,Energizer Holdings,ENR,1464180224,21.38,United States
1786,American Superconductor Corporation,AMSC,1462468352,30.19,United States
1787,Dorchester Minerals,DMLP,1462433152,29.79,United States
1788,J&amp;J Snack Foods,JJSF,1456605056,77.97,United States
1789,Azenta,AZTA,1456190976,33.24,United States
1790,Kestra Medical Technologies,KMTS,1455094656,24.43,United States
1791,Goodyear,GT,1453888768,5.05,United States
1792,FuelCell Energy,FCEL,1447970432,18.11,United States
1793,Corsair Gaming,CRSR,1447407744,13.38,United States
1794,Coursera,COUR,1443247488,5.04,United States
1795,KalVista Pharmaceuticals,KALV,1437504000,27.0,United States
1796,REX American Resources,REX,1434182912,43.23,United States
1797,Eos Energy Enterprises,EOSE,1432281856,3.96,United States
1798,Ultragenyx Pharmaceutical,RARE,1430524544,14.51,United States
1799,Nutex Health,NUTX,1429788288,208.79,United States
1800,Tompkins Financial,TMP,1428797696,99.34,United States
1801,ArriVent BioPharma,AVBP,1424993280,28.9,United States
1802,Arlo Technologies,ARLO,1424800128,13.24,United States
1803,MillerKnoll,MLKN,1420025088,20.66,United States
1804,CVR Partners,UAN,1419713792,134.32,United States
1805,WEBTOON Entertainment,WBTN,1419537792,10.46,United States
1806,Amalgamated Financial,AMAL,1417267072,47.4,United States
1807,Peoples Bancorp,PEBO,1415767808,39.39,United States
1808,Sylvamo,SLVM,1414271872,35.57,United States
1809,PROG Holdings,PRG,1413226240,35.48,United States
1810,Atlanticus,ATLC,1411116928,93.02,United States
1811,Burke & Herbert Financial Services,BHRB,1411073536,69.9,United States
1812,Stepan Company,SCL,1405500544,61.88,United States
1813,Phibro Animal Health,PAHC,1403191552,34.56,United States
1814,Westamerica Bancorporation,WABC,1402846976,60.7,United States
1815,Dauch Corporation,DCH,1399491072,5.89,United States
1816,United Fire Group,UFCS,1398118912,54.39,United States
1817,Avalyn Pharma,AVLN,1397379200,31.52,United States
1818,Damora Therapeutics,DMRA,1394605440,22.59,United States
1819,Olaplex,OLPX,1391282176,2.07,United States
1820,Amprius Technologies,AMPX,1387765888,9.5,United States
1821,Hillman Solutions,HLMN,1387105792,7.13,United States
1822,Savers Value Village,SVV,1385240448,9.04,United States
1823,The Pennant Group,PNTG,1383889792,39.62,United States
1824,Community Trust Bancorp,CTBI,1379492736,75.93,United States
1825,Boost Run,BRUN,1372748160,17.27,United States
1826,EverCommerce,EVCM,1372689024,7.77,United States
1827,Turning Point Brands,TPB,1366133504,68.14,United States
1828,TriMas,TRS,1366077056,38.08,United States
1829,Fluence Energy,FLNC,1360856704,7.32,United States
1830,CONMED,CNMD,1360385664,45.42,United States
1831,Wolfspeed,WOLF,1354493184,25.59,United States
1832,MasterBrand,MBC,1347107072,6.62,United States
1833,Liquidity Services,LQDT,1343499776,42.88,United States
1834,Everforth,EFOR,1343159936,32.76,United States
1835,BigBear.ai,BBAI,1342584576,2.8,United States
1836,Pursuit Attractions and Hospitality,PRSU,1341171072,48.86,United States
1837,Frontier Airlines,ULCC,1339855872,5.82,United States
1838,UMH Properties,UMH,1336257536,15.69,United States
1839,National Vision Holdings,EYE,1334294656,16.875,United States
1840,Newsmax,NMAX,1332937856,10.32,United States
1841,First Mid Bancshares,FMBH,1329563520,49.98,United States
1842,Forestar Group,FOR,1327478656,26.02,United States
1843,AMN Healthcare Services,AMN,1326889472,34.26,United States
1844,ORIC Pharmaceuticals,ORIC,1325717504,12.79,United States
1845,Ategrity Specialty Insurance Company,ASIC,1323262464,27.61,United States
1846,HBT Financial,HBT,1309525632,36.01,United States
1847,"RPC, Inc.",RES,1298910080,5.86,United States
1848,Walker &amp; Dunlop,WD,1296483328,37.77,United States
1849,Cullinan Therapeutics,CGEM,1295535616,21.08,United States
1850,The Greenbrier Companies,GBX,1293897600,41.82,United States
1851,Omeros Corporation,OMER,1293579392,17.87,United States
1852,NAPCO Security Technologies,NSSC,1292313600,36.13,United States
1853,"Suncrete, Inc.",RMIX,1291677184,13.23,United States
1854,ProAssurance,PRA,1290193152,25.0,United States
1855,Digital Turbine,APPS,1290033152,10.66,United States
1856,ProPetro,PUMP,1287194624,10.48,United States
1857,Wendy’s,WEN,1285115264,6.74,United States
1858,Certara,CERT,1284376576,8.42,United States
1859,Two Harbors Investment,TWO,1280541440,12.18,United States
1860,Shoals Technologies,SHLS,1279079680,7.6,United States
1861,Hudson Pacific Properties,HPP,1276124288,11.51,United States
1862,MeiraGTx,MGTX,1272569600,13.25,United States
1863,Old Second Bancorp,OSBC,1271384192,24.99,United States
1864,BJ's Restaurants,BJRI,1266639872,59.54,United States
1865,Oil-Dri Corporation Of America,ODC,1266570240,87.42,United States
1866,Vor Biopharma,VOR,1266073088,21.4,United States
1867,FMC Corporation,FMC,1263538816,10.09,United States
1868,"Alexander's, Inc.",ALX,1262266752,247.15,United States
1869,Perella Weinberg Partners,PWP,1261388288,12.96,United States
1870,Ameresco,AMRC,1260322560,23.75,United States
1871,Flowers Foods,FLO,1259621120,5.94,United States
1872,Ryerson,RYZ,1259580288,24.27,United States
1873,Leggett &amp; Platt,LEG,1256618752,9.2,United States
1874,Edgewell Personal Care,EPC,1252696704,27.18,United States
1875,Maze Therapeutics,MAZE,1250967296,22.52,United States
1876,Omada Health,OMDA,1250657280,20.43,United States
1877,Six Flags,FUN,1250305408,12.22,United States
1878,Preferred Bank,PFBC,1249555456,105.42,United States
1879,Seneca Foods,SENEA,1248133760,184.35,United States
1880,OPKO Health,OPK,1246368128,1.67,United States
1881,"Harrow, Inc.",HROW,1240098048,33.08,United States
1882,Sprinklr,CXM,1237473280,5.33,United States
1883,Bristow Group,VTOL,1236960640,41.73,United States
1884,XPEL,XPEL,1233790976,44.75,United States
1885,Oppenheimer Holdings,OPY,1233240960,115.17,United States
1886,Herbalife,HLF,1232629376,11.89,United States
1887,Replimune,REPL,1231450624,13.07,United States
1888,"U.S. Physical Therapy, Inc.",USPH,1230674944,82.47,United States
1889,Gibraltar Industries,ROCK,1230673152,41.49,United States
1890,American Bitcoin Corp,ABTC,1230379136,10.1,United States
1891,Universal Insurance Holdings,UVE,1228988544,44.16,United States
1892,T1 Energy,TE,1228177920,4.17,United States
1893,Genco Shipping &amp; Trading,GNK,1218681344,27.96,United States
1894,Red Violet,RDVT,1218607360,75.94,United States
1895,Willdan Group,WLDN,1217805568,79.95,United States
1896,Aktis Oncology,AKTS,1216954624,21.88,United States
1897,Clear Channel Outdoor,CCO,1211643392,2.38,United States
1898,Harmonic Inc.,HLIT,1210637568,11.1,United States
1899,"Apnimed, Inc.",APMD,1207292672,29.0,United States
1900,Columbia Financial,CLBK,1204994304,11.58,United States
1901,Empire State Realty Trust,ESRT,1203939200,3.93,United States
1902,Ladder Capital,LADR,1196339840,9.43,United States
1903,La-Z-Boy,LZB,1195174784,29.84,United States
1904,Orchid Island Capital,ORC,1192340096,6.04,United States
1905,Alto Neuroscience,ANRO,1187858560,30.27,United States
1906,Cricut,CRCT,1183828352,5.64,United States
1907,Integra LifeSciences,IART,1183697536,15.22,United States
1908,Universal Technical Institute,UTI,1182894592,21.47,United States
1909,G-III Apparel Group,GIII,1182105344,27.57,United States
1910,Jefferson Capital,JCAP,1179520512,20.54,United States
1911,Donnelley Financial Solutions,DFIN,1175427200,47.81,United States
1912,York Space Systems,YSS,1174407552,8.55,United States
1913,Tandem Diabetes Care,TNDM,1173792768,16.87,United States
1914,Odyssey Therapeutics,ODTX,1171666816,24.38,United States
1915,Univest Financial Corporation,UVSP,1171630976,42.48,United States
1916,Lindsay Corporation,LNN,1170743680,115.13,United States
1917,Avanos Medical,AVNS,1170726912,24.99,United States
1918,Amerant Bancorp,AMTB,1167857664,29.8,United States
1919,National Healthcare Properties,NHP,1166478080,16.0,United States
1920,Myers Industries,MYE,1165407872,30.98,United States
1921,MarineMax,HZO,1160878848,52.56,United States
1922,Unusual Machines,UMAC,1157991808,23.18,United States
1923,Heritage Financial,HFWA,1153409664,28.19,United States
1924,GoodRx,GDRX,1153071360,3.38,United States
1925,Beta Bionics,BBNX,1152330368,21.89,United States
1926,The RealReal,REAL,1149792000,9.45,United States
1927,PureCycle Technologies,PCT,1149175552,5.72,United States
1928,Tennant Company,TNC,1149123072,67.4,United States
1929,Willis Lease Finance Corporation,WLFC,1148548096,54.32,United States
1930,Easterly Government Properties,DEA,1146735872,23.4,United States
1931,ScanSource,SCSC,1145723136,56.88,United States
1932,Seaport Therapeutics,SPTX,1145018496,21.39,United States
1933,Teladoc Health,TDOC,1144609280,6.3,United States
1934,Prospect Capital,PSEC,1144134912,2.18,United States
1935,Marcus &amp; Millichap,MMI,1142946944,30.18,United States
1936,Ecovyst,ECVT,1142850048,10.44,United States
1937,Piedmont Realty Trust,PDM,1142462720,9.13,United States
1938,Northeast Bank,NBN,1141627264,133.44,United States
1939,Artivion,AORT,1138457728,23.35,United States
1940,MannKind Corp,MNKD,1138267392,3.54,United States
1941,Flotek Industries,FTK,1137321472,31.4,United States
1942,Great Lakes Dredge &amp; Dock Corp.,GLDD,1135273600,17.0,United States
1943,Mission Produce,AVO,1131051264,12.9,United States
1944,LGI Homes,LGIH,1129401088,48.58,United States
1945,"Cadre Holdings, Inc.",CDRE,1125757184,26.29,United States
1946,AEVEX Corp.,AVEX,1121001344,16.2,United States
1947,Suburban Propane Partners,SPH,1117432448,16.75,United States
1948,Gentherm,THRM,1117363328,36.35,United States
1949,Grocery Outlet,GO,1116682368,11.27,United States
1950,ZoomInfo,GTM,1112040320,3.82,United States
1951,Bowhead Specialty Holdings,BOW,1111496960,33.74,United States
1952,Metropolitan Bank Holding,MCB,1105757824,89.19,United States
1953,Savara,SVRA,1103320320,5.37,United States
1954,Arhaus,ARHS,1102597120,7.79,United States
1955,Marten Transport,MRTN,1102432512,13.5,United States
1956,PagerDuty,PD,1101098240,14.0,United States
1957,Biglari,BH,1099727616,345.34,United States
1958,Universal Corporation,UVV,1099053184,44.14,United States
1959,PROCEPT BioRobotics,PRCT,1098533632,19.3,United States
1960,Capitol Federal Financial,CFFN,1097988096,8.9,United States
1961,Obsidian Therapeutics,OBX,1096468608,17.75,United States
1962,Babcock &amp; Wilcox,BW,1096382976,7.36,United States
1963,Arteris,AIP,1096091904,22.3,United States
1964,Trupanion,TRUP,1093565184,25.07,United States
1965,Oaktree Specialty Lending Corporation,OCSL,1093141248,12.41,United States
1966,Five Star Bancorp,FSBC,1091143296,44.47,United States
1967,Carter's,CRI,1088119424,29.64,United States
1968,NexPoint Residential Trust,NXRT,1085744000,21.04,United States
1969,NPK International,NPKI,1080902912,12.73,United States
1970,Castle Biosciences,CSTL,1079619584,35.34,United States
1971,Jade Biosciences,JBIO,1077339776,16.94,United States
1972,ASA Gold and Precious Metals,ASA,1075342336,58.58,United States
1973,Deluxe Corporation,DLX,1068910080,23.31,United States
1974,Yelp,YELP,1065194816,19.63,United States
1975,Lumexa Imaging,LMRI,1064510720,11.08,United States
1976,Green Plains,GPRE,1061944192,15.15,United States
1977,National Presto Industries,NPK,1060276864,148.58,United States
1978,Corvus Pharmaceuticals,CRVS,1056559104,12.56,United States
1979,HighPeak Energy,HPK,1053351808,8.33,United States
1980,Saul Centers,BFS,1050205056,30.24,United States
1981,IRadimed,IRMD,1050067712,82.12,United States
1982,BellRing Brands,BRBR,1044178112,8.98,United States
1983,STAAR Surgical,STAA,1043997760,20.82,United States
1984,Kura Oncology,KURA,1043507968,11.73,United States
1985,Upwork,UPWK,1042943168,8.35,United States
1986,Middlesex Water Company,MSEX,1042447104,55.32,United States
1987,Enovis,ENOV,1040357760,18.04,United States
1988,CRA International,CRAI,1038067136,165.38,United States
1989,Mercantile Bank,MBWM,1037674240,60.03,United States
1990,Monte Rosa Therapeutics,GLUE,1034851520,12.13,United States
1991,Aeva Technologies,AEVA,1031645248,14.8,United States
1992,XPLR Infrastructure,XIFR,1031641984,10.94,United States
1993,Red Cat Holdings,RCAT,1030822016,6.75,United States
1994,TripAdvisor,TRIP,1028632768,8.84,United States
1995,Dream Finders Homes,DFH,1027573632,11.35,United States
1996,Winmark,WINA,1025133184,285.38,United States
1997,Heritage Insurance,HRTG,1023389696,34.42,United States
1998,Janux Therapeutics,JANX,1014259072,16.59,United States
1999,LegalZoom,LZ,1012175040,5.91,United States
2000,CNB Financial Corp,CCNE,1011553216,34.15,United States
2001,Attovia Therapeutics,ATTO,1010718976,22.14,United States
2002,Equity Bancshares,EQBK,1009649728,49.03,United States
2003,Cracker Barrel,CBRL,1007156800,45.06,United States
2004,MetroCity Bankshares,MCBS,1006767360,34.98,United States
2005,Alumis,ALMS,1005711808,7.77,United States
2006,Amphastar Pharmaceuticals,AMPH,1004746304,23.62,United States
2007,Ventyx Biosciences,VTYX,1004502016,14.0,United States
2008,QuinStreet,QNST,1004270464,17.55,United States
2009,Business First Bancshares,BFST,1003187392,30.82,United States
2010,Compass Minerals,CMP,1002083456,23.87,United States
2011,Horizon Bancorp,HBNC,1000191232,19.48,United States
2012,Upbound Group,UPBD,998668736,17.13,United States
2013,NB Bancorp,NBBK,998185216,22.78,United States
2014,Emerald Holding,EEX,997505920,5.04,United States
2015,Karat Packaging,KRT,993994880,49.87,United States
2016,Arbutus Biopharma,ABUS,992509824,5.01,United States
2017,Centerspace,CSR,991120704,56.0,United States
2018,Quantum Corporation,QMCO,988796928,25.09,United States
2019,Whitestone REIT,WSR,988012416,18.99,United States
2020,Graham Corporation,GHM,986380288,84.04,United States
2021,BrightView,BV,986189952,10.65,United States
2022,Angel Studios,ANGX,984205824,5.27,United States
2023,Pacira Biosciences,PCRX,984190016,24.69,United States
2024,Global Medical REIT,GMRE,979776256,35.98,United States
2025,Northwest Pipe Company,NWPX,976537728,101.33,United States
2026,SpyGlass Pharma,SGP,972667264,29.08,United States
2027,Taboola.com,TBLA,972559360,3.6,United States
2028,Camden National Corporation,CAC,972425088,57.55,United States
2029,Central Pacific Financial,CPF,969133312,37.64,United States
2030,Rackspace Technology,RXT,968516800,3.8,United States
2031,Ibotta,IBTA,965505920,41.57,United States
2032,Trustco Bank,TRST,964961984,56.67,United States
2033,Frequency Electronics,FEIM,964204224,85.53,United States
2034,Diversified Energy,DEC.L,964009648,13.9532,United States
2035,Nextdoor,NXDR,963252544,2.49,United States
2036,Phoenix Education Partners,PXED,960302080,26.64,United States
2037,Hanmi Financial,HAFC,958263936,32.32,United States
2038,Solid Biosciences,SLDB,955376896,8.91,United States
2039,Astec Industries,ASTE,951894912,41.4,United States
2040,Unitil Corporation,UTL,946848064,51.92,United States
2041,Riley Exploration Permian,REPX,946811136,43.64,United States
2042,"Sinclair, Inc.",SBGI,943925824,13.08,United States
2043,Forum Energy Technologies,FET,941679168,82.08,United States
2044,ProFrac,ACDC,941574720,5.17,United States
2045,Postal Realty Trust,PSTL,940484736,23.63,United States
2046,Southside Bancshares,SBSI,937460992,31.45,United States
2047,Mid Penn Bancorp,MPB,935882816,36.94,United States
2048,CeriBell,CBLL,935274304,24.37,United States
2049,Eastman Kodak Company,KODK,934945024,9.55,United States
2050,O-I Glass,OI,932714688,6.07,United States
2051,NCR Voyix Corporation,VYX,930591104,6.74,United States
2052,Safehold,SAFE,930525952,13.14,United States
2053,Kforce,KFRC,929118912,51.88,United States
2054,Sana Biotechnology,SANA,928017984,3.1,United States
2055,Resolute Holdings Management,RHLD,924667136,118.25,United States
2056,Kronos Worldwide,KRO,921931136,8.01,United States
2057,Quanex Building Products,NX,920648512,20.09,United States
2058,Douglas Dynamics,PLOW,920543360,39.89,United States
2059,Heartland Express,HTLD,917938048,11.87,United States
2060,USA TODAY Co.,TDAY,916143872,6.24,United States
2061,Barings BDC,BBDC,915138112,8.74,United States
2062,Accel Entertainment,ACEL,915050496,11.27,United States
2063,Lexicon Pharmaceuticals,LXRX,912159616,2.05,United States
2064,Sabre,SABR,912098048,2.26,United States
2065,First Financial,THFF,910324672,76.55,United States
2066,Chimera Investment Corporation,CIM,909232192,10.87,United States
2067,Evolv Technologies,EVLV,901155776,5.01,United States
2068,Tetra Technologies,TTI,900282496,6.08,United States
2069,Daily Journal,DJCO,897777088,651.53,United States
2070,"Forbright, Inc.",FRBT,895991296,17.65,United States
2071,Simply Good Foods,SMPL,895909440,10.13,United States
2072,HealthStream,HSTM,894317824,29.23,United States
2073,Immix Biopharma,IMMX,894241408,12.5,United States
2074,Navient,NAVI,891884160,9.51,United States
2075,Oxford Lane Capital,OXLC,891094976,9.09,United States
2076,Beazer Homes USA,BZH,888965056,33.32,United States
2077,Avalo Therapeutics,AVTX,888648896,16.57,United States
2078,BitGo,BTGO,888644928,7.56,United States
2079,BlackSky Technology,BKSY,886841472,21.67,United States
2080,SmartFinancial (SmartBank),SMBK,883819968,51.69,United States
2081,Ardelyx,ARDX,883001472,3.42,United States
2082,Bioventus,BVS,881819392,12.91,United States
2083,Kopin Corporation,KOPN,881036096,4.74,United States
2084,Employers Holdings,EIG,879526016,48.97,United States
2085,Sable Offshore,SOC,874925248,4.56,United States
2086,Rigel Pharmaceuticals,RIGL,871228864,46.64,United States
2087,Talkspace,TALK,870574976,5.25,United States
2088,Arbor Realty Trust,ABR,867676992,4.28,United States
2089,Ridgepost Capital,RPC,867576512,7.87,United States
2090,JBG SMITH,JBGS,867297280,11.23,United States
2091,Reformation Inc.,REF,864330432,14.63,United States
2092,Eagle Bancorp,EGBN,863306048,28.32,United States
2093,CryoPort,CYRX,862047680,17.02,United States
2094,Great Southern Bancorp,GSBC,859922304,78.91,United States
2095,Sweetgreen,SG,859478272,7.22,United States
2096,Olema Pharmaceuticals,OLMA,859226496,9.82,United States
2097,Covenant Logistics,CVLG,857768896,33.8,United States
2098,Abacus Global Management,ABX,857638080,8.77,United States
2099,Koppers Holdings,KOP,857261440,45.33,United States
2100,Capital City Bank Group,CCBG,857204992,50.09,United States
2101,Marcus Corporation,MCS,853434176,27.68,United States
2102,CEVA,CEVA,852223744,30.27,United States
2103,World Acceptance Corporation,WRLD,848847616,182.14,United States
2104,MFA Financial,MFA,845095104,8.36,United States
2105,NANO Nuclear Energy,NNE,844671808,15.73,United States
2106,"MNTN, Inc.",MNTN,844527680,11.29,United States
2107,4D Molecular Therapeutics,FDMT,840816896,15.22,United States
2108,Service Properties Trust,SVC,839221504,6.48,United States
2109,CrossAmerica Partners,CAPL,837521280,21.94,United States
2110,Daktronics,DAKT,837292992,17.41,United States
2111,Geron,GERN,835215424,1.3,United States
2112,ASGN,ASGN,833931008,19.53,United States
2113,Vishay Precision Group,VPG,833307648,62.65,United States
2114,Compass Diversified Holdings,CODI,829852736,11.03,United States
2115,Heritage Commerce,HTBK,828429632,13.45,United States
2116,Virtus Investment Partners,VRTS,827836224,125.0,United States
2117,Republic Airways,RJET,827768768,17.68,United States
2118,Orrstown Financial Services,ORRF,827304512,42.06,United States
2119,South Plains Financial,SPFI,826659904,43.88,United States
2120,Cantaloupe,CTLP,825815936,11.2,United States
2121,Apollo Commercial Real Estate Finance,ARI,825254720,6.42,United States
2122,Hippo Holdings,HIPO,824404224,31.24,United States
2123,Sky Harbour Group,SKYH,822009088,10.07,United States
2124,Standard Motor Products,SMP,821452544,36.77,United States
2125,Dakota Gold,DC,819796992,6.11,United States
2126,Energy Vault,NRGV,816459648,4.49,United States
2127,Alerus Financial,ALRS,816376448,32.75,United States
2128,EverQuote,EVER,815447808,23.14,United States
2129,Backblaze,BLZE,814603968,13.16,United States
2130,SI-BONE,SIBN,810768064,18.09,United States
2131,Aclaris Therapeutics,ACRS,809593920,5.5,United States
2132,"TXO Partners, L.P.",TXO,808408640,14.58,United States
2133,Climb Bio,CLYM,806979392,14.05,United States
2134,Rapid7,RPD,806785664,11.97,United States
2135,The Manitowoc Company,MTW,805985024,22.35,United States
2136,SunCoke Energy,SXC,805462272,9.49,United States
2137,Transcat,TRNS,804943936,86.0,United States
2138,Lincoln Educational Services,LINC,804773952,25.37,United States
2139,GCM Grosvenor,GCMG,803199168,13.14,United States
2140,American Public Education,APEI,803071744,43.88,United States
2141,Peapack-Gladstone Financial,PGC,802721664,45.28,United States
2142,Annexon,ANNX,801919744,4.23,United States
2143,Financial Institutions,FISI,800866432,40.64,United States
2144,Montrose Environmental,MEG,800798912,22.14,United States
2145,Gyre Therapeutics,GYRE,800554880,7.55,United States
2146,PubMatic,PUBM,799403520,17.55,United States
2147,Southern Missouri Bancorp,SMBC,798352576,72.49,United States
2148,Barrett Business Services,BBSI,794913856,32.8,United States
2149,LSB Industries,LXU,794852416,11.04,United States
2150,Metallus,MTUS,792095872,19.11,United States
2151,PRA Group,PRAA,790608192,21.0,United States
2152,Viant Technology,DSP,790302912,11.88,United States
2153,Fox Factory Holding,FOXF,788921920,18.77,United States
2154,John B. Sanfilippo & Son,JBSS,787088192,67.31,United States
2155,Lightwave Logic,LWLG,786252928,5.1,United States
2156,Satellogic,SATL,785610944,5.11,United States
2157,Carlyle Secured Lending,CGBD,785060288,11.41,United States
2158,Peakstone Realty Trust,PKST,780562688,20.99,United States
2159,Varex Imaging,VREX,779321216,18.49,United States
2160,HomeTrust Bancshares,HTB,778406912,47.08,United States
2161,Strawberry Fields REIT,STRW,776011264,13.73,United States
2162,Groupon,GRPN,775893824,19.08,United States
2163,Shore Bancshares,SHBI,775237952,23.23,United States
2164,PennyMac Mortgage Investment Trust,PMT,774356992,8.88,United States
2165,Root Insurance,ROOT,772183680,49.84,United States
2166,Fidus Investment Corporation,FDUS,769958912,19.36,United States
2167,Alpha &amp; Omega Semiconductor,AOSL,768585088,25.4,United States
2168,Apogee Enterprises,APOG,767953216,36.8,United States
2169,Design Therapeutics,DSGN,765999424,12.24,United States
2170,Westrock Coffee,WEST,765398720,7.84,United States
2171,ProKidney,PROK,762438656,1.91,United States
2172,AdaptHealth,AHCO,761766336,5.71,United States
2173,CTO Realty Growth,CTO,760205056,20.28,United States
2174,LSI Industries,LYTS,758268224,20.35,United States
2175,IperionX,IPX,755049600,20.85,United States
2176,Mitek Systems,MITK,754897344,16.73,United States
2177,Lucky Strike Entertainment,LUCK,753893952,5.53,United States
2178,Golden Entertainment,GDEN,753686080,28.55,United States
2179,Gemini Space Station,GEMI,753279296,5.81,United States
2180,Glass House Brands,GLAS,751112768,7.97,United States
2181,Green Dot,GDOT,750494848,13.17,United States
2182,Hyliion,HYLN,750108288,4.2,United States
2183,Washington Trust Bancorp,WASH,749811520,39.31,United States
2184,BlossomHill Therapeutics,BLSM,748549056,25.74,United States
2185,Westlake Chemical Partners,WLKP,747917568,21.22,United States
2186,Winnebago Industries,WGO,747146816,26.43,United States
2187,Independent Bank Corporation,IBCP,746429888,36.23,United States
2188,TaskUs,TASK,744498624,8.12,United States
2189,Third Coast Bancshares,TCBX,738980992,44.37,United States
2190,Vitesse Energy,VTS,737246592,17.51,United States
2191,WhiteFiber,WYFI,736948800,18.97,United States
2192,Movado Group,MOV,736750336,33.02,United States
2193,Bowman Consulting Group,BWMN,735991104,42.46,United States
2194,River City Bank,RCBC,733611328,52.42,United States
2195,Latham Group,SWIM,729405696,6.2,United States
2196,QuidelOrtho,QDEL,728270976,10.62,United States
2197,Five Point Holdings,FPH,727680320,4.92,United States
2198,N-Able,NABL,725397184,3.84,United States
2199,Ironwood Pharmaceuticals,IRWD,720446208,4.36,United States
2200,Entravision Communications,EVC,719848768,7.8,United States
2201,Bain Capital Specialty Finance,BCSF,719391744,11.09,United States
2202,Nuvectis Pharma,NVCT,718169472,22.0,United States
2203,Natural Grocers by Vitamin Cottage,NGVC,713960512,30.98,United States
2204,Carter Bankshares,CARE,713217472,30.79,United States
2205,Hallador Energy Company,HNRG,712807552,15.12,United States
2206,indie Semiconductor,INDI,711653248,3.07,United States
2207,Tron Inc.,TRON,711573120,1.5,United States
2208,"Eve Holding, Inc.",EVEX,710912128,2.04,United States
2209,XOMA Royalty,XOMA,710155008,40.17,United States
2210,Starling Oncology,STLN,709336128,6.96,United States
2211,Mesa Laboratories,MLAB,708101248,126.54,United States
2212,Enhabit,EHAB,706913408,13.8,United States
2213,Community West Bancshares,CWBC,706764544,26.05,United States
2214,Peoples Financial Services,PFIS,706131328,70.54,United States
2215,Collegium Pharmaceutical,COLL,705851648,22.77,United States
2216,Coastal Financial Corporation,CCB,702712448,45.97,United States
2217,Arrow Financial,AROW,702419584,37.92,United States
2218,California BanCorp,BCAL,700881728,21.8,United States
2219,American Woodmark,AMWD,700651840,48.09,United States
2220,The Elmet Group,ELMT,699959232,22.98,United States
2221,Cass Information Systems,CASS,699358272,54.74,United States
2222,Paysign,PAYS,696743040,12.34,United States
2223,MiMedx Group,MDXG,696106624,4.77,United States
2224,Midland States Bancorp,MSBI,696025856,33.54,United States
2225,PennantPark Floating Rate Capital Ltd.,PFLT,695517504,7.01,United States
2226,Once Upon A Farm,OFRM,695365184,16.56,United States
2227,Donegal Group,DGICA,695244096,18.73,United States
2228,LightPath Technologies,LPTH,693358912,9.9,United States
2229,United States Antimony Corporation,UAMY,692969216,4.63,United States
2230,Bloomin' Brands,BLMN,690960768,8.07,United States
2231,Zevra Therapeutics,ZVRA,689445696,11.61,United States
2232,Sagimet Biosciences,SGMT,689339456,11.09,United States
2233,Cytek Biosciences,CTKB,688911296,5.3,United States
2234,RE/MAX Holdings,RMAX,681161536,12.36,United States
2235,Hovnanian Enterprises,HOV,680500224,114.18,United States
2236,Udemy,UDMY,677283328,4.63,United States
2237,GMR Solutions Inc.,GMRS,676892032,12.53,United States
2238,Petco,WOOF,675949632,2.36,United States
2239,Verastem Oncology,VSTM,673792000,7.44,United States
2240,Red River Bancshares,RRBI,672500608,102.14,United States
2241,Tronox,TROX,672337152,4.21,United States
2242,Bar Harbor Bankshares,BHB,671481472,40.05,United States
2243,Factorial Energy,FAC,671349952,6.25,United States
2244,Legacy Housing Corporation,LEGH,668500800,28.11,United States
2245,Hingham Institution for Savings,HIFS,668051904,304.04,United States
2246,Aura Biosciences,AURA,667858944,6.44,United States
2247,ParkOhio Holdings Corp.,PKOH,667409856,46.06,United States
2248,"Yesway, Inc.",YSWY,667370944,21.4,United States
2249,Village Super Market,VLGEA,662576640,44.74,United States
2250,Mativ Holdings,MATV,661729216,11.99,United States
2251,MISTRAS Group,MG,660885248,20.75,United States
2252,New Mountain Finance Corporation,NMFC,660222208,6.99,United States
2253,Park Aerospace,PKE,659931776,30.34,United States
2254,Kodiak AI,KDK,658027584,3.28,United States
2255,ACNB Corporation,ACNB,656672384,64.57,United States
2256,Enovix,ENVX,656151104,2.99,United States
2257,SLR Investment,SLRC,654655616,12.0,United States
2258,"Sturm, Ruger &amp; Co",RGR,654469376,40.96,United States
2259,Tiptree,TIPT,652439424,17.52,United States
2260,Papa John's Pizza,PZZA,651191040,19.78,United States
2261,OmniAb,OABI,649895040,4.47,United States
2262,OTC Markets Group,OTCM,649324416,54.185,United States
2263,Scholastic,SCHL,648961088,34.75,United States
2264,Cannae Holdings,CNNE,648878464,14.96,United States
2265,Hertz,HTZ,648741568,1.82,United States
2266,"Nerdy, Inc,",NRDY,647906880,8.97,United States
2267,Armada Hoffler Properties,AHH,647902656,6.25,United States
2268,Monopar Therapeutics,MNPR,647523264,96.47,United States
2269,Granite Ridge Resources,GRNT,646311168,4.9,United States
2270,OneSpan,OSPN,645281536,17.51,United States
2271,Neurogene,NGNE,642165248,32.09,United States
2272,Shentel,SHEN,640569344,11.57,United States
2273,Consensus Cloud Solutions,CCSI,640089536,34.93,United States
2274,Northfield Bancorp,NFBK,639406784,15.31,United States
2275,Matthews International Corporation,MATW,639245760,20.48,United States
2276,AngioDynamics,ANGO,638172032,15.44,United States
2277,Vaalco Energy,EGY,637462144,6.06,United States
2278,Onterris,ONT,635976576,18.11,United States
2279,Chatham Lodging Trust,CLDT,635561216,12.98,United States
2280,"AGNT, Inc",AGNT,633376960,3.79,United States
2281,Gladstone Investment,GAIN,633169280,15.9,United States
2282,Altimmune,ALT,632182528,3.25,United States
2283,DoubleDown Interactive,DDI,631806336,12.75,United States
2284,Velocity Financial,VEL,631703296,16.0,United States
2285,PAR Technology,PAR,630781312,15.25,United States
2286,Cardinal Infrastructure Group,CDNL,630631232,30.87,United States
2287,First Watch Restaurant,FWRG,628232640,10.18,United States
2288,Crescent Biopharma,CBIO,627409984,16.89,United States
2289,Ooma,OOMA,627347968,22.73,United States
2290,WhiteHawk Minerals Corp,WHK,626534208,26.33,United States
2291,Contango Ore,CTGO,626344128,18.73,United States
2292,Helen of Troy,HELE,625158912,26.84,United States
2293,Scribe Therapeutics,SCTX,624745472,33.0,United States
2294,Array Technologies,ARRY,624535104,4.06,United States
2295,New Era Energy & Digital,NUAI,624437696,5.86,United States
2296,Bit Digital,BTBT,623896000,1.73,United States
2297,Phreesia,PHR,623192256,10.04,United States
2298,Forge Global,FRGE,623007296,45.0,United States
2299,Mama's Creations,MAMA,622818048,13.21,United States
2300,Franklin BSP Realty Trust,FBRT,620349248,7.47,United States
2301,Reservoir Media,RSVR,617771072,9.37,United States
2302,Limbach Holdings,LMB,616999168,51.74,United States
2303,Sprout Social,SPT,616222784,10.17,United States
2304,Grid Dynamics,GDYN,615753024,7.59,United States
2305,Gladstone Commercial,GOOD,615692544,12.61,United States
2306,EagleRock Land,EROK,611881344,25.02,United States
2307,Miller Industries,MLR,611769216,53.89,United States
2308,Smith &amp; Wesson,SWBI,611613248,13.64,United States
2309,Yext,YEXT,607729216,6.14,United States
2310,Greene County Bancorp,GCBC,607128768,35.66,United States
2311,Phathom Pharmaceuticals,PHAT,605139008,7.48,United States
2312,Kearny Financial,KRNY,603936576,9.56,United States
2313,Shattuck Labs,STTK,603183168,6.01,United States
2314,3D Systems,DDD,603113728,3.63,United States
2315,Summit Hotel Properties,INN,602900864,5.59,United States
2316,CorMedix,CRMD,601730112,7.72,United States
2317,CytomX Therapeutics,CTMX,601401984,2.76,United States
2318,Hyster-Yale Materials Handling,HY,601385216,33.54,United States
2319,Teamshares,TMS,598859968,8.13,United States
2320,Bright Minds Biosciences,DRUG,598339456,60.98,United States
2321,Fulgent Genetics,FLGT,596806720,21.69,United States
2322,AH Realty Trust,AHRT,596555200,6.22,United States
2323,Cars.com,CARS,596354432,11.14,United States
2324,First Business Financial Services,FBIZ,592477056,70.8,United States
2325,Kimball Electronics,KE,590786432,24.65,United States
2326,NETGEAR,NTGR,590056512,21.71,United States
2327,Ramaco Resources,METC,587159808,9.22,United States
2328,Janus International Group,JBI,586673920,4.3,United States
2329,ADTRAN,ADTN,586666112,7.2,United States
2330,Unity Bancorp,UNTY,584377600,58.19,United States
2331,Capital Bancorp,CBNK,584338624,35.87,United States
2332,Southern First Bancshares,SFST,584217856,61.68,United States
2333,Allogene Therapeutics,ALLO,583879616,1.69,United States
2334,Weave Communications,WEAV,583299904,7.29,United States
2335,Bluelinx,BXC,582992256,74.17,United States
2336,Zion Oil &amp; Gas,ZNOG,581638976,0.488,United States
2337,Enviri Corporation,NVRI,581280320,20.62,United States
2338,Bridgewater Bancshares,BWB,579704704,20.79,United States
2339,W&amp;T Offshore,WTI,579620864,3.84,United States
2340,Aquestive Therapeutics,AQST,578608704,4.61,United States
2341,NerdWallet,NRDS,578504768,9.05,United States
2342,GAMCO Investors,GAMI,574524672,26.75,United States
2343,Insteel Industries,IIIN,574165632,29.66,United States
2344,The Honest Company,HNST,571825728,5.33,United States
2345,OrthoPediatrics,KIDS,569715584,21.82,United States
2346,Northpointe Bancshares,NPB,568871296,16.45,United States
2347,Forward Industries,FWDI,568620992,7.7,United States
2348,Civista Bancshares,CIVB,567474752,27.29,United States
2349,Northrim BanCorp,NRIM,565906880,25.44,United States
2350,Prime Medicine,PRME,565895808,3.12,United States
2351,Rayonier Advanced Materials,RYAM,564152704,8.34,United States
2352,Solid Power,SLDP,563607616,2.47,United States
2353,XMax Inc.,XMAX,560708544,8.69,United States
2354,Kelly Services,KELYA,560573568,16.14,United States
2355,Delcath Systems,DCTH,558997632,16.11,United States
2356,Titan Machinery,TITN,558200256,23.72,United States
2357,OppFi,OPFI,556409856,6.53,United States
2358,MediaAlpha,MAX,555715200,10.49,United States
2359,Universal Health Realty Income Trust,UHT,553028672,39.79,United States
2360,TPG Real Estate Finance Trust,TRTX,551201472,7.18,United States
2361,Pangaea Logistics Solutions,PANL,548670208,8.38,United States
2362,Investors Title Company,ITIC,545630848,289.0,United States
2363,Home Bancorp,HBCP,539697344,68.57,United States
2364,Ethan Allen,ETD,539585600,21.41,United States
2365,Arvinas,ARVN,534880736,8.29,United States
2366,Cerus Corporation,CERS,534040992,2.65,United States
2367,IBEX,IBEX,533801088,40.2,United States
2368,Bankwell Financial Group,BWFG,532208864,66.76,United States
2369,Ginkgo Bioworks,DNA,530641408,7.88,United States
2370,York Water,YORW,530512288,32.69,United States
2371,REGENXBIO,RGNX,530085920,8.03,United States
2372,Verra Mobility,VRRM,528900160,3.48,United States
2373,Tectonic Therapeutic,TECX,527832896,27.0,United States
2374,Capricor Therapeutics,CAPR,526739264,9.06,United States
2375,Bally's Corporation,BALY,525387680,10.41,United States
2376,Ovid Therapeutics,OVID,525351232,2.69,United States
2377,BrightSpire Capital,BRSP,525075328,4.15,United States
2378,SandRidge Energy,SD,524986176,14.16,United States
2379,FrontView REIT,FVR,524970400,17.37,United States
2380,Flushing Financial Corp,FFIC,524179680,15.47,United States
2381,Krispy Kreme,DNUT,523969984,3.02,United States
2382,Claritev,CTEV,522151360,30.81,United States
2383,NioCorp Developments,NB,521201600,3.58,United States
2384,Sierra Bancorp,BSRR,520998912,40.19,United States
2385,Climb Global Solutions,CLMB,520631840,27.9,United States
2386,Chiron Real Estate,XRN,519980960,35.91,United States
2387,Evolus,EOLS,519156480,7.86,United States
2388,American Integrity Insurance Group,AII,517658368,26.42,United States
2389,Veradigm,MDRX,516615808,4.74,United States
2390,Orange County Bancorp,OBT,516072512,38.49,United States
2391,Bank7,BSVN,515825120,54.15,United States
2392,Vital Farms,VITL,514748928,11.99,United States
2393,Industrial Logistics Properties Trust,ILPT,514610752,7.71,United States
2394,i3 Verticals,IIIV,514094400,14.78,United States
2395,Private Bancorp of America,PBAM,510045024,89.08,United States
2396,Contineum Therapeutics,CTNM,509013920,13.53,United States
2397,Assembly Biosciences,ASMB,508404064,24.97,United States
2398,Oil States International,OIS,507313216,8.41,United States
2399,Senseonics Holdings,SENS,506533408,9.58,United States
2400,MapLight Therapeutics,MPLT,506445920,10.92,United States
2401,Intrepid Potash,IPI,504490720,37.49,United States
2402,AlTi Global,ALTI,503697248,3.23,United States
2403,Tactile Medical,TCMD,502880768,22.2,United States
2404,Forward Air,FWRD,500970208,14.83,United States
2405,Brandywine Realty Trust,BDN,500876096,2.9,United States
2406,One Liberty Properties,OLP,500425376,22.85,United States
2407,"Deep Fission, Inc.",FISN,498933280,8.47,United States
2408,West Bancorporation,WTBA,498870400,29.27,United States
2409,ChoiceOne Financial Services,COFS,498617024,33.34,United States
2410,Puma Biotechnology,PBYI,495552640,9.6,United States
2411,Redwood Trust,RWT,494912992,3.94,United States
2412,Concrete Pumping Holdings,BBCP,491839776,9.76,United States
2413,Ponce Financial Group,PDLB,491256224,20.31,United States
2414,NeuroPace,NPCE,490150592,14.28,United States
2415,Farmers &amp; Merchants Bancorp,FMAO,489360416,35.53,United States
2416,First Foundation,FFWM,489265120,5.9,United States
2417,NVE Corporation,NVEC,486473888,100.57,United States
2418,Quad,QUAD,485280128,9.43,United States
2419,Eikon Therapeutics,EIKN,484777024,8.95,United States
2420,Carriage Services,CSV,484092384,30.48,United States
2421,Wabash National,WNC,483142848,11.86,United States
2422,Eagle Point Credit Company,ECC,482829056,3.63,United States
2423,Vogenx,VOGX,482790336,32.5,United States
2424,MasterCraft Boat,MCFT,482406336,19.82,United States
2425,Priority Technology Holdings,PRTH,480627328,5.83,United States
2426,EVgo,EVGO,478063872,1.52,United States
2427,Farmland Partners,FPI,477451008,10.87,United States
2428,AMC Networks,AMCX,475199712,11.52,United States
2429,Ur-Energy,URG,473457856,1.19,United States
2430,ARKO Corp.,ARKO,473423712,4.22,United States
2431,Shoe Carnival,SCVL,473247296,17.43,United States
2432,Methode Electronics,MEI,473009856,13.27,United States
2433,Strata Critical Medical,SRTA,472412768,5.34,United States
2434,Valhi,VHI,468998912,16.56,United States
2435,Universal Logistics Holdings,ULH,466710144,17.7,United States
2436,Calavo Growers,CVGW,466334752,26.09,United States
2437,ASP Isotopes,ASPI,466060512,3.04,United States
2438,Virgin Galactic,SPCE,465399424,3.07,United States
2439,Johnson Outdoors,JOUT,465087776,44.38,United States
2440,Citizens &amp; Northern Corp,CZNC,462898944,25.81,United States
2441,"Citi Trends, Inc.",CTRN,461921952,55.39,United States
2442,Cogent Communications,CCOI,461453792,9.01,United States
2443,CompX International,CIX,460897504,37.36,United States
2444,Malibu Boats,MBUU,457902848,23.27,United States
2445,Gray Media,GTN,457250656,4.44,United States
2446,Bank of Marin Bancorp,BMRC,457163616,28.23,United States
2447,AMERISAFE,AMSF,456357760,24.62,United States
2448,Natural Gas Services Group,NGS,456212320,35.37,United States
2449,Arcturus Therapeutics,ARCT,455621792,16.03,United States
2450,Columbus McKinnon,CMCO,454900480,15.76,United States
2451,NRC Health,NRC,454778272,20.56,United States
2452,Turn Therapeutics,TTRX,453693472,14.94,United States
2453,Idaho Strategic Resources,IDR,453103232,28.63,United States
2454,Titan International,TWI,451796480,7.0,United States
2455,RBB Bancorp,RBB,451656256,26.7,United States
2456,Commercial Bancgroup,CBK,451593856,32.96,United States
2457,Xerox,XRX,449095648,3.42,United States
2458,Summit Midstream,SMC,448105408,32.51,United States
2459,Eightco Holdings,ORBS,446968480,1.04,United States
2460,Gloo Holdings,GLOO,446671488,4.88,United States
2461,Spire Global,SPIR,445911520,11.4,United States
2462,ATN International,ATNI,442538432,28.73,United States
2463,Sight Sciences,SGHT,441805728,8.02,United States
2464,Kyverna Therapeutics,KYTX,440943776,7.13,United States
2465,Acacia Research,ACTG,440116512,4.51,United States
2466,Colony Bankcorp,CBAN,439497344,20.71,United States
2467,Relmada Therapeutics,RLMD,439479776,4.12,United States
2468,Mayville Engineering Company,MEC,438605728,17.2,United States
2469,Pioneer Bancorp,PBFS,438378848,18.13,United States
2470,AdvanSix,ASIX,437689216,16.21,United States
2471,Tejon Ranch,TRC,436666528,16.16,United States
2472,KKR Real Estate Finance Trust,KREF,436599808,6.79,United States
2473,Plumas Bancorp,PLBC,436399872,62.71,United States
2474,Gladstone Capital Corporation,GLAD,436272128,19.31,United States
2475,908 Devices,MASS,435243904,10.53,United States
2476,American Coastal Insurance Corporation,ACIC,433934176,9.18,United States
2477,Alight,ALIT,433305024,11.77,United States
2478,El Pollo Loco,LOCO,432756352,14.22,United States
2479,Cabaletta Bio,CABA,432340864,2.55,United States
2480,Advantage Solutions,ADV,431830688,32.48,United States
2481,Opus Genetics,IRD,430954368,5.18,United States
2482,Cross Country Healthcare,CCRN,428060928,13.25,United States
2483,Atea Pharmaceuticals,AVIR,427491008,5.33,United States
2484,Bumble,BMBL,427474784,2.79,United States
2485,Zura Bio,ZURA,427397952,4.46,United States
2486,USCB Financial Holdings,USCB,427314464,23.13,United States
2487,Weyco Group,WEYS,426928960,44.7,United States
2488,Oxford Industries,OXM,426431456,28.47,United States
2489,Pacific Biosciences,PACB,425838144,1.37,United States
2490,Havertys,HVT,425394112,27.28,United States
2491,Hamilton Beach Brands,HBB,425315392,31.64,United States
2492,Kura Sushi USA,KRUS,422206816,34.75,United States
2493,Genie Energy,GNE,421903584,16.03,United States
2494,ClearPoint Neuro,CLPT,421873472,13.83,United States
2495,Artiva Biotherapeutics,ARTV,420943904,8.61,United States
2496,Aspen Aerogels,ASPN,420753152,5.07,United States
2497,Alpha Teknova,TKNO,418231456,7.79,United States
2498,Avidia Bancorp,AVBC,417271200,22.59,United States
2499,Evolent Health,EVH,417188960,3.69,United States
2500,C4 Therapeutics,CCCC,417055232,3.39,United States
2501,Investar Holding,ISTR,414826272,30.11,United States
2502,DigiPowerX,DGXX,414712480,4.09,United States
2503,Editas Medicine,EDIT,414666080,2.7,United States
2504,Star Group,SGU,414405664,12.63,United States
2505,Bed Bath &amp; Beyond,BBBY,414399584,4.35,United States
2506,Optimum Communications,OPTU,411946080,1.08,United States
2507,Clearfield,CLFD,409692096,30.16,United States
2508,Magnera,MAGN,409400000,11.5,United States
2509,Radiant Logistics,RLGT,408918080,8.72,United States
2510,Rimini Street,RMNI,408899296,4.38,United States
2511,ARS Pharmaceuticals,SPRY,408728608,4.11,United States
2512,Boston Omaha,BOC,407311200,13.52,United States
2513,Cooper Standard,CPS,406914848,22.9,United States
2514,Gladstone Land,LAND,406777888,9.43,United States
2515,Community Healthcare Trust,CHCT,406024928,14.17,United States
2516,Nathan's Famous,NATH,405586496,98.98,United States
2517,Caleres,CAL,405088416,11.74,United States
2518,Community Health Systems,CYH,404696832,2.87,United States
2519,FRP Holdings,FRPH,403740256,21.03,United States
2520,PureTech Health,PRTC.L,402515130,1.64172,United States
2521,Chemung Financial Corporation,CHMG,400037536,82.97,United States
2522,Parke Bancorp,PKBK,398360992,33.87,United States
2523,First Bancorp,FNLC,396912736,35.18,United States
2524,Public Policy Holding Company,PPHC,396138720,13.11,United States
2525,MVB Financial,MVBF,396048736,30.59,United States
2526,Primis Financial,FRST,394553216,15.91,United States
2527,First Carolina Financial Services,FCBM,394263712,12.69,United States
2528,Larimar Therapeutics,LRMR,393716320,3.79,United States
2529,L.B. Foster,FSTR,393544320,37.41,United States
2530,Galectin Therapeutics,GALT,392305152,3.89,United States
2531,Citizens Financial Services,CZFS,391281696,81.35,United States
2532,Prelude Therapeutics,PRLD,388642976,4.87,United States
2533,PCB Bancorp,PCB,388192800,27.64,United States
2534,Gevo,GEVO,388162272,1.57,United States
2535,Bakkt Holdings,BKKT,388048000,8.61,United States
2536,PowerFleet,AIOT,386570656,2.88,United States
2537,Chaince Digital Holdings,CD,385013312,3.5,United States
2538,Acco Brands,ACCO,384922560,4.17,United States
2539,Value Line,VALU,384666016,41.0,United States
2540,Benitec Biopharma,BNTC,384407680,11.02,United States
2541,BridgeBio Oncology Therapeutics,BBOT,382431232,4.77,United States
2542,Serve Robotics,SERV,382380064,4.41,United States
2543,Swarmer,SWMR,382168800,23.98,United States
2544,Ranger Energy Services,RNGR,380516928,16.26,United States
2545,Ring Energy,REI,380387840,1.46,United States
2546,Stitch Fix,SFIX,378929408,2.84,United States
2547,Monro,MNRO,378295136,12.1,United States
2548,Shoulder Innovations,SI,378072224,18.16,United States
2549,Richtech Robotics,RR,375920224,1.67,United States
2550,Northeast Community Bancorp,NECB,375675776,27.29,United States
2551,Oportun Financial,OPRT,375255968,8.16,United States
2552,NexPoint Real Estate Finance,NREF,374765440,16.27,United States
2553,Simulations Plus,SLP,372946016,18.44,United States
2554,Clean Energy Fuels,CLNE,372552064,1.69,United States
2555,Fennec Pharmaceuticals,FENC,372413248,10.62,United States
2556,Myriad Genetics,MYGN,372077152,3.89,United States
2557,Everspin Technologies,MRAM,372068128,15.28,United States
2558,Perma-Fix Environmental Services,PESI,370260256,17.45,United States
2559,Rocket Pharmaceuticals,RCKT,369940384,3.37,United States
2560,BioAge Labs,BIOA,369929088,8.06,United States
2561,Rezolute,RZLT,369762528,3.84,United States
2562,DiaMedica Therapeutics,DMAC,369391008,6.85,United States
2563,Barnes &amp; Noble Education,BNED,368835392,10.64,United States
2564,Waterstone Financial,WSBF,367809984,20.46,United States
2565,Orion Group Holdings,ORN,366482368,9.05,United States
2566,GigCapital9,GIX,365833600,10.01,United States
2567,Orchestra BioMed,OBIO,365438688,6.08,United States
2568,iHeartMedia,IHRT,365302432,2.36,United States
2569,International Money Express,IMXI,364654336,12.07,United States
2570,Twin Disc,TWIN,361728224,24.88,United States
2571,Southern States Bancshares,SSBK,361068608,36.37,United States
2572,Lifeway Foods,LWAY,361051232,23.9,United States
2573,LendingTree,TREE,359553152,25.61,United States
2574,Ocugen,OCGN,359456992,1.06,United States
2575,Camping World,CWH,357436512,5.6,United States
2576,Timberland Bancorp,TSBK,356980928,45.91,United States
2577,Energy Recovery,ERII,356803680,6.99,United States
2578,J.Jill,JILL,355819680,23.94,United States
2579,Artesian Resources,ARTNA,355666048,34.44,United States
2580,Enanta Pharmaceuticals,ENTA,355329888,12.2,United States
2581,X4 Pharmaceuticals,XFOR,354945344,3.58,United States
2582,Civeo,CVEO,354864384,34.33,United States
2583,Agenus,AGEN,354521024,7.85,United States
2584,Genesco,GCO,354468160,32.76,United States
2585,Transcontinental Realty Investors,TCI,353766272,40.32,United States
2586,Dine Brands Global,DIN,353316864,27.91,United States
2587,Orthofix Medical,OFIX,352072576,8.71,United States
2588,Repay Holdings,RPAY,350973888,3.98,United States
2589,"Mobia Medical, Inc.",MOBI,350888160,10.54,United States
2590,CION Investment Corporation,CION,350815296,7.13,United States
2591,Evommune,EVMN,350218880,9.65,United States
2592,Cerence,CRNC,349629888,7.73,United States
2593,Emergent BioSolutions,EBS,348658688,6.8,United States
2594,ON24,ONTF,348249024,8.1,United States
2595,Movano,MOVE,347390560,11.01,United States
2596,FS Bancorp,FSBW,344912416,43.87,United States
2597,Avidbank Holdings,AVBH,344881280,31.4,United States
2598,Lexeo Therapeutics,LXEO,344594272,4.2,United States
2599,"TWFG, Inc.",TWFG,344291296,26.73,United States
2600,NL Industries,NL,343758112,7.03,United States
2601,Compass Therapeutics,CMPX,342167040,1.9,United States
2602,Ranpak,PACK,341317984,3.98,United States
2603,AVITA Medical,RCEL,340813888,11.02,United States
2604,Verano Holdings,VRNOF,340106912,0.94,United States
2605,Viemed Healthcare,VMD,339366112,8.91,United States
2606,Clearwater Paper,CLW,336908992,20.89,United States
2607,Century Therapeutics,IPSC,336800128,1.86,United States
2608,Neighborhood Intelligence,NXH,336590016,3.47,United States
2609,Aimco,AIV,336317344,2.18,United States
2610,CapsoVision,CV,335314304,6.7,United States
2611,LiveWire Group,LVWR,334822304,1.63,United States
2612,PrimeEnergy Resources,PNRG,334260960,211.21,United States
2613,Alpine Income Property Trust,PINE,334114144,17.73,United States
2614,NewtekOne,NEWT,333907520,11.56,United States
2615,Nano Dimension,NNDM,331017248,1.57,United States
2616,"Suja Life, Inc.",SUJA,331016352,8.57,United States
2617,Gogo Inflight Internet,GOGO,329284096,2.43,United States
2618,Innovative Aerosystems,IA,328986752,18.38,United States
2619,Perspective Therapeutics,CATX,328756800,2.88,United States
2620,BayCom (United Business Bank),BCML,328695520,30.1,United States
2621,Rocky Brands,RCKY,328670112,43.87,United States
2622,Vista Gold,VGZ,328435520,2.25,United States
2623,John Marshall Bancorp,JMSB,326695904,23.15,United States
2624,OPAL Fuels,OPAL,326670304,1.87,United States
2625,Flexsteel Industries,FLXS,326070848,79.69,United States
2626,ThredUp,TDUP,325707456,2.48,United States
2627,Paysafe,PSFE,325302400,6.23,United States
2628,FVCBankcorp,FVCB,324796032,18.01,United States
2629,Envela Corporation,ELA,323504896,12.46,United States
2630,Fossil Group,FOSL,323485120,5.47,United States
2631,Orion S.A.,OEC,323106944,5.73,United States
2632,EyePoint Pharmaceuticals,EYPT,322788992,3.85,United States
2633,Sanara MedTech,SMTI,322224384,35.07,United States
2634,CoastalSouth Bancshares,COSO,321694144,26.91,United States
2635,Inhibikase Therapeutics,IKT,320932576,2.3,United States
2636,Montauk Renewables,MNTK,320267552,2.25,United States
2637,The RMR Group,RMR,319912640,18.73,United States
2638,SAB Biotherapeutics,SABS,319362144,3.51,United States
2639,M-tron Industries,MPTI,319335584,73.47,United States
2640,Maui Land &amp; Pineapple Company,MLP,318739424,16.05,United States
2641,Abeona Therapeutics,ABEO,318514976,5.57,United States
2642,AirJoule Technologies Corporation,AIRJ,317594208,4.33,United States
2643,First Community Corporation,FCCO,317052928,33.73,United States
2644,Palmer Square Capital BDC,PSBD,316627104,10.33,United States
2645,Presidio Production Company,FTW,316421792,10.1,United States
2646,TriSalus Life Sciences,TLSI,314030464,5.1,United States
2647,Q32 Bio,QTTB,313770176,10.54,United States
2648,Horizon Technology Finance,HRZN,313048352,4.67,United States
2649,American Battery Technology Company,ABAT,310819520,2.18,United States
2650,Alto Ingredients,ALTO,310273856,4.0,United States
2651,Vanda Pharmaceuticals,VNDA,310173600,5.13,United States
2652,loanDepot,LDI,310031872,0.6977,United States
2653,Seaport Entertainment Group,SEG,309222176,24.14,United States
2654,Chain Bridge Bancorp,CBNA,308536640,47.02,United States
2655,Soluna Holdings,SLNH,308184128,1.26,United States
2656,Biodesix,BDSX,308092640,29.2,United States
2657,Holley,HLLY,307934720,2.54,United States
2658,Designer Brands,DBI,307762880,6.02,United States
2659,Ribbon Communications,RBBN,307576192,1.72,United States
2660,NI Holdings,NODK,305050624,14.95,United States
2661,C&amp;F Financial Corporation,CFFI,304358272,93.6,United States
2662,ZipRecruiter,ZIP,304236800,3.7,United States
2663,Telos,TLS,304178752,4.07,United States
2664,fuboTV,FUBO,303250944,10.04,United States
2665,Fate Therapeutics,FATE,303145888,2.53,United States
2666,MGP Ingredients,MGPI,302580896,14.13,United States
2667,Standard BioTools,LAB,302207168,0.7698,United States
2668,Cadiz Inc.,CDZI,301450368,3.56,United States
2669,Funko,FNKO,301257248,5.38,United States
2670,Build-A-Bear Workshop,BBW,301084544,24.44,United States
2671,Embecta,EMBC,299729280,5.29,United States
2672,First Western Financial,MYFW,299008256,30.62,United States
2673,Lands' End,LE,297509632,10.07,United States
2674,Friedman Industries,FRD,297239104,41.21,United States
2675,Princeton Bancorp,BPRN,296510496,43.52,United States
2676,Zentalis Pharmaceuticals,ZNTL,294429632,3.11,United States
2677,Isabella Bank Corporation,ISBA,294093056,38.55,United States
2678,Upstream Bio,UPB,292477376,5.34,United States
2679,Treace Medical Concepts,TMCI,292005120,4.49,United States
2680,Alico,ALCO,290139936,39.11,United States
2681,Immuneering,IMRX,289844352,4.48,United States
2682,Regional Management Corp.,RM,289597664,31.39,United States
2683,Franklin Financial Services Corporation,FRAF,287028352,63.79,United States
2684,Fulcrum Therapeutics,FULC,286877696,3.76,United States
2685,Newegg,NEGG,286295104,13.65,United States
2686,First United Corporation,FUNC,285969472,44.31,United States
2687,QNB Corp.,QNBC,284013536,45.74,United States
2688,Saratoga Investment,SAR,283667360,17.64,United States
2689,Hawthorn Bancshares,HWBK,283262656,38.73,United States
2690,Ames National Corp.,ATLO,282633888,31.91,United States
2691,Blend Labs,BLND,281450848,1.19,United States
2692,Chicago Atlantic Real Estate Finance,REFI,281320160,10.98,United States
2693,Runway Growth Finance,RWAY,280377248,6.69,United States
2694,Palladyne AI,PDYN,280242752,5.68,United States
2695,RCM Technologies,RCMT,280092800,39.39,United States
2696,Marine Products Corporation,MPX,280037408,8.18,United States
2697,E. W. Scripps Company,SSP,279860352,3.02,United States
2698,CPI Card Group,PMTS,279830432,24.14,United States
2699,Matrix Service Company,MTRX,279241248,9.87,United States
2700,Greenwich LifeSciences,GLSI,278739168,18.99,United States
2701,Anika Therapeutics,ANIK,278499520,20.81,United States
2702,NACCO Industries,NC,278323904,36.91,United States
2703,Western New England Bancorp,WNEB,278236704,13.88,United States
2704,Cresco Labs,CRLBF,278105632,0.7479,United States
2705,TechTarget,TTGT,277757408,3.84,United States
2706,Pyxis Oncology,PYXS,277748800,3.33,United States
2707,ChargePoint,CHPT,277095328,10.32,United States
2708,Palisade Bio,PALI,277090208,1.59,United States
2709,Kingstone Companies,KINS,276638912,19.11,United States
2710,Jakks Pacific,JAKK,276168128,24.13,United States
2711,Commerce.com,CMRC,275920448,3.33,United States
2712,Medallion Financial Corp.,MFIN,275063776,11.98,United States
2713,Ready Capital,RC,274748256,1.66,United States
2714,GBank Financial Holdings,GBFH,274651360,18.92,United States
2715,Middlefield Banc,MBCN,273627936,33.67,United States
2716,Syntec Optics,OPTX,273500384,6.79,United States
2717,"NN, Inc.",NNBR,273341280,3.31,United States
2718,Lantronix,LTRX,273226080,5.85,United States
2719,TrueBlue,TBI,272172416,8.94,United States
2720,Portillo's,PTLO,271945056,3.75,United States
2721,NexPoint Diversified Real Estate Trust,NXDT,271371808,5.11,United States
2722,National Bankshares,NKSH,271324704,42.59,United States
2723,GoPro,GPRO,270326816,1.31,United States
2724,Lyell Immunopharma,LYEL,269801600,11.01,United States
2725,Sionna Therapeutics,SION,269095968,5.96,United States
2726,American Realty Investors,ARL,269093024,16.66,United States
2727,Strattec Security,STRT,268811072,67.58,United States
2728,Duos Technologies Group,DUOT,268775136,8.54,United States
2729,LCNB Corp.,LCNB,267851232,18.79,United States
2730,Xperi,XPER,267757296,5.49,United States
2731,Escalade Sports,ESCA,267474816,19.43,United States
2732,CS Disco,LAW,266799120,4.16,United States
2733,Pure Cycle (water),PCYO,266275936,11.05,United States
2734,CAMP4 Therapeutics,CAMP,266073552,4.24,United States
2735,Onity Group,ONIT,265590192,31.79,United States
2736,KinderCare Learning Companies,KLC,265478160,2.24,United States
2737,MacroGenics,MGNX,263718768,4.14,United States
2738,Entrada Therapeutics,TRDA,262822512,6.75,United States
2739,Aviat Networks,AVNW,261919472,20.46,United States
2740,Slam Corp,SLMWF,261266432,11.14,United States
2741,USANA,USNA,261258192,14.14,United States
2742,AerSale,ASLE,261065392,5.47,United States
2743,Lineage Cell Therapeutics,LCTX,260494672,1.03,United States
2744,BRT Apartments,BRT,259723072,13.82,United States
2745,Omega Flex,OFLX,258414640,25.6,United States
2746,The Hackett Group,HCKT,258232320,10.38,United States
2747,Alliance Entertainment,AENT,256315568,5.03,United States
2748,InfuSystem,INFU,255935776,12.85,United States
2749,8x8,EGHT,255650832,1.77,United States
2750,Virginia National Bankshares,VABK,255368016,47.07,United States
2751,U.S. Gold Corp,USAU,254706688,15.41,United States
2752,Sutro Biopharma,STRO,254355168,15.34,United States
2753,Outdoor Holding Company,POWW,254173440,2.19,United States
2754,Gencor Industries,GENC,254164560,17.34,United States
2755,Akebia Therapeutics,AKBA,253746192,0.9157,United States
2756,Richmond Mutual Bancorporation,RMBI,253234384,15.79,United States
2757,PAMT Corp,PAMT,251935328,12.03,United States
2758,Information Services Group,III,251265888,5.19,United States
2759,OpGen,OPGN,251197920,24.75,United States
2760,Jack in the Box,JACK,250482064,13.06,United States
2761,Conduent,CNDT,250388496,1.61,United States
2762,Perma-Pipe International,PPIH,250362720,30.55,United States
2763,AIAI Holdings Corporation,AIAI,250146160,3.54,United States
2764,Huuuge,HUG.WA,249066255,6.05646,United States
2765,Amtech Systems,ASYS,248615024,14.2,United States
2766,Eagle Financial Services,EFSI,248555472,45.93,United States
2767,SEACOR Marine,SMHI,246908720,9.1,United States
2768,Foghorn Therapeutics,FHTX,245855200,4.14,United States
2769,OraSure Technologies,OSUR,245528304,3.56,United States
2770,Aeluma,ALMU,245155680,12.725,United States
2771,Microvast,MVST,245063840,0.6373,United States
2772,Global Water Resources,GWRS,244760496,8.5,United States
2773,Kolibri Global Energy,KGEI,244631328,6.82,United States
2774,"QumulusAI, Inc.",QMLS,244247168,7.3,United States
2775,FutureFuel,FF,243880064,5.56,United States
2776,Ares Commercial Real Estate,ACRE,243007280,4.38,United States
2777,Cartesian Therapeutics,RNAC,242950464,8.03,United States
2778,Third Harmonic Bio,THRD,242787568,5.38,United States
2779,First Internet Bancorp,INBK,242531360,27.77,United States
2780,Silver Bow Mining,SBMT,241543136,8.18,United States
2781,FreightCar America,RAIL,241015904,7.35,United States
2782,HireQuest,HQI,240582032,17.32,United States
2783,BRC Group Holdings,RILY,240394544,5.98,United States
2784,Tredegar,TG,239600304,6.88,United States
2785,Whitehawk Therapeutics,WHWK,239437824,4.2,United States
2786,Immersion Corporation,IMMR,239415552,7.21,United States
2787,"TSS, Inc.",TSSI,238733328,8.46,United States
2788,Richardson Electronics,RELL,238719328,16.06,United States
2789,Infinity Natural Resources,INR,237126608,12.72,United States
2790,Niagen Bioscience,NAGE,236586736,2.99,United States
2791,Acme United,ACU,235780112,61.5,United States
2792,Utah Medical Products,UTMD,235475184,73.96,United States
2793,ALX Oncology,ALXO,235070896,1.7,United States
2794,Dave & Buster's,PLAY,234410240,6.73,United States
2795,Asure Software,ASUR,234211344,8.11,United States
2796,Peoples Bancorp of North Carolina,PEBK,234191600,44.01,United States
2797,B&amp;G Foods,BGS,234073952,2.88,United States
2798,American Well,AMWL,233870416,13.75,United States
2799,Community Bancorp,CMTV,233781664,41.74,United States
2800,EVI Industries,EVI,233230224,18.11,United States
2801,Pro-Dex,PDEX,232401888,72.55,United States
2802,Vuzix,VUZI,232139136,2.75,United States
2803,Chicago Atlantic BDC,LIEN,232085408,10.17,United States
2804,Silvaco Group,SVCO,231778608,6.84,United States
2805,Limoneira,LMNR,230820448,12.73,United States
2806,OP Bancorp (Open Bank),OPBK,230111600,15.41,United States
2807,SmartRent,SMRT,229934160,1.2,United States
2808,Lightbridge Corporation,LTBR,229744720,6.52,United States
2809,Torrid Holding,CURV,229354688,2.3,United States
2810,Better Home & Finance Holding Company,BETR,229122880,12.06,United States
2811,Nature's Sunshine Products,NATR,229093680,13.02,United States
2812,Smart Sand,SND,228106944,5.38,United States
2813,"AstroNova, Inc.",ALOT,227316416,28.99,United States
2814,Meridian Corporation,MRBK,227248352,19.05,United States
2815,Turtle Beach Corp,TBCH,227095152,12.68,United States
2816,HMH Holding,HMH,227003488,18.85,United States
2817,Security National Financial Corporation,SNFCA,226844704,8.71,United States
2818,Rare Earths Americas,REA,225878048,11.32,United States
2819,One Stop Systems,OSS,225753952,9.05,United States
2820,SIGA Technologies,SIGA,225608096,3.14,United States
2821,Stellus Capital Investment Corporation,SCM,224991504,7.9,United States
2822,Anavex Life Sciences,AVXL,224326352,2.42,United States
2823,CF Bankshares,CFBK,223981312,34.5,United States
2824,MBIA,MBI,223962176,4.39,United States
2825,Nu Skin,NUS,222938976,4.58,United States
2826,RGC Resources,RGCO,222665920,21.37,United States
2827,Invivyd,IVVD,222631280,0.7553,United States
2828,PennantPark Investment,PNNT,222006736,3.4,United States
2829,Keros Therapeutics,KROS,221866224,11.19,United States
2830,Neuronetics,STIM,220971952,2.9,United States
2831,AIRO Group Holdings,AIRO,220891408,7.0,United States
2832,RideNow Group,RDNW,220022528,5.64,United States
2833,Hudson Technologies,HDSN,217597792,5.17,United States
2834,Spok Holdings,SPOK,217339440,10.39,United States
2835,RxSight,RXST,216284928,5.2,United States
2836,CARGO Therapeutics,CRGX,216188416,4.47,United States
2837,Modiv Industrial,MDV,215101808,18.05,United States
2838,Angi Inc.,ANGI,214948144,5.3,United States
2839,GrafTech,EAF,214477600,8.22,United States
2840,RCI Hospitality Holdings,RICK,214198896,28.02,United States
2841,Core Molding Technologies,CMT,214146624,24.2,United States
2842,Alector,ALEC,213264720,1.91,United States
2843,Eledon Pharmaceuticals,ELDN,212904208,2.62,United States
2844,American Resources Corp,AREC,211803120,1.98,United States
2845,DHI Group,DHX,211672688,4.9,United States
2846,Forrester Research,FORR,211332912,11.1,United States
2847,Ohio Valley Banc Corp,OVBC,211288432,44.85,United States
2848,Protara Therapeutics,TARA,209788976,3.55,United States
2849,ACRES Commercial Realty,ACR,209384448,13.36,United States
2850,Neostellar Capital Corp.,NSLR,208873712,7.89,United States
2851,Coherus BioSciences,CHRS,208576304,1.35,United States
2852,Journey Medical,DERM,206320336,7.31,United States
2853,Kaltura,KLTR,204418640,1.34,United States
2854,Expensify,EXFY,204258128,2.24,United States
2855,National CineMedia,NCMI,204132864,2.17,United States
2856,Rhinebeck Bancorp,RBKB,203111200,12.99,United States
2857,Octave Specialty Group,OSG,202731696,4.5,United States
2858,Nkarta,NKTX,202698160,2.83,United States
2859,Zumiez,ZUMZ,202364096,13.2,United States
2860,flyExclusive,FLYX,202175632,1.33,United States
2861,Claros Mortgage Trust,CMTG,201750416,1.43,United States
2862,Motorcar Parts of America,MPAA,201449344,10.64,United States
2863,Comstock Inc.,LODE,201381584,2.65,United States
2864,NeoVolta,NEOV,200723680,3.41,United States
2865,TPG Mortgage Investment Trust,MITT,200679936,6.31,United States
2866,SES AI,SES,200458064,0.5399,United States
2867,Stoneridge,SRI,199660112,7.0,United States
2868,Sidus Space,SIDU,199413904,1.97,United States
2869,Alta Equipment Group,ALTG,198614576,6.08,United States
2870,Beyond Meat,BYND,197902528,11.51,United States
2871,Franklin Covey,FC,197868656,17.52,United States
2872,Superior Group of Companies,SGC,197720480,12.4,United States
2873,DeFi Development,DFDV,197681984,6.06,United States
2874,Oramed Pharmaceuticals,ORMP,197171440,4.74,United States
2875,PepGen,PEPG,197132256,2.85,United States
2876,"Merlin, Inc.",MRLN,197082176,1.95,United States
2877,Angel Oak Mortgage REIT,AOMR,196825728,7.9,United States
2878,Quicklogic,QUIK,196366176,10.72,United States
2879,LoveSac,LOVE,194716352,13.5,United States
2880,Landmark Bancorp,LARK,194424016,31.87,United States
2881,Taylor Devices,TAYD,193758912,60.08,United States
2882,Acumen Pharmaceuticals,ABOS,191640816,2.65,United States
2883,AN2 Therapeutics,ANTX,190568000,5.05,United States
2884,Voyager Therapeutics,VYGR,190399456,3.09,United States
2885,GCT Semiconductor,GCTS,190377328,2.07,United States
2886,Lifetime Brands,LCUT,188508448,8.2,United States
2887,Hanover Bancorp,HNVR,187885936,26.63,United States
2888,Tharimmune,THAR,187371472,4.74,United States
2889,Crexendo,CXDO,187218848,5.63,United States
2890,TON Strategy Co.,TONX,186694048,3.39,United States
2891,Amplify Energy,AMPY,186554016,4.5,United States
2892,Tonix Pharmaceuticals,TNXP,186431632,10.87,United States
2893,Exascale Labs Holdings,XLAB,185176000,2.93,United States
2894,United Security Bancshares,UBFO,185027760,10.51,United States
2895,"Belpointe PREP, LLC",OZ,184441808,45.5,United States
2896,SB Financial Group,SBFG,184338208,29.48,United States
2897,Epsilon Energy,EPSN,184125376,6.08,United States
2898,Precision BioSciences,DTIL,184102368,6.67,United States
2899,ECB Bancorp,ECBK,182792720,20.92,United States
2900,Organogenesis,ORGO,182717840,1.42,United States
2901,Citizens Inc,CIA,181302320,3.58,United States
2902,BV Financial,BVFL,180847392,21.35,United States
2903,Xponential Fitness,XPOF,180737056,3.65,United States
2904,Westwood Holdings Group,WHG,179602112,18.82,United States
2905,"Domo, Inc.",DOMO,176855968,3.76,United States
2906,MainStreet Bancshares,MNSB,175676944,24.67,United States
2907,Unisys,UIS,174998288,2.4,United States
2908,Minerva Neurosciences,NERV,174756080,3.66,United States
2909,FinWise Bancorp,FINW,173949984,12.53,United States
2910,PEDEVCO,PED,172264496,12.96,United States
2911,SKYX Platforms,SKYX,171997360,1.27,United States
2912,Lifecore Biomedical,LFCR,168824656,4.46,United States
2913,Shutterstock,SSTK,167742480,4.54,United States
2914,Tingo Group,TIO,166947568,0.69,United States
2915,Solana Company,HSDT,166866016,2.76,United States
2916,AirSculpt Technologies,AIRS,166539920,2.31,United States
2917,Seven Hills Realty Trust,SEVN,166299488,7.34,United States
2918,CuriosityStream,CURI,164959712,2.78,United States
2919,MediciNova,MNOV,163414544,3.32,United States
2920,Lee Enterprises,LEE,163400688,7.33,United States
2921,Quantum-Si,QSI,163090400,0.7451,United States
2922,KORE Group,KORE,163005168,9.25,United States
2923,Humacyte,HUMA,162678576,0.5856,United States
2924,Duluth Holdings,DLTH,162661408,4.28,United States
2925,Quipt Home Medical,QIPT,162297152,3.65,United States
2926,NET Power,NPWR,161919648,1.83,United States
2927,Atomera,ATOM,160779040,4.12,United States
2928,"1-800-Flowers.com, Inc.",FLWS,159179040,2.48,United States
2929,Ellington Credit Company,EARN,158916032,4.23,United States
2930,Outlook Therapeutics,OTLK,158873872,0.6526,United States
2931,WhiteHorse Finance,WHF,158281600,7.37,United States
2932,BCB Bancorp,BCBP,157847888,8.72,United States
2933,Aemetis,AMTX,155886320,2.16,United States
2934,Armata Pharmaceuticals,ARMP,155420672,4.18,United States
2935,LifeMD,LFMD,155206688,3.22,United States
2936,SITE Centers,SITC,154802256,2.95,United States
2937,Bassett Furniture,BSET,154030608,17.79,United States
2938,The Eastern Company,EML,153989312,25.59,United States
2939,Douglas Elliman,DOUG,153604896,1.69,United States
2940,Atrium Therapeutics,RNA,153095504,8.95,United States
2941,Mammoth Energy Services,TUSK,153045728,3.18,United States
2942,Jeld-Wen,JELD,152703552,1.76,United States
2943,Spruce Biosciences,SPRB,152466384,53.05,United States
2944,OneWater Marine,ONEW,152323760,9.14,United States
2945,Tenaya Therapeutics,TNYA,152319456,0.6793,United States
2946,Assertio Holdings,ASRT,151861232,23.5,United States
2947,Lucid Diagnostics,LUCD,150028432,0.7857,United States
2948,Codexis,CDXS,148927840,1.36,United States
2949,ReposiTrak,TRAK,148841488,8.19,United States
2950,Waldencast,WALD,148781440,1.16,United States
2951,KORU Medical Systems,KRMD,148363584,3.23,United States
2952,Korro Bio,KRRO,147550976,10.02,United States
2953,Elme Communities,ELME,147504080,1.66,United States
2954,Datavault AI,DVLT,145973280,0.1537,United States
2955,Stratus Properties,STRS,145684688,18.25,United States
2956,Quanterix,QTRX,145189696,3.07,United States
2957,Immunic,IMUX,144904240,10.62,United States
2958,Clipper Realty,CLPR,144839616,3.41,United States
2959,Corbus Pharmaceuticals,CRBP,144672864,7.48,United States
2960,NRx Pharmaceuticals,NRXP,143741952,3.32,United States
2961,Hurco Companies,HURC,143644816,22.18,United States
2962,First Guaranty Bancshares,FGBI,143063152,8.65,United States
2963,Hooker Furnishings,HOFT,141778528,13.26,United States
2964,Lake Shore Bancorp,LSBK,141054032,17.96,United States
2965,eGain,EGAN,140279072,5.36,United States
2966,Affinity Bancshares,AFBI,140182352,23.0,United States
2967,NCS Multistage,NCSM,140018304,53.35,United States
2968,Conexeu Sciences,CNXU,139905216,4.96,United States
2969,Streamex Corp.,STEX,139403472,0.6181,United States
2970,Orion Properties,ONL,139189104,2.44,United States
2971,inTEST Corporation,INTT,138518496,10.8,United States
2972,"Owlet, Inc.",OWLT,138510736,4.74,United States
2973,Vince Holding,VNCE,138508816,10.7,United States
2974,Shimmick,SHIM,138061648,3.34,United States
2975,Skillz,SKLZ,137970800,8.84,United States
2976,OptimizeRx,OPRX,137314096,7.29,United States
2977,Neumora Therapeutics,NMRA,137164016,0.73,United States
2978,Clarus,CLAR,137071600,3.58,United States
2979,Oxford Square Capital,OXSQ,136788880,1.27,United States
2980,Inogen,INGN,136407040,5.14,United States
2981,RGP (Resources Connection),RGP,136396752,3.96,United States
2982,1stdibs.com,DIBS,135805776,4.04,United States
2983,Health Catalyst,HCAT,134708928,1.79,United States
2984,Legacy Education,LGCY,133605528,10.56,United States
2985,Black Rifle Coffee Company (BRCC),BRCC,133332712,9.36,United States
2986,Red Robin,RRGB,133271456,7.05,United States
2987,Stereotaxis,STXS,133268896,1.33,United States
2988,Medifast,MED,131596880,11.77,United States
2989,Braemar Hotels &amp; Resorts,BHR,131431320,1.79,United States
2990,Insight Molecular Diagnostics,IMDX,130897136,4.0,United States
2991,KVH Industries,KVHI,130796336,7.21,United States
2992,Wheels Up,UP,129846784,3.58,United States
2993,Apyx Medical,APYX,128899512,3.06,United States
2994,Smith-Midland Corporation,SMID,128477552,24.22,United States
2995,Inovio Pharmaceuticals,INO,128212928,1.24,United States
2996,Team Inc,TISI,128100696,27.95,United States
2997,LENZ Therapeutics,LENZ,127880808,4.07,United States
2998,Elite Express,ETS,126663344,2.6,United States
2999,Tillys,TLYS,126631272,4.14,United States
3000,DMC Global,BOOM,126532240,6.16,United States
3001,PLBY Group (Playboy),PLBY,125798064,1.05,United States
3002,vTv Therapeutics,VTVT,125734904,31.8,United States
3003,Sound Financial Bancorp,SFBC,125577304,48.9,United States
3004,Magyar Bancorp,MGYR,125234424,19.4,United States
3005,Unifi,UFI,123987536,6.67,United States
3006,Nautilus Biotechnology,NAUT,122928552,0.966,United States
3007,MaxCyte,MXCT,122815392,1.19,United States
3008,Oconee Federal Financial,OFED,122222560,21.0,United States
3009,Inspired Entertainment,INSE,122173128,4.58,United States
3010,Vera Bradley,VRA,121926824,4.25,United States
3011,Equillium,EQ,121743512,1.92,United States
3012,Rani Therapeutics,RANI,121127824,0.862,United States
3013,Fonar Corporation,FONR,120195888,19.09,United States
3014,a.k.a. Brands,AKA,119802536,10.9,United States
3015,ALT5 Sigma,ALTS,119560224,0.855,United States
3016,OnKure Therapeutics,OKUR,119464112,2.95,United States
3017,The Joint Corp.,JYNT,119368216,8.44,United States
3018,Commercial Vehicle Group (CVG),CVGI,119053752,2.93,United States
3019,Union Bankshares,UNB,118502992,23.96,United States
3020,Vaxart,VXRT,118188856,0.486,United States
3021,Riverview Bancorp,RVSB,118122864,5.92,United States
3022,Aardvark Therapeutics,AARD,117740472,5.38,United States
3023,Provident Financial Holdings,PROV,116013960,18.61,United States
3024,Coya Therapeutics,COYA,114708872,4.89,United States
3025,Genelux,GNLX,114470696,2.53,United States
3026,Pathfinder Bancorp,PBHC,113141152,18.02,United States
3027,Fluent,FLNT,112521224,3.56,United States
3028,Proficient Auto Logistics,PAL,112492232,4.01,United States
3029,Orion Energy Systems,OESX,112455368,27.5,United States
3030,Digimarc,DMRC,112376640,5.0,United States
3031,INNOVATE Corp.,VATE,111317624,8.16,United States
3032,Veritone,VERI,110502784,1.1,United States
3033,KULR Technology Group,KULR,109684352,2.37,United States
3034,Vivani Medical,VANI,107342000,1.19,United States
3035,U.S. GoldMining,USGO,106671592,7.6,United States
3036,Rafael Holdings,RFL,106599992,2.05,United States
3037,Seritage Growth Properties,SRG,105890264,1.88,United States
3038,Cherry Hill Mortgage Investment,CHMI,105691072,2.82,United States
3039,electroCore,ECOR,105305536,11.68,United States
3040,HilleVax,HLVX,104762376,2.09,United States
3041,Stabilis Solutions,SLNG,104139280,5.6,United States
3042,5E Advanced Materials,FEAM,103788064,2.5,United States
3043,Seer Inc,SEER,102991952,1.86,United States
3044,Definitive Healthcare,DH,102474920,0.96,United States
3045,Zevia,ZVIA,102433840,1.42,United States
3046,Lakeland Industries,LAKE,102193552,10.29,United States
3047,Polaryx Therapeutics,PLYX,101685824,2.04,United States
3048,Ascend Wellness (AWH),AAWH,101606392,0.5,United States
3049,Broadwind,BWEN,101016976,4.27,United States
3050,ReneSola,SOL,99563952,1.94,United States
3051,Logistic Properties of the Americas,LPA,99533720,3.14,United States
3052,Kewaunee Scientific Corporation,KEQU,98760288,34.11,United States
3053,Cable One,CABO,98556080,17.37,United States
3054,First Northwest Bancorp,FNWB,98540328,10.36,United States
3055,Virco Manufacturing,VIRC,98366200,6.24,United States
3056,Siebert Financial,SIEB,97848840,2.39,United States
3057,MediaCo Holding,MDIA,97463032,1.16,United States
3058,Atara Biotherapeutics,ATRA,97265408,9.69,United States
3059,Park Dental Partners,PARK,96722440,20.34,United States
3060,Anixa Biosciences,ANIX,96295728,2.77,United States
3061,Townsquare Media,TSQ,96080744,5.27,United States
3062,Fractyl Health,GUTS,95507904,0.6,United States
3063,Zomedica Pharmaceuticals,ZOM,95349136,0.0973,United States
3064,Ultralife Corporation,ULBI,94147472,5.65,United States
3065,Wrap Technologies,WRAP,93900248,1.52,United States
3066,Cullman Bancorp,CULL,93898888,17.0,United States
3067,Buzzfeed,BZFD,93334904,1.12,United States
3068,Getty Images,GETY,92585880,0.2232,United States
3069,GrowGeneration,GRWG,92505104,1.57,United States
3070,AudioEye,AEYE,92261408,7.34,United States
3071,Momentus Inc.,MNTS,91807008,4.18,United States
3072,Microbot Medical,MBOT,91344128,1.36,United States
3073,Rallybio,RLYB,91323320,17.19,United States
3074,Golden Matrix Group,GMGI,89996768,0.6372,United States
3075,Tile Shop Holdings,TTSH,89598912,2.25,United States
3076,Arq Inc.,ARQ,89520392,2.05,United States
3077,HF Foods Group,HFFG,88964504,1.6,United States
3078,Pulmonx,LUNG,88902912,2.07,United States
3079,Aptera Motors,SEV,87978584,2.17,United States
3080,SkinHealth Systems,SKIN,87845016,0.675,United States
3081,Upexi,UPXI,87408312,1.19,United States
3082,Atlas Lithium,ATLX,87289432,2.9,United States
3083,Charlotte's Web,CWEB.TO,87240107,0.321573,United States
3084,Drilling Tools International,DTI,87147096,2.47,United States
3085,BCP Investment Corporation,BCIC,87057080,7.03,United States
3086,LENSAR,LNSR,86861064,7.07,United States
3087,Blink Charging,BLNK,86847280,0.5992,United States
3088,PhenixFIN,PFX,86598280,44.84,United States
3089,Velo3D,VLDX,86513896,6.15,United States
3090,Marpai,MRAI,86392064,3.22,United States
3091,Surf Air Mobility,SRFM,86340776,0.6983,United States
3092,Adicet Bio,ACET,85938480,9.18,United States
3093,Telomir Pharmaceuticals,TELO,84593200,1.23,United States
3094,Smith Douglas Homes,SDHC,84260536,10.04,United States
3095,Venu Holding Corporation,VENU,83753720,1.49,United States
3096,Fortress Biotech,FBIO,83710992,2.51,United States
3097,"Air T, Inc.",AIRT,83591776,31.0,United States
3098,Summit State Bank,SSBI,83567712,12.35,United States
3099,Hyperfine,HYPR,83216392,0.7847,United States
3100,Martin Midstream Partners,MMLP,82944336,2.12,United States
3101,OS Therapies,OSTX,82845256,1.77,United States
3102,SelectQuote,SLQT,82494968,0.4672,United States
3103,iBio,IBIO,82313288,1.28,United States
3104,Jushi Holdings,JUSHF,82261016,0.41193,United States
3105,Sera Prognostics,SERA,82252136,2.085,United States
3106,Hennessy Advisors,HNNA,82047776,10.38,United States
3107,Aldeyra Therapeutics,ALDX,82043936,1.36,United States
3108,Interlink Electronics,LINK,81602656,5.18,United States
3109,Thryv,THRY,81323576,1.83,United States
3110,CVRx,CVRX,80990448,3.04,United States
3111,Noodles &amp; Company,NDLS,80967576,13.57,United States
3112,Home Federal Bancorp (HFB Bank),HFBL,80655376,26.51,United States
3113,PMV Pharmaceuticals,PMVP,80187088,1.5,United States
3114,The InterGroup Corporation,INTG,80000272,37.23,United States
3115,MAIA Biotechnology,MAIA,79692808,1.31,United States
3116,Lifevantage,LFVN,79548656,6.35,United States
3117,Acrivon Therapeutics,ACRV,79278720,1.85,United States
3118,Blackboxstocks,BLBX,78138184,18.15,United States
3119,AMC Robotics Corporation,AMCI,77741520,3.35,United States
3120,Chegg,CHGG,77219616,0.6955,United States
3121,Steel Connect,STCN,77168096,12.18,United States
3122,Advanced Flower Capital,AFCG,77067832,3.43,United States
3123,Verrica Pharmaceuticals,VRCA,76445600,4.45,United States
3124,Cingulate,CING,76199168,5.24,United States
3125,Great Elm Capital,GECC,75699136,5.45,United States
3126,Ispire Technology,ISPR,75658352,1.31,United States
3127,Comscore,SCOR,75314256,4.96,United States
3128,LanzaTech Global,LNZA,74870008,5.72,United States
3129,Tigo Energy,TYGO,74846696,0.9749,United States
3130,NSTS Bancorp,NSTS,73859024,14.06,United States
3131,Silvercrest Asset Management Group,SAMG,73681184,9.42,United States
3132,"SoundThinking 
 (ShotSpotter)",SSTI,73453944,5.58,United States
3133,Sono-Tek Corporation,SOTK,72611256,4.62,United States
3134,United Homes Group,UHG,71769208,1.22,United States
3135,Northern Technologies International,NTIC,71664608,7.55,United States
3136,PodcastOne,PODC,71396360,2.36,United States
3137,Research Solutions,RSSS,69888720,2.07,United States
3138,New Fortress Energy,NFE,69809112,12.22,United States
3139,Genasys,GNSS,69679272,1.53,United States
3140,Full House Resorts,FLL,69624512,1.9,United States
3141,Rein Therapeutics,RNTX,69013624,0.8,United States
3142,CarParts.com,PRTS,69001360,8.52,United States
3143,Westwater Resources,WWR,68820760,0.5353,United States
3144,Battalion Oil,BATL,68738592,1.2,United States
3145,Pliant Therapeutics,PLRX,68733304,1.11,United States
3146,Accendra Health,ACH,68422112,0.8897,United States
3147,Regis Corporation,RGS,68241624,27.31,United States
3148,CleanCore Solutions,ZONE,68183864,0.1358,United States
3149,Airgain,AIRG,67815424,5.35,United States
3150,Forian,FORA,67792720,2.17,United States
3151,tinyBuild,8Z3.F,67760465,0.172295,United States
3152,Usio,USIO,67534128,2.37,United States
3153,Energous,WATT,67485536,12.21,United States
3154,Inseego,INSG,67222800,4.13,United States
3155,Universal Electronics,UEIC,66873472,5.19,United States
3156,XBiotech,XBIT,66768136,2.19,United States
3157,Ideal Power,IPWR,66231664,4.03,United States
3158,SunPower,SPWR,66209508,0.3171,United States
3159,Airship AI,AISP,66123952,1.92,United States
3160,Geospace Technologies,GEOS,65971576,5.1,United States
3161,Spero Therapeutics,SPRO,65805356,1.13,United States
3162,Gossamer Bio,GOSS,65628872,10.73,United States
3163,"FreeCast, Inc.",CAST,65186056,1.37,United States
3164,INmune Bio,INMB,64666324,2.33,United States
3165,Off the Hook YS Inc,OTH,64247460,2.57,United States
3166,AgEagle Aerial Systems,UAVS,64163816,1.02,United States
3167,MindWalk Holdings,HYFT,64071868,1.36,United States
3168,American Vanguard,AVD,64016372,2.17,United States
3169,LeonaBio,LONA,63973092,6.79,United States
3170,Great Elm Group,GEG,63927036,2.15,United States
3171,Boundless Bio,BOLD,63921832,2.81,United States
3172,AMCON Distributing Company,DIT,63229360,64.78,United States
3173,Rent the Runway,RENT,63109464,1.86,United States
3174,Hour Loop,HOUR,62303680,1.77,United States
3175,WM Technology,MAPS,61859920,0.3552,United States
3176,MiNK Therapeutics,INKT,61491176,12.05,United States
3177,Hyperion DeFi,HYPD,60914584,3.92,United States
3178,Identiv,INVE,60831736,2.51,United States
3179,BranchOut Food,BOF,60648704,3.73,United States
3180,Talphera,TLPH,60210720,1.16,United States
3181,TTEC,TTEC,60141048,1.22,United States
3182,Rekor Systems,REKR,59858112,0.4349,United States
3183,eXoZymes,EXOZ,59725544,6.435,United States
3184,iLearningEngines,AILE,59292656,0.42,United States
3185,Outset Medical,OM,59211068,3.15,United States
3186,Solitario Resources,XPL,58874800,0.6218,United States
3187,Heron Therapeutics,HRTX,58797260,0.3097,United States
3188,Myomo,MYO,58619628,1.48,United States
3189,PDS Biotechnology,PDSB,58377972,0.8055,United States
3190,Solidion Technology,STI,57971972,6.81,United States
3191,Castellum,CTM,57750240,0.6093,United States
3192,Travelzoo,TZOO,57541180,5.64,United States
3193,Global Self Storage,SELF,57449744,5.03,United States
3194,Serina Therapeutics,SER,57151064,2.25,United States
3195,Idaho Copper Corporation,COPR,57023856,3.22,United States
3196,Playstudios,MYPS,56649244,0.4716,United States
3197,Saga Communications,SGA,56522516,8.89,United States
3198,TELA Bio,TELA,56429260,1.25,United States
3199,Skillsoft,SKIL,56331748,6.19,United States
3200,Rapid Micro Biosystems,RPID,56178704,1.12,United States
3201,Verde Clean Fuels,VGAS,56132524,1.26,United States
3202,GEN Restaurant Group,GENK,56039852,1.7,United States
3203,AEye,LIDR,56006604,1.2,United States
3204,Marchex,MCHX,55865740,1.26,United States
3205,ImageneBio,IMA,55619496,4.89,United States
3206,374Water,SCWO,55457844,3.13,United States
3207,Where Food Comes From,WFCF,54925680,11.03,United States
3208,TechPrecision,TPCS,54719612,5.4,United States
3209,Allied Esports,AESE,54324936,1.3899,United States
3210,Abundia Global Impact Group,AGIG,54304896,1.23,United States
3211,Laser Photonics,LASE,54111872,0.8919,United States
3212,The Arena Group,AREN,53323932,1.12,United States
3213,BG Staffing,BGSF,52864836,4.95,United States
3214,TransAct Technologies,TACT,52654800,5.1,United States
3215,Greenland Energy Company,GLND,52476232,1.2,United States
3216,The ONE Group Hospitality,STKS,52286888,1.65,United States
3217,Luna Innovations,LUNA,52045528,1.5,United States
3218,Greenidge Generation Holdings,GREE,51500392,2.84,United States
3219,BBX Capital Corporation,BBXIA,51157092,3.7,United States
3220,MarketWise,MKTW,50994904,18.26,United States
3221,Hain Celestial,HAIN,50988572,0.5603,United States
3222,MicroVision,MVIS,50777492,1.66,United States
3223,Vroom,VRM,50302160,9.61,United States
3224,Sensus Healthcare,SRTS,50209280,3.05,United States
3225,Cato Fashion,CATO,49978988,2.51,United States
3226,First Breach Inc.,FBDT,48804176,0.875,United States
3227,Annovis Bio,ANVS,48654128,1.14,United States
3228,Teads,TEAD,48591288,0.4955,United States
3229,Prairie Operating,PROP,48300108,0.4282,United States
3230,"RYTHM, Inc.",RYM,48161960,22.41,United States
3231,Instil Bio,TIL,48084216,7.09,United States
3232,Intellicheck,IDN,47626848,2.35,United States
3233,Precipio,PRPO,47368372,26.46,United States
3234,Werewolf Therapeutics,HOWL,46898096,0.965,United States
3235,Heritage Global,HGBL,46416856,1.34,United States
3236,Elauwit Connection,ELWT,46272372,6.99,United States
3237,"Culp, Inc.",CULP,46229228,3.63,United States
3238,Sachem Capital,SACH,46036444,0.96,United States
3239,the Marygold Companies,MGLD,45943888,1.06,United States
3240,IZEA Worldwide,IZEA,45891912,2.635,United States
3241,Sportsman's Warehouse,SPWH,45795512,1.17,United States
3242,The Children's Place,PLCE,45363616,2.04,United States
3243,Reading International,RDI,45093552,1.97,United States
3244,Manhattan Bridge Capital,LOAN,45016508,3.94,United States
3245,Comtech Telecommunications,CMTL,44942148,1.5,United States
3246,Xtant Medical,XTNT,44892148,0.32,United States
3247,GenFlat Holdings,GFLT,44557796,3.4,United States
3248,Devolver Digital,DEVO.L,44420417,0.0920619,United States
3249,Grove Collaborative,GROV,44409088,1.04,United States
3250,Vivid Seats,SEAT,44402720,3.95,United States
3251,Grace Therapeutics,GRCE,44385812,2.11,United States
3252,"Stem, Inc",STEM,44379292,4.61,United States
3253,SCYNEXIS,SCYX,44375256,4.46,United States
3254,Planet13,PLTH.CN,44330021,0.132202,United States
3255,Odyssey Marine Exploration,OMEX,43742692,0.7453,United States
3256,Karyopharm Therapeutics,KPTI,42641144,1.88,United States
3257,LiveOne,LVO,42369428,3.09,United States
3258,Laird Superfood,LSF,42309100,3.78,United States
3259,Ekso Bionics,EKSO,42047896,11.8,United States
3260,AXIL Brands,AXIL,41959488,6.15,United States
3261,Metagenomi,MGX,41554816,1.1,United States
3262,Massimo Motor,MAMO,41466060,0.9958,United States
3263,Veru,VERU,41091272,2.41,United States
3264,Rave Restaurant Group,RAVE,40929316,2.88,United States
3265,Pixelworks,PXLW,40772908,6.74,United States
3266,Granite Point Mortgage Trust,GPMT,40583128,0.8469,United States
3267,Seres Therapeutics,MCRB,40179124,4.0,United States
3268,Phunware,PHUN,40106844,1.96,United States
3269,PAVmed,PAVM,38976996,3.96,United States
3270,Pioneer Power Solutions,PPSI,38958424,3.51,United States
3271,VIDA Global Inc.,VIDA,38818108,1.94,United States
3272,Actinium Pharmaceuticals,ATNM,38358552,1.22,United States
3273,LivePerson,LPSN,38245620,3.1,United States
3274,Celularity,CELU,37919204,1.31,United States
3275,Plutus Financial Group,PLUT,37761000,2.46,United States
3276,Elutia,ELUT,37645848,0.85,United States
3277,U.S. Global Investors,GROW,37632480,3.06,United States
3278,Milestone Scientific,MLSS,36924012,0.4075,United States
3279,"Xos, Inc.",XOS,36824236,2.59,United States
3280,Spruce Power,SPRU,36771676,1.91,United States
3281,CervoMed,CRVO,36739404,2.43,United States
3282,Enzo Biochem,ENZB,36587800,0.69887,United States
3283,NanoViricides,NNVC,36248840,1.42,United States
3284,Harvard Bioscience,HBIO,36190824,7.95,United States
3285,The Beachbody Company,BODI,35950172,4.935,United States
3286,aTyr Pharma,ATYR,35605736,0.363,United States
3287,DocGo,DCGO,35535068,0.3592,United States
3288,Cryo-Cell International,CCEL,35475660,4.4,United States
3289,Kartoon Studios,TOON,35456340,0.57,United States
3290,Scilex Holding,SCLX,35455076,5.04,United States
3291,Franklin Street Properties,FSP,35363984,0.34,United States
3292,Filana Therapeutics,FLNA,35071532,0.726,United States
3293,PetMed Express,PETS,34903052,1.61,United States
3294,LianBio,LIAN,34472096,0.319,United States
3295,Harte Hanks,HHS,34214964,4.59,United States
3296,Destination XL,DXLG,34009664,0.6133,United States
3297,Koss,KOSS,33984512,3.59,United States
3298,Context Therapeutics,CNTX,33820724,0.3681,United States
3299,Gaia,GAIA,33562048,1.32,United States
3300,VirTra,VTSI,33392892,2.95,United States
3301,KLX Energy Services,KLXE,32507400,1.52,United States
3302,Rockwell Medical,RMTI,32505698,8.065,United States
3303,Century Casinos,CNTY,32076968,1.14,United States
3304,Beasley Broadcast Group,BBGI,31904370,17.22,United States
3305,Southland Holdings,SLND,31741198,0.5831,United States
3306,Salem Media Group,SALM,31670764,1.0,United States
3307,Enviva,EVA,31273630,0.4198,United States
3308,Workhorse Group,WKHS,31255752,2.86,United States
3309,BeyondSpring,BYSI,30831642,0.7498,United States
3310,Sangamo Therapeutics,SGMO,30657374,0.074,United States
3311,BioLargo,BLGO,30572018,0.093,United States
3312,Beam Global,BEEM,29875978,1.32,United States
3313,Quest Resource Holding,QRHC,29529998,1.4,United States
3314,IGC Pharma,IGC,29464442,0.285,United States
3315,Cel-Sci,CVM,29197720,1.66,United States
3316,System1,SST,29000710,3.33,United States
3317,Lulu's Fashion Lounge,LVLU,28744476,10.01,United States
3318,Kyntra Bio,KYNB,28647552,7.075,United States
3319,Old Market Capital Corporation,OMCC,28633654,4.2,United States
3320,MariMed,MRMD,28615888,0.071,United States
3321,NOMADAR,NOMA,28453646,1.6,United States
3322,Katapult Holdings,KPLT,28342708,5.7,United States
3323,eHealth,EHTH,28217764,0.889,United States
3324,Farmer Brothers,FARM,28089448,1.28,United States
3325,Accuray,ARAY,27901022,0.2336,United States
3326,Ascent Solar Technologies,ASTI,27584170,2.81,United States
3327,Local Bounti,LOCL,27354740,1.17,United States
3328,Latch,LTCH,27333276,0.165,United States
3329,Allbirds,BIRD,27161144,2.3,United States
3330,Crown Crafts,CRWS,27115924,2.52,United States
3331,Knightscope,KSCP,26924926,1.14,United States
3332,Zoom Telephonics,MINM,26534076,3.61,United States
3333,Hoth Therapeutics,HOTH,26013596,1.36,United States
3334,GEE Group,JOB,25819612,0.235,United States
3335,TherapeuticsMD,TXMD,25347854,2.19,United States
3336,HeartSciences Inc.,HSCS,24960894,5.2,United States
3337,Live Ventures,LIVE,24531166,7.9863,United States
3338,PermRock Royalty Trust,PRT,24416624,2.007,United States
3339,SPI Energy,SPI,24207974,0.766,United States
3340,Cocrystal Pharma,COCP,23308472,1.21,United States
3341,Avant Technologies Inc.,AVAI,23087484,0.15,United States
3342,Aytu BioScience,AYTU,22754400,2.12,United States
3343,HeartBeam,BEAT,22703082,0.4029,United States
3344,Zeo Energy,ZEO,22401618,0.246,United States
3345,Atossa Therapeutics,ATOS,22154042,2.22,United States
3346,Cardlytics,CDLX,22082684,3.75,United States
3347,Femasys,FEMY,21691320,2.59,United States
3348,180 Life Sciences,ATNF,21620372,3.58,United States
3349,Retractable Technologies,RVP,21533798,0.7193,United States
3350,TScan Therapeutics,TCRX,21140350,0.3119,United States
3351,Exyn Technologies,EXYN,20839366,2.62,United States
3352,Jasper Therapeutics,JSPR,20557024,0.6178,United States
3353,Bionano Genomics,BNGO,20374210,1.73,United States
3354,Neuphoria Therapeutics,NEUP,19996838,3.7,United States
3355,Lantern Pharma,LTRN,19815426,1.55,United States
3356,Biofrontera,BFRI,19605114,1.32,United States
3357,Urban One,UONE,19567446,4.24,United States
3358,Palatin Technologies,PTN,19322926,10.86,United States
3359,SPAR Group,SGRP,19311022,0.68,United States
3360,NextNRG,NXXT,19167212,1.14,United States
3361,Motorsport Gaming,MSGM,19043528,4.15,United States
3362,Barfresh Food Group,BRFH,18428234,1.13,United States
3363,Ashford Hospitality Trust,AHT,18345796,2.74,United States
3364,Lipocine,LPCN,18219800,2.21,United States
3365,FGI Industries,FGI,17893226,9.265,United States
3366,Offerpad,OPAD,17204586,3.56,United States
3367,Energy Focus,EFOI,17133208,2.69,United States
3368,Know Labs,KNW,16795408,2.24,United States
3369,Camber Energy,CEI,16771320,0.0954,United States
3370,Mobix Labs,MOBX,16582303,0.9237,United States
3371,Citius Pharmaceuticals,CTXR,16471543,0.6,United States
3372,T Stamp Inc. (TrustStamp),IDAI,16184765,2.87,United States
3373,SUNation Energy Inc.,SUNE,16022246,2.46,United States
3374,Tempest Therapeutics,TPST,16010494,0.968,United States
3375,Psychemedics,PMD,15738209,2.67,United States
3376,Cyclerion Therapeutics,CYCN,15729330,23.52,United States
3377,SeaStar Medical,ICU,15600217,3.54,United States
3378,Austin Gold,AUST,15473091,1.13,United States
3379,Dare Bioscience,DARE,15426463,0.7843,United States
3380,Passage Bio,PASG,15284598,4.75,United States
3381,Smith Micro Software,SMSI,15092676,2.7,United States
3382,Office Properties Income Trust,OPI,14795239,0.2,United States
3383,Synlogic,SYBX,14576251,1.19,United States
3384,ESS Tech,GWH,14526887,0.3607,United States
3385,America's Car-Mart,CRMT,14508952,1.74,United States
3386,The Cannabist Company,CBSTF,14475953,0.0291,United States
3387,The Glimpse Group,VRAR,14332026,0.68,United States
3388,Dolphin Entertainment,DLPN,14328106,1.1,United States
3389,Adial Pharmaceuticals,ADIL,14257802,4.86,United States
3390,HOOKIPA Pharma,HOOK,14232977,1.15,United States
3391,Quoin Pharmaceuticals,QNRX,14179431,7.06,United States
3392,Purple Innovation,PRPL,13908748,3.19,United States
3393,Dragonfly Energy,DFLI,13728073,0.9165,United States
3394,Intensity Therapeutics,INTS,13418653,4.11,United States
3395,Astrotech,ASTC,12919564,6.13,United States
3396,Scienture Holdings,SCNX,12873609,0.3135,United States
3397,Aterian,ATER,12575040,0.6999,United States
3398,Arrive AI,ARAI,12512541,0.2412,United States
3399,Game Your Game,GYGY,12377120,0.86,United States
3400,Air Industries Group,AIRI,12369178,2.55,United States
3401,Clean Energy Technologies,CETY,12105276,0.995,United States
3402,AEON Biopharma,AEON,12096577,0.2425,United States
3403,DataMEDS AI,MEDS,12023100,3.76,United States
3404,Phio Pharmaceuticals,PHIO,11965768,1.03,United States
3405,Flux Power,FLUX,11891903,0.55,United States
3406,Urgent.ly Inc.,ULY,11787284,5.38,United States
3407,Natural Health Trends,NHTC,11751653,1.37,United States
3408,SINTX Technologies,SINT,11529644,1.73,United States
3409,Biomerica,BMRA,11518310,2.51,United States
3410,CISO Global,CISO,11335888,0.249,United States
3411,Cambium Networks,CMBM,11325767,0.401,United States
3412,Upland Software,UPLD,10852891,3.67,United States
3413,FingerMotion,FNGR,10777020,0.1415,United States
3414,VistaGen Therapeutics,VTGN,10650459,0.24,United States
3415,Phoenix Motor,PEV,10575262,0.23,United States
3416,Lunai Bioworks,LNAI,10563963,2.33,United States
3417,Carver Bancorp,CARV,10553297,1.81,United States
3418,Azitra,AZTR,10545051,0.174,United States
3419,Cyngn,CYN,10511687,0.7288,United States
3420,KALA BIO,KALA,10424144,0.539,United States
3421,SolarMax Technology,SMXT,10290607,2.17,United States
3422,AppTech Payments,APCX,10240560,0.2438,United States
3423,Ryvyl Inc.,RVYL,9994965,7.81,United States
3424,Senti Biosciences,SNTI,9966321,0.32,United States
3425,FibroBiologics,FBLG,9948082,1.43,United States
3426,BrainStorm Cell Therapeutics,BCLI,9931297,0.9,United States
3427,Inuvo,INUV,9708533,0.589,United States
3428,Superior Industries International,SUP,9576233,0.3249,United States
3429,Aprea Therapeutics,APRE,9568004,0.7599,United States
3430,Trio Petroleum,TPET,9370076,1.76,United States
3431,"Reed's, Inc.",REED,9228370,0.7783,United States
3432,GoHealth,GOCO,8937260,0.305,United States
3433,Ensysce Biosciences,ENSC,8913157,0.4581,United States
3434,Wellgistics Health,WGRX,8847256,3.52,United States
3435,Vislink Technologies,VISL,8603816,3.47,United States
3436,Bullfrog AI,BFRG,8599618,0.4638,United States
3437,Northann Corp,NCL,8543560,0.159,United States
3438,La Rosa Holdings,LRHC,8493655,2.56,United States
3439,SeaChange International,SEAC,8398952,3.25,United States
3440,Rocky Mountain Chocolate Factory,RMCF,8291733,0.8784,United States
3441,Trinseo,TSE,8278525,0.23,United States
3442,Gaxos.ai,GXAI,8255498,0.6003,United States
3443,Innovative Eyewear,LUCY,8177014,0.9498,United States
3444,reAlpha Tech,AIRE,8165682,1.36,United States
3445,AIM ImmunoTech,AIM,8129612,0.2075,United States
3446,Soligenix,SNGX,8053227,0.37,United States
3447,SurgePays,SURG,7957427,0.1504,United States
3448,Longeveron,LGVN,7938610,2.49,United States
3449,AMASS Brands Inc.,AMSS,7828787,0.6746,United States
3450,Skye Bioscience,SKYE,7814848,1.765,United States
3451,Imunon,IMNN,7631508,1.36,United States
3452,Signing Day Sports,SGN,7408163,0.5401,United States
3453,authID,AUID,7356949,0.44,United States
3454,Mangoceuticals,MGRX,7289940,0.476,United States
3455,Solo Brands,SBDS,7267468,2.83,United States
3456,VolitionRx,VNRX,7254864,0.26,United States
3457,"DSS, Inc. (Document Security Systems)",DSS,7229609,0.7199,United States
3458,Reborn Coffee,REBN,7150391,0.8295,United States
3459,Super League Enterprise,SLE,6831334,4.03,United States
3460,Co-Diagnostics,CODX,6602233,0.9457,United States
3461,Xenetic Biosciences,XBIO,6490611,2.77,United States
3462,enVVeno Medical Corporation,NVNO,6236063,8.975,United States
3463,TPI Composites,TPIC,6193621,0.1271,United States
3464,Sonoma Pharmaceuticals,SNOA,6129184,1.28,United States
3465,Bakhu Holdings,BKUH,6026059,0.02,United States
3466,AquaBounty Technologies,AQB,5867812,1.14,United States
3467,Netcapital,NCPL,5812939,0.7407,United States
3468,bioAffinity Technologies,BIAF,5664940,9.43,United States
3469,Hepion Pharmaceuticals,HEPA,5638707,0.0625,United States
3470,"Cyabra, Inc.",CYAB,5421657,0.3081,United States
3471,Polar Power,POLA,5386649,1.25,United States
3472,Pulmatrix,PULM,5259290,1.44,United States
3473,Sonendo,SONX,5241476,1.1,United States
3474,Origin Materials,ORGN,5228483,0.9501,United States
3475,zSpace,ZSPC,5189506,0.14,United States
3476,Talis Biomedical,TLIS,5176808,2.84,United States
3477,Sonim Technologies,SONM,5150089,3.46,United States
3478,cbdMD,YCBD,5043391,0.4501,United States
3479,CaliberCos,CWD,5040710,0.4854,United States
3480,OLB Group,OLB,4900143,0.204,United States
3481,Vertex Energy,VTNR,4872095,0.0521,United States
3482,Nauticus Robotics,KITT,4772341,0.6387,United States
3483,Lakewood-Amedex Biotherapeutics,LABT,4715679,1.99,United States
3484,Kidpik,PIK,4644903,2.38,United States
3485,Hydrofarm,HYFM,4576911,0.9497,United States
3486,Aethlon Medical,AEMD,4487268,6.31,United States
3487,Eterna Therapeutics,ERNA,4467055,3.83,United States
3488,Expion360,XPON,4432338,4.65,United States
3489,"Bark, Inc.",BARK,4377870,0.5066,United States
3490,Socket Mobile,SCKT,4280166,0.5162,United States
3491,CASI Pharmaceuticals,CASI,4263766,0.2075,United States
3492,QVC Group,QVCGA,4255453,0.34,United States
3493,Tivic Health Systems,TIVC,4029097,1.4,United States
3494,Golden Minerals,AUMN,3986433,0.211,United States
3495,Leslie's,LESL,3887608,0.4151,United States
3496,PMGC Holdings,ELAB,3869787,4.78,United States
3497,Cadrenal Therapeutics,CVKD,3817323,1.07,United States
3498,Avalon GloboCare,ALBT,3707637,0.282,United States
3499,Lument Finance Trust,LFT,3633614,0.6923,United States
3500,Focus Universal,FCUV,3591027,5.11,United States
3501,BIO-key International,BKYI,3562133,2.48,United States
3502,Cemtrex,CETX,3493916,2.03,United States
3503,Unity Biotechnology,UBX,3444161,0.2001,United States
3504,iSpecimen,ISPC,3349724,1.33,United States
3505,Eagle Pharmaceuticals,EGRX,3289388,0.25,United States
3506,ShiftPixy,PIXY,3265294,6.53,United States
3507,Boxlight,BOXL,3247299,4.42,United States
3508,Forza X1,FRZA,3150960,0.2,United States
3509,Alaunos Therapeutics,TCRT,3048576,1.2,United States
3510,Beyond Air,XAIR,3041817,3.09,United States
3511,VivoSim Labs,VIVS,3039709,0.227,United States
3512,Advent Technologies,ADN,3023365,0.9185,United States
3513,ATI Physical Therapy,ATIP,2977762,0.675,United States
3514,Sleep Number,SNBR,2881125,0.125,United States
3515,Marin Software,MRIN,2863609,0.8981,United States
3516,BioAtla,BCAB,2849031,1.71,United States
3517,Nuwellis,NUWE,2848095,0.897,United States
3518,Genprex,GNPX,2827996,3.45,United States
3519,Cloudastructure,CSAI,2801934,3.23,United States
3520,Inotiv,NOTV,2787563,0.0799,United States
3521,PREIT (Pennsylvania Real Estate Investment Trust),PRET,2690436,0.4974,United States
3522,Vaccinex,VCNX,2676637,1.0,United States
3523,Xilio Therapeutics,XLO,2676465,0.5101,United States
3524,Edible Garden,EDBL,2673567,1.37,United States
3525,Staffing 360 Solutions,STAF,2654640,1.615,United States
3526,Fly-E Group,FLYE,2611817,1.6,United States
3527,LM Funding America,LMFA,2430118,2.6,United States
3528,Curis,CRIS,2425078,1.0,United States
3529,Matinas BioPharma,MTNB,2356724,0.1604,United States
3530,BioXcel Therapeutics,BTAI,2313476,0.0739,United States
3531,Sow Good,SOWG,2203871,0.1099,United States
3532,Trinity Place Holdings,TPHS,2179559,0.033,United States
3533,Oragenics,OGEN,2150850,0.4767,United States
3534,Clearside Biomedical,CLSD,2145948,0.41,United States
3535,Onfolio Holdings,ONFO,2014167,0.8212,United States
3536,Cutera,CUTR,1956013,0.0969,United States
3537,Jet.AI,JTAI,1954866,1.375,United States
3538,Cue Biopharma,CUE,1804119,0.5542,United States
3539,Vivakor,VIVK,1715684,0.6267,United States
3540,Sonder Holdings,SOND,1680861,0.1263,United States
3541,"Greenlane Holdings, Inc.",GNLN,1646069,2.37,United States
3542,Traeger,COOK,1642351,0.5983,United States
3543,CorEnergy Infrastructure Trust,CORR,1627350,0.0198,United States
3544,iPower,IPW,1616878,1.69,United States
3545,Lazydays Holdings,GORV,1573084,0.4211,United States
3546,Benson Hill,BHIL,1522391,0.249,United States
3547,Maison Solutions,MSS,1358040,1.56,United States
3548,Synergy CHC,SNYR,1348439,0.0905,United States
3549,Direct Digital Holdings,DRCT,1316472,1.64,United States
3550,22nd Century Group,XXII,1278049,1.79,United States
3551,Actelis Networks,ASNS,1234248,0.0428,United States
3552,Jaguar Health,JAGX,1176495,2.71,United States
3553,Cytosorbents,CTSO,1100062,0.3501,United States
3554,Solar Integrated Roofing,SIRC,1097545,0.0001,United States
3555,Arcadia Biosciences,RKDA,1093781,0.454,United States
3556,Danimer Scientific,DNMR,1056961,0.35,United States
3557,Allurion Technologies,ALUR,1050437,1.05,United States
3558,LMP Automotive Holdings,LMPX,1036332,0.095,United States
3559,Wheeler Real Estate Investment Trust,WHLR,999271,0.2676,United States
3560,Evofem Biosciences,EVFM,980722,0.0074,United States
3561,Quince Therapeutics,QNCX,900311,0.9206,United States
3562,Greene Concepts,INKW,854552,0.0134,United States
3563,BNB Plus Corp.,BNBX,836625,0.135,United States
3564,SOBR Safe,SOBR,803771,0.1492,United States
3565,Alkaline Water Company,WTER,712202,0.02,United States
3566,Yellow Corporation,YELLQ,693890,0.0102,United States
3567,Tapinator,TAPM,673183,0.247,United States
3568,Tevogen Bio,TVGN,627896,0.1551,United States
3569,Ocean Power Technologies,OPTT,546280,1.82,United States
3570,Kaival Brands Innovations,KAVL,441500,0.0226,United States
3571,Ayr Wellness,AYRWF,432062,0.0037,United States
3572,Ontrak,OTRK,425780,0.0601,United States
3573,Gauzy,GAUZ,395961,0.3445,United States
3574,Viracta Therapeutics,VIRX,388698,0.00978,United States
3575,Impac Mortgage Holdings,IMPM,365688,0.01,United States
3576,"Freight Technologies, Inc.",FRGT,360553,0.6302,United States
3577,Lyra Therapeutics,LYRA,354976,0.2,United States
3578,VYNE Therapeutics,VYNE,339859,0.509,United States
3579,NantHealth,NHIQ,329655,0.012,United States
3580,Vicarious Surgical,RBOT,285967,0.0401,United States
3581,Ocean Biomedical,OCEA,232365,0.001,United States
3582,Leafly Holdings,LFLY,232138,37.0,United States
3583,Trulite,TRUL,212013,0.0001,United States
3584,Ampio Pharmaceuticals,AMPE,207884,0.1831,United States
3585,ProPhase Labs,PRPH,194906,0.0125,United States
3586,CXApp,CXAI,194174,0.089,United States
3587,BloomZ,BLMZ,187531,0.128,United States
3588,Wearable Health Solutions,WHSI,182670,0.0001,United States
3589,Faraday Future,FFAI,174605,0.0717,United States
3590,Petros Pharmaceuticals,PTPI,169489,0.004,United States
3591,Cheetah Net Supply Chain Service,CTNT,149123,0.0472,United States
3592,Hallmark Financial Services,HALL,145478,0.08,United States
3593,Cenntro Inc.,CENN,113554,0.0775,United States
3594,Loop Media,LPTV,103383,0.0007,United States
3595,Novo Integrated Sciences,NVOS,76947,0.0039,United States
3596,Vincerx Pharma,VINC,68045,0.013,United States
3597,PaxMedica,PXMD,63132,0.0005,United States
3598,Exela Technologies,XELA,55502,0.002,United States
3599,ToughBuilt Industries,TBLT,47699,0.011,United States
3600,Presto Automation,PRST,41851,0.0001,United States
3601,Vinco Ventures,BBIG,41600,0.0032,United States
3602,AiRWA Inc.,YYAI,37875,0.719,United States
3603,Remark Holdings,MARK,37141,0.0006,United States
3604,Carisma Therapeutics,CARM,33476,0.0008,United States
3605,Gaming Technologies (Gametech),GMGT,27420,0.0006,United States
3606,Gamer Pakistan,GPAK,15347,0.0006,United States
3607,iEntertainment Network,IENT,13087,0.0001,United States
3608,Vaxxinity,VAXX,12678,0.0001,United States
3609,Syros Pharmaceuticals,SYRS,10732,0.0004,United States
3610,Movella,MVLA,10181,0.0002,United States
3611,4Front Ventures,FFNTF,9152,1e-05,United States
3612,Adamas One,JEWL,7609,0.0002,United States
3613,Mobile Global Esports (Mogo),MGAM,7545,0.0001,United States
3614,Freeze Tag,FRZT,7505,0.0001,United States
3615,USD Partners,USDP,6754,0.0002,United States
3616,T2 Biosystems,TTOO,5609,0.0002,United States
3617,Stryve Foods,SNAX,4792,0.0011,United States
3618,Lipella Pharmaceuticals,LIPO,2310,0.0005,United States
3619,Viveve Medical,VIVE,2144,0.0002,United States
3620,Telesis Bio,TBIO,1775,0.001,United States
3621,Calithera Biosciences,CALA,1461,0.0003,United States
3622,Hempacco,HPCO,1184,0.0002,United States
3623,eFFECTOR Therapeutics,EFTR,940,0.0002,United States
3624,Grom Social Enterprises,GROM,902,0.0001,United States
3625,Minerva Surgical,UTRS,887,0.0001,United States
3626,Lightning eMotors,ZEVY,659,0.0001,United States
3627,Trevena,TRVN,345,0.0004,United States
3628,Saluda Medical,SLD.AX,0,0.0,United States
3629,Pershing Square USA,PSUS,0,0.0,United States
