Rank,Name,Symbol,marketcap,price (USD),country
1,NVIDIA,NVDA,5526282305536,228.86,United States
2,Apple,AAPL,4938670276608,338.4,United States
3,Alphabet (Google),GOOG,4147904774144,339.16,United States
4,Microsoft,MSFT,3781236359168,509.22,United States
5,Amazon,AMZN,2655051055104,246.15,United States
6,SpaceX,SPCX,1917553606656,145.47,United States
7,Meta Platforms (Facebook),META,1823046369280,715.62,United States
8,Broadcom,AVGO,1668717871104,349.57,United States
9,Tesla,TSLA,1411765764096,357.45,United States
10,Micron Technology,MU,1190357762048,1053.98,United States
11,Berkshire Hathaway,BRK-B,1076969668608,503.09,United States
12,Eli Lilly,LLY,1056517390336,1184.78,United States
13,AMD,AMD,992332546048,607.87,United States
14,JPMorgan Chase,JPM,894718902272,336.59,United States
15,Walmart,WMT,865281966080,108.73,United States
16,Visa,V,690378637312,367.74,United States
17,Exxon Mobil,XOM,668267970560,162.52,United States
18,Johnson & Johnson,JNJ,655371927552,271.95,United States
19,Intel,INTC,613346770944,116.03,United States
20,Mastercard,MA,497801396224,568.26,United States
21,AbbVie,ABBV,470547988480,266.28,United States
22,Palantir,PLTR,450525396992,187.48,United States
23,Cisco,CSCO,420831723520,106.74,United States
24,Costco,COST,409099042816,922.92,United States
25,Chevron,CVX,404816068608,206.37,United States
26,Oracle,ORCL,401977049088,132.6,United States
27,Lam Research,LRCX,393535422464,314.47,United States
28,Bank of America,BAC,387887759360,55.47,United States
29,Applied Materials,AMAT,386291499008,486.76,United States
30,Caterpillar,CAT,376910413824,819.95,United States
31,Coca-Cola,KO,375096213504,87.18,United States
32,Merck,MRK,366843756544,148.69,United States
33,Procter & Gamble,PG,346147848192,149.03,United States
34,Dell,DELL,345519718400,543.43,United States
35,UnitedHealth,UNH,339138248704,377.83,United States
36,General Electric,GE,330193862656,318.24,United States
37,Palo Alto Networks,PANW,320729612288,392.09,United States
38,Morgan Stanley,MS,304124461056,193.64,United States
39,Philip Morris International,PM,301996933120,193.76,United States
40,Home Depot,HD,289220263936,289.89,United States
41,Netflix,NFLX,288269565952,69.23,United States
42,Goldman Sachs,GS,266794532864,916.28,United States
43,CrowdStrike,CRWD,265455108096,259.25,United States
44,Arista Networks,ANET,258450161664,204.92,United States
45,Texas Instruments,TXN,254165958656,278.31,United States
46,GE Vernova,GEV,252955656192,949.77,United States
47,RTX,RTX,252920283136,187.66,United States
48,Thermo Fisher Scientific,TMO,250910507008,678.6,United States
49,Sandisk,SNDK,250799652864,1712.89,United States
50,KLA,KLAC,246868066304,189.17,United States
51,Wells Fargo,WFC,244369375232,80.81,United States
52,Marvell Technology,MRVL,226383691776,251.9,United States
53,Amgen,AMGN,226054455296,418.13,United States
54,Citigroup,C,220264218624,131.31,United States
55,Amphenol,APH,208670113792,84.62,United States
56,IBM,IBM,207900803072,220.67,United States
57,American Express,AXP,206867644416,306.33,United States
58,QUALCOMM,QCOM,200239972352,187.48,United States
59,Verizon,VZ,193944911872,46.68,United States
60,Analog Devices,ADI,191611715584,395.43,United States
61,Gilead Sciences,GILD,188733587456,152.21,United States
62,Salesforce,CRM,187043217408,227.27,United States
63,Deere &amp; Company (John Deere),DE,185930989568,689.59,United States
64,Walt Disney,DIS,182320857088,105.59,United States
65,T-Mobile US,TMUS,178546180096,166.45,United States
66,Pepsico,PEP,175530999808,128.5,United States
67,Abbott Laboratories,ABT,174734114816,100.98,United States
68,BlackRock,BLK,174052622336,1071.25,United States
69,Southern Copper,SCCO,171089362944,202.63,United States
70,AT&T,T,170624401408,24.9,United States
71,Charles Schwab,SCHW,169993699328,98.3,United States
72,Welltower,WELL,167864467456,232.96,United States
73,McDonald,MCD,165305073664,233.6,United States
74,Pfizer,PFE,163694624768,28.72,United States
75,Western Digital,WDC,163407970304,453.23,United States
76,Union Pacific Corporation,UNP,162836103168,274.1,United States
77,Danaher,DHR,159809814528,227.33,United States
78,Nextera Energy,NEE,157470490624,75.49,United States
79,ConocoPhillips,COP,151416569856,126.04,United States
80,Intuitive Surgical,ISRG,148610154496,414.79,United States
81,Interactive Brokers,IBKR,148368261120,87.08,United States
82,Boeing,BA,145736335360,184.39,United States
83,TJX Companies,TJX,143271608320,130.25,United States
84,Uber,UBER,139220910080,68.16,United States
85,Blackstone Group,BX,136933310464,114.56,United States
86,ServiceNow,NOW,135901159424,131.45,United States
87,Vertex Pharmaceuticals,VRTX,133743722496,527.67,United States
88,Corning,GLW,130577858560,151.59,United States
89,Bristol-Myers Squibb,BMY,130488614912,63.88,United States
90,Fortinet,FTNT,129375731712,176.33,United States
91,Prologis,PLD,128743784448,132.44,United States
92,Cloudflare,NET,126048657408,353.99,United States
93,Booking Holdings (Booking.com),BKNG,123128717312,163.87,United States
94,Newmont,NEM,122280992768,116.05,United States
95,Parker-Hannifin,PH,122272292864,969.55,United States
96,Progressive,PGR,121576390656,209.47,United States
97,Capital One,COF,120525242368,196.46,United States
98,Lockheed Martin,LMT,119572684800,518.1,United States
99,S&P Global,SPGI,116717223936,395.92,United States
100,Snowflake,SNOW,115760734208,328.12,United States
101,Altria Group,MO,115429392384,69.13,United States
102,CVS Health,CVS,112357548032,87.85,United States
103,Valero Energy,VLO,112167903232,389.57,United States
104,Marathon Petroleum,MPC,109364396032,389.44,United States
105,Starbucks,SBUX,108607799296,95.27,United States
106,Stryker Corporation,SYK,105601499136,275.31,United States
107,Lowe's Companies,LOW,105287401472,187.66,United States
108,Robinhood,HOOD,104707121152,116.46,United States
109,Automatic Data Processing,ADP,103738654720,261.8,United States
110,AppLovin,APP,103549992960,308.24,United States
111,Freeport-McMoRan,FCX,103335821312,71.96,United States
112,Phillips 66,PSX,101657075712,253.55,United States
113,BNY Mellon (Bank of New York Mellon),BNY,100717158400,148.44,United States
114,McKesson,MCK,99835158528,856.29,United States
115,Equinix,EQIX,99763986432,1011.07,United States
116,Quanta Services,PWR,96875266048,644.36,United States
117,Datadog,DDOG,96483459072,268.7,United States
118,Southern Company,SO,94732394496,82.35,United States
119,CME Group,CME,94655643648,263.24,United States
120,Vertiv Holdings,VRT,93952507904,244.04,United States
121,HCA Healthcare,HCA,93658554368,432.6,United States
122,Marriott International,MAR,93502971904,358.57,United States
123,Airbnb,ABNB,93458464768,156.08,United States
124,Constellation Energy,CEG,92272271360,260.43,United States
125,Adobe,ADBE,91826470912,231.01,United States
126,U.S. Bancorp,USB,91582259200,58.78,United States
127,Howmet Aerospace,HWM,91054342144,228.32,United States
128,General Dynamics,GD,90409385984,334.16,United States
129,Cadence Design Systems,CDNS,89970892800,326.7,United States
130,PNC Financial Services,PNC,89231728640,223.67,United States
131,Emerson,EMR,88907743232,159.39,United States
132,Duke Energy,DUK,88426029056,113.41,United States
133,3M,MMM,87404634112,169.48,United States
134,CSX Corporation,CSX,86621724672,46.76,United States
135,KKR & Co.,KKR,86115581952,93.24,United States
136,Intercontinental Exchange,ICE,85842837504,152.91,United States
137,Elevance Health,ELV,85574451200,394.59,United States
138,Williams Companies,WMB,84374093824,68.98,United States
139,Hewlett Packard Enterprise,HPE,83139125248,62.63,United States
140,Lumentum,LITE,82642403328,921.32,United States
141,Waste Management,WM,82517204992,206.44,United States
142,Monster Beverage,MNST,82005909504,41.86,United States
143,Sherwin-Williams,SHW,80787488768,332.79,United States
144,Marsh & McLennan Companies,MRSH,80663019520,169.03,United States
145,United Parcel Service,UPS,80186163200,94.25,United States
146,Cintas,CTAS,80135118848,200.58,United States
147,Synopsys,SNPS,80029376512,417.61,United States
148,Moody's,MCO,79677112320,460.08,United States
149,Enterprise Products,EPD,79144845312,36.65,United States
150,Moderna,MRNA,78761254912,197.28,United States
151,Ecolab,ECL,78556487680,280.23,United States
152,American Tower,AMT,78281293824,168.0,United States
153,Illinois Tool Works,ITW,77986783232,273.83,United States
154,Simon Property Group,SPG,77644390400,204.53,United States
155,Warner Bros. Discovery,WBD,77470523392,30.9,United States
156,Regeneron Pharmaceuticals,REGN,77447888896,752.25,United States
157,Bloom Energy,BE,77422403584,262.87,United States
158,Comcast,CMCSA,77324795904,21.79,United States
159,DoorDash,DASH,77296017408,178.39,United States
160,Mondelez International,MDLZ,76808224768,60.18,United States
161,SLB (Schlumberger),SLB,76418539520,51.49,United States
162,Ross Stores,ROST,76053987328,237.09,United States
163,The Travelers Companies,TRV,75746107392,363.16,United States
164,Motorola Solutions,MSI,74816430080,452.08,United States
165,EOG Resources,EOG,73764544512,140.63,United States
166,General Motors,GM,72934973440,80.64,United States
167,Hilton Worldwide,HLT,72083791872,320.28,United States
168,Intuit,INTU,71993376768,269.4,United States
169,Target,TGT,71974232064,158.43,United States
170,Northrop Grumman,NOC,71855472640,505.8,United States
171,The Cigna Group,CI,71828488192,271.83,United States
172,Cummins,CMI,71288176640,517.84,United States
173,Norfolk Southern,NSC,70313648128,313.05,United States
174,Apollo Global Management,APO,70274637824,119.0,United States
175,O'Reilly Automotive,ORLY,69983199232,86.51,United States
176,Energy Transfer LP,ET,69210324992,20.1,United States
177,Colgate-Palmolive,CL,68971388928,86.52,United States
178,FedEx,FDX,68551589888,289.65,United States
179,Kinder Morgan,KMI,68206948352,30.63,United States
180,Honeywell,HON,67039150080,211.52,United States
181,Carvana,CVNA,67028803584,60.47,United States
182,Digital Realty,DLR,66914455552,177.18,United States
183,Monolithic Power Systems,MPWR,66402017280,1351.2,United States
184,Republic Services,RSG,65201930240,212.93,United States
185,United Rentals,URI,64976179200,1043.92,United States
186,Royal Caribbean Group,RCL,64881201152,242.59,United States
187,American Electric Power,AEP,64347766784,118.2,United States
188,Boston Scientific,BSX,63925518336,44.11,United States
189,Teradyne,TER,62739542016,401.3,United States
190,"Strategy 
 (MicroStrategy)",MSTR,62659702784,157.14,United States
191,Air Products and Chemicals,APD,62073593856,278.75,United States
192,TransDigm Group,TDG,61313822720,1109.22,United States
193,Keysight,KEYS,61243846656,359.74,United States
194,Astera Labs,ALAB,60947050496,351.31,United States
195,MetLife,MET,60891398144,95.82,United States
196,Targa Resources,TRGP,59489595392,277.43,United States
197,Natera,NTRA,59354247168,411.77,United States
198,W. W. Grainger,GWW,59144179712,1255.69,United States
199,Arthur J. Gallagher & Co.,AJG,58820005888,229.46,United States
200,Paccar,PCAR,58768650240,111.65,United States
201,MPLX,MPLX,58459066368,57.66,United States
202,Comfort Systems USA,FIX,58362757120,1658.3,United States
203,Cencora,COR,57975201792,303.81,United States
204,Fastenal,FAST,57937154048,50.49,United States
205,Ametek,AME,57698177024,251.67,United States
206,Allstate,ALL,57537826816,227.55,United States
207,Truist Financial Corporation,TFC,57526378496,47.09,United States
208,Aflac,AFL,56927531008,113.55,United States
209,Baker Hughes,BKR,56701542400,57.12,United States
210,Occidental Petroleum,OXY,56079654912,56.1,United States
211,Oneok,OKE,55866867712,88.62,United States
212,Cheniere Energy,LNG,55691935744,269.65,United States
213,Nucor,NUE,55468834816,244.49,United States
214,Coherent Corp.,COHR,55312818176,282.45,United States
215,Delta Air Lines,DAL,55260061696,84.03,United States
216,Nike,NKE,53984518144,36.39,United States
217,Public Storage,PSA,53213663232,284.79,United States
218,Dominion Energy,D,53017825280,60.28,United States
219,Realty Income,O,52373168128,55.35,United States
220,Diamondback Energy,FANG,51868061696,185.23,United States
221,Corteva,CTVA,51867820032,77.74,United States
222,Nasdaq,NDAQ,51772481536,92.62,United States
223,Devon Energy,DVN,51402997760,46.73,United States
224,Cardinal Health,CAH,51010207744,220.29,United States
225,Coinbase,COIN,50601283584,191.79,United States
226,Sempra,SRE,50278395904,76.89,United States
227,Becton Dickinson,BDX,50072870912,183.83,United States
228,Edwards Lifesciences,EW,50048811008,86.83,United States
229,Agilent Technologies,A,49403232256,175.21,United States
230,Wabtec,WAB,49384464384,292.37,United States
231,State Street Corporation,STT,49372147712,179.73,United States
232,Ford,F,49366437888,12.38,United States
233,Ciena,CIEN,48809078784,344.19,United States
234,Honeywell Aerospace,HONA,48278241280,152.32,United States
235,Rockwell Automation,ROK,47983554560,431.22,United States
236,eBay,EBAY,47757398016,107.32,United States
237,Vivmark Residential,VMRK,47486824448,61.37,United States
238,Medline,MDLN,47184343040,35.07,United States
239,AutoZone,AZO,47116476416,2913.28,United States
240,CoreWeave,CRWV,46919217152,85.07,United States
241,Entergy,ETR,46869970944,98.1,United States
242,Humana,HUM,46786887680,389.63,United States
243,Fifth Third Bank,FITB,46768447488,51.57,United States
244,Cerebras Systems,CBRS,46738350080,196.74,United States
245,PayPal,PYPL,46434414592,54.28,United States
246,Vistra,VST,46324371456,138.02,United States
247,Rocket Lab,RKLB,46159081472,72.19,United States
248,Carrier Global,CARR,46055038976,55.87,United States
249,Workday,WDAY,45452603392,188.6,United States
250,Veeva Systems,VEEV,45327998976,279.96,United States
251,Ventas,VTR,44646850560,87.04,United States
252,IQVIA,IQV,44601663488,270.97,United States
253,L3Harris Technologies,LHX,44263215104,237.7,United States
254,Twilio,TWLO,44073017344,286.98,United States
255,Block,XYZ,44044279808,73.31,United States
256,Ameriprise Financial,AMP,43827408896,496.16,United States
257,Waters Corporation,WAT,43490443264,442.94,United States
258,Xcel Energy,XEL,43343372288,69.39,United States
259,Autodesk,ADSK,43302711296,207.19,United States
260,Revolution Medicines,RVMD,43240230912,201.74,United States
261,Everpure,P,43119607808,129.4,United States
262,Keurig Dr Pepper,KDP,42811584512,31.46,United States
263,HEICO,HEI,42571501568,304.61,United States
264,Microchip Technology,MCHP,42338390016,77.97,United States
265,IDEXX Laboratories,IDXX,41679937536,529.06,United States
266,Exelon Corporation,EXC,41539837952,40.32,United States
267,BeOne Medicines,ONC,41515831296,367.0,United States
268,Illumina,ILMN,41056899072,271.9,United States
269,Chipotle Mexican Grill,CMG,40303562752,31.85,United States
270,NetApp,NTAP,40150011904,204.41,United States
271,Prudential Financial,PRU,40051048448,116.09,United States
272,Live Nation,LYV,40043409408,171.89,United States
273,MSCI,MSCI,39455739904,542.72,United States
274,Waste Connections,WCN,39285055488,156.16,United States
275,Ares Management,ARES,39262363648,118.34,United States
276,D. R. Horton,DHI,38995951616,139.42,United States
277,Archer Daniels Midland (ADM),ADM,38739910656,80.38,United States
278,American International Group,AIG,38056165376,72.78,United States
279,Consolidated Edison,ED,38029479936,102.83,United States
280,Take-Two Interactive,TTWO,37835493376,202.35,United States
281,CBRE Group,CBRE,37746143232,130.35,United States
282,Yum! Brands,YUM,37736763392,138.28,United States
283,Sysco,SYY,37679681536,78.57,United States
284,Old Dominion Freight Line,ODFL,36779192320,176.85,United States
285,Credo Technology,CRDO,36212695040,192.67,United States
286,United Airlines Holdings,UAL,36192772096,111.51,United States
287,PG&amp;E Corporation,PCG,35878285312,11.95,United States
288,Paychex,PAYX,35348860928,99.3,United States
289,Okta,OKTA,35345293312,202.18,United States
290,Kroger,KR,35252236288,59.69,United States
291,Roper Technologies,ROP,35010908160,354.0,United States
292,Martin Marietta Materials,MLM,34854182912,490.77,United States
293,Estee Lauder,EL,34577088512,95.57,United States
294,Axon Enterprise,AXON,34505592832,424.75,United States
295,TKO Group Holdings,TKO,34367594496,181.58,United States
296,Kenvue,KVUE,34343428096,17.88,United States
297,Alnylam Pharmaceuticals,ALNY,34169497600,255.36,United States
298,The Hartford,HIG,34140706816,126.04,United States
299,Biogen,BIIB,33789861888,228.69,United States
300,Emcor,EME,33767012352,765.52,United States
301,Ubiquiti,UI,33494589440,553.37,United States
302,Jabil,JBL,33419745280,318.93,United States
303,PSEG,PEG,33259571200,66.73,United States
304,Iron Mountain,IRM,33059899392,111.05,United States
305,WEC Energy Group,WEC,33057417216,101.45,United States
306,The Hershey Company,HSY,33034188800,164.41,United States
307,Steel Dynamics,STLD,33021360128,230.39,United States
308,Rocket Companies,RKT,32960317440,11.64,United States
309,Kimberly-Clark,KMB,32848830464,98.77,United States
310,DexCom,DXCM,32709632000,86.68,United States
311,Zscaler,ZS,32511477760,199.39,United States
312,Venture Global,VG,32226199552,12.89,United States
313,ResMed,RMD,32038436864,222.1,United States
314,Northern Trust,NTRS,31934908416,174.55,United States
315,Vulcan Materials,VMC,31895805952,246.15,United States
316,M&T Bank,MTB,31835119616,220.44,United States
317,Expedia Group,EXPE,31713435648,264.23,United States
318,EQT Corporation,EQT,31194484736,49.87,United States
319,Mettler Toledo,MTD,30961694720,1545.26,United States
320,Raymond James Financial,RJF,30958835712,161.16,United States
321,Huntington Bancshares,HBAN,30912348160,15.3,United States
322,Centene,CNC,30889506816,62.53,United States
323,Sunbelt Rentals,SUNB,30687293440,74.89,United States
324,"Cheniere Energy
Partners",CQP,30398822400,62.8,United States
325,Carnival Corporation,CCL,30324031488,22.14,United States
326,GE HealthCare Technologies,GEHC,30163607552,66.78,United States
327,Roblox,RBLX,29903777792,41.86,United States
328,Zoetis,ZTS,29516562432,71.43,United States
329,ON Semiconductor,ON,29451954176,75.65,United States
330,Crown Castle,CCI,29322698752,67.1,United States
331,Extra Space Storage,EXR,29062109184,131.68,United States
332,Teledyne Technologies,TDY,28315435008,610.83,United States
333,HP,HPQ,28244092928,31.32,United States
334,Kraft Heinz,KHC,27938007040,23.56,United States
335,Reddit,RDDT,27528093696,143.08,United States
336,Ameren,AEE,27515451392,99.39,United States
337,Supermicro,SMCI,27448012800,41.78,United States
338,Dollar General,DG,27438110720,124.37,United States
339,Citizens Financial Group,CFG,27292258304,64.8,United States
340,Williams-Sonoma,WSM,27210522624,231.03,United States
341,Halliburton,HAL,27018418176,32.43,United States
342,MongoDB,MDB,26918957056,334.68,United States
343,GlobalFoundries,GFS,26633461760,47.78,United States
344,Atmos Energy,ATO,26539653120,157.05,United States
345,Cboe Global Markets,CBOE,26441932800,253.2,United States
346,West Pharmaceutical Services,WST,26436653056,375.65,United States
347,Quest Diagnostics,DGX,26226917376,237.62,United States
348,Qnity Electronics,Q,26132240384,124.91,United States
349,Corpay,CPAY,26016303104,396.23,United States
350,EchoStar,ECHO,25946589184,89.22,United States
351,Dover Corporation,DOV,25788569600,191.48,United States
352,SharkNinja,SN,25755295744,181.99,United States
353,Insmed,INSM,25696950272,117.67,United States
354,American Water,AWK,25622126592,128.93,United States
355,Cognizant Technology Solutions,CTSH,25562710016,56.75,United States
356,VICI Properties,VICI,25533988864,23.19,United States
357,VeriSign,VRSN,25499127808,282.07,United States
358,Zoom,ZM,25472718848,87.3,United States
359,Symbotic,SYM,25425321984,42.0,United States
360,Incyte,INCY,25300731904,124.82,United States
361,Otis Worldwide,OTIS,25249798144,66.33,United States
362,Copart,CPRT,25200586752,27.22,United States
363,DTE Energy,DTE,25143281664,120.83,United States
364,Las Vegas Sands,LVS,25117851648,38.78,United States
365,W. R. Berkley,WRB,25117255680,67.66,United States
366,LabCorp,LH,25106126848,309.57,United States
367,FirstEnergy,FE,24893089792,43.02,United States
368,Cincinnati Financial,CINF,24851165184,161.92,United States
369,Coupang,CPNG,24715786240,13.75,United States
370,F5,FFIV,24664537088,435.56,United States
371,LPL Financial,LPLA,24621137920,312.68,United States
372,Hubbell,HUBB,24605186048,465.72,United States
373,ATI Inc.,ATI,24601903104,180.67,United States
374,Principal Financial Group,PFG,24544956416,114.64,United States
375,Expeditors International,EXPD,24513632256,188.58,United States
376,Fiserv,FISV,24471904256,46.02,United States
377,PPL,PPL,24164214784,32.11,United States
378,CenterPoint Energy,CNP,24122335232,36.62,United States
379,Fox Corporation,FOX,23845644288,56.55,United States
380,Eversource Energy,ES,23835977728,63.28,United States
381,Guardant Health,GH,23797006336,177.33,United States
382,PPG Industries,PPG,23788322816,107.01,United States
383,Formula One Group,FWONK,23782207488,94.86,United States
384,AST SpaceMobile,ASTS,23739215872,61.0,United States
385,First Citizens BancShares,FCNCA,23695562752,2098.23,United States
386,Pershing Square Inc.,PS,23667998720,59.17,United States
387,Xylem,XYL,23561154560,100.91,United States
388,ULTA Beauty,ULTA,23479410688,549.13,United States
389,Veralto,VLTO,23452919808,96.2,United States
390,Circle Internet Group,CRCL,23388575744,85.8,United States
391,Texas Pacific Land Corporation,TPL,23323787264,338.15,United States
392,Rubrik,RBRK,23277150208,113.09,United States
393,Synchrony Financial,SYF,23270522880,71.52,United States
394,Regions Financial,RF,23223599104,27.26,United States
395,Entegris,ENTG,23016265728,150.63,United States
396,PulteGroup,PHM,22692638720,119.13,United States
397,Church & Dwight,CHD,22681438208,95.62,United States
398,Affirm,AFRM,22678081536,67.21,United States
399,Roku,ROKU,22673119232,152.67,United States
400,Tapestry,TPR,22620985344,113.45,United States
401,Global Payments,GPN,22413176832,84.7,United States
402,Casey's General Stores,CASY,22406731776,606.24,United States
403,Darden Restaurants,DRI,22369998848,197.02,United States
404,Samsara,IOT,22212003840,37.93,United States
405,T. Rowe Price,TROW,22144319488,103.81,United States
406,International Flavors & Fragrances,IFF,21871456256,85.72,United States
407,Verisk Analytics,VRSK,21836275712,167.77,United States
408,KeyCorp (KeyBank),KEY,21769422848,20.4,United States
409,Tradeweb,TW,21769166848,100.77,United States
410,Dollar Tree,DLTR,21768867840,116.02,United States
411,Markel Group,MKL,21563484160,1740.4,United States
412,Loews Corporation,L,21454688256,104.95,United States
413,Rivian,RIVN,21413859328,14.79,United States
414,Ralph Lauren,RL,21280393216,357.16,United States
415,MACOM Technology Solutions,MTSI,21273884672,278.56,United States
416,J. B. Hunt,JBHT,21231349760,226.07,United States
417,Viatris,VTRS,20984756224,18.27,United States
418,Bunge Global SA,BG,20952510464,109.06,United States
419,Packaging Corporation of America,PKG,20895332352,234.52,United States
420,"Arxis, Inc.",ARXS,20869226496,48.44,United States
421,United Therapeutics,UTHR,20825147392,485.54,United States
422,Tenet Healthcare,THC,20768264192,257.93,United States
423,XPO Logistics,XPO,20684494848,176.66,United States
424,Southwest Airlines,LUV,20683722752,42.28,United States
425,Omnicom Group,OMC,20603379712,75.1,United States
426,SoFi,SOFI,20574715904,15.93,United States
427,NRG Energy,NRG,20390416384,97.0,United States
428,Royal Gold,RGLD,20361799680,240.32,United States
429,TD Synnex,SNX,20298397696,256.75,United States
430,US Foods,USFD,20274515968,93.72,United States
431,Brown &amp; Brown,BRO,20156930048,60.24,United States
432,Dow,DOW,20146081792,27.89,United States
433,Reliance,RS,19989389312,391.53,United States
434,Edison International,EIX,19806375936,51.47,United States
435,Lennar,LEN,19760627712,82.03,United States
436,Expand Energy,EXE,19749586944,85.31,United States
437,SiTime,SITM,19670292480,656.65,United States
438,Curtiss-Wright,CW,19662419968,532.36,United States
439,CMS Energy,CMS,19629928448,62.6,United States
440,Constellation Brands,STZ,19287226368,112.92,United States
441,Woodward,WWD,19245393920,325.94,United States
442,Snap-on,SNA,19098171392,369.21,United States
443,Carpenter Technology,CRS,19094915072,385.3,United States
444,HF Sinclair,DINO,18878867456,106.19,United States
445,Best Buy,BBY,18856617984,89.91,United States
446,LyondellBasell,LYB,18823421952,58.27,United States
447,Essex Property Trust,ESS,18819368960,273.01,United States
448,NiSource,NI,18750799872,39.1,United States
449,Western Midstream,WES,18704414720,45.27,United States
450,First Solar,FSLR,18589050880,172.97,United States
451,Nutanix,NTNX,18588170240,68.7,United States
452,Broadridge Financial Solutions,BR,18576431104,162.92,United States
453,ITT,ITT,18530361344,206.26,United States
454,Nordson,NDSN,18454315008,331.32,United States
455,Coeur Mining,CDE,18369198080,17.87,United States
456,SS&C Technologies,SSNC,18303088640,78.0,United States
457,Fair Isaac (FICO),FICO,18161235968,840.89,United States
458,IonQ,IONQ,18060947456,44.58,United States
459,International Paper,IP,18005377024,34.0,United States
460,General Mills,GIS,17965486080,33.6,United States
461,Evergy,EVRG,17963489280,77.91,United States
462,Tyson Foods,TSN,17924286464,50.95,United States
463,Permian Resources,PR,17839964160,21.3,United States
464,WESCO International,WCC,17771411456,364.67,United States
465,Fidelity National Information Services,FIS,17693870080,34.31,United States
466,Dupont De Nemours,DD,17687928832,130.98,United States
467,Genuine Parts Company,GPC,17663971328,128.13,United States
468,Onto Innovation,ONTO,17648781312,288.74,United States
469,Lattice Semiconductor,LSCC,17616015360,124.03,United States
470,Zebra Technologies,ZBRA,17593415680,371.87,United States
471,Toast,TOST,17559640064,30.38,United States
472,Unity Software,U,17541945344,39.86,United States
473,CF Industries,CF,17481066496,115.51,United States
474,Zimmer Biomet,ZBH,17475387392,91.62,United States
475,MKS Instruments,MKSI,17471025152,258.38,United States
476,News Corp,NWS,17394434048,32.24,United States
477,East West Bancorp,EWBC,17362143232,126.72,United States
478,SBA Communications,SBAC,17337978880,163.43,United States
479,C. H. Robinson,CHRW,17322031104,148.24,United States
480,Plains All American Pipeline,PAA,17307545600,24.53,United States
481,Medpace,MEDP,17191905280,615.94,United States
482,FTAI Aviation,FTAI,17162354688,167.1,United States
483,Equifax,EFX,17126947840,145.78,United States
484,IDEX,IEX,17040353280,231.15,United States
485,TPG Inc.,TPG,16985775104,43.49,United States
486,Revvity,RVTY,16851778560,151.02,United States
487,Fortive,FTV,16840470528,55.76,United States
488,FedEx Freight,FDXF,16790886400,112.3,United States
489,Dynatrace,DT,16786837504,57.84,United States
490,NVR,NVR,16786368512,6267.89,United States
491,Burlington Stores,BURL,16733340672,266.39,United States
492,Tractor Supply,TSCO,16709756928,32.07,United States
493,Franklin Resources,BEN,16603953152,32.68,United States
494,APi Group,APG,16573346816,38.35,United States
495,Clean Harbors,CLH,16536133632,313.26,United States
496,Reinsurance Group of America,RGA,16519361536,252.97,United States
497,Ovintiv,OVV,16465997824,59.53,United States
498,MasTec,MTZ,16389435392,204.09,United States
499,Alliant Energy,LNT,16389386240,63.21,United States
500,Semtech,SMTC,16311452672,174.78,United States
501,CDW Corporation,CDW,16293521408,130.33,United States
502,Jacobs Engineering,J,16194631680,138.37,United States
503,Bitmine Immersion Technologies,BMNR,16190596096,26.84,United States
504,DigitalOcean,DOCN,16024915968,136.29,United States
505,RBC Bearings,RBC,15962591232,504.2,United States
506,Host Hotels & Resorts,HST,15742501888,22.66,United States
507,Invitation Homes,INVH,15675141120,26.54,United States
508,Akamai,AKAM,15663672320,108.99,United States
509,Leidos,LDOS,15353971712,122.35,United States
510,Tempus AI,TEM,15351389184,85.08,United States
511,Annaly Capital Management,NLY,15338089472,20.35,United States
512,Sterling Infrastructure,STRL,15244093440,498.36,United States
513,Solventum,SOLV,15241832448,89.54,United States
514,Hyatt Hotels,H,15190020096,161.19,United States
515,PTC,PTC,15157239808,139.69,United States
516,Ball Corporation,BALL,15122503680,57.13,United States
517,Kimco Realty,KIM,15086053376,22.49,United States
518,Corebridge Financial,CRBG,15058063360,33.78,United States
519,W. P. Carey,WPC,14994907136,65.82,United States
520,Omega Healthcare Investors,OHI,14904797184,46.68,United States
521,APA Corporation,APA,14830380032,42.33,United States
522,Lincoln Electric,LECO,14780870656,271.18,United States
523,Lamar Advertising,LAMR,14727749632,145.03,United States
524,Rollins,ROL,14718237696,30.59,United States
525,Viper Energy,VNOM,14558168064,40.53,United States
526,Talen Energy,TLN,14541977600,303.5,United States
527,Charter Communications,CHTR,14477277184,111.4,United States
528,Exelixis,EXEL,14463016960,58.37,United States
529,Jones Lang LaSalle,JLL,14451019776,314.1,United States
530,Performance Food Group,PFGC,14445955072,91.97,United States
531,Unum,UNM,14424915968,91.12,United States
532,Blue Owl Capital,OWL,14339481600,9.15,United States
533,Aramark,ARMK,14304293888,54.26,United States
534,Neurocrine Biosciences,NBIX,14275611648,140.44,United States
535,Equitable Holdings,EQH,14268379136,52.31,United States
536,Healthpeak Properties,DOC,14249840640,20.1,United States
537,Weyerhaeuser,WY,14212913152,19.72,United States
538,Warner Music Group,WMG,14197198848,27.14,United States
539,Charles River Laboratories,CRL,14189730816,294.59,United States
540,Sun Communities,SUI,14186881024,112.28,United States
541,Pinnacle Financial Partners,PNFP,14122987520,93.46,United States
542,Carlyle Group,CG,14082272256,39.52,United States
543,Mid-America Apartment Communities,MAA,14078174208,118.34,United States
544,Sunoco,SUN,14059442176,74.62,United States
545,Ares Capital,ARCC,13735776256,19.13,United States
546,Regency Centers,REG,13709684736,73.33,United States
547,CACI International Inc,CACI,13622191104,616.4,United States
548,Penske Automotive Group,PAG,13606660096,207.22,United States
549,Wayfair,W,13509159936,98.63,United States
550,Mueller Industries,MLI,13485429760,60.97,United States
551,Masco,MAS,13479732224,68.36,United States
552,Invesco,IVZ,13434838016,30.43,United States
553,Trimble,TRMB,13410171904,57.51,United States
554,Stanley Black &amp; Decker,SWK,13399706624,88.73,United States
555,Textron,TXT,13306628096,77.37,United States
556,Tyler Technologies,TYL,13269354496,324.02,United States
557,Dick's Sporting Goods,DKS,13218323456,134.16,United States
558,Amkor Technology,AMKR,13212702720,53.18,United States
559,Skyworks Solutions,SWKS,13179910144,87.59,United States
560,Vicor,VICR,13145029632,285.1,United States
561,Somnigroup International,SGI,13101561856,62.28,United States
562,TTM Technologies,TTMI,13083275264,124.19,United States
563,UL Solutions,ULS,13083002880,64.8,United States
564,Quantinuum Inc.,QNT,13047430144,49.11,United States
565,McCormick & Company,MKC,13028545536,48.46,United States
566,Avery Dennison,AVY,13027223552,171.89,United States
567,BridgeBio Pharma,BBIO,13021788160,66.61,United States
568,Assurant,AIZ,12998292480,263.53,United States
569,Carlisle Companies,CSL,12959515648,326.32,United States
570,Watsco,WSO,12921011200,313.22,United States
571,J.M. Smucker Company,SJM,12886080512,120.63,United States
572,Coca-Cola Consolidated,COKE,12884851712,193.57,United States
573,IES Holdings,IESC,12834871296,322.09,United States
574,Halozyme Therapeutics,HALO,12812788736,112.89,United States
575,Globe Life,GL,12810034176,166.69,United States
576,RPM International,RPM,12789828608,100.2,United States
577,Lennox,LII,12732498944,368.41,United States
578,TransUnion,TRU,12682004480,66.19,United States
579,Graco,GGG,12672886784,78.25,United States
580,Albemarle,ALB,12672563200,107.39,United States
581,Hasbro,HAS,12616426496,89.45,United States
582,SEI Investments,SEIC,12580410368,104.82,United States
583,Toll Brothers,TOL,12578985984,136.51,United States
584,"QXO, Inc.",QXO,12574387200,12.12,United States
585,Penumbra,PEN,12572315648,319.18,United States
586,Webster Financial,WBS,12568934400,77.57,United States
587,Five Below,FIVE,12552320000,228.0,United States
588,AMH (American Homes 4 Rent),AMH,12528133120,30.56,United States
589,Madison Air Solutions,MAIR,12528013312,24.97,United States
590,DocuSign,DOCU,12518726656,66.98,United States
591,Corcept Therapeutics,CORT,12499418112,115.63,United States
592,Gen Digital,GEN,12480539648,20.85,United States
593,DT Midstream,DTM,12442806272,121.97,United States
594,BorgWarner,BWA,12437904384,61.07,United States
595,UDR Apartments,UDR,12427932672,33.83,United States
596,Applied Industrial Technologies,AIT,12394752000,337.42,United States
597,BWX Technologies,BWXT,12309413888,134.35,United States
598,CNA Financial,CNA,12296105984,45.44,United States
599,Encompass Health,EHC,12234992640,124.02,United States
600,BJ's Wholesale Club,BJ,12228525056,96.81,United States
601,Pershing Square Holdings,PSHD.L,12225084416,56.685,United States
602,Brown Forman,BF-A,12192023552,26.57,United States
603,Nextpower,NXT,12157402112,79.13,United States
604,Baxter,BAX,12144235520,23.49,United States
605,Generac,GNRC,12120510464,205.21,United States
606,GameStop,GME,12087842816,23.96,United States
607,Crane Company,CR,11960049664,206.92,United States
608,Watts Water Technologies,WTS,11951466496,358.01,United States
609,Madrigal Pharmaceuticals,MDGL,11945756672,517.04,United States
610,Twist Bioscience,TWST,11907691520,179.6,United States
611,Guidewire Software,GWRE,11903695872,145.18,United States
612,U-Haul,UHAL,11870408704,60.72,United States
613,GoDaddy,GDDY,11868155904,93.71,United States
614,Equity LifeStyle Properties,ELS,11846184960,59.08,United States
615,Sanmina,SANM,11794633728,220.06,United States
616,Manhattan Associates,MANH,11770607616,201.88,United States
617,SailPoint,SAIL,11743651840,20.57,United States
618,Arrow Electronics,ARW,11731663872,230.46,United States
619,Gartner,IT,11728659456,185.73,United States
620,Crown Holdings,CCK,11688492032,107.47,United States
621,Forgent Power Solutions,FPS,11671653376,36.59,United States
622,Ally Financial,ALLY,11617385472,38.19,United States
623,Erie Indemnity,ERIE,11604167680,221.92,United States
624,Gaming and Leisure Properties,GLPI,11569732608,38.63,United States
625,Paramount Skydance,PSKY,11533601792,10.28,United States
626,10x Genomics,TXG,11530768384,88.5,United States
627,BioMarin Pharmaceutical,BMRN,11509895168,59.46,United States
628,American Financial Group,AFG,11458086912,138.18,United States
629,Hecla Mining,HL,11426781184,17.01,United States
630,Camden Property Trust,CPT,11388085248,98.4,United States
631,Bio-Techne,TECH,11370891264,72.51,United States
632,DaVita,DVA,11360866304,178.07,United States
633,American Healthcare REIT,AHR,11314136064,51.9,United States
634,"BXP, Inc.",BXP,11292177408,62.43,United States
635,AGNC Investment,AGNC,11214654464,9.46,United States
636,Elanco,ELAN,11212643328,22.45,United States
637,BrightSpring Health Services,BTSG,11187244032,56.54,United States
638,Dayforce,DAY,11180042240,69.86,United States
639,Alcoa,AA,11150174208,42.25,United States
640,Confluent,CFLT,11133729792,30.99,United States
641,Advanced Energy,AEIS,11127614464,277.84,United States
642,Rambus,RMBS,11076099072,102.12,United States
643,Pinnacle West Capital,PNW,11067730944,91.32,United States
644,Essential Utilities,WTRG,11050341376,38.96,United States
645,Fidelity National Financial,FNF,11017362432,41.08,United States
646,Hormel Foods,HRL,10990504960,19.97,United States
647,First Horizon Corporation,FHN,10986892288,23.19,United States
648,Repligen,RGEN,10953589760,194.09,United States
649,JFrog,FROG,10950388736,88.81,United States
650,CoStar Group,CSGP,10948439040,27.02,United States
651,Littelfuse,LFUS,10901396480,429.21,United States
652,EastGroup Properties,EGP,10885870592,202.44,United States
653,Figma,FIG,10793449472,20.25,United States
654,Cooper Companies,COO,10757085184,56.57,United States
655,Deckers Brands,DECK,10671210496,78.36,United States
656,Globalstar,GSAT,10668249088,82.34,United States
657,Dillard's,DDS,10651528192,681.94,United States
658,Stifel,SF,10632032256,70.41,United States
659,AES,AES,10608832512,14.87,United States
660,Aurora Innovation,AUR,10601980928,5.29,United States
661,Antero Resources,AR,10557455360,34.34,United States
662,DraftKings,DKNG,10504967168,21.16,United States
663,Service Corporation International,SCI,10503992320,77.07,United States
664,Universal Health Services,UHS,10460052480,177.48,United States
665,Pinterest,PINS,10425822208,18.41,United States
666,Regal Rexnord,RRX,10416805888,156.48,United States
667,Texas Roadhouse,TXRH,10400804864,158.45,United States
668,HubSpot,HUBS,10383522816,202.84,United States
669,Jack Henry &amp; Associates,JKHY,10364046336,147.82,United States
670,New York Times,NYT,10349566976,64.17,United States
671,Knight-Swift Transportation,KNX,10343143424,63.55,United States
672,Avantor,AVTR,10341526528,15.29,United States
673,Align Technology,ALGN,10300779520,145.0,United States
674,Instacart (Maplebear Inc.),CART,10286029824,43.34,United States
675,The Ensign Group,ENSG,10278689792,176.36,United States
676,Qorvo,QRVO,10260175872,116.3,United States
677,FormFactor,FORM,10231472128,130.97,United States
678,Apogee Therapeutics,APGE,10223142912,135.07,United States
679,Axsome Therapeutics,AXSM,10156115968,193.89,United States
680,Donaldson Company,DCI,10139817984,87.48,United States
681,UMB Financial,UMBF,10133253120,133.42,United States
682,"Popular, Inc. (Banco Popular de Puerto Rico)",BPOP,10131215360,158.85,United States
683,Huntington Ingalls Industries,HII,10128952320,257.05,United States
684,Chime Financial,CHYM,10104436736,26.69,United States
685,Bio-Rad Laboratories,BIO,10098741248,377.69,United States
686,VIAVI Solutions,VIAV,10084665344,40.87,United States
687,Evercore,EVR,10061323264,261.62,United States
688,Globus Medical,GMED,10040105984,74.78,United States
689,Madison Square Garden Sports,MSGS,10025442304,416.34,United States
690,Krystal Biotech,KRYS,9977175040,337.08,United States
691,Paycom,PAYC,9941898240,220.58,United States
692,Molina Healthcare,MOH,9899207680,189.64,United States
693,Cognex,CGNX,9883150336,58.75,United States
694,ViaSat,VSAT,9870203904,71.65,United States
695,Advanced Drainage Systems,WMS,9861511168,130.78,United States
696,South State Corp,SSB,9861341184,101.69,United States
697,Clorox,CLX,9846202368,81.42,United States
698,Antero Midstream,AM,9825752064,20.7,United States
699,Leonardo DRS,DRS,9786911744,36.67,United States
700,Ryan Specialty,RYAN,9768973312,38.12,United States
701,Cullen/Frost Bankers,CFR,9721312256,156.42,United States
702,Wintrust Financial,WTFC,9714929664,144.02,United States
703,Domino's Pizza,DPZ,9668798464,292.27,United States
704,Owens Corning,OC,9646310400,122.03,United States
705,Old National Bank,ONB,9644589056,25.21,United States
706,Bruker,BRKR,9641296896,63.28,United States
707,Federal Realty Investment Trust,FRT,9601156096,109.83,United States
708,Jefferies Financial Group,JEF,9585864704,47.13,United States
709,Henry Schein,HSIC,9583288320,85.99,United States
710,Darling Ingredients,DAR,9561278464,60.59,United States
711,Murphy USA,MUSA,9559986176,520.12,United States
712,FactSet,FDS,9519830016,267.67,United States
713,Affiliated Managers Group,AMG,9519816704,368.13,United States
714,Bentley Systems,BSY,9452486656,31.29,United States
715,Flowserve,FLS,9417785344,74.09,United States
716,FirstCash,FCFS,9409511424,216.95,United States
717,Allison Transmission,ALSN,9385820160,113.66,United States
718,Glaukos,GKOS,9352493056,158.56,United States
719,Janus Living,JAN,9332911104,30.04,United States
720,Modine Manufacturing,MOD,9296847872,175.04,United States
721,Arrowhead Pharmaceuticals,ARWR,9246517248,65.46,United States
722,Elastic NV,ESTC,9232933888,87.94,United States
723,Insulet,PODD,9231737856,133.11,United States
724,OGE Energy,OGE,9230051328,44.68,United States
725,Zions Bancorporation,ZION,9222792192,63.19,United States
726,Protagonist Therapeutics,PTGX,9217048576,142.44,United States
727,Match Group,MTCH,9216360448,39.51,United States
728,Kymera Therapeutics,KYMR,9212849152,112.0,United States
729,Cytokinetics,CYTK,9197790208,66.16,United States
730,The Toro Company,TTC,9188973568,97.07,United States
731,Old Republic International,ORI,9179280384,38.02,United States
732,Acuity Brands,AYI,9157583872,305.91,United States
733,Oscar Health,OSCR,9151324160,29.65,United States
734,Houlihan Lokey,HLI,9053095936,129.54,United States
735,Solstice Advanced Materials,SOLS,9043181568,56.93,United States
736,Valmont Industries,VMI,9031584768,467.84,United States
737,ImmunityBio,IBRX,9029806080,8.52,United States
738,Crinetics Pharmaceuticals,CRNX,9012787200,84.95,United States
739,Caris Life Sciences,CAI,8975112192,31.75,United States
740,Ryder,R,8970482688,233.93,United States
741,American Airlines,AAL,8949833728,13.52,United States
742,Liberty Live Holdings,LLYVA,8930961408,97.07,United States
743,Jackson Financial,JXN,8927325184,131.81,United States
744,Lineage,LINE,8883996672,35.43,United States
745,Range Resources,RRC,8847107072,37.86,United States
746,Life Time Group,LTH,8846858240,39.59,United States
747,CareTrust REIT,CTRE,8842091520,37.42,United States
748,Snap,SNAP,8828051456,5.22,United States
749,PBF Energy,PBF,8817955840,74.39,United States
750,Saia,SAIA,8786336768,330.25,United States
751,Legence Corp.,LGN,8774458368,53.41,United States
752,Sirius XM,SIRI,8743515136,25.94,United States
753,Voya Financial,VOYA,8695438336,95.98,United States
754,Tetra Tech,TTEK,8677345280,33.89,United States
755,Vaxcyte,PCVX,8670883840,58.27,United States
756,Kinetik,KNTK,8664725504,51.21,United States
757,TG Therapeutics,TGTX,8601765888,56.19,United States
758,Brixmor Property Group,BRX,8592424960,28.0,United States
759,Element Solutions,ESI,8558424576,35.12,United States
760,Westlake Corporation,WLK,8541920768,66.84,United States
761,SPX Technologies,SPXC,8520105472,170.11,United States
762,Rexford Industrial,REXR,8502915584,37.19,United States
763,Brinker International,EAT,8478860800,202.45,United States
764,Primerica,PRI,8477621248,275.45,United States
765,CubeSmart,CUBE,8463486464,37.39,United States
766,Booz Allen Hamilton,BAH,8450019328,70.25,United States
767,InterDigital,IDCC,8442178048,327.14,United States
768,Mohawk Industries,MHK,8428657152,124.43,United States
769,Ryman Hospitality Properties,RHP,8422291456,122.09,United States
770,Agree Realty,ADC,8394122752,67.3,United States
771,First Industrial Realty Trust,FR,8393782272,61.26,United States
772,NewMarket Corp,NEU,8391168512,912.44,United States
773,Alexandria Real Estate Equities,ARE,8374156288,48.66,United States
774,Western Alliance Bancorporation,WAL,8351671296,76.55,United States
775,Avnet,AVT,8326303232,101.45,United States
776,Wynn Resorts,WYNN,8290942464,80.515,United States
777,Kratos Defense &amp; Security Solutions,KTOS,8272879104,44.07,United States
778,MP Materials,MP,8272818688,46.45,United States
779,AGCO,AGCO,8236431360,117.61,United States
780,Columbia Banking System,COLB,8221139968,29.06,United States
781,Applied Optoelectronics,AAOI,8220626944,96.82,United States
782,Oshkosh Corporation,OSK,8198420480,132.79,United States
783,MaxLinear,MXL,8162387456,90.0,United States
784,MGM Resorts,MGM,8151420416,31.86,United States
785,Riot Platforms,RIOT,8113098752,21.62,United States
786,Timken Company,TKR,8090405888,116.75,United States
787,Prosperity Bancshares,PB,8090299904,67.32,United States
788,Gap Inc.,GAP,8061649920,22.95,United States
789,Dycom Industries,DY,8046641664,266.79,United States
790,CarMax,KMX,8025072640,56.55,United States
791,Commerce Bancshares,CBSH,8014990336,55.88,United States
792,Lear Corporation,LEA,8004949504,120.24,United States
793,SM Energy,SM,7980003840,33.55,United States
794,Praxis Precision Medicines,PRAX,7975344640,285.65,United States
795,StoneX Group,SNEX,7948643328,65.9,United States
796,BOK Financial,BOKF,7935544832,130.59,United States
797,A. O. Smith,AOS,7934342656,58.38,United States
798,Hess Midstream,HESM,7933743616,38.48,United States
799,SentinelOne,S,7914636800,22.74,United States
800,AptarGroup,ATR,7912671232,124.45,United States
801,Paylocity,PCTY,7901835776,142.72,United States
802,Galaxy Digital Holdings,7LX.F,7887111260,22.3715,United States
803,NNN REIT,NNN,7876274688,41.4,United States
804,Lincoln National Corporation,LNC,7826366976,40.88,United States
805,Core &amp; Main,CNM,7818560000,42.39,United States
806,UGI Corporation,UGI,7773297664,36.24,United States
807,Zurn Elkay Water Solutions,ZWS,7750829056,46.73,United States
808,Ralliant Corporation,RAL,7740375040,69.96,United States
809,GitLab,GTLB,7699279360,46.21,United States
810,AECOM,ACM,7647141376,59.42,United States
811,Central Bancompany,CBC,7628238848,31.85,United States
812,Levi Strauss &amp; Co.,LEVI,7623889408,19.81,United States
813,Eastman Chemical,EMN,7599290880,66.47,United States
814,Hanover Insurance Group,THG,7575835648,217.57,United States
815,Ionis Pharmaceuticals,IONS,7573019648,45.57,United States
816,Spyre Therapeutics,SYRE,7564426752,85.79,United States
817,TeraWulf,WULF,7544406016,15.12,United States
818,Smithfield Foods,SFD,7536708096,19.14,United States
819,Ozon,OZON.ME,7503877706,34.5,United States
820,AeroVironment,AVAV,7482332160,147.23,United States
821,Chewy,CHWY,7479866880,18.61,United States
822,Hinge Health,HNGE,7460198400,92.45,United States
823,Procore,PCOR,7454929408,49.06,United States
824,Idacorp,IDA,7450633728,128.81,United States
825,Kinsale Capital Group,KNSL,7401165824,324.92,United States
826,Chord Energy,CHRD,7392417280,135.15,United States
827,National Fuel Gas,NFG,7390706688,77.76,United States
828,Silicon Labs,SLAB,7375054848,221.03,United States
829,StandardAero,SARO,7353029120,22.22,United States
830,Applied Digital,APLD,7338644480,24.53,United States
831,HealthEquity,HQY,7315340800,88.44,United States
832,Netskope,NTSK,7293291520,17.85,United States
833,STAG Industrial,STAG,7283851776,37.01,United States
834,Commercial Metals Company,CMC,7271337984,65.73,United States
835,Terreno Realty,TRNO,7254153728,66.57,United States
836,Zeta Global,ZETA,7225978368,28.99,United States
837,Clearway Energy,CWEN,7204237312,29.21,United States
838,Arcosa,ACA,7195620352,146.53,United States
839,Morningstar,MORN,7186099712,191.56,United States
840,Simpson Manufacturing Company,SSD,7163712000,174.79,United States
841,Amneal Pharmaceuticals,AMRX,7140068864,20.5,United States
842,Celsius Holdings,CELH,7084981248,28.0,United States
843,The Mosaic Company,MOS,7073178112,22.25,United States
844,Valley Bank,VLY,7062295040,12.78,United States
845,Plexus,PLXS,7061740032,264.96,United States
846,Primo Brands,PRMB,7054282752,19.49,United States
847,Victoria's Secret &amp; Co,VSXY,7042366976,88.29,United States
848,Aaon,AAON,7036593152,85.34,United States
849,MSA Safety,MSA,7033593856,182.32,United States
850,Light &amp; Wonder,LNW,7028988928,86.22,United States
851,Federal Signal,FSS,7020396032,115.01,United States
852,AppFolio,APPF,7009376768,197.91,United States
853,Axalta,AXTA,6994173440,32.68,United States
854,Compass,COMP,6985566208,9.1,United States
855,Armstrong World Industries,AWI,6962800128,164.75,United States
856,Solaris Energy Infrastructure,SEI,6958312960,69.15,United States
857,NOV,NOV,6951323136,19.5,United States
858,Kirby Corporation,KEX,6947951616,131.59,United States
859,Cipher Mining,CIFR,6947614208,16.74,United States
860,Dropbox,DBX,6940768768,31.92,United States
861,Immunovant,IMVT,6917449728,33.49,United States
862,Oklo,OKLO,6903115264,37.11,United States
863,ESCO Technologies,ESE,6892449792,266.04,United States
864,Allegro MicroSystems,ALGM,6885691392,36.94,United States
865,Powell Industries,POWL,6821268992,187.23,United States
866,PACS Group,PACS,6817931776,43.06,United States
867,Rhythm Pharmaceuticals,RYTM,6786060800,98.56,United States
868,Conagra Brands,CAG,6776489472,14.16,United States
869,MSC Industrial Direct,MSM,6769688064,121.22,United States
870,Molson Coors,TAP,6762684416,36.27,United States
871,Vornado Realty Trust,VNO,6753464832,34.1,United States
872,Gates Industrial Corp,GTES,6751541760,26.67,United States
873,Victory Capital,VCTR,6741449216,109.6,United States
874,Chemed,CHE,6721880576,514.3,United States
875,Hims &amp; Hers Health,HIMS,6714760192,28.78,United States
876,Pilgrim's Pride,PPC,6693231104,28.11,United States
877,Belite Bio,BLTE,6682356736,165.93,United States
878,Matson,MATX,6681927680,223.45,United States
879,Lithia Motors,LAD,6662423040,303.07,United States
880,Macerich,MAC,6658835456,22.57,United States
881,Dutch Bros,BROS,6619461632,37.74,United States
882,First American Financial Corporation,FAF,6607911936,64.72,United States
883,Liquidia Corporation,LQDA,6594119680,73.67,United States
884,Fluor Corporation,FLR,6582735360,49.22,United States
885,Figure Technology Solutions,FIGR,6581002752,29.33,United States
886,Norwegian Cruise Line,NCLH,6570978304,14.31,United States
887,Aura Minerals,AUGO,6515799552,77.72,United States
888,Magnolia Oil &amp; Gas,MGY,6513019904,23.71,United States
889,Lantheus Holdings,LNTH,6513009664,99.74,United States
890,EnPro Industries,NPO,6507791360,307.44,United States
891,OneMain Financial,OMF,6468782080,56.23,United States
892,Urban Outfitters,URBN,6462204416,75.44,United States
893,Enact Holdings,ACT,6453483008,46.94,United States
894,EnerSys,ENS,6418888192,177.98,United States
895,TXNM Energy,TXNM,6417028096,58.27,United States
896,Cleveland-Cliffs,CLF,6401459200,11.22,United States
897,GATX,GATX,6399394304,181.26,United States
898,Matador Resources,MTDR,6367154688,51.45,United States
899,Hexcel,HXL,6362957312,84.14,United States
900,United Bankshares,UBSI,6362018816,46.72,United States
901,RingCentral,RNG,6357323776,76.13,United States
902,PJT Partners,PJT,6352947200,149.14,United States
903,UiPath,PATH,6352884224,12.19,United States
904,Terex,TEX,6343649792,55.5,United States
905,Etsy,ETSY,6325597696,68.92,United States
906,LandBridge,LB,6323234304,80.72,United States
907,Ligand Pharmaceuticals,LGND,6261774848,314.1,United States
908,Duolingo,DUOL,6257455616,134.3,United States
909,Builders FirstSource,BLDR,6241670144,58.01,United States
910,Healthcare Realty Trust,HR,6239020032,17.98,United States
911,F.N.B. Corporation,FNB,6204451328,17.43,United States
912,Plains GP,PAGP,6197811712,26.6,United States
913,Zillow,Z,6170569216,27.44,United States
914,CG Oncology,CGON,6170256384,69.61,United States
915,Commvault,CVLT,6137111040,148.08,United States
916,Terns Pharmaceuticals,TERN,6116845568,52.95,United States
917,Planet Labs,PL,6101731328,16.77,United States
918,Joby Aviation,JOBY,6087357952,6.11,United States
919,Ingram Micro Holding Corporation,INGM,6086775808,26.46,United States
920,Ingredion,INGR,6082520576,96.45,United States
921,Sensata Technologies,ST,6074667008,41.74,United States
922,WEX,WEX,6034490368,177.06,United States
923,Caesars Entertainment,CZR,6029854208,29.59,United States
924,CAVA Group,CAVA,6024864256,51.58,United States
925,Qualys,QLYS,6013648896,173.83,United States
926,Macy's,M,6009674752,23.01,United States
927,e.l.f. Beauty,ELF,6007014400,101.8,United States
928,Amdocs,DOX,5995509248,57.42,United States
929,Cirrus Logic,CRUS,5990552064,119.53,United States
930,Scholar Rock Holding,SRRK,5983310848,49.13,United States
931,Campbell's,CPB,5976623616,20.04,United States
932,Loar Holdings,LOAR,5955776000,63.57,United States
933,Lamb Weston,LW,5936522752,43.18,United States
934,POOLCORP,POOL,5934807552,163.31,United States
935,Southwest Gas,SWX,5931142656,81.87,United States
936,GRAIL,GRAL,5924082688,132.63,United States
937,Weatherford International,WFRD,5921202176,82.8,United States
938,Sprouts Farmers Market,SFM,5916561920,63.45,United States
939,Xometry,XMTR,5912353280,103.14,United States
940,LKQ Corporation,LKQ,5874707968,23.22,United States
941,Crocs,CROX,5866559488,122.36,United States
942,"X-Energy, Inc.",XE,5863863296,14.43,United States
943,Hancock Whitney,HWC,5842645504,72.83,United States
944,The Trade Desk,TTD,5834291712,12.34,United States
945,MGIC Investment,MTG,5815288832,28.35,United States
946,Travere Therapeutics,TVTX,5803654656,61.57,United States
947,ServiceTitan,TTAN,5780356608,59.92,United States
948,Home BancShares,HOMB,5773432320,28.86,United States
949,MarketAxess,MKTX,5770228224,163.94,United States
950,JBT Marel Corporation,JBTM,5766108160,111.15,United States
951,MiniMed Group,MMED,5764859904,20.49,United States
952,BillionToOne,BLLN,5743606784,121.72,United States
953,Glacier Bancorp,GBCI,5737138688,44.06,United States
954,Essential Properties Realty Trust,EPRT,5724728832,26.4,United States
955,Mirum Pharmaceuticals,MIRM,5711436800,87.96,United States
956,Credit Acceptance,CACC,5709319168,550.0,United States
957,Lumen Technologies,LUMN,5703892992,5.53,United States
958,Hamilton Lane,HLNE,5694194688,84.96,United States
959,Abercrombie &amp; Fitch,ANF,5693844480,134.18,United States
960,"Mobility Global, Inc.",MBGL,5683200000,17.76,United States
961,VF Corporation,VFC,5669000192,14.42,United States
962,Kodiak Sciences,KOD,5651422720,89.92,United States
963,RadNet,RDNT,5651286016,71.81,United States
964,Albertsons,ACI,5649191424,11.64,United States
965,Lyft,LYFT,5632678912,14.88,United States
966,Rayonier,RYN,5622899200,18.79,United States
967,Landstar System,LSTR,5613506560,165.41,United States
968,BGC Group,BGC,5596241408,11.77,United States
969,StepStone Group,STEP,5564808704,43.11,United States
970,Ormat Technologies,ORA,5556863488,90.36,United States
971,Rush Enterprises,RUSHA,5548196352,47.53,United States
972,EPAM Systems,EPAM,5548179968,107.55,United States
973,BETA Technologies,BETA,5547085312,22.88,United States
974,Schneider National,SNDR,5536002048,31.58,United States
975,Cogent Biosciences,COGT,5528505856,31.86,United States
976,Mercury General,MCY,5506183680,99.41,United States
977,Atlantic Union Bankshares,AUB,5505513984,38.55,United States
978,Varonis Systems,VRNS,5504688640,47.925,United States
979,PTC Therapeutics,PTCT,5504239616,65.95,United States
980,SAIC (Science Applications International Corp),SAIC,5485657088,130.93,United States
981,Sensient Technologies,SXT,5485495296,128.88,United States
982,CLEAR Secure,YOU,5480407040,40.36,United States
983,Associated Banc-Corp,ASB,5469086208,28.96,United States
984,Ameris Bancorp,ABCB,5465213952,81.44,United States
985,Pegasystems,PEGA,5463176192,33.23,United States
986,Materion,MTRN,5458227200,261.99,United States
987,Dolby,DLB,5450586624,58.19,United States
988,Starwood Property Trust,STWD,5438291456,14.32,United States
989,USA Rare Earth,USAR,5411286528,14.415,United States
990,Impinj,PI,5404464640,176.88,United States
991,Teleflex,TFX,5397395456,127.38,United States
992,Eagle Materials,EXP,5394869248,175.87,United States
993,Balchem,BCPC,5377184256,168.68,United States
994,Novanta,NOVT,5373148672,142.08,United States
995,International Seaways,INSW,5364736512,108.31,United States
996,Archrock,AROC,5356581376,30.55,United States
997,Blue Owl Capital Corporation,OBDC,5345209344,10.77,United States
998,PriceSmart,PSMT,5337945088,172.97,United States
999,AutoNation,AN,5334691840,161.36,United States
1000,Kodiak Gas Services,KGS,5330204672,52.72,United States
1001,Rigetti Computing,RGTI,5323611136,15.95,United States
1002,Black Hills,BKH,5317131776,69.73,United States
1003,Phillips Edison &amp; Company,PECO,5316975616,37.59,United States
1004,Core Scientific,CORZ,5308544512,16.52,United States
1005,ACM Research,ACMR,5289856512,75.95,United States
1006,Churchill Downs,CHDN,5277702144,75.72,United States
1007,Sotera Health,SHC,5265164800,18.45,United States
1008,Wyndham Hotels &amp; Resorts,WH,5256373760,70.83,United States
1009,Murphy Oil,MUR,5253762048,36.65,United States
1010,EXL Service,EXLS,5245792256,34.6,United States
1011,The Cheesecake Factory,CAKE,5232828416,105.16,United States
1012,Installed Building Products,IBP,5211910656,196.09,United States
1013,Navan,NAVN,5203001344,19.98,United States
1014,Portland General Electric,POR,5195910144,44.18,United States
1015,First National of Nebraska,FINN,5195171840,19225.0,United States
1016,Merit Medical,MMSI,5194806784,87.0,United States
1017,Casella Waste Systems,CWST,5193027584,81.6,United States
1018,Brookfield Renewable,BEPC,5192432640,27.97,United States
1019,Construction Partners,ROAD,5191430656,91.47,United States
1020,Laureate Education,LAUR,5182130688,37.62,United States
1021,Liberty Broadband,LBRDA,5177567232,35.99,United States
1022,Definium Therapeutics,DFTX,5161034240,38.41,United States
1023,Main Street Capital,MAIN,5149511168,55.07,United States
1024,Red Rock Resorts,RRR,5145281024,50.45,United States
1025,Granite Construction,GVA,5143301120,115.77,United States
1026,RLI Corp.,RLI,5137450496,55.98,United States
1027,GXO Logistics,GXO,5134428672,44.77,United States
1028,Iridium Communications,IRDM,5122088448,48.33,United States
1029,New Jersey Resources,NJR,5113984512,50.4,United States
1030,CVR Energy,CVI,5101927936,50.75,United States
1031,Kite Realty,KRG,5088873984,24.8,United States
1032,Fannie Mae,FNMA,5084004352,4.39,United States
1033,Bank OZK,OZK,5082243584,46.61,United States
1034,Ollie's Bargain Outlet,OLLI,5080687616,85.53,United States
1035,Rithm Capital,RITM,5070336000,9.08,United States
1036,Selective Insurance,SIGI,5068141056,85.08,United States
1037,Piper Sandler,PIPR,5066353152,71.69,United States
1038,Sabra Health Care REIT,SBRA,5063271424,19.82,United States
1039,Celanese,CE,5039670784,45.92,United States
1040,Boyd Gaming,BYD,5027028480,69.19,United States
1041,Frontdoor,FTDR,5023699968,72.92,United States
1042,Flagstar Bank,FLG,4997717504,12.04,United States
1043,Nexstar Media Group,NXST,4984166912,161.78,United States
1044,Argan,AGX,4983540224,355.21,United States
1045,Sphere Entertainment,SPHR,4981935616,138.72,United States
1046,Iovance Biotherapeutics,IOVA,4978156032,10.99,United States
1047,Axos Financial,AX,4976710656,87.72,United States
1048,H&amp;R Block,HRB,4972547072,40.34,United States
1049,CNO Financial Group,CNO,4962846208,53.64,United States
1050,Global Business Travel Group,GBTG,4962547712,9.5,United States
1051,ACI Worldwide,ACIW,4946806784,49.0,United States
1052,Vishay Intertechnology,VSH,4943410688,32.23,United States
1053,Erasca,ERAS,4942137856,14.13,United States
1054,Sonoco,SON,4940783616,49.97,United States
1055,Floor &amp; Decor,FND,4936875008,46.36,United States
1056,Waystar,WAY,4935604224,25.74,United States
1057,Vail Resorts,MTN,4920633856,138.09,United States
1058,Outfront Media,OUT,4915934720,27.91,United States
1059,VSE Corporation,VSEC,4901547008,174.65,United States
1060,Acushnet Holdings,GOLF,4893758464,83.79,United States
1061,Icahn Enterprises,IEP,4880431616,6.865,United States
1062,Mercury Systems,MRCY,4876390400,80.12,United States
1063,Warrior Met Coal,HCC,4844591616,91.75,United States
1064,AXT Inc,AXTI,4830778368,73.67,United States
1065,Eastern Bankshares,EBC,4828448768,21.13,United States
1066,Graham Holdings,GHC,4827860480,1140.01,United States
1067,Middleby,MIDD,4824320000,106.68,United States
1068,SOLV Energy,MWH,4818827776,23.81,United States
1069,CSW Industrials,CSW,4813259264,295.41,United States
1070,Haemonetics,HAE,4813133312,105.79,United States
1071,Veradermics,MANE,4804715520,115.0,United States
1072,Rush Street Interactive,RSI,4775029248,19.55,United States
1073,Champion Homes,SKY,4712601600,86.82,United States
1074,Gentex,GNTX,4706665472,22.34,United States
1075,UniFirst,UNF,4691757568,259.44,United States
1076,CNX Resources,CNX,4689812992,31.7,United States
1077,Choice Hotels International,CHH,4686035456,103.0,United States
1078,MARA Holdings,MARA,4678084096,12.11,United States
1079,Doximity,DOCS,4670044672,26.2,United States
1080,HASI (HA Sustainable Infrastructure Capita),HASI,4657972224,36.25,United States
1081,Reynolds Consumer Products,REYN,4654264832,22.08,United States
1082,Hagerty,HGTY,4649214976,13.53,United States
1083,Greif,GEF,4639946752,81.62,United States
1084,Remitly,RELY,4633763840,21.89,United States
1085,AAR,AIR,4633389568,115.09,United States
1086,"Calumet, Inc.",CLMT,4624326144,52.61,United States
1087,Cousins Properties,CUZ,4619435008,28.06,United States
1088,Louisiana-Pacific,LPX,4619140096,66.06,United States
1089,EquipmentShare.com,EQPT,4613976064,18.21,United States
1090,TFS Financial,TFSL,4613283328,16.45,United States
1091,Klaviyo,KVYO,4608908800,15.4,United States
1092,California Resources Corporation,CRC,4604423168,51.84,United States
1093,First Financial Bankshares,FFIN,4593646592,32.05,United States
1094,Virtu Financial,VIRT,4588986368,51.97,United States
1095,Fortune Brands Innovations,FBIN,4584445952,38.43,United States
1096,Insight Enterprises,NSIT,4577246720,155.96,United States
1097,Perimeter Solutions,PRM,4563591168,27.88,United States
1098,Oceaneering International,OII,4562439168,45.84,United States
1099,Chefs' Warehouse,CHEF,4559370240,111.76,United States
1100,Uranium Energy,UEC,4557774336,9.21,United States
1101,Adaptive Biotechnologies,ADPT,4550077440,28.51,United States
1102,Spire Inc.,SR,4542227968,76.84,United States
1103,Trex,TREX,4526888960,44.44,United States
1104,ADT,ADT,4522161664,6.19,United States
1105,Amentum,AMTM,4520923648,18.49,United States
1106,Versant Media Group,VSNT,4517460480,32.46,United States
1107,Concentra Group,CON,4509027328,35.36,United States
1108,ONE Gas,OGS,4504280576,71.66,United States
1109,LifeStance Health Group,LFST,4501025280,11.84,United States
1110,ServisFirst Bancshares,SFBS,4485332992,41.02,United States
1111,Cactus Inc,WHD,4479658496,64.24,United States
1112,Herc Holdings,HRI,4476470272,133.9,United States
1113,Ondas Holdings,ONDS,4472084992,7.68,United States
1114,MYR Group,MYRG,4451715584,285.93,United States
1115,Cinemark Theatres,CNK,4448697344,38.38,United States
1116,Parsons,PSN,4443104256,41.6,United States
1117,Nelnet,NNI,4438439424,124.05,United States
1118,Diodes Incorporated,DIOD,4438002688,96.37,United States
1119,Alaska Airlines,ALK,4430643712,39.7,United States
1120,Tutor Perini Corporation,TPC,4418583040,83.98,United States
1121,Howard Hughes Holdings,HHH,4416253952,73.95,United States
1122,Griffon Corporation,GFF,4406865920,96.08,United States
1123,KBR,KBR,4392200704,34.84,United States
1124,Core Natural Resources,CNR,4387845120,88.4,United States
1125,Fulton Financial,FULT,4385307136,22.97,United States
1126,UFP Industries,UFPI,4380925440,79.42,United States
1127,Millrose Properties,MRP,4373702144,26.34,United States
1128,Radian Group,RDN,4365943808,33.0,United States
1129,EPR Properties,EPR,4365176320,56.98,United States
1130,Indivior PLC,INDV,4353017856,36.88,United States
1131,Alliance Laundry Holdings,ALH,4347517440,21.87,United States
1132,HeartFlow,HTFL,4340724736,49.92,United States
1133,International Bancshares Corp,IBOC,4324175872,69.53,United States
1134,Franklin Electric,FELE,4314154496,97.58,United States
1135,Brink's,BCO,4313712640,104.75,United States
1136,SLM Corporation (Sallie Mae),SLM,4305200128,22.9,United States
1137,Moelis &amp; Company,MC,4304099840,58.1,United States
1138,"Box, Inc.",BOX,4299872256,31.34,United States
1139,Federated Hermes,FHI,4297445888,57.56,United States
1140,Integer Holdings,ITGR,4296549376,126.38,United States
1141,Belden,BDC,4291567104,109.82,United States
1142,Cavco Industries,CVCO,4287072512,557.53,United States
1143,Brunswick Corporation,BC,4285053696,66.13,United States
1144,Meritage Homes,MTH,4236315904,65.0,United States
1145,OPENLANE Corporate,OPLN,4233382912,34.68,United States
1146,Enova International,ENVA,4233221376,170.02,United States
1147,CECO Environmental,CECO,4232256256,72.26,United States
1148,NorthWestern Energy,NWE,4186904576,68.06,United States
1149,Vontier,VNT,4185792000,30.96,United States
1150,ESAB,ESAB,4178643968,67.25,United States
1151,Americold,COLD,4176490752,14.56,United States
1152,Fervo Energy Company,FRVO,4157634816,14.105,United States
1153,Tanger Inc.,SKT,4156471808,34.77,United States
1154,Tidewater,TDW,4143201280,83.27,United States
1155,Patterson-UTI Energy,PTEN,4138025984,10.85,United States
1156,Delek US,DK,4131334912,67.47,United States
1157,Texas Capital Bancshares,TCBI,4117022464,94.7,United States
1158,Viking Therapeutics,VKTX,4112567808,33.03,United States
1159,ICU Medical,ICUI,4101904384,164.03,United States
1160,Tango Therapeutics,TNGX,4097231872,24.3,United States
1161,Dave Inc.,DAVE,4090691328,320.7,United States
1162,Enphase Energy,ENPH,4084591104,30.91,United States
1163,United Community Bank,UCB,4070772480,33.99,United States
1164,AZZ,AZZ,4060859392,135.13,United States
1165,Cathay General Bancorp,CATY,4052197632,60.74,United States
1166,Cabot Corporation,CBT,4050452480,78.45,United States
1167,Firefly Aerospace,FLY,4036125952,24.11,United States
1168,Parabilis Medicines,PBLS,4023477504,32.57,United States
1169,Broadstone Net Lease,BNL,4010972160,18.84,United States
1170,Archer Aviation,ACHR,4004139264,5.2,United States
1171,Telephone and Data Systems,TDS,4000281088,34.75,United States
1172,Covista Inc.,CVSA,3999901696,117.51,United States
1173,Kilroy Realty,KRC,3983651072,33.92,United States
1174,Synaptics,SYNA,3983530496,100.36,United States
1175,Geo Group,GEO,3977543680,30.22,United States
1176,Fastly,FSLY,3969755904,24.92,United States
1177,SiteOne Landscape Supply,SITE,3969584896,90.93,United States
1178,Brady Corporation,BRC,3944224000,84.1,United States
1179,Seaboard Corporation,SEB,3937265152,4110.76,United States
1180,Rumble,RUM,3931774976,7.93,United States
1181,WSFS Financial,WSFS,3928098816,76.44,United States
1182,Travel + Leisure,TNL,3914086656,63.87,United States
1183,COPT Defense Properties,CDP,3910908672,33.76,United States
1184,SkyWest,SKYW,3910788864,100.72,United States
1185,Par Pacific Holdings,PARR,3906268160,77.97,United States
1186,CVB Financial,CVBF,3905383168,22.19,United States
1187,CCC Intelligent Solutions,CCC,3899144704,6.62,United States
1188,MDU Resources,MDU,3897775616,18.53,United States
1189,Celcuity Inc.,CELC,3896937216,79.64,United States
1190,Korn Ferry,KFY,3890591488,71.31,United States
1191,Bread Financial,BFH,3889950976,101.25,United States
1192,Jersey Mike's Subs,JMKE,3881345792,16.67,United States
1193,Relay Therapeutics,RLAY,3876615680,17.69,United States
1194,Itron,ITRI,3874689536,88.49,United States
1195,Madison Square Garden Entertainment,MSGE,3868148736,81.77,United States
1196,Apple Hospitality REIT,APLE,3859952384,16.35,United States
1197,Primoris Services Corporation,PRIM,3858611200,71.12,United States
1198,Axcelis Technologies,ACLS,3829613312,124.01,United States
1199,Atlanta Braves Holdings,BATRA,3825048320,59.61,United States
1200,Boot Barn Holdings,BOOT,3820736000,126.16,United States
1201,Grand Canyon Education,LOPE,3815921152,146.4,United States
1202,Neptune Insurance Holdings,NP,3815079680,27.8,United States
1203,Envista,NVST,3811458304,23.73,United States
1204,Mattel,MAT,3811238144,13.34,United States
1205,Amylyx Pharmaceuticals,AMLX,3809652480,29.85,United States
1206,Webull,BULL,3804324096,7.05,United States
1207,Silgan Holdings,SLGN,3799268608,35.95,United States
1208,Tenable,TENB,3796525312,34.47,United States
1209,Cohen &amp; Steers,CNS,3793366272,73.77,United States
1210,SL Green Realty,SLG,3784236032,49.32,United States
1211,Avient,AVNT,3777928192,41.19,United States
1212,Interparfums,IPAR,3777120512,117.94,United States
1213,Paymentus,PAY,3768114176,29.92,United States
1214,Independent Bank Corp.,INDB,3767738368,79.54,United States
1215,Robert Half,RHI,3762820352,36.76,United States
1216,St. Joe Company,JOE,3756840448,65.99,United States
1217,Helmerich &amp; Payne,HP,3744712448,37.47,United States
1218,Pulse Biosciences,PLSE,3731598848,52.32,United States
1219,CorVel Corporation,CRVL,3730143488,73.84,United States
1220,Comstock Resources,CRK,3726044672,12.69,United States
1221,Excelerate Energy,EE,3724125184,32.84,United States
1222,Otter Tail,OTTR,3716143872,88.51,United States
1223,iRhythm,IRTC,3711634176,112.6,United States
1224,Workiva,WK,3710660352,68.19,United States
1225,Avis Budget Group,CAR,3706731264,104.93,United States
1226,Century Aluminum,CENX,3702349312,37.4,United States
1227,IDEAYA Biosciences,IDYA,3687828224,38.22,United States
1228,Thor Industries,THO,3684232960,71.38,United States
1229,Ionic Digital,IOND,3681587200,81.82,United States
1230,USA Compression Partners,USAC,3671414784,25.33,United States
1231,Dorman Products,DORM,3671170560,123.71,United States
1232,WesBanco,WSBC,3668400128,38.25,United States
1233,Badger Meter,BMI,3667705856,126.53,United States
1234,FTI Consulting,FCN,3652459264,132.28,United States
1235,Sezzle,SEZL,3647004416,108.3,United States
1236,WisdomTree,WT,3645381376,24.06,United States
1237,Renasant Corp,RNST,3643382016,39.86,United States
1238,Veracyte,VCYT,3636072704,45.23,United States
1239,Valvoline,VVV,3632227584,28.48,United States
1240,Legend Biotech,LEGN,3621374464,18.62,United States
1241,Organon,OGN,3605627392,13.73,United States
1242,BancFirst,BANF,3604809216,107.29,United States
1243,Marriott Vacations Worldwide,VAC,3596374528,104.56,United States
1244,Tarsus Pharmaceuticals,TARS,3594069504,76.81,United States
1245,Atmus Filtration Technologies,ATMU,3593467136,44.04,United States
1246,LXP Industrial Trust,LXP,3591086848,60.91,United States
1247,Bel Fuse,BELFB,3581994496,248.07,United States
1248,WaterBridge Infrastructure,WBI,3574057216,28.95,United States
1249,Mirion Technologies,MIR,3573762048,14.35,United States
1250,Independence Realty Trust,IRT,3552787200,14.7,United States
1251,Kontoor Brands,KTB,3548659456,64.93,United States
1252,Bill.com,BILL,3547514112,41.6,United States
1253,Genworth Financial,GNW,3544242688,9.38,United States
1254,National Healthcare,NHC,3539005440,225.97,United States
1255,ACADIA Pharmaceuticals,ACAD,3537432320,20.53,United States
1256,UCT (Ultra Clean Holdings),UCTT,3534777600,78.07,United States
1257,Nicolet Bankshares,NIC,3494665216,166.75,United States
1258,PVH Corp.,PVH,3494018048,75.73,United States
1259,"Atlanta Braves Holdings, Inc.",BATRK,3483675136,54.29,United States
1260,M/I Homes,MHO,3473888512,137.4,United States
1261,Universal Display Corporation,OLED,3469117184,75.47,United States
1262,First Interstate BancSystem,FIBK,3462416640,36.33,United States
1263,Q2,QTWO,3435743744,55.1,United States
1264,Arcutis Biotherapeutics,ARQT,3435161344,27.33,United States
1265,Option Care Health,OPCH,3430082048,22.9,United States
1266,CleanSpark,CLSK,3425939712,13.34,United States
1267,Standex International,SXI,3420019456,278.47,United States
1268,Lemonade,LMND,3398485504,43.91,United States
1269,Post Holdings,POST,3393302016,74.87,United States
1270,HNI Corporation,HNI,3382439168,46.86,United States
1271,NCR Atleos Corporation,NATL,3380784896,45.75,United States
1272,Mueller Water Products,MWA,3378559744,21.64,United States
1273,"GPGI, Inc.",GPGI,3371421696,11.63,United States
1274,Enliven Therapeutics,ELVN,3371187456,46.01,United States
1275,MIAX (Miami International Holdings),MIAX,3364919552,33.91,United States
1276,First Financial Bank,FFBC,3356928256,31.92,United States
1277,Magnite,MGNI,3356125184,23.4,United States
1278,Denali Therapeutics,DNLI,3353598464,20.98,United States
1279,CareDx,CDNA,3342030848,64.6,United States
1280,Pattern Group,PTRN,3338934016,16.77,United States
1281,The Vita Coco Company,COCO,3336446976,57.66,United States
1282,TowneBank,TOWN,3336061184,36.09,United States
1283,Acadian Asset Management,AAMI,3328619264,93.79,United States
1284,RXO,RXO,3323261440,20.15,United States
1285,PennyMac Financial Services,PFSI,3307237120,63.66,United States
1286,Mechanics Bancorp,MCHB,3303683584,14.92,United States
1287,Highwoods Properties,HIW,3303432704,29.41,United States
1288,Simmons First National,SFNC,3299249920,22.83,United States
1289,Steve Madden,SHOO,3285651712,44.9,United States
1290,IPG Photonics,IPGP,3284942592,77.23,United States
1291,National Health Investors,NHI,3282541056,66.84,United States
1292,Ethos Technologies,LIFE,3281508864,34.24,United States
1293,Park National Corp,PRK,3278644992,181.5,United States
1294,AllianceBernstein,AB,3269732352,35.13,United States
1295,Freshworks,FRSH,3269337088,12.53,United States
1296,Bath &amp; Body Works,BBWI,3264637696,16.19,United States
1297,Lionsgate Studios,LION,3264229888,10.97,United States
1298,Curbline Properties,CURB,3261328128,28.35,United States
1299,Palomar Holdings,PLMR,3261036544,123.04,United States
1300,Life360,LIF,3257585152,39.98,United States
1301,"ERock, Inc.",EROC,3246811136,11.88,United States
1302,NuScale Power,SMR,3246181120,7.91,United States
1303,Golub Capital,GBDC,3243048192,12.49,United States
1304,WillScot,WSC,3237882624,17.87,United States
1305,Asbury Automotive Group,ABG,3225600256,179.68,United States
1306,American States Water,AWR,3224357888,81.35,United States
1307,Aehr Test Systems,AEHR,3216638720,98.49,United States
1308,First Advantage,FA,3196336384,18.61,United States
1309,Atkore,ATKR,3194931712,94.6,United States
1310,Alliance Resource Partners,ARLP,3194597888,24.83,United States
1311,United States Lime &amp; Minerals,USLM,3193588736,111.32,United States
1312,Kadant,KAI,3186572032,269.84,United States
1313,Stride (K12 Education),LRN,3185977856,76.66,United States
1314,Infleqtion,INFQ,3184295168,14.13,United States
1315,Community Financial System,CBU,3182736128,60.49,United States
1316,Knowles,KN,3180680704,37.24,United States
1317,Park Hotels &amp; Resorts,PK,3165038592,15.72,United States
1318,Hercules Capital,HTGC,3164943104,16.91,United States
1319,YETI Holdings,YETI,3162604800,43.33,United States
1320,Seacoast Banking,SBCF,3151581952,32.55,United States
1321,Cal-Maine Foods,CALM,3145882368,67.355,United States
1322,Arcus Biosciences,RCUS,3145586688,25.01,United States
1323,CoreCivic,CXW,3133934592,31.69,United States
1324,Cohu,COHU,3127650304,66.07,United States
1325,Ashland,ASH,3117154560,68.07,United States
1326,Delek Logistics Partners,DKL,3099669248,53.63,United States
1327,Bright Horizons,BFAM,3099527936,63.73,United States
1328,Liberty Energy,LBRT,3092477696,18.95,United States
1329,FS KKR Capital,FSK,3083957504,11.16,United States
1330,NMI Holdings,NMIH,3081675264,40.97,United States
1331,Baldwin Insurance Group,BWIN,3081403392,31.82,United States
1332,OSI Systems,OSIS,3077437440,193.04,United States
1333,Black Stone Minerals,BSM,3075794944,14.46,United States
1334,Planet Fitness,PLNT,3071893504,40.5,United States
1335,Chesapeake Utilities,CPK,3068751872,127.3,United States
1336,BankUnited,BKU,3067972864,43.07,United States
1337,Peabody Energy,BTU,3065784832,25.15,United States
1338,Exponent,EXPO,3059590400,64.35,United States
1339,Newmark,NMRK,3056751872,12.49,United States
1340,Dyne Therapeutics,DYN,3051436800,16.34,United States
1341,Warby Parker,WRBY,3048174592,24.66,United States
1342,First Hawaiian Bank,FHB,3037166336,24.96,United States
1343,Ambarella,AMBA,3031601920,68.68,United States
1344,Knife River Corporation,KNF,3029463552,53.37,United States
1345,National Energy Services Reunited,NESR,3006390784,29.81,United States
1346,CBIZ,CBZ,3005793536,54.71,United States
1347,Columbia Sportswear,COLM,3004528384,58.69,United States
1348,DigitalBridge Group,DBRG,2996174592,15.98,United States
1349,Veeco,VECO,2994913024,49.07,United States
1350,Academy Sports + Outdoors,ASO,2993349888,48.61,United States
1351,Brighthouse Financial,BHF,2992901888,52.04,United States
1352,Neogen,NEOG,2992414464,13.72,United States
1353,Worthington Enterprises,WOR,2978173184,60.87,United States
1354,Polaris,PII,2976054272,52.3,United States
1355,Benchmark Electronics,BHE,2973811200,82.79,United States
1356,AtriCure,ATRC,2971100416,58.41,United States
1357,DXP Enterprises,DXPE,2970447616,191.43,United States
1358,Digi International,DGII,2968302336,78.22,United States
1359,People Incorporated,PPLI,2951750144,39.64,United States
1360,Ouster,OUST,2949394688,40.9,United States
1361,Provident Financial Services,PFS,2938421504,22.53,United States
1362,Columbia Financial,CLBK,2938041600,10.9,United States
1363,Green Brick Partners,GRBK,2936770304,68.28,United States
1364,AMC Entertainment,AMC,2936669184,3.29,United States
1365,Shift4 Payments,FOUR,2923893248,37.03,United States
1366,Energy Fuels,UUUU,2920452352,11.03,United States
1367,DNOW Inc.,DNOW,2917884160,16.14,United States
1368,Dana Incorporated,DAN,2917479680,27.12,United States
1369,SPS Commerce,SPSC,2916374272,81.01,United States
1370,Avista,AVA,2913761024,34.79,United States
1371,KB Home,KBH,2911104000,47.88,United States
1372,TriNet,TNET,2909901312,63.39,United States
1373,Astronics Corporation,ATRO,2909563136,67.65,United States
1374,Curaleaf,CURLF,2902943744,10.96,United States
1375,American Eagle Outfitters,AEO,2900694272,17.31,United States
1376,Power Integrations,POWI,2896471552,51.84,United States
1377,Array Digital Infrastructure,AD,2892720896,33.45,United States
1378,AvePoint,AVPT,2892099328,13.67,United States
1379,Group 1 Automotive,GPI,2887920384,242.23,United States
1380,ChronoScale,CHRN,2885806336,19.815,United States
1381,Select Water Solutions,WTTR,2880367360,20.18,United States
1382,ABM Industries,ABM,2873287424,49.02,United States
1383,Centrus Energy,LEU,2871002624,140.37,United States
1384,TransMedics Group,TMDX,2868674816,82.73,United States
1385,NETSCOUT,NTCT,2865395200,39.41,United States
1386,ArcBest,ARCB,2840186624,127.07,United States
1387,Tootsie Roll Industries,TR,2839660288,37.78,United States
1388,"Strive Asset Management, LLC",ASST,2831899904,29.0,United States
1389,"F&G Annuities & Life, Inc.",FG,2829509888,21.61,United States
1390,Maravai LifeSciences,MRVI,2825829376,7.63,United States
1391,California Water Service Group,CWT,2823573248,45.66,United States
1392,ScottsMiracle-Gro,SMG,2820189952,48.44,United States
1393,Penguin Solutions,PENG,2817323520,54.98,United States
1394,Dynex Capital,DX,2811731200,11.33,United States
1395,Acadia Realty Trust,AKR,2808029440,19.26,United States
1396,McGrath RentCorp,MGRC,2805531904,114.86,United States
1397,QuantumScape,QS,2805061632,4.56,United States
1398,Redwire,RDW,2799917056,11.2,United States
1399,Banc of California,BANC,2797836032,17.66,United States
1400,Precigen,PGEN,2796255232,7.81,United States
1401,Hilton Grand Vacations,HGV,2793405696,35.94,United States
1402,Cushman &amp; Wakefield,CWK,2783704576,11.86,United States
1403,Bank of Hawaii,BOH,2778491392,70.43,United States
1404,Extreme Networks,EXTR,2775584512,21.0,United States
1405,Wingstop Restaurants,WING,2773291264,101.8,United States
1406,MBX Biosciences,MBX,2771131904,57.54,United States
1407,Aveanna Healthcare,AVAH,2770108672,12.69,United States
1408,National Beverage,FIZZ,2768204544,29.57,United States
1409,Resideo Technologies,REZI,2766659072,18.22,United States
1410,Soleno Therapeutics,SLNO,2762888960,53.01,United States
1411,Quaker Houghton,KWR,2759771392,160.38,United States
1412,United Natural Foods,UNFI,2759506688,45.75,United States
1413,The Marzetti Company,MZTI,2759120128,101.1,United States
1414,Talos Energy,TALO,2748251392,16.46,United States
1415,Adeia,ADEA,2748181504,24.92,United States
1416,Freshpet,FRPT,2747479808,57.17,United States
1417,CarGurus,CARG,2744353792,30.81,United States
1418,Urban Edge Properties,UE,2741350912,19.91,United States
1419,Agilysys,AGYS,2738781952,97.1,United States
1420,Graphic Packaging,GPK,2738662144,9.25,United States
1421,WD-40 Company,WDFC,2736561408,203.9,United States
1422,Crane NXT,CXT,2734161920,47.5,United States
1423,Perpetua Resources,PPTA,2729590272,21.82,United States
1424,Fermi Inc.,FRMI,2728390912,4.26,United States
1425,Maximus,MMS,2727839488,52.1,United States
1426,Securitize Corp.,SECZ,2715108096,16.63,United States
1427,Grindr,GRND,2713339904,15.61,United States
1428,Intapp,INTA,2707729664,35.39,United States
1429,Gulfport Energy,GPOR,2689539072,152.09,United States
1430,"Csquare, Inc.",CSQR,2689472512,16.14,United States
1431,Boise Cascade,BCC,2672328448,76.59,United States
1432,Slide Insurance,SLDE,2670316032,22.86,United States
1433,Hawkins,HWKN,2668466176,127.83,United States
1434,H.B. Fuller,FUL,2657543680,49.37,United States
1435,Trustmark,TRMK,2656255744,45.62,United States
1436,"Hayward Holdings, Inc.",HAYW,2655737344,12.52,United States
1437,Teradata,TDC,2655149824,28.55,United States
1438,ManpowerGroup,MAN,2651747584,57.02,United States
1439,Liftoff Mobile,LFTO,2651731456,15.66,United States
1440,NBT Bancorp,NBTB,2640610304,50.82,United States
1441,Alarm.com,ALRM,2639581696,53.77,United States
1442,Brookdale Senior Living,BKD,2636542464,11.04,United States
1443,Braze,BRZE,2631751168,23.17,United States
1444,FB Financial,FBK,2612357120,52.27,United States
1445,First Bancorp,FBNC,2611023872,63.07,United States
1446,MGE Energy,MGEE,2601867520,68.93,United States
1447,Freddie Mac,FMCC,2600238336,4.0,United States
1448,Plug Power,PLUG,2598783232,1.86,United States
1449,Acadia Healthcare,ACHC,2598428672,27.91,United States
1450,Supernus Pharmaceuticals,SUPN,2596796672,44.6,United States
1451,Diamondrock Hospitality Company,DRH,2596118272,12.64,United States
1452,Five9,FIVN,2589917440,34.66,United States
1453,SoundHound AI,SOUN,2589173760,5.83,United States
1454,Guardian Pharmacy Services,GRDN,2580565504,40.74,United States
1455,H2O America,HTO,2568752128,61.37,United States
1456,Harley-Davidson,HOG,2567468800,24.67,United States
1457,GeneDx Holdings,WGS,2562650880,85.93,United States
1458,Customers Bancorp,CUBI,2560474112,75.79,United States
1459,Callaway Golf Company,CALY,2554485760,14.31,United States
1460,Ducommun,DCO,2552466432,169.04,United States
1461,Axogen,AXGN,2543996672,43.36,United States
1462,Artisan Partners,APAM,2543802368,35.83,United States
1463,Privia Health Group,PRVA,2538078720,19.87,United States
1464,Titan America,TTAM,2536977152,13.76,United States
1465,First Merchants Corporation,FRME,2535293440,40.37,United States
1466,Trump Media &amp; Technology Group,DJT,2534824448,9.12,United States
1467,Appian,APPN,2508398592,35.02,United States
1468,Huron Consulting,HURN,2507745536,157.62,United States
1469,Beam Therapeutics,BEAM,2502660096,24.23,United States
1470,Ingevity,NGVT,2500649728,72.74,United States
1471,Structure Therapeutics,GPCR,2500480000,35.065,United States
1472,Banner Bank,BANR,2497712640,68.17,United States
1473,Disc Medicine,IRON,2492463360,64.92,United States
1474,Central Garden &amp; Pet,CENT,2483674368,39.68,United States
1475,NeoGenomics,NEO,2478291456,19.29,United States
1476,Kaiser Aluminum,KALU,2478031872,151.57,United States
1477,Northern Oil and Gas,NOG,2473005056,23.21,United States
1478,Celldex Therapeutics,CLDX,2472894976,31.49,United States
1479,Immunome,IMNM,2462363136,21.68,United States
1480,Shake Shack,SHAK,2460793088,57.52,United States
1481,First Busey,BUSE,2457490432,29.76,United States
1482,Nurix Therapeutics,NRIX,2456512256,23.67,United States
1483,Kyndryl,KD,2446098944,11.23,United States
1484,Rogers Corporation,ROG,2441529344,136.64,United States
1485,Intuitive Machines,LUNR,2438874880,15.2,United States
1486,Butterfly Network,BFLY,2436509440,9.15,United States
1487,Kennametal,KMT,2429202944,31.8,United States
1488,Euronet Worldwide,EEFT,2428615424,64.93,United States
1489,Stock Yards Bancorp,SYBT,2423819520,78.02,United States
1490,"Lincoln International, Inc.",LCLN,2419723520,23.0,United States
1491,Payoneer,PAYO,2419395072,7.14,United States
1492,Four Corners Property Trust,FCPT,2417933824,22.03,United States
1493,John Wiley &amp; Sons,WLY,2413061888,47.61,United States
1494,Innospec,IOSP,2410886912,97.88,United States
1495,NextNav,NN,2403853056,14.24,United States
1496,Advance Auto Parts,AAP,2402107904,39.77,United States
1497,BKV Corporation,BKV,2396688384,21.9,United States
1498,InvenTrust Properties,IVT,2395497472,30.72,United States
1499,McGraw Hill,MH,2391360256,12.5,United States
1500,Hyperliquid Strategies,PURR,2389878272,12.08,United States
1501,Skyward Specialty Insurance Group,SKWD,2379207936,53.59,United States
1502,Trulieve Cannabis,TRLV,2376254720,12.34,United States
1503,Merchants Bancorp,MBIN,2368107776,51.55,United States
1504,Coty,COTY,2360239872,2.68,United States
1505,Opendoor,OPEN,2359751424,2.43,United States
1506,Vera Therapeutics,VERA,2342058496,32.5,United States
1507,Federal Agricultural Mortgage Corporation,AGM,2341146112,215.71,United States
1508,SELLAS Life Sciences,SLS,2340550912,11.59,United States
1509,ePlus,PLUS,2332744448,89.41,United States
1510,Beacon Financial Corporation,BBT,2330925312,27.81,United States
1511,Kayne Anderson Capital Advisors,KYN,2330556672,13.78,United States
1512,Viridian Therapeutics,VRDN,2330422016,20.57,United States
1513,Harmony Biosciences,HRMY,2330038016,40.01,United States
1514,Dorian LPG,LPG,2325666560,54.36,United States
1515,LTC Properties,LTC,2322790656,43.09,United States
1516,Visteon,VC,2321167360,86.95,United States
1517,Protolabs,PRLB,2318031872,96.9,United States
1518,UFP Technologies,UFPT,2317695232,299.22,United States
1519,Newell Brands,NWL,2316896000,5.44,United States
1520,Restoration Hardware,RH,2311360256,122.08,United States
1521,V2X,VVX,2310466304,73.71,United States
1522,Clover Health Investments,CLOV,2299906560,4.33,United States
1523,Innodata,INOD,2296417280,66.79,United States
1524,LiveRamp,RAMP,2287715328,37.63,United States
1525,WaFd Bank,WAFD,2283255296,30.85,United States
1526,nLIGHT,LASR,2281647104,39.55,United States
1527,Helios Technologies,HLIO,2270624256,68.91,United States
1528,ADMA Biologics,ADMA,2266724864,10.12,United States
1529,Mineralys Therapeutics,MLYS,2265868544,25.63,United States
1530,PC Connection,CNXN,2263857408,89.7,United States
1531,Alamar Biosciences,ALMR,2262898176,32.61,United States
1532,FIGS,FIGS,2262830080,13.62,United States
1533,"The Andersons, Inc.",ANDE,2257676288,66.45,United States
1534,Pitney Bowes,PBI,2245537536,16.38,United States
1535,Upstart,UPST,2241119488,23.03,United States
1536,Alpha Metallurgical Resources,AMR,2225679360,175.54,United States
1537,Ichor Systems,ICHR,2225530112,59.42,United States
1538,PHINIA,PHIN,2225397504,60.74,United States
1539,Day One Biopharmaceuticals,DAWN,2224784640,21.53,United States
1540,Prestige Consumer Healthcare,PBH,2223286272,46.93,United States
1541,Keel Infrastructure,KEEL,2223263488,3.6,United States
1542,Buckle,BKE,2218640384,43.07,United States
1543,Patrick Industries,PATK,2216160256,69.0,United States
1544,Northwest Bancshares,NWBI,2213515264,15.12,United States
1545,Schrödinger,SDGR,2206766080,29.5,United States
1546,Trinity Industries,TRN,2198877952,27.6,United States
1547,Hilltop Holdings,HTH,2183758080,38.12,United States
1548,HCI Group,HCI,2180408832,175.29,United States
1549,Enterprise Financial Services Corp,EFSC,2176980224,60.15,United States
1550,BioCryst Pharmaceuticals,BCRX,2164382464,8.47,United States
1551,OFG Bancorp,OFG,2163993344,51.2,United States
1552,Sunshine Silver Mining & Refining Company,SSMR,2140089216,14.89,United States
1553,Chemours,CC,2126550784,14.13,United States
1554,Sonos,SONO,2125742720,17.97,United States
1555,Custom Truck One Source,CTOS,2118076672,9.31,United States
1556,Pebblebrook Hotel Trust,PEB,2113544064,18.73,United States
1557,Pediatrix Medical Group,MD,2106897408,25.93,United States
1558,Peloton,PTON,2106584704,4.8,United States
1559,Flywire,FLYW,2104850688,17.3,United States
1560,Monarch Casino &amp; Resort,MCRI,2101594752,117.26,United States
1561,Sunstone Hotel Investors,SHO,2101166464,11.3,United States
1562,PDF Solutions,PDFS,2100803968,49.75,United States
1563,Uniti,UNIT,2099572352,8.65,United States
1564,Allegiant Travel Company,ALGT,2092705280,76.55,United States
1565,Blackstone Mortgage Trust,BXMT,2091625856,12.41,United States
1566,Medical Properties Trust,MPT,2090200064,3.5,United States
1567,Addus HomeCare,ADUS,2089841024,111.91,United States
1568,Calix,CALX,2089774720,33.19,United States
1569,Minerals Technologies,MTX,2081268992,66.86,United States
1570,LCI Industries,LCII,2079120128,85.52,United States
1571,First Commonwealth Financial Corp,FCF,2078720384,20.57,United States
1572,Applied Aerospace &amp; Defense,AADX,2077341952,12.05,United States
1573,DoubleVerify,DV,2076833536,13.4,United States
1574,Diebold Nixdorf,DBD,2067007744,60.89,United States
1575,Sharplink,SBET,2063624192,9.5,United States
1576,Nektar Therapeutics,NKTR,2062236800,60.4,United States
1577,Kohl's,KSS,2061183872,18.18,United States
1578,Vericel,VCEL,2060554368,40.24,United States
1579,1st Source,SRCE,2059718528,85.53,United States
1580,Trevi Therapeutics,TRVI,2051652096,14.4,United States
1581,Utz Brands,UTZ,2051461504,14.25,United States
1582,Whirlpool,WHR,2047260416,31.4,United States
1583,Encore Capital Group,ECPG,2046491648,96.49,United States
1584,Select Medical Holdings,SEM,2046298112,16.51,United States
1585,PENN Entertainment,PENN,2044682368,15.24,United States
1586,Preformed Line Products,PLPC,2035508352,416.37,United States
1587,"Interface, Inc.",TILE,2032842112,35.17,United States
1588,StubHub Holdings,STUB,2025076864,5.3,United States
1589,Voyager Technologies,VOYG,2024944256,33.18,United States
1590,Inspire Medical Systems,INSP,2023726336,70.0,United States
1591,Innovex International,INVX,2018347904,28.86,United States
1592,Palvella Therapeutics,PVLA,2014727552,139.83,United States
1593,Thermon Group,THR,2013932928,61.14,United States
1594,Centuri Holdings,CTRI,2011184128,19.92,United States
1595,Werner Enterprises,WERN,2011033984,33.53,United States
1596,Stagwell,STGW,2009588352,8.22,United States
1597,Gorman-Rupp,GRC,2008763136,76.06,United States
1598,UWM Holdings,UWMC,2008144640,1.25,United States
1599,Evolution Metals & Technologies,EMAT,2007042048,3.2,United States
1600,"The Bancorp, Inc.",TBBK,2005079424,49.16,United States
1601,Biohaven,BHVN,2004350976,13.27,United States
1602,UroGen Pharma,URGN,1999215104,40.9,United States
1603,Agios Pharmaceuticals,AGIO,1995236736,33.42,United States
1604,Sarepta Therapeutics,SRPT,1985788032,18.8,United States
1605,Recursion Pharmaceuticals,RXRX,1984203008,3.7,United States
1606,ARMOUR Residential REIT,ARR,1978911488,13.98,United States
1607,Asana,ASAN,1978301824,8.64,United States
1608,Sonic Automotive,SAH,1974344448,62.45,United States
1609,NW Natural Holdings,NWN,1969977472,46.8,United States
1610,City Holding Company,CHCO,1966858496,139.97,United States
1611,nCino,NCNO,1966692864,18.6,United States
1612,Nuvation Bio,NUVB,1966290048,5.6,United States
1613,Global Net Lease,GNL,1963888512,8.49,United States
1614,Bandwidth,BAND,1963349760,61.01,United States
1615,Progyny,PGNY,1958067968,25.52,United States
1616,Lindblad Expeditions,LIND,1944967552,29.64,United States
1617,Allient,ALNT,1944571008,114.41,United States
1618,Douglas Emmett,DEI,1944449152,9.67,United States
1619,Driven Brands,DRVN,1940162560,11.76,United States
1620,Quantum Computing,QUBT,1939792512,8.57,United States
1621,Surgery Partners,SGRY,1923189120,14.69,United States
1622,Blackbaud,BLKB,1922724480,42.36,United States
1623,Alamo Group,ALG,1919604608,157.72,United States
1624,Biolife Solutions,BLFS,1915348480,39.15,United States
1625,Generate Biomedicines,GENB,1913734784,14.91,United States
1626,Porch Group,PRCH,1910538880,16.83,United States
1627,Ziff Davis,ZD,1909111808,55.68,United States
1628,Western Union,WU,1908699264,6.12,United States
1629,Fortrea,FTRE,1907705984,20.06,United States
1630,TIC Solutions,TIC,1905063552,8.73,United States
1631,Spectrum Brands,SPB,1904955136,82.84,United States
1632,Xencor,XNCR,1903447040,25.6,United States
1633,Braveheart Bio,BRVE,1897121024,21.07,United States
1634,SharonAI Holdings,SHAZ,1894363392,52.91,United States
1635,EZCorp,EZPW,1894299264,30.83,United States
1636,Target Hospitality,TH,1890045568,19.3,United States
1637,LeMaitre Vascular,LMAT,1883054464,82.34,United States
1638,Worthington Steel,WS,1878401792,36.87,United States
1639,Perdoceo Education,PRDO,1877937408,30.01,United States
1640,NGL Energy Partners,NGL,1869595776,15.1,United States
1641,Midera Food Processing,MFP,1861233280,41.15,United States
1642,Kimbell Royalty Partners,KRP,1858272000,14.46,United States
1643,Septerna,SEPN,1854941952,39.74,United States
1644,German American Bancorp,GABC,1854514176,49.35,United States
1645,Standard Nuclear,STDN,1852565888,11.53,United States
1646,Neutron Holdings (Lime),LIME,1851630080,28.92,United States
1647,A10 Networks,ATEN,1851530112,25.5,United States
1648,Dentsply Sirona,XRAY,1850003840,9.28,United States
1649,Hub Group,HUBG,1848059136,30.22,United States
1650,Netstreit,NTST,1847993984,18.13,United States
1651,Republic Bank,RBCAA,1834811392,93.45,United States
1652,Expro Group,XPRO,1833538176,16.32,United States
1653,Sunrun,RUN,1829672960,7.67,United States
1654,Olin Corporation,OLN,1829418880,16.05,United States
1655,Hycroft Mining,HYMC,1826360960,19.6,United States
1656,Xenia Hotels &amp; Resorts,XHR,1822258944,18.42,United States
1657,Horace Mann Educators,HMN,1821332480,44.97,United States
1658,Under Armour,UA,1821272960,4.24,United States
1659,Enerpac Tool Group,EPAC,1815865728,35.23,United States
1660,Bob's Discount Furniture,BOBS,1815243520,13.89,United States
1661,Sonida Senior Living,SNDA,1807085056,37.61,United States
1662,Blue Bird Corporation,BLBD,1803222528,56.98,United States
1663,World Kinect,WKC,1801560064,35.22,United States
1664,Photronics,PLAB,1799413632,30.5,United States
1665,Zenas BioPharma,ZBIO,1795618688,27.55,United States
1666,Vertex,VERX,1794130944,11.06,United States
1667,Xeris Pharmaceuticals,XERS,1792208512,9.83,United States
1668,Insperity,NSP,1791740160,46.91,United States
1669,Weis Markets,WMK,1782105728,72.02,United States
1670,Novavax,NVAX,1781413888,10.8,United States
1671,Vir Biotechnology,VIR,1778459648,10.51,United States
1672,Vestis,VSTS,1777553408,13.45,United States
1673,ACV Auctions,ACVA,1776191488,10.46,United States
1674,National Bank Holdings,NBHC,1765547648,39.64,United States
1675,Amplitude,AMPL,1763836032,13.3,United States
1676,Getty Realty,GTY,1761985408,28.45,United States
1677,Soho House & Co,SHCO,1758889344,8.99,United States
1678,Marqeta,MQ,1758229248,16.89,United States
1679,Stewart Information Services,STC,1756247424,57.54,United States
1680,Century Communities,CCS,1751751040,61.61,United States
1681,Dime Community Bancshares,DCOM,1748159616,39.59,United States
1682,NextDecade Corp,NEXT,1746176512,6.56,United States
1683,Personalis,PSNL,1742973824,16.32,United States
1684,Astrana Health,ASTH,1742601472,35.13,United States
1685,Hope Bancorp,HOPE,1742398720,13.64,United States
1686,S&amp;T Bancorp,STBA,1731888384,49.11,United States
1687,SmartStop Self Storage REIT,SMA,1727509888,31.2,United States
1688,Sixth Street Specialty Lending,TSLX,1726664192,18.11,United States
1689,FirstSun Capital Bancorp,FSUN,1725931008,39.27,United States
1690,Mach Natural Resources LP,MNR,1722904320,10.32,United States
1691,"Happen, Inc.",HAPN,1719571200,14.9,United States
1692,ANI Pharmaceuticals,ANIP,1718871424,74.83,United States
1693,Genesis Energy  L.P.,GEL,1718333440,14.06,United States
1694,Green Thumb Industries,GTII.CN,1705869286,7.80401,United States
1695,Albany International,AIN,1704538624,60.08,United States
1696,Live Oak Bank,LOB,1701848704,36.77,United States
1697,Boston Beer Company,SAM,1701832320,165.36,United States
1698,RLJ Lodging Trust,RLJ,1695335040,11.07,United States
1699,CTS Corporation,CTS,1694239104,59.33,United States
1700,Eton Pharmaceuticals,ETON,1691549952,59.18,United States
1701,Strategic Education,STRA,1685776000,75.91,United States
1702,Ocular Therapeutix,OCUL,1681159552,7.655,United States
1703,Byline Bancorp,BY,1680031104,37.18,United States
1704,American Assets Trust,AAT,1678179712,21.63,United States
1705,IDT Corporation,IDT,1677633408,67.46,United States
1706,Sila Realty Trust,SILA,1677119744,30.36,United States
1707,Kestra Medical Technologies,KMTS,1675473280,28.13,United States
1708,Bank First,BFC,1674591744,151.06,United States
1709,C3 AI,AI,1673718272,10.41,United States
1710,Central Securities,CET,1666283008,56.39,United States
1711,Liberty Latin America,LILA,1663190912,8.49,United States
1712,TriCo Bancshares,TCBK,1658748416,51.89,United States
1713,DXC Technology,DXC,1653709440,10.35,United States
1714,Ambiq Micro,AMBQ,1651803904,68.3,United States
1715,Stoke Therapeutics,STOK,1645419136,25.5,United States
1716,Alignment Healthcare,ALHC,1644960768,7.93,United States
1717,Evertec,EVTC,1643792512,27.51,United States
1718,QCR Holdings,QCRH,1637233920,99.98,United States
1719,Origin Bancorp,OBK,1635341440,53.01,United States
1720,Absci,ABSI,1628616960,9.49,United States
1721,Taysha Gene Therapies,TSHA,1625909248,4.99,United States
1722,CBL Properties,CBL,1619234432,52.33,United States
1723,Distribution Solutions Group,DSGR,1618939904,35.0,United States
1724,Progress Software,PRGS,1616320128,39.41,United States
1725,Ingles Markets,IMKTA,1616231424,85.09,United States
1726,OceanFirst Financial,OCFC,1615907968,16.72,United States
1727,Global Industrial Company,GIC,1612744960,42.32,United States
1728,Rapport Therapeutics,RAPP,1604393856,33.44,United States
1729,Anterix,ATEX,1603100032,81.75,United States
1730,Ellington Financial,EFC,1602147968,12.2,United States
1731,Intellia Therapeutics,NTLA,1600246784,11.42,United States
1732,SkyWater Technology,SKYT,1597181312,32.46,United States
1733,Global Partners LP,GLP,1596656384,47.17,United States
1734,Syndax Pharmaceuticals,SNDX,1594846080,17.86,United States
1735,Jetblue Airways,JBLU,1592257408,4.22,United States
1736,Goosehead Insurance,GSHD,1586418304,44.39,United States
1737,Sally Beauty Holdings,SBH,1584089088,16.92,United States
1738,Trinity Capital,TRIN,1573033856,17.5,United States
1739,Wolverine World Wide,WWW,1569928960,19.13,United States
1740,Helix Energy Solutions,HLX,1562253952,10.6,United States
1741,Wealthfront Corporation,WLTH,1561764480,10.0,United States
1742,Concentrix,CNXC,1552917120,25.45,United States
1743,Hawaiian Electric Industries,HE,1548546048,8.95,United States
1744,Hemab Therapeutics Holdings,COAG,1547105280,33.12,United States
1745,BlackLine,BL,1543807232,26.56,United States
1746,Omnicell,OMCL,1540370560,33.87,United States
1747,ConnectOne Bancorp,CNOB,1539786880,30.6,United States
1748,Lucid Motors,LCID,1536873728,3.9,United States
1749,Kosmos Energy,KOS,1536358144,2.58,United States
1750,Atlas Energy Solutions,AESI,1536338688,12.3,United States
1751,Innoviva,INVA,1533771648,21.23,United States
1752,Energizer Holdings,ENR,1526500352,22.29,United States
1753,Innovative Industrial Properties,IIPR,1522214144,55.21,United States
1754,Kennedy Wilson,KW,1521191808,10.92,United States
1755,Safety Insurance,SAFT,1520457472,103.57,United States
1756,HawkEye 360,HAWK,1519445760,15.51,United States
1757,AnaptysBio,ANAB,1518678400,50.8,United States
1758,Huntsman Corporation,HUN,1513517568,8.63,United States
1759,Revolve Group,RVLV,1509854336,21.24,United States
1760,Pathward Financial,CASH,1501706368,72.29,United States
1761,Azenta,AZTA,1500437376,34.25,United States
1762,Inhibrx Biosciences,INBX,1496933248,101.71,United States
1763,Maze Therapeutics,MAZE,1491495168,26.85,United States
1764,Kemper,KMPR,1491284352,25.33,United States
1765,ICF International,ICFI,1488512384,83.0,United States
1766,WEBTOON Entertainment,WBTN,1486036224,10.95,United States
1767,Ardent Health,ARDT,1476750592,10.47,United States
1768,Tyra Biosciences,TYRA,1474814848,21.45,United States
1769,Capital Southwest Corporation,CSWC,1465241600,22.99,United States
1770,Lakeland Financial Corp,LKFN,1460646656,58.76,United States
1771,Corsair Gaming,CRSR,1460388992,13.5,United States
1772,Wolfspeed,WOLF,1459825024,27.58,United States
1773,Nutex Health,NUTX,1456803584,212.735,United States
1774,United Parks &amp; Resorts,PRKS,1452735488,32.04,United States
1775,J&amp;J Snack Foods,JJSF,1452494976,77.75,United States
1776,Stepan Company,SCL,1451835648,63.92,United States
1777,Phibro Animal Health,PAHC,1449477248,35.7,United States
1778,Esquire Financial Holdings,ESQ,1448797568,119.69,United States
1779,Triumph Financial,TFIN,1448725760,60.63,United States
1780,Goodyear,GT,1445251712,5.02,United States
1781,ArriVent BioPharma,AVBP,1444716416,29.3,United States
1782,Kailera Therapeutics,KLRA,1441637760,11.12,United States
1783,KalVista Pharmaceuticals,KALV,1437504000,27.0,United States
1784,Savers Value Village,SVV,1432743168,9.35,United States
1785,FMC Corporation,FMC,1432578688,9.21,United States
1786,Alkami Technology,ALKT,1431953152,13.39,United States
1787,i-80 Gold,IAUX,1428737792,1.65,United States
1788,The Pennant Group,PNTG,1428599040,40.9,United States
1789,Healthcare Services Group,HCSG,1426177152,20.78,United States
1790,Perella Weinberg Partners,PWP,1424901632,14.64,United States
1791,Lyntris Inc.,LYNX,1422699008,12.27,United States
1792,Ultragenyx Pharmaceutical,RARE,1420665600,14.41,United States
1793,American Superconductor Corporation,AMSC,1418870400,29.29,United States
1794,MasterBrand,MBC,1416293888,6.96,United States
1795,P3 Health Partners,PIII,1414289152,6.94,United States
1796,TriMas,TRS,1413789312,39.41,United States
1797,Amalgamated Financial,AMAL,1413678976,47.28,United States
1798,REX American Resources,REX,1413614080,42.61,United States
1799,EverCommerce,EVCM,1408022016,7.97,United States
1800,Newsmax,NMAX,1407851008,10.9,United States
1801,ADI Global Distribution,ADIG,1406856960,18.53,United States
1802,Omeros Corporation,OMER,1406505088,19.43,United States
1803,Peoples Bancorp,PEBO,1405704064,39.11,United States
1804,Tompkins Financial,TMP,1405353600,97.71,United States
1805,Vistance Networks,VISN,1404514944,6.09,United States
1806,Amprius Technologies,AMPX,1402374016,9.6,United States
1807,Frontier Airlines,ULCC,1399711872,6.08,United States
1808,Fluence Energy,FLNC,1394320384,7.5,United States
1809,Burke & Herbert Financial Services,BHRB,1394116352,69.06,United States
1810,MillerKnoll,MLKN,1393906560,20.28,United States
1811,Certara,CERT,1392679168,9.13,United States
1812,CONMED,CNMD,1392134016,46.48,United States
1813,Olaplex,OLPX,1391282176,2.07,United States
1814,Sylvamo,SLVM,1390813312,34.98,United States
1815,Dorchester Minerals,DMLP,1390759552,28.33,United States
1816,Hillman Solutions,HLMN,1383214976,7.11,United States
1817,"Kardigan, Inc.",KARD,1381984640,14.78,United States
1818,Boxabl Inc.,BXBL,1377188992,3.9,United States
1819,ORIC Pharmaceuticals,ORIC,1375470848,13.27,United States
1820,Westamerica Bancorporation,WABC,1372340224,59.38,United States
1821,United Fire Group,UFCS,1371128192,53.34,United States
1822,Community Trust Bancorp,CTBI,1366593536,75.22,United States
1823,Arhaus,ARHS,1363030784,9.63,United States
1824,Pursuit Attractions and Hospitality,PRSU,1362855936,49.65,United States
1825,Exzeo Group,XZO,1359396608,15.09,United States
1826,Digital Turbine,APPS,1357802368,11.22,United States
1827,Liquidity Services,LQDT,1357599104,43.33,United States
1828,Arlo Technologies,ARLO,1355927680,12.6,United States
1829,Everforth,EFOR,1346030080,32.83,United States
1830,Forestar Group,FOR,1341253504,26.29,United States
1831,Agilon Health,AGL,1335404928,79.53,United States
1832,ARKO Petroleum,APC,1330206336,16.11,United States
1833,Coursera,COUR,1328704000,4.64,United States
1834,Cricut,CRCT,1328658432,6.33,United States
1835,AMN Healthcare Services,AMN,1326889472,34.26,United States
1836,UMH Properties,UMH,1324334336,15.55,United States
1837,Atlanticus,ATLC,1321310336,87.1,United States
1838,First Mid Bancshares,FMBH,1313868416,49.39,United States
1839,Herbalife,HLF,1306234624,12.6,United States
1840,HBT Financial,HBT,1305525504,35.9,United States
1841,Edgewell Personal Care,EPC,1303855488,28.29,United States
1842,The Greenbrier Companies,GBX,1302251392,42.09,United States
1843,CVR Partners,UAN,1296894592,122.7,United States
1844,Preferred Bank,PFBC,1292226688,109.02,United States
1845,Boost Run,BRUN,1290876032,16.24,United States
1846,FuelCell Energy,FCEL,1290460672,16.14,United States
1847,ProAssurance,PRA,1290193152,25.0,United States
1848,"U.S. Physical Therapy, Inc.",USPH,1284695040,86.09,United States
1849,Oil-Dri Corporation Of America,ODC,1283666432,88.6,United States
1850,Oppenheimer Holdings,OPY,1282819072,119.8,United States
1851,Damora Therapeutics,DMRA,1281012096,20.75,United States
1852,Two Harbors Investment,TWO,1280541440,12.18,United States
1853,BJ's Restaurants,BJRI,1276851328,60.02,United States
1854,BigBear.ai,BBAI,1275455360,2.66,United States
1855,National Vision Holdings,EYE,1274597376,16.12,United States
1856,Ategrity Specialty Insurance Company,ASIC,1273418496,26.57,United States
1857,PROG Holdings,PRG,1272222336,31.94,United States
1858,"Alexander's, Inc.",ALX,1272123776,249.08,United States
1859,Walker &amp; Dunlop,WD,1271425536,37.04,United States
1860,"RPC, Inc.",RES,1270094720,5.73,United States
1861,Integra LifeSciences,IART,1265358720,16.27,United States
1862,Old Second Bancorp,OSBC,1264261504,24.85,United States
1863,Red Violet,RDVT,1261452672,78.61,United States
1864,Ryerson,RYZ,1260618368,24.29,United States
1865,Leggett &amp; Platt,LEG,1256618752,9.2,United States
1866,Avalyn Pharma,AVLN,1255513216,28.32,United States
1867,York Space Systems,YSS,1255448448,9.14,United States
1868,NAPCO Security Technologies,NSSC,1254041472,35.06,United States
1869,Bristow Group,VTOL,1249706752,42.16,United States
1870,Shoals Technologies,SHLS,1248785664,7.42,United States
1871,Bicara Therapeutics,BCAX,1244051200,18.8,United States
1872,Empire State Realty Trust,ESRT,1243764096,4.06,United States
1873,Quantum Corporation,QMCO,1237474048,31.4,United States
1874,Seneca Foods,SENEA,1235811456,182.53,United States
1875,"Suncrete, Inc.",RMIX,1231145088,12.61,United States
1876,Wendy’s,WEN,1218380928,6.39,United States
1877,OPKO Health,OPK,1216515072,1.63,United States
1878,Dauch Corporation,DCH,1214159616,5.11,United States
1879,InnovAge,INNV,1213053184,8.89,United States
1880,Turning Point Brands,TPB,1210553984,60.38,United States
1881,Gibraltar Industries,ROCK,1202790784,40.55,United States
1882,Clear Channel Outdoor,CCO,1201461504,2.36,United States
1883,Cracker Barrel,CBRL,1200996096,53.73,United States
1884,Flowers Foods,FLO,1198124416,5.65,United States
1885,Unusual Machines,UMAC,1196957824,23.96,United States
1886,La-Z-Boy,LZB,1194774144,29.83,United States
1887,Omada Health,OMDA,1186991872,19.39,United States
1888,"Harrow, Inc.",HROW,1184616064,31.6,United States
1889,XPEL,XPEL,1184439296,42.96,United States
1890,Myers Industries,MYE,1184216832,31.48,United States
1891,Replimune,REPL,1183398656,12.56,United States
1892,Six Flags,FUN,1180730240,11.54,United States
1893,Universal Insurance Holdings,UVE,1177224064,42.3,United States
1894,Willdan Group,WLDN,1176069760,77.21,United States
1895,National Healthcare Properties,NHP,1175226752,16.12,United States
1896,American Savings Bank,ASBH,1172563712,18.04,United States
1897,Donnelley Financial Solutions,DFIN,1172231168,47.68,United States
1898,Avanos Medical,AVNS,1170726912,24.99,United States
1899,Amphastar Pharmaceuticals,AMPH,1165114240,27.39,United States
1900,ScanSource,SCSC,1163851648,57.78,United States
1901,G-III Apparel Group,GIII,1163239680,27.13,United States
1902,Tennant Company,TNC,1162932992,68.21,United States
1903,Latigo Biotherapeutics,LTGO,1158912512,17.48,United States
1904,Lindsay Corporation,LNN,1158236032,113.9,United States
1905,MarineMax,HZO,1156682368,52.37,United States
1906,Sprinklr,CXM,1156213248,4.98,United States
1907,Harmonic Inc.,HLIT,1153923072,10.58,United States
1908,Heritage Financial,HFWA,1152182144,28.16,United States
1909,Mission Produce,AVO,1148587136,13.1,United States
1910,Amerant Bancorp,AMTB,1148262784,29.3,United States
1911,Univest Financial Corporation,UVSP,1147359872,41.6,United States
1912,Tandem Diabetes Care,TNDM,1142482304,16.42,United States
1913,ProPetro,PUMP,1142262528,9.3,United States
1914,Ladder Capital,LADR,1140519040,8.99,United States
1915,LGI Homes,LGIH,1139630336,49.02,United States
1916,PagerDuty,PD,1138850048,14.48,United States
1917,Piedmont Realty Trust,PDM,1138708736,9.1,United States
1918,Carter's,CRI,1138046720,31.0,United States
1919,Prospect Capital,PSEC,1137030016,2.13,United States
1920,Arteris,AIP,1136396672,23.12,United States
1921,Great Lakes Dredge &amp; Dock Corp.,GLDD,1135273600,17.0,United States
1922,Genco Shipping &amp; Trading,GNK,1130200704,25.93,United States
1923,GoodRx,GDRX,1129191168,3.31,United States
1924,Orchid Island Capital,ORC,1121273472,5.68,United States
1925,Artivion,AORT,1118955264,22.95,United States
1926,Easterly Government Properties,DEA,1116352384,22.78,United States
1927,"Cadre Holdings, Inc.",CDRE,1115908352,26.06,United States
1928,Bowhead Specialty Holdings,BOW,1113473536,33.8,United States
1929,Eos Energy Enterprises,EOSE,1110380032,3.07,United States
1930,Jefferson Capital,JCAP,1109461376,19.32,United States
1931,IRadimed,IRMD,1108120704,86.66,United States
1932,Beta Bionics,BBNX,1106976256,20.52,United States
1933,Willis Lease Finance Corporation,WLFC,1105837056,52.3,United States
1934,Grocery Outlet,GO,1099837952,11.1,United States
1935,Ecovyst,ECVT,1099062784,10.04,United States
1936,Metropolitan Bank Holding,MCB,1098939008,88.64,United States
1937,Suburban Propane Partners,SPH,1098753024,16.47,United States
1938,Castle Biosciences,CSTL,1097643776,35.93,United States
1939,Marcus &amp; Millichap,MMI,1096365568,28.95,United States
1940,Deluxe Corporation,DLX,1095048064,23.88,United States
1941,Biglari,BH,1089282560,342.06,United States
1942,Vor Biopharma,VOR,1083261568,18.31,United States
1943,Northeast Bank,NBN,1080199808,126.26,United States
1944,Ameresco,AMRC,1078305408,20.32,United States
1945,MannKind Corp,MNKD,1077174016,3.35,United States
1946,American Bitcoin Corp,ABTC,1076886272,8.84,United States
1947,Winmark,WINA,1076357632,299.64,United States
1948,Aktis Oncology,AKTS,1076237312,19.35,United States
1949,The RealReal,REAL,1071922560,8.81,United States
1950,Teladoc Health,TDOC,1070118848,5.89,United States
1951,MeiraGTx,MGTX,1067037632,11.11,United States
1952,AEVEX Corp.,AVEX,1064951232,15.39,United States
1953,Five Star Bancorp,FSBC,1064398336,43.38,United States
1954,Karat Packaging,KRT,1061164800,53.24,United States
1955,Oaktree Specialty Lending Corporation,OCSL,1057026240,12.0,United States
1956,Marten Transport,MRTN,1055068800,12.92,United States
1957,T1 Energy,TE,1051461632,3.57,United States
1958,Seaport Therapeutics,SPTX,1051340032,19.64,United States
1959,Saul Centers,BFS,1049163200,30.21,United States
1960,Enovis,ENOV,1047278016,18.16,United States
1961,STAAR Surgical,STAA,1046504960,20.87,United States
1962,Alto Neuroscience,ANRO,1046194496,26.66,United States
1963,ZoomInfo,GTM,1045085056,3.59,United States
1964,National Presto Industries,NPK,1043863872,146.28,United States
1965,Capitol Federal Financial,CFFN,1043705536,8.46,United States
1966,Universal Corporation,UVV,1042531840,41.87,United States
1967,Savara,SVRA,1041682304,5.07,United States
1968,Green Plains,GPRE,1037410880,14.8,United States
1969,CRA International,CRAI,1037062848,165.22,United States
1970,Gentherm,THRM,1033138496,33.61,United States
1971,Odyssey Therapeutics,ODTX,1031816576,21.47,United States
1972,Flotek Industries,FTK,1029746752,28.43,United States
1973,Mercantile Bank,MBWM,1026438400,59.38,United States
1974,Graham Corporation,GHM,1023821440,87.23,United States
1975,NexPoint Residential Trust,NXRT,1023819392,19.84,United States
1976,Universal Technical Institute,UTI,1017608896,18.47,United States
1977,Trupanion,TRUP,1015048384,23.27,United States
1978,Janux Therapeutics,JANX,1013647680,16.58,United States
1979,Pacira Biosciences,PCRX,1012093312,25.39,United States
1980,Upwork,UPWK,1007970112,8.07,United States
1981,Ventyx Biosciences,VTYX,1004502016,14.0,United States
1982,MetroCity Bankshares,MCBS,1003889280,34.88,United States
1983,CNB Financial Corp,CCNE,1002370688,33.84,United States
1984,ASA Gold and Precious Metals,ASA,1002282112,54.6,United States
1985,Monte Rosa Therapeutics,GLUE,999019904,11.71,United States
1986,Corvus Pharmaceuticals,CRVS,998515584,11.87,United States
1987,Business First Bancshares,BFST,998304960,30.67,United States
1988,Emerald Holding,EEX,997505920,5.04,United States
1989,Aeva Technologies,AEVA,994701248,14.27,United States
1990,Northwest Pipe Company,NWPX,993691904,103.11,United States
1991,Red Cat Holdings,RCAT,992643392,6.5,United States
1992,Equity Bancshares,EQBK,989057280,48.03,United States
1993,Heritage Insurance,HRTG,988900096,33.26,United States
1994,NB Bancorp,NBBK,988545088,22.56,United States
1995,Middlesex Water Company,MSEX,988364992,52.45,United States
1996,Whitestone REIT,WSR,988012416,18.99,United States
1997,Centerspace,CSR,985280128,55.67,United States
1998,Dream Finders Homes,DFH,985022144,10.88,United States
1999,NPK International,NPKI,983256576,11.58,United States
2000,PROCEPT BioRobotics,PRCT,981850048,17.25,United States
2001,Sweetgreen,SG,980900352,8.24,United States
2002,Global Medical REIT,GMRE,979776256,35.98,United States
2003,TripAdvisor,TRIP,978597376,8.41,United States
2004,Andersen Group,ANDG,978562816,52.78,United States
2005,Horizon Bancorp,HBNC,977599680,19.04,United States
2006,XPLR Infrastructure,XIFR,976947968,10.36,United States
2007,CEVA,CEVA,976664704,34.69,United States
2008,Lumexa Imaging,LMRI,974680704,10.145,United States
2009,Resolute Holdings Management,RHLD,971350080,124.22,United States
2010,Camden National Corporation,CAC,969890560,57.4,United States
2011,Rackspace Technology,RXT,965968064,3.79,United States
2012,Arbutus Biopharma,ABUS,962793920,4.86,United States
2013,HighPeak Energy,HPK,959776768,7.59,United States
2014,Bioventus,BVS,957638144,14.02,United States
2015,Yelp,YELP,954497088,17.59,United States
2016,Forum Energy Technologies,FET,952119296,82.99,United States
2017,BrightView,BV,950076032,10.26,United States
2018,Astec Industries,ASTE,945227008,41.11,United States
2019,Kura Oncology,KURA,943872128,10.61,United States
2020,NCR Voyix Corporation,VYX,943017408,6.83,United States
2021,Vishay Precision Group,VPG,942774848,70.88,United States
2022,Trustco Bank,TRST,942485376,55.35,United States
2023,CeriBell,CBLL,940647232,24.51,United States
2024,Compass Minerals,CMP,939951680,22.39,United States
2025,BlackSky Technology,BKSY,939225280,22.95,United States
2026,Eastman Kodak Company,KODK,938860992,9.59,United States
2027,Hanmi Financial,HAFC,936916480,31.6,United States
2028,PureCycle Technologies,PCT,936216384,4.66,United States
2029,Central Pacific Financial,CPF,936176640,36.36,United States
2030,Nextdoor,NXDR,936173184,2.42,United States
2031,Kronos Worldwide,KRO,935742848,8.13,United States
2032,Diversified Energy,DEC.L,935446244,13.5499,United States
2033,USA TODAY Co.,TDAY,935230208,6.37,United States
2034,LegalZoom,LZ,933393216,5.45,United States
2035,Ibotta,IBTA,930666880,40.07,United States
2036,Satellogic,SATL,930126464,6.05,United States
2037,Frequency Electronics,FEIM,929933440,82.49,United States
2038,Alumis,ALMS,926756288,7.16,United States
2039,"Sinclair, Inc.",SBGI,924441152,12.81,United States
2040,Postal Realty Trust,PSTL,924166592,23.22,United States
2041,Rigel Pharmaceuticals,RIGL,922038080,49.36,United States
2042,Upbound Group,UPBD,920547584,15.79,United States
2043,Cullinan Therapeutics,CGEM,918797824,14.95,United States
2044,Taboola.com,TBLA,918528384,3.4,United States
2045,Phoenix Education Partners,PXED,918487104,25.48,United States
2046,Kforce,KFRC,918373504,51.28,United States
2047,Unitil Corporation,UTL,918216512,50.35,United States
2048,Southside Bancshares,SBSI,916595392,30.75,United States
2049,Mid Penn Bancorp,MPB,913081216,36.04,United States
2050,Jade Biosciences,JBIO,912622528,14.35,United States
2051,Douglas Dynamics,PLOW,912466432,39.54,United States
2052,Daily Journal,DJCO,908180608,659.08,United States
2053,Barings BDC,BBDC,904667456,8.64,United States
2054,"Apnimed, Inc.",APMD,902139008,21.67,United States
2055,BellRing Brands,BRBR,899993152,7.74,United States
2056,Accel Entertainment,ACEL,893940160,11.01,United States
2057,HealthStream,HSTM,891564160,29.14,United States
2058,First Financial,THFF,891178688,74.94,United States
2059,Beazer Homes USA,BZH,890032256,33.36,United States
2060,O-I Glass,OI,888153344,5.78,United States
2061,Quanex Building Products,NX,888111872,19.38,United States
2062,Marcus Corporation,MCS,884883008,28.7,United States
2063,Heartland Express,HTLD,884684992,11.44,United States
2064,Kopin Corporation,KOPN,882894912,4.75,United States
2065,Ardelyx,ARDX,880419648,3.41,United States
2066,CryoPort,CYRX,880281344,17.38,United States
2067,Sana Biotechnology,SANA,877126720,2.93,United States
2068,Tetra Technologies,TTI,875110144,5.91,United States
2069,Oxford Lane Capital,OXLC,873449472,8.91,United States
2070,Koppers Holdings,KOP,873147072,46.17,United States
2071,Talkspace,TALK,870574976,5.25,United States
2072,Riley Exploration Permian,REPX,870441408,40.12,United States
2073,SpyGlass Pharma,SGP,868978496,25.98,United States
2074,"Forbright, Inc.",FRBT,868070912,17.1,United States
2075,NANO Nuclear Energy,NNE,867761984,16.16,United States
2076,Eagle Bancorp,EGBN,867269056,28.45,United States
2077,Safehold,SAFE,864666752,12.21,United States
2078,Republic Airways,RJET,860542400,18.38,United States
2079,Virtus Investment Partners,VRTS,857969536,129.55,United States
2080,Employers Holdings,EIG,857793728,47.76,United States
2081,Babcock &amp; Wilcox,BW,856549184,5.75,United States
2082,Angel Studios,ANGX,853476416,4.57,United States
2083,BitGo,BTGO,853381248,7.26,United States
2084,Service Properties Trust,SVC,850877376,6.57,United States
2085,SmartFinancial (SmartBank),SMBK,850819968,49.76,United States
2086,Chimera Investment Corporation,CIM,850680000,10.17,United States
2087,Great Southern Bancorp,GSBC,849896576,77.99,United States
2088,Simply Good Foods,SMPL,849035648,9.6,United States
2089,Sabre,SABR,847524672,2.1,United States
2090,Lexicon Pharmaceuticals,LXRX,845416256,1.9,United States
2091,Standard Motor Products,SMP,845356672,37.84,United States
2092,Capital City Bank Group,CCBG,842658752,49.24,United States
2093,Compass Diversified Holdings,CODI,842642816,11.2,United States
2094,SI-BONE,SIBN,840796480,18.76,United States
2095,New Era Energy & Digital,NUAI,840747712,6.96,United States
2096,PubMatic,PUBM,838576576,18.41,United States
2097,Backblaze,BLZE,838126016,13.54,United States
2098,Evolv Technologies,EVLV,836402048,4.65,United States
2099,ASGN,ASGN,833931008,19.53,United States
2100,Navient,NAVI,830924672,8.86,United States
2101,Covenant Logistics,CVLG,830107072,32.71,United States
2102,Dakota Gold,DC,829189056,6.18,United States
2103,Heritage Commerce,HTBK,828429632,13.45,United States
2104,Alpha &amp; Omega Semiconductor,AOSL,827893248,27.36,United States
2105,Arbor Realty Trust,ABR,827131264,4.08,United States
2106,Obsidian Therapeutics,OBX,825903360,13.37,United States
2107,Cantaloupe,CTLP,825815936,11.2,United States
2108,CrossAmerica Partners,CAPL,824160576,21.59,United States
2109,Immix Biopharma,IMMX,820555904,11.47,United States
2110,Daktronics,DAKT,819979584,17.05,United States
2111,SunCoke Energy,SXC,818193536,9.64,United States
2112,ProFrac,ACDC,817731200,4.49,United States
2113,Orrstown Financial Services,ORRF,815896064,41.48,United States
2114,Viant Technology,DSP,814251520,12.24,United States
2115,Hippo Holdings,HIPO,814112384,30.85,United States
2116,QuinStreet,QNST,813144384,14.21,United States
2117,Sky Harbour Group,SKYH,812213568,9.95,United States
2118,MFA Financial,MFA,809714368,8.01,United States
2119,Avalo Therapeutics,AVTX,808740224,15.08,United States
2120,Ridgepost Capital,RPC,808047744,7.33,United States
2121,Attovia Therapeutics,ATTO,805744768,17.65,United States
2122,Westrock Coffee,WEST,805425920,8.25,United States
2123,Transcat,TRNS,804475904,85.95,United States
2124,4D Molecular Therapeutics,FDMT,804355776,14.56,United States
2125,Abacus Global Management,ABX,803852288,8.22,United States
2126,Geron,GERN,803091776,1.25,United States
2127,Groupon,GRPN,802732928,19.74,United States
2128,Montrose Environmental,MEG,800798912,22.14,United States
2129,The Manitowoc Company,MTW,799493824,22.17,United States
2130,Aclaris Therapeutics,ACRS,799289984,5.43,United States
2131,Alerus Financial,ALRS,799176512,32.06,United States
2132,World Acceptance Corporation,WRLD,798701632,171.38,United States
2133,South Plains Financial,SPFI,797270848,42.32,United States
2134,Apollo Commercial Real Estate Finance,ARI,796974976,6.2,United States
2135,Rapid7,RPD,795327552,11.8,United States
2136,Gyre Therapeutics,GYRE,794192832,7.49,United States
2137,"TXO Partners, L.P.",TXO,791220288,14.27,United States
2138,John B. Sanfilippo & Son,JBSS,790128512,67.57,United States
2139,GCM Grosvenor,GCMG,789751360,12.92,United States
2140,Fox Factory Holding,FOXF,787660928,18.74,United States
2141,Southern Missouri Bancorp,SMBC,787449472,71.5,United States
2142,Metallus,MTUS,786292864,18.97,United States
2143,JBG SMITH,JBGS,785433088,10.17,United States
2144,Varex Imaging,VREX,783875200,18.46,United States
2145,Peapack-Gladstone Financial,PGC,782157248,44.12,United States
2146,LSI Industries,LYTS,780997568,20.96,United States
2147,Solid Biosciences,SLDB,780599744,7.28,United States
2148,Peakstone Realty Trust,PKST,780562688,20.99,United States
2149,Financial Institutions,FISI,779386496,39.55,United States
2150,Mitek Systems,MITK,777007296,17.22,United States
2151,Design Therapeutics,DSGN,773509184,12.36,United States
2152,Lightwave Logic,LWLG,770836224,5.0,United States
2153,Carlyle Secured Lending,CGBD,770611328,11.2,United States
2154,CTO Realty Growth,CTO,767702144,20.48,United States
2155,N-Able,NABL,765067392,4.05,United States
2156,Winnebago Industries,WGO,763542784,27.01,United States
2157,"MNTN, Inc.",MNTN,762244160,10.19,United States
2158,Shore Bancshares,SHBI,760887872,22.8,United States
2159,Fidus Investment Corporation,FDUS,760811648,19.13,United States
2160,Annexon,ANNX,760212352,4.01,United States
2161,Apogee Enterprises,APOG,759814592,36.41,United States
2162,Westlake Chemical Partners,WLKP,759548672,21.55,United States
2163,PRA Group,PRAA,754842560,20.05,United States
2164,AdaptHealth,AHCO,753761792,5.65,United States
2165,Golden Entertainment,GDEN,753686080,28.55,United States
2166,Olema Pharmaceuticals,OLMA,753354368,8.61,United States
2167,HomeTrust Bancshares,HTB,752283648,45.5,United States
2168,Barrett Business Services,BBSI,747655296,30.85,United States
2169,Movado Group,MOV,747013888,33.48,United States
2170,Cytek Biosciences,CTKB,746103872,5.74,United States
2171,Mesa Laboratories,MLAB,744194624,132.99,United States
2172,American Public Education,APEI,743408704,40.62,United States
2173,QuidelOrtho,QDEL,742671808,10.83,United States
2174,TaskUs,TASK,742664960,8.1,United States
2175,Strawberry Fields REIT,STRW,740404096,13.1,United States
2176,Bowman Consulting Group,BWMN,738591168,42.61,United States
2177,Energy Vault,NRGV,736450304,4.05,United States
2178,Washington Trust Bancorp,WASH,734170624,38.49,United States
2179,Independent Bank Corporation,IBCP,733244288,35.59,United States
2180,WhiteFiber,WYFI,731510080,18.83,United States
2181,Latham Group,SWIM,730582208,6.21,United States
2182,Reformation Inc.,REF,729629632,12.35,United States
2183,Lucky Strike Entertainment,LUCK,726628288,5.33,United States
2184,PennyMac Mortgage Investment Trust,PMT,726395648,8.33,United States
2185,Root Insurance,ROOT,723999680,46.73,United States
2186,Bain Capital Specialty Finance,BCSF,721986496,11.13,United States
2187,Third Coast Bancshares,TCBX,719161600,43.18,United States
2188,Paysign,PAYS,718198656,12.72,United States
2189,Chaince Digital Holdings,CD,717224768,6.52,United States
2190,Community West Bancshares,CWBC,714632576,26.34,United States
2191,XOMA Royalty,XOMA,710155008,40.17,United States
2192,LSB Industries,LXU,708455424,9.84,United States
2193,River City Bank,RCBC,707860800,50.58,United States
2194,Natural Grocers by Vitamin Cottage,NGVC,707507648,30.7,United States
2195,Hyliion,HYLN,707244992,3.96,United States
2196,Enhabit,EHAB,706913408,13.8,United States
2197,Bally's Corporation,BALY,706573312,14.0,United States
2198,Five Point Holdings,FPH,705494912,4.77,United States
2199,Vitesse Energy,VTS,705247296,16.75,United States
2200,Ginkgo Bioworks,DNA,704379328,10.46,United States
2201,Verastem Oncology,VSTM,703677952,7.77,United States
2202,Collegium Pharmaceutical,COLL,701511680,22.63,United States
2203,Green Dot,GDOT,701487616,12.31,United States
2204,American Woodmark,AMWD,700651840,48.09,United States
2205,Arrow Financial,AROW,700011520,37.79,United States
2206,"Eve Holding, Inc.",EVEX,696972672,2.0,United States
2207,Peoples Financial Services,PFIS,694319040,69.36,United States
2208,California BanCorp,BCAL,694130176,21.59,United States
2209,Cass Information Systems,CASS,693097984,54.25,United States
2210,Legacy Housing Corporation,LEGH,692562112,29.12,United States
2211,Once Upon A Farm,OFRM,690326336,16.44,United States
2212,PennantPark Floating Rate Capital Ltd.,PFLT,689564352,6.95,United States
2213,OmniAb,OABI,689150464,4.74,United States
2214,Lincoln Educational Services,LINC,688990528,21.72,United States
2215,LightPath Technologies,LPTH,688456384,9.83,United States
2216,Midland States Bancorp,MSBI,688347520,33.17,United States
2217,MISTRAS Group,MG,687865024,21.59,United States
2218,ParkOhio Holdings Corp.,PKOH,687406080,47.44,United States
2219,Carter Bankshares,CARE,687042240,29.66,United States
2220,Factorial Energy,FAC,685314048,6.38,United States
2221,Sable Offshore,SOC,684974336,3.57,United States
2222,MiMedx Group,MDXG,682972544,4.68,United States
2223,Village Super Market,VLGEA,682865664,46.11,United States
2224,RE/MAX Holdings,RMAX,681161536,12.36,United States
2225,Ironwood Pharmaceuticals,IRWD,680788608,4.12,United States
2226,Nuvectis Pharma,NVCT,679323008,20.81,United States
2227,Helen of Troy,HELE,679196480,29.16,United States
2228,IperionX,IPX,679001408,18.75,United States
2229,Hallador Energy Company,HNRG,678392896,14.39,United States
2230,BlossomHill Therapeutics,BLSM,678289920,21.34,United States
2231,Udemy,UDMY,677283328,4.63,United States
2232,Bloomin' Brands,BLMN,677261440,7.91,United States
2233,Starling Oncology,STLN,676722944,6.64,United States
2234,Hovnanian Enterprises,HOV,676328320,113.48,United States
2235,Cannae Holdings,CNNE,675770496,15.58,United States
2236,Climb Bio,CLYM,674301632,11.74,United States
2237,Gemini Space Station,GEMI,674191424,5.2,United States
2238,indie Semiconductor,INDI,672245760,2.9,United States
2239,Entravision Communications,EVC,671858880,7.28,United States
2240,"Sturm, Ruger &amp; Co",RGR,671725888,42.04,United States
2241,Tron Inc.,TRON,671250624,1.415,United States
2242,Zevra Therapeutics,ZVRA,671036736,11.3,United States
2243,Donegal Group,DGICA,668889472,18.02,United States
2244,Papa John's Pizza,PZZA,661396736,20.09,United States
2245,Kimball Electronics,KE,659811392,27.53,United States
2246,OneSpan,OSPN,658916800,17.88,United States
2247,New Mountain Finance Corporation,NMFC,658333184,6.97,United States
2248,Bar Harbor Bankshares,BHB,657397952,39.21,United States
2249,Red River Bancshares,RRBI,656896256,99.77,United States
2250,EverQuote,EVER,655107008,18.59,United States
2251,Mativ Holdings,MATV,653450752,11.84,United States
2252,Chatham Lodging Trust,CLDT,652698880,13.33,United States
2253,Petco,WOOF,650171968,2.27,United States
2254,Hingham Institution for Savings,HIFS,650122368,295.88,United States
2255,DoubleDown Interactive,DDI,648654528,13.09,United States
2256,Armada Hoffler Properties,AHH,647902656,6.25,United States
2257,Park Aerospace,PKE,647751104,29.78,United States
2258,Glass House Brands,GLAS,645561152,6.85,United States
2259,Shattuck Labs,STTK,645335744,6.43,United States
2260,OTC Markets Group,OTCM,644950400,53.82,United States
2261,ProKidney,PROK,642683904,1.61,United States
2262,ACNB Corporation,ACNB,642536192,63.18,United States
2263,AngioDynamics,ANGO,642305280,15.54,United States
2264,Tiptree,TIPT,641639872,17.23,United States
2265,Priority Technology Holdings,PRTH,640809152,7.77,United States
2266,Northfield Bancorp,NFBK,639406784,15.31,United States
2267,Aura Biosciences,AURA,637784576,6.15,United States
2268,United States Antimony Corporation,UAMY,637591552,4.26,United States
2269,Yext,YEXT,636433024,6.43,United States
2270,SLR Investment,SLRC,635015936,11.64,United States
2271,Tronox,TROX,634009152,3.97,United States
2272,Consensus Cloud Solutions,CCSI,631110272,34.44,United States
2273,Reservoir Media,RSVR,629638592,9.55,United States
2274,Gladstone Investment,GAIN,629585344,15.81,United States
2275,Smith &amp; Wesson,SWBI,629100672,14.03,United States
2276,Shentel,SHEN,628389120,11.35,United States
2277,Summit Hotel Properties,INN,627707200,5.82,United States
2278,Phreesia,PHR,626916544,10.1,United States
2279,First Watch Restaurant,FWRG,626381184,10.15,United States
2280,Hudson Pacific Properties,HPP,624090496,11.5,United States
2281,Forge Global,FRGE,623007296,45.0,United States
2282,Mama's Creations,MAMA,619989184,13.15,United States
2283,Scholastic,SCHL,618189184,33.58,United States
2284,Sagimet Biosciences,SGMT,617856960,9.94,United States
2285,Grid Dynamics,GDYN,615753024,7.59,United States
2286,Fulgent Genetics,FLGT,615241920,22.36,United States
2287,CorMedix,CRMD,614980672,7.89,United States
2288,Forward Industries,FWDI,614120128,8.05,United States
2289,Miller Industries,MLR,613358464,54.03,United States
2290,"Nerdy, Inc,",NRDY,613236224,8.49,United States
2291,WhiteHawk Minerals Corp,WHK,612018944,25.72,United States
2292,EagleRock Land,EROK,611881344,25.02,United States
2293,Matthews International Corporation,MATW,609281152,19.52,United States
2294,Gladstone Commercial,GOOD,608856960,12.47,United States
2295,Climb Global Solutions,CLMB,608523456,32.61,United States
2296,Vaalco Energy,EGY,605904640,5.76,United States
2297,Bit Digital,BTBT,605864256,1.68,United States
2298,"Yesway, Inc.",YSWY,605311744,19.41,United States
2299,Hertz,HTZ,602402880,1.69,United States
2300,Velocity Financial,VEL,600118144,15.2,United States
2301,NETGEAR,NTGR,597394816,21.98,United States
2302,Aquestive Therapeutics,AQST,596180352,4.75,United States
2303,Phathom Pharmaceuticals,PHAT,594621888,7.35,United States
2304,Weave Communications,WEAV,592919808,7.37,United States
2305,OrthoPediatrics,KIDS,589559040,22.58,United States
2306,Array Technologies,ARRY,589155008,3.83,United States
2307,Bluelinx,BXC,588730240,74.9,United States
2308,IBEX,IBEX,588641856,44.33,United States
2309,Capital Bancorp,CBNK,588411264,36.12,United States
2310,Janus International Group,JBI,588038272,4.31,United States
2311,"AGNT, Inc",AGNT,586583936,3.51,United States
2312,CytomX Therapeutics,CTMX,586149056,2.69,United States
2313,3D Systems,DDD,584837504,3.52,United States
2314,Ooma,OOMA,584568000,21.18,United States
2315,Greene County Bancorp,GCBC,584144384,34.31,United States
2316,First Business Financial Services,FBIZ,580928768,69.42,United States
2317,MapLight Therapeutics,MPLT,580766272,10.45,United States
2318,Kearny Financial,KRNY,579298944,9.17,United States
2319,Limbach Holdings,LMB,579077696,48.56,United States
2320,Altimmune,ALT,575772416,2.96,United States
2321,Bridgewater Bancshares,BWB,575243264,20.63,United States
2322,Kelly Services,KELYA,574466368,16.54,United States
2323,Coastal Financial Corporation,CCB,573925120,37.545,United States
2324,Sprout Social,SPT,573808256,9.47,United States
2325,Teamshares,TMS,571967424,7.73,United States
2326,Ramaco Resources,METC,571875776,8.98,United States
2327,Hyster-Yale Materials Handling,HY,571441472,31.87,United States
2328,Neurogene,NGNE,569924160,28.48,United States
2329,The Honest Company,HNST,568607232,5.3,United States
2330,Granite Ridge Resources,GRNT,568490048,4.31,United States
2331,The Elmet Group,ELMT,567765056,18.64,United States
2332,Southern First Bancshares,SFST,567642304,59.93,United States
2333,Insteel Industries,IIIN,567003072,29.29,United States
2334,Contango Ore,CTGO,566819776,16.95,United States
2335,Cardinal Infrastructure Group,CDNL,566281024,27.72,United States
2336,AH Realty Trust,AHRT,565864320,5.9,United States
2337,XMax Inc.,XMAX,565225216,8.76,United States
2338,PAR Technology,PAR,564187328,13.64,United States
2339,Allogene Therapeutics,ALLO,563150144,1.63,United States
2340,Monopar Therapeutics,MNPR,561943040,83.72,United States
2341,Unity Bancorp,UNTY,561681408,55.93,United States
2342,Enovix,ENVX,560691008,2.555,United States
2343,Cars.com,CARS,557810880,10.42,United States
2344,Franklin BSP Realty Trust,FBRT,557234752,6.71,United States
2345,Civista Bancshares,CIVB,555414080,26.71,United States
2346,ADTRAN,ADTN,554073600,6.8,United States
2347,Titan Machinery,TITN,552317056,23.47,United States
2348,Rayonier Advanced Materials,RYAM,551300288,8.15,United States
2349,Delcath Systems,DCTH,548587968,15.81,United States
2350,Investors Title Company,ITIC,546518208,289.47,United States
2351,Enviri Corporation,NVRI,545478848,19.35,United States
2352,Northrim BanCorp,NRIM,545441664,24.52,United States
2353,NerdWallet,NRDS,544625472,8.52,United States
2354,GMR Solutions Inc.,GMRS,541297600,10.02,United States
2355,W&amp;T Offshore,WTI,540375744,3.58,United States
2356,Crescent Biopharma,CBIO,539743488,14.53,United States
2357,Universal Health Realty Income Trust,UHT,539129984,38.79,United States
2358,GAMCO Investors,GAMI,536938944,25.0,United States
2359,Ethan Allen,ETD,534333632,21.2,United States
2360,Bank7,BSVN,533638464,56.02,United States
2361,FrontView REIT,FVR,533130528,17.64,United States
2362,Pacific Biosciences,PACB,531520608,1.71,United States
2363,NVE Corporation,NVEC,531169312,109.81,United States
2364,Home Bancorp,HBCP,527812480,67.06,United States
2365,Bankwell Financial Group,BWFG,527425696,66.16,United States
2366,Evolus,EOLS,525761504,7.96,United States
2367,Pangaea Logistics Solutions,PANL,524444928,8.01,United States
2368,Flushing Financial Corp,FFIC,524179680,15.47,United States
2369,Northpointe Bancshares,NPB,522531584,15.11,United States
2370,OppFi,OPFI,521474464,6.12,United States
2371,Prime Medicine,PRME,521458496,2.875,United States
2372,Senseonics Holdings,SENS,520280672,9.84,United States
2373,Tactile Medical,TCMD,516925152,22.82,United States
2374,Veradigm,MDRX,516615808,4.74,United States
2375,Forward Air,FWRD,515833824,15.27,United States
2376,Solid Power,SLDP,515689536,2.26,United States
2377,Sierra Bancorp,BSRR,515554304,39.77,United States
2378,Wabash National,WNC,515325216,12.65,United States
2379,Onterris,ONT,514119104,14.64,United States
2380,BrightSpire Capital,BRSP,513688160,4.06,United States
2381,Chiron Real Estate,XRN,512885696,35.42,United States
2382,Sight Sciences,SGHT,510665696,9.27,United States
2383,Puma Biotechnology,PBYI,506909024,9.82,United States
2384,Bright Minds Biosciences,DRUG,506891072,51.66,United States
2385,Capricor Therapeutics,CAPR,506390592,8.71,United States
2386,NioCorp Developments,NB,506098240,3.47,United States
2387,Hamilton Beach Brands,HBB,505431648,37.6,United States
2388,Orange County Bancorp,OBT,505212064,37.68,United States
2389,SandRidge Energy,SD,504224032,13.6,United States
2390,Zion Oil &amp; Gas,ZNOG,501901984,0.4211,United States
2391,Krispy Kreme,DNUT,501415008,2.89,United States
2392,Oil States International,OIS,501280992,8.31,United States
2393,i3 Verticals,IIIV,501224640,14.41,United States
2394,Methode Electronics,MEI,501169440,14.06,United States
2395,Concrete Pumping Holdings,BBCP,498894848,9.9,United States
2396,Eightco Holdings,ORBS,498541792,1.16,United States
2397,Carriage Services,CSV,498386432,31.38,United States
2398,York Water,YORW,496919168,30.62,United States
2399,AMC Networks,AMCX,496237152,12.03,United States
2400,Alpha Teknova,TKNO,493931872,9.2,United States
2401,Cerus Corporation,CERS,493736000,2.45,United States
2402,West Bancorporation,WTBA,493586816,28.96,United States
2403,REGENXBIO,RGNX,493118528,7.47,United States
2404,ChoiceOne Financial Services,COFS,492784384,32.95,United States
2405,Private Bancorp of America,PBAM,491264736,85.8,United States
2406,American Integrity Insurance Group,AII,489443808,24.98,United States
2407,First Foundation,FFWM,489265120,5.9,United States
2408,Ponce Financial Group,PDLB,488837440,20.21,United States
2409,MediaAlpha,MAX,487376544,9.2,United States
2410,Brandywine Realty Trust,BDN,487058784,2.82,United States
2411,TPG Real Estate Finance Trust,TRTX,485947808,6.33,United States
2412,NeuroPace,NPCE,485688448,14.15,United States
2413,Industrial Logistics Properties Trust,ILPT,485242560,7.27,United States
2414,Arvinas,ARVN,484554240,7.51,United States
2415,Quad,QUAD,484250848,9.41,United States
2416,MasterCraft Boat,MCFT,483623328,19.87,United States
2417,One Liberty Properties,OLP,483124000,22.06,United States
2418,908 Devices,MASS,481950976,11.66,United States
2419,AlTi Global,ALTI,481865152,3.09,United States
2420,Farmers &amp; Merchants Bancorp,FMAO,481509728,34.96,United States
2421,Assembly Biosciences,ASMB,480713696,23.61,United States
2422,Ovid Therapeutics,OVID,480432736,2.46,United States
2423,CompX International,CIX,480019328,38.91,United States
2424,Contineum Therapeutics,CTNM,478916992,12.73,United States
2425,ARKO Corp.,ARKO,477911200,4.26,United States
2426,Virgin Galactic,SPCE,476011168,3.14,United States
2427,Shoe Carnival,SCVL,473247296,17.43,United States
2428,Gray Media,GTN,472698336,4.59,United States
2429,Columbus McKinnon,CMCO,472507712,16.37,United States
2430,Farmland Partners,FPI,471740928,10.74,United States
2431,Kura Sushi USA,KRUS,471656640,38.82,United States
2432,ClearPoint Neuro,CLPT,467019744,15.31,United States
2433,Calavo Growers,CVGW,466334752,26.09,United States
2434,Johnson Outdoors,JOUT,463620608,44.24,United States
2435,Redwood Trust,RWT,463509888,3.69,United States
2436,Strata Critical Medical,SRTA,462681408,5.23,United States
2437,Eagle Point Credit Company,ECC,460217216,3.46,United States
2438,Tectonic Therapeutic,TECX,459605600,23.51,United States
2439,Spire Global,SPIR,459210656,11.74,United States
2440,Universal Logistics Holdings,ULH,458799776,17.4,United States
2441,Citizens &amp; Northern Corp,CZNC,458415232,25.56,United States
2442,Kodiak AI,KDK,455403264,2.27,United States
2443,Idaho Strategic Resources,IDR,455160640,28.76,United States
2444,Malibu Boats,MBUU,455147904,23.13,United States
2445,Verra Mobility,VRRM,454428576,2.99,United States
2446,Titan International,TWI,451796480,7.0,United States
2447,Weyco Group,WEYS,450233344,47.14,United States
2448,DiaMedica Therapeutics,DMAC,448661760,8.32,United States
2449,Ur-Energy,URG,445607360,1.12,United States
2450,RBB Bancorp,RBB,445397344,26.33,United States
2451,Bank of Marin Bancorp,BMRC,444855968,27.47,United States
2452,NRC Health,NRC,443718496,20.06,United States
2453,Tejon Ranch,TRC,443421888,16.41,United States
2454,Everspin Technologies,MRAM,441465632,18.13,United States
2455,AMERISAFE,AMSF,440416736,23.76,United States
2456,ATN International,ATNI,440073920,28.57,United States
2457,Valhi,VHI,439261696,15.51,United States
2458,Commercial Bancgroup,CBK,438303616,31.99,United States
2459,American Coastal Insurance Corporation,ACIC,437715744,9.26,United States
2460,Colony Bankcorp,CBAN,436738560,20.58,United States
2461,Intrepid Potash,IPI,435188832,32.34,United States
2462,Gladstone Capital Corporation,GLAD,435142496,19.26,United States
2463,Havertys,HVT,433970624,27.83,United States
2464,Plumas Bancorp,PLBC,433825056,62.34,United States
2465,Caleres,CAL,432347328,12.53,United States
2466,Mayville Engineering Company,MEC,429680608,16.85,United States
2467,El Pollo Loco,LOCO,429104416,14.1,United States
2468,Aspen Aerogels,ASPN,429052032,5.17,United States
2469,Pioneer Bancorp,PBFS,428465152,17.72,United States
2470,Eikon Therapeutics,EIKN,428445408,7.91,United States
2471,Xerox,XRX,428085312,3.26,United States
2472,Cross Country Healthcare,CCRN,428060928,13.25,United States
2473,DigiPowerX,DGXX,427894016,4.22,United States
2474,Gloo Holdings,GLOO,426534624,4.66,United States
2475,AdvanSix,ASIX,426078720,15.78,United States
2476,Agenus,AGEN,425876896,9.43,United States
2477,Advantage Solutions,ADV,424518304,31.93,United States
2478,Magnera,MAGN,423996000,11.91,United States
2479,"Citi Trends, Inc.",CTRN,423810688,50.82,United States
2480,Summit Midstream,SMC,422605728,30.66,United States
2481,Natural Gas Services Group,NGS,422418848,32.75,United States
2482,Kyverna Therapeutics,KYTX,421772288,6.82,United States
2483,EVgo,EVGO,421451072,1.34,United States
2484,Genie Energy,GNE,421113984,16.0,United States
2485,Opus Genetics,IRD,420138912,5.05,United States
2486,Acacia Research,ACTG,419623296,4.3,United States
2487,Star Group,SGU,419327328,12.78,United States
2488,Monro,MNRO,418938400,13.4,United States
2489,USCB Financial Holdings,USCB,418446752,22.65,United States
2490,Atea Pharmaceuticals,AVIR,417064416,5.2,United States
2491,Clearfield,CLFD,416484064,30.66,United States
2492,Nathan's Famous,NATH,415830656,101.48,United States
2493,Vital Farms,VITL,415147808,9.67,United States
2494,Bed Bath &amp; Beyond,BBBY,414399584,4.35,United States
2495,Evolent Health,EVH,412666592,3.65,United States
2496,Scribe Therapeutics,SCTX,412142688,21.77,United States
2497,Arcturus Therapeutics,ARCT,410997568,14.46,United States
2498,ARS Pharmaceuticals,SPRY,410717536,4.13,United States
2499,Radiant Logistics,RLGT,410324864,8.75,United States
2500,Community Healthcare Trust,CHCT,410036480,14.31,United States
2501,Community Health Systems,CYH,407517056,2.89,United States
2502,Myriad Genetics,MYGN,405554496,4.24,United States
2503,FRP Holdings,FRPH,404892160,21.09,United States
2504,Rezolute,RZLT,404299360,4.18,United States
2505,Relmada Therapeutics,RLMD,404278720,3.79,United States
2506,Gladstone Land,LAND,404189664,9.37,United States
2507,Investar Holding,ISTR,404080160,29.33,United States
2508,Vista Gold,VGZ,401421184,2.75,United States
2509,Avidia Bancorp,AVBC,401016256,21.71,United States
2510,Acco Brands,ACCO,398768704,4.32,United States
2511,ASP Isotopes,ASPI,398604352,2.6,United States
2512,Boston Omaha,BOC,398574464,13.23,United States
2513,Montauk Renewables,MNTK,398555168,2.8,United States
2514,Orthofix Medical,OFIX,397749056,9.84,United States
2515,Galectin Therapeutics,GALT,396339136,3.93,United States
2516,Turn Therapeutics,TTRX,395994848,13.04,United States
2517,Parke Bancorp,PKBK,395773472,33.65,United States
2518,L.B. Foster,FSTR,395543072,37.6,United States
2519,Chemung Financial Corporation,CHMG,394058912,81.73,United States
2520,Rimini Street,RMNI,393028768,4.21,United States
2521,Zura Bio,ZURA,392899456,4.1,United States
2522,First Carolina Financial Services,FCBM,392710304,12.64,United States
2523,Bumble,BMBL,387638432,2.53,United States
2524,Barnes &amp; Noble Education,BNED,387554496,11.18,United States
2525,PCB Bancorp,PCB,387490560,27.59,United States
2526,Oxford Industries,OXM,387188384,25.85,United States
2527,First Bancorp,FNLC,386984256,34.3,United States
2528,Citizens Financial Services,CZFS,386904736,80.44,United States
2529,Cooper Standard,CPS,386835680,21.77,United States
2530,Editas Medicine,EDIT,385485888,2.51,United States
2531,Primis Financial,FRST,385377568,15.54,United States
2532,Optimum Communications,OPTU,385245856,1.01,United States
2533,Twin Disc,TWIN,384699712,26.46,United States
2534,MVB Financial,MVBF,384137504,29.67,United States
2535,Serve Robotics,SERV,384114240,4.43,United States
2536,Fennec Pharmaceuticals,FENC,383985408,10.95,United States
2537,C4 Therapeutics,CCCC,383223296,3.115,United States
2538,Claritev,CTEV,380809504,22.47,United States
2539,Oportun Financial,OPRT,380774432,8.28,United States
2540,Cogent Communications,CCOI,380532896,7.43,United States
2541,Transcontinental Realty Investors,TCI,378333376,43.12,United States
2542,Genesco,GCO,377515104,34.89,United States
2543,PureTech Health,PRTC.L,375774191,1.53265,United States
2544,Simulations Plus,SLP,373755008,18.48,United States
2545,Shoulder Innovations,SI,373700288,17.95,United States
2546,Value Line,VALU,373266752,39.785,United States
2547,Ranpak,PACK,373048544,4.35,United States
2548,CapsoVision,CV,368215680,6.92,United States
2549,Enanta Pharmaceuticals,ENTA,367416928,12.615,United States
2550,KKR Real Estate Finance Trust,KREF,366697952,6.26,United States
2551,Northeast Community Bancorp,NECB,366590144,26.63,United States
2552,GigCapital9,GIX,365650848,10.005,United States
2553,Dine Brands Global,DIN,365216480,28.85,United States
2554,Alight,ALIT,363357728,9.87,United States
2555,Waterstone Financial,WSBF,363135968,20.2,United States
2556,Southern States Bancshares,SSBK,361068608,36.37,United States
2557,AVITA Medical,RCEL,360916320,11.67,United States
2558,Bakkt Holdings,BKKT,360555648,8.0,United States
2559,J.Jill,JILL,359981280,24.22,United States
2560,Flexsteel Industries,FLXS,358150080,87.53,United States
2561,Ranger Energy Services,RNGR,357114880,15.26,United States
2562,NexPoint Real Estate Finance,NREF,356107776,15.46,United States
2563,Fossil Group,FOSL,356011072,6.02,United States
2564,Movano,MOVE,354647584,11.24,United States
2565,Orchestra BioMed,OBIO,354018720,5.89,United States
2566,Richtech Robotics,RR,353410048,1.57,United States
2567,Cerence,CRNC,352796000,7.8,United States
2568,International Money Express,IMXI,351965440,11.65,United States
2569,Emergent BioSolutions,EBS,351735104,6.86,United States
2570,PowerFleet,AIOT,351671904,2.62,United States
2571,Clean Energy Fuels,CLNE,350507584,1.59,United States
2572,Timberland Bancorp,TSBK,350060576,45.02,United States
2573,FS Bancorp,FSBW,349629728,44.47,United States
2574,Benitec Biopharma,BNTC,349524960,10.02,United States
2575,Ocugen,OCGN,349283712,1.03,United States
2576,ON24,ONTF,348249024,8.1,United States
2577,CION Investment Corporation,CION,347863136,7.07,United States
2578,Viemed Healthcare,VMD,346983744,9.11,United States
2579,"Suja Life, Inc.",SUJA,345307584,8.94,United States
2580,Avidbank Holdings,AVBH,344991104,31.41,United States
2581,Artiva Biotherapeutics,ARTV,344675360,7.05,United States
2582,iHeartMedia,IHRT,343631968,2.22,United States
2583,NL Industries,NL,343269120,7.02,United States
2584,Energy Recovery,ERII,343021568,6.72,United States
2585,Ring Energy,REI,341306848,1.31,United States
2586,Verano Holdings,VRNOF,340106912,0.94,United States
2587,LendingTree,TREE,339897760,24.21,United States
2588,Artesian Resources,ARTNA,339659008,32.89,United States
2589,Public Policy Holding Company,PPHC,339331648,11.23,United States
2590,Cabaletta Bio,CABA,339090880,2.0,United States
2591,Lantronix,LTRX,338469248,7.22,United States
2592,Innovative Aerosystems,IA,338294336,18.9,United States
2593,Orion Group Holdings,ORN,338135680,8.35,United States
2594,Rocky Brands,RCKY,337360736,45.03,United States
2595,BayCom (United Business Bank),BCML,337104032,30.87,United States
2596,Embecta,EMBC,335991424,5.93,United States
2597,Civeo,CVEO,332743488,32.19,United States
2598,Perma-Fix Environmental Services,PESI,331855040,15.64,United States
2599,Gevo,GEVO,331297728,1.34,United States
2600,Orion S.A.,OEC,331001344,5.87,United States
2601,Repay Holdings,RPAY,330691456,3.75,United States
2602,Aimco,AIV,330146368,2.14,United States
2603,Stitch Fix,SFIX,330001120,2.47,United States
2604,Camping World,CWH,329990528,5.17,United States
2605,BioAge Labs,BIOA,329539776,7.18,United States
2606,Larimar Therapeutics,LRMR,329308928,3.17,United States
2607,Nano Dimension,NNDM,328908832,1.56,United States
2608,M-tron Industries,MPTI,327898176,75.44,United States
2609,PrimeEnergy Resources,PNRG,327250016,206.78,United States
2610,Vogenx,VOGX,326811904,22.0,United States
2611,John Marshall Bancorp,JMSB,325990304,23.1,United States
2612,American Battery Technology Company,ABAT,323651520,2.27,United States
2613,Alpine Income Property Trust,PINE,323599904,16.89,United States
2614,NewtekOne,NEWT,323220128,11.19,United States
2615,Lifeway Foods,LWAY,322680128,21.36,United States
2616,Sanara MedTech,SMTI,322500000,35.1,United States
2617,Designer Brands,DBI,321566208,6.29,United States
2618,8x8,EGHT,321368992,2.225,United States
2619,Maui Land &amp; Pineapple Company,MLP,321122560,16.17,United States
2620,Biodesix,BDSX,320965024,30.42,United States
2621,Clearwater Paper,CLW,320781216,19.89,United States
2622,LiveWire Group,LVWR,320443424,1.56,United States
2623,FVCBankcorp,FVCB,320107136,17.75,United States
2624,Presidio Production Company,FTW,319748448,10.15,United States
2625,"Deep Fission, Inc.",FISN,319270176,5.42,United States
2626,Envela Corporation,ELA,317792928,12.24,United States
2627,CoastalSouth Bancshares,COSO,317510080,26.56,United States
2628,The RMR Group,RMR,316154976,18.51,United States
2629,OPAL Fuels,OPAL,314441984,1.8,United States
2630,Paysafe,PSFE,314337152,6.02,United States
2631,Vanda Pharmaceuticals,VNDA,312592096,5.17,United States
2632,Build-A-Bear Workshop,BBW,312418336,25.36,United States
2633,Prelude Therapeutics,PRLD,312031648,3.91,United States
2634,Chain Bridge Bancorp,CBNA,311555072,47.48,United States
2635,"TWFG, Inc.",TWFG,311188832,24.16,United States
2636,Ribbon Communications,RBBN,309364416,1.73,United States
2637,C&amp;F Financial Corporation,CFFI,307902624,94.69,United States
2638,Lands' End,LE,307850080,10.42,United States
2639,"NN, Inc.",NNBR,307199264,3.72,United States
2640,First Community Corporation,FCCO,306149248,32.57,United States
2641,Funko,FNKO,305736896,5.46,United States
2642,BridgeBio Oncology Therapeutics,BBOT,305463936,3.81,United States
2643,Evommune,EVMN,304490848,8.39,United States
2644,NI Holdings,NODK,304234432,14.91,United States
2645,Horizon Technology Finance,HRZN,303998752,4.535,United States
2646,Telos,TLS,303431360,4.06,United States
2647,Cadiz Inc.,CDZI,303143904,3.58,United States
2648,Abeona Therapeutics,ABEO,302503456,5.29,United States
2649,Century Therapeutics,IPSC,302395776,1.67,United States
2650,Gogo Inflight Internet,GOGO,300827456,2.22,United States
2651,Palmer Square Capital BDC,PSBD,299768928,9.78,United States
2652,X4 Pharmaceuticals,XFOR,298927456,3.015,United States
2653,First Western Financial,MYFW,298031744,30.52,United States
2654,AirJoule Technologies Corporation,AIRJ,296323456,4.04,United States
2655,Princeton Bancorp,BPRN,296169856,43.47,United States
2656,Seaport Entertainment Group,SEG,295772192,23.09,United States
2657,Neighborhood Intelligence,NXH,295087808,3.09,United States
2658,"Mobia Medical, Inc.",MOBI,293960384,8.83,United States
2659,Holley,HLLY,293386624,2.42,United States
2660,TrueBlue,TBI,293179040,9.63,United States
2661,SAB Biotherapeutics,SABS,292521152,3.215,United States
2662,Treace Medical Concepts,TMCI,291354784,4.48,United States
2663,Alico,ALCO,290436672,39.15,United States
2664,Upstream Bio,UPB,290286528,5.3,United States
2665,Swarmer,SWMR,289734304,18.18,United States
2666,RCM Technologies,RCMT,289194560,40.67,United States
2667,Jakks Pacific,JAKK,288986560,25.25,United States
2668,Isabella Bank Corporation,ISBA,288981728,37.88,United States
2669,ThredUp,TDUP,288934016,2.2,United States
2670,Soluna Holdings,SLNH,288616864,1.18,United States
2671,CPI Card Group,PMTS,287365248,24.79,United States
2672,Rocket Pharmaceuticals,RCKT,286511680,2.61,United States
2673,ZipRecruiter,ZIP,286147040,3.48,United States
2674,Inhibikase Therapeutics,IKT,286048608,2.05,United States
2675,Syntec Optics,OPTX,285584352,7.09,United States
2676,Standard BioTools,LAB,285522560,0.7273,United States
2677,fuboTV,FUBO,285430400,9.45,United States
2678,Perspective Therapeutics,CATX,285379168,2.5,United States
2679,Fate Therapeutics,FATE,285172832,2.38,United States
2680,NACCO Industries,NC,284884224,37.78,United States
2681,Alto Ingredients,ALTO,284676256,3.67,United States
2682,Friedman Industries,FRD,284328224,39.42,United States
2683,Fulcrum Therapeutics,FULC,283825792,3.72,United States
2684,QNB Corp.,QNBC,283392576,45.64,United States
2685,Duos Technologies Group,DUOT,282937760,8.99,United States
2686,First United Corporation,FUNC,282936160,43.84,United States
2687,Franklin Financial Services Corporation,FRAF,282348768,62.75,United States
2688,Hawthorn Bancshares,HWBK,281873056,38.54,United States
2689,Ames National Corp.,ATLO,281571040,31.79,United States
2690,Regional Management Corp.,RM,280740928,30.43,United States
2691,Runway Growth Finance,RWAY,280377248,6.69,United States
2692,Western New England Bancorp,WNEB,280040832,13.97,United States
2693,Marine Products Corporation,MPX,280037408,8.18,United States
2694,Invivyd,IVVD,280020800,0.95,United States
2695,Cresco Labs,CRLBF,278886496,0.75,United States
2696,NexPoint Diversified Real Estate Trust,NXDT,277744512,5.23,United States
2697,EyePoint Pharmaceuticals,EYPT,277514688,3.31,United States
2698,Amtech Systems,ASYS,277503392,15.85,United States
2699,GBank Financial Holdings,GBFH,277409504,19.11,United States
2700,Anika Therapeutics,ANIK,276759744,20.68,United States
2701,Medallion Financial Corp.,MFIN,276671008,12.05,United States
2702,Silvaco Group,SVCO,276168928,8.15,United States
2703,Q32 Bio,QTTB,274772160,9.23,United States
2704,GoPro,GPRO,274453984,1.33,United States
2705,"TSS, Inc.",TSSI,274289376,9.72,United States
2706,HireQuest,HQI,274057952,19.73,United States
2707,USANA,USNA,273822240,14.82,United States
2708,MGP Ingredients,MGPI,273671872,12.78,United States
2709,Middlefield Banc,MBCN,273627936,33.67,United States
2710,Newegg,NEGG,273500960,13.04,United States
2711,TechTarget,TTGT,273417440,3.78,United States
2712,Chicago Atlantic Real Estate Finance,REFI,273121408,10.66,United States
2713,Greenwich LifeSciences,GLSI,272867904,18.59,United States
2714,Matrix Service Company,MTRX,272451200,9.63,United States
2715,OraSure Technologies,OSUR,272426080,3.95,United States
2716,National Bankshares,NKSH,271133600,42.56,United States
2717,loanDepot,LDI,270972352,0.6098,United States
2718,TriSalus Life Sciences,TLSI,270312480,4.39,United States
2719,Saratoga Investment,SAR,270159392,16.8,United States
2720,Immuneering,IMRX,269141184,4.16,United States
2721,LCNB Corp.,LCNB,268278864,18.82,United States
2722,Xperi,XPER,267269600,5.48,United States
2723,CS Disco,LAW,266799120,4.16,United States
2724,Escalade Sports,ESCA,266648864,19.37,United States
2725,Sutro Biopharma,STRO,265796176,16.03,United States
2726,Virginia National Bankshares,VABK,265350544,48.91,United States
2727,AIAI Holdings Corporation,AIAI,264962880,3.74,United States
2728,Strattec Security,STRT,264873168,66.59,United States
2729,Outdoor Holding Company,POWW,263458304,2.27,United States
2730,Pure Cycle (water),PCYO,263384256,10.93,United States
2731,BCB Bancorp,BCBP,262928080,8.55,United States
2732,Jack in the Box,JACK,262756816,13.7,United States
2733,Commerce.com,CMRC,262663008,3.17,United States
2734,Huuuge,HUG.WA,262169646,5.85892,United States
2735,American Realty Investors,ARL,261824608,16.21,United States
2736,Palisade Bio,PALI,261405840,1.5,United States
2737,Slam Corp,SLMWF,261266432,11.14,United States
2738,Perma-Pipe International,PPIH,261262304,31.88,United States
2739,Palladyne AI,PDYN,260507360,5.28,United States
2740,Kingstone Companies,KINS,260280864,17.98,United States
2741,Information Services Group,III,259980304,5.37,United States
2742,GrafTech,EAF,259877952,9.96,United States
2743,Omega Flex,OFLX,259121248,25.67,United States
2744,MacroGenics,MGNX,258622752,4.06,United States
2745,Blend Labs,BLND,257799520,1.09,United States
2746,Lexeo Therapeutics,LXEO,257756800,3.14,United States
2747,EVI Industries,EVI,257313056,19.98,United States
2748,InfuSystem,INFU,256334112,12.87,United States
2749,Portillo's,PTLO,255265760,3.52,United States
2750,BRT Apartments,BRT,255212688,13.58,United States
2751,Richardson Electronics,RELL,254326784,17.11,United States
2752,AerSale,ASLE,253906400,5.32,United States
2753,Gencor Industries,GENC,253724816,17.31,United States
2754,PAMT Corp,PAMT,253610720,12.11,United States
2755,Aviat Networks,AVNW,253598480,19.81,United States
2756,OpGen,OPGN,251197920,24.75,United States
2757,E. W. Scripps Company,SSP,249279600,2.69,United States
2758,B&amp;G Foods,BGS,248703552,3.06,United States
2759,SIGA Technologies,SIGA,248600000,3.46,United States
2760,Microvast,MVST,248447728,0.6461,United States
2761,Eagle Financial Services,EFSI,248447248,45.91,United States
2762,Silver Bow Mining,SBMT,248039392,8.4,United States
2763,Akebia Therapeutics,AKBA,247483584,0.8931,United States
2764,Lifecore Biomedical,LFCR,247146128,6.52,United States
2765,Onity Group,ONIT,246291248,29.48,United States
2766,Zentalis Pharmaceuticals,ZNTL,246146960,2.6,United States
2767,Aeluma,ALMU,245829984,12.76,United States
2768,Lineage Cell Therapeutics,LCTX,245573136,0.971,United States
2769,Tredegar,TG,244824144,7.03,United States
2770,U.S. Gold Corp,USAU,244624208,14.8,United States
2771,Acme United,ACU,244444544,63.76,United States
2772,Conduent,CNDT,244167664,1.57,United States
2773,Alliance Entertainment,AENT,244085792,4.79,United States
2774,The Hackett Group,HCKT,243305584,9.78,United States
2775,Third Harmonic Bio,THRD,242787568,5.38,United States
2776,Richmond Mutual Bancorporation,RMBI,242328784,15.11,United States
2777,Entrada Therapeutics,TRDA,242186064,6.22,United States
2778,Pyxis Oncology,PYXS,241883344,2.9,United States
2779,RideNow Group,RDNW,241868736,6.2,United States
2780,CAMP4 Therapeutics,CAMP,241599808,3.85,United States
2781,Immersion Corporation,IMMR,240743792,7.25,United States
2782,"QumulusAI, Inc.",QMLS,239562976,7.16,United States
2783,Torrid Holding,CURV,239326640,2.4,United States
2784,Lyell Immunopharma,LYEL,238680064,9.74,United States
2785,KinderCare Learning Companies,KLC,238219232,2.01,United States
2786,Utah Medical Products,UTMD,236417696,74.49,United States
2787,Niagen Bioscience,NAGE,235795488,2.98,United States
2788,ChargePoint,CHPT,234671824,8.74,United States
2789,Vuzix,VUZI,233827424,2.77,United States
2790,Infinity Natural Resources,INR,233584608,12.53,United States
2791,FreightCar America,RAIL,232818080,7.1,United States
2792,HMH Holding,HMH,232181824,19.28,United States
2793,Community Bancorp,CMTV,231989344,41.42,United States
2794,Sionna Therapeutics,SION,231169680,5.12,United States
2795,Kolibri Global Energy,KGEI,231071664,6.43,United States
2796,SEACOR Marine,SMHI,229815040,8.47,United States
2797,Peoples Bancorp of North Carolina,PEBK,229615264,43.15,United States
2798,Pro-Dex,PDEX,229422784,71.62,United States
2799,Security National Financial Corporation,SNFCA,229188688,8.8,United States
2800,Global Water Resources,GWRS,228923040,7.95,United States
2801,American Well,AMWL,228597696,13.44,United States
2802,First Internet Bancorp,INBK,228470288,26.16,United States
2803,Lightbridge Corporation,LTBR,228335248,6.48,United States
2804,Ares Commercial Real Estate,ACRE,228027376,4.11,United States
2805,SmartRent,SMRT,228018048,1.19,United States
2806,Meridian Corporation,MRBK,227964112,19.11,United States
2807,"AstroNova, Inc.",ALOT,227316416,28.99,United States
2808,Turtle Beach Corp,TBCH,227274240,12.69,United States
2809,OP Bancorp (Open Bank),OPBK,227125072,15.21,United States
2810,Nu Skin,NUS,225859568,4.64,United States
2811,Nature's Sunshine Products,NATR,225750528,12.83,United States
2812,Angi Inc.,ANGI,225492752,5.56,United States
2813,RGC Resources,RGCO,225062416,21.6,United States
2814,Keros Therapeutics,KROS,223650672,11.28,United States
2815,Dave & Buster's,PLAY,223264416,6.41,United States
2816,Asure Software,ASUR,222948400,7.72,United States
2817,FutureFuel,FF,222825664,5.08,United States
2818,Smart Sand,SND,222807072,5.255,United States
2819,LoveSac,LOVE,222409344,15.42,United States
2820,CF Bankshares,CFBK,222358256,34.25,United States
2821,One Stop Systems,OSS,222261616,8.91,United States
2822,BRC Group Holdings,RILY,220696656,5.49,United States
2823,AIRO Group Holdings,AIRO,219944720,6.97,United States
2824,MBIA,MBI,219880864,4.31,United States
2825,TON Strategy Co.,TONX,219186512,3.98,United States
2826,Limoneira,LMNR,218490704,12.05,United States
2827,Chicago Atlantic BDC,LIEN,218393040,9.57,United States
2828,Cartesian Therapeutics,RNAC,218141088,7.21,United States
2829,Anavex Life Sciences,AVXL,217837568,2.35,United States
2830,Spok Holdings,SPOK,216921072,10.37,United States
2831,Zumiez,ZUMZ,216774880,14.14,United States
2832,CARGO Therapeutics,CRGX,216188416,4.47,United States
2833,Forrester Research,FORR,215711872,11.33,United States
2834,Ready Capital,RC,215164288,1.3,United States
2835,Modiv Industrial,MDV,215101808,18.05,United States
2836,PennantPark Investment,PNNT,214824160,3.29,United States
2837,Hudson Technologies,HDSN,214651584,5.1,United States
2838,Eledon Pharmaceuticals,ELDN,214529456,2.64,United States
2839,Alector,ALEC,214381280,1.92,United States
2840,Whitehawk Therapeutics,WHWK,214353872,3.76,United States
2841,Stellus Capital Investment Corporation,SCM,213884320,7.51,United States
2842,Lifetime Brands,LCUT,211957072,9.22,United States
2843,RCI Hospitality Holdings,RICK,210758864,27.57,United States
2844,Ohio Valley Banc Corp,OVBC,210534672,44.69,United States
2845,Taylor Devices,TAYD,210077472,65.14,United States
2846,Foghorn Therapeutics,FHTX,209036304,3.52,United States
2847,National CineMedia,NCMI,207895680,2.21,United States
2848,Neostellar Capital Corp.,NSLR,207550064,7.84,United States
2849,Rare Earths Americas,REA,204327856,10.24,United States
2850,Sidus Space,SIDU,203462912,2.01,United States
2851,GCT Semiconductor,GCTS,200494016,2.18,United States
2852,Superior Group of Companies,SGC,200112272,12.55,United States
2853,DHI Group,DHX,200009104,4.63,United States
2854,Compass Therapeutics,CMPX,199897600,1.11,United States
2855,Quicklogic,QUIK,199846544,10.91,United States
2856,Motorcar Parts of America,MPAA,199366672,10.53,United States
2857,Core Molding Technologies,CMT,199103264,22.5,United States
2858,Rhinebeck Bancorp,RBKB,198420400,12.69,United States
2859,Kaltura,KLTR,198316576,1.3,United States
2860,SES AI,SES,197599136,0.5322,United States
2861,Oramed Pharmaceuticals,ORMP,197587424,4.75,United States
2862,Greenland Energy Company,GLND,196348560,4.49,United States
2863,Expensify,EXFY,196051344,2.15,United States
2864,American Resources Corp,AREC,195757440,1.83,United States
2865,Franklin Covey,FC,195496928,17.31,United States
2866,Landmark Bancorp,LARK,194912064,31.95,United States
2867,Crexendo,CXDO,194867216,5.86,United States
2868,Neuronetics,STIM,194683920,2.555,United States
2869,RxSight,RXST,194240512,4.67,United States
2870,Xponential Fitness,XPOF,193611472,3.91,United States
2871,TPG Mortgage Investment Trust,MITT,192411040,6.05,United States
2872,ALX Oncology,ALXO,192205024,1.39,United States
2873,Protara Therapeutics,TARA,192060336,3.25,United States
2874,Better Home & Finance Holding Company,BETR,191505680,10.08,United States
2875,Nkarta,NKTX,191238208,2.67,United States
2876,Stoneridge,SRI,190247568,6.67,United States
2877,AN2 Therapeutics,ANTX,189058544,5.01,United States
2878,Alta Equipment Group,ALTG,188814528,5.78,United States
2879,SB Financial Group,SBFG,187527232,29.99,United States
2880,Tharimmune,THAR,187371472,4.74,United States
2881,ECB Bancorp,ECBK,185501408,21.23,United States
2882,United Security Bancshares,UBFO,185027760,10.51,United States
2883,Octave Specialty Group,OSG,184711104,4.1,United States
2884,Comstock Inc.,LODE,183903184,2.42,United States
2885,Angel Oak Mortgage REIT,AOMR,183620960,7.37,United States
2886,Westwood Holdings Group,WHG,183228528,19.2,United States
2887,Citizens Inc,CIA,182821616,3.61,United States
2888,DeFi Development,DFDV,181860896,5.575,United States
2889,Hanover Bancorp,HNVR,181536064,25.73,United States
2890,Journey Medical,DERM,181482864,6.43,United States
2891,Epsilon Energy,EPSN,180491328,5.96,United States
2892,Claros Mortgage Trust,CMTG,179176944,1.27,United States
2893,PepGen,PEPG,179148256,2.59,United States
2894,Organogenesis,ORGO,177570864,1.38,United States
2895,"Merlin, Inc.",MRLN,176868624,1.75,United States
2896,BV Financial,BVFL,176866208,20.88,United States
2897,MainStreet Bancshares,MNSB,176317840,24.76,United States
2898,Coherus BioSciences,CHRS,176131088,1.14,United States
2899,PEDEVCO,PED,174125376,13.1,United States
2900,Quantum-Si,QSI,174012704,0.795,United States
2901,Amplify Energy,AMPY,173702512,4.19,United States
2902,Precision BioSciences,DTIL,172233696,6.24,United States
2903,CuriosityStream,CURI,172080288,2.9,United States
2904,Solana Company,HSDT,171702720,2.84,United States
2905,"Belpointe PREP, LLC",OZ,170253968,42.0,United States
2906,Tonix Pharmaceuticals,TNXP,169795136,9.9,United States
2907,"1-800-Flowers.com, Inc.",FLWS,169448656,2.64,United States
2908,"Domo, Inc.",DOMO,166978368,3.55,United States
2909,Tingo Group,TIO,166947568,0.69,United States
2910,Quanterix,QTRX,166471584,3.52,United States
2911,Voyager Therapeutics,VYGR,166368464,2.7,United States
2912,Acumen Pharmaceuticals,ABOS,166329760,2.3,United States
2913,Seven Hills Realty Trust,SEVN,163580688,7.22,United States
2914,Unisys,UIS,163331728,2.24,United States
2915,KORE Group,KORE,163005168,9.25,United States
2916,OneWater Marine,ONEW,162656448,9.76,United States
2917,Minerva Neurosciences,NERV,162341712,3.4,United States
2918,Quipt Home Medical,QIPT,162297152,3.65,United States
2919,ACRES Commercial Realty,ACR,162210272,10.35,United States
2920,Atomera,ATOM,161949776,4.15,United States
2921,SITE Centers,SITC,160049792,3.05,United States
2922,Streamex Corp.,STEX,158957408,0.7048,United States
2923,SKYX Platforms,SKYX,158454256,1.17,United States
2924,Ellington Credit Company,EARN,158164656,4.21,United States
2925,FinWise Bancorp,FINW,158123728,11.39,United States
2926,Bassett Furniture,BSET,157407328,18.18,United States
2927,Lucid Diagnostics,LUCD,153847392,0.8057,United States
2928,Jeld-Wen,JELD,153571184,1.77,United States
2929,Datavault AI,DVLT,152906304,0.161,United States
2930,Humacyte,HUMA,152011136,0.5472,United States
2931,Assertio Holdings,ASRT,151861232,23.5,United States
2932,Exascale Labs Holdings,XLAB,151680000,2.4,United States
2933,Lee Enterprises,LEE,151585904,6.8,United States
2934,Outlook Therapeutics,OTLK,151205280,0.6211,United States
2935,Elme Communities,ELME,151058400,1.7,United States
2936,inTEST Corporation,INTT,150189952,11.71,United States
2937,Shutterstock,SSTK,150007600,4.06,United States
2938,Duluth Holdings,DLTH,149739696,3.94,United States
2939,WhiteHorse Finance,WHF,149691008,6.97,United States
2940,"Owlet, Inc.",OWLT,149322768,5.11,United States
2941,ReposiTrak,TRAK,149023216,8.2,United States
2942,Codexis,CDXS,148927840,1.36,United States
2943,eGain,EGAN,148392224,5.67,United States
2944,Surf Air Mobility,SRFM,147136656,1.19,United States
2945,OptimizeRx,OPRX,147108784,7.81,United States
2946,The Eastern Company,EML,146768240,24.39,United States
2947,Beyond Meat,BYND,146492576,8.52,United States
2948,Stratus Properties,STRS,144567120,18.11,United States
2949,Inogen,INGN,144368544,5.44,United States
2950,Atrium Therapeutics,RNA,144029520,8.42,United States
2951,Orion Properties,ONL,143182224,2.51,United States
2952,Hurco Companies,HURC,142414320,21.99,United States
2953,Lake Shore Bancorp,LSBK,142389168,18.13,United States
2954,LifeMD,LFMD,141389600,2.93,United States
2955,Nautilus Biotechnology,NAUT,141253296,1.11,United States
2956,Red Robin,RRGB,141021984,7.46,United States
2957,KORU Medical Systems,KRMD,140554976,3.06,United States
2958,Armata Pharmaceuticals,ARMP,140547888,3.78,United States
2959,Affinity Bancshares,AFBI,140182352,23.0,United States
2960,Hooker Furnishings,HOFT,140174704,13.11,United States
2961,Vince Holding,VNCE,140062176,10.82,United States
2962,Mammoth Energy Services,TUSK,140051280,2.91,United States
2963,Korro Bio,KRRO,140040896,9.51,United States
2964,NCS Multistage,NCSM,140018304,53.35,United States
2965,Clipper Realty,CLPR,139317872,3.28,United States
2966,Douglas Elliman,DOUG,139062416,1.53,United States
2967,NET Power,NPWR,138029856,1.56,United States
2968,Skillz,SKLZ,137970800,8.84,United States
2969,Oxford Square Capital,OXSQ,136788880,1.27,United States
2970,Tillys,TLYS,136725056,4.47,United States
2971,Spruce Biosciences,SPRB,136544352,47.51,United States
2972,Waldencast,WALD,135955456,1.06,United States
2973,AirSculpt Technologies,AIRS,135538992,1.88,United States
2974,NeoVolta,NEOV,134550208,2.28,United States
2975,First Guaranty Bancshares,FGBI,134462832,8.13,United States
2976,Clarus,CLAR,134008544,3.5,United States
2977,Corbus Pharmaceuticals,CRBP,133841744,6.92,United States
2978,1stdibs.com,DIBS,133788864,3.98,United States
2979,Health Catalyst,HCAT,133203800,1.77,United States
2980,Aemetis,AMTX,133152896,1.845,United States
2981,KVH Industries,KVHI,132973248,7.33,United States
2982,Tenaya Therapeutics,TNYA,132250864,0.5898,United States
2983,Medifast,MED,130926032,11.71,United States
2984,Team Inc,TISI,130483960,28.47,United States
2985,Neumora Therapeutics,NMRA,129986384,0.6918,United States
2986,Wheels Up,UP,129846784,3.58,United States
2987,Immunic,IMUX,129758888,9.51,United States
2988,RGP (Resources Connection),RGP,129508024,3.76,United States
2989,Black Rifle Coffee Company (BRCC),BRCC,128916784,9.05,United States
2990,Veritone,VERI,128585048,1.28,United States
2991,Smith-Midland Corporation,SMID,127894056,24.11,United States
2992,Shimmick,SHIM,127727696,3.09,United States
2993,Stereotaxis,STXS,126254744,1.26,United States
2994,Magyar Bancorp,MGYR,125879968,19.5,United States
2995,flyExclusive,FLYX,125560544,1.23,United States
2996,Orion Energy Systems,OESX,124559648,30.46,United States
2997,LENZ Therapeutics,LENZ,124424560,3.96,United States
2998,NRx Pharmaceuticals,NRXP,124258848,2.87,United States
2999,Unifi,UFI,123987536,6.67,United States
3000,PLBY Group (Playboy),PLBY,123401912,1.03,United States
3001,a.k.a. Brands,AKA,123319688,11.22,United States
3002,Braemar Hotels &amp; Resorts,BHR,121886032,1.66,United States
3003,Inovio Pharmaceuticals,INO,120975096,1.17,United States
3004,vTv Therapeutics,VTVT,120673888,30.52,United States
3005,Commercial Vehicle Group (CVG),CVGI,120272736,2.96,United States
3006,Fonar Corporation,FONR,120195888,19.09,United States
3007,DMC Global,BOOM,119753728,5.83,United States
3008,MaxCyte,MXCT,119719200,1.16,United States
3009,ALT5 Sigma,ALTS,119560224,0.855,United States
3010,Vera Bradley,VRA,119057960,4.15,United States
3011,Sound Financial Bancorp,SFBC,119054472,46.36,United States
3012,Riverview Bancorp,RVSB,118521928,5.94,United States
3013,Coya Therapeutics,COYA,116820080,4.98,United States
3014,Legacy Education,LGCY,116216064,9.07,United States
3015,5E Advanced Materials,FEAM,116196168,2.79,United States
3016,Ascend Wellness (AWH),AAWH,116034496,0.571,United States
3017,Aardvark Therapeutics,AARD,115333136,5.27,United States
3018,The Joint Corp.,JYNT,114559552,8.1,United States
3019,Union Bankshares,UNB,114447384,23.14,United States
3020,Provident Financial Holdings,PROV,113894416,18.27,United States
3021,KULR Technology Group,KULR,113386784,2.45,United States
3022,Vivani Medical,VANI,112754200,1.25,United States
3023,Seer Inc,SEER,112405192,2.03,United States
3024,OnKure Therapeutics,OKUR,111769808,2.76,United States
3025,Genelux,GNLX,111755984,2.47,United States
3026,Vaxart,VXRT,110406872,0.454,United States
3027,Digimarc,DMRC,110129112,4.9,United States
3028,Rani Therapeutics,RANI,109043152,0.776,United States
3029,Pathfinder Bancorp,PBHC,108013384,17.2033,United States
3030,Equillium,EQ,106525568,1.68,United States
3031,Inspired Entertainment,INSE,106434672,3.99,United States
3032,Conexeu Sciences,CNXU,106339248,3.77,United States
3033,Apyx Medical,APYX,105310064,2.5,United States
3034,Rafael Holdings,RFL,105039992,2.02,United States
3035,HilleVax,HLVX,104762376,2.09,United States
3036,Oconee Federal Financial,OFED,104747792,18.0,United States
3037,Insight Molecular Diagnostics,IMDX,104063224,3.18,United States
3038,MediciNova,MNOV,103364616,2.1,United States
3039,Virco Manufacturing,VIRC,102464800,6.5,United States
3040,Cherry Hill Mortgage Investment,CHMI,102317952,2.73,United States
3041,Lakeland Industries,LAKE,101994928,10.27,United States
3042,Polaryx Therapeutics,PLYX,101685824,2.04,United States
3043,INNOVATE Corp.,VATE,100949808,7.4,United States
3044,Ultralife Corporation,ULBI,100812784,6.05,United States
3045,Broadwind,BWEN,99834104,4.22,United States
3046,ReneSola,SOL,99563952,1.94,United States
3047,electroCore,ECOR,99445208,11.03,United States
3048,Proficient Auto Logistics,PAL,99026824,3.53,United States
3049,Seritage Growth Properties,SRG,98568064,1.75,United States
3050,Kewaunee Scientific Corporation,KEQU,98499704,34.02,United States
3051,Definitive Healthcare,DH,97703440,0.9153,United States
3052,Upexi,UPXI,97701944,1.19,United States
3053,Fluent,FLNT,97507864,3.085,United States
3054,U.S. GoldMining,USGO,97127296,6.92,United States
3055,Anixa Biosciences,ANIX,96991000,2.79,United States
3056,Stabilis Solutions,SLNG,95770944,5.15,United States
3057,First Northwest Bancorp,FNWB,95496616,10.04,United States
3058,Zomedica Pharmaceuticals,ZOM,95349136,0.0973,United States
3059,Park Dental Partners,PARK,94011928,19.77,United States
3060,Cullman Bancorp,CULL,93843656,16.99,United States
3061,Interlink Electronics,LINK,93417712,5.93,United States
3062,GrowGeneration,GRWG,92505104,1.57,United States
3063,Zevia,ZVIA,91613368,1.27,United States
3064,Siebert Financial,SIEB,91298288,2.23,United States
3065,Logistic Properties of the Americas,LPA,90975080,2.87,United States
3066,Marpai,MRAI,90953144,3.39,United States
3067,Rallybio,RLYB,90579552,17.05,United States
3068,MediaCo Holding,MDIA,90321352,1.075,United States
3069,Greenland Mines,GRML,90248320,11.85,United States
3070,Golden Matrix Group,GMGI,89996768,0.6372,United States
3071,Hyperfine,HYPR,88646088,0.8359,United States
3072,Momentus Inc.,MNTS,88512504,4.03,United States
3073,Buzzfeed,BZFD,88334816,1.06,United States
3074,Acrivon Therapeutics,ACRV,88277920,2.06,United States
3075,HF Foods Group,HFFG,87852448,1.58,United States
3076,Velo3D,VLDX,86513896,6.15,United States
3077,Smith Douglas Homes,SDHC,86274736,10.28,United States
3078,PhenixFIN,PFX,86269960,44.67,United States
3079,Martin Midstream Partners,MMLP,85291824,2.18,United States
3080,AudioEye,AEYE,85285240,6.785,United States
3081,the Marygold Companies,MGLD,85191328,1.97,United States
3082,SkinHealth Systems,SKIN,84591488,0.65,United States
3083,LENSAR,LNSR,84526752,6.88,United States
3084,Summit State Bank,SSBI,84190240,12.442,United States
3085,Pulmonx,LUNG,84178608,1.96,United States
3086,Arq Inc.,ARQ,84061832,1.925,United States
3087,Townsquare Media,TSQ,84047864,4.61,United States
3088,BCP Investment Corporation,BCIC,84023080,6.785,United States
3089,Atara Biotherapeutics,ATRA,84015632,8.37,United States
3090,Microbot Medical,MBOT,83956000,1.25,United States
3091,Drilling Tools International,DTI,83266048,2.36,United States
3092,Wrap Technologies,WRAP,82780488,1.34,United States
3093,Telomir Pharmaceuticals,TELO,82529952,1.2,United States
3094,Jushi Holdings,JUSHF,82261016,0.41193,United States
3095,Tile Shop Holdings,TTSH,82032784,2.06,United States
3096,Blink Charging,BLNK,81209160,0.5603,United States
3097,Silvercrest Asset Management Group,SAMG,81190096,10.38,United States
3098,Venu Holding Corporation,VENU,80817224,1.43,United States
3099,Advanced Flower Capital,AFCG,80662832,3.59,United States
3100,Aptera Motors,SEV,80275384,1.98,United States
3101,Noodles &amp; Company,NDLS,80251576,13.45,United States
3102,Sono-Tek Corporation,SOTK,80155288,5.1,United States
3103,Elite Express,ETS,79895344,1.64,United States
3104,Chegg,CHGG,79862064,0.7193,United States
3105,Sera Prognostics,SERA,79687920,2.02,United States
3106,Hennessy Advisors,HNNA,79281232,10.03,United States
3107,Verrica Pharmaceuticals,VRCA,79022424,4.6,United States
3108,Blackboxstocks,BLBX,78138184,18.15,United States
3109,Lifevantage,LFVN,77928656,6.19,United States
3110,LanzaTech Global,LNZA,77749632,5.94,United States
3111,AMC Robotics Corporation,AMCI,77402496,3.24,United States
3112,OS Therapies,OSTX,77228632,1.65,United States
3113,Steel Connect,STCN,77168096,12.18,United States
3114,"Air T, Inc.",AIRT,76796576,28.48,United States
3115,Ispire Technology,ISPR,76524680,1.325,United States
3116,SelectQuote,SLQT,76032392,0.4306,United States
3117,Atlas Lithium,ATLX,75851504,2.52,United States
3118,Home Federal Bancorp (HFB Bank),HFBL,75764848,25.0,United States
3119,iBio,IBIO,75239488,1.17,United States
3120,Fractyl Health,GUTS,74973704,0.471,United States
3121,NSTS Bancorp,NSTS,74226744,14.13,United States
3122,Northern Technologies International,NTIC,74037608,7.8,United States
3123,Comscore,SCOR,73795824,4.86,United States
3124,MAIA Biotechnology,MAIA,72855488,1.18,United States
3125,Charlotte's Web,CWEB.TO,72741548,0.268131,United States
3126,PMV Pharmaceuticals,PMVP,72702960,1.36,United States
3127,Research Solutions,RSSS,72589736,2.15,United States
3128,Fortress Biotech,FBIO,72371656,2.17,United States
3129,"SoundThinking 
 (ShotSpotter)",SSTI,72005928,5.47,United States
3130,United Homes Group,UHG,71769208,1.22,United States
3131,Great Elm Capital,GECC,71671104,5.16,United States
3132,Thryv,THRY,71324776,1.605,United States
3133,Cable One,CABO,71321232,12.57,United States
3134,The InterGroup Corporation,INTG,70695920,32.9,United States
3135,Gossamer Bio,GOSS,70460824,11.52,United States
3136,Energous,WATT,70414880,12.74,United States
3137,Regis Corporation,RGS,70129400,28.05,United States
3138,Cingulate,CING,70091600,4.82,United States
3139,Aldeyra Therapeutics,ALDX,69978648,1.16,United States
3140,Spero Therapeutics,SPRO,69299448,1.19,United States
3141,CVRx,CVRX,69001728,2.59,United States
3142,Universal Electronics,UEIC,67904280,5.27,United States
3143,Forian,FORA,67792720,2.17,United States
3144,Hour Loop,HOUR,67407656,1.915,United States
3145,Usio,USIO,66964220,2.35,United States
3146,Pliant Therapeutics,PLRX,66875652,1.08,United States
3147,Westwater Resources,WWR,66866568,0.5201,United States
3148,Genasys,GNSS,66035912,1.45,United States
3149,CarParts.com,PRTS,66004816,8.15,United States
3150,AMCON Distributing Company,DIT,65942812,67.56,United States
3151,XBiotech,XBIT,65548628,2.15,United States
3152,Airgain,AIRG,65280268,5.15,United States
3153,Ideal Power,IPWR,64916888,3.95,United States
3154,BranchOut Food,BOF,64388436,3.96,United States
3155,Off the Hook YS Inc,OTH,64247460,2.57,United States
3156,Great Elm Group,GEG,63927036,2.15,United States
3157,CleanCore Solutions,ZONE,63715256,0.1269,United States
3158,Geospace Technologies,GEOS,63255096,4.89,United States
3159,MindWalk Holdings,HYFT,63129636,1.34,United States
3160,WM Technology,MAPS,63044176,0.362,United States
3161,Tigo Energy,TYGO,62954444,0.82,United States
3162,SunPower,SPWR,62743484,0.3005,United States
3163,PodcastOne,PODC,62623080,2.07,United States
3164,Rein Therapeutics,RNTX,62198532,0.721,United States
3165,Airship AI,AISP,61991208,1.8,United States
3166,MiNK Therapeutics,INKT,61797352,12.11,United States
3167,Myomo,MYO,61788252,1.56,United States
3168,Talphera,TLPH,61767900,1.19,United States
3169,tinyBuild,8Z3.F,61743886,0.156997,United States
3170,AgEagle Aerial Systems,UAVS,60892720,0.968,United States
3171,Hyperion DeFi,HYPD,60836884,3.915,United States
3172,Battalion Oil,BATL,60719084,1.06,United States
3173,TTEC,TTEC,60634008,1.23,United States
3174,Adicet Bio,ACET,59445460,6.35,United States
3175,Boundless Bio,BOLD,59372236,2.61,United States
3176,iLearningEngines,AILE,59292656,0.42,United States
3177,Annovis Bio,ANVS,58897104,1.38,United States
3178,Inseego,INSG,58677528,3.605,United States
3179,Full House Resorts,FLL,58631168,1.6,United States
3180,Marchex,MCHX,58526016,1.32,United States
3181,Identiv,INVE,57923448,2.39,United States
3182,Castellum,CTM,57816588,0.61,United States
3183,Where Food Comes From,WFCF,57664496,11.58,United States
3184,Solidion Technology,STI,56865308,6.68,United States
3185,GEN Restaurant Group,GENK,56369500,1.71,United States
3186,Travelzoo,TZOO,56214880,5.51,United States
3187,"FreeCast, Inc.",CAST,56145652,1.18,United States
3188,Solitario Resources,XPL,55863832,0.59,United States
3189,First Breach Inc.,FBDT,55776200,1.0,United States
3190,eXoZymes,EXOZ,55688152,6.0,United States
3191,Outset Medical,OM,55639608,2.96,United States
3192,TELA Bio,TELA,55526392,1.23,United States
3193,PDS Biotechnology,PDSB,55507996,0.7659,United States
3194,INmune Bio,INMB,55507576,2.0,United States
3195,Heron Therapeutics,HRTX,55398900,0.2918,United States
3196,AEye,LIDR,55306516,1.185,United States
3197,Playstudios,MYPS,55291872,0.4603,United States
3198,MarketWise,MKTW,55267752,19.79,United States
3199,Global Self Storage,SELF,55051248,4.82,United States
3200,Rapid Micro Biosystems,RPID,54924716,1.095,United States
3201,Skillsoft,SKIL,54693672,6.01,United States
3202,Rent the Runway,RENT,54627012,1.61,United States
3203,Idaho Copper Corporation,COPR,54367464,3.07,United States
3204,Allied Esports,AESE,54324936,1.3899,United States
3205,Abundia Global Impact Group,AGIG,54304896,1.23,United States
3206,Rekor Systems,REKR,53664468,0.3899,United States
3207,The Arena Group,AREN,53323932,1.12,United States
3208,The ONE Group Hospitality,STKS,52920668,1.67,United States
3209,TechPrecision,TPCS,52895620,5.22,United States
3210,Saga Communications,SGA,52834884,8.31,United States
3211,American Vanguard,AVD,52806132,1.79,United States
3212,ImageneBio,IMA,52775960,4.64,United States
3213,Laser Photonics,LASE,52643648,0.8677,United States
3214,BG Staffing,BGSF,52437644,4.91,United States
3215,374Water,SCWO,52091392,2.94,United States
3216,Luna Innovations,LUNA,52045528,1.5,United States
3217,Greenidge Generation Holdings,GREE,51500392,2.84,United States
3218,Serina Therapeutics,SER,51054948,2.01,United States
3219,Vroom,VRM,51034972,9.75,United States
3220,Verde Clean Fuels,VGAS,50786572,1.14,United States
3221,BBX Capital Corporation,BBXIA,50465780,3.65,United States
3222,Accendra Health,ACH,49988056,0.65,United States
3223,Xtant Medical,XTNT,49914460,0.3558,United States
3224,Sensus Healthcare,SRTS,49303864,2.995,United States
3225,TransAct Technologies,TACT,48628260,4.71,United States
3226,Cato Fashion,CATO,48186916,2.42,United States
3227,Instil Bio,TIL,47745116,7.04,United States
3228,"Culp, Inc.",CULP,47630112,3.74,United States
3229,Intellicheck,IDN,47424180,2.34,United States
3230,The Children's Place,PLCE,46920212,2.11,United States
3231,"RYTHM, Inc.",RYM,46077304,21.44,United States
3232,BeyondSpring,BYSI,46054200,1.12,United States
3233,SCYNEXIS,SCYX,45967192,4.62,United States
3234,GenFlat Holdings,GFLT,45868320,3.5,United States
3235,Prairie Operating,PROP,45863668,0.4066,United States
3236,Grove Collaborative,GROV,45690124,1.07,United States
3237,Sportsman's Warehouse,SPWH,45599804,1.165,United States
3238,Heritage Global,HGBL,45377668,1.31,United States
3239,Werewolf Therapeutics,HOWL,45199384,0.93,United States
3240,Reading International,RDI,45093552,1.97,United States
3241,MicroVision,MVIS,44659724,1.46,United States
3242,Grace Therapeutics,GRCE,44596168,2.12,United States
3243,Hain Celestial,HAIN,44582012,0.4899,United States
3244,Elauwit Connection,ELWT,44352632,6.7,United States
3245,Manhattan Bridge Capital,LOAN,44330976,3.88,United States
3246,Celularity,CELU,44304344,1.4,United States
3247,Devolver Digital,DEVO.L,43980482,0.0911502,United States
3248,IZEA Worldwide,IZEA,43889040,2.52,United States
3249,"Stem, Inc",STEM,43801688,4.55,United States
3250,Planet13,PLTH.CN,43771680,0.130537,United States
3251,Sachem Capital,SACH,43279056,0.9025,United States
3252,Precipio,PRPO,43161432,24.11,United States
3253,Granite Point Mortgage Trust,GPMT,43118076,0.8998,United States
3254,Metagenomi,MGX,43065900,1.14,United States
3255,Veru,VERU,43052060,2.525,United States
3256,Vivid Seats,SEAT,42491716,3.78,United States
3257,AXIL Brands,AXIL,42368848,6.21,United States
3258,Pixelworks,PXLW,42224764,6.98,United States
3259,Teads,TEAD,42177824,0.4301,United States
3260,Ekso Bionics,EKSO,42047896,11.8,United States
3261,Comtech Telecommunications,CMTL,41646392,1.39,United States
3262,Massimo Motor,MAMO,41599312,0.999,United States
3263,Filana Therapeutics,FLNA,41216296,0.8532,United States
3264,Phunware,PHUN,40925352,2.0,United States
3265,CervoMed,CRVO,40367988,2.67,United States
3266,Odyssey Marine Exploration,OMEX,40256420,0.6859,United States
3267,Koss,KOSS,38623068,4.08,United States
3268,NanoViricides,NNVC,38291028,1.5,United States
3269,LivePerson,LPSN,38245620,3.1,United States
3270,Laird Superfood,LSF,38167736,3.41,United States
3271,PAVmed,PAVM,37352956,3.795,United States
3272,"Xos, Inc.",XOS,37250772,2.62,United States
3273,Milestone Scientific,MLSS,37150540,0.41,United States
3274,Actinium Pharmaceuticals,ATNM,37100892,1.18,United States
3275,New Fortress Energy,NFE,37018252,6.48,United States
3276,Karyopharm Therapeutics,KPTI,36743964,1.62,United States
3277,Pioneer Power Solutions,PPSI,36627576,3.3,United States
3278,Enzo Biochem,ENZB,36587800,0.69887,United States
3279,Harvard Bioscience,HBIO,36327392,7.98,United States
3280,DocGo,DCGO,36108856,0.365,United States
3281,Gaia,GAIA,36104624,1.42,United States
3282,U.S. Global Investors,GROW,35910732,2.92,United States
3283,Elutia,ELUT,35874280,0.81,United States
3284,Accuray,ARAY,35807904,0.2998,United States
3285,Kartoon Studios,TOON,35655392,0.5732,United States
3286,Franklin Street Properties,FSP,35582408,0.3421,United States
3287,Seres Therapeutics,MCRB,35357628,3.52,United States
3288,Spruce Power,SPRU,34846456,1.81,United States
3289,Rockwell Medical,RMTI,34782912,8.63,United States
3290,The Beachbody Company,BODI,34493224,4.735,United States
3291,LianBio,LIAN,34472096,0.319,United States
3292,Getty Images,GETY,34387856,0.0829,United States
3293,Harte Hanks,HHS,34289504,4.6,United States
3294,Cryo-Cell International,CCEL,33540622,4.16,United States
3295,Lulu's Fashion Lounge,LVLU,33425146,11.64,United States
3296,Rave Restaurant Group,RAVE,33397182,2.35,United States
3297,Southland Holdings,SLND,33205506,0.61,United States
3298,VIDA Global Inc.,VIDA,32815308,1.64,United States
3299,KLX Energy Services,KLXE,32507400,1.52,United States
3300,Plutus Financial Group,PLUT,32388498,2.11,United States
3301,VirTra,VTSI,31921338,2.82,United States
3302,Workhorse Group,WKHS,31692898,2.9,United States
3303,Salem Media Group,SALM,31670764,1.0,United States
3304,Scilex Holding,SCLX,31585968,4.49,United States
3305,LiveOne,LVO,31537114,2.3,United States
3306,Enviva,EVA,31273630,0.4198,United States
3307,Zeo Energy,ZEO,31252988,0.3432,United States
3308,Sangamo Therapeutics,SGMO,30657374,0.074,United States
3309,PetMed Express,PETS,30458874,1.405,United States
3310,Context Therapeutics,CNTX,29980174,0.3263,United States
3311,Cel-Sci,CVM,29901280,1.7,United States
3312,Century Casinos,CNTY,29544576,1.05,United States
3313,Lument Finance Trust,LFT,29488438,5.61,United States
3314,MariMed,MRMD,29473056,0.073,United States
3315,NOMADAR,NOMA,29253904,1.645,United States
3316,aTyr Pharma,ATYR,29200624,0.2977,United States
3317,Quest Resource Holding,QRHC,28897212,1.37,United States
3318,Ascent Solar Technologies,ASTI,28663980,2.92,United States
3319,Katapult Holdings,KPLT,28342708,5.7,United States
3320,IGC Pharma,IGC,28327218,0.274,United States
3321,Old Market Capital Corporation,OMCC,28292780,4.15,United States
3322,Farmer Brothers,FARM,28089448,1.28,United States
3323,BioLargo,BLGO,27942166,0.085,United States
3324,Kyntra Bio,KYNB,27938956,6.9,United States
3325,Allbirds,BIRD,27515418,2.33,United States
3326,Crown Crafts,CRWS,27331128,2.54,United States
3327,LeonaBio,LONA,27040172,2.87,United States
3328,Beasley Broadcast Group,BBGI,27031638,14.59,United States
3329,Zoom Telephonics,MINM,26534076,3.61,United States
3330,Destination XL,DXLG,26296074,0.4742,United States
3331,Hoth Therapeutics,HOTH,26013596,1.36,United States
3332,Beam Global,BEEM,25801980,1.14,United States
3333,GEE Group,JOB,25160388,0.229,United States
3334,Latch,LTCH,24848432,0.15,United States
3335,Local Bounti,LOCL,24316776,1.04,United States
3336,SPI Energy,SPI,24207974,0.766,United States
3337,TherapeuticsMD,TXMD,24190416,2.09,United States
3338,PermRock Royalty Trust,PRT,23966492,1.97,United States
3339,Greenland Technologies,GTEC,23889800,0.9,United States
3340,System1,SST,23601178,2.71,United States
3341,Aytu BioScience,AYTU,23580758,2.17,United States
3342,Cocrystal Pharma,COCP,23308472,1.21,United States
3343,TScan Therapeutics,TCRX,23044948,0.34,United States
3344,Live Ventures,LIVE,23037420,7.5,United States
3345,eHealth,EHTH,23021760,0.7253,United States
3346,180 Life Sciences,ATNF,21620372,3.58,United States
3347,HeartSciences Inc.,HSCS,21458520,4.43,United States
3348,HeartBeam,BEAT,21018240,0.373,United States
3349,Jasper Therapeutics,JSPR,20829874,0.626,United States
3350,Retractable Technologies,RVP,20566828,0.687,United States
3351,Motorsport Gaming,MSGM,20282506,4.42,United States
3352,Femasys,FEMY,19932566,2.38,United States
3353,Bionano Genomics,BNGO,19785360,1.68,United States
3354,Neuphoria Therapeutics,NEUP,19751370,3.65,United States
3355,Atossa Therapeutics,ATOS,19559424,1.96,United States
3356,Urban One,UONE,19428998,4.21,United States
3357,Knightscope,KSCP,19341072,0.8189,United States
3358,Avant Technologies Inc.,AVAI,19178004,0.1246,United States
3359,Cardlytics,CDLX,18490568,3.14,United States
3360,Exyn Technologies,EXYN,18055482,2.27,United States
3361,T Stamp Inc. (TrustStamp),IDAI,17650982,3.13,United States
3362,Energy Focus,EFOI,17515360,2.75,United States
3363,SPAR Group,SGRP,17405478,0.6129,United States
3364,Lipocine,LPCN,17230488,2.09,United States
3365,Palatin Technologies,PTN,17045454,9.58,United States
3366,Ashford Hospitality Trust,AHT,16805820,2.51,United States
3367,Know Labs,KNW,16795408,2.24,United States
3368,Biofrontera,BFRI,16783166,1.13,United States
3369,Camber Energy,CEI,16771320,0.0954,United States
3370,Offerpad,OPAD,15803089,3.27,United States
3371,Psychemedics,PMD,15738209,2.67,United States
3372,Cyclerion Therapeutics,CYCN,15729330,23.52,United States
3373,Mobix Labs,MOBX,15514156,0.8642,United States
3374,SUNation Energy Inc.,SUNE,15436065,2.37,United States
3375,Astrotech,ASTC,15349142,7.64,United States
3376,Citius Pharmaceuticals,CTXR,15071462,0.549,United States
3377,Passage Bio,PASG,15043262,4.675,United States
3378,NextNRG,NXXT,14985500,0.8815,United States
3379,SeaStar Medical,ICU,14983260,3.4,United States
3380,FGI Industries,FGI,14870786,7.7,United States
3381,Smith Micro Software,SMSI,14813183,2.65,United States
3382,Office Properties Income Trust,OPI,14795239,0.2,United States
3383,Dare Bioscience,DARE,14751813,0.75,United States
3384,Austin Gold,AUST,14514580,1.06,United States
3385,The Cannabist Company,CBSTF,14475953,0.0291,United States
3386,The Glimpse Group,VRAR,14332026,0.68,United States
3387,HOOKIPA Pharma,HOOK,14232977,1.15,United States
3388,Synlogic,SYBX,14086292,1.15,United States
3389,Tempest Therapeutics,TPST,14045531,0.8316,United States
3390,Dolphin Entertainment,DLPN,13946200,1.07,United States
3391,Lantern Pharma,LTRN,13934720,1.09,United States
3392,Barfresh Food Group,BRFH,13537414,0.8301,United States
3393,SINTX Technologies,SINT,13262423,1.99,United States
3394,VistaGen Therapeutics,VTGN,13179942,0.297,United States
3395,AEON Biopharma,AEON,13049338,0.2616,United States
3396,Air Industries Group,AIRI,12849393,2.649,United States
3397,Dragonfly Energy,DFLI,12808374,0.8551,United States
3398,Game Your Game,GYGY,12557020,0.8725,United States
3399,Reborn Coffee,REBN,12240573,1.42,United States
3400,DataMEDS AI,MEDS,12182982,3.81,United States
3401,Bullfrog AI,BFRG,12172594,0.6565,United States
3402,Clean Energy Technologies,CETY,11984831,0.9851,United States
3403,Intensity Therapeutics,INTS,11916809,3.65,United States
3404,Adial Pharmaceuticals,ADIL,11852164,4.04,United States
3405,Urgent.ly Inc.,ULY,11787284,5.38,United States
3406,Phio Pharmaceuticals,PHIO,11733423,1.01,United States
3407,Aterian,ATER,11651542,0.6485,United States
3408,Cambium Networks,CMBM,11325767,0.401,United States
3409,Scienture Holdings,SCNX,11074999,0.2697,United States
3410,Biomerica,BMRA,10967174,2.3899,United States
3411,SolarMax Technology,SMXT,10812250,2.28,United States
3412,FingerMotion,FNGR,10777020,0.1415,United States
3413,BrainStorm Cell Therapeutics,BCLI,10648558,0.965,United States
3414,Purple Innovation,PRPL,10595065,2.43,United States
3415,Phoenix Motor,PEV,10575262,0.23,United States
3416,Quoin Pharmaceuticals,QNRX,10564279,5.26,United States
3417,Azitra,AZTR,10272334,0.1695,United States
3418,Cyngn,CYN,10091495,0.6575,United States
3419,AppTech Payments,APCX,10080944,0.24,United States
3420,Ryvyl Inc.,RVYL,9994965,7.81,United States
3421,Arrive AI,ARAI,9929107,0.1914,United States
3422,Flux Power,FLUX,9924333,0.459,United States
3423,Upland Software,UPLD,9729158,3.29,United States
3424,Senti Biosciences,SNTI,9655071,0.31,United States
3425,Superior Industries International,SUP,9576233,0.3249,United States
3426,CISO Global,CISO,9469337,0.208,United States
3427,Aprea Therapeutics,APRE,9466016,0.7518,United States
3428,FibroBiologics,FBLG,9461113,1.36,United States
3429,Inuvo,INUV,9362389,0.568,United States
3430,Carver Bancorp,CARV,9153965,1.57,United States
3431,Trio Petroleum,TPET,9050642,1.7,United States
3432,GoHealth,GOCO,8937260,0.305,United States
3433,Wellgistics Health,WGRX,8847256,3.52,United States
3434,Vislink Technologies,VISL,8752586,3.53,United States
3435,KALA BIO,KALA,8706771,0.4502,United States
3436,America's Car-Mart,CRMT,8588632,1.03,United States
3437,Northann Corp,NCL,8543560,0.159,United States
3438,Natural Health Trends,NHTC,8492071,0.99,United States
3439,Netcapital,NCPL,8475731,1.08,United States
3440,Lunai Bioworks,LNAI,8433035,1.86,United States
3441,SeaChange International,SEAC,8398952,3.25,United States
3442,La Rosa Holdings,LRHC,8394120,2.53,United States
3443,Longeveron,LGVN,8384961,2.63,United States
3444,Trinseo,TSE,8278525,0.23,United States
3445,Innovative Eyewear,LUCY,8237278,0.9568,United States
3446,Soligenix,SNGX,8214292,0.3774,United States
3447,reAlpha Tech,AIRE,8169008,1.36,United States
3448,Rocky Mountain Chocolate Factory,RMCF,8047248,0.8525,United States
3449,Ensysce Biosciences,ENSC,7804120,0.4011,United States
3450,Co-Diagnostics,CODX,7749264,1.11,United States
3451,Imunon,IMNN,7743736,1.38,United States
3452,VolitionRx,VNRX,7602342,0.2529,United States
3453,Gaxos.ai,GXAI,7569259,0.5504,United States
3454,"Reed's, Inc.",REED,7422535,0.626,United States
3455,Signing Day Sports,SGN,7408163,0.5401,United States
3456,Sonendo,SONX,7385715,1.55,United States
3457,Solo Brands,SBDS,7267468,2.83,United States
3458,AIM ImmunoTech,AIM,7224581,0.1844,United States
3459,SurgePays,SURG,7211418,0.1363,United States
3460,Skye Bioscience,SKYE,7128558,1.61,United States
3461,ESS Tech,GWH,7108387,0.1765,United States
3462,"DSS, Inc. (Document Security Systems)",DSS,7106085,0.7076,United States
3463,CaliberCos,CWD,6840371,0.6587,United States
3464,Super League Enterprise,SLE,6831334,4.03,United States
3465,Sonim Technologies,SONM,6474822,4.35,United States
3466,AMASS Brands Inc.,AMSS,6467511,0.5573,United States
3467,authID,AUID,6198229,0.3707,United States
3468,TPI Composites,TPIC,6193621,0.1271,United States
3469,enVVeno Medical Corporation,NVNO,6121417,8.81,United States
3470,Sonoma Pharmaceuticals,SNOA,6033415,1.26,United States
3471,Bakhu Holdings,BKUH,6026059,0.02,United States
3472,Mangoceuticals,MGRX,5893212,0.3848,United States
3473,Pulmatrix,PULM,5807133,1.59,United States
3474,Hepion Pharmaceuticals,HEPA,5801102,0.0643,United States
3475,Xenetic Biosciences,XBIO,5459611,2.33,United States
3476,Polar Power,POLA,5429742,1.26,United States
3477,Origin Materials,ORGN,5228483,0.9501,United States
3478,cbdMD,YCBD,5193538,0.4635,United States
3479,Talis Biomedical,TLIS,5176808,2.84,United States
3480,AquaBounty Technologies,AQB,4882123,0.9485,United States
3481,Vertex Energy,VTNR,4872095,0.0521,United States
3482,zSpace,ZSPC,4818827,0.13,United States
3483,Cheetah Net Supply Chain Service,CTNT,4800222,3.6,United States
3484,Hydrofarm,HYFM,4689201,0.973,United States
3485,OLB Group,OLB,4683960,0.195,United States
3486,Kidpik,PIK,4644903,2.38,United States
3487,Aethlon Medical,AEMD,4537048,6.38,United States
3488,bioAffinity Technologies,BIAF,4451453,7.41,United States
3489,Golden Minerals,AUMN,4411527,0.2335,United States
3490,"Bark, Inc.",BARK,4377870,0.5066,United States
3491,CASI Pharmaceuticals,CASI,4263766,0.2075,United States
3492,QVC Group,QVCGA,4255453,0.34,United States
3493,Expion360,XPON,4232168,4.44,United States
3494,Eterna Therapeutics,ERNA,4047175,3.47,United States
3495,Tivic Health Systems,TIVC,4029097,1.4,United States
3496,Cadrenal Therapeutics,CVKD,3995703,1.12,United States
3497,AiRWA Inc.,YYAI,3961983,0.8647,United States
3498,Boxlight,BOXL,3880679,4.595,United States
3499,PMGC Holdings,ELAB,3869787,4.78,United States
3500,Socket Mobile,SCKT,3743694,0.4515,United States
3501,Avalon GloboCare,ALBT,3707637,0.282,United States
3502,Focus Universal,FCUV,3499670,4.98,United States
3503,Cemtrex,CETX,3493916,2.03,United States
3504,Unity Biotechnology,UBX,3444161,0.2001,United States
3505,"Cyabra, Inc.",CYAB,3424390,0.1946,United States
3506,Eagle Pharmaceuticals,EGRX,3289388,0.25,United States
3507,ShiftPixy,PIXY,3265294,6.53,United States
3508,Forza X1,FRZA,3150960,0.2,United States
3509,Jaguar Health,JAGX,3130929,6.02,United States
3510,iSpecimen,ISPC,3047494,1.21,United States
3511,Advent Technologies,ADN,3023365,0.9185,United States
3512,ATI Physical Therapy,ATIP,2977762,0.675,United States
3513,VivoSim Labs,VIVS,2948651,0.2202,United States
3514,Sleep Number,SNBR,2881125,0.125,United States
3515,Marin Software,MRIN,2863609,0.8981,United States
3516,Inotiv,NOTV,2787563,0.0799,United States
3517,Lakewood-Amedex Biotherapeutics,LABT,2725141,1.15,United States
3518,PREIT (Pennsylvania Real Estate Investment Trust),PRET,2690436,0.4974,United States
3519,Vaccinex,VCNX,2676637,1.0,United States
3520,Xilio Therapeutics,XLO,2676465,0.5101,United States
3521,BioAtla,BCAB,2665760,1.6,United States
3522,Staffing 360 Solutions,STAF,2654640,1.615,United States
3523,Onfolio Holdings,ONFO,2599874,1.06,United States
3524,Alaunos Therapeutics,TCRT,2591289,1.02,United States
3525,Beyond Air,XAIR,2549614,2.59,United States
3526,Matinas BioPharma,MTNB,2478183,2.53,United States
3527,LM Funding America,LMFA,2430118,2.6,United States
3528,Nuwellis,NUWE,2413737,0.7602,United States
3529,BIO-key International,BKYI,2413057,1.68,United States
3530,Edible Garden,EDBL,2361326,1.21,United States
3531,Fly-E Group,FLYE,2334312,1.43,United States
3532,Wheeler Real Estate Investment Trust,WHLR,2323983,4.09,United States
3533,BioXcel Therapeutics,BTAI,2313476,0.0739,United States
3534,Genprex,GNPX,2303382,2.81,United States
3535,Jet.AI,JTAI,2274753,1.6,United States
3536,Cloudastructure,CSAI,2264101,2.61,United States
3537,Nauticus Robotics,KITT,2254040,1.81,United States
3538,Leslie's,LESL,2240221,0.2392,United States
3539,Sow Good,SOWG,2203871,0.1099,United States
3540,Clearside Biomedical,CLSD,2145948,0.41,United States
3541,Oragenics,OGEN,2127839,0.4716,United States
3542,Trinity Place Holdings,TPHS,2113512,0.032,United States
3543,Curis,CRIS,2016209,0.8314,United States
3544,Cutera,CUTR,1956013,0.0969,United States
3545,"Greenlane Holdings, Inc.",GNLN,1882214,2.71,United States
3546,Cue Biopharma,CUE,1804119,0.5542,United States
3547,Sonder Holdings,SOND,1680861,0.1263,United States
3548,Traeger,COOK,1642351,0.5983,United States
3549,CorEnergy Infrastructure Trust,CORR,1627350,0.0198,United States
3550,Lazydays Holdings,GORV,1573084,0.4211,United States
3551,Benson Hill,BHIL,1522391,0.249,United States
3552,iPower,IPW,1468211,1.26,United States
3553,Vivakor,VIVK,1450406,0.5298,United States
3554,Maison Solutions,MSS,1445094,1.66,United States
3555,Synergy CHC,SNYR,1348439,0.0905,United States
3556,Direct Digital Holdings,DRCT,1220145,1.52,United States
3557,Allurion Technologies,ALUR,1130471,1.13,United States
3558,Cytosorbents,CTSO,1100062,0.3501,United States
3559,Actelis Networks,ASNS,1078525,0.0374,United States
3560,Danimer Scientific,DNMR,1056961,0.35,United States
3561,LMP Automotive Holdings,LMPX,1036332,0.095,United States
3562,Evofem Biosciences,EVFM,1020481,0.0077,United States
3563,Quince Therapeutics,QNCX,900311,0.9206,United States
3564,BNB Plus Corp.,BNBX,867611,0.14,United States
3565,Arcadia Biosciences,RKDA,742037,0.308,United States
3566,Yellow Corporation,YELLQ,693890,0.0102,United States
3567,22nd Century Group,XXII,681650,0.9547,United States
3568,Tapinator,TAPM,673183,0.247,United States
3569,Greene Concepts,INKW,644102,0.0101,United States
3570,Tevogen Bio,TVGN,627896,0.1551,United States
3571,Alkaline Water Company,WTER,569761,0.016,United States
3572,Ocean Power Technologies,OPTT,546280,1.82,United States
3573,SOBR Safe,SOBR,484848,0.09,United States
3574,Kaival Brands Innovations,KAVL,459081,0.0235,United States
3575,Vicarious Surgical,RBOT,443570,0.0622,United States
3576,Ayr Wellness,AYRWF,432062,0.0037,United States
3577,Ontrak,OTRK,425780,0.0601,United States
3578,Gauzy,GAUZ,395961,0.3445,United States
3579,Viracta Therapeutics,VIRX,388698,0.00978,United States
3580,Impac Mortgage Holdings,IMPM,365688,0.01,United States
3581,Lyra Therapeutics,LYRA,354976,0.2,United States
3582,VYNE Therapeutics,VYNE,339859,0.509,United States
3583,NantHealth,NHIQ,329655,0.012,United States
3584,Leafly Holdings,LFLY,232138,37.0,United States
3585,Trulite,TRUL,212013,0.0001,United States
3586,Ampio Pharmaceuticals,AMPE,207884,0.1831,United States
3587,CXApp,CXAI,194174,0.089,United States
3588,"Freight Technologies, Inc.",FRGT,188801,0.33,United States
3589,BloomZ,BLMZ,187531,0.128,United States
3590,Ocean Biomedical,OCEA,185892,0.0008,United States
3591,Wearable Health Solutions,WHSI,182670,0.0001,United States
3592,Faraday Future,FFAI,174605,0.0717,United States
3593,Petros Pharmaceuticals,PTPI,169489,0.004,United States
3594,ProPhase Labs,PRPH,155925,0.01,United States
3595,Hallmark Financial Services,HALL,145478,0.08,United States
3596,Cenntro Inc.,CENN,113554,0.0775,United States
3597,Solar Integrated Roofing,SIRC,109754,1e-05,United States
3598,Loop Media,LPTV,103383,0.0007,United States
3599,Novo Integrated Sciences,NVOS,76947,0.0039,United States
3600,Vincerx Pharma,VINC,68045,0.013,United States
3601,PaxMedica,PXMD,63132,0.0005,United States
3602,Exela Technologies,XELA,55502,0.002,United States
3603,ToughBuilt Industries,TBLT,47699,0.011,United States
3604,Presto Automation,PRST,41851,0.0001,United States
3605,Carisma Therapeutics,CARM,33476,0.0008,United States
3606,Vinco Ventures,BBIG,32500,0.0025,United States
3607,Gaming Technologies (Gametech),GMGT,27420,0.0006,United States
3608,Movella,MVLA,20362,0.0004,United States
3609,Remark Holdings,MARK,18570,0.0003,United States
3610,T2 Biosystems,TTOO,14022,0.0005,United States
3611,iEntertainment Network,IENT,13087,0.0001,United States
3612,Gamer Pakistan,GPAK,12789,0.0005,United States
3613,Vaxxinity,VAXX,12678,0.0001,United States
3614,Syros Pharmaceuticals,SYRS,10732,0.0004,United States
3615,Trevena,TRVN,9674,0.0112,United States
3616,4Front Ventures,FFNTF,9152,1e-05,United States
3617,Adamas One,JEWL,7609,0.0002,United States
3618,Mobile Global Esports (Mogo),MGAM,7545,0.0001,United States
3619,Freeze Tag,FRZT,7505,0.0001,United States
3620,USD Partners,USDP,6754,0.0002,United States
3621,Stryve Foods,SNAX,4792,0.0011,United States
3622,Lipella Pharmaceuticals,LIPO,2310,0.0005,United States
3623,Viveve Medical,VIVE,2144,0.0002,United States
3624,Calithera Biosciences,CALA,1461,0.0003,United States
3625,Hempacco,HPCO,1184,0.0002,United States
3626,eFFECTOR Therapeutics,EFTR,940,0.0002,United States
3627,Grom Social Enterprises,GROM,902,0.0001,United States
3628,Minerva Surgical,UTRS,887,0.0001,United States
3629,Lightning eMotors,ZEVY,659,0.0001,United States
3630,Telesis Bio,TBIO,177,0.0001,United States
3631,Saluda Medical,SLD.AX,0,0.0,United States
3632,Pershing Square USA,PSUS,0,0.0,United States
3633,ADARx Pharmaceuticals,ADRX,0,0.0,United States
