Rank,Name,Symbol,marketcap,price (USD),country
1,NVIDIA,NVDA,5574576046080,230.86,United States
2,Apple,AAPL,4820749516800,330.32,United States
3,Alphabet (Google),GOOG,4096171966464,334.93,United States
4,Microsoft,MSFT,3807819857920,512.8,United States
5,Amazon,AMZN,2677486387200,248.23,United States
6,SpaceX,SPCX,1950701977600,148.07,United States
7,Meta Platforms (Facebook),META,1849311100928,725.93,United States
8,Broadcom,AVGO,1640410251264,343.64,United States
9,Tesla,TSLA,1398574153728,354.11,United States
10,Micron Technology,MU,1239384719360,1097.39,United States
11,Berkshire Hathaway,BRK-B,1071425257472,500.5,United States
12,Eli Lilly,LLY,1024926875648,1149.85,United States
13,AMD,AMD,1005163773952,615.73,United States
14,JPMorgan Chase,JPM,885654487040,333.18,United States
15,Walmart,WMT,827172388864,104.26,United States
16,Visa,V,675566321664,359.85,United States
17,Exxon Mobil,XOM,673613414400,163.82,United States
18,Intel,INTC,634332643328,120.0,United States
19,Johnson & Johnson,JNJ,623344353280,258.66,United States
20,Mastercard,MA,481805467648,550.0,United States
21,AbbVie,ABBV,459326783488,259.93,United States
22,Palantir,PLTR,456677195776,190.04,United States
23,Cisco,CSCO,428795756544,108.76,United States
24,Lam Research,LRCX,425609428992,340.1,United States
25,Applied Materials,AMAT,420051124224,529.3,United States
26,Oracle,ORCL,418559361024,138.07,United States
27,Chevron,CVX,406248062976,207.1,United States
28,Costco,COST,405561769984,914.94,United States
29,Caterpillar,CAT,379852324864,826.35,United States
30,Bank of America,BAC,375720378368,53.73,United States
31,Coca-Cola,KO,370449448960,86.1,United States
32,Merck,MRK,354803941376,143.81,United States
33,Dell,DELL,344445190144,541.74,United States
34,Procter & Gamble,PG,334602141696,143.95,United States
35,UnitedHealth,UNH,327801634816,365.2,United States
36,Palo Alto Networks,PANW,324132503552,396.25,United States
37,General Electric,GE,324124147712,312.39,United States
38,Morgan Stanley,MS,295282147328,188.01,United States
39,Philip Morris International,PM,293299847168,188.18,United States
40,Netflix,NFLX,282523303936,67.85,United States
41,Home Depot,HD,281807388672,282.46,United States
42,CrowdStrike,CRWD,272458825728,266.09,United States
43,GE Vernova,GEV,262991101952,987.45,United States
44,Sandisk,SNDK,261751783424,1787.69,United States
45,KLA,KLAC,261431951360,200.33,United States
46,Goldman Sachs,GS,261084643328,896.67,United States
47,Arista Networks,ANET,257907851264,204.49,United States
48,Texas Instruments,TXN,256905707520,281.31,United States
49,RTX,RTX,249348718592,185.01,United States
50,Wells Fargo,WFC,242675941376,80.25,United States
51,Thermo Fisher Scientific,TMO,241263804416,652.51,United States
52,Marvell Technology,MRVL,240924721152,268.08,United States
53,Amgen,AMGN,220183183360,407.27,United States
54,Citigroup,C,213034467328,127.0,United States
55,IBM,IBM,212564361216,225.62,United States
56,Amphenol,APH,211259375616,85.67,United States
57,American Express,AXP,204004343808,302.09,United States
58,Analog Devices,ADI,196055187456,404.6,United States
59,Salesforce,CRM,194795864064,236.69,United States
60,QUALCOMM,QCOM,194483126272,182.09,United States
61,Verizon,VZ,191036571648,45.98,United States
62,Gilead Sciences,GILD,182893395968,147.5,United States
63,Deere &amp; Company (John Deere),DE,179910246400,667.26,United States
64,Walt Disney,DIS,174965178368,101.33,United States
65,T-Mobile US,TMUS,173483180032,161.73,United States
66,BlackRock,BLK,172933152768,1064.36,United States
67,Pepsico,PEP,171569594368,125.6,United States
68,Charles Schwab,SCHW,170114760704,98.37,United States
69,Abbott Laboratories,ABT,168415920128,96.69,United States
70,Southern Copper,SCCO,168210153472,199.22,United States
71,Western Digital,WDC,166771818496,462.56,United States
72,AT&T,T,166512967680,24.3,United States
73,McDonald,MCD,164052533248,231.83,United States
74,Welltower,WELL,163526623232,226.94,United States
75,Union Pacific Corporation,UNP,161838055424,272.42,United States
76,Pfizer,PFE,160274825216,28.12,United States
77,Nextera Energy,NEE,159235964928,76.35,United States
78,ConocoPhillips,COP,152641929216,127.06,United States
79,Boeing,BA,151861297152,192.28,United States
80,Danaher,DHR,148864319488,211.76,United States
81,TJX Companies,TJX,147577454592,133.59,United States
82,Interactive Brokers,IBKR,146204409856,85.81,United States
83,Intuitive Surgical,ISRG,143755476992,401.24,United States
84,ServiceNow,NOW,142424817664,137.76,United States
85,Uber,UBER,138648977408,67.88,United States
86,Corning,GLW,137903095808,160.42,United States
87,Blackstone Group,BX,134160220160,112.24,United States
88,Fortinet,FTNT,131129303040,178.72,United States
89,Vertex Pharmaceuticals,VRTX,128357236736,506.74,United States
90,Bristol-Myers Squibb,BMY,125545242624,61.46,United States
91,Cloudflare,NET,124983975936,351.0,United States
92,Prologis,PLD,124602671104,128.18,United States
93,Booking Holdings (Booking.com),BKNG,124197519360,160.28,United States
94,Marathon Petroleum,MPC,122657177600,420.15,United States
95,Progressive,PGR,122441187328,210.96,United States
96,Parker-Hannifin,PH,121809461248,965.88,United States
97,Newmont,NEM,120826896384,114.67,United States
98,Snowflake,SNOW,120654069760,341.99,United States
99,Capital One,COF,119313481728,194.48,United States
100,Valero Energy,VLO,117606842368,408.46,United States
101,Lockheed Martin,LMT,116664721408,505.5,United States
102,S&P Global,SPGI,114429566976,388.16,United States
103,Altria Group,MO,111789350912,66.95,United States
104,CVS Health,CVS,108968271872,85.2,United States
105,Starbucks,SBUX,108163194880,94.88,United States
106,Phillips 66,PSX,105433300992,264.23,United States
107,McKesson,MCK,104793751552,898.82,United States
108,Stryker Corporation,SYK,104700100608,272.96,United States
109,Automatic Data Processing,ADP,104594554880,263.96,United States
110,Lowe's Companies,LOW,102325035008,182.38,United States
111,Robinhood,HOOD,99932995584,111.15,United States
112,Equinix,EQIX,99888308224,1012.33,United States
113,Quanta Services,PWR,99617529856,662.6,United States
114,Freeport-McMoRan,FCX,99487293440,69.28,United States
115,Datadog,DDOG,99269869568,276.46,United States
116,BNY Mellon (Bank of New York Mellon),BNY,97650311168,143.92,United States
117,Cadence Design Systems,CDNS,96736952320,350.73,United States
118,Airbnb,ABNB,96087138304,160.47,United States
119,Southern Company,SO,96020799488,83.47,United States
120,Adobe,ADBE,95908798464,241.28,United States
121,CME Group,CME,95324463104,265.1,United States
122,Vertiv Holdings,VRT,94753284096,246.12,United States
123,AppLovin,APP,94140538880,281.31,United States
124,Synopsys,SNPS,94005436416,490.54,United States
125,HCA Healthcare,HCA,93924761600,423.39,United States
126,Lumentum,LITE,93806469120,1045.78,United States
127,Marriott International,MAR,92517269504,354.79,United States
128,Constellation Energy,CEG,91737276416,258.92,United States
129,Howmet Aerospace,HWM,91078270976,228.38,United States
130,General Dynamics,GD,90019782656,332.72,United States
131,U.S. Bancorp,USB,89369829376,57.36,United States
132,Emerson,EMR,88815058944,158.57,United States
133,Duke Energy,DUK,88683323392,113.74,United States
134,PNC Financial Services,PNC,88066818048,220.75,United States
135,CSX Corporation,CSX,86214180864,46.54,United States
136,Hewlett Packard Enterprise,HPE,85727682560,64.58,United States
137,Intercontinental Exchange,ICE,85034426368,151.47,United States
138,Williams Companies,WMB,84667654144,69.22,United States
139,KKR & Co.,KKR,84268400640,91.24,United States
140,3M,MMM,84073070592,163.02,United States
141,Elevance Health,ELV,82772508672,381.67,United States
142,Monster Beverage,MNST,82554437632,42.14,United States
143,Marsh & McLennan Companies,MRSH,82008760320,171.85,United States
144,Bloom Energy,BE,81754898432,277.58,United States
145,Waste Management,WM,80702496768,201.9,United States
146,United Parcel Service,UPS,79879880704,93.89,United States
147,DoorDash,DASH,78936055808,182.175,United States
148,Cintas,CTAS,78145527808,195.6,United States
149,Sherwin-Williams,SHW,77871955968,320.78,United States
150,Warner Bros. Discovery,WBD,77595885568,30.95,United States
151,Moody's,MCO,77474242560,447.36,United States
152,Enterprise Products,EPD,77028548608,35.67,United States
153,Comcast,CMCSA,77005414400,21.7,United States
154,Simon Property Group,SPG,76232187904,200.81,United States
155,Ecolab,ECL,76041936896,271.26,United States
156,Regeneron Pharmaceuticals,REGN,75652358144,734.81,United States
157,Intuit,INTU,75568996352,282.78,United States
158,Moderna,MRNA,75431632896,188.94,United States
159,The Travelers Companies,TRV,75429076992,361.64,United States
160,EOG Resources,EOG,75265736704,141.31,United States
161,American Tower,AMT,75047526400,161.06,United States
162,Ross Stores,ROST,74783973376,234.1,United States
163,Illinois Tool Works,ITW,74287226880,260.84,United States
164,Motorola Solutions,MSI,74146185216,448.03,United States
165,Mondelez International,MDLZ,74143612928,57.76,United States
166,SLB (Schlumberger),SLB,72218411008,48.66,United States
167,Royal Caribbean Group,RCL,72209383424,269.99,United States
168,General Motors,GM,71732043776,79.31,United States
169,Cummins,CMI,71340351488,517.0,United States
170,Target,TGT,71187472384,156.7,United States
171,Hilton Worldwide,HLT,70994477056,315.44,United States
172,The Cigna Group,CI,70805880832,267.96,United States
173,Carvana,CVNA,69877555200,63.04,United States
174,Norfolk Southern,NSC,69686992896,310.26,United States
175,Energy Transfer LP,ET,69210324992,20.1,United States
176,O'Reilly Automotive,ORLY,68785930240,85.03,United States
177,Northrop Grumman,NOC,68474376192,482.0,United States
178,FedEx,FDX,67940982784,287.07,United States
179,Kinder Morgan,KMI,67923935232,30.53,United States
180,Honeywell,HON,67761774592,213.8,United States
181,Apollo Global Management,APO,67522703360,114.34,United States
182,Colgate-Palmolive,CL,67385016320,84.53,United States
183,Monolithic Power Systems,MPWR,66882146304,1360.97,United States
184,Digital Realty,DLR,66653872128,176.49,United States
185,American Electric Power,AEP,65191583744,119.75,United States
186,Teradyne,TER,65004920832,415.79,United States
187,United Rentals,URI,64365580288,1034.11,United States
188,"Strategy 
 (MicroStrategy)",MSTR,63999504384,160.5,United States
189,Keysight,KEYS,63651106816,373.88,United States
190,Republic Services,RSG,63379963904,206.98,United States
191,Boston Scientific,BSX,62650191872,43.23,United States
192,Coherent Corp.,COHR,62507692032,319.19,United States
193,Astera Labs,ALAB,61833564160,356.42,United States
194,TransDigm Group,TDG,61372563456,1097.24,United States
195,Air Products and Chemicals,APD,60866633728,273.33,United States
196,W. W. Grainger,GWW,60512112640,1281.68,United States
197,MetLife,MET,59957248000,94.35,United States
198,Targa Resources,TRGP,59892727808,279.31,United States
199,Arthur J. Gallagher & Co.,AJG,59424968704,231.82,United States
200,Comfort Systems USA,FIX,59312652288,1685.29,United States
201,Cencora,COR,59114438656,309.78,United States
202,Natera,NTRA,58878570496,408.47,United States
203,Paccar,PCAR,57868566528,109.94,United States
204,Occidental Petroleum,OXY,57819025408,57.84,United States
205,Fastenal,FAST,57633067008,50.225,United States
206,MPLX,MPLX,57180241920,56.35,United States
207,Ametek,AME,57092177920,249.09,United States
208,Allstate,ALL,56743854080,224.41,United States
209,Truist Financial Corporation,TFC,56536862720,46.28,United States
210,Cheniere Energy,LNG,56259903488,272.4,United States
211,Aflac,AFL,55739346944,111.18,United States
212,Delta Air Lines,DAL,55325822976,84.13,United States
213,Baker Hughes,BKR,55212527616,55.62,United States
214,Oneok,OKE,54946467840,87.16,United States
215,Ciena,CIEN,53765287936,379.14,United States
216,Nucor,NUE,53538123776,235.98,United States
217,Dominion Energy,D,53439995904,60.76,United States
218,Cardinal Health,CAH,53279490048,230.09,United States
219,Public Storage,PSA,53066051584,284.0,United States
220,Diamondback Energy,FANG,52186431488,185.51,United States
221,Nike,NKE,52144984064,35.15,United States
222,Devon Energy,DVN,51875999744,47.16,United States
223,Corteva,CTVA,51807772672,77.65,United States
224,Nasdaq,NDAQ,51241451520,91.67,United States
225,Sempra,SRE,51036925952,78.05,United States
226,Realty Income,O,50651049984,53.53,United States
227,Coinbase,COIN,49941688320,189.29,United States
228,Rockwell Automation,ROK,49133486080,442.45,United States
229,Edwards Lifesciences,EW,49052401664,85.19,United States
230,Ford,F,48927801344,12.27,United States
231,CoreWeave,CRWV,48849596416,88.57,United States
232,Honeywell Aerospace,HONA,48832909312,154.07,United States
233,Wabtec,WAB,48619298816,287.84,United States
234,Becton Dickinson,BDX,48503922688,178.07,United States
235,Entergy,ETR,47968858112,100.4,United States
236,State Street Corporation,STT,47968419840,174.62,United States
237,eBay,EBAY,47121051648,105.89,United States
238,Medline,MDLN,47009435648,34.94,United States
239,Agilent Technologies,A,46991900672,166.68,United States
240,Vistra,VST,46905020416,139.75,United States
241,Vivmark Residential,VMRK,46558289920,60.17,United States
242,Twilio,TWLO,46267604992,301.27,United States
243,Carrier Global,CARR,45864652800,55.22,United States
244,PayPal,PYPL,45737721856,53.06,United States
245,Fifth Third Bank,FITB,45700345856,50.41,United States
246,Veeva Systems,VEEV,45646958592,281.93,United States
247,AutoZone,AZO,45592174592,2819.03,United States
248,Humana,HUM,45592088576,379.68,United States
249,Rocket Lab,RKLB,45052899328,70.46,United States
250,Workday,WDAY,45006749696,186.75,United States
251,Everpure,P,44695773184,134.13,United States
252,Block,XYZ,44482863104,74.04,United States
253,L3Harris Technologies,LHX,44393566208,238.4,United States
254,Autodesk,ADSK,44163788800,211.31,United States
255,Revolution Medicines,RVMD,44129726464,205.89,United States
256,Xcel Energy,XEL,44067950592,70.55,United States
257,Ameriprise Financial,AMP,43742089216,494.82,United States
258,Ventas,VTR,42949001216,83.73,United States
259,IQVIA,IQV,42914512896,260.72,United States
260,HEICO,HEI,42820276224,306.39,United States
261,Microchip Technology,MCHP,42626183168,78.5,United States
262,NetApp,NTAP,42239909888,215.05,United States
263,Waters Corporation,WAT,41781026816,425.53,United States
264,Keurig Dr Pepper,KDP,41763749888,30.69,United States
265,Exelon Corporation,EXC,41694380032,40.47,United States
266,Chipotle Mexican Grill,CMG,40898310144,32.32,United States
267,IDEXX Laboratories,IDXX,40841674752,517.75,United States
268,BeOne Medicines,ONC,40584835072,358.77,United States
269,Cerebras Systems,CBRS,40271859712,169.52,United States
270,Illumina,ILMN,40123719680,265.72,United States
271,MSCI,MSCI,39649853440,545.39,United States
272,Credo Technology,CRDO,39501852672,210.17,United States
273,American International Group,AIG,39441833984,75.43,United States
274,Prudential Financial,PRU,39029850112,113.13,United States
275,Live Nation,LYV,38869295104,166.85,United States
276,Ares Management,ARES,38675120128,116.57,United States
277,D. R. Horton,DHI,38335856640,137.06,United States
278,Archer Daniels Midland (ADM),ADM,38325178368,79.52,United States
279,Consolidated Edison,ED,38277263360,103.5,United States
280,Take-Two Interactive,TTWO,38072958976,203.62,United States
281,Waste Connections,WCN,37901422592,150.66,United States
282,CBRE Group,CBRE,37798264832,130.53,United States
283,Yum! Brands,YUM,37302849536,136.69,United States
284,Sysco,SYY,37296025600,77.77,United States
285,Okta,OKTA,37172174848,212.63,United States
286,Old Dominion Freight Line,ODFL,36930215936,178.1,United States
287,Ubiquiti,UI,36900524032,609.64,United States
288,PG&amp;E Corporation,PCG,36538806272,12.17,United States
289,United Airlines Holdings,UAL,36280401920,111.78,United States
290,Paychex,PAYX,35897069568,100.84,United States
291,Roper Technologies,ROP,35860467712,362.59,United States
292,Kroger,KR,35128213504,59.48,United States
293,Axon Enterprise,AXON,34299248640,422.21,United States
294,The Hartford,HIG,34059444224,125.74,United States
295,Martin Marietta Materials,MLM,34030358528,479.17,United States
296,Emcor,EME,33921837056,769.03,United States
297,Rocket Companies,RKT,33894760448,11.97,United States
298,PSEG,PEG,33831041024,67.89,United States
299,Carnival Corporation,CCL,33709377536,25.07,United States
300,TKO Group Holdings,TKO,33319038976,176.04,United States
301,WEC Energy Group,WEC,33148657664,101.73,United States
302,Iron Mountain,IRM,33083713536,111.13,United States
303,Kenvue,KVUE,33075718144,17.22,United States
304,Biogen,BIIB,32922548224,222.82,United States
305,Estee Lauder,EL,32677892096,90.19,United States
306,DexCom,DXCM,32539820032,86.23,United States
307,Steel Dynamics,STLD,32416516096,226.17,United States
308,Zscaler,ZS,32412014592,198.78,United States
309,The Hershey Company,HSY,32007458816,159.3,United States
310,Venture Global,VG,31926188032,12.77,United States
311,ResMed,RMD,31901396992,221.15,United States
312,Vulcan Materials,VMC,31614619648,243.98,United States
313,Expedia Group,EXPE,31525482496,262.67,United States
314,M&T Bank,MTB,31501187072,217.35,United States
315,Jabil,JBL,31414122496,299.79,United States
316,EQT Corporation,EQT,31332098048,50.09,United States
317,Kimberly-Clark,KMB,31315251200,94.34,United States
318,ON Semiconductor,ON,31176636416,80.08,United States
319,Sunbelt Rentals,SUNB,30982324224,75.61,United States
320,Northern Trust,NTRS,30956095488,169.2,United States
321,Alnylam Pharmaceuticals,ALNY,30933991424,231.18,United States
322,Raymond James Financial,RJF,30731706368,159.76,United States
323,Roblox,RBLX,30718164992,43.0,United States
324,Huntington Bancshares,HBAN,30690101248,15.19,United States
325,Centene,CNC,30128756736,60.99,United States
326,Mettler Toledo,MTD,29677551616,1481.17,United States
327,"Cheniere Energy
Partners",CQP,29527519232,61.0,United States
328,Extra Space Storage,EXR,29371095040,133.08,United States
329,GE HealthCare Technologies,GEHC,29103976448,63.98,United States
330,HP,HPQ,28992581632,32.15,United States
331,Cboe Global Markets,CBOE,28947232768,277.19,United States
332,Cognizant Technology Solutions,CTSH,28796239872,60.88,United States
333,Reddit,RDDT,28769050624,149.53,United States
334,Zoetis,ZTS,28553750528,69.1,United States
335,Teledyne Technologies,TDY,28385861632,612.7,United States
336,MongoDB,MDB,28334084096,351.73,United States
337,Crown Castle,CCI,28131112960,66.12,United States
338,Ameren,AEE,27584663552,99.64,United States
339,Williams-Sonoma,WSM,27485874176,233.39,United States
340,Zoom,ZM,27369312256,93.8,United States
341,GlobalFoundries,GFS,27135137792,48.68,United States
342,Supermicro,SMCI,27116916736,41.92,United States
343,Qnity Electronics,Q,26889619456,128.45,United States
344,Citizens Financial Group,CFG,26828961792,63.7,United States
345,Kraft Heinz,KHC,26633601024,22.46,United States
346,Halliburton,HAL,26632480768,31.88,United States
347,Atmos Energy,ATO,26426431488,156.38,United States
348,Dollar General,DG,26237954048,118.93,United States
349,Symbotic,SYM,26133598208,43.17,United States
350,ATI Inc.,ATI,26027608064,191.14,United States
351,VeriSign,VRSN,25935759360,286.9,United States
352,West Pharmaceutical Services,WST,25687857152,365.01,United States
353,EchoStar,ECHO,25664497664,88.25,United States
354,DTE Energy,DTE,25651015680,123.27,United States
355,Corpay,CPAY,25589516288,389.73,United States
356,W. R. Berkley,WRB,25577576448,68.9,United States
357,Quest Diagnostics,DGX,25506179072,231.09,United States
358,American Water,AWK,25409488896,127.86,United States
359,Dover Corporation,DOV,25327962112,188.06,United States
360,SharkNinja,SN,25325887488,179.78,United States
361,Copart,CPRT,25279557632,27.29,United States
362,F5,FFIV,25124347904,443.68,United States
363,FirstEnergy,FE,25098127360,43.39,United States
364,VICI Properties,VICI,25027491840,22.73,United States
365,Cincinnati Financial,CINF,24886464512,162.15,United States
366,Coupang,CPNG,24771887104,13.8,United States
367,LabCorp,LH,24703059968,304.6,United States
368,Hubbell,HUBB,24676052992,466.98,United States
369,PPL,PPL,24653367296,32.76,United States
370,LPL Financial,LPLA,24579403776,312.15,United States
371,Otis Worldwide,OTIS,24545560576,64.48,United States
372,CenterPoint Energy,CNP,24510980096,37.21,United States
373,United Therapeutics,UTHR,24506884096,571.38,United States
374,Expeditors International,EXPD,24404441088,187.74,United States
375,Eversource Energy,ES,24223952896,64.31,United States
376,Entegris,ENTG,24136503296,158.48,United States
377,Fiserv,FISV,24131573760,45.38,United States
378,Principal Financial Group,PFG,24031105024,112.24,United States
379,Tapestry,TPR,23775463424,119.24,United States
380,Affirm,AFRM,23764578304,70.43,United States
381,Las Vegas Sands,LVS,23764156416,36.69,United States
382,Rubrik,RBRK,23752615936,115.4,United States
383,Incyte,INCY,23744014336,117.14,United States
384,Insmed,INSM,23714045952,108.59,United States
385,Xylem,XYL,23554148352,100.88,United States
386,Guardant Health,GH,23450779648,174.75,United States
387,Samsara,IOT,23447631872,40.04,United States
388,First Citizens BancShares,FCNCA,23416285184,2073.5,United States
389,PPG Industries,PPG,23268141056,104.67,United States
390,Synchrony Financial,SYF,23267270656,71.51,United States
391,Texas Pacific Land Corporation,TPL,23207221248,336.46,United States
392,Fox Corporation,FOX,23158315008,54.92,United States
393,Veralto,VLTO,23062849536,94.6,United States
394,MACOM Technology Solutions,MTSI,23035762688,301.63,United States
395,ULTA Beauty,ULTA,22991974400,537.73,United States
396,Regions Financial,RF,22968018944,26.96,United States
397,Formula One Group,FWONK,22964895744,91.6,United States
398,Casey's General Stores,CASY,22896824320,619.5,United States
399,Circle Internet Group,CRCL,22600779776,82.91,United States
400,T. Rowe Price,TROW,22575216640,105.83,United States
401,Tradeweb,TW,22522087424,103.3,United States
402,Roku,ROKU,22449854464,151.26,United States
403,Darden Restaurants,DRI,22414278656,197.41,United States
404,Church & Dwight,CHD,22323259392,94.11,United States
405,AST SpaceMobile,ASTS,22198114304,57.04,United States
406,PulteGroup,PHM,22163087360,116.35,United States
407,Verisk Analytics,VRSK,22061457408,168.38,United States
408,Ralph Lauren,RL,21608095744,362.66,United States
409,TD Synnex,SNX,21485074432,271.76,United States
410,Loews Corporation,L,21475131392,105.05,United States
411,Dollar Tree,DLTR,21470535680,114.43,United States
412,KeyCorp (KeyBank),KEY,21395927040,20.05,United States
413,Markel Group,MKL,21386430464,1726.11,United States
414,Rivian,RIVN,21370423296,14.76,United States
415,J. B. Hunt,JBHT,21334079488,227.2,United States
416,Omnicom Group,OMC,21289963520,74.7,United States
417,Pershing Square Inc.,PS,21283999744,53.21,United States
418,Global Payments,GPN,21246210048,80.29,United States
419,International Flavors & Fragrances,IFF,21220825088,83.12,United States
420,XPO Logistics,XPO,21043949568,179.73,United States
421,Edison International,EIX,20702992384,53.8,United States
422,Brown &amp; Brown,BRO,20668882944,61.77,United States
423,Expand Energy,EXE,20564111360,85.96,United States
424,Bunge Global SA,BG,20481818624,106.61,United States
425,"Arxis, Inc.",ARXS,20472866816,47.52,United States
426,Southwest Airlines,LUV,20468471808,41.84,United States
427,Packaging Corporation of America,PKG,20466769920,229.71,United States
428,SoFi,SOFI,20458473472,15.84,United States
429,Tenet Healthcare,THC,20449411072,253.97,United States
430,SiTime,SITM,20414324736,678.87,United States
431,NRG Energy,NRG,20375701504,96.93,United States
432,US Foods,USFD,20319944704,93.93,United States
433,Curtiss-Wright,CW,20127055872,544.94,United States
434,Reliance,RS,20065871872,393.04,United States
435,Viatris,VTRS,20054394880,17.46,United States
436,HF Sinclair,DINO,20036239360,112.7,United States
437,Dow,DOW,19929380864,27.59,United States
438,Woodward,WWD,19850614784,336.19,United States
439,Lennar,LEN,19779899392,82.11,United States
440,Royal Gold,RGLD,19684823040,232.33,United States
441,CMS Energy,CMS,19659644928,63.64,United States
442,Nutanix,NTNX,19351177216,71.52,United States
443,Constellation Brands,STZ,19299182592,112.99,United States
444,Onto Innovation,ONTO,19246546944,314.88,United States
445,Unity Software,U,19192279040,43.61,United States
446,Snap-on,SNA,19021099008,367.72,United States
447,Carpenter Technology,CRS,19015127040,383.69,United States
448,NiSource,NI,18942623744,39.5,United States
449,LyondellBasell,LYB,18665132032,57.78,United States
450,Essex Property Trust,ESS,18576297984,269.51,United States
451,First Solar,FSLR,18496626688,172.11,United States
452,SS&C Technologies,SSNC,18406338560,78.44,United States
453,Best Buy,BBY,18393118720,87.7,United States
454,Permian Resources,PR,18367627264,21.93,United States
455,MKS Instruments,MKSI,18340585472,271.24,United States
456,Western Midstream,WES,18336688128,44.38,United States
457,Nordson,NDSN,18332317696,329.02,United States
458,Lattice Semiconductor,LSCC,18265804800,128.86,United States
459,Broadridge Financial Solutions,BR,18193840128,161.15,United States
460,Evergy,EVRG,18166386688,78.79,United States
461,ITT,ITT,18159323136,202.13,United States
462,WESCO International,WCC,18093535232,371.28,United States
463,Coeur Mining,CDE,18050537472,17.56,United States
464,C. H. Robinson,CHRW,17894600704,153.14,United States
465,Zebra Technologies,ZBRA,17883957248,375.45,United States
466,IonQ,IONQ,17821917184,43.99,United States
467,Tyson Foods,TSN,17755422720,50.47,United States
468,TPG Inc.,TPG,17470076928,44.73,United States
469,Dupont De Nemours,DD,17444507648,129.2,United States
470,Semtech,SMTC,17413627904,186.59,United States
471,CF Industries,CF,17334269952,114.54,United States
472,Burlington Stores,BURL,17294280704,275.32,United States
473,APi Group,APG,17290731520,40.01,United States
474,Genuine Parts Company,GPC,17249013760,125.12,United States
475,International Paper,IP,17221613568,32.52,United States
476,FTAI Aviation,FTAI,17184950272,167.32,United States
477,MasTec,MTZ,17157954560,213.66,United States
478,East West Bancorp,EWBC,17129222144,125.02,United States
479,Dynatrace,DT,17126264832,59.26,United States
480,Fidelity National Information Services,FIS,17108698112,33.1,United States
481,Fortive,FTV,17023439872,55.84,United States
482,CDW Corporation,CDW,16981116928,135.83,United States
483,News Corp,NWS,16962578432,31.45,United States
484,IDEX,IEX,16944518144,229.85,United States
485,General Mills,GIS,16933541888,31.67,United States
486,Toast,TOST,16894940160,29.23,United States
487,Zimmer Biomet,ZBH,16796360704,88.06,United States
488,SBA Communications,SBAC,16764044288,158.02,United States
489,Plains All American Pipeline,PAA,16721926144,23.7,United States
490,Medpace,MEDP,16693403648,598.08,United States
491,Revvity,RVTY,16633068544,149.06,United States
492,Ovintiv,OVV,16590468096,59.98,United States
493,FedEx Freight,FDXF,16547171328,110.67,United States
494,Tractor Supply,TSCO,16532602880,31.73,United States
495,Alliant Energy,LNT,16519028736,63.71,United States
496,Franklin Resources,BEN,16512498688,32.5,United States
497,Jacobs Engineering,J,16506525696,139.79,United States
498,Clean Harbors,CLH,16496543744,312.51,United States
499,Equifax,EFX,16416163840,139.73,United States
500,DigitalOcean,DOCN,16343751680,139.8,United States
501,NVR,NVR,16325944320,6126.38,United States
502,Bitmine Immersion Technologies,BMNR,16124240896,26.73,United States
503,RBC Bearings,RBC,16098408448,508.49,United States
504,Reinsurance Group of America,RGA,15974092800,244.62,United States
505,PTC,PTC,15892912128,146.47,United States
506,Host Hotels & Resorts,HST,15638292480,22.51,United States
507,Invitation Homes,INVH,15592453120,26.4,United States
508,Sterling Infrastructure,STRL,15450871808,505.12,United States
509,Akamai,AKAM,15367616512,106.93,United States
510,Leidos,LDOS,15342053376,121.97,United States
511,Talen Energy,TLN,15282156544,323.09,United States
512,APA Corporation,APA,15184234496,43.34,United States
513,Hyatt Hotels,H,15166460928,160.94,United States
514,Ball Corporation,BALL,15042927616,56.5,United States
515,Corebridge Financial,CRBG,15004702720,33.66,United States
516,Solventum,SOLV,14940535808,87.77,United States
517,Kimco Realty,KIM,14898231296,22.21,United States
518,Rollins,ROL,14708615168,30.57,United States
519,Lincoln Electric,LECO,14683850752,269.4,United States
520,Viper Energy,VNOM,14615639040,40.69,United States
521,Lamar Advertising,LAMR,14556130304,143.34,United States
522,W. P. Carey,WPC,14541551616,63.83,United States
523,Charter Communications,CHTR,14473377792,111.37,United States
524,Somnigroup International,SGI,14447508480,62.75,United States
525,Performance Food Group,PFGC,14425534464,91.84,United States
526,Carlyle Group,CG,14392281088,40.39,United States
527,Aramark,ARMK,14391290880,54.59,United States
528,Exelixis,EXEL,14356470784,57.94,United States
529,Neurocrine Biosciences,NBIX,14303056896,140.71,United States
530,Pinnacle Financial Partners,PNFP,14299788288,94.63,United States
531,Fair Isaac (FICO),FICO,14292235264,661.75,United States
532,Omega Healthcare Investors,OHI,14265327616,45.23,United States
533,Vicor,VICR,14228076544,308.59,United States
534,Jones Lang LaSalle,JLL,14173593600,308.07,United States
535,Equitable Holdings,EQH,14170182656,51.95,United States
536,Warner Music Group,WMG,14150118400,27.05,United States
537,Annaly Capital Management,NLY,14094460928,18.7,United States
538,Sun Communities,SUI,14064689152,110.0,United States
539,Sunoco,SUN,14044368896,74.54,United States
540,Blue Owl Capital,OWL,14026050560,8.95,United States
541,Unum,UNM,13943663616,88.08,United States
542,Mid-America Apartment Communities,MAA,13887234048,116.38,United States
543,CACI International Inc,CACI,13857772544,627.06,United States
544,Tempus AI,TEM,13803258880,76.5,United States
545,Healthpeak Properties,DOC,13781935104,19.44,United States
546,Ares Capital,ARCC,13757318144,19.16,United States
547,Charles River Laboratories,CRL,13692940288,286.83,United States
548,Mueller Industries,MLI,13562843136,61.32,United States
549,Stanley Black &amp; Decker,SWK,13529580544,89.59,United States
550,Tyler Technologies,TYL,13521620992,330.18,United States
551,Masco,MAS,13463957504,68.28,United States
552,Invesco,IVZ,13430423552,30.42,United States
553,Regency Centers,REG,13423637504,71.8,United States
554,Textron,TXT,13419012096,77.17,United States
555,Trimble,TRMB,13414836224,57.53,United States
556,UL Solutions,ULS,13403947008,66.5,United States
557,Weyerhaeuser,WY,13398481920,18.59,United States
558,Wayfair,W,13380485120,101.37,United States
559,TTM Technologies,TTMI,13326630912,126.5,United States
560,Penske Automotive Group,PAG,13319056384,202.84,United States
561,Gen Digital,GEN,13318560768,22.25,United States
562,IES Holdings,IESC,13156451328,330.16,United States
563,Assurant,AIZ,13131959296,266.24,United States
564,Avery Dennison,AVY,13127279616,171.62,United States
565,Amkor Technology,AMKR,13112456192,52.9,United States
566,Dick's Sporting Goods,DKS,13089254400,132.85,United States
567,BridgeBio Pharma,BBIO,13080436736,66.91,United States
568,DocuSign,DOCU,13034575872,69.74,United States
569,Carlisle Companies,CSL,12915432448,325.21,United States
570,Globe Life,GL,12743944192,165.83,United States
571,Guidewire Software,GWRE,12735101952,155.32,United States
572,Hasbro,HAS,12691181568,89.98,United States
573,RPM International,RPM,12664738816,99.22,United States
574,Graco,GGG,12593529856,77.76,United States
575,Webster Financial,WBS,12568934400,77.57,United States
576,Toll Brothers,TOL,12565165056,136.36,United States
577,BWX Technologies,BWXT,12532970496,136.79,United States
578,Penumbra,PEN,12525837312,318.0,United States
579,AMH (American Homes 4 Rent),AMH,12515834880,30.53,United States
580,Skyworks Solutions,SWKS,12507760640,83.16,United States
581,"QXO, Inc.",QXO,12501763072,12.05,United States
582,UDR Apartments,UDR,12478966784,33.68,United States
583,Twist Bioscience,TWST,12467936256,188.05,United States
584,Applied Industrial Technologies,AIT,12467117056,339.39,United States
585,SEI Investments,SEIC,12466393088,103.87,United States
586,Lennox,LII,12457741312,360.46,United States
587,Coca-Cola Consolidated,COKE,12454845440,187.11,United States
588,Watsco,WSO,12423097344,301.15,United States
589,CNA Financial,CNA,12415170560,45.88,United States
590,Quantinuum Inc.,QNT,12401832960,46.68,United States
591,Albemarle,ALB,12394071040,105.03,United States
592,J.M. Smucker Company,SJM,12386148352,115.95,United States
593,Corcept Therapeutics,CORT,12325919744,114.025,United States
594,BorgWarner,BWA,12297374720,60.38,United States
595,GoDaddy,GDDY,12282294272,96.98,United States
596,Generac,GNRC,12279983104,207.91,United States
597,DT Midstream,DTM,12249997312,120.08,United States
598,Pershing Square Holdings,PSHD.L,12225084416,56.685,United States
599,Baxter,BAX,12221785088,23.64,United States
600,Nextpower,NXT,12211176448,79.48,United States
601,Brown Forman,BF-A,12201200640,26.59,United States
602,Madison Air Solutions,MAIR,12196876288,24.31,United States
603,Five Below,FIVE,12176301056,221.17,United States
604,Gartner,IT,12175122432,192.8,United States
605,GameStop,GME,12163519488,24.11,United States
606,Halozyme Therapeutics,HALO,12137476096,106.94,United States
607,JFrog,FROG,12032974848,97.59,United States
608,Watts Water Technologies,WTS,12000872448,359.49,United States
609,Crane Company,CR,11925369856,206.32,United States
610,BJ's Wholesale Club,BJ,11919053824,94.36,United States
611,TransUnion,TRU,11913688064,62.18,United States
612,Forgent Power Solutions,FPS,11907702784,37.33,United States
613,Manhattan Associates,MANH,11902959616,204.15,United States
614,Sanmina,SANM,11896469504,221.96,United States
615,McCormick & Company,MKC,11867107328,44.14,United States
616,U-Haul,UHAL,11856059392,60.99,United States
617,Arrow Electronics,ARW,11791223808,231.63,United States
618,Advanced Energy,AEIS,11779234816,294.11,United States
619,SailPoint,SAIL,11749360640,20.58,United States
620,Encompass Health,EHC,11745671168,119.06,United States
621,Erie Indemnity,ERIE,11614102528,222.11,United States
622,Rambus,RMBS,11602015232,107.29,United States
623,FormFactor,FORM,11571605504,148.44,United States
624,10x Genomics,TXG,11564644352,88.76,United States
625,Crown Holdings,CCK,11549279232,106.19,United States
626,Equity LifeStyle Properties,ELS,11546117120,57.62,United States
627,Madrigal Pharmaceuticals,MDGL,11545362432,499.71,United States
628,Figma,FIG,11497022464,21.57,United States
629,Pinnacle West Capital,PNW,11468894208,94.63,United States
630,Ally Financial,ALLY,11453118464,37.65,United States
631,American Financial Group,AFG,11449795584,138.08,United States
632,Hecla Mining,HL,11402110976,17.0,United States
633,Bio-Techne,TECH,11353640960,72.4,United States
634,BrightSpring Health Services,BTSG,11329705984,57.26,United States
635,DaVita,DVA,11319024640,176.35,United States
636,BioMarin Pharmaceutical,BMRN,11312450560,58.44,United States
637,Gaming and Leisure Properties,GLPI,11258222592,37.59,United States
638,CoStar Group,CSGP,11232076800,27.72,United States
639,Dayforce,DAY,11180042240,69.86,United States
640,Confluent,CFLT,11133729792,30.99,United States
641,Alcoa,AA,11100030976,42.06,United States
642,Aurora Innovation,AUR,11062936576,5.52,United States
643,Littelfuse,LFUS,11062424576,435.55,United States
644,American Healthcare REIT,AHR,11050357760,50.69,United States
645,VIAVI Solutions,VIAV,11049456640,44.78,United States
646,Hormel Foods,HRL,10985000960,19.96,United States
647,Essential Utilities,WTRG,10973717504,38.67,United States
648,First Horizon Corporation,FHN,10920562688,23.05,United States
649,Cooper Companies,COO,10916815872,57.41,United States
650,Pinterest,PINS,10900661248,19.46,United States
651,"BXP, Inc.",BXP,10896056320,60.24,United States
652,Elanco,ELAN,10876767232,21.77,United States
653,HubSpot,HUBS,10843405312,217.45,United States
654,Deckers Brands,DECK,10835990528,79.57,United States
655,Huntington Ingalls Industries,HII,10809863168,274.33,United States
656,Globalstar,GSAT,10738213888,82.88,United States
657,Knight-Swift Transportation,KNX,10645870592,65.41,United States
658,AES,AES,10640313344,14.92,United States
659,Stifel,SF,10621461504,70.34,United States
660,AGNC Investment,AGNC,10610059264,8.95,United States
661,Fidelity National Financial,FNF,10489021440,39.11,United States
662,EastGroup Properties,EGP,10477192192,194.84,United States
663,Instacart (Maplebear Inc.),CART,10468776960,44.11,United States
664,Cognex,CGNX,10466887680,62.22,United States
665,Antero Resources,AR,10462148608,34.03,United States
666,Paramount Skydance,PSKY,10453076992,9.34,United States
667,Service Corporation International,SCI,10426306560,76.5,United States
668,Regal Rexnord,RRX,10426289152,156.57,United States
669,Align Technology,ALGN,10325287936,145.345,United States
670,Universal Health Services,UHS,10318016512,175.07,United States
671,Texas Roadhouse,TXRH,10285933568,156.7,United States
672,New York Times,NYT,10275377152,63.71,United States
673,Paycom,PAYC,10252441600,227.47,United States
674,Apogee Therapeutics,APGE,10223142912,135.07,United States
675,Donaldson Company,DCI,10172272640,87.76,United States
676,Avantor,AVTR,10165672960,15.03,United States
677,Chime Financial,CHYM,10163117056,26.845,United States
678,Dillard's,DDS,10095631360,646.35,United States
679,Jack Henry &amp; Associates,JKHY,10084997120,143.84,United States
680,Modine Manufacturing,MOD,10049456128,189.21,United States
681,Repligen,RGEN,10002084864,177.23,United States
682,Globus Medical,GMED,9990429696,74.41,United States
683,"Popular, Inc. (Banco Popular de Puerto Rico)",BPOP,9982611456,156.52,United States
684,Evercore,EVR,9960563712,259.0,United States
685,Qorvo,QRVO,9898942464,112.21,United States
686,Bentley Systems,BSY,9893541888,32.75,United States
687,The Ensign Group,ENSG,9886449664,169.63,United States
688,FactSet,FDS,9873350656,277.61,United States
689,UMB Financial,UMBF,9857554432,129.79,United States
690,Ryan Specialty,RYAN,9838166016,38.39,United States
691,ImmunityBio,IBRX,9835280384,9.28,United States
692,Leonardo DRS,DRS,9810931712,36.76,United States
693,PBF Energy,PBF,9760322560,82.34,United States
694,Domino's Pizza,DPZ,9759112192,295.0,United States
695,South State Corp,SSB,9756608512,100.61,United States
696,Clorox,CLX,9753085952,80.65,United States
697,Darling Ingredients,DAR,9726971904,61.64,United States
698,Camden Property Trust,CPT,9714112512,96.62,United States
699,Elastic NV,ESTC,9691745280,92.31,United States
700,ViaSat,VSAT,9691120640,70.35,United States
701,Wintrust Financial,WTFC,9684740096,143.55,United States
702,Henry Schein,HSIC,9674950656,84.93,United States
703,Krystal Biotech,KRYS,9628796928,325.31,United States
704,Glaukos,GKOS,9624409088,163.17,United States
705,Affiliated Managers Group,AMG,9618601984,371.95,United States
706,Antero Midstream,AM,9616894976,20.26,United States
707,Madison Square Garden Sports,MSGS,9612471296,399.19,United States
708,DraftKings,DKNG,9606385664,19.35,United States
709,Allison Transmission,ALSN,9602173952,116.28,United States
710,Advanced Drainage Systems,WMS,9565922304,126.86,United States
711,Old National Bank,ONB,9556597760,24.98,United States
712,Snap,SNAP,9555267584,5.65,United States
713,Cullen/Frost Bankers,CFR,9538594816,153.48,United States
714,Axsome Therapeutics,AXSM,9536975872,182.07,United States
715,Bio-Rad Laboratories,BIO,9515621376,355.57,United States
716,Molina Healthcare,MOH,9440370688,180.85,United States
717,Bruker,BRKR,9437135872,61.94,United States
718,OGE Energy,OGE,9425115136,45.67,United States
719,Murphy USA,MUSA,9399158784,511.37,United States
720,Federal Realty Investment Trust,FRT,9389794304,108.03,United States
721,Flowserve,FLS,9337580544,73.06,United States
722,The Toro Company,TTC,9257132032,97.79,United States
723,Owens Corning,OC,9255810048,117.09,United States
724,Oscar Health,OSCR,9228485632,29.9,United States
725,Match Group,MTCH,9211881472,40.13,United States
726,Jefferies Financial Group,JEF,9203487744,45.25,United States
727,Saia,SAIA,9162267648,344.38,United States
728,Kymera Therapeutics,KYMR,9156546560,110.12,United States
729,Zions Bancorporation,ZION,9143977984,62.65,United States
730,Arrowhead Pharmaceuticals,ARWR,9126126592,64.79,United States
731,Cytokinetics,CYTK,9122717696,65.62,United States
732,Applied Optoelectronics,AAOI,9112142848,107.32,United States
733,Valmont Industries,VMI,9091024896,468.28,United States
734,Insulet,PODD,9070835712,130.79,United States
735,Old Republic International,ORI,9051321344,37.49,United States
736,Solstice Advanced Materials,SOLS,9051123712,56.98,United States
737,FirstCash,FCFS,9027840000,208.15,United States
738,Life Time Group,LTH,9018924032,40.36,United States
739,Crinetics Pharmaceuticals,CRNX,9012787200,84.95,United States
740,Protagonist Therapeutics,PTGX,9006746624,139.19,United States
741,Houlihan Lokey,HLI,8972028928,128.38,United States
742,Acuity Brands,AYI,8959111168,299.28,United States
743,Janus Living,JAN,8929022976,28.74,United States
744,Ryder,R,8855058432,230.92,United States
745,Element Solutions,ESI,8853114880,36.33,United States
746,Range Resources,RRC,8786350080,37.6,United States
747,InterDigital,IDCC,8772236288,339.93,United States
748,Jackson Financial,JXN,8769517568,129.48,United States
749,American Airlines,AAL,8691664896,13.13,United States
750,Sirius XM,SIRI,8642394112,25.64,United States
751,Voya Financial,VOYA,8641079296,95.38,United States
752,Tetra Tech,TTEK,8633818112,33.72,United States
753,Kinetik,KNTK,8630885376,51.01,United States
754,Liberty Live Holdings,LLYVA,8612623360,93.61,United States
755,SentinelOne,S,8586371584,24.67,United States
756,CubeSmart,CUBE,8508666368,37.53,United States
757,SPX Technologies,SPXC,8500071424,169.71,United States
758,Legence Corp.,LGN,8488602624,51.67,United States
759,CareTrust REIT,CTRE,8485288960,35.91,United States
760,Booz Allen Hamilton,BAH,8476482560,70.47,United States
761,Mohawk Industries,MHK,8475396608,125.12,United States
762,NewMarket Corp,NEU,8471177728,921.14,United States
763,Brixmor Property Group,BRX,8460469760,27.57,United States
764,Primerica,PRI,8455153664,274.72,United States
765,Lineage,LINE,8449684992,33.97,United States
766,Avnet,AVT,8391140864,102.24,United States
767,MaxLinear,MXL,8354657280,92.12,United States
768,Ryman Hospitality Properties,RHP,8342960128,120.94,United States
769,Vaxcyte,PCVX,8340535808,56.05,United States
770,SM Energy,SM,8339163648,35.06,United States
771,GitLab,GTLB,8322419712,49.95,United States
772,Timken Company,TKR,8269151744,118.99,United States
773,Western Alliance Bancorporation,WAL,8258935296,75.7,United States
774,Rexford Industrial,REXR,8235446784,36.02,United States
775,MP Materials,MP,8208701952,46.09,United States
776,TG Therapeutics,TGTX,8207562752,53.62,United States
777,Oshkosh Corporation,OSK,8156798464,130.82,United States
778,Dycom Industries,DY,8142251520,269.96,United States
779,Brinker International,EAT,8138785280,194.33,United States
780,Zeta Global,ZETA,8132840960,32.4,United States
781,Columbia Banking System,COLB,8125331968,28.73,United States
782,Agree Realty,ADC,8111115776,65.03,United States
783,Alexandria Real Estate Equities,ARE,8093640704,47.03,United States
784,Lear Corporation,LEA,8080179200,121.37,United States
785,First Industrial Realty Trust,FR,8066158080,58.87,United States
786,Ozon,OZON.ME,8047148776,35.92,United States
787,Kratos Defense &amp; Security Solutions,KTOS,8029605888,42.82,United States
788,Prosperity Bancshares,PB,8027808256,66.8,United States
789,Caris Life Sciences,CAI,8011574272,28.35,United States
790,Praxis Precision Medicines,PRAX,8010523648,286.91,United States
791,Gap Inc.,GAP,7984370176,22.73,United States
792,Westlake Corporation,WLK,7983450112,62.47,United States
793,Wynn Resorts,WYNN,7959881728,77.3,United States
794,CarMax,KMX,7933182976,55.89,United States
795,Hinge Health,HNGE,7903211520,97.94,United States
796,StoneX Group,SNEX,7888334848,65.4,United States
797,Galaxy Digital Holdings,7LX.F,7887111260,22.3715,United States
798,Commerce Bancshares,CBSH,7864386560,54.83,United States
799,Procore,PCOR,7850013184,51.66,United States
800,Hess Midstream,HESM,7845086720,38.05,United States
801,Ralliant Corporation,RAL,7833312768,70.8,United States
802,AGCO,AGCO,7830247424,111.81,United States
803,Zurn Elkay Water Solutions,ZWS,7828785664,47.2,United States
804,Spyre Therapeutics,SYRE,7809634304,89.93,United States
805,UGI Corporation,UGI,7799036928,36.36,United States
806,Paylocity,PCTY,7778151424,146.6,United States
807,NNN REIT,NNN,7715641856,40.2,United States
808,A. O. Smith,AOS,7701938688,56.67,United States
809,AptarGroup,ATR,7685050880,120.87,United States
810,BOK Financial,BOKF,7682493440,126.44,United States
811,AECOM,ACM,7670306816,59.6,United States
812,Levi Strauss &amp; Co.,LEVI,7666223104,19.92,United States
813,MGM Resorts,MGM,7666031104,30.47,United States
814,Core &amp; Main,CNM,7632272384,41.38,United States
815,Idacorp,IDA,7627052032,131.86,United States
816,Kinsale Capital Group,KNSL,7620066304,334.53,United States
817,Lincoln National Corporation,LNC,7606202368,39.73,United States
818,Central Bancompany,CBC,7553992192,31.54,United States
819,Hanover Insurance Group,THG,7553898496,216.94,United States
820,Chord Energy,CHRD,7485404160,136.85,United States
821,TeraWulf,WULF,7439622656,14.91,United States
822,Silicon Labs,SLAB,7424437760,222.51,United States
823,Dropbox,DBX,7410444800,34.08,United States
824,HealthEquity,HQY,7392266240,89.37,United States
825,Riot Platforms,RIOT,7358828032,19.61,United States
826,Eastman Chemical,EMN,7322620416,64.05,United States
827,Smithfield Foods,SFD,7316198912,18.58,United States
828,Ionis Pharmaceuticals,IONS,7312110080,44.0,United States
829,Netskope,NTSK,7293291520,17.85,United States
830,National Fuel Gas,NFG,7248139264,76.26,United States
831,AppFolio,APPF,7233566720,204.24,United States
832,Applied Digital,APLD,7227951616,24.16,United States
833,Plexus,PLXS,7203262976,270.27,United States
834,Arcosa,ACA,7194147328,146.5,United States
835,Clearway Energy,CWEN,7186972672,29.14,United States
836,Solaris Energy Infrastructure,SEI,7182709248,71.38,United States
837,MSC Industrial Direct,MSM,7176248832,128.5,United States
838,Morningstar,MORN,7172970496,191.21,United States
839,AeroVironment,AVAV,7130652672,140.31,United States
840,Chewy,CHWY,7122150912,17.72,United States
841,Simpson Manufacturing Company,SSD,7073545728,172.59,United States
842,Victoria's Secret &amp; Co,VSXY,7059915264,88.51,United States
843,Kirby Corporation,KEX,7046688256,133.46,United States
844,STAG Industrial,STAG,7029790208,35.72,United States
845,Light &amp; Wonder,LNW,7028988928,86.22,United States
846,StandardAero,SARO,7005564416,21.17,United States
847,Valley Bank,VLY,7001508352,12.67,United States
848,Compass,COMP,7000918528,9.12,United States
849,ESCO Technologies,ESE,6992971264,269.92,United States
850,Amneal Pharmaceuticals,AMRX,6990301184,20.07,United States
851,Terreno Realty,TRNO,6971920384,63.98,United States
852,Immunovant,IMVT,6950498304,33.65,United States
853,Powell Industries,POWL,6943872512,190.6,United States
854,UiPath,PATH,6941790208,13.32,United States
855,Commercial Metals Company,CMC,6938358272,62.72,United States
856,Celsius Holdings,CELH,6935690240,27.41,United States
857,Molson Coors,TAP,6919305728,37.11,United States
858,MSA Safety,MSA,6906671104,179.03,United States
859,Primo Brands,PRMB,6895027200,19.05,United States
860,Armstrong World Industries,AWI,6875315712,162.68,United States
861,Victory Capital,VCTR,6873079296,111.74,United States
862,Vornado Realty Trust,VNO,6872820224,33.56,United States
863,Duolingo,DUOL,6857463808,146.57,United States
864,The Mosaic Company,MOS,6850651136,21.55,United States
865,Federal Signal,FSS,6847037440,112.17,United States
866,EnerSys,ENS,6837605888,189.59,United States
867,Hims &amp; Hers Health,HIMS,6836082688,29.3,United States
868,Axalta,AXTA,6816537088,31.85,United States
869,Aaon,AAON,6784285184,82.28,United States
870,Allegro MicroSystems,ALGM,6781306880,36.38,United States
871,Dutch Bros,BROS,6772056576,38.61,United States
872,Urban Outfitters,URBN,6747452416,78.77,United States
873,Matson,MATX,6743229952,225.5,United States
874,NOV,NOV,6741001216,18.91,United States
875,Lithia Motors,LAD,6728372224,306.07,United States
876,Oklo,OKLO,6722677760,36.14,United States
877,Norwegian Cruise Line,NCLH,6722510336,14.64,United States
878,Gates Industrial Corp,GTES,6708506112,26.5,United States
879,EnPro Industries,NPO,6687081984,315.91,United States
880,Etsy,ETSY,6685382144,72.84,United States
881,Macerich,MAC,6649984512,22.54,United States
882,Magnolia Oil &amp; Gas,MGY,6611910144,24.07,United States
883,Aura Minerals,AUGO,6610534912,78.85,United States
884,Qualys,QLYS,6600723456,187.43,United States
885,Fluor Corporation,FLR,6597447168,49.33,United States
886,Chemed,CHE,6572883456,502.9,United States
887,Belite Bio,BLTE,6563553792,162.98,United States
888,Hexcel,HXL,6559578624,86.74,United States
889,Matador Resources,MTDR,6554022912,52.96,United States
890,Cleveland-Cliffs,CLF,6544094208,11.47,United States
891,RingCentral,RNG,6539367424,78.31,United States
892,Lantheus Holdings,LNTH,6507132928,99.65,United States
893,ServiceTitan,TTAN,6496148480,67.34,United States
894,PACS Group,PACS,6493915648,41.03,United States
895,Iovance Biotherapeutics,IOVA,6445783040,14.23,United States
896,TXNM Energy,TXNM,6445660672,58.53,United States
897,OneMain Financial,OMF,6427366912,55.87,United States
898,Cipher Mining,CIFR,6416374784,15.46,United States
899,Rhythm Pharmaceuticals,RYTM,6407326208,93.41,United States
900,Figure Technology Solutions,FIGR,6403744768,28.54,United States
901,Ingram Micro Holding Corporation,INGM,6392725504,27.79,United States
902,CAVA Group,CAVA,6354257408,54.4,United States
903,LandBridge,LB,6327150592,80.77,United States
904,United Bankshares,UBSI,6320263680,46.4,United States
905,Conagra Brands,CAG,6301832192,13.2,United States
906,First American Financial Corporation,FAF,6280171008,61.51,United States
907,Terex,TEX,6279641600,54.94,United States
908,Zillow,Z,6240280064,27.75,United States
909,Kodiak Sciences,KOD,6188157440,98.46,United States
910,Builders FirstSource,BLDR,6170656768,57.35,United States
911,Sensata Technologies,ST,6163443200,42.35,United States
912,e.l.f. Beauty,ELF,6142141952,104.09,United States
913,F.N.B. Corporation,FNB,6136818176,17.24,United States
914,Commvault,CVLT,6124263424,147.77,United States
915,Terns Pharmaceuticals,TERN,6116845568,52.95,United States
916,Healthcare Realty Trust,HR,6113607680,17.43,United States
917,Amdocs,DOX,6093659648,58.36,United States
918,Enact Holdings,ACT,6069903872,44.15,United States
919,CG Oncology,CGON,6058569728,68.35,United States
920,Plains GP,PAGP,6041701376,25.93,United States
921,Caesars Entertainment,CZR,6035967488,29.62,United States
922,Ligand Pharmaceuticals,LGND,6035305984,302.74,United States
923,Cirrus Logic,CRUS,6022627328,120.17,United States
924,Sprouts Farmers Market,SFM,6012606976,64.48,United States
925,Pilgrim's Pride,PPC,6000334848,25.2,United States
926,Ingredion,INGR,5985402368,94.91,United States
927,PJT Partners,PJT,5976388096,140.3,United States
928,GATX,GATX,5962317824,168.88,United States
929,Macy's,M,5944380416,22.76,United States
930,Materion,MTRN,5940528128,285.14,United States
931,Joby Aviation,JOBY,5937913856,5.96,United States
932,Hamilton Lane,HLNE,5936144384,88.57,United States
933,Southwest Gas,SWX,5923173376,81.76,United States
934,GRAIL,GRAL,5920955392,132.56,United States
935,EPAM Systems,EPAM,5898971136,114.35,United States
936,Planet Labs,PL,5872506368,16.14,United States
937,POOLCORP,POOL,5838867968,160.67,United States
938,ACM Research,ACMR,5821280256,83.58,United States
939,Campbell's,CPB,5812594176,19.49,United States
940,Loar Holdings,LOAR,5801189888,61.92,United States
941,Abercrombie &amp; Fitch,ANF,5786351616,136.36,United States
942,MarketAxess,MKTX,5780083712,164.22,United States
943,Landstar System,LSTR,5774028288,170.14,United States
944,StepStone Group,STEP,5771342848,44.71,United States
945,Hancock Whitney,HWC,5770444288,71.93,United States
946,LKQ Corporation,LKQ,5763387392,22.78,United States
947,Lumen Technologies,LUMN,5759438848,5.59,United States
948,Xometry,XMTR,5758275584,104.23,United States
949,Lyft,LYFT,5757597184,15.21,United States
950,WEX,WEX,5748205056,168.66,United States
951,Albertsons,ACI,5740203520,11.72,United States
952,The Trade Desk,TTD,5720820736,12.1,United States
953,Crocs,CROX,5716971008,119.24,United States
954,Home BancShares,HOMB,5713417216,28.56,United States
955,International Seaways,INSW,5676288512,114.6,United States
956,"X-Energy, Inc.",XE,5668807168,13.95,United States
957,CLEAR Secure,YOU,5667794432,41.74,United States
958,VF Corporation,VFC,5665069056,14.41,United States
959,Schneider National,SNDR,5663972352,32.31,United States
960,Lamb Weston,LW,5661556224,41.18,United States
961,Pegasystems,PEGA,5660462080,34.43,United States
962,Glacier Bancorp,GBCI,5652071424,43.41,United States
963,Scholar Rock Holding,SRRK,5621608448,46.16,United States
964,Impinj,PI,5618039808,183.87,United States
965,Weatherford International,WFRD,5609409536,78.44,United States
966,Navan,NAVN,5598825472,21.5,United States
967,EXL Service,EXLS,5573520896,36.48,United States
968,Mercury General,MCY,5553817600,100.27,United States
969,Essential Properties Realty Trust,EPRT,5550559744,25.6,United States
970,JBT Marel Corporation,JBTM,5543556608,106.86,United States
971,Dolby,DLB,5532079104,59.06,United States
972,BGC Group,BGC,5524920832,11.62,United States
973,MiniMed Group,MMED,5514458624,19.6,United States
974,Ormat Technologies,ORA,5513816064,89.66,United States
975,Atlantic Union Bankshares,AUB,5494089216,38.47,United States
976,Cogent Biosciences,COGT,5481654272,31.59,United States
977,Sensient Technologies,SXT,5466705920,128.42,United States
978,CVR Energy,CVI,5464843264,54.36,United States
979,AutoNation,AN,5454702592,164.99,United States
980,Rayonier,RYN,5452326400,18.22,United States
981,Varonis Systems,VRNS,5450130432,47.45,United States
982,Mirum Pharmaceuticals,MIRM,5449110528,83.92,United States
983,Novanta,NOVT,5429875200,143.58,United States
984,Associated Banc-Corp,ASB,5419980800,28.72,United States
985,Kodiak Gas Services,KGS,5415132160,53.56,United States
986,MGIC Investment,MTG,5409141760,26.37,United States
987,Rush Enterprises,RUSHA,5391777792,46.19,United States
988,Ameris Bancorp,ABCB,5384684544,80.24,United States
989,Murphy Oil,MUR,5372490752,37.47,United States
990,The Cheesecake Factory,CAKE,5371660288,107.95,United States
991,AXT Inc,AXTI,5364544512,81.81,United States
992,Credit Acceptance,CACC,5355033600,511.95,United States
993,PTC Therapeutics,PTCT,5352340992,64.13,United States
994,Black Hills,BKH,5348395520,70.14,United States
995,Teleflex,TFX,5343582720,126.11,United States
996,Archrock,AROC,5333787648,30.42,United States
997,RadNet,RDNT,5327838208,67.7,United States
998,Argan,AGX,5325447168,379.58,United States
999,Eagle Materials,EXP,5308978688,173.07,United States
1000,Wyndham Hotels &amp; Resorts,WH,5305352704,71.49,United States
1001,Phillips Edison &amp; Company,PECO,5292520960,37.49,United States
1002,SAIC (Science Applications International Corp),SAIC,5291671552,126.3,United States
1003,Brookfield Renewable,BEPC,5288967168,28.49,United States
1004,Travere Therapeutics,TVTX,5286646272,56.85,United States
1005,GXO Logistics,GXO,5270902784,45.96,United States
1006,Portland General Electric,POR,5264122368,44.76,United States
1007,Vishay Intertechnology,VSH,5256304128,34.27,United States
1008,Core Scientific,CORZ,5253916672,16.35,United States
1009,Laureate Education,LAUR,5234475520,38.0,United States
1010,"Mobility Global, Inc.",MBGL,5225816064,17.71,United States
1011,Ollie's Bargain Outlet,OLLI,5222065664,87.91,United States
1012,Balchem,BCPC,5218113024,163.69,United States
1013,Churchill Downs,CHDN,5214971904,74.82,United States
1014,Rigetti Computing,RGTI,5213467648,15.62,United States
1015,Main Street Capital,MAIN,5204681216,55.66,United States
1016,BETA Technologies,BETA,5199065600,21.73,United States
1017,Frontdoor,FTDR,5198000128,75.45,United States
1018,First National of Nebraska,FINN,5195171840,19225.0,United States
1019,Granite Construction,GVA,5191282176,116.85,United States
1020,H&amp;R Block,HRB,5183906304,42.32,United States
1021,USA Rare Earth,USAR,5180419584,13.8,United States
1022,Liberty Broadband,LBRDA,5177567232,35.99,United States
1023,PriceSmart,PSMT,5173458432,167.64,United States
1024,Sotera Health,SHC,5170991104,18.12,United States
1025,New Jersey Resources,NJR,5162138624,51.15,United States
1026,RLI Corp.,RLI,5155807232,56.18,United States
1027,Blue Owl Capital Corporation,OBDC,5148408320,10.44,United States
1028,Merit Medical,MMSI,5144052736,86.15,United States
1029,Installed Building Products,IBP,5121807360,192.7,United States
1030,Mercury Systems,MRCY,5116801536,84.07,United States
1031,Construction Partners,ROAD,5116513280,90.15,United States
1032,Erasca,ERAS,5099530752,14.58,United States
1033,Kite Realty,KRG,5081470464,24.44,United States
1034,Doximity,DOCS,5080010752,28.5,United States
1035,Iridium Communications,IRDM,5073336832,47.87,United States
1036,Selective Insurance,SIGI,5060040192,84.9,United States
1037,Bank OZK,OZK,5052803072,46.34,United States
1038,Definium Therapeutics,DFTX,5052196864,37.6,United States
1039,ACI Worldwide,ACIW,5016465920,49.69,United States
1040,Starwood Property Trust,STWD,5005355008,13.18,United States
1041,BillionToOne,BLLN,4990501376,105.76,United States
1042,Red Rock Resorts,RRR,4990259712,48.93,United States
1043,SOLV Energy,MWH,4984784896,24.63,United States
1044,Axos Financial,AX,4970469888,87.61,United States
1045,Casella Waste Systems,CWST,4968378368,78.07,United States
1046,Fannie Mae,FNMA,4968195584,4.29,United States
1047,Global Business Travel Group,GBTG,4962547712,9.5,United States
1048,Vail Resorts,MTN,4952949760,138.99,United States
1049,Outfront Media,OUT,4940593664,28.05,United States
1050,Virtu Financial,VIRT,4911283712,55.62,United States
1051,CNO Financial Group,CNO,4911034368,53.08,United States
1052,Sabra Health Care REIT,SBRA,4904885248,19.2,United States
1053,Floor &amp; Decor,FND,4901732864,46.03,United States
1054,Veradermics,MANE,4897467392,117.22,United States
1055,Nexstar Media Group,NXST,4886504448,158.61,United States
1056,Rithm Capital,RITM,4886061568,8.75,United States
1057,Graham Holdings,GHC,4875630592,1151.29,United States
1058,Acushnet Holdings,GOLF,4871564800,83.41,United States
1059,Waystar,WAY,4860822528,25.35,United States
1060,Flagstar Bank,FLG,4852434944,11.69,United States
1061,Celanese,CE,4850902528,44.2,United States
1062,Eastern Bankshares,EBC,4817023488,21.08,United States
1063,Icahn Enterprises,IEP,4812895232,6.77,United States
1064,Boyd Gaming,BYD,4800343552,66.07,United States
1065,Sonoco,SON,4795131392,48.5,United States
1066,CSW Industrials,CSW,4763889664,292.38,United States
1067,Haemonetics,HAE,4748527616,104.37,United States
1068,Champion Homes,SKY,4748426240,87.48,United States
1069,"Box, Inc.",BOX,4747146240,34.6,United States
1070,Insight Enterprises,NSIT,4734850048,161.33,United States
1071,"Calumet, Inc.",CLMT,4721893376,53.72,United States
1072,Warrior Met Coal,HCC,4703609856,89.08,United States
1073,Gentex,GNTX,4674293248,21.95,United States
1074,CNX Resources,CNX,4663183360,31.52,United States
1075,Piper Sandler,PIPR,4648691712,65.78,United States
1076,Middleby,MIDD,4643883008,102.69,United States
1077,Uranium Energy,UEC,4638672384,9.36,United States
1078,MYR Group,MYRG,4638391296,297.92,United States
1079,Greif,GEF,4636535808,81.56,United States
1080,HASI (HA Sustainable Infrastructure Capita),HASI,4629703168,36.03,United States
1081,Hagerty,HGTY,4625161216,13.46,United States
1082,Reynolds Consumer Products,REYN,4624236544,21.94,United States
1083,Rush Street Interactive,RSI,4619906560,19.95,United States
1084,Sphere Entertainment,SPHR,4616694272,128.55,United States
1085,TFS Financial,TFSL,4610479104,16.44,United States
1086,Klaviyo,KVYO,4609737216,16.19,United States
1087,Choice Hotels International,CHH,4604832256,102.31,United States
1088,Fortune Brands Innovations,FBIN,4598189568,38.52,United States
1089,Chefs' Warehouse,CHEF,4592007168,112.56,United States
1090,California Resources Corporation,CRC,4588435968,51.66,United States
1091,UniFirst,UNF,4562998272,252.32,United States
1092,Delek US,DK,4551999488,74.34,United States
1093,ADT,ADT,4551384064,6.23,United States
1094,First Financial Bankshares,FFIN,4550404608,31.75,United States
1095,Cousins Properties,CUZ,4548645376,27.63,United States
1096,Remitly,RELY,4546973184,21.48,United States
1097,LifeStance Health Group,LFST,4527635968,11.91,United States
1098,Trex,TREX,4519594496,43.5,United States
1099,Spire Inc.,SR,4518583296,76.44,United States
1100,Amentum,AMTM,4518478336,18.48,United States
1101,Louisiana-Pacific,LPX,4513555968,64.55,United States
1102,VSE Corporation,VSEC,4511724544,160.76,United States
1103,ONE Gas,OGS,4507423232,71.71,United States
1104,Diodes Incorporated,DIOD,4489580544,97.49,United States
1105,Concentra Group,CON,4459295232,34.97,United States
1106,Perimeter Solutions,PRM,4452284416,27.2,United States
1107,Cavco Industries,CVCO,4438322688,577.2,United States
1108,EquipmentShare.com,EQPT,4429011968,17.48,United States
1109,Nelnet,NNI,4421265408,123.57,United States
1110,KBR,KBR,4418674688,35.05,United States
1111,Oceaneering International,OII,4415135232,44.36,United States
1112,Herc Holdings,HRI,4408270336,131.86,United States
1113,Alaska Airlines,ALK,4405779968,39.49,United States
1114,Parsons,PSN,4380088832,41.01,United States
1115,Tutor Perini Corporation,TPC,4376904704,83.26,United States
1116,Adaptive Biotechnologies,ADPT,4368138240,27.37,United States
1117,Bill.com,BILL,4360344576,43.78,United States
1118,Core Natural Resources,CNR,4348135936,87.6,United States
1119,ServisFirst Bancshares,SFBS,4346464768,39.75,United States
1120,Cactus Inc,WHD,4336705536,62.19,United States
1121,Dave Inc.,DAVE,4331642368,339.59,United States
1122,MARA Holdings,MARA,4330415104,11.21,United States
1123,Enphase Energy,ENPH,4325617664,32.82,United States
1124,Par Pacific Holdings,PARR,4319088640,86.21,United States
1125,Fulton Financial,FULT,4312759808,22.59,United States
1126,Howard Hughes Holdings,HHH,4303384576,72.06,United States
1127,International Bancshares Corp,IBOC,4298677248,69.12,United States
1128,Integer Holdings,ITGR,4297909248,126.42,United States
1129,Mattel,MAT,4296927744,15.04,United States
1130,Versant Media Group,VSNT,4292005376,30.84,United States
1131,Patterson-UTI Energy,PTEN,4289679616,11.3,United States
1132,Vontier,VNT,4284488192,31.69,United States
1133,Enova International,ENVA,4269821952,171.49,United States
1134,Franklin Electric,FELE,4265080064,96.47,United States
1135,Fervo Energy Company,FRVO,4262275840,14.46,United States
1136,OPENLANE Corporate,OPLN,4256576000,34.87,United States
1137,HeartFlow,HTFL,4252901632,48.91,United States
1138,UFP Industries,UFPI,4251847936,77.08,United States
1139,EPR Properties,EPR,4251028992,55.49,United States
1140,SLM Corporation (Sallie Mae),SLM,4250680064,22.61,United States
1141,Belden,BDC,4231386624,108.28,United States
1142,Axcelis Technologies,ACLS,4221808384,136.71,United States
1143,Alliance Laundry Holdings,ALH,4220292352,21.23,United States
1144,Griffon Corporation,GFF,4219202816,93.15,United States
1145,Moelis &amp; Company,MC,4218907136,56.95,United States
1146,NorthWestern Energy,NWE,4215817984,68.53,United States
1147,Synaptics,SYNA,4213349632,106.15,United States
1148,CECO Environmental,CECO,4209413888,71.87,United States
1149,Fastly,FSLY,4203926784,26.39,United States
1150,Covista Inc.,CVSA,4197667328,123.32,United States
1151,Meritage Homes,MTH,4195256576,64.37,United States
1152,Cinemark Theatres,CNK,4193690880,36.18,United States
1153,Federated Hermes,FHI,4192921344,56.16,United States
1154,Millrose Properties,MRP,4184407808,25.2,United States
1155,Indivior PLC,INDV,4175970048,35.38,United States
1156,ESAB,ESAB,4172081664,67.11,United States
1157,Brunswick Corporation,BC,4161291008,64.22,United States
1158,Ondas Holdings,ONDS,4145995264,7.12,United States
1159,Radian Group,RDN,4130447104,31.22,United States
1160,Tango Therapeutics,TNGX,4122523648,24.45,United States
1161,Tanger Inc.,SKT,4118110208,34.45,United States
1162,Brink's,BCO,4117727488,99.97,United States
1163,Primoris Services Corporation,PRIM,4104715008,76.25,United States
1164,Tidewater,TDW,4088967168,82.18,United States
1165,United Community Bank,UCB,4071834880,33.77,United States
1166,AZZ,AZZ,4069273600,135.41,United States
1167,Geo Group,GEO,4052567040,30.79,United States
1168,Telephone and Data Systems,TDS,4052083200,35.2,United States
1169,Relay Therapeutics,RLAY,4051928832,18.49,United States
1170,Texas Capital Bancshares,TCBI,4051811072,93.2,United States
1171,Korn Ferry,KFY,4049742336,72.37,United States
1172,AAR,AIR,4015401728,99.9,United States
1173,Cathay General Bancorp,CATY,4008166400,60.08,United States
1174,Grand Canyon Education,LOPE,4006456832,153.71,United States
1175,Tenable,TENB,3981921024,36.11,United States
1176,SiteOne Landscape Supply,SITE,3964257280,89.47,United States
1177,Americold,COLD,3961355520,13.81,United States
1178,Brady Corporation,BRC,3946099968,84.14,United States
1179,Cabot Corporation,CBT,3941295104,76.35,United States
1180,ICU Medical,ICUI,3930606080,157.18,United States
1181,Valvoline,VVV,3927528192,30.78,United States
1182,WSFS Financial,WSFS,3914562304,76.62,United States
1183,FTI Consulting,FCN,3913112576,141.72,United States
1184,Kilroy Realty,KRC,3910836992,33.3,United States
1185,Workiva,WK,3907589120,69.63,United States
1186,Jersey Mike's Subs,JMKE,3904629248,16.77,United States
1187,CCC Intelligent Solutions,CCC,3899144704,6.62,United States
1188,Broadstone Net Lease,BNL,3885363200,18.25,United States
1189,MDU Resources,MDU,3885154304,18.47,United States
1190,Paymentus,PAY,3880200448,30.81,United States
1191,SkyWest,SKYW,3874412800,97.69,United States
1192,CVB Financial,CVBF,3873703680,22.01,United States
1193,Archer Aviation,ACHR,3873234944,5.03,United States
1194,Robert Half,RHI,3865675008,37.79,United States
1195,Apple Hospitality REIT,APLE,3864674048,16.37,United States
1196,Travel + Leisure,TNL,3858319872,62.96,United States
1197,COPT Defense Properties,CDP,3854145024,33.27,United States
1198,Viking Therapeutics,VKTX,3834760704,30.51,United States
1199,Firefly Aerospace,FLY,3825196032,22.85,United States
1200,Helmerich &amp; Payne,HP,3817667840,38.2,United States
1201,Rumble,RUM,3787990016,7.64,United States
1202,Madison Square Garden Entertainment,MSGE,3786784000,80.05,United States
1203,Seaboard Corporation,SEB,3784545024,3951.31,United States
1204,Itron,ITRI,3776169472,86.24,United States
1205,CorVel Corporation,CRVL,3774598400,74.72,United States
1206,Comstock Resources,CRK,3770087936,12.84,United States
1207,Parabilis Medicines,PBLS,3760352000,30.44,United States
1208,Cohen &amp; Steers,CNS,3759942656,73.12,United States
1209,Legend Biotech,LEGN,3757516032,19.32,United States
1210,Avis Budget Group,CAR,3748769024,106.12,United States
1211,SL Green Realty,SLG,3742035456,48.77,United States
1212,Independent Bank Corp.,INDB,3738843136,78.93,United States
1213,Neptune Insurance Holdings,NP,3738229248,27.24,United States
1214,Ionic Digital,IOND,3737382144,83.06,United States
1215,Bread Financial,BFH,3724364032,96.94,United States
1216,Webull,BULL,3724243968,7.03,United States
1217,Badger Meter,BMI,3721041664,128.37,United States
1218,Envista,NVST,3719906304,23.16,United States
1219,Avient,AVNT,3718310656,40.54,United States
1220,Otter Tail,OTTR,3714044416,88.46,United States
1221,Atlanta Braves Holdings,BATRA,3711471104,57.84,United States
1222,St. Joe Company,JOE,3709588480,65.16,United States
1223,Sezzle,SEZL,3694654208,109.715,United States
1224,Celcuity Inc.,CELC,3676254208,75.13,United States
1225,Silgan Holdings,SLGN,3674563840,34.77,United States
1226,Boot Barn Holdings,BOOT,3663860480,120.98,United States
1227,USA Compression Partners,USAC,3662718464,25.27,United States
1228,iRhythm,IRTC,3660541696,111.05,United States
1229,Magnite,MGNI,3648710656,25.44,United States
1230,IDEAYA Biosciences,IDYA,3648267776,37.81,United States
1231,Dorman Products,DORM,3646836736,122.89,United States
1232,Excelerate Energy,EE,3641341696,32.11,United States
1233,WisdomTree,WT,3640836096,24.03,United States
1234,Atmus Filtration Technologies,ATMU,3638344704,44.59,United States
1235,Lemonade,LMND,3619065600,46.76,United States
1236,WesBanco,WSBC,3607979520,37.62,United States
1237,Organon,OGN,3600375552,13.71,United States
1238,LXP Industrial Trust,LXP,3593445376,60.95,United States
1239,Renasant Corp,RNST,3590367232,39.28,United States
1240,Bel Fuse,BELFB,3585402112,252.09,United States
1241,Amylyx Pharmaceuticals,AMLX,3583753472,28.08,United States
1242,Interparfums,IPAR,3582083328,111.85,United States
1243,BancFirst,BANF,3576614400,106.49,United States
1244,Mirion Technologies,MIR,3573762048,14.35,United States
1245,Thor Industries,THO,3563971840,69.05,United States
1246,Century Aluminum,CENX,3562768896,35.99,United States
1247,Universal Display Corporation,OLED,3557373440,77.39,United States
1248,Pulse Biosciences,PLSE,3554005760,49.83,United States
1249,Veracyte,VCYT,3552466176,44.19,United States
1250,IPG Photonics,IPGP,3550833152,83.66,United States
1251,Marriott Vacations Worldwide,VAC,3546845440,103.12,United States
1252,Tarsus Pharmaceuticals,TARS,3530900736,75.46,United States
1253,UCT (Ultra Clean Holdings),UCTT,3525301504,78.64,United States
1254,RXO,RXO,3522822144,21.36,United States
1255,Q2,QTWO,3521793280,56.48,United States
1256,Genworth Financial,GNW,3517793280,9.31,United States
1257,Independence Realty Trust,IRT,3504016640,14.5,United States
1258,Standex International,SXI,3501691136,285.12,United States
1259,PVH Corp.,PVH,3499554560,75.85,United States
1260,National Healthcare,NHC,3497972736,223.35,United States
1261,"GPGI, Inc.",GPGI,3493175552,12.05,United States
1262,WaterBridge Infrastructure,WBI,3472823040,28.13,United States
1263,Kontoor Brands,KTB,3471598080,63.52,United States
1264,Pattern Group,PTRN,3464367872,17.4,United States
1265,Freshworks,FRSH,3431108096,13.15,United States
1266,Nicolet Bankshares,NIC,3429068032,163.62,United States
1267,CareDx,CDNA,3426357760,66.23,United States
1268,M/I Homes,MHO,3420035840,135.27,United States
1269,First Interstate BancSystem,FIBK,3409045760,35.77,United States
1270,ACADIA Pharmaceuticals,ACAD,3405881344,19.89,United States
1271,Warby Parker,WRBY,3397985536,27.49,United States
1272,Enliven Therapeutics,ELVN,3385841664,46.21,United States
1273,Option Care Health,OPCH,3382150912,22.58,United States
1274,HNI Corporation,HNI,3373055488,46.73,United States
1275,Mueller Water Products,MWA,3356702208,21.5,United States
1276,"Atlanta Braves Holdings, Inc.",BATRK,3352772608,52.25,United States
1277,MIAX (Miami International Holdings),MIAX,3349042688,33.75,United States
1278,Lionsgate Studios,LION,3347546368,11.25,United States
1279,Steve Madden,SHOO,3343461376,45.69,United States
1280,Acadian Asset Management,AAMI,3338201344,94.06,United States
1281,Cohu,COHU,3329785088,70.34,United States
1282,NCR Atleos Corporation,NATL,3327578880,45.03,United States
1283,Exponent,EXPO,3323471360,69.9,United States
1284,"ERock, Inc.",EROC,3320602368,12.15,United States
1285,Aehr Test Systems,AEHR,3318209792,101.6,United States
1286,TowneBank,TOWN,3315724800,35.87,United States
1287,Palomar Holdings,PLMR,3314185984,125.93,United States
1288,First Financial Bank,FFBC,3313809920,31.51,United States
1289,Bath &amp; Body Works,BBWI,3306982912,16.4,United States
1290,Post Holdings,POST,3300843776,72.83,United States
1291,The Vita Coco Company,COCO,3298835200,57.01,United States
1292,Simmons First National,SFNC,3284798464,22.73,United States
1293,Golub Capital,GBDC,3284592384,12.65,United States
1294,Mechanics Bancorp,MCHB,3283755264,14.83,United States
1295,Life360,LIF,3283658752,40.3,United States
1296,Denali Therapeutics,DNLI,3281667328,20.53,United States
1297,Highwoods Properties,HIW,3267294208,29.09,United States
1298,Knowles,KN,3265236736,38.23,United States
1299,AllianceBernstein,AB,3258563072,35.01,United States
1300,Veeco,VECO,3251485440,53.19,United States
1301,Park National Corp,PRK,3236375040,179.16,United States
1302,Stride (K12 Education),LRN,3221719040,77.52,United States
1303,American States Water,AWR,3218016512,81.19,United States
1304,PennyMac Financial Services,PFSI,3216745984,61.95,United States
1305,CleanSpark,CLSK,3215349760,12.52,United States
1306,CoreCivic,CXW,3213049600,32.49,United States
1307,Arcus Biosciences,RCUS,3212621056,25.23,United States
1308,Asbury Automotive Group,ABG,3203878400,178.47,United States
1309,Atkore,ATKR,3200673280,94.77,United States
1310,NuScale Power,SMR,3196934400,7.79,United States
1311,National Health Investors,NHI,3196107008,65.08,United States
1312,United States Lime &amp; Minerals,USLM,3194736128,111.36,United States
1313,Curbline Properties,CURB,3187352320,27.95,United States
1314,Arcutis Biotherapeutics,ARQT,3178749696,25.29,United States
1315,Planet Fitness,PLNT,3174289920,41.85,United States
1316,Hercules Capital,HTGC,3170558208,16.94,United States
1317,Community Financial System,CBU,3153271040,59.93,United States
1318,Bright Horizons,BFAM,3153026816,64.83,United States
1319,First Advantage,FA,3149962752,18.34,United States
1320,Delek Logistics Partners,DKL,3148218880,54.47,United States
1321,Ashland,ASH,3141882880,68.61,United States
1322,Chesapeake Utilities,CPK,3139915776,124.33,United States
1323,OSI Systems,OSIS,3134509568,196.62,United States
1324,Alliance Resource Partners,ARLP,3131555328,24.34,United States
1325,Ethos Technologies,LIFE,3121458432,32.57,United States
1326,WillScot,WSC,3120108288,17.22,United States
1327,Seacoast Banking,SBCF,3113827584,32.16,United States
1328,Kadant,KAI,3111938304,263.52,United States
1329,Park Hotels &amp; Resorts,PK,3104637184,15.42,United States
1330,Ambarella,AMBA,3103110400,70.3,United States
1331,Newmark,NMRK,3095909376,12.65,United States
1332,Black Stone Minerals,BSM,3076990208,14.48,United States
1333,Baldwin Insurance Group,BWIN,3076561664,31.77,United States
1334,Cal-Maine Foods,CALM,3075426560,65.84,United States
1335,FS KKR Capital,FSK,3070140416,11.11,United States
1336,Group 1 Automotive,GPI,3060435200,256.7,United States
1337,People Incorporated,PPLI,3049297920,40.95,United States
1338,BankUnited,BKU,3043041792,42.72,United States
1339,Benchmark Electronics,BHE,3039544832,84.62,United States
1340,SPS Commerce,SPSC,3031214592,84.2,United States
1341,First Hawaiian Bank,FHB,3029865728,24.9,United States
1342,YETI Holdings,YETI,3019546624,41.37,United States
1343,Peabody Energy,BTU,3015805952,24.74,United States
1344,Liberty Energy,LBRT,3014145536,18.47,United States
1345,American Eagle Outfitters,AEO,3011292672,17.97,United States
1346,Infleqtion,INFQ,3010770176,13.36,United States
1347,Columbia Financial,CLBK,3008123392,11.16,United States
1348,CBIZ,CBZ,3005793536,54.71,United States
1349,DigitalBridge Group,DBRG,2999924480,16.0,United States
1350,Polaris,PII,2980037376,52.37,United States
1351,AvePoint,AVPT,2978841088,14.08,United States
1352,TriNet,TNET,2977381120,64.86,United States
1353,Dana Incorporated,DAN,2972343552,27.63,United States
1354,Array Digital Infrastructure,AD,2954985728,34.17,United States
1355,Dyne Therapeutics,DYN,2954328576,15.82,United States
1356,Columbia Sportswear,COLM,2953335296,57.69,United States
1357,Ouster,OUST,2947230976,40.87,United States
1358,Academy Sports + Outdoors,ASO,2946550016,47.85,United States
1359,Astronics Corporation,ATRO,2940959744,68.38,United States
1360,"Strive Asset Management, LLC",ASST,2940293376,30.11,United States
1361,Avista,AVA,2937211904,35.07,United States
1362,NETSCOUT,NTCT,2932285952,40.33,United States
1363,Precigen,PGEN,2926955008,8.21,United States
1364,Provident Financial Services,PFS,2914945536,22.35,United States
1365,Braze,BRZE,2913440512,25.65,United States
1366,ScottsMiracle-Gro,SMG,2912177920,50.02,United States
1367,Extreme Networks,EXTR,2903790080,21.97,United States
1368,ArcBest,ARCB,2896958976,129.61,United States
1369,Worthington Enterprises,WOR,2893529856,59.14,United States
1370,Brighthouse Financial,BHF,2878453760,50.05,United States
1371,"F&G Annuities & Life, Inc.",FG,2877955840,21.98,United States
1372,Power Integrations,POWI,2877474816,51.5,United States
1373,Intapp,INTA,2876054272,37.59,United States
1374,Knife River Corporation,KNF,2872880128,50.62,United States
1375,NMI Holdings,NMIH,2864295680,38.08,United States
1376,Select Water Solutions,WTTR,2858957312,20.03,United States
1377,Green Brick Partners,GRBK,2857630720,66.44,United States
1378,Centrus Energy,LEU,2845231872,139.11,United States
1379,Tootsie Roll Industries,TR,2844169984,37.84,United States
1380,Wingstop Restaurants,WING,2843032064,104.36,United States
1381,ABM Industries,ABM,2840463104,48.46,United States
1382,Energy Fuels,UUUU,2835724800,10.71,United States
1383,Cushman &amp; Wakefield,CWK,2830647552,12.06,United States
1384,KB Home,KBH,2829632000,46.54,United States
1385,Agilysys,AGYS,2829322496,100.31,United States
1386,DXP Enterprises,DXPE,2828931328,182.31,United States
1387,QuantumScape,QS,2823516160,4.59,United States
1388,Penguin Solutions,PENG,2817323520,54.98,United States
1389,ChronoScale,CHRN,2812811520,19.37,United States
1390,Shift4 Payments,FOUR,2809401088,35.58,United States
1391,McGrath RentCorp,MGRC,2808707072,114.99,United States
1392,Maximus,MMS,2802711040,53.53,United States
1393,Adeia,ADEA,2794499072,25.34,United States
1394,California Water Service Group,CWT,2785851392,45.05,United States
1395,Digi International,DGII,2785012736,73.39,United States
1396,Teradata,TDC,2782560000,29.92,United States
1397,Rogers Corporation,ROG,2780802048,155.8,United States
1398,National Beverage,FIZZ,2779343360,29.69,United States
1399,Talos Energy,TALO,2778305280,16.64,United States
1400,Maravai LifeSciences,MRVI,2777682688,7.5,United States
1401,Freshpet,FRPT,2773912064,57.72,United States
1402,Banc of California,BANC,2770903040,17.49,United States
1403,Crane NXT,CXT,2766396416,48.06,United States
1404,Soleno Therapeutics,SLNO,2762888960,53.01,United States
1405,DNOW Inc.,DNOW,2762408448,15.28,United States
1406,Slide Insurance,SLDE,2760260864,23.63,United States
1407,Resideo Technologies,REZI,2759066880,18.17,United States
1408,Gulfport Energy,GPOR,2755644416,153.35,United States
1409,"Csquare, Inc.",CSQR,2752793600,16.52,United States
1410,Dynex Capital,DX,2741519360,11.08,United States
1411,AtriCure,ATRC,2725924864,53.59,United States
1412,Quaker Houghton,KWR,2725527808,158.39,United States
1413,MBX Biosciences,MBX,2723453440,56.55,United States
1414,Acadia Realty Trust,AKR,2723415040,18.68,United States
1415,Curaleaf,CURLF,2722834176,10.28,United States
1416,The Marzetti Company,MZTI,2720639744,99.69,United States
1417,TransMedics Group,TMDX,2717870080,78.64,United States
1418,WD-40 Company,WDFC,2715490304,202.33,United States
1419,Aveanna Healthcare,AVAH,2713353216,12.43,United States
1420,Bank of Hawaii,BOH,2711031296,68.72,United States
1421,Hilton Grand Vacations,HGV,2707132160,34.83,United States
1422,Appian,APPN,2705374464,37.77,United States
1423,H.B. Fuller,FUL,2703836672,50.23,United States
1424,United Natural Foods,UNFI,2700998912,44.78,United States
1425,Urban Edge Properties,UE,2693160192,19.56,United States
1426,Alarm.com,ALRM,2693090048,54.86,United States
1427,SoundHound AI,SOUN,2686878720,6.05,United States
1428,Huron Consulting,HURN,2679574272,168.42,United States
1429,Five9,FIVN,2671366144,35.75,United States
1430,Neogen,NEOG,2669617408,12.24,United States
1431,Hawkins,HWKN,2655106048,127.19,United States
1432,Liftoff Mobile,LFTO,2651731456,15.66,United States
1433,Graphic Packaging,GPK,2651151104,8.96,United States
1434,CarGurus,CARG,2648154624,29.73,United States
1435,MGE Energy,MGEE,2646770176,70.05,United States
1436,Redwire,RDW,2642421760,10.57,United States
1437,Plug Power,PLUG,2640699136,1.89,United States
1438,Kyndryl,KD,2639957248,12.12,United States
1439,NBT Bancorp,NBTB,2636453632,50.74,United States
1440,Perpetua Resources,PPTA,2618255104,20.93,United States
1441,Trustmark,TRMK,2617821696,45.08,United States
1442,ManpowerGroup,MAN,2617333248,56.28,United States
1443,Boise Cascade,BCC,2606383872,74.7,United States
1444,FB Financial,FBK,2603361024,52.09,United States
1445,"Hayward Holdings, Inc.",HAYW,2596343552,12.24,United States
1446,Ducommun,DCO,2596256000,171.94,United States
1447,Fermi Inc.,FRMI,2593892864,4.05,United States
1448,Brookdale Senior Living,BKD,2588779008,10.84,United States
1449,Guardian Pharmacy Services,GRDN,2586899712,40.84,United States
1450,Harley-Davidson,HOG,2584120320,24.83,United States
1451,Shake Shack,SHAK,2578475520,60.19,United States
1452,Callaway Golf Company,CALY,2574128384,14.32,United States
1453,Artisan Partners,APAM,2570070784,36.2,United States
1454,Diamondrock Hospitality Company,DRH,2569417728,12.51,United States
1455,Privia Health Group,PRVA,2558516224,20.03,United States
1456,First Bancorp,FBNC,2548925696,61.57,United States
1457,Freddie Mac,FMCC,2548233728,3.92,United States
1458,Celldex Therapeutics,CLDX,2527080448,32.18,United States
1459,Titan America,TTAM,2520383744,13.67,United States
1460,H2O America,HTO,2519779584,60.2,United States
1461,Beam Therapeutics,BEAM,2519186176,24.39,United States
1462,National Energy Services Reunited,NESR,2514738432,24.935,United States
1463,Acadia Healthcare,ACHC,2507190272,26.93,United States
1464,Northern Oil and Gas,NOG,2506035456,23.52,United States
1465,Liquidia Corporation,LQDA,2505353728,27.99,United States
1466,Customers Bancorp,CUBI,2501014784,74.03,United States
1467,McGraw Hill,MH,2498493184,13.06,United States
1468,First Merchants Corporation,FRME,2485680384,39.58,United States
1469,John Wiley &amp; Sons,WLY,2478444032,48.9,United States
1470,Innodata,INOD,2470393600,71.85,United States
1471,AMC Entertainment,AMC,2463588608,2.76,United States
1472,Grindr,GRND,2463038208,14.17,United States
1473,"Lincoln International, Inc.",LCLN,2462857728,23.41,United States
1474,Supernus Pharmaceuticals,SUPN,2455894528,42.18,United States
1475,Central Garden &amp; Pet,CENT,2453629952,39.2,United States
1476,Ingevity,NGVT,2443926272,71.09,United States
1477,Trump Media &amp; Technology Group,DJT,2443103744,8.79,United States
1478,Disc Medicine,IRON,2442168832,63.61,United States
1479,First Busey,BUSE,2432717056,29.46,United States
1480,Skyward Specialty Insurance Group,SKWD,2432039680,54.78,United States
1481,ePlus,PLUS,2429220608,92.89,United States
1482,Kaiser Aluminum,KALU,2426041856,148.39,United States
1483,Euronet Worldwide,EEFT,2423099136,63.64,United States
1484,Nurix Therapeutics,NRIX,2422264320,23.34,United States
1485,Dorian LPG,LPG,2421071872,56.59,United States
1486,Payoneer,PAYO,2419395072,7.14,United States
1487,Kennametal,KMT,2419272192,31.67,United States
1488,Stock Yards Bancorp,SYBT,2405179648,77.42,United States
1489,Hyperliquid Strategies,PURR,2379986176,12.03,United States
1490,Immunome,IMNM,2372636672,20.89,United States
1491,InvenTrust Properties,IVT,2368205056,30.37,United States
1492,Visteon,VC,2358683648,88.36,United States
1493,BKV Corporation,BKV,2357291008,21.54,United States
1494,Beacon Financial Corporation,BBT,2355232000,28.1,United States
1495,Four Corners Property Trust,FCPT,2350827776,21.42,United States
1496,Innospec,IOSP,2344136704,95.17,United States
1497,Axogen,AXGN,2342166528,39.92,United States
1498,Ichor Systems,ICHR,2340140032,62.48,United States
1499,Advance Auto Parts,AAP,2339896064,38.74,United States
1500,FIGS,FIGS,2339254528,14.08,United States
1501,PC Connection,CNXN,2336290816,92.57,United States
1502,Coty,COTY,2333819136,2.65,United States
1503,Kayne Anderson Capital Advisors,KYN,2332248064,13.79,United States
1504,NextNav,NN,2322824192,13.76,United States
1505,Opendoor,OPEN,2315367936,2.4,United States
1506,NeoGenomics,NEO,2315165440,17.78,United States
1507,Harmony Biosciences,HRMY,2304413952,39.57,United States
1508,nLIGHT,LASR,2303569664,39.93,United States
1509,LTC Properties,LTC,2300150272,42.67,United States
1510,LiveRamp,RAMP,2291970816,37.7,United States
1511,SELLAS Life Sciences,SLS,2288044800,11.33,United States
1512,Banner Bank,BANR,2287524096,67.31,United States
1513,UFP Technologies,UFPT,2284930560,294.99,United States
1514,Restoration Hardware,RH,2281635072,120.51,United States
1515,Schrödinger,SDGR,2278579456,30.46,United States
1516,Pitney Bowes,PBI,2277068544,16.61,United States
1517,Merchants Bancorp,MBIN,2274721536,49.52,United States
1518,Butterfly Network,BFLY,2271412480,8.53,United States
1519,Federal Agricultural Mortgage Corporation,AGM,2270383104,209.19,United States
1520,Helios Technologies,HLIO,2269965056,68.89,United States
1521,Intuitive Machines,LUNR,2267852032,14.05,United States
1522,Newell Brands,NWL,2261529088,5.31,United States
1523,Protolabs,PRLB,2257509376,94.37,United States
1524,HCI Group,HCI,2256285952,181.39,United States
1525,PDF Solutions,PDFS,2254511104,53.39,United States
1526,Alamar Biosciences,ALMR,2252489216,32.46,United States
1527,Clover Health Investments,CLOV,2246790912,4.23,United States
1528,Securitize Corp.,SECZ,2243270400,13.74,United States
1529,Vera Therapeutics,VERA,2233242880,30.99,United States
1530,"The Andersons, Inc.",ANDE,2230200064,65.49,United States
1531,Day One Biopharmaceuticals,DAWN,2224784640,21.53,United States
1532,ADMA Biologics,ADMA,2224167936,9.93,United States
1533,WaFd Bank,WAFD,2218865408,29.98,United States
1534,V2X,VVX,2216430336,70.71,United States
1535,Lindblad Expeditions,LIND,2206790144,33.63,United States
1536,PHINIA,PHIN,2199384320,60.03,United States
1537,Buckle,BKE,2199065600,42.69,United States
1538,Calix,CALX,2197443328,34.9,United States
1539,Upstart,UPST,2196580608,22.95,United States
1540,Northwest Bancshares,NWBI,2195422208,14.99,United States
1541,Recursion Pharmaceuticals,RXRX,2182623232,4.07,United States
1542,Peloton,PTON,2181192704,4.97,United States
1543,Hilltop Holdings,HTH,2172873728,37.93,United States
1544,Alpha Metallurgical Resources,AMR,2159114496,170.29,United States
1545,Custom Truck One Source,CTOS,2156752384,9.48,United States
1546,Enterprise Financial Services Corp,EFSC,2153454848,59.5,United States
1547,Sunshine Silver Mining & Refining Company,SSMR,2151587328,14.97,United States
1548,Viridian Therapeutics,VRDN,2151420160,18.99,United States
1549,Kohl's,KSS,2145082368,18.92,United States
1550,Diebold Nixdorf,DBD,2144745472,63.18,United States
1551,OFG Bancorp,OFG,2142437888,50.69,United States
1552,Patrick Industries,PATK,2137791616,66.56,United States
1553,Flywire,FLYW,2136484224,17.56,United States
1554,StubHub Holdings,STUB,2135882880,5.59,United States
1555,Keel Infrastructure,KEEL,2124451840,3.44,United States
1556,Prestige Consumer Healthcare,PBH,2120957312,44.77,United States
1557,GeneDx Holdings,WGS,2116207360,70.96,United States
1558,Pebblebrook Hotel Trust,PEB,2115219072,18.81,United States
1559,DoubleVerify,DV,2106900992,13.49,United States
1560,Sunstone Hotel Investors,SHO,2103026048,11.31,United States
1561,Sonos,SONO,2099718016,17.75,United States
1562,Trulieve Cannabis,TRLV,2093183872,10.87,United States
1563,Pediatrix Medical Group,MD,2093084288,25.76,United States
1564,Mineralys Therapeutics,MLYS,2091119104,23.72,United States
1565,ADARx Pharmaceuticals,ADRX,2086898048,19.54,United States
1566,Addus HomeCare,ADUS,2084855424,111.7,United States
1567,Monarch Casino &amp; Resort,MCRI,2082238336,116.18,United States
1568,Sharplink,SBET,2081002112,9.58,United States
1569,BioCryst Pharmaceuticals,BCRX,2074945024,8.12,United States
1570,Centuri Holdings,CTRI,2073781248,20.54,United States
1571,1st Source,SRCE,2068480640,85.94,United States
1572,Stagwell,STGW,2068262400,8.46,United States
1573,Structure Therapeutics,GPCR,2066559616,28.98,United States
1574,Allegiant Travel Company,ALGT,2062907008,75.46,United States
1575,Werner Enterprises,WERN,2056288896,34.3,United States
1576,Trinity Industries,TRN,2055472768,25.8,United States
1577,First Commonwealth Financial Corp,FCF,2049414272,20.28,United States
1578,Select Medical Holdings,SEM,2046298112,16.51,United States
1579,Inspire Medical Systems,INSP,2046276352,70.78,United States
1580,nCino,NCNO,2045995008,19.35,United States
1581,Asana,ASAN,2044703232,8.93,United States
1582,Minerals Technologies,MTX,2028972672,65.18,United States
1583,Chemours,CC,2028726400,13.48,United States
1584,Trevi Therapeutics,TRVI,2020307456,14.18,United States
1585,Vericel,VCEL,2019588864,39.44,United States
1586,Sonic Automotive,SAH,2015759744,63.76,United States
1587,Applied Aerospace &amp; Defense,AADX,2015280128,11.69,United States
1588,Thermon Group,THR,2013932928,61.14,United States
1589,Medical Properties Trust,MPT,2012563968,3.37,United States
1590,Bandwidth,BAND,2009368320,62.44,United States
1591,Target Hospitality,TH,2005602688,20.48,United States
1592,A10 Networks,ATEN,2004009088,27.6,United States
1593,Standard Nuclear,STDN,2000385536,12.45,United States
1594,Encore Capital Group,ECPG,2000043264,94.3,United States
1595,LCI Industries,LCII,1996217984,82.11,United States
1596,"The Bancorp, Inc.",TBBK,1996106368,48.94,United States
1597,"Interface, Inc.",TILE,1991225856,34.45,United States
1598,Perdoceo Education,PRDO,1991201920,31.82,United States
1599,Vertex,VERX,1990348288,12.3,United States
1600,Preformed Line Products,PLPC,1989847936,407.03,United States
1601,Whirlpool,WHR,1987276928,30.48,United States
1602,IDT Corporation,IDT,1986598144,79.98,United States
1603,City Holding Company,CHCO,1985845120,141.39,United States
1604,Biohaven,BHVN,1984715264,13.14,United States
1605,Gorman-Rupp,GRC,1984201600,75.13,United States
1606,UroGen Pharma,URGN,1982106880,40.55,United States
1607,Allient,ALNT,1971441152,115.95,United States
1608,NW Natural Holdings,NWN,1964084352,46.66,United States
1609,ARMOUR Residential REIT,ARR,1954847488,13.81,United States
1610,Douglas Emmett,DEI,1952492416,9.71,United States
1611,Nuvation Bio,NUVB,1952245120,5.56,United States
1612,PENN Entertainment,PENN,1948083328,14.52,United States
1613,Under Armour,UA,1945841408,4.53,United States
1614,Agios Pharmaceuticals,AGIO,1939117056,32.48,United States
1615,NGL Energy Partners,NGL,1931502976,15.6,United States
1616,Blackbaud,BLKB,1931348608,42.55,United States
1617,UWM Holdings,UWMC,1928353920,1.2,United States
1618,Braveheart Bio,BRVE,1927734272,21.41,United States
1619,Uniti,UNIT,1927237632,7.94,United States
1620,Innovex International,INVX,1921457280,27.52,United States
1621,Driven Brands,DRVN,1915415552,11.61,United States
1622,Palvella Therapeutics,PVLA,1912427776,132.73,United States
1623,Vir Biotechnology,VIR,1910448128,11.29,United States
1624,Progyny,PGNY,1906660992,24.85,United States
1625,Global Net Lease,GNL,1906059136,8.24,United States
1626,Blackstone Mortgage Trust,BXMT,1904542592,11.3,United States
1627,Alamo Group,ALG,1903052032,156.36,United States
1628,Porch Group,PRCH,1901457280,16.75,United States
1629,Quantum Computing,QUBT,1899050240,8.39,United States
1630,Midera Food Processing,MFP,1879325440,41.55,United States
1631,Western Union,WU,1877511424,6.02,United States
1632,Ziff Davis,ZD,1865909760,54.42,United States
1633,DXC Technology,DXC,1859824000,11.64,United States
1634,Kimbell Royalty Partners,KRP,1858272000,14.46,United States
1635,Insperity,NSP,1857436160,48.63,United States
1636,Sarepta Therapeutics,SRPT,1855866752,17.57,United States
1637,Worthington Steel,WS,1850890752,36.33,United States
1638,Expro Group,XPRO,1848355840,16.3,United States
1639,EZCorp,EZPW,1846987904,30.06,United States
1640,Fortrea,FTRE,1844939904,19.4,United States
1641,Absci,ABSI,1844850688,10.75,United States
1642,Hub Group,HUBG,1843778304,30.15,United States
1643,Neutron Holdings (Lime),LIME,1843306752,28.79,United States
1644,Xencor,XNCR,1841733760,24.77,United States
1645,Sunrun,RUN,1840070912,7.64,United States
1646,LeMaitre Vascular,LMAT,1833885696,80.19,United States
1647,German American Bancorp,GABC,1833845760,48.8,United States
1648,Spectrum Brands,SPB,1827000064,79.45,United States
1649,Voyager Technologies,VOYG,1825379200,29.91,United States
1650,World Kinect,WKC,1825089792,35.68,United States
1651,ACV Auctions,ACVA,1824412160,10.45,United States
1652,Vestis,VSTS,1821166208,13.78,United States
1653,Zenas BioPharma,ZBIO,1821037696,27.94,United States
1654,Horace Mann Educators,HMN,1820117376,44.94,United States
1655,Olin Corporation,OLN,1819160576,15.96,United States
1656,Photronics,PLAB,1818882688,30.83,United States
1657,Sonida Senior Living,SNDA,1814772736,37.77,United States
1658,Bob's Discount Furniture,BOBS,1813936512,13.88,United States
1659,Republic Bank,RBCAA,1810465152,92.21,United States
1660,TIC Solutions,TIC,1806864512,8.28,United States
1661,Enerpac Tool Group,EPAC,1802464640,34.97,United States
1662,Biolife Solutions,BLFS,1799400064,36.78,United States
1663,Weis Markets,WMK,1796952576,72.62,United States
1664,Marqeta,MQ,1788434816,17.0,United States
1665,Xenia Hotels &amp; Resorts,XHR,1787634048,18.07,United States
1666,Amplitude,AMPL,1786299776,14.3,United States
1667,C3 AI,AI,1786264192,11.11,United States
1668,SmartStop Self Storage REIT,SMA,1785093504,32.24,United States
1669,SharonAI Holdings,SHAZ,1784804608,49.85,United States
1670,"Happen, Inc.",HAPN,1777274880,15.4,United States
1671,Septerna,SEPN,1776057856,38.05,United States
1672,Generate Biomedicines,GENB,1771263616,13.8,United States
1673,Hycroft Mining,HYMC,1763929216,18.93,United States
1674,Blue Bird Corporation,BLBD,1761187712,55.6,United States
1675,Soho House & Co,SHCO,1758889344,8.99,United States
1676,Strategic Education,STRA,1749733632,78.79,United States
1677,Novavax,NVAX,1748424832,10.6,United States
1678,EverCommerce,EVCM,1747219328,9.89,United States
1679,Dime Community Bancshares,DCOM,1745068672,39.52,United States
1680,National Bank Holdings,NBHC,1744614016,39.17,United States
1681,Dentsply Sirona,XRAY,1742352768,8.74,United States
1682,Surgery Partners,SGRY,1732048512,13.23,United States
1683,Astrana Health,ASTH,1731688448,34.91,United States
1684,S&amp;T Bancorp,STBA,1728361728,49.01,United States
1685,Boston Beer Company,SAM,1727485824,165.89,United States
1686,Personalis,PSNL,1726161792,16.17,United States
1687,Sixth Street Specialty Lending,TSLX,1724757376,18.09,United States
1688,Hope Bancorp,HOPE,1724514816,13.5,United States
1689,Getty Realty,GTY,1724206336,27.84,United States
1690,Mach Natural Resources LP,MNR,1717895936,10.29,United States
1691,Century Communities,CCS,1710506368,60.16,United States
1692,CTS Corporation,CTS,1707946112,59.81,United States
1693,FirstSun Capital Bancorp,FSUN,1705274240,38.8,United States
1694,Netstreit,NTST,1698529152,17.39,United States
1695,Intellia Therapeutics,NTLA,1698335488,12.12,United States
1696,RLJ Lodging Trust,RLJ,1690740608,11.04,United States
1697,Evertec,EVTC,1687781248,27.39,United States
1698,Xeris Pharmaceuticals,XERS,1686462848,9.25,United States
1699,Goosehead Insurance,GSHD,1685055744,47.15,United States
1700,Live Oak Bank,LOB,1684260864,36.39,United States
1701,CBL Properties,CBL,1682357632,54.37,United States
1702,Byline Bancorp,BY,1680482944,37.19,United States
1703,NextDecade Corp,NEXT,1679630080,6.31,United States
1704,Stoke Therapeutics,STOK,1678327552,26.01,United States
1705,Sila Realty Trust,SILA,1677119744,30.36,United States
1706,ANI Pharmaceuticals,ANIP,1675916800,72.96,United States
1707,Albany International,AIN,1674360576,59.05,United States
1708,Ambiq Micro,AMBQ,1672360704,69.15,United States
1709,Genesis Energy  L.P.,GEL,1671891968,13.68,United States
1710,Trinity Capital,TRIN,1661872128,17.55,United States
1711,American Assets Trust,AAT,1659275136,21.39,United States
1712,Bank First,BFC,1657298304,149.5,United States
1713,TriCo Bancshares,TCBK,1655871360,51.8,United States
1714,Wolfspeed,WOLF,1649845760,31.17,United States
1715,Global Industrial Company,GIC,1647905536,43.07,United States
1716,Concentrix,CNXC,1646205440,27.01,United States
1717,Central Securities,CET,1639688704,55.49,United States
1718,Liberty Latin America,LILA,1637723904,8.36,United States
1719,Lucid Motors,LCID,1635176064,4.19,United States
1720,QCR Holdings,QCRH,1625443456,99.26,United States
1721,Origin Bancorp,OBK,1623310080,52.62,United States
1722,Wealthfront Corporation,WLTH,1619549696,10.37,United States
1723,Anterix,ATEX,1617415168,82.48,United States
1724,Distribution Solutions Group,DSGR,1616164480,34.94,United States
1725,Kestra Medical Technologies,KMTS,1615018112,27.115,United States
1726,Syndax Pharmaceuticals,SNDX,1614474624,18.22,United States
1727,OceanFirst Financial,OCFC,1611075712,16.67,United States
1728,Ingles Markets,IMKTA,1609203584,84.72,United States
1729,Alignment Healthcare,ALHC,1605548032,7.74,United States
1730,Nektar Therapeutics,NKTR,1604379264,46.99,United States
1731,Ocular Therapeutix,OCUL,1600999680,7.29,United States
1732,BlackLine,BL,1597282432,27.48,United States
1733,SkyWater Technology,SKYT,1597181312,32.46,United States
1734,Wolverine World Wide,WWW,1579777024,19.25,United States
1735,Rapport Therapeutics,RAPP,1575127296,32.83,United States
1736,Global Partners LP,GLP,1574993024,46.53,United States
1737,Jetblue Airways,JBLU,1565845632,4.15,United States
1738,Helix Energy Solutions,HLX,1562253952,10.6,United States
1739,Hawaiian Electric Industries,HE,1545085696,8.93,United States
1740,Taysha Gene Therapies,TSHA,1544450944,4.74,United States
1741,Stewart Information Services,STC,1542596992,50.66,United States
1742,Kosmos Energy,KOS,1536358144,2.58,United States
1743,Ellington Financial,EFC,1535172864,11.69,United States
1744,Perella Weinberg Partners,PWP,1533423872,15.755,United States
1745,Pathward Financial,CASH,1531412224,73.72,United States
1746,Kemper,KMPR,1528466560,25.94,United States
1747,ConnectOne Bancorp,CNOB,1526703744,30.34,United States
1748,Omnicell,OMCL,1525361664,33.44,United States
1749,Safety Insurance,SAFT,1523980800,103.81,United States
1750,ICF International,ICFI,1523842176,84.97,United States
1751,Kennedy Wilson,KW,1521191808,10.92,United States
1752,Huntsman Corporation,HUN,1520532736,8.67,United States
1753,Revolve Group,RVLV,1519124224,21.23,United States
1754,Azenta,AZTA,1510513280,34.48,United States
1755,Sally Beauty Holdings,SBH,1504510080,16.07,United States
1756,Alkami Technology,ALKT,1501465472,14.04,United States
1757,Corsair Gaming,CRSR,1498250880,13.85,United States
1758,Progress Software,PRGS,1495177984,36.58,United States
1759,Green Thumb Industries,GTII.CN,1493972552,6.83463,United States
1760,Eton Pharmaceuticals,ETON,1485751424,51.98,United States
1761,Capital Southwest Corporation,CSWC,1484999040,23.3,United States
1762,Innoviva,INVA,1484644736,20.55,United States
1763,Everforth,EFOR,1483789952,36.19,United States
1764,Maze Therapeutics,MAZE,1480385280,26.65,United States
1765,WEBTOON Entertainment,WBTN,1473822208,10.86,United States
1766,Fluence Energy,FLNC,1473597312,7.57,United States
1767,Lyntris Inc.,LYNX,1467919232,12.66,United States
1768,Atlas Energy Solutions,AESI,1461290240,11.69,United States
1769,Triumph Financial,TFIN,1460673024,61.13,United States
1770,Phibro Animal Health,PAHC,1456379520,35.87,United States
1771,Ultragenyx Pharmaceutical,RARE,1454185856,14.75,United States
1772,Nutex Health,NUTX,1453893120,212.31,United States
1773,AnaptysBio,ANAB,1453805696,48.63,United States
1774,Energizer Holdings,ENR,1452322560,21.21,United States
1775,REX American Resources,REX,1451434240,43.75,United States
1776,Hemab Therapeutics Holdings,COAG,1450878336,31.06,United States
1777,J&amp;J Snack Foods,JJSF,1449319168,77.58,United States
1778,Goodyear,GT,1448130816,5.03,United States
1779,Ardent Health,ARDT,1445720576,10.25,United States
1780,Tyra Biosciences,TYRA,1444562176,21.01,United States
1781,Lakeland Financial Corp,LKFN,1444116224,58.095,United States
1782,HawkEye 360,HAWK,1443032576,14.73,United States
1783,Inhibrx Biosciences,INBX,1441300480,97.93,United States
1784,KalVista Pharmaceuticals,KALV,1437504000,27.0,United States
1785,Esquire Financial Holdings,ESQ,1430640640,118.19,United States
1786,Amalgamated Financial,AMAL,1430423040,47.84,United States
1787,Kailera Therapeutics,KLRA,1429969792,11.03,United States
1788,American Superconductor Corporation,AMSC,1429043200,29.5,United States
1789,ArriVent BioPharma,AVBP,1426472576,28.93,United States
1790,MasterBrand,MBC,1426468480,7.01,United States
1791,Certara,CERT,1424712320,9.34,United States
1792,Vistance Networks,VISN,1420658688,6.16,United States
1793,Savers Value Village,SVV,1417419648,9.25,United States
1794,United Parks &amp; Resorts,PRKS,1413741952,31.18,United States
1795,Healthcare Services Group,HCSG,1412450688,20.58,United States
1796,Innovative Industrial Properties,IIPR,1406138752,51.0,United States
1797,Dorchester Minerals,DMLP,1404014336,28.6,United States
1798,Amprius Technologies,AMPX,1403834752,9.61,United States
1799,i-80 Gold,IAUX,1402760704,1.62,United States
1800,Arhaus,ARHS,1399089536,9.87,United States
1801,Stepan Company,SCL,1398733184,61.53,United States
1802,Digital Turbine,APPS,1397737728,11.55,United States
1803,Tompkins Financial,TMP,1395285632,97.01,United States
1804,Olaplex,OLPX,1391282176,2.07,United States
1805,Burke & Herbert Financial Services,BHRB,1390280960,68.87,United States
1806,Pursuit Attractions and Hospitality,PRSU,1389108736,50.95,United States
1807,AMN Healthcare Services,AMN,1388857600,35.86,United States
1808,MillerKnoll,MLKN,1386315776,20.15,United States
1809,United Fire Group,UFCS,1383893504,53.94,United States
1810,TriMas,TRS,1383655296,38.57,United States
1811,Agilon Health,AGL,1381580800,82.28,United States
1812,CONMED,CNMD,1375660800,45.93,United States
1813,Frontier Airlines,ULCC,1374388096,5.97,United States
1814,Arlo Technologies,ARLO,1374221952,12.77,United States
1815,Shoals Technologies,SHLS,1368278656,8.13,United States
1816,Liquidity Services,LQDT,1367311744,43.64,United States
1817,Community Trust Bancorp,CTBI,1367138560,75.25,United States
1818,Westamerica Bancorporation,WABC,1366331264,59.12,United States
1819,ADI Global Distribution,ADIG,1365099136,17.98,United States
1820,Cricut,CRCT,1364530304,6.515,United States
1821,The Pennant Group,PNTG,1354898688,38.79,United States
1822,Atlanticus,ATLC,1354532736,89.29,United States
1823,Evolution Metals & Technologies,EMAT,1351617408,2.155,United States
1824,Hillman Solutions,HLMN,1350142208,6.94,United States
1825,Coursera,COUR,1343152000,5.08,United States
1826,Omeros Corporation,OMER,1337012224,18.47,United States
1827,"Kardigan, Inc.",KARD,1332427648,14.25,United States
1828,FMC Corporation,FMC,1331473792,8.56,United States
1829,Forestar Group,FOR,1327757312,26.03,United States
1830,Peoples Bancorp,PEBO,1325912064,36.89,United States
1831,FuelCell Energy,FCEL,1324840960,16.57,United States
1832,Oil-Dri Corporation Of America,ODC,1323617536,91.41,United States
1833,Sylvamo,SLVM,1318847232,33.17,United States
1834,CVR Partners,UAN,1316765568,124.58,United States
1835,BigBear.ai,BBAI,1313814912,2.74,United States
1836,First Mid Bancshares,FMBH,1310942208,49.28,United States
1837,UMH Properties,UMH,1308961280,15.33,United States
1838,HBT Financial,HBT,1301888896,35.8,United States
1839,Exzeo Group,XZO,1300840704,14.44,United States
1840,ORIC Pharmaceuticals,ORIC,1297731328,12.52,United States
1841,National Vision Holdings,EYE,1296736640,16.4,United States
1842,NAPCO Security Technologies,NSSC,1294459648,36.19,United States
1843,ProAssurance,PRA,1290193152,25.0,United States
1844,Dauch Corporation,DCH,1290193024,5.43,United States
1845,Red Violet,RDVT,1287769728,80.25,United States
1846,Herbalife,HLF,1286985472,12.28,United States
1847,Ategrity Specialty Insurance Company,ASIC,1282045312,26.75,United States
1848,Two Harbors Investment,TWO,1280541440,12.18,United States
1849,Oppenheimer Holdings,OPY,1279285376,119.47,United States
1850,P3 Health Partners,PIII,1277751168,6.27,United States
1851,Newsmax,NMAX,1274815616,9.87,United States
1852,Ryerson,RYZ,1272035968,24.51,United States
1853,MannKind Corp,MNKD,1270100736,3.95,United States
1854,"RPC, Inc.",RES,1267878016,5.72,United States
1855,Replimune,REPL,1267254016,13.45,United States
1856,Empire State Realty Trust,ESRT,1265208448,4.13,United States
1857,Utz Brands,UTZ,1263624448,14.26,United States
1858,Boost Run,BRUN,1263055488,15.89,United States
1859,BJ's Restaurants,BJRI,1260470528,59.25,United States
1860,Leggett &amp; Platt,LEG,1256618752,9.2,United States
1861,Quantum Corporation,QMCO,1256587904,31.885,United States
1862,Preferred Bank,PFBC,1256311680,105.99,United States
1863,ScanSource,SCSC,1253285760,62.22,United States
1864,Old Second Bancorp,OSBC,1253068800,24.63,United States
1865,Integra LifeSciences,IART,1251359616,16.09,United States
1866,Omada Health,OMDA,1249432960,20.41,United States
1867,Damora Therapeutics,DMRA,1248909568,20.23,United States
1868,"Alexander's, Inc.",ALX,1245310592,243.83,United States
1869,"Suncrete, Inc.",RMIX,1241884672,12.72,United States
1870,ARKO Petroleum,APC,1241030400,15.03,United States
1871,PROG Holdings,PRG,1240755328,31.15,United States
1872,The Greenbrier Companies,GBX,1240371968,40.09,United States
1873,"U.S. Physical Therapy, Inc.",USPH,1232614784,82.6,United States
1874,Edgewell Personal Care,EPC,1229191424,26.67,United States
1875,XPEL,XPEL,1228552576,44.56,United States
1876,PagerDuty,PD,1225364992,15.58,United States
1877,Clear Channel Outdoor,CCO,1221825280,2.4,United States
1878,Avalyn Pharma,AVLN,1215613440,27.42,United States
1879,Sprinklr,CXM,1211934336,5.22,United States
1880,Bicara Therapeutics,BCAX,1204347520,18.2,United States
1881,InnovAge,INNV,1200772608,8.8,United States
1882,Universal Insurance Holdings,UVE,1200323328,43.13,United States
1883,Seneca Foods,SENEA,1198573952,177.03,United States
1884,Bristow Group,VTOL,1194572544,40.3,United States
1885,Wendy’s,WEN,1191687040,6.25,United States
1886,Genco Shipping &amp; Trading,GNK,1186427392,27.22,United States
1887,Walker &amp; Dunlop,WD,1185267840,34.53,United States
1888,York Space Systems,YSS,1182648832,8.61,United States
1889,G-III Apparel Group,GIII,1182105344,27.57,United States
1890,Arteris,AIP,1180142080,24.01,United States
1891,Gibraltar Industries,ROCK,1179340800,39.73,United States
1892,La-Z-Boy,LZB,1179153664,29.44,United States
1893,Flowers Foods,FLO,1179039232,5.56,United States
1894,Myers Industries,MYE,1177069568,31.29,United States
1895,National Healthcare Properties,NHP,1175226752,16.12,United States
1896,OPKO Health,OPK,1171735424,1.57,United States
1897,Avanos Medical,AVNS,1170726912,24.99,United States
1898,Harmonic Inc.,HLIT,1169192320,10.72,United States
1899,Donnelley Financial Solutions,DFIN,1167559936,47.49,United States
1900,Grocery Outlet,GO,1166224512,11.77,United States
1901,Carter's,CRI,1164111616,31.71,United States
1902,American Savings Bank,ASBH,1158914048,17.83,United States
1903,Cracker Barrel,CBRL,1156067712,51.72,United States
1904,MarineMax,HZO,1155798912,52.33,United States
1905,Amerant Bancorp,AMTB,1150614144,29.36,United States
1906,Tandem Diabetes Care,TNDM,1148048640,16.5,United States
1907,"Harrow, Inc.",HROW,1147503104,30.61,United States
1908,Eos Energy Enterprises,EOSE,1143486720,3.14,United States
1909,Lindsay Corporation,LNN,1142779264,112.38,United States
1910,Willis Lease Finance Corporation,WLFC,1142412672,47.8,United States
1911,Heritage Financial,HFWA,1141134976,27.89,United States
1912,Easterly Government Properties,DEA,1138404864,23.23,United States
1913,Biglari,BH,1137463680,357.19,United States
1914,Tennant Company,TNC,1137188480,66.7,United States
1915,Univest Financial Corporation,UVSP,1136879232,41.22,United States
1916,Great Lakes Dredge &amp; Dock Corp.,GLDD,1135273600,17.0,United States
1917,Mission Produce,AVO,1124037120,12.82,United States
1918,Willdan Group,WLDN,1122300416,73.68,United States
1919,STAAR Surgical,STAA,1122222336,22.38,United States
1920,ZoomInfo,GTM,1120773632,3.85,United States
1921,GoodRx,GDRX,1115545344,3.27,United States
1922,Ameresco,AMRC,1114390400,21.0,United States
1923,Bowhead Specialty Holdings,BOW,1113473536,33.8,United States
1924,Six Flags,FUN,1113201536,10.88,United States
1925,LGI Homes,LGIH,1108412032,47.71,United States
1926,Latigo Biotherapeutics,LTGO,1106536192,16.69,United States
1927,Ladder Capital,LADR,1106265472,8.72,United States
1928,ProPetro,PUMP,1105415296,9.0,United States
1929,CRA International,CRAI,1103283712,175.77,United States
1930,Piedmont Realty Trust,PDM,1102420224,8.81,United States
1931,Jefferson Capital,JCAP,1098837632,19.135,United States
1932,T1 Energy,TE,1098397440,3.73,United States
1933,Marcus &amp; Millichap,MMI,1096744192,28.96,United States
1934,Prospect Capital,PSEC,1094324608,2.05,United States
1935,Suburban Propane Partners,SPH,1093415936,16.39,United States
1936,IRadimed,IRMD,1090730368,85.3,United States
1937,Ecovyst,ECVT,1090305280,9.96,United States
1938,The RealReal,REAL,1088956416,8.95,United States
1939,Unusual Machines,UMAC,1088052736,21.78,United States
1940,Metropolitan Bank Holding,MCB,1086045312,87.6,United States
1941,Flotek Industries,FTK,1079006592,29.79,United States
1942,Amphastar Pharmaceuticals,AMPH,1078336896,25.35,United States
1943,Castle Biosciences,CSTL,1077022976,35.255,United States
1944,Winmark,WINA,1075710848,299.46,United States
1945,Northeast Bank,NBN,1072571456,124.7,United States
1946,Turning Point Brands,TPB,1071411968,55.32,United States
1947,National Presto Industries,NPK,1071266368,150.12,United States
1948,"Cadre Holdings, Inc.",CDRE,1070946624,25.01,United States
1949,Artivion,AORT,1069223936,21.93,United States
1950,Marten Transport,MRTN,1067185920,13.08,United States
1951,Karat Packaging,KRT,1063755904,53.37,United States
1952,Andersen Group,ANDG,1063477952,57.36,United States
1953,Oaktree Specialty Lending Corporation,OCSL,1056145344,11.99,United States
1954,Five Star Bancorp,FSBC,1053111424,42.92,United States
1955,Deluxe Corporation,DLX,1051943296,22.94,United States
1956,Universal Technical Institute,UTI,1048462272,19.03,United States
1957,Green Plains,GPRE,1046523264,14.93,United States
1958,Capitol Federal Financial,CFFN,1044939264,8.47,United States
1959,Upwork,UPWK,1041694080,8.34,United States
1960,Saul Centers,BFS,1041175552,29.98,United States
1961,Enovis,ENOV,1040934336,18.05,United States
1962,Trupanion,TRUP,1039780928,23.7,United States
1963,Universal Corporation,UVV,1037801024,41.68,United States
1964,Janux Therapeutics,JANX,1036879616,16.96,United States
1965,USA TODAY Co.,TDAY,1036534592,7.06,United States
1966,Savara,SVRA,1033857792,5.045,United States
1967,Gentherm,THRM,1033753280,33.63,United States
1968,Sweetgreen,SG,1033278656,8.68,United States
1969,Orchid Island Capital,ORC,1032440256,5.23,United States
1970,Teladoc Health,TDOC,1030148416,5.67,United States
1971,Aktis Oncology,AKTS,1030073152,18.52,United States
1972,MeiraGTx,MGTX,1023818304,10.66,United States
1973,ASA Gold and Precious Metals,ASA,1020271872,55.58,United States
1974,Graham Corporation,GHM,1019948160,86.9,United States
1975,Mercantile Bank,MBWM,1018141184,58.9,United States
1976,Beta Bionics,BBNX,1017965056,18.87,United States
1977,Seaport Therapeutics,SPTX,1014404032,18.95,United States
1978,Northwest Pipe Company,NWPX,1009689600,104.77,United States
1979,Heritage Insurance,HRTG,1005847680,33.83,United States
1980,Ventyx Biosciences,VTYX,1004502016,14.0,United States
1981,NPK International,NPKI,1004484032,11.83,United States
1982,HighPeak Energy,HPK,1004035264,7.94,United States
1983,Vishay Precision Group,VPG,1000231040,75.09,United States
1984,CEVA,CEVA,1000032640,35.52,United States
1985,CNB Financial Corp,CCNE,997631360,33.68,United States
1986,Emerald Holding,EEX,997505920,5.04,United States
1987,American Bitcoin Corp,ABTC,996485312,8.18,United States
1988,Aeva Technologies,AEVA,996095296,14.29,United States
1989,MetroCity Bankshares,MCBS,993930240,34.68,United States
1990,Alto Neuroscience,ANRO,993217600,25.31,United States
1991,Business First Bancshares,BFST,991469440,30.46,United States
1992,Whitestone REIT,WSR,988012416,18.99,United States
1993,Middlesex Water Company,MSEX,987988096,52.43,United States
1994,Dream Finders Homes,DFH,985927488,10.89,United States
1995,Pacira Biosciences,PCRX,984091584,25.01,United States
1996,Rackspace Technology,RXT,983809152,3.86,United States
1997,XPLR Infrastructure,XIFR,983549056,10.43,United States
1998,Yelp,YELP,982714176,18.11,United States
1999,TripAdvisor,TRIP,981544512,8.375,United States
2000,Odyssey Therapeutics,ODTX,981355136,20.42,United States
2001,LegalZoom,LZ,981347392,5.73,United States
2002,Global Medical REIT,GMRE,979776256,35.98,United States
2003,Horizon Bancorp,HBNC,979653440,19.08,United States
2004,Vor Biopharma,VOR,978596864,18.06,United States
2005,AEVEX Corp.,AVEX,977762240,14.13,United States
2006,Equity Bancshares,EQBK,977731392,47.48,United States
2007,NB Bancorp,NBBK,975837760,22.27,United States
2008,PROCEPT BioRobotics,PRCT,974797696,17.02,United States
2009,NexPoint Residential Trust,NXRT,973247680,18.86,United States
2010,Lumexa Imaging,LMRI,970357312,10.1,United States
2011,Frequency Electronics,FEIM,969164480,85.97,United States
2012,Kforce,KFRC,967981440,54.05,United States
2013,Red Cat Holdings,RCAT,966681920,6.33,United States
2014,Eastman Kodak Company,KODK,964382784,9.85,United States
2015,Centerspace,CSR,961918016,54.35,United States
2016,Monte Rosa Therapeutics,GLUE,960628928,11.26,United States
2017,Camden National Corporation,CAC,953331392,56.42,United States
2018,Kura Oncology,KURA,947430528,10.65,United States
2019,Nextdoor,NXDR,945841536,2.48,United States
2020,NCR Voyix Corporation,VYX,944398144,6.84,United States
2021,BrightView,BV,940816000,10.16,United States
2022,"Apnimed, Inc.",APMD,938357824,22.54,United States
2023,Astec Industries,ASTE,936672000,40.68,United States
2024,Cullinan Therapeutics,CGEM,935073728,14.53,United States
2025,Alumis,ALMS,933228096,7.21,United States
2026,Trustco Bank,TRST,932268736,54.75,United States
2027,HealthStream,HSTM,928891200,30.36,United States
2028,Central Pacific Financial,CPF,928709888,36.07,United States
2029,Ibotta,IBTA,927182912,39.92,United States
2030,Forum Energy Technologies,FET,925570112,82.3,United States
2031,Hanmi Financial,HAFC,925353280,31.21,United States
2032,"Forbright, Inc.",FRBT,924419328,18.21,United States
2033,Unitil Corporation,UTL,922775680,50.6,United States
2034,Resolute Holdings Management,RHLD,922712192,118.0,United States
2035,Corvus Pharmaceuticals,CRVS,919441920,10.93,United States
2036,Bioventus,BVS,918704192,13.45,United States
2037,Diversified Energy,DEC.L,918164375,13.2996,United States
2038,Douglas Dynamics,PLOW,916158720,39.7,United States
2039,Compass Minerals,CMP,915602816,21.81,United States
2040,Upbound Group,UPBD,914134656,15.68,United States
2041,Barings BDC,BBDC,910949824,8.7,United States
2042,Mid Penn Bancorp,MPB,909787584,35.91,United States
2043,Riley Exploration Permian,REPX,909634432,41.06,United States
2044,Phoenix Education Partners,PXED,909475264,25.23,United States
2045,Southside Bancshares,SBSI,907129664,30.49,United States
2046,CeriBell,CBLL,906106944,23.61,United States
2047,"Sinclair, Inc.",SBGI,904699008,12.51,United States
2048,Arbutus Biopharma,ABUS,903362176,4.56,United States
2049,Heartland Express,HTLD,900151552,11.64,United States
2050,Daily Journal,DJCO,899857728,653.04,United States
2051,Taboola.com,TBLA,896915904,3.32,United States
2052,Postal Realty Trust,PSTL,896704320,22.53,United States
2053,Beazer Homes USA,BZH,890832640,33.39,United States
2054,SpyGlass Pharma,SGP,886371456,26.5,United States
2055,Oxford Lane Capital,OXLC,882272256,9.0,United States
2056,First Financial,THFF,879881344,73.99,United States
2057,Quanex Building Products,NX,879863232,19.2,United States
2058,Virtus Investment Partners,VRTS,879360768,132.78,United States
2059,CryoPort,CYRX,879268416,17.36,United States
2060,Kronos Worldwide,KRO,878194112,7.63,United States
2061,Backblaze,BLZE,877742016,14.18,United States
2062,Jade Biosciences,JBIO,875736064,13.77,United States
2063,Alpha &amp; Omega Semiconductor,AOSL,873998272,28.84,United States
2064,Simply Good Foods,SMPL,873799168,9.88,United States
2065,Employers Holdings,EIG,873778624,48.65,United States
2066,PubMatic,PUBM,873650176,19.18,United States
2067,Ardelyx,ARDX,872673984,3.38,United States
2068,Talkspace,TALK,870574976,5.25,United States
2069,Rigel Pharmaceuticals,RIGL,869042752,46.97,United States
2070,O-I Glass,OI,868177600,5.65,United States
2071,BlackSky Technology,BKSY,865560512,21.15,United States
2072,Sana Biotechnology,SANA,865152256,2.89,United States
2073,BitGo,BTGO,865135808,7.36,United States
2074,Tetra Technologies,TTI,863264320,5.83,United States
2075,Babcock &amp; Wilcox,BW,862507776,5.79,United States
2076,Accel Entertainment,ACEL,861950784,10.59,United States
2077,PureCycle Technologies,PCT,861881664,4.29,United States
2078,BellRing Brands,BRBR,860458624,7.4,United States
2079,Eagle Bancorp,EGBN,859952832,28.21,United States
2080,Kopin Corporation,KOPN,856872768,4.61,United States
2081,Koppers Holdings,KOP,854613760,45.19,United States
2082,Navient,NAVI,854370624,9.11,United States
2083,QuinStreet,QNST,853772992,14.92,United States
2084,SmartFinancial (SmartBank),SMBK,852529856,49.86,United States
2085,Great Southern Bancorp,GSBC,851204288,78.11,United States
2086,Immix Biopharma,IMMX,848097152,10.23,United States
2087,Evolv Technologies,EVLV,847194368,4.71,United States
2088,Daktronics,DAKT,846911552,17.61,United States
2089,Viant Technology,DSP,846515584,12.725,United States
2090,NANO Nuclear Energy,NNE,844671808,15.73,United States
2091,Transcat,TRNS,844067648,90.18,United States
2092,Republic Airways,RJET,842282816,17.99,United States
2093,Ginkgo Bioworks,DNA,841753472,12.5,United States
2094,Covenant Logistics,CVLG,839496960,33.08,United States
2095,Lightwave Logic,LWLG,838669824,5.44,United States
2096,Marcus Corporation,MCS,835859904,27.11,United States
2097,Capital City Bank Group,CCBG,835128832,48.8,United States
2098,Safehold,SAFE,834923968,11.79,United States
2099,ASGN,ASGN,833931008,19.53,United States
2100,Satellogic,SATL,833270272,5.42,United States
2101,Hippo Holdings,HIPO,831529344,31.51,United States
2102,Standard Motor Products,SMP,830197760,37.29,United States
2103,Heritage Commerce,HTBK,828429632,13.45,United States
2104,Compass Diversified Holdings,CODI,828348032,11.01,United States
2105,Ridgepost Capital,RPC,826788288,7.5,United States
2106,SunCoke Energy,SXC,826681024,9.74,United States
2107,Cantaloupe,CTLP,825815936,11.2,United States
2108,Service Properties Trust,SVC,824975424,6.37,United States
2109,Obsidian Therapeutics,OBX,822814720,13.32,United States
2110,CrossAmerica Partners,CAPL,821488512,21.52,United States
2111,N-Able,NABL,819849984,4.34,United States
2112,SI-BONE,SIBN,816470336,18.41,United States
2113,Rapid7,RPD,812851776,12.06,United States
2114,Attovia Therapeutics,ATTO,812136000,17.79,United States
2115,Paysign,PAYS,810796544,14.36,United States
2116,Mitek Systems,MITK,809946688,17.95,United States
2117,Lexicon Pharmaceuticals,LXRX,809819840,1.82,United States
2118,Metallus,MTUS,808412032,19.42,United States
2119,The Manitowoc Company,MTW,807788096,22.4,United States
2120,Orrstown Financial Services,ORRF,807044736,41.03,United States
2121,Apollo Commercial Real Estate Finance,ARI,805171968,6.28,United States
2122,Sabre,SABR,803130560,1.99,United States
2123,Dakota Gold,DC,802354496,5.98,United States
2124,Avalo Therapeutics,AVTX,801768320,14.95,United States
2125,ProFrac,ACDC,801340224,4.4,United States
2126,JBG SMITH,JBGS,800879168,10.37,United States
2127,Montrose Environmental,MEG,800798912,22.14,United States
2128,World Acceptance Corporation,WRLD,799866688,171.63,United States
2129,GCM Grosvenor,GCMG,799531584,13.08,United States
2130,South Plains Financial,SPFI,796517312,42.28,United States
2131,Groupon,GRPN,794193280,19.53,United States
2132,American Public Education,APEI,793554944,43.36,United States
2133,Alerus Financial,ALRS,790950400,31.73,United States
2134,Angel Studios,ANGX,789979264,4.23,United States
2135,Independent Bank Corporation,IBCP,789628928,35.57,United States
2136,Southern Missouri Bancorp,SMBC,785907584,71.36,United States
2137,Varex Imaging,VREX,785149120,18.49,United States
2138,Chimera Investment Corporation,CIM,784379712,9.37,United States
2139,MFA Financial,MFA,782420608,7.74,United States
2140,Annexon,ANNX,781066048,4.12,United States
2141,Westrock Coffee,WEST,781019072,8.0,United States
2142,Peakstone Realty Trust,PKST,780562688,20.99,United States
2143,Peapack-Gladstone Financial,PGC,780561728,44.03,United States
2144,LSI Industries,LYTS,780252416,20.94,United States
2145,Pacific Biosciences,PACB,780185216,2.51,United States
2146,John B. Sanfilippo & Son,JBSS,779019712,66.62,United States
2147,Financial Institutions,FISI,778007104,39.48,United States
2148,Geron,GERN,777392832,1.21,United States
2149,Boxabl Inc.,BXBL,775392320,3.21,United States
2150,"MNTN, Inc.",MNTN,773464704,10.34,United States
2151,Sky Harbour Group,SKYH,773031424,9.47,United States
2152,AdaptHealth,AHCO,772787520,5.68,United States
2153,Fox Factory Holding,FOXF,772109504,18.37,United States
2154,Abacus Global Management,ABX,771580800,7.89,United States
2155,Fidus Investment Corporation,FDUS,769958912,19.36,United States
2156,New Era Energy & Digital,NUAI,769477376,6.37,United States
2157,Design Therapeutics,DSGN,765999424,12.24,United States
2158,"TXO Partners, L.P.",TXO,765160448,13.8,United States
2159,4D Molecular Therapeutics,FDMT,764579904,13.84,United States
2160,CTO Realty Growth,CTO,762829056,20.35,United States
2161,HomeTrust Bancshares,HTB,762038528,46.09,United States
2162,LightPath Technologies,LPTH,759893376,10.85,United States
2163,Barrett Business Services,BBSI,758803456,31.31,United States
2164,Shore Bancshares,SHBI,757550720,22.7,United States
2165,Movado Group,MOV,757500672,33.95,United States
2166,TaskUs,TASK,757334848,8.26,United States
2167,Cytek Biosciences,CTKB,755202688,5.81,United States
2168,Golden Entertainment,GDEN,753686080,28.55,United States
2169,Arbor Realty Trust,ABR,752121856,3.71,United States
2170,Hyliion,HYLN,751894272,4.21,United States
2171,Reformation Inc.,REF,750307328,12.7,United States
2172,Westlake Chemical Partners,WLKP,749327424,21.26,United States
2173,Solid Biosciences,SLDB,748432192,6.98,United States
2174,Winnebago Industries,WGO,745450688,26.37,United States
2175,Apogee Enterprises,APOG,745206784,35.71,United States
2176,Gyre Therapeutics,GYRE,742236288,7.0,United States
2177,Chaince Digital Holdings,CD,741425600,6.74,United States
2178,Carlyle Secured Lending,CGBD,741025408,10.77,United States
2179,Bowman Consulting Group,BWMN,738244480,42.59,United States
2180,Latham Group,SWIM,737640960,6.27,United States
2181,River City Bank,RCBC,732491776,52.34,United States
2182,Strawberry Fields REIT,STRW,727404608,12.87,United States
2183,OmniAb,OABI,725498048,4.99,United States
2184,Olema Pharmaceuticals,OLMA,723605248,8.27,United States
2185,Mesa Laboratories,MLAB,723545856,129.3,United States
2186,Washington Trust Bancorp,WASH,720627776,37.78,United States
2187,Bain Capital Specialty Finance,BCSF,719391744,11.09,United States
2188,Bloomin' Brands,BLMN,717503296,8.38,United States
2189,Root Insurance,ROOT,715943168,46.21,United States
2190,Verastem Oncology,VSTM,715451200,7.9,United States
2191,Lucky Strike Entertainment,LUCK,714358784,5.24,United States
2192,Third Coast Bancshares,TCBX,713319360,42.87,United States
2193,Community West Bancshares,CWBC,712001536,26.24,United States
2194,QuidelOrtho,QDEL,711812928,10.38,United States
2195,XOMA Royalty,XOMA,710155008,40.17,United States
2196,PRA Group,PRAA,710041472,18.86,United States
2197,Energy Vault,NRGV,707355968,3.89,United States
2198,Enhabit,EHAB,706913408,13.8,United States
2199,EverQuote,EVER,706758144,19.98,United States
2200,Vitesse Energy,VTS,706089408,16.77,United States
2201,Green Dot,GDOT,704906688,12.37,United States
2202,Bally's Corporation,BALY,704049792,13.95,United States
2203,Lincoln Educational Services,LINC,703265216,22.17,United States
2204,Carter Bankshares,CARE,703256960,30.36,United States
2205,LSB Industries,LXU,702695680,9.76,United States
2206,Natural Grocers by Vitamin Cottage,NGVC,702437568,30.48,United States
2207,American Woodmark,AMWD,700651840,48.09,United States
2208,"Sturm, Ruger &amp; Co",RGR,698409536,43.71,United States
2209,Legacy Housing Corporation,LEGH,694226880,29.19,United States
2210,California BanCorp,BCAL,692844096,21.55,United States
2211,PennantPark Floating Rate Capital Ltd.,PFLT,691548736,6.97,United States
2212,Arrow Financial,AROW,690379200,37.27,United States
2213,Cass Information Systems,CASS,687690240,53.7,United States
2214,Shattuck Labs,STTK,686484672,6.84,United States
2215,ProKidney,PROK,682602176,1.71,United States
2216,Peoples Financial Services,PFIS,682406720,68.17,United States
2217,RE/MAX Holdings,RMAX,681161536,12.36,United States
2218,Entravision Communications,EVC,681087680,7.38,United States
2219,Grid Dynamics,GDYN,679843264,8.38,United States
2220,Midland States Bancorp,MSBI,679424192,32.74,United States
2221,Kimball Electronics,KE,679213376,28.31,United States
2222,WhiteFiber,WYFI,679065088,17.48,United States
2223,Five Point Holdings,FPH,677393408,4.58,United States
2224,Udemy,UDMY,677283328,4.63,United States
2225,MiMedx Group,MDXG,677135168,4.64,United States
2226,Collegium Pharmaceutical,COLL,677022336,21.84,United States
2227,PennyMac Mortgage Investment Trust,PMT,676690304,7.76,United States
2228,Nuvectis Pharma,NVCT,676385024,20.72,United States
2229,ParkOhio Holdings Corp.,PKOH,674365056,46.54,United States
2230,Village Super Market,VLGEA,674276096,45.53,United States
2231,Once Upon A Farm,OFRM,673949952,16.05,United States
2232,Hovnanian Enterprises,HOV,673912256,115.01,United States
2233,Factorial Energy,FAC,673711360,6.295,United States
2234,Donegal Group,DGICA,673191296,18.17,United States
2235,Cannae Holdings,CNNE,670565568,15.46,United States
2236,OneSpan,OSPN,668794240,18.04,United States
2237,Red River Bancshares,RRBI,667760000,101.42,United States
2238,indie Semiconductor,INDI,667609600,2.88,United States
2239,Chatham Lodging Trust,CLDT,665528384,13.56,United States
2240,Sagimet Biosciences,SGMT,664414144,9.37,United States
2241,New Mountain Finance Corporation,NMFC,664000320,7.03,United States
2242,Scholastic,SCHL,659978560,35.85,United States
2243,Gemini Space Station,GEMI,657336704,5.07,United States
2244,MISTRAS Group,MG,657279040,20.63,United States
2245,Yext,YEXT,655239040,6.62,United States
2246,Consensus Cloud Solutions,CCSI,654749440,35.73,United States
2247,Tron Inc.,TRON,654647296,1.38,United States
2248,DoubleDown Interactive,DDI,652123264,13.16,United States
2249,Bar Harbor Bankshares,BHB,651697536,38.87,United States
2250,OTC Markets Group,OTCM,650103296,54.25,United States
2251,Aclaris Therapeutics,ACRS,649147136,4.41,United States
2252,Capital Bancorp,CBNK,648578752,39.8,United States
2253,Armada Hoffler Properties,AHH,647902656,6.25,United States
2254,Park Aerospace,PKE,646446016,29.72,United States
2255,Smith &amp; Wesson,SWBI,646139776,14.41,United States
2256,Summit Hotel Properties,INN,646042240,5.99,United States
2257,Papa John's Pizza,PZZA,645265088,19.6,United States
2258,Tiptree,TIPT,644246656,17.3,United States
2259,Phreesia,PHR,643054976,10.36,United States
2260,Mativ Holdings,MATV,642964608,11.65,United States
2261,ACNB Corporation,ACNB,642235456,62.89,United States
2262,Priority Technology Holdings,PRTH,641633920,7.78,United States
2263,Northfield Bancorp,NFBK,639406784,15.31,United States
2264,Hallador Energy Company,HNRG,637378176,13.52,United States
2265,SLR Investment,SLRC,636652544,11.67,United States
2266,AngioDynamics,ANGO,635863232,15.12,United States
2267,Climb Bio,CLYM,635819328,11.07,United States
2268,Reservoir Media,RSVR,635108224,9.65,United States
2269,Starling Oncology,STLN,633408640,6.215,United States
2270,First Watch Restaurant,FWRG,631318208,10.23,United States
2271,Sable Offshore,SOC,631250880,3.29,United States
2272,Petco,WOOF,630122624,2.2,United States
2273,Sprout Social,SPT,628947136,10.38,United States
2274,Gladstone Investment,GAIN,626797760,15.74,United States
2275,Aura Biosciences,AURA,626377024,6.04,United States
2276,Helen of Troy,HELE,625391808,26.85,United States
2277,"Eve Holding, Inc.",EVEX,623790528,1.79,United States
2278,Hingham Institution for Savings,HIFS,623689408,283.85,United States
2279,Forge Global,FRGE,623007296,45.0,United States
2280,NETGEAR,NTGR,622399552,22.9,United States
2281,Ironwood Pharmaceuticals,IRWD,621302208,3.76,United States
2282,Gladstone Commercial,GOOD,621063424,12.72,United States
2283,The Elmet Group,ELMT,619850816,20.35,United States
2284,Hudson Pacific Properties,HPP,619748992,11.42,United States
2285,Coastal Financial Corporation,CCB,619707712,40.54,United States
2286,United States Antimony Corporation,UAMY,618134528,4.13,United States
2287,"Yesway, Inc.",YSWY,617785920,19.81,United States
2288,Shentel,SHEN,617316160,11.15,United States
2289,Climb Global Solutions,CLMB,616920768,33.06,United States
2290,Hertz,HTZ,616660928,1.73,United States
2291,EagleRock Land,EROK,611881344,25.02,United States
2292,Vaalco Energy,EGY,610112320,5.8,United States
2293,Enovix,ENVX,610066880,2.78,United States
2294,Tronox,TROX,610054080,3.82,United States
2295,Zevra Therapeutics,ZVRA,604526912,10.18,United States
2296,Mama's Creations,MAMA,603959104,12.81,United States
2297,Miller Industries,MLR,603822656,53.19,United States
2298,Array Technologies,ARRY,599089984,3.89,United States
2299,Forward Industries,FWDI,597336704,7.83,United States
2300,PAR Technology,PAR,595209408,14.39,United States
2301,WhiteHawk Minerals Corp,WHK,594172352,24.97,United States
2302,Weave Communications,WEAV,593724288,7.38,United States
2303,Limbach Holdings,LMB,592357824,49.69,United States
2304,"Nerdy, Inc,",NRDY,592289408,8.2,United States
2305,Cardinal Infrastructure Group,CDNL,591709504,29.74,United States
2306,BlossomHill Therapeutics,BLSM,590881472,18.59,United States
2307,3D Systems,DDD,588160448,3.54,United States
2308,IBEX,IBEX,587977920,44.28,United States
2309,AH Realty Trust,AHRT,587923392,6.13,United States
2310,Teamshares,TMS,586766080,7.93,United States
2311,Fulgent Genetics,FLGT,586075712,21.3,United States
2312,"AGNT, Inc",AGNT,584993152,3.56,United States
2313,Bit Digital,BTBT,584226304,1.62,United States
2314,First Business Financial Services,FBIZ,581514560,69.49,United States
2315,Kearny Financial,KRNY,581194112,9.2,United States
2316,Granite Ridge Resources,GRNT,580361088,4.4,United States
2317,Matthews International Corporation,MATW,579940736,18.58,United States
2318,CorMedix,CRMD,578346880,7.42,United States
2319,Greene County Bancorp,GCBC,577163904,33.9,United States
2320,Velocity Financial,VEL,576824064,14.61,United States
2321,ADTRAN,ADTN,576073600,7.07,United States
2322,Bluelinx,BXC,574262912,73.79,United States
2323,CytomX Therapeutics,CTMX,573075136,2.63,United States
2324,IperionX,IPX,573063936,15.82,United States
2325,Ooma,OOMA,572976000,20.76,United States
2326,Phathom Pharmaceuticals,PHAT,572778624,7.08,United States
2327,Kelly Services,KELYA,570645824,16.43,United States
2328,Bridgewater Bancshares,BWB,569387712,20.42,United States
2329,Janus International Group,JBI,568937280,4.17,United States
2330,Southern First Bancshares,SFST,567168704,59.88,United States
2331,OrthoPediatrics,KIDS,566321344,21.69,United States
2332,Contango Ore,CTGO,563475648,16.85,United States
2333,Insteel Industries,IIIN,562163520,29.04,United States
2334,Aquestive Therapeutics,AQST,557271744,4.44,United States
2335,Civista Bancshares,CIVB,552502912,26.57,United States
2336,Pangaea Logistics Solutions,PANL,550634432,8.41,United States
2337,Titan Machinery,TITN,550199104,23.38,United States
2338,Unity Bancorp,UNTY,548826880,54.65,United States
2339,Enviri Corporation,NVRI,548579712,19.46,United States
2340,W&amp;T Offshore,WTI,547922880,3.63,United States
2341,NerdWallet,NRDS,547821568,8.57,United States
2342,XMax Inc.,XMAX,547803840,8.49,United States
2343,Northrim BanCorp,NRIM,545886592,24.54,United States
2344,Hyster-Yale Materials Handling,HY,545001728,30.42,United States
2345,GAMCO Investors,GAMI,544241344,25.34,United States
2346,Prime Medicine,PRME,542316800,2.99,United States
2347,Investors Title Company,ITIC,539494848,285.75,United States
2348,The Honest Company,HNST,538567552,5.02,United States
2349,Solid Power,SLDP,538507648,2.36,United States
2350,Franklin BSP Realty Trust,FBRT,537303808,6.47,United States
2351,Altimmune,ALT,536868832,2.76,United States
2352,NVE Corporation,NVEC,535958112,110.8,United States
2353,Cars.com,CARS,535327104,10.0,United States
2354,MapLight Therapeutics,MPLT,535194176,9.63,United States
2355,Delcath Systems,DCTH,534708448,15.41,United States
2356,Ethan Allen,ETD,533325440,21.16,United States
2357,Allogene Therapeutics,ALLO,532055936,1.54,United States
2358,Neurogene,NGNE,531302176,26.55,United States
2359,Ramaco Resources,METC,530481664,8.33,United States
2360,Crescent Biopharma,CBIO,529713824,14.26,United States
2361,Senseonics Holdings,SENS,526625568,9.96,United States
2362,Home Bancorp,HBCP,526159616,66.85,United States
2363,Flushing Financial Corp,FFIC,524179680,15.47,United States
2364,Bank7,BSVN,523826848,54.99,United States
2365,Forward Air,FWRD,523603392,15.5,United States
2366,Monopar Therapeutics,MNPR,523348064,77.97,United States
2367,Bankwell Financial Group,BWFG,523120832,65.62,United States
2368,Capricor Therapeutics,CAPR,519762528,8.94,United States
2369,908 Devices,MASS,517084640,12.51,United States
2370,Veradigm,MDRX,516615808,4.74,United States
2371,Northpointe Bancshares,NPB,513540352,14.85,United States
2372,MediaAlpha,MAX,512804896,9.68,United States
2373,Methode Electronics,MEI,509367776,14.29,United States
2374,GMR Solutions Inc.,GMRS,508884544,9.42,United States
2375,Sierra Bancorp,BSRR,508165184,39.2,United States
2376,Puma Biotechnology,PBYI,507941440,9.84,United States
2377,Evolus,EOLS,507927872,7.69,United States
2378,Wabash National,WNC,507585152,12.46,United States
2379,OppFi,OPFI,506989056,5.95,United States
2380,Zion Oil &amp; Gas,ZNOG,506550336,0.425,United States
2381,Universal Health Realty Income Trust,UHT,506329056,36.43,United States
2382,American Integrity Insurance Group,AII,506294176,25.84,United States
2383,Carriage Services,CSV,504898208,31.79,United States
2384,Farmland Partners,FPI,504683712,11.49,United States
2385,Krispy Kreme,DNUT,503150016,2.9,United States
2386,Kura Sushi USA,KRUS,502881696,41.39,United States
2387,i3 Verticals,IIIV,502789888,14.455,United States
2388,SandRidge Energy,SD,502741024,13.56,United States
2389,Glass House Brands,GLAS,501370144,5.32,United States
2390,NioCorp Developments,NB,500264256,3.43,United States
2391,Hamilton Beach Brands,HBB,498979360,37.12,United States
2392,Orange County Bancorp,OBT,498642112,37.19,United States
2393,Chiron Real Estate,XRN,497971168,34.39,United States
2394,Concrete Pumping Holdings,BBCP,497887008,9.88,United States
2395,Sight Sciences,SGHT,497444544,9.03,United States
2396,Rayonier Advanced Materials,RYAM,496508512,7.34,United States
2397,FrontView REIT,FVR,494143104,16.35,United States
2398,Oil States International,OIS,494042240,8.19,United States
2399,West Bancorporation,WTBA,492223328,28.88,United States
2400,Tactile Medical,TCMD,491781120,21.71,United States
2401,ChoiceOne Financial Services,COFS,491587936,32.87,United States
2402,Private Bancorp of America,PBAM,490634912,85.69,United States
2403,TPG Real Estate Finance Trust,TRTX,490134048,6.34,United States
2404,REGENXBIO,RGNX,489817888,7.42,United States
2405,First Foundation,FFWM,489265120,5.9,United States
2406,Contineum Therapeutics,CTNM,488698496,12.99,United States
2407,York Water,YORW,486208256,29.96,United States
2408,Arvinas,ARVN,485819392,7.43,United States
2409,Ponce Financial Group,PDLB,485693024,20.08,United States
2410,Eightco Holdings,ORBS,485648480,1.13,United States
2411,Bright Minds Biosciences,DRUG,485410432,49.21,United States
2412,BrightSpire Capital,BRSP,484587584,3.83,United States
2413,MasterCraft Boat,MCFT,483379936,19.86,United States
2414,One Liberty Properties,OLP,481590976,21.99,United States
2415,Farmers &amp; Merchants Bancorp,FMAO,480821088,34.91,United States
2416,Brandywine Realty Trust,BDN,480247360,2.78,United States
2417,Weyco Group,WEYS,479554848,50.21,United States
2418,Quad,QUAD,478075520,9.29,United States
2419,Alpha Teknova,TKNO,475677856,8.86,United States
2420,Ovid Therapeutics,OVID,474573792,2.43,United States
2421,Shoe Carnival,SCVL,473247296,17.43,United States
2422,NRC Health,NRC,472010208,21.32,United States
2423,Assembly Biosciences,ASMB,467886496,22.98,United States
2424,Cerus Corporation,CERS,467537760,2.32,United States
2425,Universal Logistics Holdings,ULH,466973792,17.71,United States
2426,Johnson Outdoors,JOUT,466450080,44.51,United States
2427,Calavo Growers,CVGW,466334752,26.09,United States
2428,Industrial Logistics Properties Trust,ILPT,465218784,6.97,United States
2429,AlTi Global,ALTI,464711392,2.98,United States
2430,Gray Media,GTN,464459584,4.51,United States
2431,AMC Networks,AMCX,462824704,11.22,United States
2432,Eagle Point Credit Company,ECC,461547328,3.47,United States
2433,Aspen Aerogels,ASPN,461417632,5.56,United States
2434,ARKO Corp.,ARKO,461083328,4.11,United States
2435,Columbus McKinnon,CMCO,459951744,15.935,United States
2436,Redwood Trust,RWT,458485376,3.65,United States
2437,Verra Mobility,VRRM,454428576,2.99,United States
2438,Everspin Technologies,MRAM,454127648,18.65,United States
2439,Virgin Galactic,SPCE,453271744,2.99,United States
2440,Citizens &amp; Northern Corp,CZNC,451779328,25.19,United States
2441,NeuroPace,NPCE,451364160,13.15,United States
2442,DiaMedica Therapeutics,DMAC,450279584,8.35,United States
2443,Malibu Boats,MBUU,449244576,22.83,United States
2444,CompX International,CIX,448682496,36.41,United States
2445,Idaho Strategic Resources,IDR,447089312,28.25,United States
2446,Onterris,ONT,447044800,12.73,United States
2447,Tejon Ranch,TRC,445583616,16.49,United States
2448,RBB Bancorp,RBB,443536576,26.22,United States
2449,Tectonic Therapeutic,TECX,443184128,22.67,United States
2450,AMERISAFE,AMSF,442905312,23.68,United States
2451,Bank of Marin Bancorp,BMRC,441455200,27.26,United States
2452,Havertys,HVT,441334592,27.42,United States
2453,Titan International,TWI,438888000,6.8,United States
2454,Intrepid Potash,IPI,438687552,32.6,United States
2455,Gladstone Capital Corporation,GLAD,438531456,19.41,United States
2456,Monro,MNRO,438081216,14.02,United States
2457,American Coastal Insurance Corporation,ACIC,437243008,9.25,United States
2458,Clearfield,CLFD,436995808,32.17,United States
2459,Genie Energy,GNE,432168224,16.42,United States
2460,ATN International,ATNI,431910144,28.04,United States
2461,El Pollo Loco,LOCO,431843360,14.19,United States
2462,Pioneer Bancorp,PBFS,431608544,17.85,United States
2463,AdvanSix,ASIX,431478944,15.98,United States
2464,Commercial Bancgroup,CBK,431178944,31.47,United States
2465,Valhi,VHI,430765344,15.21,United States
2466,Colony Bankcorp,CBAN,430573376,20.29,United States
2467,Spire Global,SPIR,429092096,10.97,United States
2468,Plumas Bancorp,PLBC,428814560,61.62,United States
2469,Cross Country Healthcare,CCRN,428060928,13.25,United States
2470,Strata Critical Medical,SRTA,427294688,4.83,United States
2471,Acacia Research,ACTG,425478496,4.36,United States
2472,Caleres,CAL,424411200,12.3,United States
2473,Radiant Logistics,RLGT,422517408,9.01,United States
2474,Natural Gas Services Group,NGS,422418848,32.75,United States
2475,Summit Midstream,SMC,422192192,30.63,United States
2476,Ur-Energy,URG,421735520,1.06,United States
2477,Cogent Communications,CCOI,421505472,8.23,United States
2478,Star Group,SGU,419983584,12.8,United States
2479,Nathan's Famous,NATH,415172672,101.4,United States
2480,Bed Bath &amp; Beyond,BBBY,414399584,4.35,United States
2481,ASP Isotopes,ASPI,413935328,2.7,United States
2482,Xerox,XRX,412327584,3.14,United States
2483,"Citi Trends, Inc.",CTRN,411968704,49.4,United States
2484,Serve Robotics,SERV,411860640,4.75,United States
2485,Gladstone Land,LAND,411522880,9.54,United States
2486,ARS Pharmaceuticals,SPRY,409723040,4.12,United States
2487,Atea Pharmaceuticals,AVIR,409043936,5.1,United States
2488,USCB Financial Holdings,USCB,407731552,22.07,United States
2489,Barnes &amp; Noble Education,BNED,404886976,11.68,United States
2490,Turn Therapeutics,TTRX,404194144,13.31,United States
2491,Kyverna Therapeutics,KYTX,403219264,6.52,United States
2492,Magnera,MAGN,402992000,11.32,United States
2493,Community Healthcare Trust,CHCT,402576544,14.09,United States
2494,DigiPowerX,DGXX,402544864,3.97,United States
2495,Fossil Group,FOSL,402138752,6.8,United States
2496,Eikon Therapeutics,EIKN,401362880,7.41,United States
2497,Rimini Street,RMNI,400497248,4.29,United States
2498,Avidia Bancorp,AVBC,400092672,21.66,United States
2499,Mayville Engineering Company,MEC,399845216,15.68,United States
2500,Investar Holding,ISTR,398982656,28.96,United States
2501,Montauk Renewables,MNTK,397131776,2.79,United States
2502,Zura Bio,ZURA,396732608,4.14,United States
2503,EVgo,EVGO,396289792,1.26,United States
2504,Richtech Robotics,RR,393928384,1.75,United States
2505,Rezolute,RZLT,393659936,4.07,United States
2506,FRP Holdings,FRPH,392798944,20.49,United States
2507,Transcontinental Realty Investors,TCI,391669792,44.64,United States
2508,Acco Brands,ACCO,391384064,4.24,United States
2509,Vista Gold,VGZ,391203200,2.68,United States
2510,Boston Omaha,BOC,391042816,12.98,United States
2511,Gloo Holdings,GLOO,390837536,4.27,United States
2512,PCB Bancorp,PCB,390720832,27.82,United States
2513,Bumble,BMBL,390702752,2.55,United States
2514,Twin Disc,TWIN,390515296,26.86,United States
2515,Relmada Therapeutics,RLMD,390411648,3.66,United States
2516,Shoulder Innovations,SI,390355424,18.75,United States
2517,First Carolina Financial Services,FCBM,390224800,12.56,United States
2518,Chemung Financial Corporation,CHMG,388658848,80.61,United States
2519,Cooper Standard,CPS,388612608,21.87,United States
2520,Myriad Genetics,MYGN,388337568,4.06,United States
2521,Community Health Systems,CYH,387775744,2.75,United States
2522,Editas Medicine,EDIT,387021664,2.52,United States
2523,MVB Financial,MVBF,386302048,29.79,United States
2524,C4 Therapeutics,CCCC,386298944,3.14,United States
2525,Parke Bancorp,PKBK,384364832,32.68,United States
2526,Evolent Health,EVH,383271168,3.39,United States
2527,Vital Farms,VITL,382949152,8.92,United States
2528,L.B. Foster,FSTR,382498592,36.36,United States
2529,Orchestra BioMed,OBIO,381667040,6.35,United States
2530,Primis Financial,FRST,381657728,15.39,United States
2531,Citizens Financial Services,CZFS,380651936,79.14,United States
2532,Oxford Industries,OXM,380148576,25.38,United States
2533,First Bancorp,FNLC,380102016,33.69,United States
2534,Galectin Therapeutics,GALT,379194688,3.76,United States
2535,Oportun Financial,OPRT,378245152,8.225,United States
2536,Genesco,GCO,376649504,34.81,United States
2537,Agenus,AGEN,376198752,8.33,United States
2538,PowerFleet,AIOT,375832576,2.8,United States
2539,Arcturus Therapeutics,ARCT,375468736,13.21,United States
2540,Opus Genetics,IRD,375213184,4.51,United States
2541,Orthofix Medical,OFIX,375147328,9.21,United States
2542,Enanta Pharmaceuticals,ENTA,373970176,12.84,United States
2543,Simulations Plus,SLP,373957248,18.49,United States
2544,Orion Group Holdings,ORN,372151680,9.19,United States
2545,Value Line,VALU,371577984,39.605,United States
2546,AVITA Medical,RCEL,371431456,12.01,United States
2547,Cerence,CRNC,366365088,8.1,United States
2548,GigCapital9,GIX,365833600,10.01,United States
2549,KKR Real Estate Finance Trust,KREF,363183264,6.2,United States
2550,NexPoint Real Estate Finance,NREF,362787680,15.75,United States
2551,J.Jill,JILL,362656640,24.4,United States
2552,Northeast Community Bancorp,NECB,362597984,26.34,United States
2553,Fennec Pharmaceuticals,FENC,362243776,10.33,United States
2554,Claritev,CTEV,361150464,21.31,United States
2555,Southern States Bancshares,SSBK,361068608,36.37,United States
2556,Movano,MOVE,360958016,11.44,United States
2557,Ranger Energy Services,RNGR,360625184,15.41,United States
2558,Dine Brands Global,DIN,359646464,28.41,United States
2559,Optimum Communications,OPTU,359461088,0.9424,United States
2560,PureTech Health,PRTC.L,355209656,1.45926,United States
2561,Flexsteel Industries,FLXS,353771936,86.46,United States
2562,CION Investment Corporation,CION,351799328,7.15,United States
2563,Waterstone Financial,WSBF,350731808,19.51,United States
2564,"Suja Life, Inc.",SUJA,349556352,9.05,United States
2565,ClearPoint Neuro,CLPT,349273408,11.45,United States
2566,Advantage Solutions,ADV,349149312,27.23,United States
2567,Ranpak,PACK,349036256,4.07,United States
2568,Civeo,CVEO,348868992,33.75,United States
2569,ON24,ONTF,348249024,8.1,United States
2570,Bakkt Holdings,BKKT,347485504,7.71,United States
2571,Stitch Fix,SFIX,347369568,2.6,United States
2572,International Money Express,IMXI,347131584,11.49,United States
2573,Timberland Bancorp,TSBK,347028064,44.63,United States
2574,Clean Energy Fuels,CLNE,346098688,1.57,United States
2575,FS Bancorp,FSBW,346013120,44.01,United States
2576,Viemed Healthcare,VMD,345841120,9.08,United States
2577,NL Industries,NL,345714080,7.07,United States
2578,LendingTree,TREE,344671200,24.55,United States
2579,Rocky Brands,RCKY,344443360,46.0,United States
2580,Ring Energy,REI,343912288,1.32,United States
2581,Energy Recovery,ERII,342000672,6.7,United States
2582,Nano Dimension,NNDM,341559200,1.62,United States
2583,Artesian Resources,ARTNA,340381888,32.96,United States
2584,Verano Holdings,VRNOF,340106912,0.94,United States
2585,Avidbank Holdings,AVBH,339828864,30.94,United States
2586,Ocugen,OCGN,339110400,1.0,United States
2587,BayCom (United Business Bank),BCML,337431616,30.9,United States
2588,CapsoVision,CV,336289472,6.32,United States
2589,Kodiak AI,KDK,335032352,1.67,United States
2590,M-tron Industries,MPTI,334504800,76.96,United States
2591,Benitec Biopharma,BNTC,334176544,9.58,United States
2592,8x8,EGHT,333646016,2.31,United States
2593,Alight,ALIT,333538112,9.06,United States
2594,Innovative Aerosystems,IA,333103616,18.61,United States
2595,Alpine Income Property Trust,PINE,332604768,17.36,United States
2596,Artiva Biotherapeutics,ARTV,331963904,6.79,United States
2597,Lantronix,LTRX,330968576,7.06,United States
2598,Repay Holdings,RPAY,328927776,3.73,United States
2599,Embecta,EMBC,328059072,5.79,United States
2600,Perma-Fix Environmental Services,PESI,326974816,15.41,United States
2601,Syntec Optics,OPTX,326669824,8.11,United States
2602,Emergent BioSolutions,EBS,326611136,6.37,United States
2603,Scribe Therapeutics,SCTX,325151584,17.175,United States
2604,Gevo,GEVO,325116800,1.315,United States
2605,American Battery Technology Company,ABAT,325077280,2.28,United States
2606,iHeartMedia,IHRT,325057248,2.1,United States
2607,NewtekOne,NEWT,324664384,11.24,United States
2608,John Marshall Bancorp,JMSB,323167872,22.9,United States
2609,Sanara MedTech,SMTI,320478656,34.88,United States
2610,Cabaletta Bio,CABA,320440864,1.89,United States
2611,Camping World,CWH,319778048,5.01,United States
2612,"TWFG, Inc.",TWFG,318788256,24.75,United States
2613,Orion S.A.,OEC,318788032,5.64,United States
2614,PrimeEnergy Resources,PNRG,318767296,201.42,United States
2615,Lifeway Foods,LWAY,318752352,21.1,United States
2616,LiveWire Group,LVWR,318389312,1.55,United States
2617,Larimar Therapeutics,LRMR,317881792,3.06,United States
2618,Public Policy Holding Company,PPHC,317877920,10.52,United States
2619,FVCBankcorp,FVCB,317401984,17.6,United States
2620,Envela Corporation,ELA,316494752,12.19,United States
2621,Telos,TLS,316136640,4.23,United States
2622,BridgeBio Oncology Therapeutics,BBOT,315886592,3.94,United States
2623,CoastalSouth Bancshares,COSO,315477824,26.39,United States
2624,Horizon Technology Finance,HRZN,315366336,4.62,United States
2625,C&amp;F Financial Corporation,CFFI,314926272,96.85,United States
2626,Presidio Production Company,FTW,313763008,9.96,United States
2627,Clearwater Paper,CLW,313636192,19.45,United States
2628,Funko,FNKO,313576288,5.6,United States
2629,Maui Land &amp; Pineapple Company,MLP,313377472,15.78,United States
2630,Cadiz Inc.,CDZI,313305184,3.7,United States
2631,Build-A-Bear Workshop,BBW,313034304,25.41,United States
2632,Quantum-Si,QSI,313003968,1.43,United States
2633,BioAge Labs,BIOA,312557952,6.81,United States
2634,Perspective Therapeutics,CATX,310492544,2.72,United States
2635,Lands' End,LE,309918176,10.49,United States
2636,Designer Brands,DBI,309807840,6.06,United States
2637,The RMR Group,RMR,308468864,18.06,United States
2638,Chain Bridge Bancorp,CBNA,308274144,46.98,United States
2639,Ribbon Communications,RBBN,307576192,1.72,United States
2640,Aimco,AIV,307005248,1.99,United States
2641,NI Holdings,NODK,305866816,14.99,United States
2642,OPAL Fuels,OPAL,305707488,1.75,United States
2643,Silvaco Group,SVCO,305649568,9.02,United States
2644,First Community Corporation,FCCO,305209280,32.47,United States
2645,"Deep Fission, Inc.",FISN,305132736,5.18,United States
2646,SES AI,SES,303081888,0.8163,United States
2647,Palmer Square Capital BDC,PSBD,302527552,9.87,United States
2648,Amtech Systems,ASYS,302014720,17.25,United States
2649,Prelude Therapeutics,PRLD,301855712,3.79,United States
2650,"Mobia Medical, Inc.",MOBI,300618592,9.03,United States
2651,"NN, Inc.",NNBR,299767040,3.63,United States
2652,RCM Technologies,RCMT,298794112,42.02,United States
2653,Vogenx,VOGX,297993024,20.06,United States
2654,Lexeo Therapeutics,LXEO,297159104,3.62,United States
2655,Matrix Service Company,MTRX,295933472,10.46,United States
2656,Princeton Bancorp,BPRN,294057760,43.16,United States
2657,Gogo Inflight Internet,GOGO,294052064,2.17,United States
2658,ZipRecruiter,ZIP,292725120,3.56,United States
2659,Jakks Pacific,JAKK,291847808,25.5,United States
2660,Century Therapeutics,IPSC,291531296,1.61,United States
2661,Seaport Entertainment Group,SEG,291288832,22.74,United States
2662,Vanda Pharmaceuticals,VNDA,290825536,4.81,United States
2663,AirJoule Technologies Corporation,AIRJ,290455680,3.96,United States
2664,First Western Financial,MYFW,290414944,29.74,United States
2665,TrueBlue,TBI,288612352,9.48,United States
2666,Holley,HLLY,288537280,2.38,United States
2667,Biodesix,BDSX,288362048,27.33,United States
2668,Isabella Bank Corporation,ISBA,287455936,37.68,United States
2669,Abeona Therapeutics,ABEO,286491936,5.01,United States
2670,Standard BioTools,LAB,285915136,0.7283,United States
2671,Regional Management Corp.,RM,285907360,30.99,United States
2672,Friedman Industries,FRD,285842912,39.63,United States
2673,CPI Card Group,PMTS,285626432,24.64,United States
2674,Alto Ingredients,ALTO,285451968,3.68,United States
2675,Rocket Pharmaceuticals,RCKT,284316192,2.59,United States
2676,Alico,ALCO,284205088,38.31,United States
2677,Paysafe,PSFE,284052160,5.44,United States
2678,First United Corporation,FUNC,283065248,43.86,United States
2679,QNB Corp.,QNBC,282150720,45.44,United States
2680,Treace Medical Concepts,TMCI,281599616,4.33,United States
2681,Ames National Corp.,ATLO,281039584,31.73,United States
2682,Fulcrum Therapeutics,FULC,280773920,3.68,United States
2683,X4 Pharmaceuticals,XFOR,280585280,2.83,United States
2684,Franklin Financial Services Corporation,FRAF,280323968,62.3,United States
2685,Duos Technologies Group,DUOT,280105248,8.9,United States
2686,Marine Products Corporation,MPX,280037408,8.18,United States
2687,ThredUp,TDUP,279740672,2.13,United States
2688,Hawthorn Bancshares,HWBK,279678912,38.24,United States
2689,EyePoint Pharmaceuticals,EYPT,278465216,3.23,United States
2690,SAB Biotherapeutics,SABS,278418272,3.06,United States
2691,Information Services Group,III,277893280,5.74,United States
2692,"TSS, Inc.",TSSI,277675648,9.84,United States
2693,Runway Growth Finance,RWAY,277443552,6.62,United States
2694,NexPoint Diversified Real Estate Trust,NXDT,277213440,5.22,United States
2695,CS Disco,LAW,276558208,4.26,United States
2696,Upstream Bio,UPB,276046048,5.04,United States
2697,Richardson Electronics,RELL,275879872,18.56,United States
2698,MGP Ingredients,MGPI,275813312,12.88,United States
2699,Western New England Bancorp,WNEB,275630752,13.75,United States
2700,Fate Therapeutics,FATE,275587168,2.3,United States
2701,NACCO Industries,NC,274473280,36.37,United States
2702,GoPro,GPRO,274453984,1.33,United States
2703,ChargePoint,CHPT,273873312,10.2,United States
2704,Medallion Financial Corp.,MFIN,273686144,11.92,United States
2705,Middlefield Banc,MBCN,273627936,33.67,United States
2706,The Hackett Group,HCKT,272910272,10.97,United States
2707,loanDepot,LDI,272394304,0.613,United States
2708,HireQuest,HQI,272113280,19.59,United States
2709,National Bankshares,NKSH,270402688,42.46,United States
2710,Neighborhood Intelligence,NXH,270258432,2.83,United States
2711,American Realty Investors,ARL,270062144,16.72,United States
2712,Inhibikase Therapeutics,IKT,269304288,1.93,United States
2713,Saratoga Investment,SAR,268872896,16.72,United States
2714,Commerce.com,CMRC,268463136,3.24,United States
2715,Xperi,XPER,268245024,5.5,United States
2716,fuboTV,FUBO,268213968,8.88,United States
2717,LCNB Corp.,LCNB,267851232,18.79,United States
2718,TechTarget,TTGT,267630832,3.7,United States
2719,OraSure Technologies,OSUR,267598272,3.88,United States
2720,USANA,USNA,265507792,14.37,United States
2721,BCB Bancorp,BCBP,265388224,8.63,United States
2722,Sutro Biopharma,STRO,264801312,15.97,United States
2723,Outdoor Holding Company,POWW,264618912,2.28,United States
2724,Escalade Sports,ESCA,263482640,19.14,United States
2725,Palladyne AI,PDYN,262727568,5.325,United States
2726,Kingstone Companies,KINS,262597040,18.14,United States
2727,Pure Cycle (water),PCYO,262420368,10.89,United States
2728,Strattec Security,STRT,262094288,65.77,United States
2729,Evommune,EVMN,261666128,7.21,United States
2730,Slam Corp,SLMWF,261266432,11.14,United States
2731,Omega Flex,OFLX,261140112,25.87,United States
2732,Swarmer,SWMR,261047728,16.38,United States
2733,Immuneering,IMRX,260730528,4.03,United States
2734,Virginia National Bankshares,VABK,260142272,47.95,United States
2735,Soluna Holdings,SLNH,259266000,1.06,United States
2736,Anika Therapeutics,ANIK,259094224,19.36,United States
2737,InfuSystem,INFU,258729440,12.82,United States
2738,Newegg,NEGG,258609424,12.33,United States
2739,Aviat Networks,AVNW,257694976,20.13,United States
2740,GBank Financial Holdings,GBFH,257667104,17.75,United States
2741,Perma-Pipe International,PPIH,256673008,31.32,United States
2742,Portillo's,PTLO,255990944,3.53,United States
2743,TriSalus Life Sciences,TLSI,255534592,4.15,United States
2744,Huuuge,HUG.WA,255242504,5.70411,United States
2745,Conduent,CNDT,255054112,1.64,United States
2746,Greenwich LifeSciences,GLSI,254666912,17.35,United States
2747,Chicago Atlantic Real Estate Finance,REFI,254417984,9.93,United States
2748,Gencor Industries,GENC,254311136,17.35,United States
2749,Microvast,MVST,253792784,0.66,United States
2750,Silver Bow Mining,SBMT,253649824,8.59,United States
2751,OpGen,OPGN,251197920,24.75,United States
2752,BRT Apartments,BRT,250326432,13.32,United States
2753,Palisade Bio,PALI,249206896,1.43,United States
2754,PAMT Corp,PAMT,248584576,11.87,United States
2755,EVI Industries,EVI,248426896,19.29,United States
2756,Blend Labs,BLND,248338960,1.05,United States
2757,Lifecore Biomedical,LFCR,247525200,6.53,United States
2758,Zentalis Pharmaceuticals,ZNTL,246620336,2.605,United States
2759,Q32 Bio,QTTB,245598096,8.25,United States
2760,Eagle Financial Services,EFSI,245234768,45.31,United States
2761,E. W. Scripps Company,SSP,244646144,2.64,United States
2762,Cresco Labs,CRLBF,244358560,0.66,United States
2763,Vuzix,VUZI,243535056,2.885,United States
2764,Jack in the Box,JACK,243002112,12.67,United States
2765,Aeluma,ALMU,242981744,12.58,United States
2766,Third Harmonic Bio,THRD,242787568,5.38,United States
2767,Immersion Corporation,IMMR,242736144,7.31,United States
2768,U.S. Gold Corp,USAU,242144912,14.65,United States
2769,Acme United,ACU,242105936,63.15,United States
2770,Tredegar,TG,242038080,6.95,United States
2771,Akebia Therapeutics,AKBA,241359536,0.871,United States
2772,CAMP4 Therapeutics,CAMP,240972288,3.84,United States
2773,SIGA Technologies,SIGA,240696528,3.35,United States
2774,Invivyd,IVVD,240670528,0.8165,United States
2775,Richmond Mutual Bancorporation,RMBI,239842944,14.955,United States
2776,AerSale,ASLE,238633824,5.0,United States
2777,B&amp;G Foods,BGS,238137728,2.93,United States
2778,Infinity Natural Resources,INR,237313008,12.73,United States
2779,Angi Inc.,ANGI,237025376,5.86,United States
2780,Community Bancorp,CMTV,236946160,42.305,United States
2781,First Internet Bancorp,INBK,236767200,27.11,United States
2782,GrafTech,EAF,236254304,9.07,United States
2783,Utah Medical Products,UTMD,235973360,74.35,United States
2784,AIAI Holdings Corporation,AIAI,233790768,3.3,United States
2785,Xponential Fitness,XPOF,230749216,4.66,United States
2786,Lyell Immunopharma,LYEL,230593360,9.41,United States
2787,Sionna Therapeutics,SION,230583232,5.1,United States
2788,Global Water Resources,GWRS,230362816,8.0,United States
2789,Onity Group,ONIT,230167024,27.55,United States
2790,SmartRent,SMRT,229934160,1.2,United States
2791,Peoples Bancorp of North Carolina,PEBK,229615264,43.15,United States
2792,MacroGenics,MGNX,229320672,3.6,United States
2793,Security National Financial Corporation,SNFCA,229188688,8.8,United States
2794,Turtle Beach Corp,TBCH,229065216,12.79,United States
2795,Lineage Cell Therapeutics,LCTX,228678928,0.9042,United States
2796,OP Bancorp (Open Bank),OPBK,227423712,15.23,United States
2797,"AstroNova, Inc.",ALOT,227316416,28.99,United States
2798,Torrid Holding,CURV,226363104,2.27,United States
2799,RGC Resources,RGCO,224958208,21.59,United States
2800,Alliance Entertainment,AENT,224721984,4.41,United States
2801,Meridian Corporation,MRBK,224385392,18.81,United States
2802,Dave & Buster's,PLAY,223961040,6.43,United States
2803,One Stop Systems,OSS,223712976,8.97,United States
2804,Keros Therapeutics,KROS,223254144,11.26,United States
2805,Spok Holdings,SPOK,223196512,10.67,United States
2806,Asure Software,ASUR,221793232,7.68,United States
2807,Nature's Sunshine Products,NATR,221527600,12.59,United States
2808,Nu Skin,NUS,221478688,4.55,United States
2809,Lightbridge Corporation,LTBR,221287872,6.28,United States
2810,Entrada Therapeutics,TRDA,221160272,5.68,United States
2811,Forrester Research,FORR,221042784,11.61,United States
2812,Hudson Technologies,HDSN,220964880,5.25,United States
2813,FutureFuel,FF,220193872,5.02,United States
2814,CF Bankshares,CFBK,219956144,33.88,United States
2815,Kolibri Global Energy,KGEI,219931344,6.12,United States
2816,KinderCare Learning Companies,KLC,219256512,1.85,United States
2817,MBIA,MBI,218860544,4.29,United States
2818,Smart Sand,SND,218779136,5.16,United States
2819,Cartesian Therapeutics,RNAC,218443632,7.22,United States
2820,SEACOR Marine,SMHI,218147920,8.04,United States
2821,PennantPark Investment,PNNT,216783040,3.32,United States
2822,CARGO Therapeutics,CRGX,216188416,4.47,United States
2823,Limoneira,LMNR,216133536,11.92,United States
2824,Expensify,EXFY,216112384,2.37,United States
2825,LoveSac,LOVE,215918800,14.97,United States
2826,Chicago Atlantic BDC,LIEN,215654576,9.45,United States
2827,FreightCar America,RAIL,215438720,6.57,United States
2828,Modiv Industrial,MDV,215101808,18.05,United States
2829,Ares Commercial Real Estate,ACRE,214711904,3.87,United States
2830,Whitehawk Therapeutics,WHWK,214353872,3.76,United States
2831,American Well,AMWL,214202752,12.82,United States
2832,Quicklogic,QUIK,213584848,11.66,United States
2833,Niagen Bioscience,NAGE,213446800,2.68,United States
2834,Stellus Capital Investment Corporation,SCM,212745120,7.47,United States
2835,Better Home & Finance Holding Company,BETR,212594096,11.19,United States
2836,AN2 Therapeutics,ANTX,212077648,5.62,United States
2837,Pro-Dex,PDEX,209369920,65.36,United States
2838,Ohio Valley Banc Corp,OVBC,208673824,44.295,United States
2839,Alector,ALEC,207681872,1.86,United States
2840,HMH Holding,HMH,207404592,17.36,United States
2841,DHI Group,DHX,207133392,4.77,United States
2842,RideNow Group,RDNW,206953808,5.305,United States
2843,Zumiez,ZUMZ,206656656,13.48,United States
2844,Alta Equipment Group,ALTG,206454640,6.32,United States
2845,RCI Hospitality Holdings,RICK,206437472,26.98,United States
2846,AIRO Group Holdings,AIRO,206375696,6.54,United States
2847,Superior Group of Companies,SGC,206330896,12.94,United States
2848,"QumulusAI, Inc.",QMLS,203093200,6.07,United States
2849,BRC Group Holdings,RILY,202807776,5.045,United States
2850,Rhinebeck Bancorp,RBKB,202016688,12.92,United States
2851,TON Strategy Co.,TONX,199911328,3.63,United States
2852,Nautilus Biotechnology,NAUT,199513808,1.57,United States
2853,National CineMedia,NCMI,198958976,2.115,United States
2854,Lifetime Brands,LCUT,198853424,8.65,United States
2855,Eledon Pharmaceuticals,ELDN,197870896,2.435,United States
2856,Neostellar Capital Corp.,NSLR,197754960,7.47,United States
2857,RxSight,RXST,197567968,4.75,United States
2858,Rare Earths Americas,REA,197534224,9.63,United States
2859,Taylor Devices,TAYD,197080672,61.11,United States
2860,Franklin Covey,FC,196965152,17.44,United States
2861,GCT Semiconductor,GCTS,196815232,2.14,United States
2862,Core Molding Technologies,CMT,196527712,22.95,United States
2863,Motorcar Parts of America,MPAA,195769376,10.34,United States
2864,Kaltura,KLTR,195265552,1.28,United States
2865,Octave Specialty Group,OSG,193721408,4.3,United States
2866,American Resources Corp,AREC,192548288,1.8,United States
2867,Greenland Energy Company,GLND,192412848,4.4,United States
2868,Crexendo,CXDO,192223152,5.93,United States
2869,Stoneridge,SRI,191103248,6.7,United States
2870,Landmark Bancorp,LARK,190916208,31.295,United States
2871,Journey Medical,DERM,189667936,6.72,United States
2872,Tharimmune,THAR,187371472,4.74,United States
2873,Westwood Holdings Group,WHG,185232576,19.41,United States
2874,United Security Bancshares,UBFO,185027760,10.51,United States
2875,SB Financial Group,SBFG,183837968,29.4,United States
2876,SITE Centers,SITC,183663696,3.5,United States
2877,Nkarta,NKTX,183359456,2.56,United States
2878,Oramed Pharmaceuticals,ORMP,183348832,4.48,United States
2879,Atomera,ATOM,183022752,4.69,United States
2880,"Merlin, Inc.",MRLN,182932688,1.81,United States
2881,Pyxis Oncology,PYXS,182663632,2.19,United States
2882,TPG Mortgage Investment Trust,MITT,181597856,5.71,United States
2883,Amplify Energy,AMPY,181579248,4.38,United States
2884,Ready Capital,RC,180406992,1.09,United States
2885,Sidus Space,SIDU,180181088,1.78,United States
2886,Organogenesis,ORGO,180144352,1.4,United States
2887,ALX Oncology,ALXO,179760080,1.3,United States
2888,BV Financial,BVFL,179576816,21.2,United States
2889,Coherus BioSciences,CHRS,179221104,1.16,United States
2890,Hanover Bancorp,HNVR,178008352,25.23,United States
2891,ECB Bancorp,ECBK,177899616,20.36,United States
2892,Epsilon Energy,EPSN,177765792,5.87,United States
2893,MainStreet Bancshares,MNSB,177314784,24.9,United States
2894,Citizens Inc,CIA,175731584,3.47,United States
2895,Anavex Life Sciences,AVXL,175197024,1.89,United States
2896,DeFi Development,DFDV,175173632,5.37,United States
2897,Precision BioSciences,DTIL,174717840,6.33,United States
2898,PEDEVCO,PED,174391216,13.12,United States
2899,CuriosityStream,CURI,173860432,2.93,United States
2900,Foghorn Therapeutics,FHTX,173405120,2.92,United States
2901,Comstock Inc.,LODE,170804448,2.25,United States
2902,Claros Mortgage Trust,CMTG,170711904,1.21,United States
2903,Solana Company,HSDT,170573984,2.62,United States
2904,ACRES Commercial Realty,ACR,170359952,10.87,United States
2905,Neuronetics,STIM,169157840,2.22,United States
2906,Jeld-Wen,JELD,168856592,1.96,United States
2907,Angel Oak Mortgage REIT,AOMR,168772144,7.27,United States
2908,Unisys,UIS,168435840,2.31,United States
2909,"Belpointe PREP, LLC",OZ,167902832,41.42,United States
2910,"Domo, Inc.",DOMO,166978368,3.55,United States
2911,Tingo Group,TIO,166947568,0.69,United States
2912,Bassett Furniture,BSET,164894944,19.06,United States
2913,Voyager Therapeutics,VYGR,164828000,2.675,United States
2914,"1-800-Flowers.com, Inc.",FLWS,164313840,2.56,United States
2915,Protara Therapeutics,TARA,163103552,2.76,United States
2916,KORE Group,KORE,163005168,9.25,United States
2917,Quipt Home Medical,QIPT,162297152,3.65,United States
2918,Compass Therapeutics,CMPX,162277216,0.9011,United States
2919,Quanterix,QTRX,161269360,3.41,United States
2920,OneWater Marine,ONEW,160823216,9.65,United States
2921,Inogen,INGN,158699248,5.98,United States
2922,Tonix Pharmaceuticals,TNXP,158303936,9.23,United States
2923,OptimizeRx,OPRX,158033648,8.39,United States
2924,Elme Communities,ELME,156389872,1.76,United States
2925,eGain,EGAN,155720224,5.95,United States
2926,FinWise Bancorp,FINW,155347184,11.19,United States
2927,SKYX Platforms,SKYX,154391328,1.14,United States
2928,Seven Hills Realty Trust,SEVN,154291488,6.81,United States
2929,Minerva Neurosciences,NERV,154224624,3.23,United States
2930,inTEST Corporation,INTT,153524656,11.97,United States
2931,PepGen,PEPG,153063536,2.21,United States
2932,Lee Enterprises,LEE,152477584,6.84,United States
2933,Digimarc,DMRC,152427536,6.76,United States
2934,Shutterstock,SSTK,152224448,4.12,United States
2935,ReposiTrak,TRAK,151980064,8.35,United States
2936,Assertio Holdings,ASRT,151861232,23.5,United States
2937,Surf Air Mobility,SRFM,150119056,1.13,United States
2938,Duluth Holdings,DLTH,149739696,3.94,United States
2939,Acumen Pharmaceuticals,ABOS,149696784,2.07,United States
2940,Ellington Credit Company,EARN,149523824,3.98,United States
2941,Codexis,CDXS,148927840,1.36,United States
2942,NeoVolta,NEOV,148713376,2.52,United States
2943,Datavault AI,DVLT,147872736,0.1557,United States
2944,WhiteHorse Finance,WHF,147328608,6.86,United States
2945,Stratus Properties,STRS,147281248,18.45,United States
2946,"Owlet, Inc.",OWLT,146985040,5.03,United States
2947,The Eastern Company,EML,144662096,24.04,United States
2948,Korro Bio,KRRO,142986016,9.71,United States
2949,Vera Bradley,VRA,142869552,4.98,United States
2950,Hurco Companies,HURC,142867664,22.06,United States
2951,Lake Shore Bancorp,LSBK,142467712,18.14,United States
2952,Hooker Furnishings,HOFT,142099296,13.29,United States
2953,Beyond Meat,BYND,142022144,8.26,United States
2954,Red Robin,RRGB,141589104,7.49,United States
2955,Affinity Bancshares,AFBI,140182352,23.0,United States
2956,NCS Multistage,NCSM,140018304,53.35,United States
2957,Outlook Therapeutics,OTLK,139982336,0.575,United States
2958,Humacyte,HUMA,139704672,0.5029,United States
2959,KORU Medical Systems,KRMD,139439152,3.02,United States
2960,Atrium Therapeutics,RNA,139239952,8.14,United States
2961,Orion Properties,ONL,139189104,2.44,United States
2962,Oxford Square Capital,OXSQ,138943024,1.29,United States
2963,Tillys,TLYS,138254432,4.52,United States
2964,Douglas Elliman,DOUG,138153520,1.52,United States
2965,Streamex Corp.,STEX,138095360,0.6123,United States
2966,Skillz,SKLZ,137970800,8.84,United States
2967,LifeMD,LFMD,137529120,2.85,United States
2968,Mammoth Energy Services,TUSK,136682336,2.84,United States
2969,First Guaranty Bancshares,FGBI,135455168,8.19,United States
2970,5E Advanced Materials,FEAM,134521008,3.23,United States
2971,Clipper Realty,CLPR,132097120,3.11,United States
2972,RGP (Resources Connection),RGP,131919080,3.83,United States
2973,Vince Holding,VNCE,131389200,10.15,United States
2974,1stdibs.com,DIBS,130427336,3.88,United States
2975,Team Inc,TISI,130254800,28.42,United States
2976,Clarus,CLAR,129413968,3.38,United States
2977,Spruce Biosciences,SPRB,128669560,44.77,United States
2978,Health Catalyst,HCAT,127935856,1.7,United States
2979,Medifast,MED,127795440,11.43,United States
2980,Black Rifle Coffee Company (BRCC),BRCC,127349832,8.94,United States
2981,Tenaya Therapeutics,TNYA,126846920,0.5657,United States
2982,vTv Therapeutics,VTVT,125932608,31.85,United States
2983,Orion Energy Systems,OESX,125643312,30.725,United States
2984,NET Power,NPWR,125642560,1.42,United States
2985,Inovio Pharmaceuticals,INO,125111000,1.21,United States
2986,Aemetis,AMTX,124853392,1.73,United States
2987,Magyar Bancorp,MGYR,124498512,19.286,United States
2988,flyExclusive,FLYX,123518912,1.21,United States
2989,NRx Pharmaceuticals,NRXP,123392936,2.85,United States
2990,KVH Industries,KVHI,123358544,6.8,United States
2991,Armata Pharmaceuticals,ARMP,123072352,3.31,United States
2992,Legacy Education,LGCY,123007088,9.6,United States
2993,Corbus Pharmaceuticals,CRBP,122623792,6.34,United States
2994,AirSculpt Technologies,AIRS,122561856,1.7,United States
2995,Shimmick,SHIM,122354040,2.96,United States
2996,Seer Inc,SEER,121818440,2.2,United States
2997,Lucid Diagnostics,LUCD,121214264,0.6348,United States
2998,Unifi,UFI,121199208,6.52,United States
2999,Braemar Hotels &amp; Resorts,BHR,121151776,1.65,United States
3000,PLBY Group (Playboy),PLBY,121005760,1.01,United States
3001,Commercial Vehicle Group (CVG),CVGI,120882216,2.975,United States
3002,Wheels Up,UP,120798544,3.33,United States
3003,Smith-Midland Corporation,SMID,120732832,22.76,United States
3004,Riverview Bancorp,RVSB,120317712,6.03,United States
3005,Stereotaxis,STXS,120242616,1.2,United States
3006,Fonar Corporation,FONR,120195888,19.09,United States
3007,ALT5 Sigma,ALTS,119560224,0.855,United States
3008,KULR Technology Group,KULR,119403224,2.58,United States
3009,a.k.a. Brands,AKA,119252992,10.85,United States
3010,LENZ Therapeutics,LENZ,119083104,3.79,United States
3011,Immunic,IMUX,117888200,8.64,United States
3012,Waldencast,WALD,117373088,0.9227,United States
3013,DMC Global,BOOM,115542832,5.625,United States
3014,Aardvark Therapeutics,AARD,115333136,5.27,United States
3015,Sound Financial Bancorp,SFBC,114663120,44.65,United States
3016,Genelux,GNLX,114018248,2.52,United States
3017,Provident Financial Holdings,PROV,113769736,18.25,United States
3018,Union Bankshares,UNB,113754960,23.0,United States
3019,Insight Molecular Diagnostics,IMDX,113553264,3.47,United States
3020,Ultralife Corporation,ULBI,112893648,6.775,United States
3021,MaxCyte,MXCT,112494768,1.09,United States
3022,Rani Therapeutics,RANI,111783272,0.7955,United States
3023,"SoundThinking 
 (ShotSpotter)",SSTI,111749912,8.44,United States
3024,Coya Therapeutics,COYA,110955624,4.73,United States
3025,Vivani Medical,VANI,110048104,1.22,United States
3026,Vaxart,VXRT,107228248,0.44,United States
3027,The Joint Corp.,JYNT,105649360,7.47,United States
3028,Apyx Medical,APYX,105310064,2.5,United States
3029,Pathfinder Bancorp,PBHC,104916120,16.71,United States
3030,HilleVax,HLVX,104762376,2.09,United States
3031,Oconee Federal Financial,OFED,104747792,18.0,United States
3032,Neumora Therapeutics,NMRA,103342752,0.55,United States
3033,Virco Manufacturing,VIRC,103252992,6.55,United States
3034,OnKure Therapeutics,OKUR,102604520,2.54,United States
3035,Ascend Wellness (AWH),AAWH,101819768,0.50105,United States
3036,INNOVATE Corp.,VATE,101359064,7.43,United States
3037,Lakeland Industries,LAKE,100604536,10.13,United States
3038,Definitive Healthcare,DH,99923728,0.9361,United States
3039,ReneSola,SOL,99563952,1.94,United States
3040,Broadwind,BWEN,99124392,4.19,United States
3041,Fluent,FLNT,98614104,3.12,United States
3042,Cherry Hill Mortgage Investment,CHMI,98195248,2.62,United States
3043,Proficient Auto Logistics,PAL,98185232,3.5,United States
3044,Kewaunee Scientific Corporation,KEQU,98181216,33.91,United States
3045,Buzzfeed,BZFD,98150904,1.12,United States
3046,Equillium,EQ,97648440,1.54,United States
3047,Inspired Entertainment,INSE,96735224,3.67,United States
3048,Anixa Biosciences,ANIX,96295728,2.77,United States
3049,Seritage Growth Properties,SRG,95751840,1.7,United States
3050,Polaryx Therapeutics,PLYX,95633456,2.02,United States
3051,Park Dental Partners,PARK,95628720,20.11,United States
3052,Zomedica Pharmaceuticals,ZOM,95349136,0.0973,United States
3053,Upexi,UPXI,95238864,1.16,United States
3054,First Northwest Bancorp,FNWB,95116152,10.0,United States
3055,Exascale Labs Holdings,XLAB,94572144,1.47,United States
3056,U.S. GoldMining,USGO,94039432,6.7,United States
3057,Interlink Electronics,LINK,93890320,5.96,United States
3058,Conexeu Sciences,CNXU,93646232,3.32,United States
3059,PMV Pharmaceuticals,PMVP,93551600,1.75,United States
3060,Cullman Bancorp,CULL,93346536,16.9,United States
3061,electroCore,ECOR,92998848,10.315,United States
3062,Hyperfine,HYPR,92442624,0.8717,United States
3063,MediaCo Holding,MDIA,92421840,1.1,United States
3064,HF Foods Group,HFFG,92300672,1.66,United States
3065,Logistic Properties of the Americas,LPA,92243032,2.91,United States
3066,Sono-Tek Corporation,SOTK,91471328,5.82,United States
3067,GrowGeneration,GRWG,91338176,1.52,United States
3068,Golden Matrix Group,GMGI,89996768,0.6372,United States
3069,Stabilis Solutions,SLNG,89820128,4.83,United States
3070,Siebert Financial,SIEB,89251240,2.18,United States
3071,Rallybio,RLYB,89038912,16.76,United States
3072,Wrap Technologies,WRAP,88340360,1.43,United States
3073,the Marygold Companies,MGLD,87353544,2.02,United States
3074,Zevia,ZVIA,87285184,1.21,United States
3075,AudioEye,AEYE,87233536,6.94,United States
3076,PhenixFIN,PFX,86694840,44.89,United States
3077,Velo3D,VLDX,86513896,6.15,United States
3078,Acrivon Therapeutics,ACRV,86135256,2.01,United States
3079,Martin Midstream Partners,MMLP,85291824,2.18,United States
3080,Smith Douglas Homes,SDHC,85099792,10.14,United States
3081,Atara Biotherapeutics,ATRA,84919024,8.46,United States
3082,Marpai,MRAI,84782280,3.16,United States
3083,BCP Investment Corporation,BCIC,84085000,6.79,United States
3084,Summit State Bank,SSBI,82891048,12.25,United States
3085,Momentus Inc.,MNTS,82582384,3.76,United States
3086,Arq Inc.,ARQ,82533432,1.89,United States
3087,Noodles &amp; Company,NDLS,82339912,13.8,United States
3088,Jushi Holdings,JUSHF,82261016,0.41193,United States
3089,Hennessy Advisors,HNNA,82126824,10.39,United States
3090,SkinHealth Systems,SKIN,81988680,0.63,United States
3091,Drilling Tools International,DTI,81501936,2.31,United States
3092,LENSAR,LNSR,80718136,6.57,United States
3093,Pulmonx,LUNG,80673056,1.91,United States
3094,Microbot Medical,MBOT,80597760,1.2,United States
3095,Silvercrest Asset Management Group,SAMG,80582304,10.49,United States
3096,"Air T, Inc.",AIRT,80517760,29.86,United States
3097,Sera Prognostics,SERA,80476904,2.04,United States
3098,Telomir Pharmaceuticals,TELO,80466704,1.17,United States
3099,MediciNova,MNOV,80230632,1.63,United States
3100,Usio,USIO,80214592,2.815,United States
3101,Townsquare Media,TSQ,79307632,4.35,United States
3102,Chegg,CHGG,78896128,0.7106,United States
3103,Lifevantage,LFVN,78558128,6.24,United States
3104,Advanced Flower Capital,AFCG,78303616,3.485,United States
3105,Blackboxstocks,BLBX,78138184,18.15,United States
3106,Rafael Holdings,RFL,77999992,1.5,United States
3107,Aldeyra Therapeutics,ALDX,77821080,1.29,United States
3108,Verrica Pharmaceuticals,VRCA,77562224,4.515,United States
3109,Ispire Technology,ISPR,77390992,1.34,United States
3110,Steel Connect,STCN,77168096,12.18,United States
3111,Blink Charging,BLNK,76962464,0.531,United States
3112,Inseego,INSG,76843320,4.37,United States
3113,Tile Shop Holdings,TTSH,76457736,1.92,United States
3114,Airship AI,AISP,76455824,2.22,United States
3115,SelectQuote,SLQT,76365528,0.426,United States
3116,AMC Robotics Corporation,AMCI,76208016,3.19,United States
3117,Veritone,VERI,76160120,0.7494,United States
3118,Home Federal Bancorp (HFB Bank),HFBL,75764848,25.0,United States
3119,OS Therapies,OSTX,75356424,1.61,United States
3120,Venu Holding Corporation,VENU,74600520,1.32,United States
3121,Charlotte's Web,CWEB.TO,74395948,0.274229,United States
3122,Atlas Lithium,ATLX,74045520,2.46,United States
3123,Regis Corporation,RGS,73579624,29.43,United States
3124,Rein Therapeutics,RNTX,73508136,0.8521,United States
3125,Spero Therapeutics,SPRO,73375880,1.26,United States
3126,TTEC,TTEC,73204472,1.485,United States
3127,Northern Technologies International,NTIC,73183328,7.71,United States
3128,LanzaTech Global,LNZA,72383072,5.53,United States
3129,MAIA Biotechnology,MAIA,72238072,1.17,United States
3130,Research Solutions,RSSS,71914488,2.13,United States
3131,United Homes Group,UHG,71769208,1.22,United States
3132,Fractyl Health,GUTS,71646848,0.4501,United States
3133,Energous,WATT,71078128,12.86,United States
3134,Universal Electronics,UEIC,71061112,5.515,United States
3135,Great Elm Capital,GECC,70559928,5.08,United States
3136,Outset Medical,OM,70489368,3.75,United States
3137,NSTS Bancorp,NSTS,70127400,14.26,United States
3138,PodcastOne,PODC,69883728,2.31,United States
3139,Thryv,THRY,69769408,1.57,United States
3140,Greenland Mines,GRML,69380776,9.11,United States
3141,Cingulate,CING,69073672,4.75,United States
3142,Fortress Biotech,FBIO,69036552,2.07,United States
3143,Comscore,SCOR,68785000,4.53,United States
3144,Hour Loop,HOUR,68505888,1.9462,United States
3145,CarParts.com,PRTS,68110496,8.41,United States
3146,Forian,FORA,67792720,2.17,United States
3147,Great Elm Group,GEG,67731136,2.16,United States
3148,Tigo Energy,TYGO,67720016,0.8921,United States
3149,Heron Therapeutics,HRTX,67568432,0.3559,United States
3150,Aptera Motors,SEV,67208760,1.7,United States
3151,XBiotech,XBIT,67073012,2.2,United States
3152,Gossamer Bio,GOSS,66852156,10.93,United States
3153,Westwater Resources,WWR,66313740,0.5158,United States
3154,AMCON Distributing Company,DIT,65942812,67.56,United States
3155,Ideal Power,IPWR,65245580,3.97,United States
3156,Pliant Therapeutics,PLRX,65017988,1.05,United States
3157,MiNK Therapeutics,INKT,64961212,12.73,United States
3158,Genasys,GNSS,64669648,1.42,United States
3159,CleanCore Solutions,ZONE,64519680,0.1268,United States
3160,Where Food Comes From,WFCF,64436836,12.94,United States
3161,Off the Hook YS Inc,OTH,64247460,2.57,United States
3162,SunPower,SPWR,64079780,0.3069,United States
3163,Myomo,MYO,63768648,1.61,United States
3164,MindWalk Holdings,HYFT,62658520,1.33,United States
3165,Adicet Bio,ACET,62160292,6.64,United States
3166,BranchOut Food,BOF,61949480,3.81,United States
3167,Geospace Technologies,GEOS,61702828,4.77,United States
3168,The InterGroup Corporation,INTG,60510544,28.16,United States
3169,AgEagle Aerial Systems,UAVS,60150436,0.9562,United States
3170,Battalion Oil,BATL,60146260,1.05,United States
3171,WM Technology,MAPS,60118368,0.3452,United States
3172,Castellum,CTM,59427864,0.627,United States
3173,iLearningEngines,AILE,59292656,0.42,United States
3174,Boundless Bio,BOLD,58917276,2.59,United States
3175,Cable One,CABO,58781860,10.36,United States
3176,Talphera,TLPH,58134492,1.12,United States
3177,Identiv,INVE,57923448,2.39,United States
3178,Marchex,MCHX,57195872,1.29,United States
3179,Hyperion DeFi,HYPD,56874328,3.66,United States
3180,Playstudios,MYPS,56697284,4.72,United States
3181,Idaho Copper Corporation,COPR,56492580,3.19,United States
3182,TELA Bio,TELA,56429260,1.25,United States
3183,"FreeCast, Inc.",CAST,56374032,1.11,United States
3184,Global Self Storage,SELF,56079172,4.91,United States
3185,Rent the Runway,RENT,55984204,1.65,United States
3186,Airgain,AIRG,55675996,4.25,United States
3187,MarketWise,MKTW,55449276,19.855,United States
3188,GEN Restaurant Group,GENK,55380556,1.68,United States
3189,iBio,IBIO,55143204,1.11,United States
3190,First Breach Inc.,FBDT,54772228,0.982,United States
3191,AEye,LIDR,54606436,1.17,United States
3192,Allied Esports,AESE,54324936,1.3899,United States
3193,Solitario Resources,XPL,54254200,0.573,United States
3194,tinyBuild,8Z3.F,53959035,0.137202,United States
3195,eXoZymes,EXOZ,53595080,5.76,United States
3196,INmune Bio,INMB,53564808,1.93,United States
3197,Travelzoo,TZOO,53460244,5.24,United States
3198,SCYNEXIS,SCYX,53429400,5.37,United States
3199,The Arena Group,AREN,53323932,1.12,United States
3200,BG Staffing,BGSF,53185228,4.98,United States
3201,Teads,TEAD,52827700,0.5387,United States
3202,Rekor Systems,REKR,52687252,0.3828,United States
3203,374Water,SCWO,52445756,2.96,United States
3204,Solidion Technology,STI,52438668,6.16,United States
3205,TechPrecision,TPCS,52186296,5.15,United States
3206,Luna Innovations,LUNA,52045528,1.5,United States
3207,Full House Resorts,FLL,52035160,1.42,United States
3208,ImageneBio,IMA,51990804,4.5801,United States
3209,Saga Communications,SGA,51690444,8.13,United States
3210,American Vanguard,AVD,51626104,1.75,United States
3211,Greenidge Generation Holdings,GREE,51500392,2.84,United States
3212,BBX Capital Corporation,BBXIA,51405964,3.718,United States
3213,PDS Biotechnology,PDSB,51174036,0.7061,United States
3214,Skillsoft,SKIL,50962484,5.6,United States
3215,Laser Photonics,LASE,50332108,0.8296,United States
3216,Annovis Bio,ANVS,49934500,1.17,United States
3217,GenFlat Holdings,GFLT,49930940,3.81,United States
3218,Xtant Medical,XTNT,49690000,0.3542,United States
3219,Serina Therapeutics,SER,49530920,1.95,United States
3220,Instil Bio,TIL,49067604,7.235,United States
3221,The ONE Group Hospitality,STKS,48801096,1.54,United States
3222,Vroom,VRM,48639236,9.34,United States
3223,Sensus Healthcare,SRTS,48563076,2.95,United States
3224,Verde Clean Fuels,VGAS,48559092,1.09,United States
3225,TransAct Technologies,TACT,47595812,4.61,United States
3226,Cato Fashion,CATO,47589556,2.39,United States
3227,Filana Therapeutics,FLNA,46617120,0.965,United States
3228,Hain Celestial,HAIN,46438456,0.5103,United States
3229,"Culp, Inc.",CULP,46356580,3.64,United States
3230,Rapid Micro Biosystems,RPID,46196952,0.921,United States
3231,Intellicheck,IDN,46106844,2.275,United States
3232,The Children's Place,PLCE,46030728,2.07,United States
3233,MicroVision,MVIS,45883280,1.5,United States
3234,"Xos, Inc.",XOS,44786236,3.15,United States
3235,Celularity,CELU,44780680,1.38,United States
3236,Prairie Operating,PROP,44769528,0.3969,United States
3237,CervoMed,CRVO,44298952,2.93,United States
3238,Devolver Digital,DEVO.L,43767517,0.0907088,United States
3239,Reading International,RDI,43720144,1.91,United States
3240,Heritage Global,HGBL,43645700,1.26,United States
3241,Sachem Capital,SACH,43633920,0.9099,United States
3242,Grove Collaborative,GROV,43555068,1.02,United States
3243,Sportsman's Warehouse,SPWH,43447024,1.11,United States
3244,Veru,VERU,43307812,2.54,United States
3245,IZEA Worldwide,IZEA,43018228,2.47,United States
3246,"RYTHM, Inc.",RYM,42982560,20.0,United States
3247,Vivid Seats,SEAT,42941364,3.82,United States
3248,Grace Therapeutics,GRCE,42913296,2.04,United States
3249,Accendra Health,ACH,42897444,0.5578,United States
3250,Manhattan Bridge Capital,LOAN,42860068,3.75,United States
3251,Werewolf Therapeutics,HOWL,42842212,0.8815,United States
3252,Abundia Global Impact Group,AGIG,42420388,0.9636,United States
3253,AXIL Brands,AXIL,42232396,6.19,United States
3254,Ekso Bionics,EKSO,42047896,11.8,United States
3255,Elauwit Connection,ELWT,42035704,6.35,United States
3256,Metagenomi,MGX,41743700,1.105,United States
3257,Pixelworks,PXLW,41559328,6.87,United States
3258,LeonaBio,LONA,41266884,4.38,United States
3259,Allbirds,BIRD,41214084,3.49,United States
3260,Massimo Motor,MAMO,41112112,0.9873,United States
3261,Phunware,PHUN,40925352,2.0,United States
3262,CVRx,CVRX,40761640,1.53,United States
3263,Precipio,PRPO,40690972,22.73,United States
3264,Odyssey Marine Exploration,OMEX,40404428,0.6898,United States
3265,Comtech Telecommunications,CMTL,39848704,1.33,United States
3266,Lulu's Fashion Lounge,LVLU,39599032,13.79,United States
3267,"Stem, Inc",STEM,39180848,4.07,United States
3268,DocGo,DCGO,38997564,0.3942,United States
3269,Planet13,PLTH.CN,38903725,0.11602,United States
3270,Laird Superfood,LSF,38727380,3.46,United States
3271,Granite Point Mortgage Trust,GPMT,38577816,0.8004,United States
3272,Franklin Street Properties,FSP,38307512,0.3683,United States
3273,LivePerson,LPSN,38245620,3.1,United States
3274,Plutus Financial Group,PLUT,37607500,2.45,United States
3275,Pioneer Power Solutions,PPSI,37515520,3.38,United States
3276,Koss,KOSS,37297768,3.94,United States
3277,Milestone Scientific,MLSS,37059928,0.409,United States
3278,Harvard Bioscience,HBIO,37010240,8.13,United States
3279,Cel-Sci,CVM,36760984,2.09,United States
3280,Enzo Biochem,ENZB,36587800,0.69887,United States
3281,Southland Holdings,SLND,36362752,0.668,United States
3282,Actinium Pharmaceuticals,ATNM,36157652,1.15,United States
3283,Kartoon Studios,TOON,35475000,0.5703,United States
3284,Elutia,ELUT,35431388,0.8,United States
3285,LiveOne,LVO,35376416,2.58,United States
3286,Gaia,GAIA,35341852,1.39,United States
3287,U.S. Global Investors,GROW,35295820,2.87,United States
3288,Getty Images,GETY,34902432,0.0829,United States
3289,The Beachbody Company,BODI,34602496,4.75,United States
3290,Rockwell Medical,RMTI,34541084,8.57,United States
3291,LianBio,LIAN,34472096,0.319,United States
3292,Harte Hanks,HHS,33842248,4.54,United States
3293,New Fortress Energy,NFE,33762016,5.91,United States
3294,BeyondSpring,BYSI,33459198,0.8137,United States
3295,Rave Restaurant Group,RAVE,32828718,2.31,United States
3296,Cryo-Cell International,CCEL,32653734,4.05,United States
3297,NanoViricides,NNVC,32161500,1.26,United States
3298,Workhorse Group,WKHS,32130040,2.94,United States
3299,Accuray,ARAY,31914182,0.2672,United States
3300,Salem Media Group,SALM,31670764,1.0,United States
3301,VIDA Global Inc.,VIDA,31614748,1.58,United States
3302,Latch,LTCH,31474680,0.19,United States
3303,Enviva,EVA,31273630,0.4198,United States
3304,VirTra,VTSI,31242162,2.76,United States
3305,Scilex Holding,SCLX,31023190,4.41,United States
3306,Sangamo Therapeutics,SGMO,30657374,0.074,United States
3307,Spruce Power,SPRU,30418454,1.58,United States
3308,KLX Energy Services,KLXE,30154890,1.41,United States
3309,NOMADAR,NOMA,30054164,1.69,United States
3310,PetMed Express,PETS,29700112,1.37,United States
3311,Century Casinos,CNTY,29544576,1.05,United States
3312,Seres Therapeutics,MCRB,29431210,2.93,United States
3313,Elite Express,ETS,28919842,1.73,United States
3314,Context Therapeutics,CNTX,28886812,0.3144,United States
3315,aTyr Pharma,ATYR,28847510,0.2941,United States
3316,Quest Resource Holding,QRHC,28686284,1.36,United States
3317,Katapult Holdings,KPLT,28342708,5.7,United States
3318,Old Market Capital Corporation,OMCC,28292780,4.15,United States
3319,MariMed,MRMD,28100340,0.0696,United States
3320,Farmer Brothers,FARM,28089448,1.28,United States
3321,IGC Pharma,IGC,27913684,0.27,United States
3322,Zeo Energy,ZEO,27874534,0.3061,United States
3323,Lument Finance Trust,LFT,27280748,5.19,United States
3324,Crown Crafts,CRWS,26793114,2.49,United States
3325,PAVmed,PAVM,26575226,2.7,United States
3326,Zoom Telephonics,MINM,26534076,3.61,United States
3327,Kyntra Bio,KYNB,26319306,6.5,United States
3328,Hoth Therapeutics,HOTH,26013596,1.36,United States
3329,BioLargo,BLGO,25805412,0.0785,United States
3330,Beam Global,BEEM,25575646,1.13,United States
3331,Destination XL,DXLG,25514180,0.4601,United States
3332,Local Bounti,LOCL,24784406,1.06,United States
3333,SPI Energy,SPI,24207974,0.766,United States
3334,GEE Group,JOB,24171552,0.22,United States
3335,HeartBeam,BEAT,23610304,0.419,United States
3336,TherapeuticsMD,TXMD,23495954,2.03,United States
3337,PermRock Royalty Trust,PRT,23358204,1.92,United States
3338,Beasley Broadcast Group,BBGI,23052392,11.23,United States
3339,System1,SST,22991554,2.64,United States
3340,Live Ventures,LIVE,22822404,7.43,United States
3341,Aytu BioScience,AYTU,22711418,2.09,United States
3342,Atossa Therapeutics,ATOS,22653006,2.27,United States
3343,Ascent Solar Technologies,ASTI,22577790,2.3,United States
3344,Motorsport Gaming,MSGM,22209802,4.84,United States
3345,eHealth,EHTH,22156986,0.6917,United States
3346,Cocrystal Pharma,COCP,21960048,1.14,United States
3347,180 Life Sciences,ATNF,21620372,3.58,United States
3348,TScan Therapeutics,TCRX,20748884,0.3175,United States
3349,Greenland Technologies,GTEC,20733692,0.7811,United States
3350,Retractable Technologies,RVP,20656640,0.69,United States
3351,Jasper Therapeutics,JSPR,19898186,0.598,United States
3352,Karyopharm Therapeutics,KPTI,19660290,0.8668,United States
3353,Exyn Technologies,EXYN,19169038,2.41,United States
3354,SPAR Group,SGRP,19027036,0.67,United States
3355,Neuphoria Therapeutics,NEUP,18993782,3.51,United States
3356,HeartSciences Inc.,HSCS,18842810,3.89,United States
3357,Avant Technologies Inc.,AVAI,18823996,0.1223,United States
3358,Bionano Genomics,BNGO,18489890,1.57,United States
3359,Urban One,UONE,18069780,4.0,United States
3360,Knightscope,KSCP,17959398,0.7604,United States
3361,Femasys,FEMY,17587556,2.1,United States
3362,Energy Focus,EFOI,17219828,2.7036,United States
3363,Lipocine,LPCN,17065604,2.07,United States
3364,T Stamp Inc. (TrustStamp),IDAI,16861480,2.99,United States
3365,Know Labs,KNW,16795408,2.24,United States
3366,Camber Energy,CEI,16771320,0.0954,United States
3367,Dare Bioscience,DARE,16738391,0.851,United States
3368,SeaStar Medical,ICU,16525654,3.75,United States
3369,Palatin Technologies,PTN,16135308,9.06,United States
3370,Offerpad,OPAD,15996399,3.31,United States
3371,Psychemedics,PMD,15738209,2.67,United States
3372,Cyclerion Therapeutics,CYCN,15729330,23.52,United States
3373,Cardlytics,CDLX,15546211,2.64,United States
3374,FGI Industries,FGI,15488794,8.02,United States
3375,Biofrontera,BFRI,15446453,1.04,United States
3376,Lantern Pharma,LTRN,14935576,1.0,United States
3377,Astrotech,ASTC,14927241,7.43,United States
3378,Reborn Coffee,REBN,14912811,1.73,United States
3379,Smith Micro Software,SMSI,14869081,2.66,United States
3380,SUNation Energy Inc.,SUNE,14849886,2.28,United States
3381,Citius Pharmaceuticals,CTXR,14829878,0.5402,United States
3382,Office Properties Income Trust,OPI,14795239,0.2,United States
3383,Ashford Hospitality Trust,AHT,14730202,2.2,United States
3384,Mobix Labs,MOBX,14670410,0.8172,United States
3385,The Cannabist Company,CBSTF,14475953,0.0291,United States
3386,AEON Biopharma,AEON,14466009,0.29,United States
3387,The Glimpse Group,VRAR,14332026,0.68,United States
3388,Barfresh Food Group,BRFH,14312052,0.8776,United States
3389,HOOKIPA Pharma,HOOK,14232977,1.15,United States
3390,SINTX Technologies,SINT,14195458,2.13,United States
3391,Dolphin Entertainment,DLPN,13815860,1.06,United States
3392,Tempest Therapeutics,TPST,13614842,0.8061,United States
3393,Synlogic,SYBX,13596335,1.11,United States
3394,Passage Bio,PASG,13518020,4.201,United States
3395,Austin Gold,AUST,13283580,0.9701,United States
3396,DataMEDS AI,MEDS,12982390,4.06,United States
3397,Dragonfly Energy,DFLI,12893754,0.8608,United States
3398,Air Industries Group,AIRI,12854244,2.65,United States
3399,NextNRG,NXXT,12603800,0.7414,United States
3400,VistaGen Therapeutics,VTGN,12540915,0.2826,United States
3401,Netcapital,NCPL,12164243,1.55,United States
3402,Clean Energy Technologies,CETY,12161239,0.9996,United States
3403,Adial Pharmaceuticals,ADIL,12116198,4.13,United States
3404,Urgent.ly Inc.,ULY,11787284,5.38,United States
3405,Bullfrog AI,BFRG,11649720,0.6283,United States
3406,Phio Pharmaceuticals,PHIO,11617251,1.0,United States
3407,FingerMotion,FNGR,11467660,0.1757,United States
3408,Cambium Networks,CMBM,11325767,0.401,United States
3409,Arrive AI,ARAI,11179323,0.2155,United States
3410,BrainStorm Cell Therapeutics,BCLI,11034775,1.0,United States
3411,Aterian,ATER,10952628,0.6096,United States
3412,Upland Software,UPLD,10882463,3.68,United States
3413,Cyngn,CYN,10743797,0.7,United States
3414,Phoenix Motor,PEV,10575262,0.23,United States
3415,Intensity Therapeutics,INTS,10480262,3.21,United States
3416,Carver Bancorp,CARV,10378381,1.78,United States
3417,Biomerica,BMRA,10280073,2.2353,United States
3418,Senti Biosciences,SNTI,10103565,0.3244,United States
3419,AppTech Payments,APCX,10080944,0.24,United States
3420,SolarMax Technology,SMXT,10053495,2.12,United States
3421,Ryvyl Inc.,RVYL,9994965,7.81,United States
3422,Superior Industries International,SUP,9576233,0.3249,United States
3423,Inuvo,INUV,9560186,0.58,United States
3424,Quoin Pharmaceuticals,QNRX,9479733,4.72,United States
3425,Purple Innovation,PRPL,9300925,2.13,United States
3426,CISO Global,CISO,9196183,0.202,United States
3427,Vislink Technologies,VISL,9174098,3.7,United States
3428,Aprea Therapeutics,APRE,9109687,0.7235,United States
3429,GoHealth,GOCO,8937260,0.305,United States
3430,Wellgistics Health,WGRX,8847256,3.52,United States
3431,Flux Power,FLUX,8791360,0.4066,United States
3432,Trio Petroleum,TPET,8677968,1.63,United States
3433,Natural Health Trends,NHTC,8663627,1.01,United States
3434,Hepion Pharmaceuticals,HEPA,8570835,0.095,United States
3435,Northann Corp,NCL,8543560,0.159,United States
3436,SeaChange International,SEAC,8398952,3.25,United States
3437,FibroBiologics,FBLG,8382825,1.205,United States
3438,Game Your Game,GYGY,8297559,0.5767,United States
3439,Trinseo,TSE,8278525,0.23,United States
3440,Longeveron,LGVN,8257432,2.59,United States
3441,America's Car-Mart,CRMT,8190887,0.9823,United States
3442,Rocky Mountain Chocolate Factory,RMCF,8146363,0.863,United States
3443,KALA BIO,KALA,8111106,0.4194,United States
3444,"Reed's, Inc.",REED,7965590,0.6718,United States
3445,Innovative Eyewear,LUCY,7928208,0.9209,United States
3446,SurgePays,SURG,7925682,0.1498,United States
3447,Soligenix,SNGX,7918281,0.3638,United States
3448,reAlpha Tech,AIRE,7868677,1.31,United States
3449,Azitra,AZTR,7787581,0.1285,United States
3450,Ensysce Biosciences,ENSC,7778826,0.3998,United States
3451,Co-Diagnostics,CODX,7539825,1.08,United States
3452,AIM ImmunoTech,AIM,7488262,0.1877,United States
3453,Signing Day Sports,SGN,7408163,0.5401,United States
3454,Imunon,IMNN,7407052,1.32,United States
3455,Mangoceuticals,MGRX,7358858,0.4805,United States
3456,Gaxos.ai,GXAI,7306590,0.5313,United States
3457,Scienture Holdings,SCNX,7272460,0.1771,United States
3458,Skye Bioscience,SKYE,7084281,1.6,United States
3459,VolitionRx,VNRX,7055238,0.2347,United States
3460,Solo Brands,SBDS,6907947,2.69,United States
3461,Super League Enterprise,SLE,6831334,4.03,United States
3462,"DSS, Inc. (Document Security Systems)",DSS,6527636,0.65,United States
3463,authID,AUID,6311928,0.3775,United States
3464,ESS Tech,GWH,6310959,0.1567,United States
3465,Lunai Bioworks,LNAI,6256768,1.38,United States
3466,TPI Composites,TPIC,6193621,0.1271,United States
3467,Sonim Technologies,SONM,6169687,4.145,United States
3468,Bakhu Holdings,BKUH,6026059,0.02,United States
3469,Sonoma Pharmaceuticals,SNOA,5985531,1.25,United States
3470,CaliberCos,CWD,5938983,0.5719,United States
3471,Pulmatrix,PULM,5624519,1.54,United States
3472,enVVeno Medical Corporation,NVNO,5586401,8.04,United States
3473,Xenetic Biosciences,XBIO,5248725,2.24,United States
3474,Origin Materials,ORGN,5228483,0.9501,United States
3475,Talis Biomedical,TLIS,5176808,2.84,United States
3476,cbdMD,YCBD,5047873,0.4505,United States
3477,AMASS Brands Inc.,AMSS,5007592,0.4315,United States
3478,Vertex Energy,VTNR,4872095,0.0521,United States
3479,Polar Power,POLA,4826437,1.12,United States
3480,Aethlon Medical,AEMD,4714832,6.63,United States
3481,AquaBounty Technologies,AQB,4684985,0.9102,United States
3482,Kidpik,PIK,4644903,2.38,United States
3483,Hydrofarm,HYFM,4587031,0.9518,United States
3484,OLB Group,OLB,4568663,0.1902,United States
3485,Socket Mobile,SCKT,4477508,0.54,United States
3486,zSpace,ZSPC,4448148,0.12,United States
3487,"Bark, Inc.",BARK,4377870,0.5066,United States
3488,AiRWA Inc.,YYAI,4366567,0.953,United States
3489,CASI Pharmaceuticals,CASI,4263766,0.2075,United States
3490,QVC Group,QVCGA,4255453,0.34,United States
3491,Expion360,XPON,4098721,4.3,United States
3492,Tivic Health Systems,TIVC,4029097,1.4,United States
3493,Golden Minerals,AUMN,3899525,0.2064,United States
3494,Sonendo,SONX,3811982,0.8,United States
3495,Boxlight,BOXL,3766666,4.46,United States
3496,Avalon GloboCare,ALBT,3707637,0.282,United States
3497,bioAffinity Technologies,BIAF,3691522,6.145,United States
3498,"Cyabra, Inc.",CYAB,3624996,0.206,United States
3499,Cemtrex,CETX,3493916,2.03,United States
3500,Eterna Therapeutics,ERNA,3452345,2.96,United States
3501,Unity Biotechnology,UBX,3444161,0.2001,United States
3502,Eagle Pharmaceuticals,EGRX,3289388,0.25,United States
3503,BIO-key International,BKYI,3289227,2.29,United States
3504,Cheetah Net Supply Chain Service,CTNT,3266817,2.45,United States
3505,ShiftPixy,PIXY,3265294,6.53,United States
3506,Focus Universal,FCUV,3158838,4.495,United States
3507,Forza X1,FRZA,3150960,0.2,United States
3508,Advent Technologies,ADN,3023365,0.9185,United States
3509,Cadrenal Therapeutics,CVKD,3005634,0.97,United States
3510,ATI Physical Therapy,ATIP,2977762,0.675,United States
3511,Beyond Air,XAIR,2884312,2.93,United States
3512,Sleep Number,SNBR,2881125,0.125,United States
3513,iSpecimen,ISPC,2871192,1.14,United States
3514,Marin Software,MRIN,2863609,0.8981,United States
3515,Inotiv,NOTV,2787563,0.0799,United States
3516,VivoSim Labs,VIVS,2778588,0.2075,United States
3517,Vaccinex,VCNX,2756936,1.03,United States
3518,PREIT (Pennsylvania Real Estate Investment Trust),PRET,2690436,0.4974,United States
3519,Xilio Therapeutics,XLO,2676465,0.5101,United States
3520,Staffing 360 Solutions,STAF,2654640,1.615,United States
3521,PMGC Holdings,ELAB,2610892,3.225,United States
3522,LM Funding America,LMFA,2430118,2.6,United States
3523,Nuwellis,NUWE,2378175,0.749,United States
3524,Matinas BioPharma,MTNB,2370436,2.42,United States
3525,Alaunos Therapeutics,TCRT,2337241,0.92,United States
3526,Edible Garden,EDBL,2322295,1.19,United States
3527,BioXcel Therapeutics,BTAI,2313476,0.0739,United States
3528,Lakewood-Amedex Biotherapeutics,LABT,2204046,0.9301,United States
3529,Sow Good,SOWG,2203871,0.1099,United States
3530,Fly-E Group,FLYE,2171073,1.33,United States
3531,Oragenics,OGEN,2165739,0.48,United States
3532,Jet.AI,JTAI,2161016,1.52,United States
3533,Clearside Biomedical,CLSD,2145948,0.41,United States
3534,Cloudastructure,CSAI,2107957,2.43,United States
3535,BioAtla,BCAB,2099286,1.26,United States
3536,Genprex,GNPX,2098455,2.56,United States
3537,Jaguar Health,JAGX,2054347,3.95,United States
3538,Curis,CRIS,2014512,0.8307,United States
3539,"Greenlane Holdings, Inc.",GNLN,2003759,2.885,United States
3540,Trinity Place Holdings,TPHS,1981417,0.03,United States
3541,Nauticus Robotics,KITT,1967615,1.58,United States
3542,Cutera,CUTR,1956013,0.0969,United States
3543,Cue Biopharma,CUE,1804119,0.5542,United States
3544,Sonder Holdings,SOND,1680861,0.1263,United States
3545,Traeger,COOK,1642351,0.5983,United States
3546,CorEnergy Infrastructure Trust,CORR,1627350,0.0198,United States
3547,Wheeler Real Estate Investment Trust,WHLR,1619401,2.85,United States
3548,Leslie's,LESL,1573399,0.168,United States
3549,Lazydays Holdings,GORV,1573084,0.4211,United States
3550,Benson Hill,BHIL,1522391,0.249,United States
3551,Maison Solutions,MSS,1401567,1.61,United States
3552,Exela Technologies,XELA,1387552,0.05,United States
3553,Synergy CHC,SNYR,1348439,0.0905,United States
3554,Actelis Networks,ASNS,1335180,0.0463,United States
3555,iPower,IPW,1328498,1.1401,United States
3556,Direct Digital Holdings,DRCT,1212117,1.51,United States
3557,Cytosorbents,CTSO,1100062,0.3501,United States
3558,Danimer Scientific,DNMR,1056961,0.35,United States
3559,La Rosa Holdings,LRHC,1048135,1.84,United States
3560,LMP Automotive Holdings,LMPX,1036332,0.095,United States
3561,Evofem Biosciences,EVFM,980722,0.0074,United States
3562,Quince Therapeutics,QNCX,900311,0.9206,United States
3563,Greene Concepts,INKW,860929,0.0135,United States
3564,Vivakor,VIVK,793918,0.29,United States
3565,BNB Plus Corp.,BNBX,779300,0.12575,United States
3566,Onfolio Holdings,ONFO,772735,0.9091,United States
3567,Yellow Corporation,YELLQ,693890,0.0102,United States
3568,Arcadia Biosciences,RKDA,684215,0.284,United States
3569,Alkaline Water Company,WTER,676591,0.019,United States
3570,Tapinator,TAPM,673183,0.247,United States
3571,Vicarious Surgical,RBOT,628272,0.0881,United States
3572,Tevogen Bio,TVGN,627896,0.1551,United States
3573,22nd Century Group,XXII,605466,0.848,United States
3574,Kaival Brands Innovations,KAVL,556758,0.0285,United States
3575,Allurion Technologies,ALUR,550229,0.55,United States
3576,Ocean Power Technologies,OPTT,546280,1.82,United States
3577,Ayr Wellness,AYRWF,432062,0.0037,United States
3578,Ontrak,OTRK,425780,0.0601,United States
3579,Gauzy,GAUZ,395961,0.3445,United States
3580,Viracta Therapeutics,VIRX,388698,0.00978,United States
3581,Impac Mortgage Holdings,IMPM,365688,0.01,United States
3582,VYNE Therapeutics,VYNE,339859,0.509,United States
3583,NantHealth,NHIQ,329655,0.012,United States
3584,SOBR Safe,SOBR,269360,0.05,United States
3585,Leafly Holdings,LFLY,232138,37.0,United States
3586,Trulite,TRUL,212013,0.0001,United States
3587,Ampio Pharmaceuticals,AMPE,207884,0.1831,United States
3588,CXApp,CXAI,194174,0.089,United States
3589,BloomZ,BLMZ,187531,0.128,United States
3590,Ocean Biomedical,OCEA,185892,0.0008,United States
3591,Wearable Health Solutions,WHSI,182670,0.0001,United States
3592,Faraday Future,FFAI,174605,0.0717,United States
3593,ProPhase Labs,PRPH,163721,0.0105,United States
3594,"Freight Technologies, Inc.",FRGT,148180,0.259,United States
3595,Hallmark Financial Services,HALL,145478,0.08,United States
3596,Petros Pharmaceuticals,PTPI,144065,0.0034,United States
3597,Cenntro Inc.,CENN,113554,0.0775,United States
3598,Solar Integrated Roofing,SIRC,109754,1e-05,United States
3599,Loop Media,LPTV,103383,0.0007,United States
3600,Vincerx Pharma,VINC,68045,0.013,United States
3601,PaxMedica,PXMD,63132,0.0005,United States
3602,Lyra Therapeutics,LYRA,53246,0.03,United States
3603,ToughBuilt Industries,TBLT,47699,0.011,United States
3604,Presto Automation,PRST,41851,0.0001,United States
3605,Vinco Ventures,BBIG,41600,0.0032,United States
3606,Carisma Therapeutics,CARM,29291,0.0007,United States
3607,Gaming Technologies (Gametech),GMGT,27420,0.0006,United States
3608,Movella,MVLA,20362,0.0004,United States
3609,Remark Holdings,MARK,18570,0.0003,United States
3610,T2 Biosystems,TTOO,16827,0.0006,United States
3611,iEntertainment Network,IENT,13087,0.0001,United States
3612,Gamer Pakistan,GPAK,12789,0.0005,United States
3613,Vaxxinity,VAXX,12678,0.0001,United States
3614,Novo Integrated Sciences,NVOS,11838,0.0006,United States
3615,Syros Pharmaceuticals,SYRS,10732,0.0004,United States
3616,Trevena,TRVN,10365,0.012,United States
3617,4Front Ventures,FFNTF,9152,1e-05,United States
3618,Adamas One,JEWL,7609,0.0002,United States
3619,Mobile Global Esports (Mogo),MGAM,7545,0.0001,United States
3620,Freeze Tag,FRZT,7505,0.0001,United States
3621,USD Partners,USDP,6754,0.0002,United States
3622,Stryve Foods,SNAX,4792,0.0011,United States
3623,Lipella Pharmaceuticals,LIPO,2310,0.0005,United States
3624,Viveve Medical,VIVE,2144,0.0002,United States
3625,Calithera Biosciences,CALA,1461,0.0003,United States
3626,Hempacco,HPCO,1184,0.0002,United States
3627,eFFECTOR Therapeutics,EFTR,940,0.0002,United States
3628,Grom Social Enterprises,GROM,902,0.0001,United States
3629,Minerva Surgical,UTRS,887,0.0001,United States
3630,Lightning eMotors,ZEVY,659,0.0001,United States
3631,Telesis Bio,TBIO,177,0.0001,United States
3632,Saluda Medical,SLD.AX,0,0.0,United States
3633,Pershing Square USA,PSUS,0,0.0,United States
