Rank,Name,Symbol,marketcap,price (USD),country
1,NVIDIA,NVDA,5649190617088,233.95,United States
2,Apple,AAPL,4869931925504,333.69,United States
3,Alphabet (Google),GOOG,4162458484736,340.35,United States
4,Microsoft,MSFT,3842942959616,517.53,United States
5,Amazon,AMZN,2712973606912,251.52,United States
6,SpaceX,SPCX,2094168801280,158.96,United States
7,Meta Platforms (Facebook),META,1854788337664,728.08,United States
8,Broadcom,AVGO,1695307005952,355.14,United States
9,Tesla,TSLA,1463662804992,370.59,United States
10,Micron Technology,MU,1213973397504,1074.89,United States
11,Berkshire Hathaway,BRK-B,1076027719680,502.65,United States
12,AMD,AMD,1034842210304,633.91,United States
13,Eli Lilly,LLY,1018687389696,1142.85,United States
14,JPMorgan Chase,JPM,883527974912,332.38,United States
15,Walmart,WMT,827172388864,104.26,United States
16,Visa,V,677086953472,360.66,United States
17,Exxon Mobil,XOM,674394669056,164.01,United States
18,Intel,INTC,630790946816,119.33,United States
19,Johnson & Johnson,JNJ,617006301184,256.03,United States
20,Mastercard,MA,483785244672,552.26,United States
21,AbbVie,ABBV,464433774592,262.82,United States
22,Palantir,PLTR,453577277440,188.75,United States
23,Cisco,CSCO,442358235136,112.2,United States
24,Lam Research,LRCX,434857443328,347.49,United States
25,Oracle,ORCL,431382593536,142.3,United States
26,Applied Materials,AMAT,428574343168,540.04,United States
27,Costco,COST,408092835840,920.65,United States
28,Chevron,CVX,405443805184,206.69,United States
29,Caterpillar,CAT,388618321920,845.42,United States
30,Bank of America,BAC,375860232192,53.75,United States
31,Coca-Cola,KO,368513318912,85.65,United States
32,Dell,DELL,357657378816,562.52,United States
33,Merck,MRK,356012851200,144.3,United States
34,Procter & Gamble,PG,336833609728,144.91,United States
35,UnitedHealth,UNH,333815513088,371.9,United States
36,Palo Alto Networks,PANW,329850322944,403.24,United States
37,General Electric,GE,321187840000,309.56,United States
38,Morgan Stanley,MS,298894458880,190.31,United States
39,Philip Morris International,PM,292177674240,187.46,United States
40,Home Depot,HD,282196508672,282.85,United States
41,Netflix,NFLX,279233789952,67.06,United States
42,CrowdStrike,CRWD,276503363584,270.04,United States
43,KLA,KLAC,269992787968,206.89,United States
44,Texas Instruments,TXN,268312150016,293.8,United States
45,GE Vernova,GEV,263324024832,988.7,United States
46,Goldman Sachs,GS,262799654912,902.56,United States
47,Arista Networks,ANET,261514952704,207.35,United States
48,Sandisk,SNDK,251839234048,1719.99,United States
49,RTX,RTX,248903958528,184.68,United States
50,Marvell Technology,MRVL,244708294656,272.29,United States
51,Wells Fargo,WFC,243280723968,80.45,United States
52,Thermo Fisher Scientific,TMO,242110529536,654.8,United States
53,Amgen,AMGN,217896321024,403.04,United States
54,Citigroup,C,215550623744,128.5,United States
55,Amphenol,APH,214440476672,86.96,United States
56,IBM,IBM,209756798976,222.64,United States
57,American Express,AXP,204470304768,302.78,United States
58,Analog Devices,ADI,202136485888,417.15,United States
59,QUALCOMM,QCOM,197452333056,184.87,United States
60,Salesforce,CRM,193149878272,234.69,United States
61,Verizon,VZ,190787272704,45.92,United States
62,Deere &amp; Company (John Deere),DE,185232654336,687.0,United States
63,Gilead Sciences,GILD,179471122432,144.74,United States
64,Walt Disney,DIS,176450125824,102.19,United States
65,T-Mobile US,TMUS,175531982848,163.64,United States
66,Southern Copper,SCCO,173546389504,205.54,United States
67,BlackRock,BLK,172164644864,1059.63,United States
68,Pepsico,PEP,171965743104,125.89,United States
69,Abbott Laboratories,ABT,169826779136,97.5,United States
70,Charles Schwab,SCHW,167226753024,96.7,United States
71,AT&T,T,166512967680,24.3,United States
72,Union Pacific Corporation,UNP,165319327744,278.28,United States
73,McDonald,MCD,164095000576,231.89,United States
74,Welltower,WELL,164081467392,227.71,United States
75,Nextera Energy,NEE,160237060096,76.83,United States
76,Pfizer,PFE,158450925568,27.8,United States
77,Boeing,BA,152872239104,193.56,United States
78,ConocoPhillips,COP,152269520896,126.75,United States
79,Danaher,DHR,150481190912,214.06,United States
80,Interactive Brokers,IBKR,150446915584,88.3,United States
81,Western Digital,WDC,149729050624,415.29,United States
82,TJX Companies,TJX,146572165120,132.68,United States
83,Corning,GLW,141143932928,164.19,United States
84,Uber,UBER,139118772224,68.11,United States
85,ServiceNow,NOW,138930388992,134.38,United States
86,Intuitive Surgical,ISRG,138467328000,391.95,United States
87,Blackstone Group,BX,133574524928,111.75,United States
88,Fortinet,FTNT,132765483008,180.95,United States
89,Vertex Pharmaceuticals,VRTX,127848112128,504.73,United States
90,Prologis,PLD,125312303104,128.91,United States
91,Bristol-Myers Squibb,BMY,124912001024,61.15,United States
92,Cloudflare,NET,124296749056,349.07,United States
93,Marathon Petroleum,MPC,123293597696,422.33,United States
94,Booking Holdings (Booking.com),BKNG,123221180416,159.02,United States
95,Parker-Hannifin,PH,122650632192,972.55,United States
96,Progressive,PGR,122063921152,210.31,United States
97,Newmont,NEM,121764675584,115.56,United States
98,Snowflake,SNOW,120318918656,341.04,United States
99,Capital One,COF,119460724736,194.72,United States
100,Valero Energy,VLO,116984922112,406.3,United States
101,Lockheed Martin,LMT,116643954688,505.41,United States
102,S&P Global,SPGI,113872396288,386.27,United States
103,Altria Group,MO,112457244672,67.35,United States
104,CVS Health,CVS,110579777536,86.46,United States
105,Starbucks,SBUX,107969396736,94.71,United States
106,Stryker Corporation,SYK,105647521792,275.43,United States
107,Phillips 66,PSX,105572950016,264.58,United States
108,McKesson,MCK,105197150208,902.28,United States
109,Freeport-McMoRan,FCX,103450705920,72.04,United States
110,Automatic Data Processing,ADP,102106095616,257.68,United States
111,Quanta Services,PWR,101716328448,676.56,United States
112,Lowe's Companies,LOW,101438570496,180.8,United States
113,Robinhood,HOOD,101362540544,112.74,United States
114,Equinix,EQIX,101209522176,1025.72,United States
115,Datadog,DDOG,99542777856,277.22,United States
116,BNY Mellon (Bank of New York Mellon),BNY,98654494720,145.4,United States
117,Lumentum,LITE,97362173952,1085.42,United States
118,Airbnb,ABNB,97260748800,162.43,United States
119,Vertiv Holdings,VRT,97086308352,252.18,United States
120,Cadence Design Systems,CDNS,96907952128,351.35,United States
121,Southern Company,SO,96308396032,83.72,United States
122,HCA Healthcare,HCA,94656831488,426.69,United States
123,CME Group,CME,94619688960,263.14,United States
124,Synopsys,SNPS,93882785792,489.9,United States
125,Marriott International,MAR,93604667392,358.96,United States
126,Adobe,ADBE,92508946432,237.69,United States
127,Howmet Aerospace,HWM,92230803456,231.27,United States
128,Hewlett Packard Enterprise,HPE,92033138688,69.33,United States
129,Constellation Energy,CEG,91230609408,257.49,United States
130,Emerson,EMR,90517757952,161.61,United States
131,AppLovin,APP,89759965184,268.22,United States
132,U.S. Bancorp,USB,89603538944,57.51,United States
133,General Dynamics,GD,89308217344,330.09,United States
134,Duke Energy,DUK,88987410432,114.13,United States
135,PNC Financial Services,PNC,88178524160,221.03,United States
136,CSX Corporation,CSX,87862886400,47.43,United States
137,Williams Companies,WMB,86282231808,70.54,United States
138,Bloom Energy,BE,85162582016,289.15,United States
139,Intercontinental Exchange,ICE,84293378048,150.15,United States
140,Monster Beverage,MNST,84121681920,42.94,United States
141,Elevance Health,ELV,83804798976,386.43,United States
142,3M,MMM,83490308096,161.89,United States
143,KKR & Co.,KKR,83390988288,90.29,United States
144,DoorDash,DASH,81958305792,189.15,United States
145,Waste Management,WM,81721769984,204.45,United States
146,Marsh & McLennan Companies,MRSH,81154547712,170.06,United States
147,United Parcel Service,UPS,79139700736,93.02,United States
148,Enterprise Products,EPD,78129889280,36.18,United States
149,Warner Bros. Discovery,WBD,77570809856,30.94,United States
150,Sherwin-Williams,SHW,77563658240,319.51,United States
151,Cintas,CTAS,77114769408,193.02,United States
152,Ecolab,ECL,76725944320,273.7,United States
153,Comcast,CMCSA,76544090112,21.57,United States
154,Moody's,MCO,76435161088,441.36,United States
155,Simon Property Group,SPG,76285337600,200.95,United States
156,Moderna,MRNA,75858812928,190.01,United States
157,Regeneron Pharmaceuticals,REGN,75692515328,735.2,United States
158,American Tower,AMT,75578720256,162.2,United States
159,EOG Resources,EOG,75303026688,141.38,United States
160,The Travelers Companies,TRV,75166269440,360.38,United States
161,Intuit,INTU,75114692608,281.08,United States
162,Illinois Tool Works,ITW,74879623168,262.92,United States
163,Mondelez International,MDLZ,74695581696,58.19,United States
164,Royal Caribbean Group,RCL,74282139648,277.74,United States
165,Motorola Solutions,MSI,74043580416,447.41,United States
166,Ross Stores,ROST,73007816704,228.54,United States
167,Cummins,CMI,72902385664,528.32,United States
168,SLB (Schlumberger),SLB,72337145856,48.74,United States
169,Hilton Worldwide,HLT,71876730880,319.36,United States
170,The Cigna Group,CI,71484973056,270.53,United States
171,Norfolk Southern,NSC,71299678208,317.44,United States
172,Target,TGT,70869467136,156.0,United States
173,Monolithic Power Systems,MPWR,70752649216,1439.73,United States
174,Carvana,CVNA,70686736384,63.77,United States
175,Energy Transfer LP,ET,70484336640,20.47,United States
176,Teradyne,TER,70203252736,449.04,United States
177,Kinder Morgan,KMI,69125341184,31.07,United States
178,FedEx,FDX,68719624192,290.36,United States
179,O'Reilly Automotive,ORLY,68680769536,84.9,United States
180,General Motors,GM,68678127616,78.27,United States
181,Northrop Grumman,NOC,67906125824,478.0,United States
182,Honeywell,HON,67821993984,213.99,United States
183,Digital Realty,DLR,67431858176,178.55,United States
184,Apollo Global Management,APO,67333730304,114.02,United States
185,United Rentals,URI,67286622208,1081.04,United States
186,Colgate-Palmolive,CL,67169783808,84.26,United States
187,Coherent Corp.,COHR,66003300352,337.04,United States
188,Keysight,KEYS,65482944512,384.64,United States
189,American Electric Power,AEP,65093595136,119.57,United States
190,Republic Services,RSG,64169992192,209.56,United States
191,"Strategy 
 (MicroStrategy)",MSTR,63804116992,160.01,United States
192,Air Products and Chemicals,APD,61810827264,277.57,United States
193,Boston Scientific,BSX,61737177088,42.6,United States
194,TransDigm Group,TDG,60988862464,1090.38,United States
195,Comfort Systems USA,FIX,60816150528,1728.01,United States
196,Astera Labs,ALAB,60777033728,350.33,United States
197,W. W. Grainger,GWW,60446961664,1280.3,United States
198,Targa Resources,TRGP,60413796352,281.74,United States
199,MetLife,MET,60008087552,94.43,United States
200,Natera,NTRA,59149561856,410.35,United States
201,Cencora,COR,58975133696,309.05,United States
202,Fastenal,FAST,58235502592,50.75,United States
203,Occidental Petroleum,OXY,58058940416,58.08,United States
204,Arthur J. Gallagher & Co.,AJG,57961263104,226.11,United States
205,Ametek,AME,57743110144,251.93,United States
206,Paccar,PCAR,57731710976,109.68,United States
207,MPLX,MPLX,57210687488,56.38,United States
208,Truist Financial Corporation,TFC,56744538112,46.45,United States
209,Allstate,ALL,56574439424,223.74,United States
210,Aflac,AFL,55919833088,111.54,United States
211,Cheniere Energy,LNG,55753900032,269.95,United States
212,Baker Hughes,BKR,55589748736,56.0,United States
213,Ciena,CIEN,55495348224,391.34,United States
214,Oneok,OKE,55400361984,87.88,United States
215,Delta Air Lines,DAL,55299518464,84.09,United States
216,Nucor,NUE,54538645504,240.39,United States
217,Dominion Energy,D,53923737600,61.31,United States
218,Public Storage,PSA,53030547456,283.81,United States
219,Cardinal Health,CAH,52864999424,228.3,United States
220,Devon Energy,DVN,52415000576,47.65,United States
221,Diamondback Energy,FANG,51961384960,184.71,United States
222,Corteva,CTVA,51807772672,77.65,United States
223,Sempra,SRE,51252707328,78.38,United States
224,Realty Income,O,51218784256,54.13,United States
225,Nasdaq,NDAQ,50492424192,90.33,United States
226,Rockwell Automation,ROK,50454966272,454.35,United States
227,Nike,NKE,50246103040,33.87,United States
228,CoreWeave,CRWV,49428709376,89.62,United States
229,Edwards Lifesciences,EW,49029369856,85.15,United States
230,Honeywell Aerospace,HONA,49010401280,154.63,United States
231,Wabtec,WAB,48568627200,287.54,United States
232,State Street Corporation,STT,48336523264,175.96,United States
233,Coinbase,COIN,48282157056,183.0,United States
234,Ford,F,48249909248,12.1,United States
235,Entergy,ETR,48212525056,100.91,United States
236,Becton Dickinson,BDX,48157990912,176.8,United States
237,Medline,MDLN,47910879232,35.61,United States
238,eBay,EBAY,47347998720,106.4,United States
239,Agilent Technologies,A,47302025216,167.78,United States
240,Rocket Lab,RKLB,47265259520,73.92,United States
241,Vistra,VST,46995640320,140.02,United States
242,Everpure,P,46698467328,140.14,United States
243,Humana,HUM,46634385408,388.36,United States
244,Vivmark Residential,VMRK,46264254464,59.79,United States
245,Fifth Third Bank,FITB,46117367808,50.87,United States
246,Carrier Global,CARR,45781590016,55.12,United States
247,PayPal,PYPL,45513601024,52.8,United States
248,Twilio,TWLO,45240184832,294.58,United States
249,AutoZone,AZO,45155500032,2792.03,United States
250,Workday,WDAY,44859740160,186.14,United States
251,Block,XYZ,44657094656,74.33,United States
252,Xcel Energy,XEL,44598890496,71.4,United States
253,NetApp,NTAP,44443729920,226.27,United States
254,Autodesk,ADSK,44308000768,212.0,United States
255,Revolution Medicines,RVMD,44290478080,206.64,United States
256,Veeva Systems,VEEV,44254543872,273.33,United States
257,Microchip Technology,MCHP,44157468672,81.32,United States
258,L3Harris Technologies,LHX,44058382336,236.6,United States
259,Ameriprise Financial,AMP,43396444160,490.91,United States
260,Ventas,VTR,43092627456,84.01,United States
261,IQVIA,IQV,42501365760,258.21,United States
262,HEICO,HEI,42269630464,302.45,United States
263,Exelon Corporation,EXC,41962242048,40.73,United States
264,Waters Corporation,WAT,41749606400,425.21,United States
265,Keurig Dr Pepper,KDP,41328287744,30.37,United States
266,Illumina,ILMN,41229041664,273.04,United States
267,Credo Technology,CRDO,41093808128,218.64,United States
268,Chipotle Mexican Grill,CMG,40948928512,32.36,United States
269,IDEXX Laboratories,IDXX,40892157952,518.39,United States
270,BeOne Medicines,ONC,40737087488,358.07,United States
271,Cerebras Systems,CBRS,39537782784,166.43,United States
272,Live Nation,LYV,39316578304,168.77,United States
273,American International Group,AIG,39180386304,74.93,United States
274,Ares Management,ARES,39000260608,117.55,United States
275,MSCI,MSCI,38963564544,535.95,United States
276,Prudential Financial,PRU,38847000576,112.6,United States
277,Archer Daniels Midland (ADM),ADM,38773399552,80.45,United States
278,Waste Connections,WCN,38696382464,153.82,United States
279,Consolidated Edison,ED,38236581888,103.39,United States
280,Sysco,SYY,38118412288,77.49,United States
281,Take-Two Interactive,TTWO,37906546688,202.73,United States
282,D. R. Horton,DHI,37759672320,135.0,United States
283,Ubiquiti,UI,37559070720,620.52,United States
284,CBRE Group,CBRE,37523169280,129.58,United States
285,Old Dominion Freight Line,ODFL,37423722496,180.48,United States
286,Yum! Brands,YUM,37147295744,136.12,United States
287,PG&amp;E Corporation,PCG,36989161472,12.32,United States
288,Okta,OKTA,36972879872,211.49,United States
289,United Airlines Holdings,UAL,36518920192,112.51,United States
290,Paychex,PAYX,35220709376,98.94,United States
291,Roper Technologies,ROP,35042557952,354.32,United States
292,Kroger,KR,34862448640,59.03,United States
293,Emcor,EME,34697289728,786.61,United States
294,Carnival Corporation,CCL,34637160448,25.76,United States
295,Martin Marietta Materials,MLM,34250518528,482.27,United States
296,The Hartford,HIG,34143416320,126.05,United States
297,PSEG,PEG,33920737280,68.07,United States
298,Iron Mountain,IRM,33756522496,113.39,United States
299,Axon Enterprise,AXON,33579487232,413.35,United States
300,Estee Lauder,EL,33322827776,91.97,United States
301,Steel Dynamics,STLD,33250684928,231.99,United States
302,TKO Group Holdings,TKO,33231976448,175.58,United States
303,Rocket Companies,RKT,33130215424,11.7,United States
304,WEC Energy Group,WEC,33103036416,101.59,United States
305,ON Semiconductor,ON,33049257984,84.89,United States
306,Kenvue,KVUE,33037305856,17.2,United States
307,Venture Global,VG,32826220544,13.13,United States
308,Biogen,BIIB,32488151040,219.88,United States
309,DexCom,DXCM,32211515392,85.36,United States
310,The Hershey Company,HSY,32186281984,160.19,United States
311,Zscaler,ZS,32056555520,196.6,United States
312,Jabil,JBL,31898236928,304.41,United States
313,Expedia Group,EXPE,31805126656,265.0,United States
314,M&T Bank,MTB,31760615424,219.14,United States
315,Sunbelt Rentals,SUNB,31592871936,77.1,United States
316,Roblox,RBLX,31518265344,44.12,United States
317,Vulcan Materials,VMC,31495407616,243.06,United States
318,EQT Corporation,EQT,31382138880,50.17,United States
319,Northern Trust,NTRS,31358597120,171.4,United States
320,Kimberly-Clark,KMB,31321890816,94.36,United States
321,Centene,CNC,31116746752,62.99,United States
322,Huntington Bancshares,HBAN,30972958720,15.33,United States
323,ResMed,RMD,30784524288,218.89,United States
324,Raymond James Financial,RJF,30433548288,158.21,United States
325,Mettler Toledo,MTD,29778132992,1486.19,United States
326,"Cheniere Energy
Partners",CQP,29677578240,61.31,United States
327,Extra Space Storage,EXR,29408614400,133.25,United States
328,Alnylam Pharmaceuticals,ALNY,29400539136,219.72,United States
329,GE HealthCare Technologies,GEHC,29244993536,64.29,United States
330,HP,HPQ,28965525504,32.12,United States
331,MongoDB,MDB,28835948544,357.96,United States
332,Zoetis,ZTS,28797554688,69.69,United States
333,Teledyne Technologies,TDY,28592951296,617.17,United States
334,Reddit,RDDT,28447748096,147.86,United States
335,Cboe Global Markets,CBOE,28327958528,271.26,United States
336,Crown Castle,CCI,28267259904,66.44,United States
337,Supermicro,SMCI,28261881856,43.69,United States
338,GlobalFoundries,GFS,27965691904,50.17,United States
339,Cognizant Technology Solutions,CTSH,27675230208,58.51,United States
340,Ameren,AEE,27667716096,99.94,United States
341,Qnity Electronics,Q,27523917824,131.48,United States
342,EchoStar,ECHO,27409393664,94.25,United States
343,Williams-Sonoma,WSM,27357507584,232.3,United States
344,Zoom,ZM,27100870656,92.88,United States
345,Citizens Financial Group,CFG,27094304768,64.33,United States
346,Halliburton,HAL,26607419392,31.85,United States
347,Atmos Energy,ATO,26559932416,157.17,United States
348,Kraft Heinz,KHC,26313428992,22.19,United States
349,Dollar General,DG,26240161792,118.94,United States
350,ATI Inc.,ATI,26201905152,192.42,United States
351,Symbotic,SYM,26200186880,43.28,United States
352,VeriSign,VRSN,26064128000,288.32,United States
353,Corpay,CPAY,25909278720,394.6,United States
354,DTE Energy,DTE,25896558592,124.45,United States
355,American Water,AWK,25884450816,130.25,United States
356,Quest Diagnostics,DGX,25753415680,233.33,United States
357,SharkNinja,SN,25718921216,182.57,United States
358,F5,FFIV,25711007744,454.04,United States
359,West Pharmaceutical Services,WST,25685745664,364.98,United States
360,W. R. Berkley,WRB,25607276544,68.98,United States
361,Dover Corporation,DOV,25547491328,189.69,United States
362,Entegris,ENTG,25353381888,166.47,United States
363,Copart,CPRT,25214713856,27.22,United States
364,Hubbell,HUBB,25127321600,475.52,United States
365,FirstEnergy,FE,25069207552,43.34,United States
366,Expeditors International,EXPD,25019295744,192.47,United States
367,LabCorp,LH,25018537984,308.49,United States
368,VICI Properties,VICI,24939405312,22.65,United States
369,LPL Financial,LPLA,24917209088,316.44,United States
370,CenterPoint Energy,CNP,24893038592,37.79,United States
371,Cincinnati Financial,CINF,24855769088,161.95,United States
372,Coupang,CPNG,24735983616,13.78,United States
373,PPL,PPL,24683470848,32.8,United States
374,MACOM Technology Solutions,MTSI,24560891904,321.6,United States
375,Rubrik,RBRK,24407150592,118.58,United States
376,Otis Worldwide,OTIS,24381872128,64.05,United States
377,Eversource Energy,ES,24295522304,64.5,United States
378,Insmed,INSM,24266553344,111.12,United States
379,Samsara,IOT,24080084992,41.12,United States
380,Principal Financial Group,PFG,23971155968,111.96,United States
381,Affirm,AFRM,23879301120,70.77,United States
382,Guardant Health,GH,23860078592,177.8,United States
383,Xylem,XYL,23766622208,101.79,United States
384,Fiserv,FISV,23589171200,44.36,United States
385,Fox Corporation,FOX,23567339520,55.89,United States
386,Las Vegas Sands,LVS,23466213376,36.23,United States
387,Texas Pacific Land Corporation,TPL,23464497152,340.19,United States
388,Tapestry,TPR,23439183872,118.12,United States
389,First Citizens BancShares,FCNCA,23415832576,2073.46,United States
390,PPG Industries,PPG,23374845952,105.15,United States
391,Incyte,INCY,23371051008,115.3,United States
392,Synchrony Financial,SYF,23351865344,71.77,United States
393,ULTA Beauty,ULTA,23246809088,543.69,United States
394,United Therapeutics,UTHR,23233888256,541.7,United States
395,Regions Financial,RF,23087290368,27.1,United States
396,Veralto,VLTO,23082354688,94.68,United States
397,Formula One Group,FWONK,22864613376,91.2,United States
398,Casey's General Stores,CASY,22832513024,617.76,United States
399,AST SpaceMobile,ASTS,22746839040,58.45,United States
400,Darden Restaurants,DRI,22745821184,200.33,United States
401,Roku,ROKU,22617567232,152.39,United States
402,Church & Dwight,CHD,22370699264,94.31,United States
403,T. Rowe Price,TROW,22317105152,104.62,United States
404,Tradeweb,TW,22286618624,102.22,United States
405,TD Synnex,SNX,22207666176,278.37,United States
406,PulteGroup,PHM,22044985344,115.73,United States
407,J. B. Hunt,JBHT,21991378944,234.2,United States
408,XPO Logistics,XPO,21788618752,186.09,United States
409,Loews Corporation,L,21675470848,106.03,United States
410,Ralph Lauren,RL,21650399232,363.37,United States
411,"Arxis, Inc.",ARXS,21554241536,50.03,United States
412,Markel Group,MKL,21523587072,1737.18,United States
413,Verisk Analytics,VRSK,21471860736,163.88,United States
414,KeyCorp (KeyBank),KEY,21427941376,20.08,United States
415,SiTime,SITM,21333596160,709.44,United States
416,Omnicom Group,OMC,21133211648,74.15,United States
417,Pershing Square Inc.,PS,21103998976,52.76,United States
418,Dollar Tree,DLTR,21044615168,112.16,United States
419,International Flavors & Fragrances,IFF,21042112512,82.42,United States
420,US Foods,USFD,20966772736,96.92,United States
421,Tenet Healthcare,THC,20823824384,258.62,United States
422,Southwest Airlines,LUV,20776673280,42.47,United States
423,Global Payments,GPN,20740788224,78.38,United States
424,Edison International,EIX,20737626112,53.89,United States
425,Rivian,RIVN,20704407552,14.3,United States
426,Circle Internet Group,CRCL,20627415040,81.25,United States
427,Bunge Global SA,BG,20502951936,106.72,United States
428,Expand Energy,EXE,20458850304,85.52,United States
429,Reliance,RS,20437026816,400.31,United States
430,SoFi,SOFI,20368064512,15.77,United States
431,Packaging Corporation of America,PKG,20362524672,228.54,United States
432,Viatris,VTRS,20215199744,17.6,United States
433,Dow,DOW,20203870208,27.97,United States
434,HF Sinclair,DINO,20153577472,113.36,United States
435,Curtiss-Wright,CW,20152909824,545.64,United States
436,Brown &amp; Brown,BRO,20046508032,59.91,United States
437,NRG Energy,NRG,20018343936,95.23,United States
438,Royal Gold,RGLD,19880544256,234.64,United States
439,CMS Energy,CMS,19690536960,63.74,United States
440,Woodward,WWD,19580774400,331.62,United States
441,Nutanix,NTNX,19559518208,72.29,United States
442,Constellation Brands,STZ,19275761664,112.87,United States
443,Carpenter Technology,CRS,19252017152,388.47,United States
444,Lennar,LEN,19225839616,79.81,United States
445,Unity Software,U,19192279040,43.61,United States
446,Snap-on,SNA,19082135552,368.9,United States
447,Lattice Semiconductor,LSCC,18994395136,134.0,United States
448,LyondellBasell,LYB,18923563008,58.58,United States
449,NiSource,NI,18909054976,39.43,United States
450,MKS Instruments,MKSI,18875441152,279.15,United States
451,First Solar,FSLR,18765299712,174.61,United States
452,WESCO International,WCC,18602792960,381.73,United States
453,Nordson,NDSN,18584164352,333.54,United States
454,Permian Resources,PR,18526763008,22.12,United States
455,ITT,ITT,18522275840,206.17,United States
456,Essex Property Trust,ESS,18517020672,268.65,United States
457,Western Midstream,WES,18493693952,44.76,United States
458,Best Buy,BBY,18449745920,87.97,United States
459,C. H. Robinson,CHRW,18429779968,157.72,United States
460,SS&C Technologies,SSNC,18427455488,78.53,United States
461,Tyson Foods,TSN,18254979072,51.89,United States
462,Evergy,EVRG,18254002176,79.17,United States
463,Semtech,SMTC,18187298816,194.88,United States
464,Coeur Mining,CDE,18153330688,17.66,United States
465,Zebra Technologies,ZBRA,17903486976,375.86,United States
466,IonQ,IONQ,17732788224,43.77,United States
467,Broadridge Financial Solutions,BR,17717401600,156.93,United States
468,Dupont De Nemours,DD,17549821952,129.98,United States
469,Genuine Parts Company,GPC,17541275648,127.24,United States
470,Fortive,FTV,17520363520,57.47,United States
471,APi Group,APG,17493848064,40.48,United States
472,TPG Inc.,TPG,17446643712,44.67,United States
473,CF Industries,CF,17405399040,115.01,United States
474,MasTec,MTZ,17340246016,215.93,United States
475,Burlington Stores,BURL,17295536128,275.34,United States
476,East West Bancorp,EWBC,17292265472,126.21,United States
477,Toast,TOST,17218621440,29.79,United States
478,IDEX,IEX,17175998464,232.99,United States
479,FTAI Aviation,FTAI,17155165184,167.03,United States
480,Dynatrace,DT,17143605248,59.32,United States
481,General Mills,GIS,17115334656,32.01,United States
482,News Corp,NWS,17067616256,31.65,United States
483,International Paper,IP,16930349056,31.97,United States
484,Revvity,RVTY,16908687360,151.53,United States
485,FedEx Freight,FDXF,16879100928,112.89,United States
486,Zimmer Biomet,ZBH,16840230912,88.29,United States
487,SBA Communications,SBAC,16813905920,158.49,United States
488,Clean Harbors,CLH,16813266944,318.51,United States
489,Fidelity National Information Services,FIS,16767558656,32.44,United States
490,Plains All American Pipeline,PAA,16757203968,23.75,United States
491,Medpace,MEDP,16732199936,599.47,United States
492,Ovintiv,OVV,16690043904,60.34,United States
493,Alliant Energy,LNT,16679785472,64.33,United States
494,Franklin Resources,BEN,16670003200,32.81,United States
495,CDW Corporation,CDW,16663571456,133.29,United States
496,Equifax,EFX,16447885312,140.0,United States
497,DigitalOcean,DOCN,16375317504,140.07,United States
498,RBC Bearings,RBC,16322239488,515.56,United States
499,Sterling Infrastructure,STRL,16316526592,533.42,United States
500,Jacobs Engineering,J,16302245888,138.06,United States
501,Reinsurance Group of America,RGA,16286887936,249.41,United States
502,Tractor Supply,TSCO,16199137280,31.09,United States
503,Onto Innovation,ONTO,16085065728,327.77,United States
504,NVR,NVR,15972771840,5993.85,United States
505,Bitmine Immersion Technologies,BMNR,15846757376,26.27,United States
506,Host Hotels & Resorts,HST,15673028608,22.56,United States
507,Akamai,AKAM,15653612544,108.92,United States
508,PTC,PTC,15628156928,144.03,United States
509,Invitation Homes,INVH,15379829760,26.04,United States
510,APA Corporation,APA,15303354368,43.68,United States
511,Talen Energy,TLN,15172420608,320.77,United States
512,Corebridge Financial,CRBG,15169638400,34.03,United States
513,Ball Corporation,BALL,15008315392,56.37,United States
514,Hyatt Hotels,H,14974217216,158.9,United States
515,Lincoln Electric,LECO,14955289600,274.38,United States
516,Solventum,SOLV,14954153984,87.85,United States
517,Kimco Realty,KIM,14918355968,22.24,United States
518,Leidos,LDOS,14809979904,117.74,United States
519,Performance Food Group,PFGC,14741250048,93.85,United States
520,W. P. Carey,WPC,14698744832,64.52,United States
521,Aramark,ARMK,14644370432,55.55,United States
522,Lamar Advertising,LAMR,14635339776,144.12,United States
523,Viper Energy,VNOM,14597680128,40.64,United States
524,Neurocrine Biosciences,NBIX,14554129408,143.18,United States
525,Pinnacle Financial Partners,PNFP,14520413184,96.09,United States
526,Rollins,ROL,14511345664,30.16,United States
527,Exelixis,EXEL,14467973120,58.39,United States
528,Omega Healthcare Investors,OHI,14419871744,45.72,United States
529,Equitable Holdings,EQH,14358390784,52.64,United States
530,Fair Isaac (FICO),FICO,14281437184,661.25,United States
531,Somnigroup International,SGI,14267922432,61.97,United States
532,Vicor,VICR,14242369536,308.9,United States
533,Blue Owl Capital,OWL,14229780480,9.08,United States
534,Charter Communications,CHTR,14203066368,109.29,United States
535,Carlyle Group,CG,14189171712,39.82,United States
536,Sun Communities,SUI,14160584704,110.75,United States
537,Jones Lang LaSalle,JLL,14115623936,306.81,United States
538,Sunoco,SUN,14080167936,74.73,United States
539,Warner Music Group,WMG,14027188224,26.815,United States
540,Unum,UNM,14021233664,88.57,United States
541,Annaly Capital Management,NLY,13943716864,18.5,United States
542,TTM Technologies,TTMI,13892354048,131.87,United States
543,Amkor Technology,AMKR,13885817856,56.02,United States
544,Charles River Laboratories,CRL,13853343744,290.19,United States
545,Mueller Industries,MLI,13837108224,62.56,United States
546,Tempus AI,TEM,13826714624,76.63,United States
547,Healthpeak Properties,DOC,13817381888,19.49,United States
548,Stanley Black &amp; Decker,SWK,13793859584,91.34,United States
549,Mid-America Apartment Communities,MAA,13754781696,115.27,United States
550,CACI International Inc,CACI,13592134656,615.04,United States
551,Ares Capital,ARCC,13541911552,18.86,United States
552,Invesco,IVZ,13536382976,30.66,United States
553,IES Holdings,IESC,13522262016,339.34,United States
554,Masco,MAS,13479732224,68.36,United States
555,Textron,TXT,13434662912,77.26,United States
556,Trimble,TRMB,13412504576,57.52,United States
557,Dick's Sporting Goods,DKS,13407494144,136.08,United States
558,Penske Automotive Group,PAG,13397195776,204.03,United States
559,Regency Centers,REG,13386245120,71.6,United States
560,Wayfair,W,13364644864,101.25,United States
561,Weyerhaeuser,WY,13311993856,18.47,United States
562,UL Solutions,ULS,13301149696,65.99,United States
563,Tyler Technologies,TYL,13219803136,322.81,United States
564,Assurant,AIZ,13185229824,267.32,United States
565,Gen Digital,GEN,13162928128,21.99,United States
566,BridgeBio Pharma,BBIO,13146903552,67.25,United States
567,Carlisle Companies,CSL,13079451648,329.34,United States
568,Avery Dennison,AVY,12993421312,169.87,United States
569,Nextpower,NXT,12951713792,84.3,United States
570,DocuSign,DOCU,12898138112,69.01,United States
571,Forgent Power Solutions,FPS,12871035904,40.35,United States
572,Generac,GNRC,12805061632,216.8,United States
573,Skyworks Solutions,SWKS,12789019648,85.03,United States
574,Coca-Cola Consolidated,COKE,12783006720,192.04,United States
575,Globe Life,GL,12732416000,165.68,United States
576,RPM International,RPM,12655068160,99.19,United States
577,Graco,GGG,12632397824,78.0,United States
578,Hasbro,HAS,12629121024,89.54,United States
579,Applied Industrial Technologies,AIT,12616257536,343.45,United States
580,Toll Brothers,TOL,12588201984,136.61,United States
581,Webster Financial,WBS,12568934400,77.57,United States
582,Corcept Therapeutics,CORT,12564277248,116.23,United States
583,Madison Air Solutions,MAIR,12563134464,25.04,United States
584,CNA Financial,CNA,12539646976,46.34,United States
585,J.M. Smucker Company,SJM,12518608896,117.19,United States
586,"QXO, Inc.",QXO,12512138240,12.06,United States
587,Twist Bioscience,TWST,12509042688,188.67,United States
588,Penumbra,PEN,12508110848,317.55,United States
589,Guidewire Software,GWRE,12475184128,152.15,United States
590,Halozyme Therapeutics,HALO,12468890624,109.86,United States
591,GameStop,GME,12461174784,24.7,United States
592,AMH (American Homes 4 Rent),AMH,12405147648,30.26,United States
593,BWX Technologies,BWXT,12356141056,134.86,United States
594,DT Midstream,DTM,12343851008,121.0,United States
595,Albemarle,ALB,12342148096,104.59,United States
596,UDR Apartments,UDR,12327055360,33.27,United States
597,BorgWarner,BWA,12325888000,60.52,United States
598,Arrow Electronics,ARW,12319621120,242.01,United States
599,Lennox,LII,12313968640,356.3,United States
600,GoDaddy,GDDY,12311422976,97.21,United States
601,SEI Investments,SEIC,12293565440,102.43,United States
602,Sanmina,SANM,12275938304,229.04,United States
603,Watsco,WSO,12271289344,297.47,United States
604,Quantinuum Inc.,QNT,12242426880,46.08,United States
605,Brown Forman,BF-A,12237910016,26.67,United States
606,Pershing Square Holdings,PSHD.L,12225084416,56.685,United States
607,Advanced Energy,AEIS,12186548224,304.28,United States
608,10x Genomics,TXG,12182223872,93.5,United States
609,Five Below,FIVE,12177401856,221.19,United States
610,TransUnion,TRU,12155103232,63.44,United States
611,Baxter,BAX,12144235520,23.49,United States
612,Watts Water Technologies,WTS,12120384512,363.07,United States
613,Rambus,RMBS,12108096512,111.97,United States
614,Crane Company,CR,12034033664,208.2,United States
615,U-Haul,UHAL,12031012864,61.89,United States
616,McCormick & Company,MKC,12019109888,44.67,United States
617,BJ's Wholesale Club,BJ,11994843136,94.96,United States
618,BrightSpring Health Services,BTSG,11921320960,60.25,United States
619,Manhattan Associates,MANH,11902668800,204.145,United States
620,Encompass Health,EHC,11818675200,119.8,United States
621,JFrog,FROG,11775275008,95.5,United States
622,Equity LifeStyle Properties,ELS,11672359936,58.25,United States
623,Gartner,IT,11669931008,184.8,United States
624,SailPoint,SAIL,11663724544,20.43,United States
625,FormFactor,FORM,11626952704,149.15,United States
626,Pinnacle West Capital,PNW,11625238528,95.92,United States
627,VIAVI Solutions,VIAV,11621916672,47.1,United States
628,Littelfuse,LFUS,11595290624,456.53,United States
629,Erie Indemnity,ERIE,11560766464,221.09,United States
630,Madrigal Pharmaceuticals,MDGL,11538200576,499.4,United States
631,Hecla Mining,HL,11536253952,17.2,United States
632,American Financial Group,AFG,11534375936,139.1,United States
633,Crown Holdings,CCK,11534052352,106.05,United States
634,Ally Financial,ALLY,11532210176,37.91,United States
635,DaVita,DVA,11469217792,178.69,United States
636,Figma,FIG,11385091072,21.36,United States
637,Aurora Innovation,AUR,11363560448,5.67,United States
638,Bio-Techne,TECH,11353640960,72.4,United States
639,Gaming and Leisure Properties,GLPI,11285178368,37.68,United States
640,Dayforce,DAY,11180042240,69.86,United States
641,Essential Utilities,WTRG,11175200768,39.38,United States
642,Hormel Foods,HRL,11144603648,20.25,United States
643,Confluent,CFLT,11133729792,30.99,United States
644,First Horizon Corporation,FHN,11095861248,23.42,United States
645,CoStar Group,CSGP,11094309888,27.38,United States
646,Alcoa,AA,11071001600,41.95,United States
647,BioMarin Pharmaceutical,BMRN,11068548096,57.18,United States
648,American Healthcare REIT,AHR,11063437312,50.75,United States
649,Elanco,ELAN,11061626880,22.14,United States
650,"BXP, Inc.",BXP,10934040576,60.45,United States
651,Cognex,CGNX,10929503232,64.97,United States
652,ImmunityBio,IBRX,10900416512,10.285,United States
653,Knight-Swift Transportation,KNX,10865591296,66.76,United States
654,Cooper Companies,COO,10821737472,56.91,United States
655,Pinterest,PINS,10788629504,19.26,United States
656,Globalstar,GSAT,10782265344,83.22,United States
657,Deckers Brands,DECK,10774709248,79.12,United States
658,HubSpot,HUBS,10697795584,214.53,United States
659,Regal Rexnord,RRX,10646041600,159.87,United States
660,AES,AES,10633181184,14.91,United States
661,Paramount Skydance,PSKY,10632144896,9.5,United States
662,Stifel,SF,10612401152,70.28,United States
663,Huntington Ingalls Industries,HII,10581711872,268.54,United States
664,Fidelity National Financial,FNF,10529250304,39.26,United States
665,EastGroup Properties,EGP,10527739904,195.78,United States
666,Service Corporation International,SCI,10513532928,77.14,United States
667,Instacart (Maplebear Inc.),CART,10502003712,44.25,United States
668,Antero Resources,AR,10477521920,34.08,United States
669,AGNC Investment,AGNC,10420381696,8.79,United States
670,Avantor,AVTR,10375345152,15.34,United States
671,Universal Health Services,UHS,10356324352,175.72,United States
672,Chime Financial,CHYM,10316444672,27.25,United States
673,Donaldson Company,DCI,10275433472,88.65,United States
674,Repligen,RGEN,10254352384,181.7,United States
675,Texas Roadhouse,TXRH,10249174016,156.14,United States
676,Apogee Therapeutics,APGE,10223142912,135.07,United States
677,Dillard's,DDS,10216839168,654.11,United States
678,Align Technology,ALGN,10211269632,143.74,United States
679,Globus Medical,GMED,10150201344,75.6,United States
680,New York Times,NYT,10112481280,62.7,United States
681,"Popular, Inc. (Banco Popular de Puerto Rico)",BPOP,10085932032,158.14,United States
682,Qorvo,QRVO,10071849984,114.17,United States
683,Evercore,EVR,10063630336,261.68,United States
684,The Ensign Group,ENSG,10011756544,171.78,United States
685,Jack Henry &amp; Associates,JKHY,9993763840,142.54,United States
686,Paycom,PAYC,9960377344,220.99,United States
687,UMB Financial,UMBF,9944897536,130.94,United States
688,Darling Ingredients,DAR,9932114944,62.94,United States
689,ViaSat,VSAT,9918417920,72.0,United States
690,Molina Healthcare,MOH,9893987328,189.54,United States
691,South State Corp,SSB,9882675200,101.91,United States
692,Bio-Rad Laboratories,BIO,9878776832,369.14,United States
693,Elastic NV,ESTC,9862881280,93.94,United States
694,Domino's Pizza,DPZ,9845620736,297.615,United States
695,Leonardo DRS,DRS,9821607936,36.8,United States
696,Applied Optoelectronics,AAOI,9814317056,115.59,United States
697,Madison Square Garden Sports,MSGS,9799331840,406.95,United States
698,Wintrust Financial,WTFC,9783914496,145.02,United States
699,Allison Transmission,ALSN,9741731840,117.97,United States
700,Bentley Systems,BSY,9736454144,32.23,United States
701,Clorox,CLX,9724062720,80.41,United States
702,Henry Schein,HSIC,9669254144,84.88,United States
703,Antero Midstream,AM,9664362496,20.36,United States
704,Glaukos,GKOS,9658619904,163.75,United States
705,Ryan Specialty,RYAN,9653651456,37.67,United States
706,Camden Property Trust,CPT,9647756288,95.96,United States
707,Cullen/Frost Bankers,CFR,9635547136,155.04,United States
708,Bruker,BRKR,9635203072,63.24,United States
709,MaxLinear,MXL,9607130112,105.93,United States
710,Affiliated Managers Group,AMG,9605154816,371.43,United States
711,Advanced Drainage Systems,WMS,9596837888,127.27,United States
712,PBF Energy,PBF,9575405568,80.78,United States
713,Oscar Health,OSCR,9549475840,30.94,United States
714,Old National Bank,ONB,9548946432,24.96,United States
715,Krystal Biotech,KRYS,9539112960,322.28,United States
716,Flowserve,FLS,9505008640,74.37,United States
717,Murphy USA,MUSA,9466247168,515.02,United States
718,Modine Manufacturing,MOD,9464684544,178.2,United States
719,FactSet,FDS,9460434944,266.0,United States
720,Snap,SNAP,9436882944,5.58,United States
721,Axsome Therapeutics,AXSM,9389260800,179.25,United States
722,OGE Energy,OGE,9357011968,45.34,United States
723,Owens Corning,OC,9356201984,118.36,United States
724,Jefferies Financial Group,JEF,9349929984,45.97,United States
725,Saia,SAIA,9341585408,351.12,United States
726,The Toro Company,TTC,9337594880,98.64,United States
727,Valmont Industries,VMI,9294091264,478.74,United States
728,Federal Realty Investment Trust,FRT,9273324544,106.69,United States
729,Match Group,MTCH,9255495680,40.32,United States
730,Element Solutions,ESI,9243012096,37.93,United States
731,Acuity Brands,AYI,9242900480,308.76,United States
732,DraftKings,DKNG,9229080576,18.59,United States
733,Zions Bancorporation,ZION,9219873792,63.17,United States
734,Old Republic International,ORI,9188937728,38.06,United States
735,Solstice Advanced Materials,SOLS,9165493248,57.7,United States
736,Life Time Group,LTH,9159705600,40.99,United States
737,Insulet,PODD,9133254656,131.69,United States
738,FirstCash,FCFS,9123691520,210.36,United States
739,Cytokinetics,CYTK,9119936512,65.6,United States
740,Ryder,R,9097411584,237.24,United States
741,Protagonist Therapeutics,PTGX,9063042048,140.06,United States
742,Arrowhead Pharmaceuticals,ARWR,9041612800,64.19,United States
743,Janus Living,JAN,9025334272,29.05,United States
744,Crinetics Pharmaceuticals,CRNX,9012787200,84.95,United States
745,Range Resources,RRC,8933567488,38.23,United States
746,Kymera Therapeutics,KYMR,8929544192,107.39,United States
747,Jackson Financial,JXN,8908361728,131.53,United States
748,Kinetik,KNTK,8888069120,52.53,United States
749,Houlihan Lokey,HLI,8831556608,126.37,United States
750,Legence Corp.,LGN,8807315456,53.61,United States
751,Liberty Live Holdings,LLYVA,8806754304,95.72,United States
752,Avnet,AVT,8776473600,106.935,United States
753,Voya Financial,VOYA,8756137984,96.65,United States
754,SentinelOne,S,8722110464,25.06,United States
755,SPX Technologies,SPXC,8669361152,173.09,United States
756,Sirius XM,SIRI,8669360128,25.72,United States
757,InterDigital,IDCC,8648367104,335.13,United States
758,CareTrust REIT,CTRE,8577442816,36.3,United States
759,American Airlines,AAL,8565890560,12.94,United States
760,Mohawk Industries,MHK,8562779136,126.41,United States
761,Lineage,LINE,8541718528,34.34,United States
762,Timken Company,TKR,8508908032,122.44,United States
763,CubeSmart,CUBE,8506399232,37.52,United States
764,NewMarket Corp,NEU,8498031104,924.06,United States
765,Tetra Tech,TTEK,8480191488,33.12,United States
766,Primerica,PRI,8476698112,275.42,United States
767,Brinker International,EAT,8460014592,202.0,United States
768,Brixmor Property Group,BRX,8405232640,27.39,United States
769,Vaxcyte,PCVX,8404521984,56.48,United States
770,Ryman Hospitality Properties,RHP,8392628736,121.66,United States
771,Rexford Industrial,REXR,8388632064,36.69,United States
772,SM Energy,SM,8381977600,35.24,United States
773,MP Materials,MP,8365431808,46.97,United States
774,Oshkosh Corporation,OSK,8345722880,133.85,United States
775,Western Alliance Bancorporation,WAL,8333123584,76.38,United States
776,TG Therapeutics,TGTX,8310119424,54.29,United States
777,GitLab,GTLB,8294094848,49.78,United States
778,Dycom Industries,DY,8256561664,273.75,United States
779,Praxis Precision Medicines,PRAX,8250635776,295.51,United States
780,Agree Realty,ADC,8217135104,65.88,United States
781,Zeta Global,ZETA,8190574080,32.63,United States
782,Columbia Banking System,COLB,8179067392,28.92,United States
783,Alexandria Real Estate Equities,ARE,8152153088,47.37,United States
784,First Industrial Realty Trust,FR,8146997760,59.46,United States
785,Westlake Corporation,WLK,8115080704,63.5,United States
786,Booz Allen Hamilton,BAH,8101192704,67.35,United States
787,Ralliant Corporation,RAL,8098848256,73.2,United States
788,Prosperity Bancshares,PB,8097510400,67.38,United States
789,Spyre Therapeutics,SYRE,8092737024,93.19,United States
790,Ozon,OZON.ME,8089918289,37.19,United States
791,Kratos Defense &amp; Security Solutions,KTOS,8076485632,43.07,United States
792,AGCO,AGCO,8026336256,114.61,United States
793,Caris Life Sciences,CAI,7997444096,28.3,United States
794,UGI Corporation,UGI,7979212800,37.2,United States
795,StoneX Group,SNEX,7937786880,65.81,United States
796,Commerce Bancshares,CBSH,7928930304,55.28,United States
797,Gap Inc.,GAP,7907090944,22.51,United States
798,Zurn Elkay Water Solutions,ZWS,7906741248,47.67,United States
799,Galaxy Digital Holdings,7LX.F,7887111260,22.3715,United States
800,Hinge Health,HNGE,7881423360,97.67,United States
801,NNN REIT,NNN,7859590656,40.95,United States
802,Wynn Resorts,WYNN,7813658112,75.88,United States
803,BOK Financial,BOKF,7799152640,128.36,United States
804,CarMax,KMX,7795498496,54.92,United States
805,Hess Midstream,HESM,7783233536,37.75,United States
806,Procore,PCOR,7742125056,50.95,United States
807,TeraWulf,WULF,7729024512,15.49,United States
808,Lincoln National Corporation,LNC,7715326976,40.3,United States
809,A. O. Smith,AOS,7712811520,56.75,United States
810,Idacorp,IDA,7680844800,132.79,United States
811,AECOM,ACM,7678028800,59.66,United States
812,Central Bancompany,CBC,7671349248,32.03,United States
813,MGM Resorts,MGM,7668547072,30.48,United States
814,Paylocity,PCTY,7665139712,144.47,United States
815,Levi Strauss &amp; Co.,LEVI,7646981120,19.87,United States
816,Hanover Insurance Group,THG,7640600576,219.43,United States
817,Core &amp; Main,CNM,7626738688,41.35,United States
818,AptarGroup,ATR,7624013312,119.91,United States
819,Applied Digital,APLD,7592939008,25.38,United States
820,Solaris Energy Infrastructure,SEI,7539933184,74.93,United States
821,Kinsale Capital Group,KNSL,7510501888,329.72,United States
822,Chord Energy,CHRD,7494155264,137.01,United States
823,HealthEquity,HQY,7447685120,90.04,United States
824,Silicon Labs,SLAB,7432779264,222.76,United States
825,Smithfield Foods,SFD,7426454016,18.86,United States
826,Eastman Chemical,EMN,7416368640,64.87,United States
827,Riot Platforms,RIOT,7403858944,19.73,United States
828,Dropbox,DBX,7371305472,33.9,United States
829,Allegro MicroSystems,ALGM,7368472576,39.53,United States
830,Victoria's Secret &amp; Co,VSXY,7316755456,91.73,United States
831,Chewy,CHWY,7303018496,18.17,United States
832,Kirby Corporation,KEX,7279535616,137.87,United States
833,Plexus,PLXS,7279488000,273.13,United States
834,MSC Industrial Direct,MSM,7266719744,130.12,United States
835,National Fuel Gas,NFG,7264296960,76.43,United States
836,Netskope,NTSK,7252432384,17.75,United States
837,Clearway Energy,CWEN,7236300288,29.34,United States
838,Ionis Pharmaceuticals,IONS,7235665408,43.54,United States
839,Arcosa,ACA,7194147328,146.5,United States
840,AppFolio,APPF,7188587008,202.97,United States
841,AeroVironment,AVAV,7156572160,140.82,United States
842,Powell Industries,POWL,7144246272,196.1,United States
843,ESCO Technologies,ESE,7123286016,274.95,United States
844,Simpson Manufacturing Company,SSD,7113300992,173.56,United States
845,Federal Signal,FSS,7101580800,116.34,United States
846,STAG Industrial,STAG,7094734336,36.05,United States
847,Valley Bank,VLY,7084399104,12.82,United States
848,EnerSys,ENS,7079603712,196.3,United States
849,Compass,COMP,7077683712,9.22,United States
850,Amneal Pharmaceuticals,AMRX,7070409216,20.3,United States
851,Primo Brands,PRMB,7061521920,19.51,United States
852,EnPro Industries,NPO,7039523840,332.56,United States
853,Commercial Metals Company,CMC,7033495552,63.58,United States
854,Terreno Realty,TRNO,7032944128,64.54,United States
855,Light &amp; Wonder,LNW,7028988928,86.22,United States
856,Gates Industrial Corp,GTES,6999629824,27.65,United States
857,MSA Safety,MSA,6991542784,181.23,United States
858,StandardAero,SARO,6965853696,21.05,United States
859,Victory Capital,VCTR,6964728832,113.23,United States
860,Norwegian Cruise Line,NCLH,6952103936,15.14,United States
861,Immunovant,IMVT,6944301056,33.62,United States
862,Urban Outfitters,URBN,6921342976,80.8,United States
863,Matson,MATX,6910988288,231.11,United States
864,Vornado Realty Trust,VNO,6907634688,33.73,United States
865,Armstrong World Industries,AWI,6893911552,163.12,United States
866,Axalta,AXTA,6891444224,32.2,United States
867,Morningstar,MORN,6885616128,183.55,United States
868,Molson Coors,TAP,6872692224,36.86,United States
869,Aura Minerals,AUGO,6870428672,81.95,United States
870,Aaon,AAON,6865914368,83.27,United States
871,UiPath,PATH,6837559296,13.12,United States
872,Macerich,MAC,6800449536,23.05,United States
873,Qualys,QLYS,6796882432,193.0,United States
874,Dutch Bros,BROS,6782579712,38.67,United States
875,PACS Group,PACS,6781971456,42.85,United States
876,Celsius Holdings,CELH,6768687104,26.75,United States
877,Hims &amp; Hers Health,HIMS,6766088704,29.0,United States
878,Lithia Motors,LAD,6765743616,307.77,United States
879,Duolingo,DUOL,6749855232,144.27,United States
880,NOV,NOV,6701788160,18.8,United States
881,The Mosaic Company,MOS,6698061312,21.07,United States
882,Etsy,ETSY,6678957056,72.77,United States
883,Fluor Corporation,FLR,6673679360,49.9,United States
884,Oklo,OKLO,6672452608,35.87,United States
885,Chemed,CHE,6633005056,507.5,United States
886,Matador Resources,MTDR,6620850688,53.5,United States
887,Magnolia Oil &amp; Gas,MGY,6611910144,24.07,United States
888,LandBridge,LB,6563723776,83.79,United States
889,Ingram Micro Holding Corporation,INGM,6556051456,28.5,United States
890,Pilgrim's Pride,PPC,6547984384,27.5,United States
891,RingCentral,RNG,6536862208,78.28,United States
892,Hexcel,HXL,6534623232,86.41,United States
893,Lantheus Holdings,LNTH,6527375360,99.96,United States
894,Cipher Mining,CIFR,6520132608,15.71,United States
895,Materion,MTRN,6503455232,312.16,United States
896,Terex,TEX,6481952768,56.71,United States
897,ServiceTitan,TTAN,6472031232,67.09,United States
898,Cleveland-Cliffs,CLF,6458512896,11.32,United States
899,OneMain Financial,OMF,6444623360,56.02,United States
900,Iovance Biotherapeutics,IOVA,6438988800,14.215,United States
901,TXNM Energy,TXNM,6432445440,58.41,United States
902,Belite Bio,BLTE,6425823232,159.56,United States
903,United Bankshares,UBSI,6407439872,47.04,United States
904,Figure Technology Solutions,FIGR,6401500672,28.53,United States
905,GRAIL,GRAL,6398884352,143.26,United States
906,First American Financial Corporation,FAF,6380229120,62.49,United States
907,Conagra Brands,CAG,6378217984,13.36,United States
908,Rhythm Pharmaceuticals,RYTM,6367541760,92.83,United States
909,Planet Labs,PL,6367340032,17.5,United States
910,CAVA Group,CAVA,6355425280,54.41,United States
911,Sensata Technologies,ST,6332264960,43.51,United States
912,Commvault,CVLT,6228289024,150.28,United States
913,Enact Holdings,ACT,6222510592,45.26,United States
914,e.l.f. Beauty,ELF,6176956928,104.68,United States
915,Zillow,Z,6163822592,27.41,United States
916,F.N.B. Corporation,FNB,6159866880,17.45,United States
917,Healthcare Realty Trust,HR,6127636992,17.47,United States
918,Terns Pharmaceuticals,TERN,6116845568,52.95,United States
919,Cirrus Logic,CRUS,6072744448,121.17,United States
920,Plains GP,PAGP,6071991296,26.06,United States
921,Amdocs,DOX,6068599808,58.12,United States
922,Builders FirstSource,BLDR,6052300800,56.25,United States
923,Caesars Entertainment,CZR,6042080768,29.65,United States
924,Ligand Pharmaceuticals,LGND,6039691776,302.96,United States
925,GATX,GATX,6038223872,171.03,United States
926,Ingredion,INGR,6011889152,95.33,United States
927,Sprouts Farmers Market,SFM,6011674624,64.47,United States
928,Lamb Weston,LW,5994265088,43.6,United States
929,Southwest Gas,SWX,5990547968,82.69,United States
930,CG Oncology,CGON,5972588544,67.38,United States
931,Lear Corporation,LEA,5960897536,120.85,United States
932,Macy's,M,5936544768,22.73,United States
933,Kodiak Sciences,KOD,5936131072,94.45,United States
934,Joby Aviation,JOBY,5927950848,5.95,United States
935,Lumen Technologies,LUMN,5924288512,5.75,United States
936,PJT Partners,PJT,5907806208,138.69,United States
937,Landstar System,LSTR,5887377408,173.48,United States
938,POOLCORP,POOL,5866123264,161.42,United States
939,Hancock Whitney,HWC,5863502848,73.09,United States
940,Vishay Intertechnology,VSH,5856016896,38.18,United States
941,Lyft,LYFT,5852232192,15.46,United States
942,Campbell's,CPB,5851364864,19.62,United States
943,StepStone Group,STEP,5843630080,45.27,United States
944,"X-Energy, Inc.",XE,5843544576,14.38,United States
945,Hamilton Lane,HLNE,5833601024,87.04,United States
946,ACM Research,ACMR,5807350272,83.38,United States
947,Impinj,PI,5793421824,189.61,United States
948,Loar Holdings,LOAR,5782452736,61.72,United States
949,MarketAxess,MKTX,5777267712,164.14,United States
950,LKQ Corporation,LKQ,5768446976,22.8,United States
951,Abercrombie &amp; Fitch,ANF,5767256064,135.91,United States
952,Schneider National,SNDR,5765646336,32.89,United States
953,WEX,WEX,5763201024,169.1,United States
954,Albertsons,ACI,5754896384,11.75,United States
955,International Seaways,INSW,5736221184,115.81,United States
956,Home BancShares,HOMB,5735422976,28.67,United States
957,Glacier Bancorp,GBCI,5717172224,43.91,United States
958,Ormat Technologies,ORA,5710605824,92.86,United States
959,Weatherford International,WFRD,5700944896,79.72,United States
960,Scholar Rock Holding,SRRK,5700769280,46.81,United States
961,Mercury General,MCY,5664594944,102.27,United States
962,Xometry,XMTR,5664357376,102.53,United States
963,Crocs,CROX,5661833728,118.09,United States
964,The Trade Desk,TTD,5649901568,11.95,United States
965,Novanta,NOVT,5645058560,149.27,United States
966,JBT Marel Corporation,JBTM,5633822208,108.6,United States
967,VF Corporation,VFC,5633618432,14.33,United States
968,AXT Inc,AXTI,5630771712,85.87,United States
969,Essential Properties Realty Trust,EPRT,5615605248,25.9,United States
970,BGC Group,BGC,5600995328,11.78,United States
971,EPAM Systems,EPAM,5586354176,108.29,United States
972,Navan,NAVN,5580597248,21.43,United States
973,Pegasystems,PEGA,5578259968,33.93,United States
974,Atlantic Union Bankshares,AUB,5544074240,38.82,United States
975,MiniMed Group,MMED,5542593536,19.7,United States
976,MGIC Investment,MTG,5528114176,26.95,United States
977,Credit Acceptance,CACC,5517687296,527.5,United States
978,Dolby,DLB,5516154880,58.89,United States
979,CVR Energy,CVI,5512093184,54.83,United States
980,Rush Enterprises,RUSHA,5507341312,47.18,United States
981,RadNet,RDNT,5503334400,69.93,United States
982,Kodiak Gas Services,KGS,5492982272,54.33,United States
983,Sensient Technologies,SXT,5473942528,128.59,United States
984,Associated Banc-Corp,ASB,5472821760,29.0,United States
985,Ameris Bancorp,ABCB,5465213952,81.44,United States
986,Varonis Systems,VRNS,5463913472,47.57,United States
987,EXL Service,EXLS,5461989888,35.75,United States
988,The Cheesecake Factory,CAKE,5456253440,109.65,United States
989,Black Hills,BKH,5410923008,70.96,United States
990,Rayonier,RYN,5404446208,18.06,United States
991,Murphy Oil,MUR,5399732736,37.66,United States
992,Argan,AGX,5385074176,383.83,United States
993,Mirum Pharmaceuticals,MIRM,5384827904,82.93,United States
994,Cogent Biosciences,COGT,5382745088,31.02,United States
995,AutoNation,AN,5371058688,162.46,United States
996,GXO Logistics,GXO,5339714048,46.56,United States
997,Phillips Edison &amp; Company,PECO,5330636800,37.76,United States
998,Granite Construction,GVA,5327672832,119.92,United States
999,Wyndham Hotels &amp; Resorts,WH,5327616512,71.79,United States
1000,Frontdoor,FTDR,5321319424,77.24,United States
1001,Laureate Education,LAUR,5319880192,38.62,United States
1002,Archrock,AROC,5318007296,30.33,United States
1003,Balchem,BCPC,5309602816,166.56,United States
1004,Churchill Downs,CHDN,5300703232,76.05,United States
1005,PTC Therapeutics,PTCT,5296422400,63.46,United States
1006,Brookfield Renewable,BEPC,5294536192,28.52,United States
1007,Travere Therapeutics,TVTX,5294086144,56.93,United States
1008,Core Scientific,CORZ,5286050816,16.45,United States
1009,Casella Waste Systems,CWST,5267486720,82.77,United States
1010,PriceSmart,PSMT,5267274240,170.68,United States
1011,Teleflex,TFX,5259261952,124.12,United States
1012,Eagle Materials,EXP,5256523776,171.36,United States
1013,SAIC (Science Applications International Corp),SAIC,5248097792,125.26,United States
1014,Portland General Electric,POR,5239425024,44.55,United States
1015,Ollie's Bargain Outlet,OLLI,5230678528,88.055,United States
1016,New Jersey Resources,NJR,5206543872,51.59,United States
1017,Sotera Health,SHC,5199528448,18.22,United States
1018,First National of Nebraska,FINN,5195171840,19225.0,United States
1019,Virtu Financial,VIRT,5191197184,58.79,United States
1020,Iridium Communications,IRDM,5188856832,48.96,United States
1021,BETA Technologies,BETA,5186473472,22.17,United States
1022,Liberty Broadband,LBRDA,5177567232,35.99,United States
1023,Construction Partners,ROAD,5169296384,91.08,United States
1024,Mercury Systems,MRCY,5165492736,84.87,United States
1025,Erasca,ERAS,5155492352,14.74,United States
1026,Main Street Capital,MAIN,5153251328,55.11,United States
1027,RLI Corp.,RLI,5133781504,55.94,United States
1028,Red Rock Resorts,RRR,5131002880,50.31,United States
1029,Installed Building Products,IBP,5129780736,193.0,United States
1030,SOLV Energy,MWH,5110264832,25.25,United States
1031,H&amp;R Block,HRB,5105510912,41.68,United States
1032,Selective Insurance,SIGI,5101164032,85.59,United States
1033,Merit Medical,MMSI,5097478656,85.37,United States
1034,USA Rare Earth,USAR,5097290752,13.59,United States
1035,Bank OZK,OZK,5092601856,46.705,United States
1036,Rigetti Computing,RGTI,5089973248,15.25,United States
1037,Blue Owl Capital Corporation,OBDC,5079368704,10.3,United States
1038,"Mobility Global, Inc.",MBGL,5078277632,17.21,United States
1039,Kite Realty,KRG,5071074816,24.39,United States
1040,ACI Worldwide,ACIW,5062905344,50.15,United States
1041,Fannie Mae,FNMA,5060842496,4.37,United States
1042,Axos Financial,AX,5056382464,88.93,United States
1043,Outfront Media,OUT,5055081984,28.7,United States
1044,Vail Resorts,MTN,5030278656,141.16,United States
1045,Definium Therapeutics,DFTX,5025324032,37.4,United States
1046,BillionToOne,BLLN,4997107712,105.9,United States
1047,CNO Financial Group,CNO,4983200768,53.86,United States
1048,Doximity,DOCS,4978410496,27.93,United States
1049,Global Business Travel Group,GBTG,4962547712,9.5,United States
1050,Starwood Property Trust,STWD,4955984896,13.05,United States
1051,CSW Industrials,CSW,4931875840,302.69,United States
1052,Eastern Bankshares,EBC,4905000448,21.465,United States
1053,Sabra Health Care REIT,SBRA,4894666240,19.16,United States
1054,Boyd Gaming,BYD,4886076928,67.25,United States
1055,Acushnet Holdings,GOLF,4885581824,83.65,United States
1056,Veradermics,MANE,4878248960,116.76,United States
1057,Graham Holdings,GHC,4868515328,1149.61,United States
1058,Rithm Capital,RITM,4863725568,8.71,United States
1059,"Calumet, Inc.",CLMT,4859014144,55.28,United States
1060,Flagstar Bank,FLG,4856586240,11.7,United States
1061,Celanese,CE,4849804800,44.19,United States
1062,Floor &amp; Decor,FND,4844228608,45.49,United States
1063,Sonoco,SON,4818860032,48.74,United States
1064,Synaptics,SYNA,4807838208,121.1,United States
1065,Nexstar Media Group,NXST,4788226048,155.42,United States
1066,Champion Homes,SKY,4782080000,88.1,United States
1067,Diodes Incorporated,DIOD,4782008832,103.84,United States
1068,Haemonetics,HAE,4762631168,104.68,United States
1069,Waystar,WAY,4757278208,24.81,United States
1070,Chefs' Warehouse,CHEF,4749479936,116.42,United States
1071,MYR Group,MYRG,4745040384,304.77,United States
1072,Icahn Enterprises,IEP,4741803520,6.67,United States
1073,"Box, Inc.",BOX,4732054528,34.49,United States
1074,Middleby,MIDD,4728901120,104.57,United States
1075,Warrior Met Coal,HCC,4717866496,89.35,United States
1076,TFS Financial,TFSL,4717046784,16.82,United States
1077,Insight Enterprises,NSIT,4715186176,160.66,United States
1078,Reynolds Consumer Products,REYN,4704327680,22.32,United States
1079,Gentex,GNTX,4701976576,22.08,United States
1080,VSE Corporation,VSEC,4694708736,167.28,United States
1081,EquipmentShare.com,EQPT,4687455232,18.5,United States
1082,Hagerty,HGTY,4676704768,13.61,United States
1083,Greif,GEF,4671781888,82.18,United States
1084,HASI (HA Sustainable Infrastructure Capita),HASI,4660542464,36.27,United States
1085,CNX Resources,CNX,4660224512,31.5,United States
1086,California Resources Corporation,CRC,4656827392,52.43,United States
1087,Rush Street Interactive,RSI,4633800704,20.01,United States
1088,Herc Holdings,HRI,4625908736,138.37,United States
1089,Piper Sandler,PIPR,4619010048,65.36,United States
1090,Choice Hotels International,CHH,4613384192,102.5,United States
1091,Cousins Properties,CUZ,4611204096,28.01,United States
1092,Uranium Energy,UEC,4608937472,9.3,United States
1093,Remitly,RELY,4608361984,21.77,United States
1094,First Financial Bankshares,FFIN,4607732736,32.15,United States
1095,Sphere Entertainment,SPHR,4605920256,128.25,United States
1096,Fortune Brands Innovations,FBIN,4602964480,38.56,United States
1097,Spire Inc.,SR,4583607296,77.54,United States
1098,ADT,ADT,4565995008,6.25,United States
1099,Axcelis Technologies,ACLS,4563357696,147.77,United States
1100,ONE Gas,OGS,4561479680,72.57,United States
1101,Tutor Perini Corporation,TPC,4559319552,86.73,United States
1102,UniFirst,UNF,4553232896,251.78,United States
1103,Louisiana-Pacific,LPX,4552013824,65.1,United States
1104,Concentra Group,CON,4546007552,35.65,United States
1105,Delek US,DK,4542815232,74.19,United States
1106,Trex,TREX,4525828608,43.56,United States
1107,Adaptive Biotechnologies,ADPT,4524541952,28.35,United States
1108,Cavco Industries,CVCO,4499299840,585.13,United States
1109,LifeStance Health Group,LFST,4497223680,11.83,United States
1110,Perimeter Solutions,PRM,4493206528,27.45,United States
1111,Klaviyo,KVYO,4473068032,15.71,United States
1112,Baldwin Insurance Group,BWIN,4469319680,31.77,United States
1113,Amentum,AMTM,4435346432,18.14,United States
1114,Nelnet,NNI,4431999488,123.87,United States
1115,Cactus Inc,WHD,4423872000,63.44,United States
1116,Dave Inc.,DAVE,4420676096,346.57,United States
1117,Core Natural Resources,CNR,4415641088,88.96,United States
1118,Enphase Energy,ENPH,4411286528,33.47,United States
1119,Oceaneering International,OII,4411153920,44.32,United States
1120,Alaska Airlines,ALK,4410242048,39.53,United States
1121,Belden,BDC,4394733568,112.46,United States
1122,ServisFirst Bancshares,SFBS,4390202880,40.15,United States
1123,Mattel,MAT,4362639360,15.27,United States
1124,Franklin Electric,FELE,4361460736,98.65,United States
1125,Parsons,PSN,4356592128,40.79,United States
1126,Fulton Financial,FULT,4354761216,22.81,United States
1127,ESAB,ESAB,4345529856,69.9,United States
1128,Bill.com,BILL,4344409088,43.62,United States
1129,International Bancshares Corp,IBOC,4343454720,69.84,United States
1130,MARA Holdings,MARA,4338140672,11.23,United States
1131,OPENLANE Corporate,OPLN,4337142272,35.53,United States
1132,EPR Properties,EPR,4324573696,56.45,United States
1133,KBR,KBR,4316559872,34.24,United States
1134,CECO Environmental,CECO,4314253824,73.66,United States
1135,Radian Group,RDN,4309053952,32.57,United States
1136,Versant Media Group,VSNT,4305922560,30.94,United States
1137,Enova International,ENVA,4304679424,172.89,United States
1138,Integer Holdings,ITGR,4298929152,126.45,United States
1139,HeartFlow,HTFL,4288552704,49.32,United States
1140,Vontier,VNT,4280431872,31.66,United States
1141,SLM Corporation (Sallie Mae),SLM,4276060160,22.745,United States
1142,CLEAR Secure,YOU,4275953920,41.55,United States
1143,Covista Inc.,CVSA,4271191296,125.48,United States
1144,NorthWestern Energy,NWE,4261341184,69.27,United States
1145,Fervo Energy Company,FRVO,4259328256,14.45,United States
1146,Primoris Services Corporation,PRIM,4257060608,79.08,United States
1147,Griffon Corporation,GFF,4256344576,93.97,United States
1148,UFP Industries,UFPI,4255709184,77.15,United States
1149,Patterson-UTI Energy,PTEN,4255514112,11.21,United States
1150,Howard Hughes Holdings,HHH,4242470656,71.04,United States
1151,Brunswick Corporation,BC,4239695616,65.43,United States
1152,Alliance Laundry Holdings,ALH,4234207488,21.3,United States
1153,Ondas Holdings,ONDS,4215871488,7.24,United States
1154,Indivior PLC,INDV,4214920448,35.71,United States
1155,Par Pacific Holdings,PARR,4208368640,84.0,United States
1156,Tanger Inc.,SKT,4197005568,35.11,United States
1157,Brink's,BCO,4193104640,101.8,United States
1158,AZZ,AZZ,4188878592,139.39,United States
1159,Federated Hermes,FHI,4186201856,56.07,United States
1160,Cinemark Theatres,CNK,4178622208,36.05,United States
1161,Moelis &amp; Company,MC,4172236032,56.32,United States
1162,Meritage Homes,MTH,4161365760,63.85,United States
1163,Relay Therapeutics,RLAY,4154925056,18.96,United States
1164,Geo Group,GEO,4127590144,31.36,United States
1165,AAR,AIR,4120308736,102.51,United States
1166,United Community Bank,UCB,4112830464,34.11,United States
1167,Fastly,FSLY,4111532800,25.81,United States
1168,Tidewater,TDW,4100908544,82.42,United States
1169,Millrose Properties,MRP,4086439424,24.61,United States
1170,Texas Capital Bancshares,TCBI,4076156928,93.76,United States
1171,Telephone and Data Systems,TDS,4073955072,35.39,United States
1172,Tenable,TENB,4063522048,36.85,United States
1173,Grand Canyon Education,LOPE,4060671744,155.79,United States
1174,Cathay General Bancorp,CATY,4058868736,60.84,United States
1175,Korn Ferry,KFY,4024560640,71.92,United States
1176,Americold,COLD,4007250944,13.97,United States
1177,Workiva,WK,3997380608,71.23,United States
1178,WSFS Financial,WSFS,3986599680,78.03,United States
1179,ICU Medical,ICUI,3985621760,159.38,United States
1180,Brady Corporation,BRC,3976115456,84.78,United States
1181,Cabot Corporation,CBT,3972267776,76.95,United States
1182,SiteOne Landscape Supply,SITE,3968244736,89.56,United States
1183,Webull,BULL,3961333504,7.34,United States
1184,Broadstone Net Lease,BNL,3951361024,18.56,United States
1185,Kilroy Realty,KRC,3949593088,33.63,United States
1186,Avis Budget Group,CAR,3928930304,111.22,United States
1187,CVB Financial,CVBF,3921223168,22.28,United States
1188,Tango Therapeutics,TNGX,3918504960,23.24,United States
1189,MDU Resources,MDU,3914603520,18.61,United States
1190,Firefly Aerospace,FLY,3903876096,23.32,United States
1191,Valvoline,VVV,3902008064,30.58,United States
1192,Apple Hospitality REIT,APLE,3897725440,16.51,United States
1193,COPT Defense Properties,CDP,3888898304,33.57,United States
1194,Paymentus,PAY,3882719232,30.83,United States
1195,CCC Intelligent Solutions,CCC,3863805184,6.56,United States
1196,Jersey Mike's Subs,JMKE,3858062336,16.57,United States
1197,RXO,RXO,3855972608,23.38,United States
1198,Travel + Leisure,TNL,3855868672,62.92,United States
1199,Seaboard Corporation,SEB,3854435328,4024.28,United States
1200,Helmerich &amp; Payne,HP,3853645824,38.56,United States
1201,SkyWest,SKYW,3824440832,96.43,United States
1202,CorVel Corporation,CRVL,3812485632,75.47,United States
1203,Viking Therapeutics,VKTX,3807327488,29.94,United States
1204,Independent Bank Corp.,INDB,3792369920,80.06,United States
1205,Itron,ITRI,3787992064,86.51,United States
1206,Madison Square Garden Entertainment,MSGE,3778268928,79.87,United States
1207,Avient,AVNT,3776093696,41.17,United States
1208,Envista,NVST,3768091392,23.46,United States
1209,Bread Financial,BFH,3767009280,98.05,United States
1210,FTI Consulting,FCN,3766218752,136.4,United States
1211,Archer Aviation,ACHR,3765431040,4.89,United States
1212,Neptune Insurance Holdings,NP,3764303616,27.43,United States
1213,Cohen &amp; Steers,CNS,3753771776,73.0,United States
1214,Comstock Resources,CRK,3752470528,12.78,United States
1215,SL Green Realty,SLG,3745104640,48.81,United States
1216,Parabilis Medicines,PBLS,3740586496,30.28,United States
1217,"GPGI, Inc.",GPGI,3739581952,12.9,United States
1218,Otter Tail,OTTR,3731258624,88.87,United States
1219,Atmus Filtration Technologies,ATMU,3728915712,45.7,United States
1220,St. Joe Company,JOE,3722112768,65.38,United States
1221,Ionic Digital,IOND,3722083840,82.72,United States
1222,Badger Meter,BMI,3703649536,127.77,United States
1223,Atlanta Braves Holdings,BATRA,3697353984,57.62,United States
1224,Robert Half,RHI,3694844416,36.12,United States
1225,Universal Display Corporation,OLED,3694354688,80.37,United States
1226,WisdomTree,WT,3693865216,24.38,United States
1227,Boot Barn Holdings,BOOT,3691116800,121.88,United States
1228,Excelerate Energy,EE,3690104576,32.54,United States
1229,Silgan Holdings,SLGN,3685131776,34.87,United States
1230,USA Compression Partners,USAC,3684459776,25.42,United States
1231,Veracyte,VCYT,3682699264,45.81,United States
1232,Bel Fuse,BELFB,3668605184,257.94,United States
1233,WesBanco,WSBC,3654973440,38.11,United States
1234,Dorman Products,DORM,3651881472,123.06,United States
1235,Interparfums,IPAR,3649337600,113.95,United States
1236,Renasant Corp,RNST,3648866048,39.92,United States
1237,iRhythm,IRTC,3638126848,110.37,United States
1238,Mirion Technologies,MIR,3636022528,14.6,United States
1239,BancFirst,BANF,3630016768,108.08,United States
1240,Sezzle,SEZL,3617033472,107.41,United States
1241,Legend Biotech,LEGN,3611649792,18.57,United States
1242,Genworth Financial,GNW,3608477440,9.55,United States
1243,IDEAYA Biosciences,IDYA,3604847360,37.36,United States
1244,Organon,OGN,3603001600,13.72,United States
1245,Lemonade,LMND,3598168832,46.49,United States
1246,LXP Industrial Trust,LXP,3593445376,60.95,United States
1247,Thor Industries,THO,3589778944,69.55,United States
1248,Marriott Vacations Worldwide,VAC,3583992320,104.2,United States
1249,IPG Photonics,IPGP,3567386112,84.05,United States
1250,National Healthcare,NHC,3565473280,227.66,United States
1251,WaterBridge Infrastructure,WBI,3561711616,28.85,United States
1252,Magnite,MGNI,3546879488,24.73,United States
1253,Standex International,SXI,3544307968,288.59,United States
1254,Kontoor Brands,KTB,3536635648,64.71,United States
1255,Celcuity Inc.,CELC,3527990528,72.1,United States
1256,Century Aluminum,CENX,3526141184,35.62,United States
1257,Q2,QTWO,3515557888,56.38,United States
1258,Life360,LIF,3511803648,43.1,United States
1259,Veeco,VECO,3507618816,57.38,United States
1260,Independence Realty Trust,IRT,3506433280,14.51,United States
1261,Aehr Test Systems,AEHR,3501430016,107.21,United States
1262,Nicolet Bankshares,NIC,3488796928,166.47,United States
1263,Amylyx Pharmaceuticals,AMLX,3488007680,27.79,United States
1264,PVH Corp.,PVH,3484790272,75.53,United States
1265,Cohu,COHU,3478428160,73.48,United States
1266,CareDx,CDNA,3473953280,67.15,United States
1267,Enliven Therapeutics,ELVN,3441527808,46.97,United States
1268,First Interstate BancSystem,FIBK,3430965760,36.0,United States
1269,Knowles,KN,3420683520,40.05,United States
1270,Pulse Biosciences,PLSE,3416353024,47.9,United States
1271,ACADIA Pharmaceuticals,ACAD,3416155904,19.95,United States
1272,Tarsus Pharmaceuticals,TARS,3415793152,73.0,United States
1273,M/I Homes,MHO,3407141376,134.76,United States
1274,Option Care Health,OPCH,3391138048,22.64,United States
1275,Mueller Water Products,MWA,3381682176,21.66,United States
1276,HNI Corporation,HNI,3379551744,46.82,United States
1277,Steve Madden,SHOO,3363951104,45.97,United States
1278,NCR Atleos Corporation,NATL,3356398592,45.42,United States
1279,First Financial Bank,FFBC,3351670016,31.87,United States
1280,Acadian Asset Management,AAMI,3342105344,94.17,United States
1281,Warby Parker,WRBY,3341125888,27.03,United States
1282,"Atlanta Braves Holdings, Inc.",BATRK,3338655488,52.03,United States
1283,Freshworks,FRSH,3334567424,12.78,United States
1284,Highwoods Properties,HIW,3332438016,29.67,United States
1285,TowneBank,TOWN,3330514688,36.03,United States
1286,Palomar Holdings,PLMR,3328923904,126.49,United States
1287,Lionsgate Studios,LION,3320765952,11.16,United States
1288,Simmons First National,SFNC,3309365760,22.9,United States
1289,Park National Corp,PRK,3308450816,183.15,United States
1290,CoreCivic,CXW,3306009344,33.43,United States
1291,Mechanics Bancorp,MCHB,3299255040,14.9,United States
1292,American States Water,AWR,3282622464,82.82,United States
1293,Stride (K12 Education),LRN,3278656000,78.89,United States
1294,MIAX (Miami International Holdings),MIAX,3275611648,33.01,United States
1295,CleanSpark,CLSK,3271849472,12.74,United States
1296,UCT (Ultra Clean Holdings),UCTT,3258573056,72.69,United States
1297,AllianceBernstein,AB,3257632512,35.0,United States
1298,Golub Capital,GBDC,3256030976,12.54,United States
1299,The Vita Coco Company,COCO,3238656768,55.97,United States
1300,Bath &amp; Body Works,BBWI,3238423552,16.06,United States
1301,National Health Investors,NHI,3227537664,65.72,United States
1302,Curbline Properties,CURB,3223844352,28.27,United States
1303,PennyMac Financial Services,PFSI,3219342336,62.0,United States
1304,Chesapeake Utilities,CPK,3216942592,127.38,United States
1305,Planet Fitness,PLNT,3216765696,42.41,United States
1306,Ouster,OUST,3201066496,44.39,United States
1307,Exponent,EXPO,3199851520,67.3,United States
1308,Denali Therapeutics,DNLI,3196948224,20.0,United States
1309,Atkore,ATKR,3195607296,94.62,United States
1310,Community Financial System,CBU,3193259264,60.69,United States
1311,Post Holdings,POST,3189505536,72.56,United States
1312,United States Lime &amp; Minerals,USLM,3184695296,111.01,United States
1313,Ashland,ASH,3183554816,69.52,United States
1314,NuScale Power,SMR,3180518912,7.75,United States
1315,Delek Logistics Partners,DKL,3174805760,54.93,United States
1316,Kadant,KAI,3174644736,268.83,United States
1317,Seacoast Banking,SBCF,3164175616,32.68,United States
1318,Arcutis Biotherapeutics,ARQT,3162409728,25.16,United States
1319,Asbury Automotive Group,ABG,3157383168,175.88,United States
1320,Alliance Resource Partners,ARLP,3156000512,24.53,United States
1321,Liberty Energy,LBRT,3151226368,19.31,United States
1322,Penguin Solutions,PENG,3144252160,61.36,United States
1323,Benchmark Electronics,BHE,3139042816,87.39,United States
1324,OSI Systems,OSIS,3137060352,196.78,United States
1325,WillScot,WSC,3134603520,17.3,United States
1326,Hercules Capital,HTGC,3133125376,16.74,United States
1327,Park Hotels &amp; Resorts,PK,3126784256,15.53,United States
1328,Bright Horizons,BFAM,3125304832,64.26,United States
1329,Cal-Maine Foods,CALM,3114196480,66.67,United States
1330,Arcus Biosciences,RCUS,3112027904,24.44,United States
1331,First Advantage,FA,3107024384,18.09,United States
1332,Newmark,NMRK,3095909376,12.65,United States
1333,Black Stone Minerals,BSM,3093990400,14.56,United States
1334,BankUnited,BKU,3090054912,43.38,United States
1335,Columbia Financial,CLBK,3075509760,11.41,United States
1336,Pattern Group,PTRN,3074326272,17.33,United States
1337,People Incorporated,PPLI,3073870848,41.28,United States
1338,First Hawaiian Bank,FHB,3073670912,25.26,United States
1339,Polaris,PII,3056288256,53.71,United States
1340,Extreme Networks,EXTR,3055786496,23.12,United States
1341,Precigen,PGEN,3044603648,8.54,United States
1342,Power Integrations,POWI,3042859776,54.46,United States
1343,FS KKR Capital,FSK,3031452928,10.97,United States
1344,Ambarella,AMBA,3030277888,68.65,United States
1345,Rumble,RUM,3030144512,7.575,United States
1346,Peabody Energy,BTU,3024338944,24.81,United States
1347,DXP Enterprises,DXPE,3010016256,193.98,United States
1348,CBIZ,CBZ,3004694784,54.69,United States
1349,Academy Sports + Outdoors,ASO,3000739328,48.73,United States
1350,DigitalBridge Group,DBRG,2999924480,16.0,United States
1351,Dana Incorporated,DAN,2999237632,27.88,United States
1352,YETI Holdings,YETI,2983052288,40.87,United States
1353,Group 1 Automotive,GPI,2978648576,249.84,United States
1354,NETSCOUT,NTCT,2978091520,40.96,United States
1355,AvePoint,AVPT,2976725504,14.07,United States
1356,Array Digital Infrastructure,AD,2974011136,34.39,United States
1357,Worthington Enterprises,WOR,2967898624,60.66,United States
1358,American Eagle Outfitters,AEO,2967723520,17.71,United States
1359,SPS Commerce,SPSC,2964614400,82.35,United States
1360,ArcBest,ARCB,2964013056,132.61,United States
1361,Infleqtion,INFQ,2963445248,13.15,United States
1362,Avista,AVA,2957312512,35.31,United States
1363,Provident Financial Services,PFS,2944942592,22.58,United States
1364,Astronics Corporation,ATRO,2932788224,68.19,United States
1365,"Strive Asset Management, LLC",ASST,2932481280,30.03,United States
1366,Columbia Sportswear,COLM,2931834112,57.27,United States
1367,Maravai LifeSciences,MRVI,2925825792,7.9,United States
1368,NMI Holdings,NMIH,2920709120,38.83,United States
1369,Wingstop Restaurants,WING,2911955712,106.89,United States
1370,TriNet,TNET,2903015680,63.24,United States
1371,"Csquare, Inc.",CSQR,2901097728,17.41,United States
1372,Freshpet,FRPT,2895979264,60.26,United States
1373,Braze,BRZE,2887315968,25.42,United States
1374,Brighthouse Financial,BHF,2876728576,50.02,United States
1375,McGrath RentCorp,MGRC,2871481088,117.56,United States
1376,ABM Industries,ABM,2870356736,48.97,United States
1377,"F&G Annuities & Life, Inc.",FG,2870099712,21.92,United States
1378,Digi International,DGII,2869257728,75.61,United States
1379,Green Brick Partners,GRBK,2867093248,66.66,United States
1380,Knife River Corporation,KNF,2856421632,50.33,United States
1381,Shift4 Payments,FOUR,2855987456,36.17,United States
1382,Rogers Corporation,ROG,2855765760,160.0,United States
1383,Tootsie Roll Industries,TR,2855444736,37.99,United States
1384,ScottsMiracle-Gro,SMG,2853957888,49.02,United States
1385,DNOW Inc.,DNOW,2849185536,15.76,United States
1386,Centrus Energy,LEU,2848504320,139.27,United States
1387,Select Water Solutions,WTTR,2847538688,19.95,United States
1388,California Water Service Group,CWT,2842125056,45.96,United States
1389,Energy Fuels,UUUU,2841020160,10.73,United States
1390,Adeia,ADEA,2838611200,25.74,United States
1391,Dyne Therapeutics,DYN,2838545664,15.2,United States
1392,National Beverage,FIZZ,2838318848,30.32,United States
1393,QuantumScape,QS,2829348864,4.57,United States
1394,Hyperliquid Strategies,PURR,2828860416,11.89,United States
1395,MBX Biosciences,MBX,2817847040,58.51,United States
1396,Banc of California,BANC,2810510080,17.74,United States
1397,Crane NXT,CXT,2807840256,48.78,United States
1398,AtriCure,ATRC,2804767488,55.14,United States
1399,Teradata,TDC,2803020032,30.14,United States
1400,Talos Energy,TALO,2801680640,16.78,United States
1401,Agilysys,AGYS,2799706624,99.26,United States
1402,Cushman &amp; Wakefield,CWK,2797787392,11.92,United States
1403,Intapp,INTA,2791891968,36.49,United States
1404,ChronoScale,CHRN,2789576704,19.21,United States
1405,Resideo Technologies,REZI,2786399488,18.35,United States
1406,KB Home,KBH,2781600000,45.75,United States
1407,Gulfport Energy,GPOR,2774512384,154.4,United States
1408,Quaker Houghton,KWR,2765793792,160.73,United States
1409,Soleno Therapeutics,SLNO,2762888960,53.01,United States
1410,Slide Insurance,SLDE,2757924864,23.61,United States
1411,TransMedics Group,TMDX,2757787904,79.795,United States
1412,Maximus,MMS,2756636416,52.65,United States
1413,United Natural Foods,UNFI,2749855744,45.59,United States
1414,Aveanna Healthcare,AVAH,2748279808,12.59,United States
1415,Hawkins,HWKN,2743198976,131.41,United States
1416,Bank of Hawaii,BOH,2733123328,69.28,United States
1417,Dynex Capital,DX,2726673664,11.02,United States
1418,WD-40 Company,WDFC,2724750848,203.02,United States
1419,Redwire,RDW,2719919616,10.88,United States
1420,The Marzetti Company,MZTI,2716273152,99.53,United States
1421,Acadia Realty Trust,AKR,2716125184,18.63,United States
1422,Urban Edge Properties,UE,2712436736,19.7,United States
1423,Hilton Grand Vacations,HGV,2709463808,34.86,United States
1424,H.B. Fuller,FUL,2702221824,50.2,United States
1425,Guardian Pharmacy Services,GRDN,2684446976,42.38,United States
1426,Alarm.com,ALRM,2684253696,54.68,United States
1427,NBT Bancorp,NBTB,2677501952,51.53,United States
1428,CarGurus,CARG,2673985792,30.02,United States
1429,MGE Energy,MGEE,2673974528,70.77,United States
1430,FB Financial,FBK,2669831936,53.42,United States
1431,Trustmark,TRMK,2667181568,45.93,United States
1432,Plug Power,PLUG,2654670848,1.9,United States
1433,Neogen,NEOG,2649987840,12.15,United States
1434,Ducommun,DCO,2648350208,175.39,United States
1435,Curaleaf,CURLF,2635427840,9.95,United States
1436,"Hayward Holdings, Inc.",HAYW,2630282752,12.4,United States
1437,Appian,APPN,2627300352,36.68,United States
1438,Boise Cascade,BCC,2616502528,74.99,United States
1439,Acadia Healthcare,ACHC,2612393472,28.06,United States
1440,Shake Shack,SHAK,2612318208,60.98,United States
1441,Graphic Packaging,GPK,2597891328,8.78,United States
1442,Callaway Golf Company,CALY,2597496832,14.45,United States
1443,SoundHound AI,SOUN,2593615104,5.84,United States
1444,Brookdale Senior Living,BKD,2593555200,10.86,United States
1445,Privia Health Group,PRVA,2593004288,20.3,United States
1446,Diamondrock Hospitality Company,DRH,2581741056,12.57,United States
1447,Fermi Inc.,FRMI,2581083392,4.03,United States
1448,Freddie Mac,FMCC,2580736512,3.97,United States
1449,First Bancorp,FBNC,2580388864,62.33,United States
1450,Huron Consulting,HURN,2579817984,162.15,United States
1451,Five9,FIVN,2567500544,34.36,United States
1452,Liftoff Mobile,LFTO,2565372416,15.15,United States
1453,Liquidia Corporation,LQDA,2563534592,28.64,United States
1454,Harley-Davidson,HOG,2554979840,24.55,United States
1455,Customers Bancorp,CUBI,2549663488,75.47,United States
1456,Perpetua Resources,PPTA,2549452288,20.38,United States
1457,Northern Oil and Gas,NOG,2539065600,23.83,United States
1458,Beam Therapeutics,BEAM,2530547712,24.5,United States
1459,First Merchants Corporation,FRME,2521477376,40.15,United States
1460,ManpowerGroup,MAN,2518741504,54.16,United States
1461,Kyndryl,KD,2517979136,11.56,United States
1462,H2O America,HTO,2516849664,60.13,United States
1463,Central Garden &amp; Pet,CENT,2491811584,39.81,United States
1464,Kennametal,KMT,2490315008,32.6,United States
1465,Ingevity,NGVT,2489305344,72.41,United States
1466,National Energy Services Reunited,NESR,2488012800,24.67,United States
1467,Kaiser Aluminum,KALU,2485470720,152.025,United States
1468,Celldex Therapeutics,CLDX,2485459712,31.65,United States
1469,"Lincoln International, Inc.",LCLN,2480742656,23.58,United States
1470,Disc Medicine,IRON,2476722432,64.51,United States
1471,Trump Media &amp; Technology Group,DJT,2476456704,8.91,United States
1472,Artisan Partners,APAM,2476355584,34.88,United States
1473,AMC Entertainment,AMC,2472514816,2.77,United States
1474,Supernus Pharmaceuticals,SUPN,2467539200,42.38,United States
1475,Titan America,TTAM,2465071616,13.37,United States
1476,McGraw Hill,MH,2458318336,12.85,United States
1477,First Busey,BUSE,2455012864,29.73,United States
1478,Dorian LPG,LPG,2447597056,57.21,United States
1479,Stock Yards Bancorp,SYBT,2443080960,78.64,United States
1480,ePlus,PLUS,2442557952,93.4,United States
1481,Skyward Specialty Insurance Group,SKWD,2442251008,55.01,United States
1482,Payoneer,PAYO,2422783488,7.15,United States
1483,Euronet Worldwide,EEFT,2417768704,63.5,United States
1484,Innodata,INOD,2409192448,70.07,United States
1485,John Wiley &amp; Sons,WLY,2407486464,47.5,United States
1486,NeoGenomics,NEO,2405011456,18.47,United States
1487,Innospec,IOSP,2399310592,97.41,United States
1488,Nurix Therapeutics,NRIX,2385940736,22.99,United States
1489,Alamar Biosciences,ALMR,2384335616,34.36,United States
1490,Butterfly Network,BFLY,2383252224,8.95,United States
1491,Beacon Financial Corporation,BBT,2375347968,28.34,United States
1492,Intuitive Machines,LUNR,2374384640,14.71,United States
1493,Immunome,IMNM,2373772544,20.9,United States
1494,SELLAS Life Sciences,SLS,2370842624,11.74,United States
1495,InvenTrust Properties,IVT,2370544384,30.4,United States
1496,Visteon,VC,2369628160,88.77,United States
1497,Four Corners Property Trust,FCPT,2365095168,21.55,United States
1498,Helios Technologies,HLIO,2362885888,71.71,United States
1499,BKV Corporation,BKV,2360573952,21.57,United States
1500,NextNav,NN,2359962368,13.98,United States
1501,Ichor Systems,ICHR,2356620032,62.92,United States
1502,Opendoor,OPEN,2353957376,2.44,United States
1503,Kayne Anderson Capital Advisors,KYN,2352542976,13.91,United States
1504,Protolabs,PRLB,2349369344,98.21,United States
1505,PDF Solutions,PDFS,2343610368,55.5,United States
1506,Coty,COTY,2342626048,2.66,United States
1507,nLIGHT,LASR,2341068288,40.58,United States
1508,Advance Auto Parts,AAP,2336272128,38.68,United States
1509,Grindr,GRND,2334411008,13.43,United States
1510,PC Connection,CNXN,2331495680,92.38,United States
1511,Federal Agricultural Mortgage Corporation,AGM,2331160832,214.79,United States
1512,UFP Technologies,UFPT,2329159168,300.7,United States
1513,Clover Health Investments,CLOV,2326464512,4.38,United States
1514,LTC Properties,LTC,2317939200,43.0,United States
1515,Harmony Biosciences,HRMY,2308490496,39.64,United States
1516,Banner Bank,BANR,2306895360,67.88,United States
1517,"The Andersons, Inc.",ANDE,2306140672,67.72,United States
1518,Newell Brands,NWL,2299859968,5.4,United States
1519,Pitney Bowes,PBI,2297632000,16.76,United States
1520,Merchants Bancorp,MBIN,2294473728,49.95,United States
1521,HCI Group,HCI,2291861248,184.25,United States
1522,LiveRamp,RAMP,2288931328,37.65,United States
1523,Lindblad Expeditions,LIND,2282252544,34.78,United States
1524,Restoration Hardware,RH,2280688384,120.46,United States
1525,WaFd Bank,WAFD,2279554816,30.8,United States
1526,Schrödinger,SDGR,2267358720,30.31,United States
1527,FIGS,FIGS,2246216192,13.52,United States
1528,Keel Infrastructure,KEEL,2235614976,3.62,United States
1529,Custom Truck One Source,CTOS,2225004032,9.78,United States
1530,Day One Biopharmaceuticals,DAWN,2224784640,21.53,United States
1531,Northwest Bancshares,NWBI,2224713984,15.19,United States
1532,V2X,VVX,2218937856,70.79,United States
1533,Sunshine Silver Mining & Refining Company,SSMR,2210515200,15.38,United States
1534,Buckle,BKE,2209883392,42.9,United States
1535,Recursion Pharmaceuticals,RXRX,2209436672,4.12,United States
1536,Hilltop Holdings,HTH,2202662656,38.45,United States
1537,Viridian Therapeutics,VRDN,2197870080,19.4,United States
1538,Axogen,AXGN,2193727744,37.39,United States
1539,Vera Therapeutics,VERA,2192166656,30.42,United States
1540,Calix,CALX,2191776512,34.81,United States
1541,PHINIA,PHIN,2190224896,59.78,United States
1542,Upstart,UPST,2183180800,22.81,United States
1543,GeneDx Holdings,WGS,2179729408,73.09,United States
1544,Applied Aerospace &amp; Defense,AADX,2177330176,12.63,United States
1545,ADMA Biologics,ADMA,2177131008,9.72,United States
1546,Ethos Technologies,LIFE,2175472640,34.12,United States
1547,Alpha Metallurgical Resources,AMR,2174963200,171.54,United States
1548,Enterprise Financial Services Corp,EFSC,2174446592,60.08,United States
1549,OFG Bancorp,OFG,2167797248,51.29,United States
1550,Diebold Nixdorf,DBD,2164773888,63.77,United States
1551,Peloton,PTON,2159249408,4.92,United States
1552,Patrick Industries,PATK,2157062656,67.16,United States
1553,Pebblebrook Hotel Trust,PEB,2144456576,19.07,United States
1554,Prestige Consumer Healthcare,PBH,2144170752,45.26,United States
1555,Flywire,FLYW,2138917632,17.58,United States
1556,Kohl's,KSS,2132610944,18.81,United States
1557,Allegiant Travel Company,ALGT,2121683200,77.61,United States
1558,Securitize Corp.,SECZ,2120821120,12.99,United States
1559,Werner Enterprises,WERN,2119236480,35.35,United States
1560,Sunstone Hotel Investors,SHO,2117901440,11.39,United States
1561,Centuri Holdings,CTRI,2111137536,20.91,United States
1562,Pediatrix Medical Group,MD,2110147456,25.97,United States
1563,DoubleVerify,DV,2106900992,13.49,United States
1564,Monarch Casino &amp; Resort,MCRI,2106792320,117.55,United States
1565,Sonos,SONO,2093803520,17.7,United States
1566,1st Source,SRCE,2090383232,86.85,United States
1567,BioCryst Pharmaceuticals,BCRX,2087721856,8.17,United States
1568,Mineralys Therapeutics,MLYS,2083184768,23.63,United States
1569,Trinity Industries,TRN,2081763712,26.13,United States
1570,First Commonwealth Financial Corp,FCF,2077709824,20.56,United States
1571,Addus HomeCare,ADUS,2076829568,111.27,United States
1572,Minerals Technologies,MTX,2067883648,66.43,United States
1573,StubHub Holdings,STUB,2067106560,5.41,United States
1574,Trulieve Cannabis,TRLV,2064299136,10.72,United States
1575,Chemours,CC,2063341184,13.71,United States
1576,Vericel,VCEL,2055945728,40.15,United States
1577,Bandwidth,BAND,2051203456,63.74,United States
1578,Preformed Line Products,PLPC,2050565632,419.45,United States
1579,Select Medical Holdings,SEM,2046298112,16.51,United States
1580,Stagwell,STGW,2043814784,8.36,United States
1581,Gorman-Rupp,GRC,2040455552,77.26,United States
1582,Encore Capital Group,ECPG,2034402304,95.92,United States
1583,Sharplink,SBET,2031040768,9.35,United States
1584,UWM Holdings,UWMC,2024771584,1.26,United States
1585,UroGen Pharma,URGN,2023655424,41.4,United States
1586,Inspire Medical Systems,INSP,2022859008,69.97,United States
1587,NGL Energy Partners,NGL,2016934912,16.29,United States
1588,"Interface, Inc.",TILE,2016658048,34.89,United States
1589,Thermon Group,THR,2013932928,61.14,United States
1590,LCI Industries,LCII,2013235968,82.81,United States
1591,Standard Nuclear,STDN,2011632768,12.52,United States
1592,Allient,ALNT,2011397248,118.3,United States
1593,A10 Networks,ATEN,2006187264,27.63,United States
1594,City Holding Company,CHCO,2005929856,142.82,United States
1595,Perdoceo Education,PRDO,1996833792,31.91,United States
1596,NW Natural Holdings,NWN,1994391808,47.38,United States
1597,"The Bancorp, Inc.",TBBK,1990804096,48.81,United States
1598,Sonic Automotive,SAH,1986358016,62.83,United States
1599,Trevi Therapeutics,TRVI,1981838976,13.91,United States
1600,PENN Entertainment,PENN,1981624704,14.77,United States
1601,Whirlpool,WHR,1976193024,30.31,United States
1602,nCino,NCNO,1975151744,18.68,United States
1603,Douglas Emmett,DEI,1974611200,9.82,United States
1604,Asana,ASAN,1973722368,8.62,United States
1605,Structure Therapeutics,GPCR,1973143680,27.67,United States
1606,Under Armour,UA,1971614080,4.59,United States
1607,Porch Group,PRCH,1965028352,17.31,United States
1608,IDT Corporation,IDT,1961759488,78.98,United States
1609,Alamo Group,ALG,1959646976,161.01,United States
1610,Medical Properties Trust,MPT,1952844032,3.27,United States
1611,Uniti,UNIT,1951510144,8.04,United States
1612,ADARx Pharmaceuticals,ADRX,1949124224,18.25,United States
1613,Biohaven,BHVN,1943933440,12.87,United States
1614,Vertex,VERX,1943421312,12.01,United States
1615,Progyny,PGNY,1935817088,25.23,United States
1616,Driven Brands,DRVN,1926964224,11.68,United States
1617,ARMOUR Residential REIT,ARR,1923705856,13.59,United States
1618,Braveheart Bio,BRVE,1915128832,21.27,United States
1619,Palvella Therapeutics,PVLA,1908681728,132.47,United States
1620,Global Net Lease,GNL,1908372352,8.25,United States
1621,Innovex International,INVX,1906794880,27.31,United States
1622,Fortrea,FTRE,1902000000,20.0,United States
1623,Absci,ABSI,1899767168,11.07,United States
1624,Agios Pharmaceuticals,AGIO,1898519680,31.8,United States
1625,Blackbaud,BLKB,1895490304,41.76,United States
1626,Ziff Davis,ZD,1892653952,55.2,United States
1627,Vir Biotechnology,VIR,1890142208,11.17,United States
1628,Voyager Technologies,VOYG,1887628800,30.93,United States
1629,Midera Food Processing,MFP,1885657600,41.69,United States
1630,Worthington Steel,WS,1883496576,36.97,United States
1631,Kimbell Royalty Partners,KRP,1873693312,14.58,United States
1632,Western Union,WU,1871273856,6.0,United States
1633,Wolfspeed,WOLF,1867390336,35.28,United States
1634,Photronics,PLAB,1857820800,31.49,United States
1635,Sunrun,RUN,1856930176,7.71,United States
1636,German American Bancorp,GABC,1856393216,49.4,United States
1637,EZCorp,EZPW,1855590016,30.2,United States
1638,Bob's Discount Furniture,BOBS,1854449536,14.19,United States
1639,Vestis,VSTS,1854206208,14.03,United States
1640,Quantum Computing,QUBT,1851517440,8.18,United States
1641,Sarepta Therapeutics,SRPT,1848472960,17.5,United States
1642,Expro Group,XPRO,1848355840,16.3,United States
1643,Xencor,XNCR,1846938496,24.84,United States
1644,Target Hospitality,TH,1844997888,18.84,United States
1645,Zenas BioPharma,ZBIO,1844175360,28.295,United States
1646,Republic Bank,RBCAA,1839621888,93.695,United States
1647,Blackstone Mortgage Trust,BXMT,1837124992,10.9,United States
1648,Enerpac Tool Group,EPAC,1836998528,35.64,United States
1649,World Kinect,WKC,1833785472,35.85,United States
1650,Horace Mann Educators,HMN,1833077760,45.26,United States
1651,Weis Markets,WMK,1832089856,74.04,United States
1652,Biolife Solutions,BLFS,1824840192,37.3,United States
1653,ACV Auctions,ACVA,1824412160,10.45,United States
1654,Hub Group,HUBG,1820540032,29.77,United States
1655,SharonAI Holdings,SHAZ,1819176064,50.81,United States
1656,Amplitude,AMPL,1813781248,14.52,United States
1657,Olin Corporation,OLN,1812321536,15.9,United States
1658,Sonida Senior Living,SNDA,1811409280,37.7,United States
1659,LeMaitre Vascular,LMAT,1805756416,78.96,United States
1660,Nuvation Bio,NUVB,1804773376,5.14,United States
1661,TIC Solutions,TIC,1802500096,8.26,United States
1662,Spectrum Brands,SPB,1801015040,78.32,United States
1663,Xenia Hotels &amp; Resorts,XHR,1800494720,18.2,United States
1664,SmartStop Self Storage REIT,SMA,1800043008,32.51,United States
1665,Astrana Health,ASTH,1779804800,35.88,United States
1666,Insperity,NSP,1775316224,46.48,United States
1667,"Happen, Inc.",HAPN,1774966784,15.38,United States
1668,DXC Technology,DXC,1773543552,11.1,United States
1669,Blue Bird Corporation,BLBD,1772049536,56.53,United States
1670,Strategic Education,STRA,1770386688,79.72,United States
1671,C3 AI,AI,1770186240,11.01,United States
1672,Dime Community Bancshares,DCOM,1760965120,39.88,United States
1673,Septerna,SEPN,1760187648,37.71,United States
1674,CTS Corporation,CTS,1759061632,61.6,United States
1675,Soho House & Co,SHCO,1758889344,8.99,United States
1676,Generate Biomedicines,GENB,1757144704,13.69,United States
1677,S&amp;T Bancorp,STBA,1750578944,49.64,United States
1678,Hope Bancorp,HOPE,1747508352,13.68,United States
1679,Getty Realty,GTY,1746502144,28.2,United States
1680,Boston Beer Company,SAM,1744251520,167.5,United States
1681,Surgery Partners,SGRY,1743831168,13.32,United States
1682,Hycroft Mining,HYMC,1743429120,18.71,United States
1683,Neutron Holdings (Lime),LIME,1742785920,27.22,United States
1684,Marqeta,MQ,1741093760,16.55,United States
1685,Personalis,PSNL,1737904384,16.28,United States
1686,FirstSun Capital Bancorp,FSUN,1736918528,39.52,United States
1687,Dentsply Sirona,XRAY,1728398080,8.67,United States
1688,Albany International,AIN,1726250240,60.88,United States
1689,Novavax,NVAX,1725332352,10.46,United States
1690,NextDecade Corp,NEXT,1724881664,6.48,United States
1691,RLJ Lodging Trust,RLJ,1718307200,11.22,United States
1692,Intellia Therapeutics,NTLA,1717953280,12.26,United States
1693,Mach Natural Resources LP,MNR,1717895936,10.29,United States
1694,Sixth Street Specialty Lending,TSLX,1717129856,18.01,United States
1695,Genesis Energy  L.P.,GEL,1717111168,14.05,United States
1696,Netstreit,NTST,1711226624,17.52,United States
1697,Byline Bancorp,BY,1705335552,37.74,United States
1698,Gentherm,THRM,1705066880,31.3,United States
1699,Century Communities,CCS,1702260992,59.87,United States
1700,Live Oak Bank,LOB,1697683200,36.68,United States
1701,Azenta,AZTA,1697575168,38.75,United States
1702,CBL Properties,CBL,1692568832,54.7,United States
1703,Bank First,BFC,1691663744,152.6,United States
1704,National Bank Holdings,NBHC,1685510656,38.06,United States
1705,TriCo Bancshares,TCBK,1681125120,52.59,United States
1706,Evertec,EVTC,1677921920,27.23,United States
1707,Sila Realty Trust,SILA,1677119744,30.36,United States
1708,American Assets Trust,AAT,1671686656,21.55,United States
1709,Liberty Latin America,LILA,1671026944,8.53,United States
1710,Global Industrial Company,GIC,1668566656,43.61,United States
1711,Trinity Capital,TRIN,1665660032,17.59,United States
1712,Central Securities,CET,1660373120,56.19,United States
1713,ANI Pharmaceuticals,ANIP,1658000000,72.18,United States
1714,Xeris Pharmaceuticals,XERS,1655468288,9.08,United States
1715,Origin Bancorp,OBK,1654159744,53.62,United States
1716,Anterix,ATEX,1653693312,84.33,United States
1717,Stoke Therapeutics,STOK,1653162368,25.62,United States
1718,QCR Holdings,QCRH,1653118208,100.95,United States
1719,Ambiq Micro,AMBQ,1648901632,68.18,United States
1720,Alignment Healthcare,ALHC,1647035136,7.94,United States
1721,Ingles Markets,IMKTA,1645862656,86.65,United States
1722,Kestra Medical Technologies,KMTS,1633780096,27.43,United States
1723,Goosehead Insurance,GSHD,1626445056,45.51,United States
1724,OceanFirst Financial,OCFC,1621706752,16.78,United States
1725,Distribution Solutions Group,DSGR,1618014720,34.98,United States
1726,Lucid Motors,LCID,1611760640,4.13,United States
1727,SkyWater Technology,SKYT,1597181312,32.46,United States
1728,BlackLine,BL,1593213696,27.41,United States
1729,Global Partners LP,GLP,1587517184,46.9,United States
1730,Eton Pharmaceuticals,ETON,1582362368,55.36,United States
1731,EverCommerce,EVCM,1579387264,8.94,United States
1732,Wolverine World Wide,WWW,1575673728,19.2,United States
1733,Stewart Information Services,STC,1569697536,51.55,United States
1734,Wealthfront Corporation,WLTH,1566449792,10.03,United States
1735,Jetblue Airways,JBLU,1565845632,4.15,United States
1736,Helix Energy Solutions,HLX,1562253952,10.6,United States
1737,Syndax Pharmaceuticals,SNDX,1559536512,17.6,United States
1738,ConnectOne Bancorp,CNOB,1548844416,30.78,United States
1739,Rapport Therapeutics,RAPP,1543461376,32.17,United States
1740,Hawaiian Electric Industries,HE,1539894912,8.9,United States
1741,Perella Weinberg Partners,PWP,1539750144,15.82,United States
1742,Pathward Financial,CASH,1536397824,73.96,United States
1743,Omnicell,OMCL,1532660096,33.6,United States
1744,Ocular Therapeutix,OCUL,1528526464,6.96,United States
1745,Safety Insurance,SAFT,1525595648,103.92,United States
1746,Ellington Financial,EFC,1522040576,11.59,United States
1747,Kennedy Wilson,KW,1521191808,10.92,United States
1748,Sally Beauty Holdings,SBH,1520425984,16.24,United States
1749,Concentrix,CNXC,1518214656,24.91,United States
1750,Energizer Holdings,ENR,1513948800,22.11,United States
1751,Kemper,KMPR,1512557312,25.67,United States
1752,Phibro Animal Health,PAHC,1512003840,37.24,United States
1753,Taysha Gene Therapies,TSHA,1508609280,4.63,United States
1754,Progress Software,PRGS,1508257792,36.9,United States
1755,Atlas Energy Solutions,AESI,1505041536,12.04,United States
1756,Ultragenyx Pharmaceutical,RARE,1500522624,15.22,United States
1757,Capital Southwest Corporation,CSWC,1499020544,23.52,United States
1758,Huntsman Corporation,HUN,1495979648,8.53,United States
1759,Kosmos Energy,KOS,1494674048,2.51,United States
1760,Corsair Gaming,CRSR,1491760256,13.79,United States
1761,Nektar Therapeutics,NKTR,1487951616,43.58,United States
1762,Triumph Financial,TFIN,1485762304,62.18,United States
1763,Alkami Technology,ALKT,1485424256,13.89,United States
1764,Revolve Group,RVLV,1484777600,20.75,United States
1765,Nutex Health,NUTX,1482586112,216.5,United States
1766,Fluence Energy,FLNC,1481383808,7.61,United States
1767,Innoviva,INVA,1481032448,20.5,United States
1768,Lyntris Inc.,LYNX,1477195136,12.74,United States
1769,FuelCell Energy,FCEL,1476753920,18.47,United States
1770,United Parks &amp; Resorts,PRKS,1471778816,32.46,United States
1771,Lakeland Financial Corp,LKFN,1468352640,59.07,United States
1772,Maze Therapeutics,MAZE,1468164480,26.43,United States
1773,ICF International,ICFI,1468067712,81.86,United States
1774,Green Thumb Industries,GTII.CN,1464753696,6.70096,United States
1775,J&amp;J Snack Foods,JJSF,1461835776,78.25,United States
1776,Ardent Health,ARDT,1458414720,10.34,United States
1777,American Superconductor Corporation,AMSC,1453748736,30.01,United States
1778,Hemab Therapeutics Holdings,COAG,1453213952,31.11,United States
1779,Esquire Financial Holdings,ESQ,1451581568,119.92,United States
1780,Arhaus,ARHS,1451537664,10.24,United States
1781,HawkEye 360,HAWK,1450869888,14.81,United States
1782,AnaptysBio,ANAB,1450816128,48.53,United States
1783,Amalgamated Financial,AMAL,1440888064,48.19,United States
1784,REX American Resources,REX,1438827520,43.37,United States
1785,KalVista Pharmaceuticals,KALV,1437504000,27.0,United States
1786,Healthcare Services Group,HCSG,1432354048,20.87,United States
1787,Vistance Networks,VISN,1432190080,6.21,United States
1788,Stepan Company,SCL,1432150016,63.0,United States
1789,MasterBrand,MBC,1428503296,7.02,United States
1790,Pursuit Attractions and Hospitality,PRSU,1428096512,52.38,United States
1791,Certara,CERT,1427762944,9.36,United States
1792,Inhibrx Biosciences,INBX,1427465856,96.99,United States
1793,Frontier Airlines,ULCC,1425035648,6.19,United States
1794,WEBTOON Entertainment,WBTN,1424966272,10.5,United States
1795,Tompkins Financial,TMP,1422325504,98.89,United States
1796,AMN Healthcare Services,AMN,1418679680,36.63,United States
1797,Savers Value Village,SVV,1417419648,9.25,United States
1798,Agilon Health,AGL,1412812416,84.14,United States
1799,Amprius Technologies,AMPX,1412599680,9.67,United States
1800,Burke & Herbert Financial Services,BHRB,1410266112,69.86,United States
1801,Dorchester Minerals,DMLP,1405977856,28.64,United States
1802,Tyra Biosciences,TYRA,1404683776,20.43,United States
1803,Everforth,EFOR,1404249984,34.25,United States
1804,TriMas,TRS,1403385856,39.12,United States
1805,i-80 Gold,IAUX,1402760704,1.62,United States
1806,United Fire Group,UFCS,1401339776,54.62,United States
1807,Shoals Technologies,SHLS,1396889600,8.3,United States
1808,Atlanticus,ATLC,1393974784,91.89,United States
1809,ArriVent BioPharma,AVBP,1393929472,28.27,United States
1810,Goodyear,GT,1393430016,4.84,United States
1811,Innovative Industrial Properties,IIPR,1392904576,50.52,United States
1812,MillerKnoll,MLKN,1392507776,20.24,United States
1813,Olaplex,OLPX,1391282176,2.07,United States
1814,CONMED,CNMD,1387341824,46.32,United States
1815,Community Trust Bancorp,CTBI,1384579712,76.21,United States
1816,"Kardigan, Inc.",KARD,1382919680,14.79,United States
1817,Westamerica Bancorporation,WABC,1377424640,59.6,United States
1818,Arlo Technologies,ARLO,1375298048,12.78,United States
1819,The Pennant Group,PNTG,1370616832,39.24,United States
1820,Hillman Solutions,HLMN,1369596800,7.04,United States
1821,Cricut,CRCT,1365577600,6.52,United States
1822,Quantum Corporation,QMCO,1359645056,34.5,United States
1823,Digital Turbine,APPS,1359633152,11.17,United States
1824,Liquidity Services,LQDT,1354465792,43.23,United States
1825,ADI Global Distribution,ADIG,1353710592,17.83,United States
1826,Omeros Corporation,OMER,1347146624,18.61,United States
1827,Kailera Therapeutics,KLRA,1346997888,10.39,United States
1828,Dauch Corporation,DCH,1330585728,5.6,United States
1829,First Mid Bancshares,FMBH,1329563520,49.98,United States
1830,Coursera,COUR,1327287936,5.02,United States
1831,Ryerson,RYZ,1327048576,25.57,United States
1832,HBT Financial,HBT,1321526400,36.34,United States
1833,CVR Partners,UAN,1319302272,124.82,United States
1834,BJ's Restaurants,BJRI,1317484160,61.93,United States
1835,Herbalife,HLF,1316330496,12.56,United States
1836,UMH Properties,UMH,1315792128,15.41,United States
1837,Forestar Group,FOR,1313474816,25.75,United States
1838,FMC Corporation,FMC,1312808192,8.44,United States
1839,Boost Run,BRUN,1312337664,16.51,United States
1840,"RPC, Inc.",RES,1298910080,5.86,United States
1841,Oil-Dri Corporation Of America,ODC,1298277504,89.66,United States
1842,Exzeo Group,XZO,1297237248,14.4,United States
1843,National Vision Holdings,EYE,1296736640,16.4,United States
1844,P3 Health Partners,PIII,1296092160,6.36,United States
1845,NAPCO Security Technologies,NSSC,1293744256,36.17,United States
1846,Sylvamo,SLVM,1291412736,32.48,United States
1847,ProAssurance,PRA,1290193152,25.0,United States
1848,Oppenheimer Holdings,OPY,1286352640,120.13,United States
1849,Two Harbors Investment,TWO,1280541440,12.18,United States
1850,Evolution Metals & Technologies,EMAT,1279489280,2.04,United States
1851,Empire State Realty Trust,ESRT,1277462272,4.17,United States
1852,Damora Therapeutics,DMRA,1274838528,20.65,United States
1853,Red Violet,RDVT,1272043648,79.27,United States
1854,BigBear.ai,BBAI,1270660480,2.65,United States
1855,Old Second Bancorp,OSBC,1269349120,24.95,United States
1856,ORIC Pharmaceuticals,ORIC,1265080704,12.205,United States
1857,Utz Brands,UTZ,1264510592,14.27,United States
1858,Preferred Bank,PFBC,1262119808,106.48,United States
1859,Leggett &amp; Platt,LEG,1256618752,9.2,United States
1860,The Greenbrier Companies,GBX,1255532544,40.58,United States
1861,Ategrity Specialty Insurance Company,ASIC,1254247680,26.17,United States
1862,"U.S. Physical Therapy, Inc.",USPH,1249328256,83.72,United States
1863,Avalyn Pharma,AVLN,1247089920,28.13,United States
1864,Omada Health,OMDA,1246984320,20.37,United States
1865,Cracker Barrel,CBRL,1246371456,55.76,United States
1866,"Alexander's, Inc.",ALX,1245463680,243.86,United States
1867,ScanSource,SCSC,1243415808,61.73,United States
1868,Edgewell Personal Care,EPC,1243017984,26.97,United States
1869,XPEL,XPEL,1239856512,44.97,United States
1870,PROG Holdings,PRG,1234780544,31.0,United States
1871,York Space Systems,YSS,1233471232,8.98,United States
1872,Replimune,REPL,1231450624,13.07,United States
1873,Newsmax,NMAX,1229609472,9.52,United States
1874,Universal Insurance Holdings,UVE,1223144192,43.95,United States
1875,InnovAge,INNV,1222604800,8.96,United States
1876,MannKind Corp,MNKD,1221869056,3.8,United States
1877,Harmonic Inc.,HLIT,1218272256,11.17,United States
1878,Clear Channel Outdoor,CCO,1216734336,2.39,United States
1879,Arteris,AIP,1212090880,24.66,United States
1880,Sprinklr,CXM,1207291008,5.2,United States
1881,PagerDuty,PD,1206489088,15.34,United States
1882,Genco Shipping &amp; Trading,GNK,1206041344,27.67,United States
1883,Seneca Foods,SENEA,1202839424,177.66,United States
1884,La-Z-Boy,LZB,1199180032,29.94,United States
1885,Bristow Group,VTOL,1193386880,40.26,United States
1886,Gibraltar Industries,ROCK,1191808128,40.15,United States
1887,Myers Industries,MYE,1189859584,31.63,United States
1888,Six Flags,FUN,1186869248,11.6,United States
1889,Flowers Foods,FLO,1181159936,5.57,United States
1890,G-III Apparel Group,GIII,1173530112,27.37,United States
1891,National Healthcare Properties,NHP,1173039488,16.09,United States
1892,Avanos Medical,AVNS,1170726912,24.99,United States
1893,Eos Energy Enterprises,EOSE,1168978432,3.21,United States
1894,Wendy’s,WEN,1166899968,6.12,United States
1895,Bicara Therapeutics,BCAX,1166628864,17.63,United States
1896,Walker &amp; Dunlop,WD,1166045568,33.97,United States
1897,OPKO Health,OPK,1164272000,1.56,United States
1898,Lindsay Corporation,LNN,1162812032,114.35,United States
1899,Carter's,CRI,1159706368,31.59,United States
1900,Amerant Bancorp,AMTB,1158452096,29.56,United States
1901,Biglari,BH,1158385792,363.76,United States
1902,MarineMax,HZO,1156240640,52.35,United States
1903,T1 Energy,TE,1154347904,3.92,United States
1904,Univest Financial Corporation,UVSP,1153152000,41.81,United States
1905,Heritage Financial,HFWA,1151363840,28.14,United States
1906,Grocery Outlet,GO,1151361792,11.62,United States
1907,Tandem Diabetes Care,TNDM,1148048640,16.5,United States
1908,Easterly Government Properties,DEA,1146735872,23.4,United States
1909,Donnelley Financial Solutions,DFIN,1144695552,46.56,United States
1910,Ameresco,AMRC,1144638208,21.57,United States
1911,Tennant Company,TNC,1144349312,67.12,United States
1912,"Harrow, Inc.",HROW,1142629632,30.48,United States
1913,ProPetro,PUMP,1138577792,9.27,United States
1914,American Savings Bank,ASBH,1137464704,17.5,United States
1915,Great Lakes Dredge &amp; Dock Corp.,GLDD,1135273600,17.0,United States
1916,STAAR Surgical,STAA,1126735232,22.47,United States
1917,Piedmont Realty Trust,PDM,1126195456,9.0,United States
1918,Mission Produce,AVO,1123160320,12.81,United States
1919,Flotek Industries,FTK,1120660096,30.94,United States
1920,Willdan Group,WLDN,1120167936,73.54,United States
1921,GoodRx,GDRX,1118956800,3.28,United States
1922,LGI Homes,LGIH,1118401920,48.14,United States
1923,Unusual Machines,UMAC,1117527040,22.37,United States
1924,Bowhead Specialty Holdings,BOW,1112510336,33.77,United States
1925,Suburban Propane Partners,SPH,1112095488,16.67,United States
1926,Ecovyst,ECVT,1107820160,10.12,United States
1927,Metropolitan Bank Holding,MCB,1106501632,89.25,United States
1928,Jefferson Capital,JCAP,1105441536,19.25,United States
1929,Ladder Capital,LADR,1093578880,8.62,United States
1930,IRadimed,IRMD,1092009088,85.4,United States
1931,Willis Lease Finance Corporation,WLFC,1091506048,45.67,United States
1932,Northeast Bank,NBN,1091150080,126.86,United States
1933,Marten Transport,MRTN,1088399104,13.34,United States
1934,Artivion,AORT,1087751296,22.31,United States
1935,Karat Packaging,KRT,1087673984,54.57,United States
1936,Castle Biosciences,CSTL,1086340608,35.56,United States
1937,Sweetgreen,SG,1083276032,9.1,United States
1938,The RealReal,REAL,1082872832,8.9,United States
1939,Marcus &amp; Millichap,MMI,1081974528,28.57,United States
1940,Amphastar Pharmaceuticals,AMPH,1081739904,25.43,United States
1941,ZoomInfo,GTM,1080018304,3.71,United States
1942,Turning Point Brands,TPB,1077609600,55.64,United States
1943,National Presto Industries,NPK,1075619328,150.73,United States
1944,Graham Corporation,GHM,1073821184,91.49,United States
1945,Five Star Bancorp,FSBC,1071023232,43.65,United States
1946,"Cadre Holdings, Inc.",CDRE,1070518400,25.0,United States
1947,CRA International,CRAI,1069451456,170.38,United States
1948,Winmark,WINA,1069352768,297.69,United States
1949,Universal Technical Institute,UTI,1067745536,19.38,United States
1950,Prospect Capital,PSEC,1067633728,2.0,United States
1951,Green Plains,GPRE,1067551808,15.23,United States
1952,Andersen Group,ANDG,1059399040,57.14,United States
1953,Capitol Federal Financial,CFFN,1058509824,8.58,United States
1954,Latigo Biotherapeutics,LTGO,1054159616,15.9,United States
1955,Vishay Precision Group,VPG,1053246400,79.07,United States
1956,Universal Corporation,UVV,1050748608,42.2,United States
1957,Rackspace Technology,RXT,1050076096,4.12,United States
1958,Oaktree Specialty Lending Corporation,OCSL,1048658112,11.905,United States
1959,Saul Centers,BFS,1047426752,30.16,United States
1960,CEVA,CEVA,1044516032,37.1,United States
1961,ASA Gold and Precious Metals,ASA,1040647872,56.69,United States
1962,Deluxe Corporation,DLX,1036810688,22.61,United States
1963,MeiraGTx,MGTX,1036303872,10.79,United States
1964,USA TODAY Co.,TDAY,1035066496,7.05,United States
1965,Janux Therapeutics,JANX,1035045568,16.93,United States
1966,Trupanion,TRUP,1034516160,23.58,United States
1967,Aktis Oncology,AKTS,1030073152,18.52,United States
1968,Aeva Technologies,AEVA,1028857024,14.76,United States
1969,Mercantile Bank,MBWM,1028512704,59.5,United States
1970,Enovis,ENOV,1024786944,17.77,United States
1971,Beta Bionics,BBNX,1022820160,18.96,United States
1972,Northwest Pipe Company,NWPX,1021447040,105.99,United States
1973,Vor Biopharma,VOR,1012734080,18.69,United States
1974,Heritage Insurance,HRTG,1010604864,33.99,United States
1975,CNB Financial Corp,CCNE,1010072128,34.1,United States
1976,MetroCity Bankshares,MCBS,1009693248,35.23,United States
1977,Middlesex Water Company,MSEX,1009281792,53.56,United States
1978,Orchid Island Capital,ORC,1008751360,5.11,United States
1979,Business First Bancshares,BFST,1005791424,30.9,United States
1980,Upwork,UPWK,1005472128,8.05,United States
1981,Ventyx Biosciences,VTYX,1004502016,14.0,United States
1982,Teladoc Health,TDOC,1002895744,5.52,United States
1983,AEVEX Corp.,AVEX,1001981312,14.48,United States
1984,NPK International,NPKI,1001087680,11.79,United States
1985,Horizon Bancorp,HBNC,1000191232,19.48,United States
1986,Cullinan Therapeutics,CGEM,998141376,15.51,United States
1987,Emerald Holding,EEX,997505920,5.04,United States
1988,TripAdvisor,TRIP,997366464,8.51,United States
1989,Odyssey Therapeutics,ODTX,996012992,20.725,United States
1990,HighPeak Energy,HPK,992654464,7.85,United States
1991,Pacira Biosciences,PCRX,991961152,25.21,United States
1992,Lumexa Imaging,LMRI,991493696,10.32,United States
1993,Yelp,YELP,990853696,18.26,United States
1994,NB Bancorp,NBBK,988983232,22.57,United States
1995,Whitestone REIT,WSR,988012416,18.99,United States
1996,Integra LifeSciences,IART,986155392,12.68,United States
1997,Seaport Therapeutics,SPTX,986032768,18.42,United States
1998,Savara,SVRA,985699904,4.81,United States
1999,Equity Bancshares,EQBK,982879552,47.73,United States
2000,PROCEPT BioRobotics,PRCT,982816000,17.16,United States
2001,XPLR Infrastructure,XIFR,979777024,10.39,United States
2002,Global Medical REIT,GMRE,979776256,35.98,United States
2003,Red Cat Holdings,RCAT,977371968,6.4,United States
2004,Dream Finders Homes,DFH,973252544,10.75,United States
2005,Alto Neuroscience,ANRO,973204160,24.8,United States
2006,Frequency Electronics,FEIM,969840896,86.03,United States
2007,Astec Industries,ASTE,967065472,42.0,United States
2008,Ibotta,IBTA,966434944,41.61,United States
2009,Camden National Corporation,CAC,966342144,57.19,United States
2010,Centerspace,CSR,964572800,54.5,United States
2011,NexPoint Residential Trust,NXRT,963442944,18.67,United States
2012,Eastman Kodak Company,KODK,960466560,9.81,United States
2013,LegalZoom,LZ,959082944,5.6,United States
2014,BrightView,BV,951928000,10.28,United States
2015,Trustco Bank,TRST,948274816,55.69,United States
2016,Kura Oncology,KURA,947430528,10.65,United States
2017,Kforce,KFRC,946669760,52.86,United States
2018,HealthStream,HSTM,942965248,30.82,United States
2019,Hanmi Financial,HAFC,938991936,31.67,United States
2020,Central Pacific Financial,CPF,937721408,36.42,United States
2021,Forum Energy Technologies,FET,935016960,83.14,United States
2022,Douglas Dynamics,PLOW,934851072,40.51,United States
2023,Riley Exploration Permian,REPX,934668096,42.19,United States
2024,Unitil Corporation,UTL,933717696,51.2,United States
2025,Compass Minerals,CMP,931975360,22.2,United States
2026,Nextdoor,NXDR,930586048,2.44,United States
2027,Upbound Group,UPBD,927543488,15.91,United States
2028,Diversified Energy,DEC.L,925225918,13.4018,United States
2029,NCR Voyix Corporation,VYX,925068352,6.7,United States
2030,Mid Penn Bancorp,MPB,922201920,36.4,United States
2031,Heartland Express,HTLD,920257984,11.9,United States
2032,Corvus Pharmaceuticals,CRVS,916918272,10.9,United States
2033,Alpha &amp; Omega Semiconductor,AOSL,916425344,30.24,United States
2034,Southside Bancshares,SBSI,914270080,30.73,United States
2035,Kopin Corporation,KOPN,912634496,4.91,United States
2036,CeriBell,CBLL,909177216,23.69,United States
2037,Resolute Holdings Management,RHLD,906369280,115.91,United States
2038,Phoenix Education Partners,PXED,905149632,25.11,United States
2039,Daily Journal,DJCO,904542784,656.44,United States
2040,Barings BDC,BBDC,903620416,8.63,United States
2041,"Forbright, Inc.",FRBT,903098368,17.79,United States
2042,Postal Realty Trust,PSTL,903072384,22.69,United States
2043,"Sinclair, Inc.",SBGI,898913536,12.43,United States
2044,"Suncrete, Inc.",RMIX,897996864,12.22,United States
2045,Jade Biosciences,JBIO,897995136,14.12,United States
2046,BlackSky Technology,BKSY,897072640,21.92,United States
2047,Bioventus,BVS,896846528,13.13,United States
2048,Monte Rosa Therapeutics,GLUE,895790720,10.5,United States
2049,"Apnimed, Inc.",APMD,895478080,21.51,United States
2050,Kronos Worldwide,KRO,895458752,7.78,United States
2051,First Financial,THFF,891773248,74.99,United States
2052,Beazer Homes USA,BZH,891099456,33.4,United States
2053,Backblaze,BLZE,888883968,14.36,United States
2054,Tetra Technologies,TTI,888436736,6.0,United States
2055,Alumis,ALMS,886631360,6.85,United States
2056,Virtus Investment Partners,VRTS,886182144,133.81,United States
2057,CryoPort,CYRX,882813824,17.43,United States
2058,Employers Holdings,EIG,882399680,49.13,United States
2059,Accel Entertainment,ACEL,882299008,10.84,United States
2060,PureCycle Technologies,PCT,881972096,4.39,United States
2061,Satellogic,SATL,880929664,5.73,United States
2062,Lightwave Logic,LWLG,878753280,5.7,United States
2063,Oxford Lane Capital,OXLC,873449472,8.91,United States
2064,Taboola.com,TBLA,872601920,3.23,United States
2065,Rigel Pharmaceuticals,RIGL,872373120,47.15,United States
2066,SmartFinancial (SmartBank),SMBK,871851136,50.99,United States
2067,Quanex Building Products,NX,870697984,19.0,United States
2068,Koppers Holdings,KOP,870688640,46.04,United States
2069,Talkspace,TALK,870574976,5.25,United States
2070,Simply Good Foods,SMPL,869377088,9.83,United States
2071,BitGo,BTGO,867486720,7.38,United States
2072,Sana Biotechnology,SANA,865152256,2.89,United States
2073,Eagle Bancorp,EGBN,865135104,28.38,United States
2074,BellRing Brands,BRBR,863946944,7.43,United States
2075,Great Southern Bancorp,GSBC,863845312,79.27,United States
2076,Daktronics,DAKT,863743936,17.96,United States
2077,Ardelyx,ARDX,862346432,3.34,United States
2078,Navient,NAVI,861873280,9.19,United States
2079,O-I Glass,OI,860494528,5.6,United States
2080,Covenant Logistics,CVLG,856753728,33.76,United States
2081,QuinStreet,QNST,856634176,14.97,United States
2082,Safehold,SAFE,854044352,12.06,United States
2083,Hippo Holdings,HIPO,850793664,32.24,United States
2084,Capital City Bank Group,CCBG,849846272,49.66,United States
2085,Babcock &amp; Wilcox,BW,849100864,5.7,United States
2086,Transcat,TRNS,846033216,90.39,United States
2087,SunCoke Energy,SXC,840260992,9.9,United States
2088,Ridgepost Capital,RPC,840016896,7.62,United States
2089,Obsidian Therapeutics,OBX,839493376,13.59,United States
2090,PubMatic,PUBM,839032128,18.42,United States
2091,NANO Nuclear Energy,NNE,838764992,15.62,United States
2092,The Manitowoc Company,MTW,837358848,23.22,United States
2093,Standard Motor Products,SMP,835318272,37.52,United States
2094,Marcus Corporation,MCS,834318208,27.06,United States
2095,ProFrac,ACDC,834122240,4.58,United States
2096,ASGN,ASGN,833931008,19.53,United States
2097,SpyGlass Pharma,SGP,833523648,24.92,United States
2098,Ginkgo Bioworks,DNA,831652480,12.35,United States
2099,CrossAmerica Partners,CAPL,831413568,21.78,United States
2100,Heritage Commerce,HTBK,828429632,13.45,United States
2101,Metallus,MTUS,827977088,19.89,United States
2102,Service Properties Trust,SVC,826270528,6.38,United States
2103,Republic Airways,RJET,825895936,17.64,United States
2104,Cantaloupe,CTLP,825815936,11.2,United States
2105,Compass Diversified Holdings,CODI,822329152,10.93,United States
2106,Evolv Technologies,EVLV,822012352,4.57,United States
2107,Rapid7,RPD,821613760,12.19,United States
2108,Orrstown Financial Services,ORRF,819633280,41.67,United States
2109,JBG SMITH,JBGS,815552960,10.56,United States
2110,Alerus Financial,ALRS,814382208,32.67,United States
2111,Viant Technology,DSP,814251520,12.24,United States
2112,World Acceptance Corporation,WRLD,812962432,174.44,United States
2113,South Plains Financial,SPFI,810458240,43.02,United States
2114,Lexicon Pharmaceuticals,LXRX,809819840,1.82,United States
2115,Hyliion,HYLN,809045440,4.53,United States
2116,Abacus Global Management,ABX,808741952,8.27,United States
2117,Independent Bank Corporation,IBCP,807388352,36.37,United States
2118,Avalo Therapeutics,AVTX,803913536,14.99,United States
2119,Paysign,PAYS,803456448,14.23,United States
2120,Immix Biopharma,IMMX,802500608,9.68,United States
2121,SI-BONE,SIBN,801835072,18.08,United States
2122,John B. Sanfilippo & Son,JBSS,801237248,68.52,United States
2123,Mitek Systems,MITK,800922176,17.75,United States
2124,Montrose Environmental,MEG,800798912,22.14,United States
2125,American Public Education,APEI,800326528,43.73,United States
2126,Southern Missouri Bancorp,SMBC,799453888,72.59,United States
2127,N-Able,NABL,799070336,4.23,United States
2128,GCM Grosvenor,GCMG,797697792,13.05,United States
2129,Sabre,SABR,795058944,1.97,United States
2130,Apollo Commercial Real Estate Finance,ARI,794914944,6.2,United States
2131,Westrock Coffee,WEST,794686912,8.14,United States
2132,Annexon,ANNX,794336576,4.19,United States
2133,Dakota Gold,DC,794304128,5.92,United States
2134,LSI Industries,LYTS,791803392,21.25,United States
2135,Peapack-Gladstone Financial,PGC,790312128,44.58,United States
2136,Pacific Biosciences,PACB,789510080,2.54,United States
2137,Financial Institutions,FISI,787860288,39.98,United States
2138,Groupon,GRPN,785246848,19.31,United States
2139,Fox Factory Holding,FOXF,783878144,18.65,United States
2140,Varex Imaging,VREX,783875200,18.46,United States
2141,Attovia Therapeutics,ATTO,783832192,17.17,United States
2142,Peakstone Realty Trust,PKST,780562688,20.99,United States
2143,Boxabl Inc.,BXBL,780223424,3.23,United States
2144,Chimera Investment Corporation,CIM,775171456,9.26,United States
2145,MFA Financial,MFA,773322752,7.65,United States
2146,LightPath Technologies,LPTH,773200256,11.04,United States
2147,Design Therapeutics,DSGN,772257600,12.34,United States
2148,Geron,GERN,770968128,1.2,United States
2149,HomeTrust Bancshares,HTB,770305344,46.59,United States
2150,CTO Realty Growth,CTO,769951296,20.54,United States
2151,"TXO Partners, L.P.",TXO,768487168,13.86,United States
2152,Shore Bancshares,SHBI,767562368,23.0,United States
2153,Fidus Investment Corporation,FDUS,765981824,19.26,United States
2154,Strawberry Fields REIT,STRW,763011840,13.5,United States
2155,Cytek Biosciences,CTKB,763001728,5.87,United States
2156,Angel Studios,ANGX,761965760,4.08,United States
2157,AdaptHealth,AHCO,761903168,5.6,United States
2158,New Era Energy & Digital,NUAI,759813632,6.29,United States
2159,Reformation Inc.,REF,759169280,12.85,United States
2160,Sky Harbour Group,SKYH,758338112,9.29,United States
2161,River City Bank,RCBC,758102336,54.17,United States
2162,4D Molecular Therapeutics,FDMT,755188352,13.67,United States
2163,Latham Group,SWIM,754111424,6.41,United States
2164,Gyre Therapeutics,GYRE,753900032,7.11,United States
2165,Golden Entertainment,GDEN,753686080,28.55,United States
2166,Movado Group,MOV,751030144,33.66,United States
2167,Westlake Chemical Partners,WLKP,749679872,21.27,United States
2168,Winnebago Industries,WGO,743471808,26.3,United States
2169,Apogee Enterprises,APOG,743224320,35.615,United States
2170,Mesa Laboratories,MLAB,741732480,132.55,United States
2171,Chaince Digital Holdings,CD,741425600,6.74,United States
2172,"MNTN, Inc.",MNTN,739803264,9.89,United States
2173,Barrett Business Services,BBSI,739415360,30.51,United States
2174,TaskUs,TASK,738997440,8.06,United States
2175,QuidelOrtho,QDEL,738557376,10.77,United States
2176,Bowman Consulting Group,BWMN,738417792,42.6,United States
2177,ARKO Petroleum,APC,737338496,15.5,United States
2178,Solid Biosciences,SLDB,734492864,6.85,United States
2179,Washington Trust Bancorp,WASH,733598336,38.46,United States
2180,Carlyle Secured Lending,CGBD,732768768,10.65,United States
2181,Bloomin' Brands,BLMN,726065344,8.48,United States
2182,Arbor Realty Trust,ABR,721712576,3.56,United States
2183,Third Coast Bancshares,TCBX,721472576,43.36,United States
2184,Lucky Strike Entertainment,LUCK,721175168,5.29,United States
2185,Community West Bancshares,CWBC,719870528,26.53,United States
2186,Olema Pharmaceuticals,OLMA,719667840,8.225,United States
2187,Collegium Pharmaceutical,COLL,716874560,22.02,United States
2188,Bain Capital Specialty Finance,BCSF,716797056,11.05,United States
2189,Root Insurance,ROOT,716717824,46.26,United States
2190,Energy Vault,NRGV,716447936,3.94,United States
2191,Nuvectis Pharma,NVCT,715557952,21.92,United States
2192,Green Dot,GDOT,712314752,12.5,United States
2193,Carter Bankshares,CARE,712290880,30.75,United States
2194,Bally's Corporation,BALY,711115520,14.09,United States
2195,PRA Group,PRAA,710417920,18.87,United States
2196,Vitesse Energy,VTS,710299840,16.87,United States
2197,XOMA Royalty,XOMA,710155008,40.17,United States
2198,LSB Industries,LXU,709895360,9.86,United States
2199,"Sturm, Ruger &amp; Co",RGR,708955200,44.37,United States
2200,OmniAb,OABI,708051200,4.87,United States
2201,Enhabit,EHAB,706913408,13.8,United States
2202,Natural Grocers by Vitamin Cottage,NGVC,705433536,30.61,United States
2203,American Woodmark,AMWD,700651840,48.09,United States
2204,California BanCorp,BCAL,700238784,21.78,United States
2205,Arrow Financial,AROW,700011520,37.79,United States
2206,Legacy Housing Corporation,LEGH,698032192,29.35,United States
2207,Verastem Oncology,VSTM,697338496,7.7,United States
2208,WhiteFiber,WYFI,696546816,17.93,United States
2209,Lincoln Educational Services,LINC,695017600,21.91,United States
2210,Peoples Financial Services,PFIS,693618368,69.29,United States
2211,Cass Information Systems,CASS,692300416,54.06,United States
2212,Kimball Electronics,KE,690729600,28.79,United States
2213,EverQuote,EVER,689778944,19.5,United States
2214,indie Semiconductor,INDI,688472384,2.97,United States
2215,Midland States Bancorp,MSBI,687724992,33.14,United States
2216,ProKidney,PROK,686593984,1.72,United States
2217,ParkOhio Holdings Corp.,PKOH,686391744,47.37,United States
2218,Arbutus Biopharma,ABUS,682077760,4.45,United States
2219,Village Super Market,VLGEA,681236608,46.0,United States
2220,RE/MAX Holdings,RMAX,681161536,12.36,United States
2221,Once Upon A Farm,OFRM,681088320,16.22,United States
2222,Entravision Communications,EVC,681087680,7.38,United States
2223,Hovnanian Enterprises,HOV,680885184,116.2,United States
2224,Red River Bancshares,RRBI,680862400,103.41,United States
2225,PennyMac Mortgage Investment Trust,PMT,680178432,7.8,United States
2226,WhiteHawk Minerals Corp,WHK,679793088,25.49,United States
2227,PennantPark Floating Rate Capital Ltd.,PFLT,678650432,6.84,United States
2228,Udemy,UDMY,677283328,4.63,United States
2229,Donegal Group,DGICA,676896256,18.27,United States
2230,Shattuck Labs,STTK,675444736,6.73,United States
2231,The Elmet Group,ELMT,674068672,22.13,United States
2232,Cannae Holdings,CNNE,674035520,15.54,United States
2233,Sable Offshore,SOC,673462208,3.51,United States
2234,OneSpan,OSPN,671760064,18.12,United States
2235,Five Point Holdings,FPH,671477312,4.54,United States
2236,Chatham Lodging Trust,CLDT,671418048,13.68,United States
2237,MiMedx Group,MDXG,669838464,4.59,United States
2238,Tron Inc.,TRON,668878720,1.41,United States
2239,Scholastic,SCHL,666421888,36.2,United States
2240,Park Aerospace,PKE,661671872,30.42,United States
2241,Bar Harbor Bankshares,BHB,661421888,39.45,United States
2242,DoubleDown Interactive,DDI,659556288,13.31,United States
2243,Capital Bancorp,CBNK,659171136,40.45,United States
2244,Cardinal Infrastructure Group,CDNL,658710016,30.73,United States
2245,MISTRAS Group,MG,657916288,20.65,United States
2246,Mativ Holdings,MATV,656762112,11.9,United States
2247,Smith &amp; Wesson,SWBI,656452928,14.64,United States
2248,New Mountain Finance Corporation,NMFC,655499584,6.94,United States
2249,First Watch Restaurant,FWRG,652300416,10.57,United States
2250,ACNB Corporation,ACNB,651324160,63.78,United States
2251,Grid Dynamics,GDYN,650637632,8.02,United States
2252,Summit Hotel Properties,INN,649277824,6.02,United States
2253,Sagimet Biosciences,SGMT,648105216,9.14,United States
2254,Consensus Cloud Solutions,CCSI,647969280,35.36,United States
2255,Armada Hoffler Properties,AHH,647902656,6.25,United States
2256,Starling Oncology,STLN,647167296,6.35,United States
2257,OTC Markets Group,OTCM,647107456,54.0,United States
2258,Aclaris Therapeutics,ACRS,646203136,4.39,United States
2259,Tiptree,TIPT,646108672,17.35,United States
2260,Yext,YEXT,644351360,6.51,United States
2261,Factorial Energy,FAC,642139520,6.0,United States
2262,Priority Technology Holdings,PRTH,641633920,7.78,United States
2263,NETGEAR,NTGR,640337728,23.56,United States
2264,"Yesway, Inc.",YSWY,640239552,20.53,United States
2265,Papa John's Pizza,PZZA,639668416,19.43,United States
2266,Northfield Bancorp,NFBK,639406784,15.31,United States
2267,Hallador Energy Company,HNRG,635963840,13.49,United States
2268,AngioDynamics,ANGO,635442688,15.11,United States
2269,Hingham Institution for Savings,HIFS,632324608,287.78,United States
2270,Gladstone Commercial,GOOD,631805056,12.94,United States
2271,Aura Biosciences,AURA,631562304,6.09,United States
2272,SLR Investment,SLRC,630105984,11.55,United States
2273,Climb Bio,CLYM,628352640,10.94,United States
2274,Array Technologies,ARRY,628351360,4.08,United States
2275,3D Systems,DDD,628035776,3.78,United States
2276,Tronox,TROX,627621120,3.93,United States
2277,Hertz,HTZ,627354432,1.76,United States
2278,Petco,WOOF,627258432,2.19,United States
2279,Reservoir Media,RSVR,626552448,9.52,United States
2280,BlossomHill Therapeutics,BLSM,625844864,19.69,United States
2281,Phreesia,PHR,625054400,10.07,United States
2282,Gladstone Investment,GAIN,623612032,15.66,United States
2283,Forge Global,FRGE,623007296,45.0,United States
2284,Hudson Pacific Properties,HPP,623005120,11.48,United States
2285,Helen of Troy,HELE,622829696,26.74,United States
2286,Forward Industries,FWDI,622511808,8.16,United States
2287,American Bitcoin Corp,ABTC,619695744,8.51,United States
2288,Miller Industries,MLR,617445312,54.39,United States
2289,IperionX,IPX,614721536,16.97,United States
2290,Enovix,ENVX,614455872,2.8,United States
2291,Coastal Financial Corporation,CCB,614051712,40.17,United States
2292,Climb Global Solutions,CLMB,612068992,32.8,United States
2293,EagleRock Land,EROK,611881344,25.02,United States
2294,Sprout Social,SPT,611375424,10.09,United States
2295,Peoples Bancorp,PEBO,610772160,37.48,United States
2296,Mama's Creations,MAMA,609616768,12.93,United States
2297,"ERock, Inc.",EROC,609401408,12.65,United States
2298,"Eve Holding, Inc.",EVEX,606366208,1.74,United States
2299,Gemini Space Station,GEMI,605475776,4.67,United States
2300,Vaalco Energy,EGY,602748864,5.73,United States
2301,Matthews International Corporation,MATW,602102144,19.29,United States
2302,Ironwood Pharmaceuticals,IRWD,601473472,3.64,United States
2303,Shentel,SHEN,601260416,10.86,United States
2304,"AGNT, Inc",AGNT,599782336,3.65,United States
2305,Titan Machinery,TITN,598206208,25.42,United States
2306,United States Antimony Corporation,UAMY,597180800,3.99,United States
2307,First Business Financial Services,FBIZ,593564928,70.93,United States
2308,Zevra Therapeutics,ZVRA,593243968,9.99,United States
2309,Weave Communications,WEAV,592919808,7.37,United States
2310,Fulgent Genetics,FLGT,591028480,21.48,United States
2311,Granite Ridge Resources,GRNT,589594048,4.47,United States
2312,PAR Technology,PAR,589418560,14.25,United States
2313,Kearny Financial,KRNY,588774912,9.32,United States
2314,Bit Digital,BTBT,587832640,1.63,United States
2315,Limbach Holdings,LMB,585324352,49.1,United States
2316,Greene County Bancorp,GCBC,583293056,34.26,United States
2317,IBEX,IBEX,578682880,43.58,United States
2318,OrthoPediatrics,KIDS,578592896,22.16,United States
2319,AH Realty Trust,AHRT,578332480,6.03,United States
2320,Bridgewater Bancshares,BWB,577473984,20.71,United States
2321,Southern First Bancshares,SFST,576356288,60.85,United States
2322,Velocity Financial,VEL,576034432,14.59,United States
2323,Janus International Group,JBI,574394688,4.21,United States
2324,Ooma,OOMA,574080000,20.8,United States
2325,ADTRAN,ADTN,573629120,7.04,United States
2326,Bluelinx,BXC,573095552,73.64,United States
2327,Insteel Industries,IIIN,572229824,29.56,United States
2328,Wabash National,WNC,571949888,14.04,United States
2329,Aquestive Therapeutics,AQST,571078016,4.55,United States
2330,Enviri Corporation,NVRI,569722304,20.21,United States
2331,Teamshares,TMS,563828160,7.62,United States
2332,Methode Electronics,MEI,561053120,15.74,United States
2333,Civista Bancshares,CIVB,561028544,26.98,United States
2334,CorMedix,CRMD,560419648,7.19,United States
2335,Phathom Pharmaceuticals,PHAT,559834496,6.92,United States
2336,Hyster-Yale Materials Handling,HY,559513600,31.23,United States
2337,CytomX Therapeutics,CTMX,557822144,2.56,United States
2338,Contango Ore,CTGO,557790784,16.68,United States
2339,Unity Bancorp,UNTY,555756288,55.34,United States
2340,XMax Inc.,XMAX,554256192,8.59,United States
2341,The Honest Company,HNST,553587392,5.16,United States
2342,"Nerdy, Inc,",NRDY,552562688,7.65,United States
2343,Pangaea Logistics Solutions,PANL,551943936,8.43,United States
2344,NerdWallet,NRDS,551657024,8.63,United States
2345,Northrim BanCorp,NRIM,550780416,24.76,United States
2346,Investors Title Company,ITIC,547896448,290.2,United States
2347,Kelly Services,KELYA,545986176,15.72,United States
2348,MapLight Therapeutics,MPLT,545753536,9.82,United States
2349,GAMCO Investors,GAMI,544241344,25.34,United States
2350,Prime Medicine,PRME,540503040,2.98,United States
2351,NVE Corporation,NVEC,538957120,111.42,United States
2352,Forward Air,FWRD,537453568,15.91,United States
2353,W&amp;T Offshore,WTI,537356864,3.56,United States
2354,Cars.com,CARS,536933056,10.03,United States
2355,GMR Solutions Inc.,GMRS,534274752,9.89,United States
2356,Altimmune,ALT,532005888,2.735,United States
2357,Crescent Biopharma,CBIO,531942624,14.32,United States
2358,Solid Power,SLDP,531662208,2.33,United States
2359,Home Bancorp,HBCP,531511744,67.53,United States
2360,Bankwell Financial Group,BWFG,531331936,66.65,United States
2361,Northpointe Bancshares,NPB,530831264,15.35,United States
2362,Ethan Allen,ETD,530804992,21.06,United States
2363,Bank7,BSVN,528494496,55.48,United States
2364,Delcath Systems,DCTH,524992800,15.13,United States
2365,908 Devices,MASS,524524672,12.69,United States
2366,Flushing Financial Corp,FFIC,524179680,15.47,United States
2367,Monopar Therapeutics,MNPR,523348064,77.97,United States
2368,Senseonics Holdings,SENS,522395648,9.88,United States
2369,Franklin BSP Realty Trust,FBRT,520694752,6.27,United States
2370,Capricor Therapeutics,CAPR,520343936,8.95,United States
2371,Allogene Therapeutics,ALLO,518236320,1.5,United States
2372,Glass House Brands,GLAS,517391328,5.49,United States
2373,Veradigm,MDRX,516615808,4.74,United States
2374,Ramaco Resources,METC,516152896,8.105,United States
2375,Sierra Bancorp,BSRR,515424640,39.76,United States
2376,Neurogene,NGNE,513291936,25.65,United States
2377,West Bancorporation,WTBA,512675808,30.08,United States
2378,Carriage Services,CSV,510933440,32.17,United States
2379,Hamilton Beach Brands,HBB,510674208,37.99,United States
2380,American Integrity Insurance Group,AII,510604736,26.06,United States
2381,MediaAlpha,MAX,509626336,9.62,United States
2382,Universal Health Realty Income Trust,UHT,508969792,36.62,United States
2383,OppFi,OPFI,508693216,5.97,United States
2384,NioCorp Developments,NB,506098240,3.47,United States
2385,Orange County Bancorp,OBT,505882432,37.73,United States
2386,SandRidge Energy,SD,504965536,13.62,United States
2387,Kura Sushi USA,KRUS,504582688,41.53,United States
2388,FrontView REIT,FVR,504116640,16.68,United States
2389,Krispy Kreme,DNUT,501415008,2.89,United States
2390,Tactile Medical,TCMD,500615520,22.1,United States
2391,Zion Oil &amp; Gas,ZNOG,500590912,0.42,United States
2392,Bright Minds Biosciences,DRUG,500009248,50.69,United States
2393,York Water,YORW,499191168,30.76,United States
2394,Eightco Holdings,ORBS,498541792,1.16,United States
2395,Private Bancorp of America,PBAM,497562976,86.9,United States
2396,i3 Verticals,IIIV,496702816,14.28,United States
2397,Oil States International,OIS,496455136,8.23,United States
2398,Concrete Pumping Holdings,BBCP,496375200,9.85,United States
2399,ChoiceOne Financial Services,COFS,495177280,33.11,United States
2400,Farmland Partners,FPI,493702784,11.24,United States
2401,Contineum Therapeutics,CTNM,493589248,13.12,United States
2402,Chiron Real Estate,XRN,492468736,34.01,United States
2403,Ponce Financial Group,PDLB,492223776,20.35,United States
2404,Puma Biotechnology,PBYI,490906816,9.51,United States
2405,REGENXBIO,RGNX,490478016,7.43,United States
2406,First Foundation,FFWM,489265120,5.9,United States
2407,MasterCraft Boat,MCFT,489221376,20.1,United States
2408,Farmers &amp; Merchants Bancorp,FMAO,488809536,35.49,United States
2409,Universal Logistics Holdings,ULH,486749632,18.46,United States
2410,Weyco Group,WEYS,486049504,50.89,United States
2411,Quad,QUAD,484765472,9.42,United States
2412,Arvinas,ARVN,484511680,7.41,United States
2413,Columbus McKinnon,CMCO,483043136,16.735,United States
2414,Alpha Teknova,TKNO,482657344,8.99,United States
2415,One Liberty Properties,OLP,482467008,22.03,United States
2416,BrightSpire Capital,BRSP,482057088,3.81,United States
2417,Rayonier Advanced Materials,RYAM,481626752,7.12,United States
2418,Brandywine Realty Trust,BDN,480247360,2.78,United States
2419,TPG Real Estate Finance Trust,TRTX,474672384,6.14,United States
2420,Shoe Carnival,SCVL,473247296,17.43,United States
2421,Industrial Logistics Properties Trust,ILPT,472560832,7.08,United States
2422,Aspen Aerogels,ASPN,472206176,5.69,United States
2423,Evolus,EOLS,471600128,7.14,United States
2424,Johnson Outdoors,JOUT,470641984,44.91,United States
2425,Sight Sciences,SGHT,469900544,8.53,United States
2426,ARKO Corp.,ARKO,467814464,4.17,United States
2427,Gray Media,GTN,467549088,4.54,United States
2428,Calavo Growers,CVGW,466334752,26.09,United States
2429,Ovid Therapeutics,OVID,464808928,2.38,United States
2430,CompX International,CIX,460882336,37.4,United States
2431,AMC Networks,AMCX,460349696,11.16,United States
2432,Eagle Point Credit Company,ECC,460217216,3.46,United States
2433,Citizens &amp; Northern Corp,CZNC,459670656,25.63,United States
2434,Cerus Corporation,CERS,459476768,2.28,United States
2435,Virgin Galactic,SPCE,459335584,3.03,United States
2436,Assembly Biosciences,ASMB,458927840,22.54,United States
2437,Everspin Technologies,MRAM,458510656,18.83,United States
2438,Clearfield,CLFD,454790816,33.48,United States
2439,AlTi Global,ALTI,453795392,2.91,United States
2440,Malibu Boats,MBUU,452786592,23.01,United States
2441,Titan International,TWI,451151040,6.99,United States
2442,NRC Health,NRC,450535104,20.35,United States
2443,Bank of Marin Bancorp,BMRC,448742592,27.71,United States
2444,Onterris,ONT,446342464,12.71,United States
2445,ASP Isotopes,ASPI,446130304,2.91,United States
2446,DiaMedica Therapeutics,DMAC,443808448,8.23,United States
2447,Redwood Trust,RWT,443411872,3.53,United States
2448,Monro,MNRO,443080704,14.18,United States
2449,RBB Bancorp,RBB,443029120,26.19,United States
2450,Havertys,HVT,442622208,27.5,United States
2451,Tejon Ranch,TRC,442611232,16.38,United States
2452,AMERISAFE,AMSF,441221984,23.59,United States
2453,American Coastal Insurance Corporation,ACIC,441024576,9.33,United States
2454,Intrepid Potash,IPI,440840608,32.76,United States
2455,Tectonic Therapeutic,TECX,440642720,22.54,United States
2456,Radiant Logistics,RLGT,438930368,9.36,United States
2457,AdvanSix,ASIX,437959232,16.22,United States
2458,Idaho Strategic Resources,IDR,437435328,27.64,United States
2459,Commercial Bancgroup,CBK,436796480,31.88,United States
2460,NeuroPace,NPCE,435918240,12.7,United States
2461,Plumas Bancorp,PLBC,435216864,62.54,United States
2462,Spire Global,SPIR,434568160,11.11,United States
2463,Myriad Genetics,MYGN,434249408,4.54,United States
2464,EVgo,EVGO,434031680,1.38,United States
2465,Colony Bankcorp,CBAN,433968736,20.45,United States
2466,Cogent Communications,CCOI,433285120,8.46,United States
2467,El Pollo Loco,LOCO,432756352,14.22,United States
2468,Gladstone Capital Corporation,GLAD,432657248,19.15,United States
2469,Genie Energy,GNE,432431424,16.43,United States
2470,ATN International,ATNI,429907680,27.91,United States
2471,Pioneer Bancorp,PBFS,429674176,17.77,United States
2472,Cross Country Healthcare,CCRN,428060928,13.25,United States
2473,Natural Gas Services Group,NGS,427836096,33.17,United States
2474,Verra Mobility,VRRM,427071648,2.81,United States
2475,Summit Midstream,SMC,425086784,30.84,United States
2476,Acacia Research,ACTG,423526752,4.34,United States
2477,Star Group,SGU,422608480,12.88,United States
2478,Valhi,VHI,421702560,14.89,United States
2479,Caleres,CAL,421650816,12.22,United States
2480,Mayville Engineering Company,MEC,419225472,16.44,United States
2481,Strata Critical Medical,SRTA,418448000,4.73,United States
2482,Magnera,MAGN,418371232,11.67,United States
2483,Ur-Energy,URG,417756864,1.05,United States
2484,USCB Financial Holdings,USCB,416599296,22.55,United States
2485,Nathan's Famous,NATH,415541152,101.49,United States
2486,Alight,ALIT,415205056,8.85,United States
2487,Twin Disc,TWIN,414431776,28.505,United States
2488,Bed Bath &amp; Beyond,BBBY,414399584,4.35,United States
2489,Gladstone Land,LAND,412385632,9.56,United States
2490,Atea Pharmaceuticals,AVIR,411450112,5.13,United States
2491,Avidia Bancorp,AVBC,410806144,22.24,United States
2492,Montauk Renewables,MNTK,408519040,2.87,United States
2493,Barnes &amp; Noble Education,BNED,405926912,11.71,United States
2494,Investar Holding,ISTR,405182336,29.41,United States
2495,Turn Therapeutics,TTRX,404801504,13.33,United States
2496,ARS Pharmaceuticals,SPRY,404750720,4.07,United States
2497,Editas Medicine,EDIT,402379680,2.62,United States
2498,Fossil Group,FOSL,402138752,6.8,United States
2499,Claritev,CTEV,401993824,23.72,United States
2500,Serve Robotics,SERV,400155104,4.615,United States
2501,"Citi Trends, Inc.",CTRN,399542912,47.91,United States
2502,Eikon Therapeutics,EIKN,397029696,7.33,United States
2503,Acco Brands,ACCO,396922560,4.3,United States
2504,Xerox,XRX,396569824,3.02,United States
2505,Rimini Street,RMNI,395829408,4.24,United States
2506,Shoulder Innovations,SI,395768352,19.01,United States
2507,Chemung Financial Corporation,CHMG,395023200,81.93,United States
2508,MVB Financial,MVBF,394990240,30.46,United States
2509,Zura Bio,ZURA,393857760,4.11,United States
2510,AVITA Medical,RCEL,393389504,12.72,United States
2511,PCB Bancorp,PCB,393389312,28.01,United States
2512,First Carolina Financial Services,FCBM,393331648,12.66,United States
2513,Galectin Therapeutics,GALT,393313632,3.9,United States
2514,L.B. Foster,FSTR,392071584,37.27,United States
2515,Evolent Health,EVH,391185312,3.46,United States
2516,Vista Gold,VGZ,389743488,2.67,United States
2517,Transcontinental Realty Investors,TCI,389564064,44.4,United States
2518,DigiPowerX,DGXX,389363264,3.84,United States
2519,Bumble,BMBL,389170592,2.54,United States
2520,Community Healthcare Trust,CHCT,389147808,13.62,United States
2521,Citizens Financial Services,CZFS,389117280,80.9,United States
2522,Vital Farms,VITL,388959584,9.06,United States
2523,FRP Holdings,FRPH,388773216,20.28,United States
2524,Cooper Standard,CPS,387901824,21.83,United States
2525,Rezolute,RZLT,387856576,4.01,United States
2526,Primis Financial,FRST,387361504,15.62,United States
2527,Parke Bancorp,PKBK,386599520,32.87,United States
2528,First Bancorp,FNLC,385968832,34.21,United States
2529,Kyverna Therapeutics,KYTX,384666208,6.22,United States
2530,Relmada Therapeutics,RLMD,384011456,3.6,United States
2531,Oportun Financial,OPRT,383993568,8.35,United States
2532,Community Health Systems,CYH,383545472,2.72,United States
2533,Gloo Holdings,GLOO,381433888,4.12,United States
2534,Opus Genetics,IRD,381036864,4.58,United States
2535,Value Line,VALU,379974976,40.5,United States
2536,Dine Brands Global,DIN,378761760,29.92,United States
2537,Richtech Robotics,RR,378171232,1.68,United States
2538,Agenus,AGEN,377553600,8.36,United States
2539,Enanta Pharmaceuticals,ENTA,377465216,12.96,United States
2540,PowerFleet,AIOT,377174816,2.81,United States
2541,Boston Omaha,BOC,376739200,13.21,United States
2542,Orion Group Holdings,ORN,376606176,9.3,United States
2543,Genesco,GCO,376541280,34.8,United States
2544,"Suja Life, Inc.",SUJA,374662624,9.7,United States
2545,Simulations Plus,SLP,374159488,18.5,United States
2546,Oxford Industries,OXM,373408384,24.93,United States
2547,"NN, Inc.",NNBR,372437824,4.51,United States
2548,Arcturus Therapeutics,ARCT,370352576,13.03,United States
2549,Orthofix Medical,OFIX,370259424,9.09,United States
2550,J.Jill,JILL,369196352,24.84,United States
2551,Syntec Optics,OPTX,368158112,9.14,United States
2552,Movano,MOVE,367584000,11.65,United States
2553,Northeast Community Bancorp,NECB,366865472,26.65,United States
2554,Ranger Energy Services,RNGR,366475680,15.66,United States
2555,Cerence,CRNC,365912768,8.09,United States
2556,GigCapital9,GIX,365833600,10.01,United States
2557,NexPoint Real Estate Finance,NREF,364169728,15.81,United States
2558,Flexsteel Industries,FLXS,363428448,88.82,United States
2559,C4 Therapeutics,CCCC,362924160,2.95,United States
2560,Southern States Bancshares,SSBK,361068608,36.37,United States
2561,KKR Real Estate Finance Trust,KREF,360840160,6.16,United States
2562,Waterstone Financial,WSBF,358461952,19.94,United States
2563,Fennec Pharmaceuticals,FENC,357685024,10.2,United States
2564,Orchestra BioMed,OBIO,357625024,5.95,United States
2565,Advantage Solutions,ADV,354406432,27.64,United States
2566,Timberland Bancorp,TSBK,353715136,45.49,United States
2567,Ranpak,PACK,350751424,4.09,United States
2568,Rocky Brands,RCKY,349984416,46.74,United States
2569,Optimum Communications,OPTU,349315008,0.9158,United States
2570,Bakkt Holdings,BKKT,349288288,7.75,United States
2571,Stitch Fix,SFIX,348705600,2.61,United States
2572,FS Bancorp,FSBW,348529024,44.33,United States
2573,ON24,ONTF,348249024,8.1,United States
2574,Viemed Healthcare,VMD,347745536,9.13,United States
2575,International Money Express,IMXI,347735840,11.51,United States
2576,PureTech Health,PRTC.L,347500825,1.42759,United States
2577,Artesian Resources,ARTNA,347197792,33.62,United States
2578,LendingTree,TREE,345934784,24.64,United States
2579,Ocugen,OCGN,345892608,1.02,United States
2580,Energy Recovery,ERII,345573824,6.77,United States
2581,CION Investment Corporation,CION,344418944,7.0,United States
2582,Clean Energy Fuels,CLNE,343894208,1.56,United States
2583,Nano Dimension,NNDM,343667584,1.63,United States
2584,Avidbank Holdings,AVBH,343343584,31.26,United States
2585,Civeo,CVEO,342873600,33.17,United States
2586,NL Industries,NL,341313184,6.98,United States
2587,Ring Energy,REI,341306848,1.31,United States
2588,BayCom (United Business Bank),BCML,340598464,31.19,United States
2589,Verano Holdings,VRNOF,340106912,0.94,United States
2590,Innovative Aerosystems,IA,339905280,18.99,United States
2591,Quantum-Si,QSI,339270048,1.55,United States
2592,Cabaletta Bio,CABA,339090880,2.0,United States
2593,Alpine Income Property Trust,PINE,338735712,17.68,United States
2594,Lantronix,LTRX,337062880,7.19,United States
2595,Repay Holdings,RPAY,336864384,3.82,United States
2596,M-tron Industries,MPTI,335156768,77.11,United States
2597,Artiva Biotherapeutics,ARTV,333919520,6.83,United States
2598,ClearPoint Neuro,CLPT,332343584,10.895,United States
2599,Perma-Fix Environmental Services,PESI,330157568,15.56,United States
2600,8x8,EGHT,329312960,2.28,United States
2601,Kodiak AI,KDK,329013792,1.64,United States
2602,SES AI,SES,328477952,0.8847,United States
2603,CapsoVision,CV,328307904,6.17,United States
2604,Funko,FNKO,328135200,5.86,United States
2605,"Deep Fission, Inc.",FISN,328106080,5.57,United States
2606,Orion S.A.,OEC,327266432,5.79,United States
2607,John Marshall Bancorp,JMSB,324720192,23.01,United States
2608,Emergent BioSolutions,EBS,324560224,6.33,United States
2609,Cadiz Inc.,CDZI,324313184,3.83,United States
2610,PrimeEnergy Resources,PNRG,323894912,204.66,United States
2611,Gevo,GEVO,323880608,1.31,United States
2612,NewtekOne,NEWT,322931328,11.18,United States
2613,CoastalSouth Bancshares,COSO,322530944,26.98,United States
2614,LiveWire Group,LVWR,322497568,1.57,United States
2615,Camping World,CWH,321054624,5.03,United States
2616,FVCBankcorp,FVCB,320828512,17.79,United States
2617,Lifeway Foods,LWAY,320414080,21.21,United States
2618,Sanara MedTech,SMTI,320203008,34.85,United States
2619,Embecta,EMBC,320126752,5.65,United States
2620,C&amp;F Financial Corporation,CFFI,319641248,98.3,United States
2621,Clearwater Paper,CLW,319441248,19.81,United States
2622,Public Policy Holding Company,PPHC,318482240,10.54,United States
2623,Scribe Therapeutics,SCTX,317862912,16.79,United States
2624,"TWFG, Inc.",TWFG,316984992,24.61,United States
2625,Ribbon Communications,RBBN,316517344,1.77,United States
2626,Envela Corporation,ELA,315715872,12.16,United States
2627,Horizon Technology Finance,HRZN,315366336,4.62,United States
2628,Amtech Systems,ASYS,315320896,18.01,United States
2629,Perspective Therapeutics,CATX,315058592,2.76,United States
2630,Build-A-Bear Workshop,BBW,314882208,25.56,United States
2631,Benitec Biopharma,BNTC,313246880,8.98,United States
2632,Telos,TLS,313147168,4.19,United States
2633,American Battery Technology Company,ABAT,312245312,2.19,United States
2634,Maui Land &amp; Pineapple Company,MLP,311987328,15.71,United States
2635,BridgeBio Oncology Therapeutics,BBOT,311877888,3.89,United States
2636,Jakks Pacific,JAKK,310732064,27.15,United States
2637,Chain Bridge Bancorp,CBNA,310177088,47.27,United States
2638,Silvaco Group,SVCO,310054688,9.15,United States
2639,Presidio Production Company,FTW,309982720,9.84,United States
2640,Designer Brands,DBI,309807840,6.06,United States
2641,Larimar Therapeutics,LRMR,307493504,2.96,United States
2642,First Community Corporation,FCCO,307089184,32.67,United States
2643,NI Holdings,NODK,305866816,14.99,United States
2644,"Mobia Medical, Inc.",MOBI,305612256,9.18,United States
2645,Lands' End,LE,304009344,10.29,United States
2646,OPAL Fuels,OPAL,303960608,1.74,United States
2647,BioAge Labs,BIOA,303378560,6.61,United States
2648,The RMR Group,RMR,302832384,17.73,United States
2649,iHeartMedia,IHRT,300291008,1.94,United States
2650,Palmer Square Capital BDC,PSBD,299462432,9.77,United States
2651,RCM Technologies,RCMT,298722976,42.01,United States
2652,Princeton Bancorp,BPRN,297873152,43.72,United States
2653,Aimco,AIV,297748800,1.93,United States
2654,Friedman Industries,FRD,296301472,41.08,United States
2655,First Western Financial,MYFW,293832736,30.09,United States
2656,Regional Management Corp.,RM,293380256,31.8,United States
2657,Biodesix,BDSX,292476992,27.72,United States
2658,Alto Ingredients,ALTO,292433120,3.77,United States
2659,Standard BioTools,LAB,292353440,0.7447,United States
2660,Prelude Therapeutics,PRLD,292298272,3.67,United States
2661,ZipRecruiter,ZIP,291902880,3.55,United States
2662,Matrix Service Company,MTRX,290840928,10.28,United States
2663,Isabella Bank Corporation,ISBA,290812640,38.12,United States
2664,Lexeo Therapeutics,LXEO,289771168,3.53,United States
2665,"TSS, Inc.",TSSI,288963264,10.24,United States
2666,CPI Card Group,PMTS,288176672,24.86,United States
2667,Abeona Therapeutics,ABEO,287635616,5.03,United States
2668,AirJoule Technologies Corporation,AIRJ,287521792,3.92,United States
2669,Duos Technologies Group,DUOT,286714464,9.11,United States
2670,Seaport Entertainment Group,SEG,286677408,22.38,United States
2671,Ames National Corp.,ATLO,286619648,32.36,United States
2672,Gogo Inflight Internet,GOGO,285921568,2.11,United States
2673,Treace Medical Concepts,TMCI,285501664,4.39,United States
2674,ThredUp,TDUP,284994016,2.17,United States
2675,Alico,ALCO,284205088,38.31,United States
2676,Franklin Financial Services Corporation,FRAF,284193600,63.16,United States
2677,Holley,HLLY,283687872,2.34,United States
2678,QNB Corp.,QNBC,283206304,45.61,United States
2679,Hawthorn Bancshares,HWBK,282531296,38.63,United States
2680,loanDepot,LDI,282303616,0.6353,United States
2681,Richardson Electronics,RELL,282271488,18.99,United States
2682,Fulcrum Therapeutics,FULC,281536864,3.69,United States
2683,First United Corporation,FUNC,281516320,43.62,United States
2684,NexPoint Diversified Real Estate Trust,NXDT,281461952,5.3,United States
2685,Paysafe,PSFE,281441376,5.39,United States
2686,Rocket Pharmaceuticals,RCKT,281022976,2.56,United States
2687,X4 Pharmaceuticals,XFOR,280585280,2.83,United States
2688,EyePoint Pharmaceuticals,EYPT,280189440,3.25,United States
2689,Marine Products Corporation,MPX,280037408,8.18,United States
2690,Vanda Pharmaceuticals,VNDA,279942240,4.63,United States
2691,TrueBlue,TBI,279479072,9.18,United States
2692,Western New England Bancorp,WNEB,279239008,13.93,United States
2693,Inhibikase Therapeutics,IKT,279071808,2.0,United States
2694,GoPro,GPRO,278581088,1.35,United States
2695,Fate Therapeutics,FATE,277983584,2.32,United States
2696,Century Therapeutics,IPSC,277045248,1.53,United States
2697,Upstream Bio,UPB,276046048,5.04,United States
2698,Information Services Group,III,275956736,5.7,United States
2699,Runway Growth Finance,RWAY,274509888,6.55,United States
2700,MGP Ingredients,MGPI,273886016,12.79,United States
2701,USANA,USNA,273822240,14.82,United States
2702,Middlefield Banc,MBCN,273627936,33.67,United States
2703,NACCO Industries,NC,273567680,36.25,United States
2704,OraSure Technologies,OSUR,273460576,3.965,United States
2705,Medallion Financial Corp.,MFIN,273456544,11.91,United States
2706,National Bankshares,NKSH,271676384,42.66,United States
2707,CS Disco,LAW,271364608,4.18,United States
2708,SAB Biotherapeutics,SABS,271139392,2.98,United States
2709,Vogenx,VOGX,270808224,18.23,United States
2710,LCNB Corp.,LCNB,269989472,18.94,United States
2711,Commerce.com,CMRC,269291712,3.25,United States
2712,The Hackett Group,HCKT,268183456,10.78,United States
2713,Kingstone Companies,KINS,267808464,18.5,United States
2714,TriSalus Life Sciences,TLSI,266002288,4.32,United States
2715,Omega Flex,OFLX,265783504,26.33,United States
2716,Outdoor Holding Company,POWW,265779520,2.29,United States
2717,InfuSystem,INFU,265591216,13.16,United States
2718,Escalade Sports,ESCA,265134592,19.26,United States
2719,Saratoga Investment,SAR,265013488,16.48,United States
2720,Xperi,XPER,264830992,5.43,United States
2721,Aviat Networks,AVNW,264735824,20.68,United States
2722,Neighborhood Intelligence,NXH,263573600,2.76,United States
2723,Immuneering,IMRX,263318432,4.07,United States
2724,Palladyne AI,PDYN,262974272,5.33,United States
2725,Pure Cycle (water),PCYO,262661328,10.9,United States
2726,Strattec Security,STRT,262213872,65.8,United States
2727,Soluna Holdings,SLNH,261711936,1.07,United States
2728,fuboTV,FUBO,261569024,8.66,United States
2729,BCB Bancorp,BCBP,261390480,8.5,United States
2730,HireQuest,HQI,261278752,18.81,United States
2731,Slam Corp,SLMWF,261266432,11.14,United States
2732,Perma-Pipe International,PPIH,261098400,31.86,United States
2733,GBank Financial Holdings,GBFH,260280080,17.93,United States
2734,American Realty Investors,ARL,259078784,16.04,United States
2735,TechTarget,TTGT,258227584,3.57,United States
2736,Gencor Industries,GENC,257828976,17.59,United States
2737,Chicago Atlantic Real Estate Finance,REFI,257748736,10.06,United States
2738,Huuuge,HUG.WA,257471202,5.75392,United States
2739,Conduent,CNDT,256609312,1.65,United States
2740,PAMT Corp,PAMT,256333216,12.24,United States
2741,Pyxis Oncology,PYXS,255635792,2.14,United States
2742,Anika Therapeutics,ANIK,255614656,19.1,United States
2743,Virginia National Bankshares,VABK,255313776,47.06,United States
2744,Portillo's,PTLO,254540560,3.51,United States
2745,Sutro Biopharma,STRO,254520976,15.35,United States
2746,E. W. Scripps Company,SSP,253913040,2.74,United States
2747,Aeluma,ALMU,253411808,13.12,United States
2748,Vuzix,VUZI,251554416,2.98,United States
2749,OpGen,OPGN,251197920,24.75,United States
2750,Evommune,EVMN,251141424,6.92,United States
2751,CAMP4 Therapeutics,CAMP,251012800,4.0,United States
2752,Palisade Bio,PALI,250949616,1.44,United States
2753,Turtle Beach Corp,TBCH,250556864,13.99,United States
2754,BRT Apartments,BRT,249950576,13.3,United States
2755,ChargePoint,CHPT,249439504,9.29,United States
2756,Torrid Holding,CURV,249298576,2.5,United States
2757,Greenwich LifeSciences,GLSI,249235968,16.98,United States
2758,Nautilus Biotechnology,NAUT,249074560,1.96,United States
2759,EVI Industries,EVI,248426896,19.29,United States
2760,Cresco Labs,CRLBF,248060960,0.67,United States
2761,AIAI Holdings Corporation,AIAI,247959904,3.5,United States
2762,Microvast,MVST,247947840,0.6448,United States
2763,Lifecore Biomedical,LFCR,247904240,6.54,United States
2764,Richmond Mutual Bancorporation,RMBI,247621200,15.44,United States
2765,Zentalis Pharmaceuticals,ZNTL,247267216,2.52,United States
2766,Eagle Financial Services,EFSI,246317216,45.51,United States
2767,GrafTech,EAF,245892016,9.44,United States
2768,Immersion Corporation,IMMR,245392624,7.39,United States
2769,Q32 Bio,QTTB,245002688,8.23,United States
2770,Tredegar,TG,244824144,7.03,United States
2771,Angi Inc.,ANGI,244710512,6.05,United States
2772,Blend Labs,BLND,243608704,1.03,United States
2773,Acme United,ACU,243447760,63.5,United States
2774,SIGA Technologies,SIGA,242852032,3.38,United States
2775,Third Harmonic Bio,THRD,242787568,5.38,United States
2776,Invivyd,IVVD,242321168,0.8221,United States
2777,Silver Bow Mining,SBMT,242133696,8.2,United States
2778,First Internet Bancorp,INBK,241221328,27.62,United States
2779,Newegg,NEGG,240991248,11.49,United States
2780,Infinity Natural Resources,INR,240668576,12.91,United States
2781,AerSale,ASLE,240542896,5.04,United States
2782,Akebia Therapeutics,AKBA,239696896,0.865,United States
2783,U.S. Gold Corp,USAU,239169760,14.47,United States
2784,Jack in the Box,JACK,238782656,12.45,United States
2785,Security National Financial Corporation,SNFCA,236220592,9.07,United States
2786,Peoples Bancorp of North Carolina,PEBK,235575152,44.27,United States
2787,Lineage Cell Therapeutics,LCTX,235279808,0.9303,United States
2788,Utah Medical Products,UTMD,235275120,74.13,United States
2789,Dave & Buster's,PLAY,235106848,6.75,United States
2790,Community Bancorp,CMTV,234117696,41.8,United States
2791,Global Water Resources,GWRS,234106208,8.13,United States
2792,Xponential Fitness,XPOF,232729888,4.7,United States
2793,OP Bancorp (Open Bank),OPBK,231156880,15.48,United States
2794,SmartRent,SMRT,229934160,1.2,United States
2795,Alliance Entertainment,AENT,228798576,4.49,United States
2796,MacroGenics,MGNX,228046672,3.58,United States
2797,Spok Holdings,SPOK,227798512,10.89,United States
2798,Onity Group,ONIT,227744224,27.26,United States
2799,"AstroNova, Inc.",ALOT,227316416,28.99,United States
2800,RGC Resources,RGCO,227146320,21.8,United States
2801,Lyell Immunopharma,LYEL,226917600,9.26,United States
2802,Black Rifle Coffee Company (BRCC),BRCC,226510160,9.05,United States
2803,Smart Sand,SND,226410992,5.34,United States
2804,FutureFuel,FF,226334720,5.16,United States
2805,Meridian Corporation,MRBK,226294032,18.97,United States
2806,FreightCar America,RAIL,226259840,6.9,United States
2807,Keros Therapeutics,KROS,225236848,11.36,United States
2808,Lightbridge Corporation,LTBR,225163920,6.39,United States
2809,MBIA,MBI,224472352,4.4,United States
2810,Nu Skin,NUS,224399280,4.61,United States
2811,SEACOR Marine,SMHI,224388480,8.27,United States
2812,Better Home & Finance Holding Company,BETR,224133920,11.79,United States
2813,CF Bankshares,CFBK,223461920,34.42,United States
2814,Cartesian Therapeutics,RNAC,222679392,7.36,United States
2815,Niagen Bioscience,NAGE,222207680,2.79,United States
2816,Sionna Therapeutics,SION,221992880,4.91,United States
2817,Asure Software,ASUR,221793232,7.68,United States
2818,Kolibri Global Energy,KGEI,221368816,6.16,United States
2819,KinderCare Learning Companies,KLC,220441680,1.86,United States
2820,Hudson Technologies,HDSN,220123104,5.23,United States
2821,Swarmer,SWMR,219557696,15.36,United States
2822,Nature's Sunshine Products,NATR,219064224,12.45,United States
2823,HMH Holding,HMH,218754496,18.31,United States
2824,B&amp;G Foods,BGS,218631568,2.69,United States
2825,"QumulusAI, Inc.",QMLS,218484112,6.53,United States
2826,Quicklogic,QUIK,217431568,11.87,United States
2827,Limoneira,LMNR,217402768,11.99,United States
2828,Chicago Atlantic BDC,LIEN,216795600,9.5,United States
2829,CARGO Therapeutics,CRGX,216188416,4.47,United States
2830,One Stop Systems,OSS,215981520,8.66,United States
2831,AN2 Therapeutics,ANTX,215473904,5.71,United States
2832,Modiv Industrial,MDV,215101808,18.05,United States
2833,Forrester Research,FORR,213617584,11.22,United States
2834,Ares Commercial Real Estate,ACRE,212492656,3.83,United States
2835,PennantPark Investment,PNNT,212212320,3.25,United States
2836,LoveSac,LOVE,212024464,14.7,United States
2837,Alta Equipment Group,ALTG,211681328,6.48,United States
2838,Stellus Capital Investment Corporation,SCM,211036320,7.41,United States
2839,Whitehawk Therapeutics,WHWK,210933328,3.7,United States
2840,Ohio Valley Banc Corp,OVBC,210157808,44.61,United States
2841,RideNow Group,RDNW,209879664,5.38,United States
2842,Lifetime Brands,LCUT,209658176,9.12,United States
2843,Entrada Therapeutics,TRDA,209479280,5.38,United States
2844,DHI Group,DHX,208870368,4.81,United States
2845,AIRO Group Holdings,AIRO,207953488,6.59,United States
2846,Octave Specialty Group,OSG,207236848,4.6,United States
2847,American Well,AMWL,207018112,12.39,United States
2848,Superior Group of Companies,SGC,206968704,12.98,United States
2849,GCT Semiconductor,GCTS,206931888,2.25,United States
2850,Rare Earths Americas,REA,205739168,10.03,United States
2851,Rhinebeck Bancorp,RBKB,205612944,13.15,United States
2852,Pro-Dex,PDEX,205237616,64.07,United States
2853,Expensify,EXFY,205170000,2.25,United States
2854,Zumiez,ZUMZ,203743840,13.29,United States
2855,RCI Hospitality Holdings,RICK,203682944,26.62,United States
2856,Eledon Pharmaceuticals,ELDN,202340272,2.49,United States
2857,Alector,ALEC,202099024,1.81,United States
2858,Kaltura,KLTR,199842080,1.31,United States
2859,Motorcar Parts of America,MPAA,199366672,10.53,United States
2860,National CineMedia,NCMI,198488624,2.11,United States
2861,Core Molding Technologies,CMT,197127152,23.02,United States
2862,Neostellar Capital Corp.,NSLR,196960768,7.44,United States
2863,TON Strategy Co.,TONX,196606992,3.57,United States
2864,Franklin Covey,FC,195722816,17.33,United States
2865,RxSight,RXST,194656432,4.68,United States
2866,Crexendo,CXDO,191899008,5.92,United States
2867,Stoneridge,SRI,191673712,6.72,United States
2868,American Resources Corp,AREC,191478576,1.79,United States
2869,Landmark Bancorp,LARK,191312752,31.36,United States
2870,Tharimmune,THAR,187371472,4.74,United States
2871,Westwood Holdings Group,WHG,187141216,19.61,United States
2872,Ready Capital,RC,187027424,1.13,United States
2873,Journey Medical,DERM,186563264,6.61,United States
2874,United Security Bancshares,UBFO,185027760,10.51,United States
2875,Nkarta,NKTX,184433840,2.575,United States
2876,SB Financial Group,SBFG,183837968,29.4,United States
2877,Atomera,ATOM,183803232,4.71,United States
2878,Oramed Pharmaceuticals,ORMP,183758096,4.49,United States
2879,Sidus Space,SIDU,183217840,1.81,United States
2880,TPG Mortgage Investment Trust,MITT,183188032,5.76,United States
2881,Hanover Bancorp,HNVR,180901072,25.64,United States
2882,Amplify Energy,AMPY,180750112,4.36,United States
2883,NeoVolta,NEOV,179990400,3.05,United States
2884,BV Financial,BVFL,179830912,21.23,United States
2885,SITE Centers,SITC,179465664,3.42,United States
2886,Citizens Inc,CIA,179276608,3.54,United States
2887,Bassett Furniture,BSET,179256192,20.72,United States
2888,Coherus BioSciences,CHRS,179221104,1.16,United States
2889,ECB Bancorp,ECBK,178511248,20.43,United States
2890,MainStreet Bancshares,MNSB,177564032,24.935,United States
2891,Taylor Devices,TAYD,177545680,54.97,United States
2892,Precision BioSciences,DTIL,174165808,6.31,United States
2893,Epsilon Energy,EPSN,173828896,5.74,United States
2894,Claros Mortgage Trust,CMTG,173533584,1.23,United States
2895,Comstock Inc.,LODE,173081840,2.28,United States
2896,"Merlin, Inc.",MRLN,172825920,1.71,United States
2897,CuriosityStream,CURI,172673664,2.91,United States
2898,Quanterix,QTRX,172146752,3.64,United States
2899,DeFi Development,DFDV,171259152,5.25,United States
2900,Solana Company,HSDT,171225040,2.63,United States
2901,Organogenesis,ORGO,171137152,1.33,United States
2902,ACRES Commercial Realty,ACR,170830128,10.9,United States
2903,PEDEVCO,PED,170270688,12.81,United States
2904,Angel Oak Mortgage REIT,AOMR,169932896,7.32,United States
2905,Anavex Life Sciences,AVXL,168708256,1.82,United States
2906,ALX Oncology,ALXO,168697936,1.22,United States
2907,"Domo, Inc.",DOMO,166978368,3.55,United States
2908,Tingo Group,TIO,166947568,0.69,United States
2909,Unisys,UIS,166248368,2.28,United States
2910,"Belpointe PREP, LLC",OZ,165794944,40.9,United States
2911,Neuronetics,STIM,164586016,2.16,United States
2912,"1-800-Flowers.com, Inc.",FLWS,164313840,2.56,United States
2913,OneWater Marine,ONEW,163656368,9.82,United States
2914,Greenland Energy Company,GLND,163113616,3.73,United States
2915,KORE Group,KORE,163005168,9.25,United States
2916,BRC Group Holdings,RILY,162882784,4.86,United States
2917,Jeld-Wen,JELD,162826000,1.89,United States
2918,Quipt Home Medical,QIPT,162297152,3.65,United States
2919,5E Advanced Materials,FEAM,161591808,3.88,United States
2920,OptimizeRx,OPRX,161424096,8.57,United States
2921,SKYX Platforms,SKYX,159808560,1.18,United States
2922,Protara Therapeutics,TARA,159557824,2.7,United States
2923,Inogen,INGN,158433856,5.97,United States
2924,Ellington Credit Company,EARN,158379008,4.03,United States
2925,PepGen,PEPG,157911696,2.28,United States
2926,inTEST Corporation,INTT,157757168,12.3,United States
2927,Minerva Neurosciences,NERV,156612000,3.28,United States
2928,Elme Communities,ELME,156389872,1.76,United States
2929,FinWise Bancorp,FINW,155069536,11.17,United States
2930,Compass Therapeutics,CMPX,154281328,0.8567,United States
2931,eGain,EGAN,153626512,5.87,United States
2932,Seven Hills Realty Trust,SEVN,152932096,6.75,United States
2933,Tonix Pharmaceuticals,TNXP,152815616,8.91,United States
2934,Assertio Holdings,ASRT,151861232,23.5,United States
2935,Voyager Therapeutics,VYGR,150963968,2.45,United States
2936,Red Robin,RRGB,150284832,7.95,United States
2937,WhiteHorse Finance,WHF,149905776,6.98,United States
2938,Lee Enterprises,LEE,149579616,6.71,United States
2939,Duluth Holdings,DLTH,149359648,3.93,United States
2940,Codexis,CDXS,148927840,1.36,United States
2941,The Eastern Company,EML,148092112,24.61,United States
2942,"Owlet, Inc.",OWLT,147861680,5.06,United States
2943,Stratus Properties,STRS,147680368,18.5,United States
2944,Acumen Pharmaceuticals,ABOS,147527264,2.04,United States
2945,ReposiTrak,TRAK,147247744,8.09,United States
2946,Vera Bradley,VRA,146599072,5.11,United States
2947,Datavault AI,DVLT,146353168,0.1541,United States
2948,KLX Energy Services,KLXE,145006496,1.38,United States
2949,Humacyte,HUMA,144871712,0.5215,United States
2950,Outlook Therapeutics,OTLK,144364400,0.593,United States
2951,Hurco Companies,HURC,144357216,22.29,United States
2952,Lake Shore Bancorp,LSBK,144352624,18.38,United States
2953,Digimarc,DMRC,143408160,6.36,United States
2954,Korro Bio,KRRO,141955232,9.64,United States
2955,Beyond Meat,BYND,141850208,8.25,United States
2956,Douglas Elliman,DOUG,140880224,1.55,United States
2957,Hooker Furnishings,HOFT,140816240,13.17,United States
2958,Shutterstock,SSTK,140770672,3.81,United States
2959,Affinity Bancshares,AFBI,140182352,23.0,United States
2960,Tillys,TLYS,140089664,4.58,United States
2961,NCS Multistage,NCSM,140018304,53.35,United States
2962,Streamex Corp.,STEX,138095360,0.6123,United States
2963,Skillz,SKLZ,137970800,8.84,United States
2964,Oxford Square Capital,OXSQ,137865952,1.28,United States
2965,Orion Properties,ONL,137477760,2.41,United States
2966,First Guaranty Bancshares,FGBI,137439872,8.31,United States
2967,KORU Medical Systems,KRMD,136668832,2.96,United States
2968,Vince Holding,VNCE,135919872,10.5,United States
2969,PMV Pharmaceuticals,PMVP,135168368,1.79,United States
2970,1stdibs.com,DIBS,135133472,4.02,United States
2971,Mammoth Energy Services,TUSK,134757232,2.8,United States
2972,Atrium Therapeutics,RNA,134108248,7.84,United States
2973,RGP (Resources Connection),RGP,133985704,3.89,United States
2974,Clipper Realty,CLPR,133371376,3.14,United States
2975,Team Inc,TISI,132454736,28.9,United States
2976,LifeMD,LFMD,132220992,2.74,United States
2977,Clarus,CLAR,132094144,3.45,United States
2978,Health Catalyst,HCAT,131698672,1.75,United States
2979,Spruce Biosciences,SPRB,131371128,45.71,United States
2980,Medifast,MED,131149640,11.73,United States
2981,Armata Pharmaceuticals,ARMP,130880568,3.52,United States
2982,Shimmick,SHIM,130207848,3.15,United States
2983,Surf Air Mobility,SRFM,129128960,0.972,United States
2984,AirSculpt Technologies,AIRS,127608520,1.77,United States
2985,flyExclusive,FLYX,127602176,1.25,United States
2986,KVH Industries,KVHI,127168144,7.01,United States
2987,Wheels Up,UP,126965440,3.5,United States
2988,Tenaya Therapeutics,TNYA,126488160,0.5641,United States
2989,NRx Pharmaceuticals,NRXP,125774208,2.905,United States
2990,Magyar Bancorp,MGYR,124685728,19.315,United States
2991,PLBY Group (Playboy),PLBY,124599992,1.04,United States
2992,Seer Inc,SEER,124587040,2.25,United States
2993,Orion Energy Systems,OESX,124477872,30.44,United States
2994,Aemetis,AMTX,124131704,1.72,United States
2995,NET Power,NPWR,122988144,1.39,United States
2996,Legacy Education,LGCY,122750816,9.58,United States
2997,KULR Technology Group,KULR,122642856,2.65,United States
2998,Braemar Hotels &amp; Resorts,BHR,121886032,1.66,United States
2999,Unifi,UFI,121570984,6.54,United States
3000,vTv Therapeutics,VTVT,120871576,30.57,United States
3001,Commercial Vehicle Group (CVG),CVGI,120272736,2.96,United States
3002,Fonar Corporation,FONR,120195888,19.09,United States
3003,Foghorn Therapeutics,FHTX,119958336,2.02,United States
3004,Inovio Pharmaceuticals,INO,119941120,1.16,United States
3005,Lucid Diagnostics,LUCD,119782144,0.6273,United States
3006,ALT5 Sigma,ALTS,119560224,0.855,United States
3007,Riverview Bancorp,RVSB,119519576,5.99,United States
3008,a.k.a. Brands,AKA,119252992,10.85,United States
3009,DMC Global,BOOM,119137504,5.8,United States
3010,Sound Financial Bancorp,SFBC,118669264,46.21,United States
3011,Corbus Pharmaceuticals,CRBP,118562120,6.13,United States
3012,Stereotaxis,STXS,118238560,1.18,United States
3013,Smith-Midland Corporation,SMID,117709208,22.19,United States
3014,Genelux,GNLX,115828056,2.56,United States
3015,Provident Financial Holdings,PROV,114143768,18.31,United States
3016,Rani Therapeutics,RANI,113933232,0.8108,United States
3017,Union Bankshares,UNB,113903344,23.03,United States
3018,Coya Therapeutics,COYA,112832248,4.81,United States
3019,Ascend Wellness (AWH),AAWH,112783096,0.555,United States
3020,Insight Molecular Diagnostics,IMDX,112571536,3.44,United States
3021,LENZ Therapeutics,LENZ,112484832,3.58,United States
3022,Waldencast,WALD,111865064,0.8794,United States
3023,Vivani Medical,VANI,110950136,1.23,United States
3024,MaxCyte,MXCT,110430648,1.07,United States
3025,"SoundThinking 
 (ShotSpotter)",SSTI,110293464,8.33,United States
3026,Pathfinder Bancorp,PBHC,109436752,17.43,United States
3027,Aardvark Therapeutics,AARD,109205376,4.99,United States
3028,Immunic,IMUX,108609960,7.96,United States
3029,Ultralife Corporation,ULBI,108477888,6.51,United States
3030,Apyx Medical,APYX,107416256,2.55,United States
3031,New Fortress Energy,NFE,107233016,6.57,United States
3032,Vaxart,VXRT,107228248,0.44,United States
3033,Greenland Mines,GRML,105175400,7.88,United States
3034,HilleVax,HLVX,104762376,2.09,United States
3035,Oconee Federal Financial,OFED,104747792,18.0,United States
3036,OnKure Therapeutics,OKUR,103412424,2.56,United States
3037,The Joint Corp.,JYNT,102962168,7.28,United States
3038,Virco Manufacturing,VIRC,102622440,6.51,United States
3039,Anixa Biosciences,ANIX,102553208,2.95,United States
3040,INNOVATE Corp.,VATE,102313992,7.5,United States
3041,Lakeland Industries,LAKE,101994928,10.27,United States
3042,Seritage Growth Properties,SRG,101947536,1.81,United States
3043,Broadwind,BWEN,100543832,4.25,United States
3044,Proficient Auto Logistics,PAL,99868408,3.56,United States
3045,Definitive Healthcare,DH,99624840,0.9333,United States
3046,ReneSola,SOL,99563952,1.94,United States
3047,Cherry Hill Mortgage Investment,CHMI,98944840,2.64,United States
3048,Kewaunee Scientific Corporation,KEQU,98905056,34.16,United States
3049,Polaryx Therapeutics,PLYX,98474056,2.08,United States
3050,Sono-Tek Corporation,SOTK,97443680,6.2,United States
3051,Buzzfeed,BZFD,97274560,1.11,United States
3052,SunPower,SPWR,96090112,0.3,United States
3053,Upexi,UPXI,96059888,1.17,United States
3054,Zomedica Pharmaceuticals,ZOM,95349136,0.0973,United States
3055,Atara Biotherapeutics,ATRA,95157488,9.48,United States
3056,Hyperfine,HYPR,94786304,0.8938,United States
3057,Logistic Properties of the Americas,LPA,94778920,2.99,United States
3058,First Northwest Bancorp,FNWB,94640568,9.95,United States
3059,Park Dental Partners,PARK,94344792,19.84,United States
3060,GrowGeneration,GRWG,94342720,1.57,United States
3061,Fluent,FLNT,94189120,2.98,United States
3062,Neumora Therapeutics,NMRA,93929168,0.4999,United States
3063,Cullman Bancorp,CULL,93898888,17.0,United States
3064,Interlink Electronics,LINK,93732784,5.95,United States
3065,Marpai,MRAI,92026336,3.43,United States
3066,U.S. GoldMining,USGO,91513000,6.52,United States
3067,electroCore,ECOR,91421080,10.14,United States
3068,Inspired Entertainment,INSE,91331760,3.465,United States
3069,Wrap Technologies,WRAP,90811424,1.47,United States
3070,Rallybio,RLYB,90738936,17.08,United States
3071,HF Foods Group,HFFG,90632592,1.63,United States
3072,Stabilis Solutions,SLNG,90563976,4.87,United States
3073,Siebert Financial,SIEB,90070064,2.2,United States
3074,Exascale Labs Holdings,XLAB,90068704,1.4,United States
3075,Golden Matrix Group,GMGI,89996768,0.6372,United States
3076,MediaCo Holding,MDIA,89901248,1.07,United States
3077,Equillium,EQ,89405392,1.41,United States
3078,the Marygold Companies,MGLD,87785984,2.03,United States
3079,MediciNova,MNOV,87613824,1.78,United States
3080,Conexeu Sciences,CNXU,87440760,3.1,United States
3081,Zevia,ZVIA,87285184,1.21,United States
3082,AudioEye,AEYE,86982144,6.92,United States
3083,PhenixFIN,PFX,86665872,44.875,United States
3084,Velo3D,VLDX,86513896,6.15,United States
3085,BCP Investment Corporation,BCIC,85323360,6.89,United States
3086,Martin Midstream Partners,MMLP,85291824,2.18,United States
3087,Acrivon Therapeutics,ACRV,85278184,1.99,United States
3088,Arq Inc.,ARQ,84716864,1.94,United States
3089,Smith Douglas Homes,SDHC,84596240,10.08,United States
3090,Usio,USIO,83491568,2.93,United States
3091,Townsquare Media,TSQ,82953968,4.55,United States
3092,LENSAR,LNSR,82929592,6.75,United States
3093,Summit State Bank,SSBI,82451216,12.185,United States
3094,Sera Prognostics,SERA,82449376,2.09,United States
3095,Jushi Holdings,JUSHF,82261016,0.41193,United States
3096,SkinHealth Systems,SKIN,81988680,0.63,United States
3097,Chegg,CHGG,81938280,0.738,United States
3098,Hennessy Advisors,HNNA,81494472,10.31,United States
3099,Momentus Inc.,MNTS,81484216,3.71,United States
3100,Blink Charging,BLNK,81267144,0.5607,United States
3101,Telomir Pharmaceuticals,TELO,81154448,1.18,United States
3102,Inseego,INSG,81063552,4.61,United States
3103,Silvercrest Asset Management Group,SAMG,80966392,10.54,United States
3104,Drilling Tools International,DTI,80796288,2.29,United States
3105,"Air T, Inc.",AIRT,80355968,29.8,United States
3106,Rafael Holdings,RFL,80079992,1.54,United States
3107,Noodles &amp; Company,NDLS,79953240,13.4,United States
3108,Ispire Technology,ISPR,79701168,1.38,United States
3109,Venu Holding Corporation,VENU,79121760,1.4,United States
3110,LanzaTech Global,LNZA,79058544,6.04,United States
3111,Advanced Flower Capital,AFCG,78640648,3.5,United States
3112,Blackboxstocks,BLBX,78138184,18.15,United States
3113,Microbot Medical,MBOT,77911168,1.16,United States
3114,Pulmonx,LUNG,77294088,1.83,United States
3115,Steel Connect,STCN,77168096,12.18,United States
3116,Tile Shop Holdings,TTSH,77159384,1.95,United States
3117,Home Federal Bancorp (HFB Bank),HFBL,76931632,25.385,United States
3118,Lifevantage,LFVN,76417928,6.07,United States
3119,Veritone,VERI,76129632,0.7491,United States
3120,OS Therapies,OSTX,75824480,1.62,United States
3121,Verrica Pharmaceuticals,VRCA,75243096,4.38,United States
3122,Saluda Medical,SLD.AX,74459734,0.292276,United States
3123,Outset Medical,OM,74436768,3.96,United States
3124,Energous,WATT,73731128,13.34,United States
3125,SelectQuote,SLQT,73658680,0.4109,United States
3126,MAIA Biotechnology,MAIA,73472920,1.19,United States
3127,Northern Technologies International,NTIC,73088408,7.7,United States
3128,Universal Electronics,UEIC,73058304,5.67,United States
3129,Airship AI,AISP,73011864,2.12,United States
3130,Regis Corporation,RGS,72629560,29.05,United States
3131,Research Solutions,RSSS,72589736,2.15,United States
3132,Atlas Lithium,ATLX,72540528,2.41,United States
3133,Charlotte's Web,CWEB.TO,72335777,0.266635,United States
3134,AMC Robotics Corporation,AMCI,71907880,3.01,United States
3135,United Homes Group,UHG,71769208,1.22,United States
3136,Elite Express,ETS,71725512,1.61,United States
3137,PodcastOne,PODC,71093832,2.35,United States
3138,Aldeyra Therapeutics,ALDX,70581912,1.17,United States
3139,NSTS Bancorp,NSTS,70127400,14.26,United States
3140,CarParts.com,PRTS,69892224,8.63,United States
3141,Great Elm Capital,GECC,69726544,5.02,United States
3142,Spero Therapeutics,SPRO,69299448,1.19,United States
3143,Cable One,CABO,69278624,12.21,United States
3144,Cingulate,CING,69219096,4.76,United States
3145,Rein Therapeutics,RNTX,69074016,0.8007,United States
3146,TTEC,TTEC,68028400,1.38,United States
3147,Forian,FORA,67792720,2.17,United States
3148,Aptera Motors,SEV,67743280,1.655,United States
3149,Great Elm Group,GEG,67731136,2.16,United States
3150,Fortress Biotech,FBIO,67702512,2.03,United States
3151,Thryv,THRY,67547448,1.52,United States
3152,CleanCore Solutions,ZONE,66962068,0.1316,United States
3153,XBiotech,XBIT,66768136,2.19,United States
3154,Ideal Power,IPWR,66560356,4.05,United States
3155,Genasys,GNSS,66035912,1.45,United States
3156,Heron Therapeutics,HRTX,65992664,0.3476,United States
3157,AMCON Distributing Company,DIT,65942812,67.56,United States
3158,Tigo Energy,TYGO,65822248,0.8671,United States
3159,Gossamer Bio,GOSS,65506548,10.71,United States
3160,Hour Loop,HOUR,65471664,1.86,United States
3161,Westwater Resources,WWR,65426640,0.5089,United States
3162,Fractyl Health,GUTS,64722524,0.4066,United States
3163,Myomo,MYO,64560804,1.63,United States
3164,Comscore,SCOR,64381540,4.24,United States
3165,Off the Hook YS Inc,OTH,64247460,2.57,United States
3166,Pliant Therapeutics,PLRX,64089160,1.035,United States
3167,MiNK Therapeutics,INKT,63481344,12.44,United States
3168,Where Food Comes From,WFCF,63391108,12.73,United States
3169,BranchOut Food,BOF,63250260,3.89,United States
3170,MindWalk Holdings,HYFT,63129636,1.34,United States
3171,WM Technology,MAPS,62695868,0.36,United States
3172,Geospace Technologies,GEOS,62090896,4.8,United States
3173,Adicet Bio,ACET,60849684,6.5,United States
3174,Airgain,AIRG,60392080,4.61,United States
3175,AgEagle Aerial Systems,UAVS,60200760,0.957,United States
3176,"FreeCast, Inc.",CAST,59929148,1.18,United States
3177,The InterGroup Corporation,INTG,59887392,27.87,United States
3178,Castellum,CTM,59674296,0.6296,United States
3179,Boundless Bio,BOLD,59599716,2.62,United States
3180,Playstudios,MYPS,59460076,4.95,United States
3181,iLearningEngines,AILE,59292656,0.42,United States
3182,Battalion Oil,BATL,59000620,1.03,United States
3183,Talphera,TLPH,58653548,1.13,United States
3184,First Breach Inc.,FBDT,58565008,1.05,United States
3185,Marchex,MCHX,57195872,1.29,United States
3186,Identiv,INVE,56954016,2.35,United States
3187,Hyperion DeFi,HYPD,56704796,3.73,United States
3188,Idaho Copper Corporation,COPR,56669672,3.2,United States
3189,MarketWise,MKTW,56161420,20.11,United States
3190,iBio,IBIO,55888380,1.125,United States
3191,Global Self Storage,SELF,55393884,4.85,United States
3192,Teads,TEAD,54818424,0.559,United States
3193,374Water,SCWO,54571932,3.08,United States
3194,Allied Esports,AESE,54324936,1.3899,United States
3195,Solitario Resources,XPL,54254200,0.573,United States
3196,PDS Biotechnology,PDSB,54246944,0.7485,United States
3197,tinyBuild,8Z3.F,54013702,0.137341,United States
3198,Saga Communications,SGA,53852160,8.47,United States
3199,eXoZymes,EXOZ,53688124,5.77,United States
3200,INmune Bio,INMB,53564808,1.93,United States
3201,TechPrecision,TPCS,53503620,5.28,United States
3202,The Arena Group,AREN,53323932,1.12,United States
3203,Travelzoo,TZOO,53154176,5.21,United States
3204,GEN Restaurant Group,GENK,53073036,1.61,United States
3205,Rent the Runway,RENT,52591220,1.55,United States
3206,BG Staffing,BGSF,52544444,4.92,United States
3207,AEye,LIDR,52272828,1.12,United States
3208,ImageneBio,IMA,52216696,4.6,United States
3209,Luna Innovations,LUNA,52045528,1.5,United States
3210,Skillsoft,SKIL,51963536,5.71,United States
3211,Celularity,CELU,51919628,1.6,United States
3212,Greenidge Generation Holdings,GREE,51500392,2.84,United States
3213,TELA Bio,TELA,51463484,1.14,United States
3214,BBX Capital Corporation,BBXIA,51405964,3.718,United States
3215,American Vanguard,AVD,51331100,1.74,United States
3216,Rekor Systems,REKR,51118196,0.3714,United States
3217,SCYNEXIS,SCYX,50941996,5.12,United States
3218,Full House Resorts,FLL,50935828,1.39,United States
3219,Laser Photonics,LASE,50532324,0.8329,United States
3220,Annovis Bio,ANVS,50361288,1.18,United States
3221,GenFlat Holdings,GFLT,49930940,3.81,United States
3222,Serina Therapeutics,SER,49784928,1.96,United States
3223,TransAct Technologies,TACT,49660704,4.81,United States
3224,"Culp, Inc.",CULP,49540412,3.89,United States
3225,The ONE Group Hospitality,STKS,49434876,1.56,United States
3226,Sensus Healthcare,SRTS,49056936,2.98,United States
3227,Instil Bio,TIL,48965872,7.22,United States
3228,Verde Clean Fuels,VGAS,48559092,1.09,United States
3229,Xtant Medical,XTNT,47852228,0.3411,United States
3230,Cato Fashion,CATO,47788676,2.4,United States
3231,Hain Celestial,HAIN,47239280,0.5191,United States
3232,Vroom,VRM,47024872,9.03,United States
3233,"Xos, Inc.",XOS,46918912,3.3,United States
3234,Rapid Micro Biosystems,RPID,46146792,0.92,United States
3235,Intellicheck,IDN,46005508,2.27,United States
3236,CervoMed,CRVO,45659668,3.02,United States
3237,LeonaBio,LONA,45412416,4.82,United States
3238,MicroVision,MVIS,45271500,1.48,United States
3239,Solidion Technology,STI,45202812,5.31,United States
3240,Werewolf Therapeutics,HOWL,45107040,0.9281,United States
3241,Reading International,RDI,44979104,1.965,United States
3242,Filana Therapeutics,FLNA,44969820,0.9309,United States
3243,Heritage Global,HGBL,44684880,1.29,United States
3244,Grove Collaborative,GROV,44409088,1.04,United States
3245,The Children's Place,PLCE,44251764,1.99,United States
3246,Sportsman's Warehouse,SPWH,44229856,1.13,United States
3247,Abundia Global Impact Group,AGIG,44022820,1.0,United States
3248,Sachem Capital,SACH,43969600,0.9169,United States
3249,Devolver Digital,DEVO.L,43929811,0.0910451,United States
3250,Grace Therapeutics,GRCE,43544372,2.07,United States
3251,Manhattan Bridge Capital,LOAN,43145800,3.775,United States
3252,Veru,VERU,42796304,2.51,United States
3253,IZEA Worldwide,IZEA,42669900,2.45,United States
3254,Pixelworks,PXLW,42527236,7.03,United States
3255,Prairie Operating,PROP,42400772,0.3759,United States
3256,"RYTHM, Inc.",RYM,42122908,19.6,United States
3257,AXIL Brands,AXIL,42095944,6.17,United States
3258,Ekso Bionics,EKSO,42047896,11.8,United States
3259,Precipio,PRPO,41407048,23.13,United States
3260,CVRx,CVRX,41294472,1.55,United States
3261,"Stem, Inc",STEM,41009932,4.26,United States
3262,Phunware,PHUN,40925352,2.0,United States
3263,Plutus Financial Group,PLUT,40677500,2.65,United States
3264,Cel-Sci,CVM,40630560,2.31,United States
3265,Massimo Motor,MAMO,40350080,0.969,United States
3266,Allbirds,BIRD,39737936,3.365,United States
3267,Vivid Seats,SEAT,39569008,3.52,United States
3268,Comtech Telecommunications,CMTL,39549092,1.32,United States
3269,Lulu's Fashion Lounge,LVLU,39168296,13.64,United States
3270,Odyssey Marine Exploration,OMEX,38887356,0.6639,United States
3271,Accendra Health,ACH,38852260,0.5052,United States
3272,Laird Superfood,LSF,38727380,3.46,United States
3273,Metagenomi,MGX,38532644,1.02,United States
3274,LivePerson,LPSN,38245620,3.1,United States
3275,Harvard Bioscience,HBIO,37966224,8.34,United States
3276,Planet13,PLTH.CN,37645414,0.112267,United States
3277,Elauwit Connection,ELWT,36872264,5.57,United States
3278,Actinium Pharmaceuticals,ATNM,36786480,1.17,United States
3279,Pioneer Power Solutions,PPSI,36738568,3.31,United States
3280,Granite Point Mortgage Trust,GPMT,36664344,0.7607,United States
3281,Enzo Biochem,ENZB,36587800,0.69887,United States
3282,DocGo,DCGO,36554032,0.3695,United States
3283,Koss,KOSS,36540448,3.86,United States
3284,Southland Holdings,SLND,36471624,0.67,United States
3285,LiveOne,LVO,36062008,2.63,United States
3286,The Beachbody Company,BODI,35840900,4.92,United States
3287,Gaia,GAIA,35341852,1.39,United States
3288,U.S. Global Investors,GROW,35172840,2.86,United States
3289,Getty Images,GETY,34902432,0.0829,United States
3290,Kartoon Studios,TOON,34896500,0.561,United States
3291,Rockwell Medical,RMTI,34863520,8.65,United States
3292,NOMADAR,NOMA,34588964,1.945,United States
3293,Elutia,ELUT,34488024,0.7787,United States
3294,LianBio,LIAN,34472096,0.319,United States
3295,Franklin Street Properties,FSP,34323868,0.33,United States
3296,Milestone Scientific,MLSS,34250984,0.378,United States
3297,Harte Hanks,HHS,33991332,4.56,United States
3298,Accuray,ARAY,33562444,0.281,United States
3299,Rave Restaurant Group,RAVE,32828718,2.31,United States
3300,NanoViricides,NNVC,32672000,1.28,United States
3301,Workhorse Group,WKHS,32457898,2.97,United States
3302,BeyondSpring,BYSI,32373634,0.7873,United States
3303,Cryo-Cell International,CCEL,32169974,3.99,United States
3304,Salem Media Group,SALM,31670764,1.0,United States
3305,VirTra,VTSI,31581750,2.79,United States
3306,Latch,LTCH,31474680,0.19,United States
3307,Enviva,EVA,31273630,0.4198,United States
3308,Sangamo Therapeutics,SGMO,30657374,0.074,United States
3309,Spruce Power,SPRU,30418454,1.58,United States
3310,Seres Therapeutics,MCRB,29531656,2.94,United States
3311,PetMed Express,PETS,29483324,1.36,United States
3312,Century Casinos,CNTY,29263198,1.04,United States
3313,Quest Resource Holding,QRHC,28897212,1.37,United States
3314,Scilex Holding,SCLX,28561032,4.06,United States
3315,Context Therapeutics,CNTX,28454982,0.3097,United States
3316,IGC Pharma,IGC,28420262,0.2749,United States
3317,Katapult Holdings,KPLT,28342708,5.7,United States
3318,aTyr Pharma,ATYR,28170708,0.2872,United States
3319,Farmer Brothers,FARM,28089448,1.28,United States
3320,MariMed,MRMD,27858094,0.069,United States
3321,Old Market Capital Corporation,OMCC,27270148,4.0,United States
3322,Zeo Energy,ZEO,26699814,0.2932,United States
3323,Crown Crafts,CRWS,26685512,2.48,United States
3324,Zoom Telephonics,MINM,26534076,3.61,United States
3325,Lument Finance Trust,LFT,26387158,5.02,United States
3326,BioLargo,BLGO,26298508,0.08,United States
3327,Hoth Therapeutics,HOTH,26013596,1.36,United States
3328,Local Bounti,LOCL,25602760,1.095,United States
3329,Beam Global,BEEM,25575646,1.13,United States
3330,Kyntra Bio,KYNB,25549972,6.31,United States
3331,HeartBeam,BEAT,24489350,0.4346,United States
3332,SPI Energy,SPI,24207974,0.766,United States
3333,Destination XL,DXLG,24077932,0.4342,United States
3334,TherapeuticsMD,TXMD,23727442,2.05,United States
3335,Atossa Therapeutics,ATOS,23351556,2.34,United States
3336,Live Ventures,LIVE,23341822,7.5991,United States
3337,GEE Group,JOB,23303572,0.2121,United States
3338,VIDA Global Inc.,VIDA,23186862,1.59,United States
3339,PAVmed,PAVM,22948284,2.87,United States
3340,PermRock Royalty Trust,PRT,22870360,1.8799,United States
3341,Beasley Broadcast Group,BBGI,22744480,11.08,United States
3342,Ascent Solar Technologies,ASTI,22675956,2.31,United States
3343,Aytu BioScience,AYTU,22494084,2.07,United States
3344,Motorsport Gaming,MSGM,22301578,4.86,United States
3345,Cocrystal Pharma,COCP,22056364,1.145,United States
3346,180 Life Sciences,ATNF,21620372,3.58,United States
3347,Greenland Technologies,GTEC,21503474,0.8101,United States
3348,Quoin Pharmaceuticals,QNRX,21474598,4.47,United States
3349,eHealth,EHTH,21461878,0.67,United States
3350,System1,SST,21249770,2.44,United States
3351,TScan Therapeutics,TCRX,20944936,0.3205,United States
3352,Retractable Technologies,RVP,20866202,0.697,United States
3353,HeartSciences Inc.,HSCS,20828814,4.3,United States
3354,SeaStar Medical,ICU,20668084,4.69,United States
3355,Avant Technologies Inc.,AVAI,19393486,0.126,United States
3356,SPAR Group,SGRP,19027036,0.67,United States
3357,Energy Focus,EFOI,19012128,2.985,United States
3358,Jasper Therapeutics,JSPR,18806780,0.5652,United States
3359,Reborn Coffee,REBN,18791866,2.18,United States
3360,Neuphoria Therapeutics,NEUP,18777330,3.47,United States
3361,Exyn Technologies,EXYN,18612258,2.34,United States
3362,T Stamp Inc. (TrustStamp),IDAI,18327696,3.25,United States
3363,Karyopharm Therapeutics,KPTI,18195068,0.8022,United States
3364,Urban One,UONE,17979432,3.98,United States
3365,Knightscope,KSCP,17749194,0.7515,United States
3366,Bionano Genomics,BNGO,17429960,1.48,United States
3367,Femasys,FEMY,17168804,2.05,United States
3368,Lipocine,LPCN,16900718,2.05,United States
3369,Know Labs,KNW,16795408,2.24,United States
3370,Camber Energy,CEI,16771320,0.0954,United States
3371,Palatin Technologies,PTN,16616161,9.33,United States
3372,Dare Bioscience,DARE,16577104,0.8428,United States
3373,FingerMotion,FNGR,16186567,0.248,United States
3374,Super League Enterprise,SLE,15945040,5.3,United States
3375,Psychemedics,PMD,15738209,2.67,United States
3376,Offerpad,OPAD,15730599,3.255,United States
3377,Cyclerion Therapeutics,CYCN,15729330,23.52,United States
3378,Ashford Hospitality Trust,AHT,15265845,2.28,United States
3379,SUNation Energy Inc.,SUNE,15240672,2.34,United States
3380,Mobix Labs,MOBX,15126392,0.8426,United States
3381,Biofrontera,BFRI,15075144,1.015,United States
3382,FGI Industries,FGI,14986663,7.76,United States
3383,Cardlytics,CDLX,14898451,2.53,United States
3384,Smith Micro Software,SMSI,14813183,2.65,United States
3385,Office Properties Income Trust,OPI,14795239,0.2,United States
3386,SINTX Technologies,SINT,14728620,2.21,United States
3387,Citius Pharmaceuticals,CTXR,14593786,0.5316,United States
3388,The Cannabist Company,CBSTF,14475953,0.0291,United States
3389,The Glimpse Group,VRAR,14332026,0.68,United States
3390,HOOKIPA Pharma,HOOK,14232977,1.15,United States
3391,Astrotech,ASTC,14183893,7.06,United States
3392,Barfresh Food Group,BRFH,13927178,0.854,United States
3393,AEON Biopharma,AEON,13917300,0.279,United States
3394,Flux Power,FLUX,13837851,0.64,United States
3395,Tempest Therapeutics,TPST,13700980,0.8112,United States
3396,Synlogic,SYBX,13596335,1.11,United States
3397,Austin Gold,AUST,13556071,0.99,United States
3398,Dolphin Entertainment,DLPN,13424846,1.03,United States
3399,Passage Bio,PASG,13257377,4.12,United States
3400,Air Industries Group,AIRI,13193790,2.72,United States
3401,Lantern Pharma,LTRN,12846088,0.8601,United States
3402,Dragonfly Energy,DFLI,12749957,0.8512,United States
3403,NextNRG,NXXT,12495000,0.735,United States
3404,VistaGen Therapeutics,VTGN,12469912,0.281,United States
3405,Clean Energy Technologies,CETY,11861954,0.975,United States
3406,Urgent.ly Inc.,ULY,11787284,5.38,United States
3407,Aterian,ATER,11762936,0.6547,United States
3408,Bullfrog AI,BFRG,11449470,0.6175,United States
3409,Phio Pharmaceuticals,PHIO,11444154,0.9851,United States
3410,Cambium Networks,CMBM,11325767,0.401,United States
3411,Intensity Therapeutics,INTS,11231184,3.44,United States
3412,Arrive AI,ARAI,11179323,0.2155,United States
3413,Upland Software,UPLD,11030322,3.73,United States
3414,Netcapital,NCPL,10987058,1.4,United States
3415,Adial Pharmaceuticals,ADIL,10818666,4.12,United States
3416,Phoenix Motor,PEV,10575262,0.23,United States
3417,DataMEDS AI,MEDS,10427405,3.68,United States
3418,Cyngn,CYN,10384647,0.6766,United States
3419,Aethlon Medical,AEMD,10346412,6.45,United States
3420,BrainStorm Cell Therapeutics,BCLI,10262341,0.93,United States
3421,SolarMax Technology,SMXT,10243185,2.16,United States
3422,Carver Bancorp,CARV,10145159,1.74,United States
3423,Senti Biosciences,SNTI,10038159,0.3223,United States
3424,Ryvyl Inc.,RVYL,9994965,7.81,United States
3425,Biomerica,BMRA,9850989,2.142,United States
3426,AppTech Payments,APCX,9660905,0.23,United States
3427,Superior Industries International,SUP,9576233,0.3249,United States
3428,CISO Global,CISO,9464784,0.2079,United States
3429,Inuvo,INUV,9393706,0.5699,United States
3430,Purple Innovation,PRPL,9169925,2.1,United States
3431,GoHealth,GOCO,8937260,0.305,United States
3432,Wellgistics Health,WGRX,8847256,3.52,United States
3433,America's Car-Mart,CRMT,8755402,1.05,United States
3434,Aprea Therapeutics,APRE,8750839,0.695,United States
3435,Vislink Technologies,VISL,8628611,3.48,United States
3436,FibroBiologics,FBLG,8626309,1.24,United States
3437,Natural Health Trends,NHTC,8577849,1.0,United States
3438,Trio Petroleum,TPET,8571490,1.61,United States
3439,Northann Corp,NCL,8543560,0.159,United States
3440,Game Your Game,GYGY,8529207,0.5928,United States
3441,SeaChange International,SEAC,8398952,3.25,United States
3442,Rocky Mountain Chocolate Factory,RMCF,8347426,0.8843,United States
3443,Trinseo,TSE,8278525,0.23,United States
3444,"Reed's, Inc.",REED,8252531,0.696,United States
3445,Longeveron,LGVN,8225550,2.58,United States
3446,Azitra,AZTR,7999694,0.132,United States
3447,Hepion Pharmaceuticals,HEPA,7955859,0.081,United States
3448,Soligenix,SNGX,7953106,0.3654,United States
3449,reAlpha Tech,AIRE,7928744,1.32,United States
3450,SurgePays,SURG,7756374,0.1466,United States
3451,Solo Brands,SBDS,7704030,3.0,United States
3452,Ensysce Biosciences,ENSC,7685434,0.395,United States
3453,Innovative Eyewear,LUCY,7679403,0.892,United States
3454,Co-Diagnostics,CODX,7539825,1.08,United States
3455,KALA BIO,KALA,7445817,0.385,United States
3456,Skye Bioscience,SKYE,7438495,1.68,United States
3457,Signing Day Sports,SGN,7408163,0.5401,United States
3458,authID,AUID,7338556,0.4389,United States
3459,Imunon,IMNN,7182595,1.28,United States
3460,AIM ImmunoTech,AIM,7181072,0.18,United States
3461,Jaguar Health,JAGX,7120684,3.66,United States
3462,VolitionRx,VNRX,7064256,0.235,United States
3463,bioAffinity Technologies,BIAF,7063914,6.055,United States
3464,Mangoceuticals,MGRX,6694187,0.4371,United States
3465,"DSS, Inc. (Document Security Systems)",DSS,6405118,0.6378,United States
3466,ESS Tech,GWH,6310959,0.1567,United States
3467,TPI Composites,TPIC,6193621,0.1271,United States
3468,Sonim Technologies,SONM,6072937,4.08,United States
3469,Bakhu Holdings,BKUH,6026059,0.02,United States
3470,Sonoma Pharmaceuticals,SNOA,5937647,1.24,United States
3471,CaliberCos,CWD,5906790,0.5688,United States
3472,Lunai Bioworks,LNAI,5894057,1.3,United States
3473,Socket Mobile,SCKT,5864706,0.7073,United States
3474,Pulmatrix,PULM,5734087,1.57,United States
3475,Gaxos.ai,GXAI,5701875,0.5159,United States
3476,enVVeno Medical Corporation,NVNO,5628091,8.1,United States
3477,Jet.AI,JTAI,5514157,1.55,United States
3478,"Cyabra, Inc.",CYAB,5503502,0.2012,United States
3479,Xenetic Biosciences,XBIO,5248725,2.24,United States
3480,Origin Materials,ORGN,5228483,0.9501,United States
3481,Talis Biomedical,TLIS,5176808,2.84,United States
3482,cbdMD,YCBD,5109500,0.456,United States
3483,Polar Power,POLA,4998810,1.16,United States
3484,Hydrofarm,HYFM,4963902,1.03,United States
3485,AMASS Brands Inc.,AMSS,4875294,0.4201,United States
3486,Vertex Energy,VTNR,4872095,0.0521,United States
3487,Eterna Therapeutics,ERNA,4831936,2.96,United States
3488,AquaBounty Technologies,AQB,4761678,0.9251,United States
3489,AiRWA Inc.,YYAI,4719374,1.03,United States
3490,Kidpik,PIK,4644903,2.38,United States
3491,zSpace,ZSPC,4633488,0.125,United States
3492,OLB Group,OLB,4539839,0.189,United States
3493,"Bark, Inc.",BARK,4377870,0.5066,United States
3494,Golden Minerals,AUMN,4345401,0.23,United States
3495,Focus Universal,FCUV,4306123,4.385,United States
3496,CASI Pharmaceuticals,CASI,4263766,0.2075,United States
3497,QVC Group,QVCGA,4255453,0.34,United States
3498,Expion360,XPON,4252491,4.2,United States
3499,Sonendo,SONX,4050231,0.85,United States
3500,Tivic Health Systems,TIVC,4029097,1.4,United States
3501,Boxlight,BOXL,4003138,4.74,United States
3502,Avalon GloboCare,ALBT,3707637,0.282,United States
3503,Cemtrex,CETX,3511127,2.04,United States
3504,Cheetah Net Supply Chain Service,CTNT,3493502,2.62,United States
3505,Unity Biotechnology,UBX,3444161,0.2001,United States
3506,Eagle Pharmaceuticals,EGRX,3289388,0.25,United States
3507,ShiftPixy,PIXY,3265294,6.53,United States
3508,VivoSim Labs,VIVS,3257587,0.1964,United States
3509,Forza X1,FRZA,3150960,0.2,United States
3510,BIO-key International,BKYI,3045049,2.12,United States
3511,Advent Technologies,ADN,3023365,0.9185,United States
3512,ATI Physical Therapy,ATIP,2977762,0.675,United States
3513,Cadrenal Therapeutics,CVKD,2913296,0.9402,United States
3514,Sleep Number,SNBR,2881125,0.125,United States
3515,Marin Software,MRIN,2863609,0.8981,United States
3516,Inotiv,NOTV,2787563,0.0799,United States
3517,Beyond Air,XAIR,2776027,2.82,United States
3518,PMGC Holdings,ELAB,2720185,3.36,United States
3519,iSpecimen,ISPC,2720077,1.08,United States
3520,Vaccinex,VCNX,2703403,1.01,United States
3521,PREIT (Pennsylvania Real Estate Investment Trust),PRET,2690436,0.4974,United States
3522,Wheeler Real Estate Investment Trust,WHLR,2685048,2.07,United States
3523,Xilio Therapeutics,XLO,2676465,0.5101,United States
3524,Staffing 360 Solutions,STAF,2654640,1.615,United States
3525,Matinas BioPharma,MTNB,2585933,2.64,United States
3526,Nuwellis,NUWE,2530471,0.6938,United States
3527,LM Funding America,LMFA,2430118,2.6,United States
3528,Alaunos Therapeutics,TCRT,2400250,0.82,United States
3529,Cloudastructure,CSAI,2373724,2.68,United States
3530,BioXcel Therapeutics,BTAI,2313476,0.0739,United States
3531,Fly-E Group,FLYE,2260854,1.385,United States
3532,Edible Garden,EDBL,2224720,1.14,United States
3533,Lakewood-Amedex Biotherapeutics,LABT,2209971,0.9326,United States
3534,Sow Good,SOWG,2203871,0.1099,United States
3535,Oragenics,OGEN,2199804,0.48755,United States
3536,BioAtla,BCAB,2182591,1.31,United States
3537,Genprex,GNPX,2155834,2.63,United States
3538,Clearside Biomedical,CLSD,2145948,0.41,United States
3539,Trinity Place Holdings,TPHS,1961603,0.0297,United States
3540,Cutera,CUTR,1956013,0.0969,United States
3541,Curis,CRIS,1948307,0.8034,United States
3542,Nauticus Robotics,KITT,1892897,1.52,United States
3543,"Greenlane Holdings, Inc.",GNLN,1847487,2.66,United States
3544,Cue Biopharma,CUE,1804119,0.5542,United States
3545,Sonder Holdings,SOND,1680861,0.1263,United States
3546,Traeger,COOK,1642351,0.5983,United States
3547,CorEnergy Infrastructure Trust,CORR,1627350,0.0198,United States
3548,Lazydays Holdings,GORV,1573084,0.4211,United States
3549,Benson Hill,BHIL,1522391,0.249,United States
3550,Actelis Networks,ASNS,1441879,0.05,United States
3551,Leslie's,LESL,1364549,0.1457,United States
3552,Maison Solutions,MSS,1353688,1.555,United States
3553,Synergy CHC,SNYR,1348439,0.0905,United States
3554,iPower,IPW,1305076,1.12,United States
3555,Cytosorbents,CTSO,1100062,0.3501,United States
3556,Evofem Biosciences,EVFM,1060240,0.008,United States
3557,Danimer Scientific,DNMR,1056961,0.35,United States
3558,LMP Automotive Holdings,LMPX,1036332,0.095,United States
3559,Quince Therapeutics,QNCX,900311,0.9206,United States
3560,La Rosa Holdings,LRHC,888636,1.56,United States
3561,BNB Plus Corp.,BNBX,867611,0.14,United States
3562,Alkaline Water Company,WTER,851081,0.0239,United States
3563,Onfolio Holdings,ONFO,730915,0.8599,United States
3564,Direct Digital Holdings,DRCT,730481,0.91,United States
3565,Greene Concepts,INKW,701498,0.011,United States
3566,Arcadia Biosciences,RKDA,694334,0.2882,United States
3567,Yellow Corporation,YELLQ,693890,0.0102,United States
3568,Tapinator,TAPM,673183,0.247,United States
3569,22nd Century Group,XXII,652590,0.914,United States
3570,Tevogen Bio,TVGN,627896,0.1551,United States
3571,Kaival Brands Innovations,KAVL,586062,0.03,United States
3572,Ocean Power Technologies,OPTT,546280,1.82,United States
3573,Ayr Wellness,AYRWF,432062,0.0037,United States
3574,Ontrak,OTRK,425780,0.0601,United States
3575,Gauzy,GAUZ,395961,0.3445,United States
3576,Vicarious Surgical,RBOT,392224,0.055,United States
3577,Viracta Therapeutics,VIRX,388698,0.00978,United States
3578,Impac Mortgage Holdings,IMPM,365688,0.01,United States
3579,Allurion Technologies,ALUR,364590,0.6,United States
3580,VYNE Therapeutics,VYNE,339859,0.509,United States
3581,NantHealth,NHIQ,329655,0.012,United States
3582,ProPhase Labs,PRPH,311851,0.02,United States
3583,SOBR Safe,SOBR,266666,0.0495,United States
3584,Lyra Therapeutics,LYRA,266232,0.15,United States
3585,Scienture Holdings,SCNX,260839,0.1588,United States
3586,Leafly Holdings,LFLY,232138,37.0,United States
3587,Trulite,TRUL,212013,0.0001,United States
3588,Ampio Pharmaceuticals,AMPE,207884,0.1831,United States
3589,Ocean Biomedical,OCEA,197510,0.00085,United States
3590,CXApp,CXAI,194174,0.089,United States
3591,BloomZ,BLMZ,187531,0.128,United States
3592,Vivakor,VIVK,185386,0.3096,United States
3593,Wearable Health Solutions,WHSI,182670,0.0001,United States
3594,Faraday Future,FFAI,174605,0.0717,United States
3595,Petros Pharmaceuticals,PTPI,169489,0.004,United States
3596,"Freight Technologies, Inc.",FRGT,155048,0.2522,United States
3597,Hallmark Financial Services,HALL,145478,0.08,United States
3598,Cenntro Inc.,CENN,113554,0.0775,United States
3599,Solar Integrated Roofing,SIRC,109754,1e-05,United States
3600,Loop Media,LPTV,103383,0.0007,United States
3601,Vincerx Pharma,VINC,68045,0.013,United States
3602,PaxMedica,PXMD,63132,0.0005,United States
3603,Exela Technologies,XELA,55502,0.002,United States
3604,Movella,MVLA,50907,0.001,United States
3605,ToughBuilt Industries,TBLT,47699,0.011,United States
3606,Presto Automation,PRST,41851,0.0001,United States
3607,Vinco Ventures,BBIG,41600,0.0032,United States
3608,Novo Integrated Sciences,NVOS,32554,0.00165,United States
3609,Gaming Technologies (Gametech),GMGT,27420,0.0006,United States
3610,Carisma Therapeutics,CARM,20922,0.0005,United States
3611,Remark Holdings,MARK,18570,0.0003,United States
3612,T2 Biosystems,TTOO,16827,0.0006,United States
3613,iEntertainment Network,IENT,13087,0.0001,United States
3614,Gamer Pakistan,GPAK,12789,0.0005,United States
3615,Vaxxinity,VAXX,12678,0.0001,United States
3616,Syros Pharmaceuticals,SYRS,10732,0.0004,United States
3617,Trevena,TRVN,10365,0.012,United States
3618,4Front Ventures,FFNTF,9152,1e-05,United States
3619,Adamas One,JEWL,7609,0.0002,United States
3620,Mobile Global Esports (Mogo),MGAM,7545,0.0001,United States
3621,Freeze Tag,FRZT,7505,0.0001,United States
3622,USD Partners,USDP,6754,0.0002,United States
3623,Stryve Foods,SNAX,4792,0.0011,United States
3624,Lipella Pharmaceuticals,LIPO,2310,0.0005,United States
3625,Viveve Medical,VIVE,2144,0.0002,United States
3626,Hempacco,HPCO,1184,0.0002,United States
3627,eFFECTOR Therapeutics,EFTR,940,0.0002,United States
3628,Grom Social Enterprises,GROM,902,0.0001,United States
3629,Minerva Surgical,UTRS,887,0.0001,United States
3630,Lightning eMotors,ZEVY,659,0.0001,United States
3631,Calithera Biosciences,CALA,487,0.0001,United States
3632,Telesis Bio,TBIO,177,0.0001,United States
3633,Pershing Square USA,PSUS,0,0.0,United States
