Rank,Name,Symbol,marketcap,price (USD),country
1,NVIDIA,NVDA,5734188187648,237.47,United States
2,Apple,AAPL,4913422663680,336.67,United States
3,Alphabet (Google),GOOG,4248312479744,347.37,United States
4,Microsoft,MSFT,3933757243392,529.76,United States
5,Amazon,AMZN,2803578699776,259.92,United States
6,SpaceX,SPCX,2207993823232,167.6,United States
7,Meta Platforms (Facebook),META,1837541621760,721.31,United States
8,Broadcom,AVGO,1797319426048,376.51,United States
9,Tesla,TSLA,1492178567168,377.81,United States
10,Micron Technology,MU,1228779814912,1088.0,United States
11,Berkshire Hathaway,BRK-B,1083734294528,506.25,United States
12,Eli Lilly,LLY,1059573923840,1188.72,United States
13,AMD,AMD,1054350311424,645.86,United States
14,JPMorgan Chase,JPM,876084985856,329.58,United States
15,Walmart,WMT,858114031616,108.16,United States
16,Visa,V,698563887104,372.1,United States
17,Exxon Mobil,XOM,674559164416,164.05,United States
18,Johnson & Johnson,JNJ,622838284288,258.45,United States
19,Intel,INTC,597964226560,113.12,United States
20,Mastercard,MA,499378225152,570.06,United States
21,AbbVie,ABBV,479524913152,271.36,United States
22,Palantir,PLTR,466481676288,194.12,United States
23,Cisco,CSCO,462820278272,117.39,United States
24,Oracle,ORCL,435202293760,143.56,United States
25,Costco,COST,417667383296,942.25,United States
26,Applied Materials,AMAT,413186523136,520.65,United States
27,Lam Research,LRCX,412356870144,329.51,United States
28,Chevron,CVX,402422923264,205.15,United States
29,Bank of America,BAC,374251913216,53.52,United States
30,Caterpillar,CAT,374097215488,813.83,United States
31,Coca-Cola,KO,369244766208,85.82,United States
32,Dell,DELL,368110141440,578.96,United States
33,Merck,MRK,352287424512,142.79,United States
34,Procter & Gamble,PG,343597711360,147.82,United States
35,UnitedHealth,UNH,337477697536,375.98,United States
36,Palo Alto Networks,PANW,331756273664,405.57,United States
37,General Electric,GE,315024736256,303.62,United States
38,Philip Morris International,PM,300329205760,192.69,United States
39,Morgan Stanley,MS,297952149504,189.71,United States
40,Netflix,NFLX,290226569216,69.7,United States
41,Home Depot,HD,285109747712,285.77,United States
42,Arista Networks,ANET,272210132992,215.83,United States
43,CrowdStrike,CRWD,271793274880,265.44,United States
44,GE Vernova,GEV,265558556672,997.09,United States
45,Texas Instruments,TXN,263910326272,288.98,United States
46,Goldman Sachs,GS,258330181632,887.21,United States
47,KLA,KLAC,256864419840,196.83,United States
48,Marvell Technology,MRVL,255843237888,284.68,United States
49,Sandisk,SNDK,247802462208,1692.42,United States
50,Thermo Fisher Scientific,TMO,244794900480,662.06,United States
51,RTX,RTX,242946867200,180.26,United States
52,Wells Fargo,WFC,242706186240,80.26,United States
53,Amgen,AMGN,223324258304,413.08,United States
54,Amphenol,APH,215895408640,87.55,United States
55,Citigroup,C,213571256320,127.32,United States
56,IBM,IBM,207750053888,220.51,United States
57,American Express,AXP,205463011328,304.25,United States
58,Analog Devices,ADI,198710607872,410.08,United States
59,Verizon,VZ,190164074496,45.77,United States
60,QUALCOMM,QCOM,189135732736,177.12,United States
61,Salesforce,CRM,184812879872,224.56,United States
62,Gilead Sciences,GILD,182087434240,146.85,United States
63,Walt Disney,DIS,180870447104,104.75,United States
64,T-Mobile US,TMUS,179833389056,167.65,United States
65,Deere &amp; Company (John Deere),DE,177108844544,656.87,United States
66,BlackRock,BLK,173789413376,1069.63,United States
67,Abbott Laboratories,ABT,171969216512,98.73,United States
68,Southern Copper,SCCO,169350021120,200.57,United States
69,Pepsico,PEP,169015181312,123.73,United States
70,AT&T,T,167677870080,24.47,United States
71,Charles Schwab,SCHW,165289902080,95.58,United States
72,McDonald,MCD,163380281344,230.88,United States
73,Union Pacific Corporation,UNP,163180658688,274.68,United States
74,Nextera Energy,NEE,160716750848,77.06,United States
75,Pfizer,PFE,159590858752,28.0,United States
76,Welltower,WELL,159332876288,221.12,United States
77,ConocoPhillips,COP,155981660160,129.84,United States
78,Danaher,DHR,153595428864,218.49,United States
79,TJX Companies,TJX,153332973568,138.8,United States
80,Western Digital,WDC,151758143488,405.42,United States
81,Interactive Brokers,IBKR,149492776960,87.74,United States
82,Boeing,BA,148733739008,188.32,United States
83,Intuitive Surgical,ISRG,146440814592,414.52,United States
84,ServiceNow,NOW,142538555392,137.87,United States
85,Corning,GLW,140335874048,163.25,United States
86,Uber,UBER,139813240832,68.45,United States
87,Fortinet,FTNT,138877321216,189.28,United States
88,Blackstone Group,BX,133670158336,111.83,United States
89,Marathon Petroleum,MPC,129111900160,442.26,United States
90,Vertex Pharmaceuticals,VRTX,128078618624,505.64,United States
91,Progressive,PGR,124275245056,214.12,United States
92,Prologis,PLD,123747237888,127.3,United States
93,Cloudflare,NET,122124656640,342.97,United States
94,Valero Energy,VLO,122110033920,424.1,United States
95,Bristol-Myers Squibb,BMY,121950060544,59.7,United States
96,Booking Holdings (Booking.com),BKNG,120780300288,155.87,United States
97,Capital One,COF,120190795776,195.91,United States
98,Parker-Hannifin,PH,120158642176,952.79,United States
99,Newmont,NEM,119636221952,113.54,United States
100,Snowflake,SNOW,117429485568,332.85,United States
101,S&P Global,SPGI,116499062784,395.18,United States
102,Altria Group,MO,115846823936,69.38,United States
103,Lockheed Martin,LMT,115215360000,499.22,United States
104,CVS Health,CVS,112485441536,87.95,United States
105,Phillips 66,PSX,108382060544,271.62,United States
106,Starbucks,SBUX,106681204736,93.58,United States
107,Constellation Energy,CEG,106146947072,299.59,United States
108,McKesson,MCK,106135707648,910.33,United States
109,Stryker Corporation,SYK,105636020224,275.4,United States
110,Quanta Services,PWR,105401245696,701.07,United States
111,Automatic Data Processing,ADP,104610406400,264.0,United States
112,Freeport-McMoRan,FCX,103192223744,71.86,United States
113,Lowe's Companies,LOW,101853741056,181.54,United States
114,Equinix,EQIX,101806489600,1031.77,United States
115,Lumentum,LITE,99662970880,1111.07,United States
116,Robinhood,HOOD,98458501120,109.51,United States
117,Southern Company,SO,98287017984,85.44,United States
118,Cadence Design Systems,CDNS,98223595520,356.12,United States
119,Datadog,DDOG,97431412736,271.34,United States
120,HCA Healthcare,HCA,97425391616,439.17,United States
121,CME Group,CME,97183481856,270.27,United States
122,BNY Mellon (Bank of New York Mellon),BNY,96836108288,142.72,United States
123,Synopsys,SNPS,96329990144,502.67,United States
124,Airbnb,ABNB,96182943744,160.63,United States
125,Hewlett Packard Enterprise,HPE,95696936960,72.09,United States
126,Vertiv Holdings,VRT,94895734784,246.49,United States
127,AppLovin,APP,94133846016,281.29,United States
128,Marriott International,MAR,92963184640,356.5,United States
129,Adobe,ADBE,90594082816,232.77,United States
130,Duke Energy,DUK,90055606272,115.5,United States
131,Emerson,EMR,89179119616,159.22,United States
132,Howmet Aerospace,HWM,88833015808,222.75,United States
133,General Dynamics,GD,88372092928,326.63,United States
134,Elevance Health,ELV,87682424832,404.31,United States
135,U.S. Bancorp,USB,87515750400,56.17,United States
136,Williams Companies,WMB,87407550464,71.46,United States
137,PNC Financial Services,PNC,86858014720,217.72,United States
138,CSX Corporation,CSX,86714351616,46.81,United States
139,Bloom Energy,BE,85792874496,291.29,United States
140,Intercontinental Exchange,ICE,85663186944,152.59,United States
141,Monster Beverage,MNST,84004143104,42.88,United States
142,3M,MMM,83608920064,162.12,United States
143,Waste Management,WM,83516497920,208.94,United States
144,Marsh & McLennan Companies,MRSH,82872508416,173.66,United States
145,DoorDash,DASH,82863906816,191.24,United States
146,KKR & Co.,KKR,82818359296,89.67,United States
147,Enterprise Products,EPD,79706308608,36.91,United States
148,Intuit,INTU,79433228288,297.24,United States
149,Cintas,CTAS,78780760064,197.19,United States
150,United Parcel Service,UPS,78518632448,92.29,United States
151,Moderna,MRNA,78441865216,196.48,United States
152,Ecolab,ECL,77959389184,278.1,United States
153,Moody's,MCO,77867368448,449.63,United States
154,Warner Bros. Discovery,WBD,77595885568,30.95,United States
155,American Tower,AMT,77433241600,166.18,United States
156,EOG Resources,EOG,76810362880,144.21,United States
157,Sherwin-Williams,SHW,76468813824,315.0,United States
158,Regeneron Pharmaceuticals,REGN,76404957184,742.12,United States
159,Mondelez International,MDLZ,76223127552,59.38,United States
160,Royal Caribbean Group,RCL,75507073024,282.32,United States
161,The Travelers Companies,TRV,75214233600,360.61,United States
162,Simon Property Group,SPG,75009802240,197.59,United States
163,Illinois Tool Works,ITW,74375520256,261.15,United States
164,Comcast,CMCSA,74308452352,20.94,United States
165,Motorola Solutions,MSI,74195828736,448.33,United States
166,The Cigna Group,CI,73593618432,278.51,United States
167,Hilton Worldwide,HLT,72140054528,320.53,United States
168,Ross Stores,ROST,72046264320,225.53,United States
169,Cummins,CMI,71384506368,517.32,United States
170,SLB (Schlumberger),SLB,71179509760,47.96,United States
171,General Motors,GM,71064797184,80.99,United States
172,Kinder Morgan,KMI,70793961472,31.82,United States
173,Energy Transfer LP,ET,70518775808,20.48,United States
174,Norfolk Southern,NSC,70347341824,313.2,United States
175,Monolithic Power Systems,MPWR,70076932096,1425.98,United States
176,Carvana,CVNA,69567184896,62.76,United States
177,Colgate-Palmolive,CL,69521440768,87.21,United States
178,Target,TGT,68561666048,150.92,United States
179,O'Reilly Automotive,ORLY,68446171136,84.61,United States
180,FedEx,FDX,68407222272,289.04,United States
181,Apollo Global Management,APO,68237262848,115.55,United States
182,Digital Realty,DLR,68156968960,180.47,United States
183,Northrop Grumman,NOC,67261157376,473.46,United States
184,American Electric Power,AEP,66460033024,122.08,United States
185,Astera Labs,ALAB,66314682368,382.25,United States
186,Republic Services,RSG,66197123072,216.18,United States
187,Honeywell,HON,65958383616,208.11,United States
188,Coherent Corp.,COHR,65517633536,334.56,United States
189,Keysight,KEYS,64934756352,381.42,United States
190,United Rentals,URI,64572841984,1037.44,United States
191,Teradyne,TER,64377995264,411.78,United States
192,Ciena,CIEN,63310417920,446.45,United States
193,Air Products and Chemicals,APD,61933301760,278.12,United States
194,TransDigm Group,TDG,61314953216,1096.21,United States
195,Comfort Systems USA,FIX,61285994496,1741.36,United States
196,"Strategy 
 (MicroStrategy)",MSTR,61156409344,153.37,United States
197,Targa Resources,TRGP,60889833472,283.96,United States
198,MetLife,MET,60865978368,95.78,United States
199,Cencora,COR,60539920384,317.25,United States
200,Boston Scientific,BSX,60258967552,41.58,United States
201,W. W. Grainger,GWW,59654250496,1263.51,United States
202,Arthur J. Gallagher & Co.,AJG,58215038976,227.1,United States
203,Occidental Petroleum,OXY,58188890112,58.21,United States
204,MPLX,MPLX,57890557952,57.05,United States
205,Fastenal,FAST,57179807744,49.83,United States
206,Natera,NTRA,57017671680,395.56,United States
207,Ametek,AME,56984449024,248.62,United States
208,Allstate,ALL,56627535872,223.95,United States
209,Aflac,AFL,56521441280,112.74,United States
210,Paccar,PCAR,56247361536,106.86,United States
211,Cheniere Energy,LNG,56218599424,272.2,United States
212,Vistra,VST,55957102592,166.72,United States
213,Nucor,NUE,55911243776,246.44,United States
214,Truist Financial Corporation,TFC,55681724416,45.58,United States
215,Oneok,OKE,55507533824,88.05,United States
216,Baker Hughes,BKR,55004069888,55.41,United States
217,Delta Air Lines,DAL,54562983936,82.97,United States
218,Dominion Energy,D,54117232640,61.53,United States
219,Cardinal Health,CAH,53758816256,232.16,United States
220,Public Storage,PSA,52690472960,281.99,United States
221,Devon Energy,DVN,52668002304,47.88,United States
222,Sempra,SRE,52109320192,79.69,United States
223,Diamondback Energy,FANG,51868549120,184.38,United States
224,Corteva,CTVA,51807772672,77.65,United States
225,Nasdaq,NDAQ,51386785792,91.93,United States
226,Nike,NKE,51035209728,34.36,United States
227,Everpure,P,50870476800,152.66,United States
228,Realty Income,O,50480730112,53.35,United States
229,Edwards Lifesciences,EW,49392123904,85.78,United States
230,Autodesk,ADSK,49125449728,235.05,United States
231,Entergy,ETR,49115525120,102.8,United States
232,Becton Dickinson,BDX,49073209344,180.16,United States
233,Rockwell Automation,ROK,49072406528,441.9,United States
234,CoreWeave,CRWV,48783409152,88.45,United States
235,Honeywell Aerospace,HONA,48515956736,153.07,United States
236,Ford,F,48329658368,12.12,United States
237,eBay,EBAY,47881998336,107.6,United States
238,State Street Corporation,STT,47850299392,174.19,United States
239,Wabtec,WAB,47707181056,282.44,United States
240,Medline,MDLN,47695609856,35.45,United States
241,Agilent Technologies,A,47671349248,169.09,United States
242,Humana,HUM,47613042688,396.51,United States
243,PayPal,PYPL,47366901760,54.95,United States
244,Coinbase,COIN,47081697280,178.45,United States
245,NetApp,NTAP,46309711872,235.77,United States
246,AutoZone,AZO,46032723968,2846.27,United States
247,Rocket Lab,RKLB,45986439168,71.92,United States
248,Vivmark Residential,VMRK,45877366784,59.29,United States
249,Veeva Systems,VEEV,45739249664,282.5,United States
250,Block,XYZ,45702475776,76.07,United States
251,Carrier Global,CARR,45681922048,55.0,United States
252,Fifth Third Bank,FITB,45437435904,50.12,United States
253,Xcel Energy,XEL,45236015104,72.42,United States
254,Workday,WDAY,44406657024,184.26,United States
255,L3Harris Technologies,LHX,43505324032,233.63,United States
256,Ameriprise Financial,AMP,43365502976,490.56,United States
257,Revolution Medicines,RVMD,43053756416,200.87,United States
258,Waters Corporation,WAT,42808049664,435.99,United States
259,Exelon Corporation,EXC,42745237504,41.49,United States
260,IQVIA,IQV,42484903936,258.11,United States
261,Microchip Technology,MCHP,42365538304,78.02,United States
262,Twilio,TWLO,41926033408,273.0,United States
263,Cerebras Systems,CBRS,41585586176,175.05,United States
264,Keurig Dr Pepper,KDP,41559625728,30.54,United States
265,BeOne Medicines,ONC,41414004736,364.02,United States
266,Credo Technology,CRDO,41351299072,220.01,United States
267,HEICO,HEI,41337446400,295.78,United States
268,Ventas,VTR,41056227328,80.04,United States
269,Illumina,ILMN,40431763456,267.76,United States
270,MSCI,MSCI,40376127488,555.38,United States
271,IDEXX Laboratories,IDXX,39967649792,506.67,United States
272,Live Nation,LYV,39798800384,170.84,United States
273,American International Group,AIG,39562100736,75.66,United States
274,Archer Daniels Midland (ADM),ADM,39202340864,81.34,United States
275,Waste Connections,WCN,39033487360,155.16,United States
276,Chipotle Mexican Grill,CMG,38936911872,30.77,United States
277,Prudential Financial,PRU,38764199936,112.36,United States
278,Consolidated Edison,ED,38698868736,104.64,United States
279,Ubiquiti,UI,38414938112,634.66,United States
280,Ares Management,ARES,38403063808,115.75,United States
281,PG&amp;E Corporation,PCG,38400274432,12.79,United States
282,Yum! Brands,YUM,38301667328,140.35,United States
283,Take-Two Interactive,TTWO,38145880064,204.01,United States
284,Okta,OKTA,38110961664,218.0,United States
285,Sysco,SYY,37774073856,76.79,United States
286,D. R. Horton,DHI,37278584832,133.28,United States
287,CBRE Group,CBRE,36938223616,127.56,United States
288,Old Dominion Freight Line,ODFL,36413898752,175.61,United States
289,Paychex,PAYX,36149817344,101.55,United States
290,United Airlines Holdings,UAL,35759394816,110.17,United States
291,PSEG,PEG,35749576704,71.74,United States
292,Roper Technologies,ROP,35462885376,358.57,United States
293,Carnival Corporation,CCL,35161554944,26.15,United States
294,Kroger,KR,34992377856,59.25,United States
295,Zscaler,ZS,34820333568,213.55,United States
296,Emcor,EME,34611273728,784.66,United States
297,Iron Mountain,IRM,34459099136,115.75,United States
298,The Hartford,HIG,34379075584,126.92,United States
299,Estee Lauder,EL,34221385728,94.45,United States
300,Martin Marietta Materials,MLM,34018996224,479.01,United States
301,TKO Group Holdings,TKO,33811140608,178.64,United States
302,Kenvue,KVUE,33671161856,17.53,United States
303,WEC Energy Group,WEC,33621139456,103.18,United States
304,Steel Dynamics,STLD,33551673344,234.09,United States
305,Roblox,RBLX,33154187264,46.41,United States
306,Axon Enterprise,AXON,32982390784,406.0,United States
307,Biogen,BIIB,32823549952,222.15,United States
308,EQT Corporation,EQT,32720744448,52.31,United States
309,Venture Global,VG,32626212864,13.05,United States
310,Rocket Companies,RKT,32393988096,11.44,United States
311,The Hershey Company,HSY,32216420352,160.34,United States
312,ON Semiconductor,ON,32122681344,82.51,United States
313,Centene,CNC,32104734720,64.99,United States
314,Kimberly-Clark,KMB,32025606144,96.48,United States
315,DexCom,DXCM,31811514368,84.3,United States
316,ResMed,RMD,31781656576,225.98,United States
317,Vulcan Materials,VMC,31634057216,244.13,United States
318,M&T Bank,MTB,31396835328,216.63,United States
319,Jabil,JBL,31380588544,299.47,United States
320,Expedia Group,EXPE,31068205056,258.86,United States
321,Northern Trust,NTRS,30769479680,168.18,United States
322,Mettler Toledo,MTD,30725662720,1533.48,United States
323,"Cheniere Energy
Partners",CQP,30708619264,63.44,United States
324,Huntington Bancshares,HBAN,30649694208,15.17,United States
325,Sunbelt Rentals,SUNB,30638118912,74.77,United States
326,Raymond James Financial,RJF,30248880128,157.25,United States
327,Alnylam Pharmaceuticals,ALNY,30028105728,224.41,United States
328,Zoetis,ZTS,29566150656,71.55,United States
329,GE HealthCare Technologies,GEHC,29417850880,64.67,United States
330,Cboe Global Markets,CBOE,29404641280,281.57,United States
331,Reddit,RDDT,29380872192,152.71,United States
332,Crown Castle,CCI,29360678912,69.01,United States
333,MongoDB,MDB,29244368896,363.03,United States
334,HP,HPQ,29073741824,32.24,United States
335,Supermicro,SMCI,29070473216,44.94,United States
336,Extra Space Storage,EXR,29066524672,131.7,United States
337,EchoStar,ECHO,28409800704,97.69,United States
338,Williams-Sonoma,WSM,28318494720,240.46,United States
339,Ameren,AEE,28049760256,101.32,United States
340,Teledyne Technologies,TDY,27989747712,604.15,United States
341,Zoom,ZM,27652341760,94.77,United States
342,Qnity Electronics,Q,27155480576,129.72,United States
343,Cognizant Technology Solutions,CTSH,26994110464,57.07,United States
344,Dollar General,DG,26946134016,122.14,United States
345,Atmos Energy,ATO,26904670208,159.21,United States
346,GlobalFoundries,GFS,26795112448,48.07,United States
347,VeriSign,VRSN,26597488640,294.22,United States
348,Coupang,CPNG,26584901632,14.81,United States
349,Citizens Financial Group,CFG,26563620864,63.07,United States
350,Halliburton,HAL,26523879424,31.75,United States
351,DTE Energy,DTE,26477125632,127.24,United States
352,F5,FFIV,26425075712,466.65,United States
353,Corpay,CPAY,26423392256,402.43,United States
354,Symbotic,SYM,26218350592,43.31,United States
355,SharkNinja,SN,26088003584,185.19,United States
356,Kraft Heinz,KHC,26064404480,21.98,United States
357,W. R. Berkley,WRB,25885696000,69.73,United States
358,West Pharmaceutical Services,WST,25791309824,366.48,United States
359,FirstEnergy,FE,25786462208,44.58,United States
360,ATI Inc.,ATI,25762074624,189.19,United States
361,MACOM Technology Solutions,MTSI,25653757952,335.91,United States
362,LPL Financial,LPLA,25575493632,324.8,United States
363,PPL,PPL,25548898304,33.95,United States
364,Rubrik,RBRK,25467168768,123.73,United States
365,Affirm,AFRM,25411192832,75.31,United States
366,CenterPoint Energy,CNP,25380491264,38.53,United States
367,Dover Corporation,DOV,25358938112,188.29,United States
368,Entegris,ENTG,25330536448,166.32,United States
369,American Water,AWK,25314099200,127.38,United States
370,LabCorp,LH,25300766720,311.97,United States
371,Hubbell,HUBB,25121509376,475.41,United States
372,Quest Diagnostics,DGX,25061373952,227.06,United States
373,Otis Worldwide,OTIS,25025202176,65.74,United States
374,VICI Properties,VICI,24928393216,22.64,United States
375,Expeditors International,EXPD,24808712192,190.85,United States
376,Cincinnati Financial,CINF,24803588096,161.61,United States
377,Copart,CPRT,24658917376,26.62,United States
378,Eversource Energy,ES,24574259200,65.24,United States
379,Fiserv,FISV,24094351360,45.31,United States
380,Formula One Group,FWONK,23947673600,95.52,United States
381,Texas Pacific Land Corporation,TPL,23850756096,345.79,United States
382,Xylem,XYL,23773628416,101.82,United States
383,Samsara,IOT,23722864640,40.51,United States
384,Fox Corporation,FOX,23605288960,55.98,United States
385,AST SpaceMobile,ASTS,23603009536,60.65,United States
386,Pershing Square Inc.,PS,23459999744,58.65,United States
387,Tradeweb,TW,23415994368,107.4,United States
388,Casey's General Stores,CASY,23405027328,633.25,United States
389,Synchrony Financial,SYF,23403925504,71.93,United States
390,First Citizens BancShares,FCNCA,23394375680,2071.56,United States
391,United Therapeutics,UTHR,23375427584,545.0,United States
392,PPG Industries,PPG,23359285248,105.08,United States
393,Veralto,VLTO,23338338304,95.73,United States
394,ULTA Beauty,ULTA,23323344896,545.48,United States
395,Principal Financial Group,PFG,23279597568,108.73,United States
396,Las Vegas Sands,LVS,23194179584,35.81,United States
397,Incyte,INCY,22994032640,113.44,United States
398,Church & Dwight,CHD,22949478400,96.75,United States
399,NRG Energy,NRG,22830960640,108.61,United States
400,Darden Restaurants,DRI,22797228032,201.49,United States
401,Regions Financial,RF,22746519552,26.7,United States
402,Roku,ROKU,22667288576,152.725,United States
403,Guardant Health,GH,22589241344,168.33,United States
404,Tapestry,TPR,22506536960,113.42,United States
405,Insmed,INSM,22218133504,101.74,United States
406,T. Rowe Price,TROW,22199781376,104.07,United States
407,Verisk Analytics,VRSK,22100762624,168.68,United States
408,Dollar Tree,DLTR,21821405184,116.3,United States
409,TD Synnex,SNX,21661190144,271.52,United States
410,Loews Corporation,L,21601875968,105.67,United States
411,Ralph Lauren,RL,21517531136,361.14,United States
412,International Flavors & Fragrances,IFF,21473574912,84.11,United States
413,Global Payments,GPN,21455259648,81.08,United States
414,Markel Group,MKL,21412325376,1728.2,United States
415,PulteGroup,PHM,21397331968,112.33,United States
416,Omnicom Group,OMC,21338415104,74.87,United States
417,KeyCorp (KeyBank),KEY,21161158656,19.83,United States
418,XPO Logistics,XPO,21117714432,180.36,United States
419,Expand Energy,EXE,21080846336,88.12,United States
420,PTC,PTC,21031198720,193.6,United States
421,Edison International,EIX,20937728000,54.41,United States
422,Tenet Healthcare,THC,20921249792,259.83,United States
423,J. B. Hunt,JBHT,20905895936,222.64,United States
424,US Foods,USFD,20778565632,96.05,United States
425,Rivian,RIVN,20762320896,14.34,United States
426,Brown &amp; Brown,BRO,20652152832,61.72,United States
427,HF Sinclair,DINO,20557146112,115.63,United States
428,Circle Internet Group,CRCL,20523325440,80.84,United States
429,Southwest Airlines,LUV,20409765888,41.72,United States
430,Bunge Global SA,BG,20270489600,105.51,United States
431,"Arxis, Inc.",ARXS,20270379008,47.05,United States
432,Packaging Corporation of America,PKG,20247586816,227.25,United States
433,Reliance,RS,20228218880,396.22,United States
434,SoFi,SOFI,20225990656,15.66,United States
435,Constellation Brands,STZ,20218458112,118.39,United States
436,CMS Energy,CMS,20101398528,65.07,United States
437,Viatris,VTRS,20088854528,17.49,United States
438,Dow,DOW,20059402240,27.77,United States
439,SiTime,SITM,20002050048,665.16,United States
440,Unity Software,U,19997640704,45.44,United States
441,Nutanix,NTNX,19865262080,73.42,United States
442,Skyworks Solutions,SWKS,19619862528,83.43,United States
443,NiSource,NI,19441367040,40.54,United States
444,Carpenter Technology,CRS,19385825280,391.17,United States
445,First Solar,FSLR,19358533632,180.13,United States
446,Royal Gold,RGLD,19308632064,227.89,United States
447,Woodward,WWD,19145607168,324.25,United States
448,LyondellBasell,LYB,18894489600,58.49,United States
449,Western Midstream,WES,18820102144,45.55,United States
450,Curtiss-Wright,CW,18803324928,509.1,United States
451,Snap-on,SNA,18616076288,359.89,United States
452,Permian Resources,PR,18568640512,22.17,United States
453,Lattice Semiconductor,LSCC,18567731200,130.99,United States
454,Evergy,EVRG,18514544640,80.3,United States
455,Essex Property Trust,ESS,18475665408,268.05,United States
456,MKS Instruments,MKSI,18469736448,273.15,United States
457,SS&C Technologies,SSNC,18467346432,78.7,United States
458,Zebra Technologies,ZBRA,18388871168,386.05,United States
459,Nordson,NDSN,18258214912,327.69,United States
460,Tyson Foods,TSN,18188138496,51.7,United States
461,Lennar,LEN,18111344640,76.13,United States
462,Semtech,SMTC,18084638720,193.78,United States
463,Broadridge Financial Solutions,BR,18078683136,160.13,United States
464,SBA Communications,SBAC,18075293696,170.38,United States
465,ITT,ITT,18003001344,200.39,United States
466,FTAI Aviation,FTAI,17956280320,174.83,United States
467,MasTec,MTZ,17937715200,223.37,United States
468,Talen Energy,TLN,17894537216,378.32,United States
469,WESCO International,WCC,17842073600,366.12,United States
470,Best Buy,BBY,17740865536,84.59,United States
471,Dupont De Nemours,DD,17698344960,131.08,United States
472,Toast,TOST,17657899008,30.55,United States
473,Fidelity National Information Services,FIS,17480851456,33.82,United States
474,TPG Inc.,TPG,17384153088,44.51,United States
475,APi Group,APG,17377165312,40.21,United States
476,CF Industries,CF,17319135232,114.44,United States
477,Genuine Parts Company,GPC,17288992768,125.41,United States
478,Dynatrace,DT,17285216256,59.81,United States
479,Fortive,FTV,17230745600,56.52,United States
480,IDEX,IEX,17170101248,232.91,United States
481,East West Bancorp,EWBC,17163474944,125.27,United States
482,Revvity,RVTY,17139672064,153.6,United States
483,Burlington Stores,BURL,17120909312,272.56,United States
484,CDW Corporation,CDW,17104884736,136.82,United States
485,Plains All American Pipeline,PAA,16997096448,24.09,United States
486,Ovintiv,OVV,16994304000,61.44,United States
487,News Corp,NWS,16991874048,31.52,United States
488,General Mills,GIS,16987010048,31.77,United States
489,FedEx Freight,FDXF,16967317504,113.48,United States
490,Coeur Mining,CDE,16960926720,16.5,United States
491,Tractor Supply,TSCO,16944225280,32.52,United States
492,Alliant Energy,LNT,16907955200,65.21,United States
493,Zimmer Biomet,ZBH,16878377984,88.49,United States
494,Medpace,MEDP,16865617920,604.25,United States
495,International Paper,IP,16850913280,31.82,United States
496,IonQ,IONQ,16748307456,41.34,United States
497,Equifax,EFX,16733372416,142.43,United States
498,Clean Harbors,CLH,16656488448,315.54,United States
499,Franklin Resources,BEN,16502337536,32.48,United States
500,Reinsurance Group of America,RGA,16425327616,251.53,United States
501,Sterling Infrastructure,STRL,16338245632,534.13,United States
502,Jacobs Engineering,J,16100328448,136.35,United States
503,RBC Bearings,RBC,15852733440,500.73,United States
504,NVR,NVR,15806937088,5931.62,United States
505,C. H. Robinson,CHRW,15768536064,135.18,United States
506,Host Hotels & Resorts,HST,15450716160,22.24,United States
507,APA Corporation,APA,15348900864,43.81,United States
508,Corebridge Financial,CRBG,15334575104,34.4,United States
509,Ball Corporation,BALL,15303848960,57.48,United States
510,Invitation Homes,INVH,15273517056,25.86,United States
511,Akamai,AKAM,15034194944,104.61,United States
512,Onto Innovation,ONTO,14938201088,304.4,United States
513,DigitalOcean,DOCN,14880062464,127.28,United States
514,Bitmine Immersion Technologies,BMNR,14875561984,24.66,United States
515,Rollins,ROL,14852959232,30.87,United States
516,Hyatt Hotels,H,14808360960,157.14,United States
517,Unum,UNM,14754193408,93.2,United States
518,Viper Energy,VNOM,14752133120,41.07,United States
519,Warner Music Group,WMG,14730770432,28.16,United States
520,Fair Isaac (FICO),FICO,14724620288,681.77,United States
521,Performance Food Group,PFGC,14683133952,93.48,United States
522,Kimco Realty,KIM,14656748544,21.85,United States
523,Solventum,SOLV,14618813440,85.88,United States
524,Aramark,ARMK,14610099200,55.42,United States
525,Neurocrine Biosciences,NBIX,14583608320,143.47,United States
526,Lamar Advertising,LAMR,14545976320,143.24,United States
527,Equitable Holdings,EQH,14519322624,53.23,United States
528,Exelixis,EXEL,14480361472,58.44,United States
529,Lincoln Electric,LECO,14344280064,263.17,United States
530,Charles River Laboratories,CRL,14335982592,300.3,United States
531,W. P. Carey,WPC,14290953216,62.73,United States
532,Leidos,LDOS,14282939392,113.55,United States
533,Blue Owl Capital,OWL,14276795392,9.11,United States
534,Somnigroup International,SGI,14219571200,61.76,United States
535,Sun Communities,SUI,14165698560,110.79,United States
536,Pinnacle Financial Partners,PNFP,14067075072,93.09,United States
537,Trimble,TRMB,14004781056,60.06,United States
538,Charter Communications,CHTR,13900264448,106.96,United States
539,Omega Healthcare Investors,OHI,13798542336,43.75,United States
540,Wayfair,W,13789674496,104.47,United States
541,Jones Lang LaSalle,JLL,13648646144,296.66,United States
542,Mid-America Apartment Communities,MAA,13628295168,114.21,United States
543,Tyler Technologies,TYL,13610078208,332.34,United States
544,Masco,MAS,13580298240,68.87,United States
545,Sunoco,SUN,13563913216,71.99,United States
546,UL Solutions,ULS,13530931200,67.13,United States
547,Annaly Capital Management,NLY,13514099712,17.93,United States
548,TTM Technologies,TTMI,13505724416,128.2,United States
549,Carlyle Group,CG,13469379584,37.8,United States
550,Invesco,IVZ,13465743360,30.5,United States
551,Guidewire Software,GWRE,13445157888,163.98,United States
552,Gen Digital,GEN,13402362880,22.39,United States
553,Weyerhaeuser,WY,13384067072,18.57,United States
554,Stanley Black &amp; Decker,SWK,13336279040,88.31,United States
555,Mueller Industries,MLI,13319543808,60.22,United States
556,Ares Capital,ARCC,13247521792,18.45,United States
557,Regency Centers,REG,13236678656,70.8,United States
558,Healthpeak Properties,DOC,13228955648,18.66,United States
559,Nextpower,NXT,13219044352,86.04,United States
560,Assurant,AIZ,13156128768,266.73,United States
561,Generac,GNRC,13073211392,221.34,United States
562,Vicor,VICR,13038061568,282.78,United States
563,BridgeBio Pharma,BBIO,13000284160,66.5,United States
564,BWX Technologies,BWXT,12968174592,141.54,United States
565,Forgent Power Solutions,FPS,12966732800,40.65,United States
566,Amkor Technology,AMKR,12956296192,52.27,United States
567,Corcept Therapeutics,CORT,12928568320,119.6,United States
568,Dick's Sporting Goods,DKS,12924712960,131.18,United States
569,DocuSign,DOCU,12877579264,68.9,United States
570,CACI International Inc,CACI,12858649600,581.85,United States
571,Hasbro,HAS,12799784960,90.75,United States
572,Avery Dennison,AVY,12771599360,166.97,United States
573,Penske Automotive Group,PAG,12753043456,194.22,United States
574,BorgWarner,BWA,12700634112,62.36,United States
575,Textron,TXT,12699111424,73.03,United States
576,Tempus AI,TEM,12693584896,70.35,United States
577,Carlisle Companies,CSL,12637831168,318.22,United States
578,BrightSpring Health Services,BTSG,12623737856,63.8,United States
579,Halozyme Therapeutics,HALO,12574443520,110.79,United States
580,Webster Financial,WBS,12568934400,77.57,United States
581,Globe Life,GL,12557968384,163.41,United States
582,Graco,GGG,12541704192,77.44,United States
583,RPM International,RPM,12540387328,98.33,United States
584,Coca-Cola Consolidated,COKE,12517415936,188.05,United States
585,DT Midstream,DTM,12516256768,122.69,United States
586,Penumbra,PEN,12460844032,316.35,United States
587,CNA Financial,CNA,12409758720,45.86,United States
588,GameStop,GME,12400633856,24.58,United States
589,Baxter,BAX,12392393728,23.97,United States
590,Lennox,LII,12387582976,358.43,United States
591,J.M. Smucker Company,SJM,12384011264,115.93,United States
592,UDR Apartments,UDR,12345581568,33.32,United States
593,Toll Brothers,TOL,12334797824,133.86,United States
594,GoDaddy,GDDY,12311422976,97.21,United States
595,IES Holdings,IESC,12306477056,308.83,United States
596,AMH (American Homes 4 Rent),AMH,12298559488,30.0,United States
597,Applied Industrial Technologies,AIT,12290426880,334.58,United States
598,SEI Investments,SEIC,12250357760,102.07,United States
599,Pershing Square Holdings,PSHD.L,12225084416,56.685,United States
600,McCormick & Company,MKC,12175167488,45.25,United States
601,Brown Forman,BF-A,12141547520,26.46,United States
602,Albemarle,ALB,12125019136,102.75,United States
603,BJ's Wholesale Club,BJ,12113579008,95.9,United States
604,JFrog,FROG,12102024192,98.15,United States
605,Madison Air Solutions,MAIR,12101550080,24.12,United States
606,Encompass Health,EHC,12083066880,122.48,United States
607,Rambus,RMBS,12055109632,111.48,United States
608,TransUnion,TRU,12036312064,62.82,United States
609,Pinnacle West Capital,PNW,11821578240,97.54,United States
610,Arrow Electronics,ARW,11810058240,232.0,United States
611,Manhattan Associates,MANH,11784017920,202.11,United States
612,Crane Company,CR,11765262336,203.55,United States
613,Sanmina,SANM,11759796224,219.41,United States
614,Quantinuum Inc.,QNT,11748267008,44.22,United States
615,"QXO, Inc.",QXO,11734020096,11.31,United States
616,Gartner,IT,11731185664,185.77,United States
617,Advanced Energy,AEIS,11704740864,292.25,United States
618,Watsco,WSO,11659931648,282.65,United States
619,Crown Holdings,CCK,11648250880,107.1,United States
620,Watts Water Technologies,WTS,11625980928,348.26,United States
621,Equity LifeStyle Properties,ELS,11618255872,57.98,United States
622,American Financial Group,AFG,11527742464,139.02,United States
623,Figma,FIG,11523673088,21.62,United States
624,U-Haul,UHAL,11500318720,59.16,United States
625,Aurora Innovation,AUR,11463768064,5.72,United States
626,Erie Indemnity,ERIE,11387164672,217.77,United States
627,VIAVI Solutions,VIAV,11378817024,46.27,United States
628,Pinterest,PINS,11376794624,20.31,United States
629,Bio-Techne,TECH,11374026752,72.53,United States
630,Ally Financial,ALLY,11367942144,37.37,United States
631,DaVita,DVA,11346624512,176.78,United States
632,Gaming and Leisure Properties,GLPI,11315127296,37.78,United States
633,Madrigal Pharmaceuticals,MDGL,11268344832,487.72,United States
634,Five Below,FIVE,11243961344,204.235,United States
635,Alcoa,AA,11210872832,42.48,United States
636,CoStar Group,CSGP,11183454208,27.6,United States
637,Dayforce,DAY,11180042240,69.86,United States
638,SailPoint,SAIL,11178448896,19.58,United States
639,Elanco,ELAN,11171544064,22.36,United States
640,Confluent,CFLT,11133729792,30.99,United States
641,Littelfuse,LFUS,11041851392,434.74,United States
642,Hecla Mining,HL,10992975872,16.39,United States
643,Paramount Skydance,PSKY,10992190464,9.775,United States
644,HubSpot,HUBS,10984028160,220.27,United States
645,Deckers Brands,DECK,10946296832,80.38,United States
646,Antero Resources,AR,10935605248,35.57,United States
647,Essential Utilities,WTRG,10933988352,38.53,United States
648,Regal Rexnord,RRX,10932386816,164.17,United States
649,FormFactor,FORM,10898076672,139.8,United States
650,First Horizon Corporation,FHN,10892136448,22.99,United States
651,Globalstar,GSAT,10840568832,83.67,United States
652,American Healthcare REIT,AHR,10762599424,49.37,United States
653,Hormel Foods,HRL,10759357440,19.55,United States
654,"BXP, Inc.",BXP,10747736064,59.42,United States
655,Instacart (Maplebear Inc.),CART,10729842688,45.21,United States
656,BioMarin Pharmaceutical,BMRN,10685272064,55.2,United States
657,Texas Roadhouse,TXRH,10665337856,162.48,United States
658,AES,AES,10647444480,14.93,United States
659,Bentley Systems,BSY,10618565632,35.15,United States
660,Repligen,RGEN,10616858624,167.22,United States
661,Chime Financial,CHYM,10573882368,27.93,United States
662,Stifel,SF,10526329856,69.71,United States
663,Service Corporation International,SCI,10475371520,76.86,United States
664,New York Times,NYT,10467304448,64.9,United States
665,Fidelity National Financial,FNF,10464884736,39.02,United States
666,Cooper Companies,COO,10411002880,54.75,United States
667,Applied Optoelectronics,AAOI,10404416512,122.54,United States
668,Avantor,AVTR,10382108672,15.35,United States
669,Knight-Swift Transportation,KNX,10354536448,63.62,United States
670,ImmunityBio,IBRX,10333404160,9.75,United States
671,Twist Bioscience,TWST,10319777792,155.65,United States
672,Cognex,CGNX,10296981504,61.21,United States
673,Universal Health Services,UHS,10291493888,174.62,United States
674,Evercore,EVR,10278225920,267.26,United States
675,Huntington Ingalls Industries,HII,10271597568,260.67,United States
676,EastGroup Properties,EGP,10246505472,190.55,United States
677,Apogee Therapeutics,APGE,10223142912,135.07,United States
678,Jack Henry &amp; Associates,JKHY,10214617088,145.69,United States
679,Molina Healthcare,MOH,10169604096,194.82,United States
680,Oscar Health,OSCR,10157506560,32.91,United States
681,Glaukos,GKOS,10155853824,172.18,United States
682,Dillard's,DDS,10142959616,649.38,United States
683,Donaldson Company,DCI,10114318336,87.26,United States
684,Paycom,PAYC,10077113344,223.58,United States
685,Qorvo,QRVO,10071849984,114.17,United States
686,Modine Manufacturing,MOD,10061671424,189.44,United States
687,AGNC Investment,AGNC,10029173760,8.46,United States
688,Domino's Pizza,DPZ,10027074560,303.1,United States
689,Vaxcyte,PCVX,9964001280,66.96,United States
690,Clorox,CLX,9941738496,82.21,United States
691,Align Technology,ALGN,9936344064,139.87,United States
692,PBF Energy,PBF,9919162368,83.68,United States
693,"Popular, Inc. (Banco Popular de Puerto Rico)",BPOP,9918832640,155.52,United States
694,10x Genomics,TXG,9915157504,76.1,United States
695,Globus Medical,GMED,9901816832,73.75,United States
696,Antero Midstream,AM,9896952832,20.85,United States
697,The Ensign Group,ENSG,9862553600,169.22,United States
698,Bio-Rad Laboratories,BIO,9846127616,367.92,United States
699,Snap,SNAP,9825858560,5.81,United States
700,Elastic NV,ESTC,9774688256,93.1,United States
701,ViaSat,VSAT,9762754560,70.87,United States
702,Madison Square Garden Sports,MSGS,9751653376,404.97,United States
703,Affiliated Managers Group,AMG,9751521280,377.09,United States
704,UMB Financial,UMBF,9737553920,128.21,United States
705,MaxLinear,MXL,9736820736,107.36,United States
706,FactSet,FDS,9701569536,272.78,United States
707,Ryan Specialty,RYAN,9635713024,37.6,United States
708,Camden Property Trust,CPT,9631670272,95.8,United States
709,Wintrust Financial,WTFC,9613225984,142.49,United States
710,Krystal Biotech,KRYS,9606894592,324.57,United States
711,South State Corp,SSB,9591751680,98.91,United States
712,Solstice Advanced Materials,SOLS,9588027392,60.36,United States
713,Leonardo DRS,DRS,9549378560,35.78,United States
714,Henry Schein,HSIC,9530276864,83.66,United States
715,Advanced Drainage Systems,WMS,9507105792,126.08,United States
716,DraftKings,DKNG,9507094528,19.15,United States
717,Darling Ingredients,DAR,9471331328,60.02,United States
718,OGE Energy,OGE,9470517248,45.89,United States
719,Murphy USA,MUSA,9401915392,511.52,United States
720,Match Group,MTCH,9379453952,40.86,United States
721,Cullen/Frost Bankers,CFR,9345312768,150.37,United States
722,Old National Bank,ONB,9342358528,24.42,United States
723,Insulet,PODD,9318430720,134.36,United States
724,Range Resources,RRC,9307455488,39.83,United States
725,Allison Transmission,ALSN,9146343424,110.76,United States
726,Federal Realty Investment Trust,FRT,9135992832,105.11,United States
727,The Toro Company,TTC,9127442432,96.42,United States
728,Protagonist Therapeutics,PTGX,9118691328,140.92,United States
729,Old Republic International,ORI,9104435200,37.71,United States
730,Bruker,BRKR,9098898432,59.72,United States
731,Kinetik,KNTK,9089417216,53.72,United States
732,FirstCash,FCFS,9088994304,209.56,United States
733,Owens Corning,OC,9065303040,114.68,United States
734,Axsome Therapeutics,AXSM,9060310016,172.97,United States
735,Element Solutions,ESI,9057810432,37.17,United States
736,Life Time Group,LTH,9050209280,40.5,United States
737,Zions Bancorporation,ZION,9037431808,61.92,United States
738,Valmont Industries,VMI,9019388928,464.59,United States
739,Flowserve,FLS,9012951040,70.52,United States
740,Crinetics Pharmaceuticals,CRNX,9012787200,84.95,United States
741,Kymera Therapeutics,KYMR,9009369088,108.35,United States
742,Acuity Brands,AYI,8993238016,300.42,United States
743,Jefferies Financial Group,JEF,8977722368,44.14,United States
744,Ryder,R,8908744704,232.32,United States
745,Saia,SAIA,8905262080,334.72,United States
746,Jackson Financial,JXN,8825055232,130.3,United States
747,SentinelOne,S,8809122816,25.31,United States
748,Voya Financial,VOYA,8767008768,96.77,United States
749,Legence Corp.,LGN,8764601344,53.35,United States
750,Houlihan Lokey,HLI,8751186944,125.22,United States
751,Sirius XM,SIRI,8746886144,25.95,United States
752,Liberty Live Holdings,LLYVA,8711989248,94.69,United States
753,GitLab,GTLB,8662315008,51.99,United States
754,Arrowhead Pharmaceuticals,ARWR,8659890176,61.48,United States
755,Janus Living,JAN,8646301696,27.83,United States
756,SPX Technologies,SPXC,8545649152,170.62,United States
757,InterDigital,IDCC,8536627200,330.8,United States
758,Dycom Industries,DY,8519263232,282.46,United States
759,Lineage,LINE,8509382144,34.21,United States
760,American Airlines,AAL,8506313728,12.85,United States
761,Cytokinetics,CYTK,8497111552,61.12,United States
762,Zeta Global,ZETA,8469199360,33.74,United States
763,CareTrust REIT,CTRE,8464022528,35.82,United States
764,CubeSmart,CUBE,8440651264,37.23,United States
765,Avnet,AVT,8414942208,102.53,United States
766,Primerica,PRI,8414835200,273.41,United States
767,SM Energy,SM,8384355840,35.25,United States
768,Tetra Tech,TTEK,8377774080,32.72,United States
769,NewMarket Corp,NEU,8330380800,905.83,United States
770,Procore,PCOR,8327152640,54.8,United States
771,Gap Inc.,GAP,8293488128,23.61,United States
772,Rexford Industrial,REXR,8267455488,36.16,United States
773,Booz Allen Hamilton,BAH,8262375424,68.69,United States
774,MP Materials,MP,8247884800,46.31,United States
775,Brixmor Property Group,BRX,8236452864,26.84,United States
776,Ryman Hospitality Properties,RHP,8229135872,119.29,United States
777,Ozon,OZON.ME,8172839056,36.98,United States
778,Agree Realty,ADC,8127331328,65.16,United States
779,Western Alliance Bancorporation,WAL,8111649280,74.35,United States
780,TG Therapeutics,TGTX,8105006592,52.95,United States
781,Mohawk Industries,MHK,8073032192,119.18,United States
782,Ralliant Corporation,RAL,8066763264,72.91,United States
783,Oshkosh Corporation,OSK,8019001856,128.61,United States
784,Columbia Banking System,COLB,7992408064,28.26,United States
785,Timken Company,TKR,7985614848,114.91,United States
786,First Industrial Realty Trust,FR,7971616768,58.18,United States
787,Prosperity Bancshares,PB,7925657600,65.95,United States
788,Hinge Health,HNGE,7896755712,97.86,United States
789,Galaxy Digital Holdings,7LX.F,7887111260,22.3715,United States
790,Kratos Defense &amp; Security Solutions,KTOS,7864587776,41.94,United States
791,Westlake Corporation,WLK,7862043648,61.52,United States
792,UGI Corporation,UGI,7861240832,36.65,United States
793,Netskope,NTSK,7861228032,19.24,United States
794,Paylocity,PCTY,7853492224,148.02,United States
795,Lincoln National Corporation,LNC,7849340416,41.0,United States
796,Alexandria Real Estate Equities,ARE,7780427264,45.21,United States
797,Praxis Precision Medicines,PRAX,7762314752,278.02,United States
798,Brinker International,EAT,7761016320,185.31,United States
799,Commerce Bancshares,CBSH,7732428800,53.91,United States
800,Wynn Resorts,WYNN,7719952384,74.97,United States
801,Zurn Elkay Water Solutions,ZWS,7709363200,46.48,United States
802,Solaris Energy Infrastructure,SEI,7693891584,76.46,United States
803,Caris Life Sciences,CAI,7658330112,27.1,United States
804,AptarGroup,ATR,7657075200,120.43,United States
805,NNN REIT,NNN,7646546432,39.84,United States
806,AGCO,AGCO,7643963392,109.15,United States
807,Idacorp,IDA,7637463040,132.04,United States
808,Central Bancompany,CBC,7630633984,31.86,United States
809,BOK Financial,BOKF,7619302912,125.4,United States
810,HealthEquity,HQY,7601536000,91.9,United States
811,Hanover Insurance Group,THG,7577228288,217.61,United States
812,CarMax,KMX,7562712064,53.28,United States
813,MGM Resorts,MGM,7547782656,30.0,United States
814,Kinsale Capital Group,KNSL,7532825088,330.7,United States
815,Morningstar,MORN,7527097856,200.65,United States
816,A. O. Smith,AOS,7521180672,55.34,United States
817,Levi Strauss &amp; Co.,LEVI,7508434432,19.51,United States
818,Core &amp; Main,CNM,7506850816,40.7,United States
819,AECOM,ACM,7500427264,58.28,United States
820,Clearway Energy,CWEN,7470604800,30.29,United States
821,Chord Energy,CHRD,7441645568,136.05,United States
822,StoneX Group,SNEX,7413104640,61.46,United States
823,Silicon Labs,SLAB,7405585920,221.945,United States
824,National Fuel Gas,NFG,7383102976,77.68,United States
825,Ionis Pharmaceuticals,IONS,7338699776,44.16,United States
826,Chewy,CHWY,7323114496,18.22,United States
827,Smithfield Foods,SFD,7284697088,18.5,United States
828,MSC Industrial Direct,MSM,7281240576,130.38,United States
829,Kirby Corporation,KEX,7252608000,137.36,United States
830,Eastman Chemical,EMN,7231158784,63.25,United States
831,Powell Industries,POWL,7203994112,197.74,United States
832,Dropbox,DBX,7193002496,33.08,United States
833,Arcosa,ACA,7189236224,146.4,United States
834,TeraWulf,WULF,7185148928,14.4,United States
835,Aaon,AAON,7184185344,87.13,United States
836,Applied Digital,APLD,7123241984,23.81,United States
837,Plexus,PLXS,7104650240,266.57,United States
838,Duolingo,DUOL,7098412544,151.72,United States
839,AeroVironment,AVAV,7056963072,138.86,United States
840,Compass,COMP,7054653440,9.19,United States
841,Light &amp; Wonder,LNW,7028988928,86.22,United States
842,Spyre Therapeutics,SYRE,7021115392,80.85,United States
843,Axalta,AXTA,7017716224,32.79,United States
844,Simpson Manufacturing Company,SSD,7017396736,171.22,United States
845,Commercial Metals Company,CMC,6996989440,63.25,United States
846,Federal Signal,FSS,6983771136,114.41,United States
847,AppFolio,APPF,6976084992,196.97,United States
848,Riot Platforms,RIOT,6957301248,18.54,United States
849,STAG Industrial,STAG,6943196160,35.28,United States
850,Gates Industrial Corp,GTES,6938873344,27.41,United States
851,ServiceTitan,TTAN,6920607232,71.74,United States
852,Vornado Realty Trust,VNO,6917874176,33.78,United States
853,MSA Safety,MSA,6916315648,179.28,United States
854,Norwegian Cruise Line,NCLH,6910776832,15.05,United States
855,Allegro MicroSystems,ALGM,6902467584,37.03,United States
856,Terreno Realty,TRNO,6902179328,63.34,United States
857,Valley Bank,VLY,6896513024,12.48,United States
858,Hims &amp; Hers Health,HIMS,6892078080,29.54,United States
859,Molson Coors,TAP,6889473024,36.95,United States
860,Cleveland-Cliffs,CLF,6880713216,12.06,United States
861,Victory Capital,VCTR,6879845376,111.85,United States
862,Primo Brands,PRMB,6876930560,19.0,United States
863,Aura Minerals,AUGO,6876297216,82.02,United States
864,Armstrong World Industries,AWI,6860102144,162.32,United States
865,Qualys,QLYS,6858512384,194.75,United States
866,Oklo,OKLO,6849169920,36.82,United States
867,Amneal Pharmaceuticals,AMRX,6844016640,19.65,United States
868,Victoria's Secret &amp; Co,VSXY,6842957312,85.79,United States
869,Fluor Corporation,FLR,6839517696,51.14,United States
870,PACS Group,PACS,6835784192,43.19,United States
871,Urban Outfitters,URBN,6831399424,79.75,United States
872,Celsius Holdings,CELH,6811703296,26.92,United States
873,UiPath,PATH,6811501056,13.07,United States
874,Hess Midstream,HESM,6810071040,33.03,United States
875,EnPro Industries,NPO,6724548608,317.68,United States
876,LandBridge,LB,6714911232,85.72,United States
877,StandardAero,SARO,6701118464,20.25,United States
878,Dutch Bros,BROS,6696635904,38.18,United States
879,Pilgrim's Pride,PPC,6695611904,28.12,United States
880,Magnolia Oil &amp; Gas,MGY,6683331072,24.33,United States
881,Matson,MATX,6666078720,222.92,United States
882,ESCO Technologies,ESE,6655653888,256.9,United States
883,NOV,NOV,6637622784,18.62,United States
884,Immunovant,IMVT,6617948160,32.04,United States
885,Lamb Weston,LW,6611565056,48.09,United States
886,EnerSys,ENS,6581542912,182.49,United States
887,Etsy,ETSY,6561476608,71.49,United States
888,Chemed,CHE,6553932288,501.45,United States
889,Macerich,MAC,6546723840,22.19,United States
890,Lantheus Holdings,LNTH,6541741568,100.18,United States
891,Matador Resources,MTDR,6540410368,52.85,United States
892,Planet Labs,PL,6458301952,17.75,United States
893,OneMain Financial,OMF,6450375168,56.07,United States
894,TXNM Energy,TXNM,6443458048,58.51,United States
895,RingCentral,RNG,6391561728,76.54,United States
896,Ingram Micro Holding Corporation,INGM,6360520192,27.65,United States
897,The Mosaic Company,MOS,6348376064,19.97,United States
898,Hexcel,HXL,6344807936,83.9,United States
899,Conagra Brands,CAG,6325702656,13.25,United States
900,Lithia Motors,LAD,6317287936,287.37,United States
901,Enact Holdings,ACT,6299501568,45.82,United States
902,Belite Bio,BLTE,6285676544,156.08,United States
903,First American Financial Corporation,FAF,6257709056,61.29,United States
904,Commvault,CVLT,6228289024,150.28,United States
905,Figure Technology Solutions,FIGR,6210779648,27.68,United States
906,e.l.f. Beauty,ELF,6197609984,105.03,United States
907,Terex,TEX,6187059200,54.13,United States
908,United Bankshares,UBSI,6175878144,45.34,United States
909,Sensata Technologies,ST,6166353920,42.37,United States
910,Zillow,Z,6134588928,27.28,United States
911,Amdocs,DOX,6133337088,58.74,United States
912,Terns Pharmaceuticals,TERN,6116845568,52.95,United States
913,Plains GP,PAGP,6106940928,26.21,United States
914,Sprouts Farmers Market,SFM,6085340160,65.26,United States
915,CAVA Group,CAVA,6082098688,52.07,United States
916,Rhythm Pharmaceuticals,RYTM,6067101696,88.45,United States
917,Materion,MTRN,6056780288,290.72,United States
918,Cipher Mining,CIFR,6042847232,14.56,United States
919,F.N.B. Corporation,FNB,6025726464,17.07,United States
920,Caesars Entertainment,CZR,6009476096,29.49,United States
921,Southwest Gas,SWX,5975334400,82.48,United States
922,Xometry,XMTR,5955503616,107.8,United States
923,Macy's,M,5952216064,22.79,United States
924,Ingredion,INGR,5943780352,94.25,United States
925,GRAIL,GRAL,5936141824,132.9,United States
926,Healthcare Realty Trust,HR,5920693248,16.88,United States
927,Abercrombie &amp; Fitch,ANF,5917049344,139.44,United States
928,Lyft,LYFT,5905228288,15.6,United States
929,Lear Corporation,LEA,5900721152,119.63,United States
930,PJT Partners,PJT,5861801472,137.61,United States
931,Iovance Biotherapeutics,IOVA,5850125824,12.915,United States
932,"X-Energy, Inc.",XE,5847608320,14.39,United States
933,Ligand Pharmaceuticals,LGND,5846316544,293.26,United States
934,Impinj,PI,5837114880,191.04,United States
935,Navan,NAVN,5801946112,22.28,United States
936,WEX,WEX,5792510976,169.96,United States
937,International Seaways,INSW,5792192000,116.94,United States
938,Lumen Technologies,LUMN,5790347776,5.62,United States
939,Black Hills,BKH,5783037952,75.84,United States
940,MarketAxess,MKTX,5778323456,164.17,United States
941,CVR Energy,CVI,5768445952,57.38,United States
942,GATX,GATX,5766727680,163.34,United States
943,Builders FirstSource,BLDR,5761789952,53.55,United States
944,Albertsons,ACI,5749998592,11.74,United States
945,Hancock Whitney,HWC,5747179520,71.64,United States
946,Joby Aviation,JOBY,5728692224,5.75,United States
947,Kodiak Sciences,KOD,5724328448,91.08,United States
948,The Trade Desk,TTD,5716092928,12.09,United States
949,Loar Holdings,LOAR,5714996736,61.0,United States
950,Hamilton Lane,HLNE,5710280192,85.2,United States
951,StepStone Group,STEP,5702928384,44.18,United States
952,Argan,AGX,5673527808,404.39,United States
953,Landstar System,LSTR,5666787328,166.98,United States
954,Mercury General,MCY,5665702912,102.29,United States
955,Vishay Intertechnology,VSH,5655089664,36.87,United States
956,VF Corporation,VFC,5653275136,14.38,United States
957,Pegasystems,PEGA,5647309824,34.35,United States
958,Cirrus Logic,CRUS,5647246848,112.68,United States
959,Home BancShares,HOMB,5637398528,28.18,United States
960,Campbell's,CPB,5636635648,18.9,United States
961,Varonis Systems,VRNS,5623569408,48.96,United States
962,Sensient Technologies,SXT,5619102720,132.0,United States
963,POOLCORP,POOL,5601562624,154.14,United States
964,EPAM Systems,EPAM,5587901440,108.32,United States
965,LKQ Corporation,LKQ,5573636096,22.03,United States
966,Credit Acceptance,CACC,5570510848,532.55,United States
967,Glacier Bancorp,GBCI,5568741888,42.77,United States
968,MGIC Investment,MTG,5552729088,27.07,United States
969,Ormat Technologies,ORA,5532879872,89.97,United States
970,CG Oncology,CGON,5529386496,62.38,United States
971,Kodiak Gas Services,KGS,5524324352,54.64,United States
972,Crocs,CROX,5523272704,115.2,United States
973,Brookfield Renewable,BEPC,5478322688,29.51,United States
974,Schneider National,SNDR,5467635200,31.19,United States
975,Dolby,DLB,5465573888,58.35,United States
976,Weatherford International,WFRD,5464954880,76.42,United States
977,Novanta,NOVT,5432144384,143.64,United States
978,EXL Service,EXLS,5425321472,35.51,United States
979,JBT Marel Corporation,JBTM,5412308480,104.33,United States
980,Essential Properties Realty Trust,EPRT,5409627648,24.95,United States
981,RadNet,RDNT,5399453184,68.61,United States
982,Rayonier,RYN,5383499264,17.99,United States
983,MiniMed Group,MMED,5376596992,19.11,United States
984,Atlantic Union Bankshares,AUB,5369839616,37.6,United States
985,BGC Group,BGC,5368016896,11.29,United States
986,Associated Banc-Corp,ASB,5361478144,28.41,United States
987,Wyndham Hotels &amp; Resorts,WH,5361011200,72.24,United States
988,Frontdoor,FTDR,5360588288,77.81,United States
989,Murphy Oil,MUR,5340946944,37.25,United States
990,Casella Waste Systems,CWST,5327944704,83.72,United States
991,The Cheesecake Factory,CAKE,5323889664,106.99,United States
992,Laureate Education,LAUR,5311615488,38.56,United States
993,Balchem,BCPC,5304821248,166.41,United States
994,Ameris Bancorp,ABCB,5292748288,78.87,United States
995,H&amp;R Block,HRB,5286800384,43.16,United States
996,PTC Therapeutics,PTCT,5277226496,63.23,United States
997,Archrock,AROC,5275926016,30.09,United States
998,Teleflex,TFX,5274515968,124.48,United States
999,GXO Logistics,GXO,5274343936,45.99,United States
1000,Portland General Electric,POR,5272355328,44.83,United States
1001,Rush Enterprises,RUSHA,5268043776,45.13,United States
1002,PriceSmart,PSMT,5237648384,169.72,United States
1003,Mirum Pharmaceuticals,MIRM,5236132864,80.64,United States
1004,AXT Inc,AXTI,5232086528,79.79,United States
1005,Phillips Edison &amp; Company,PECO,5230405120,37.05,United States
1006,Cogent Biosciences,COGT,5230042624,30.14,United States
1007,SOLV Energy,MWH,5211458048,25.75,United States
1008,Virtu Financial,VIRT,5192963072,58.81,United States
1009,First National of Nebraska,FINN,5188416000,19200.0,United States
1010,Liberty Broadband,LBRDA,5177567232,35.99,United States
1011,Red Rock Resorts,RRR,5170778112,50.7,United States
1012,AutoNation,AN,5164428800,156.21,United States
1013,Vail Resorts,MTN,5155358208,144.67,United States
1014,Churchill Downs,CHDN,5154332672,73.95,United States
1015,New Jersey Resources,NJR,5142963200,50.96,United States
1016,Scholar Rock Holding,SRRK,5139338752,42.2,United States
1017,Eagle Materials,EXP,5138116608,167.5,United States
1018,"Mobility Global, Inc.",MBGL,5125490176,17.37,United States
1019,Iridium Communications,IRDM,5125267968,48.36,United States
1020,Core Scientific,CORZ,5122166784,15.94,United States
1021,Ollie's Bargain Outlet,OLLI,5116328960,86.13,United States
1022,SAIC (Science Applications International Corp),SAIC,5114863616,122.08,United States
1023,ACI Worldwide,ACIW,5113382912,50.65,United States
1024,Sotera Health,SHC,5108208640,17.9,United States
1025,RLI Corp.,RLI,5097072640,55.54,United States
1026,Outfront Media,OUT,5095592960,28.93,United States
1027,Granite Construction,GVA,5094431744,114.67,United States
1028,Merit Medical,MMSI,5080759296,85.09,United States
1029,Boyd Gaming,BYD,5074980864,69.85,United States
1030,ACM Research,ACMR,5068371968,72.77,United States
1031,Main Street Capital,MAIN,5066288640,54.18,United States
1032,Construction Partners,ROAD,5034785280,88.71,United States
1033,CNX Resources,CNX,5013809664,33.89,United States
1034,Selective Insurance,SIGI,4995076096,83.81,United States
1035,Axos Financial,AX,4985309696,87.68,United States
1036,Travere Therapeutics,TVTX,4969540608,53.44,United States
1037,Global Business Travel Group,GBTG,4962547712,9.5,United States
1038,USA Rare Earth,USAR,4962263040,13.23,United States
1039,Klaviyo,KVYO,4957104640,17.41,United States
1040,Graham Holdings,GHC,4953171456,1169.6,United States
1041,"Calumet, Inc.",CLMT,4947791360,56.29,United States
1042,Waystar,WAY,4941356544,25.77,United States
1043,Blue Owl Capital Corporation,OBDC,4941288448,10.02,United States
1044,Erasca,ERAS,4938639872,14.12,United States
1045,Kite Realty,KRG,4938008576,23.75,United States
1046,Doximity,DOCS,4935631360,27.69,United States
1047,CNO Financial Group,CNO,4902707200,52.99,United States
1048,Installed Building Products,IBP,4901199872,184.4,United States
1049,"Box, Inc.",BOX,4898067456,35.7,United States
1050,Floor &amp; Decor,FND,4879370240,45.82,United States
1051,MYR Group,MYRG,4874420736,313.08,United States
1052,Rigetti Computing,RGTI,4869685760,14.59,United States
1053,Nexstar Media Group,NXST,4869252096,158.05,United States
1054,Remitly,RELY,4853915136,22.93,United States
1055,Mercury Systems,MRCY,4853870592,79.75,United States
1056,Celanese,CE,4813587968,43.86,United States
1057,Starwood Property Trust,STWD,4807875072,12.66,United States
1058,Sabra Health Care REIT,SBRA,4787372032,18.74,United States
1059,Hagerty,HGTY,4786663936,13.93,United States
1060,Eastern Bankshares,EBC,4766751232,20.86,United States
1061,Rithm Capital,RITM,4763211776,8.53,United States
1062,Middleby,MIDD,4759199744,105.24,United States
1063,Bank OZK,OZK,4749678592,43.56,United States
1064,Synaptics,SYNA,4742727680,119.46,United States
1065,BETA Technologies,BETA,4739645952,20.26,United States
1066,Warrior Met Coal,HCC,4729482752,89.57,United States
1067,Icahn Enterprises,IEP,4727585280,6.65,United States
1068,Sonoco,SON,4719991296,47.74,United States
1069,Definium Therapeutics,DFTX,4714936320,35.09,United States
1070,Acushnet Holdings,GOLF,4705694208,80.57,United States
1071,Insight Enterprises,NSIT,4699631616,160.13,United States
1072,VSE Corporation,VSEC,4696392192,167.34,United States
1073,Uranium Energy,UEC,4693187072,9.47,United States
1074,Flagstar Bank,FLG,4690549248,11.3,United States
1075,Rush Street Interactive,RSI,4687063040,20.24,United States
1076,RXO,RXO,4678295552,28.36,United States
1077,Mattel,MAT,4676909056,16.37,United States
1078,CSW Industrials,CSW,4671343104,286.7,United States
1079,Greif,GEF,4671213056,82.17,United States
1080,HASI (HA Sustainable Infrastructure Capita),HASI,4670821888,36.35,United States
1081,Choice Hotels International,CHH,4657942528,103.49,United States
1082,Perimeter Solutions,PRM,4655256064,28.44,United States
1083,Option Care Health,OPCH,4645095424,31.01,United States
1084,Concentra Group,CON,4641645568,36.4,United States
1085,Veradermics,MANE,4635506176,110.95,United States
1086,Diodes Incorporated,DIOD,4635104256,100.65,United States
1087,Haemonetics,HAE,4627505152,101.71,United States
1088,California Resources Corporation,CRC,4623964160,52.06,United States
1089,Delek US,DK,4620579840,75.46,United States
1090,Reynolds Consumer Products,REYN,4620020736,21.92,United States
1091,LifeStance Health Group,LFST,4603666432,12.11,United States
1092,ADT,ADT,4602523136,6.3,United States
1093,Spire Inc.,SR,4600158720,77.82,United States
1094,Fortune Brands Innovations,FBIN,4598189568,38.52,United States
1095,Enova International,ENVA,4584288256,184.12,United States
1096,Fannie Mae,FNMA,4574446080,3.95,United States
1097,ONE Gas,OGS,4566508032,72.65,United States
1098,UniFirst,UNF,4562817536,252.31,United States
1099,Trex,TREX,4552842240,43.82,United States
1100,NorthWestern Energy,NWE,4550475264,73.97,United States
1101,Cousins Properties,CUZ,4532183040,27.53,United States
1102,Chefs' Warehouse,CHEF,4528773120,111.01,United States
1103,Louisiana-Pacific,LPX,4526841344,64.74,United States
1104,Amentum,AMTM,4525813760,18.51,United States
1105,TFS Financial,TFSL,4520737280,16.12,United States
1106,BillionToOne,BLLN,4518158848,95.75,United States
1107,Tutor Perini Corporation,TPC,4516212736,85.91,United States
1108,Piper Sandler,PIPR,4508057600,63.79,United States
1109,First Financial Bankshares,FFIN,4498809344,31.39,United States
1110,Gentex,GNTX,4489025024,21.08,United States
1111,Parsons,PSN,4487962624,42.02,United States
1112,EquipmentShare.com,EQPT,4479687168,17.68,United States
1113,Baldwin Insurance Group,BWIN,4474946560,31.81,United States
1114,Radian Group,RDN,4458554368,33.7,United States
1115,Nelnet,NNI,4455255552,124.52,United States
1116,Primoris Services Corporation,PRIM,4422864384,82.16,United States
1117,Alaska Airlines,ALK,4416936448,39.59,United States
1118,Enphase Energy,ENPH,4415240704,33.5,United States
1119,Core Natural Resources,CNR,4411174400,88.87,United States
1120,Cactus Inc,WHD,4400162816,63.1,United States
1121,Dave Inc.,DAVE,4398353920,344.82,United States
1122,Champion Homes,SKY,4398319104,81.03,United States
1123,Bill.com,BILL,4382256128,44.0,United States
1124,CLEAR Secure,YOU,4381952512,42.58,United States
1125,Versant Media Group,VSNT,4375507456,31.44,United States
1126,Vontier,VNT,4362904064,32.27,United States
1127,Oceaneering International,OII,4349445632,43.7,United States
1128,Franklin Electric,FELE,4314596864,97.59,United States
1129,Par Pacific Holdings,PARR,4314579968,86.12,United States
1130,Covista Inc.,CVSA,4310404608,127.3,United States
1131,Integer Holdings,ITGR,4303688704,126.59,United States
1132,Tenable,TENB,4293990656,38.94,United States
1133,HeartFlow,HTFL,4292030976,49.36,United States
1134,Howard Hughes Holdings,HHH,4290843392,71.85,United States
1135,Belden,BDC,4275545088,109.41,United States
1136,Axcelis Technologies,ACLS,4273997824,138.4,United States
1137,KBR,KBR,4272435968,33.89,United States
1138,Indivior PLC,INDV,4264494080,36.13,United States
1139,Patterson-UTI Energy,PTEN,4263106304,11.23,United States
1140,Griffon Corporation,GFF,4257703424,94.0,United States
1141,SLM Corporation (Sallie Mae),SLM,4248800000,22.6,United States
1142,OPENLANE Corporate,OPLN,4246810624,34.79,United States
1143,International Bancshares Corp,IBOC,4235863808,68.11,United States
1144,Cinemark Theatres,CNK,4221509632,36.42,United States
1145,UFP Industries,UFPI,4216544512,76.44,United States
1146,Fulton Financial,FULT,4214439168,22.075,United States
1147,Brink's,BCO,4204225792,102.07,United States
1148,Alliance Laundry Holdings,ALH,4194449920,21.1,United States
1149,Adaptive Biotechnologies,ADPT,4194178816,26.28,United States
1150,Ondas Holdings,ONDS,4186756608,7.19,United States
1151,ServisFirst Bancshares,SFBS,4174792960,38.18,United States
1152,ESAB,ESAB,4172703488,67.12,United States
1153,Federated Hermes,FHI,4169776640,55.85,United States
1154,CECO Environmental,CECO,4167829504,71.16,United States
1155,AZZ,AZZ,4162433024,138.51,United States
1156,Moelis &amp; Company,MC,4159642368,56.15,United States
1157,Herc Holdings,HRI,4159540224,124.42,United States
1158,Cavco Industries,CVCO,4156429312,540.54,United States
1159,Tidewater,TDW,4149669888,83.4,United States
1160,EPR Properties,EPR,4143010560,54.08,United States
1161,Tanger Inc.,SKT,4130063872,34.55,United States
1162,Fervo Energy Company,FRVO,4117841920,13.97,United States
1163,Brunswick Corporation,BC,4105565184,63.36,United States
1164,Mirion Technologies,MIR,4096751616,16.45,United States
1165,Telephone and Data Systems,TDS,4069350400,35.35,United States
1166,Grand Canyon Education,LOPE,4057804544,155.68,United States
1167,Comstock Resources,CRK,4046091008,13.78,United States
1168,Fastly,FSLY,4027104000,25.28,United States
1169,Geo Group,GEO,4017029888,30.52,United States
1170,Workiva,WK,4014215936,71.53,United States
1171,United Community Bank,UCB,4010341120,33.26,United States
1172,AAR,AIR,4004147456,99.62,United States
1173,MARA Holdings,MARA,4002060544,10.36,United States
1174,Kilroy Realty,KRC,3994221056,34.01,United States
1175,Brady Corporation,BRC,3979398400,84.85,United States
1176,MDU Resources,MDU,3973501184,18.89,United States
1177,Excelerate Energy,EE,3970207488,35.01,United States
1178,Helmerich &amp; Payne,HP,3961579776,39.64,United States
1179,Korn Ferry,KFY,3946777856,70.53,United States
1180,Paymentus,PAY,3944429824,31.32,United States
1181,Cathay General Bancorp,CATY,3943453952,59.11,United States
1182,Texas Capital Bancshares,TCBI,3937908224,90.58,United States
1183,Relay Therapeutics,RLAY,3933592576,17.95,United States
1184,Valvoline,VVV,3921147904,30.73,United States
1185,Americold,COLD,3915459840,13.65,United States
1186,Meritage Homes,MTH,3915007744,60.07,United States
1187,ICU Medical,ICUI,3901848064,156.03,United States
1188,Avis Budget Group,CAR,3893604352,110.22,United States
1189,Cabot Corporation,CBT,3892771072,75.41,United States
1190,Broadstone Net Lease,BNL,3891750144,18.28,United States
1191,Madison Square Garden Entertainment,MSGE,3879028992,82.0,United States
1192,Seaboard Corporation,SEB,3871407360,4042.0,United States
1193,COPT Defense Properties,CDP,3868046336,33.39,United States
1194,CorVel Corporation,CRVL,3864012544,76.49,United States
1195,CCC Intelligent Solutions,CCC,3857915392,6.55,United States
1196,Travel + Leisure,TNL,3854643200,62.9,United States
1197,Sezzle,SEZL,3833900544,113.85,United States
1198,SkyWest,SKYW,3832769536,96.64,United States
1199,SiteOne Landscape Supply,SITE,3826458624,86.36,United States
1200,Jersey Mike's Subs,JMKE,3825514496,16.39,United States
1201,Neptune Insurance Holdings,NP,3823313920,27.86,United States
1202,WSFS Financial,WSFS,3819022592,74.75,United States
1203,Sphere Entertainment,SPHR,3815461632,106.24,United States
1204,FTI Consulting,FCN,3802942208,137.73,United States
1205,CVB Financial,CVBF,3789224960,21.53,United States
1206,Apple Hospitality REIT,APLE,3786766848,16.04,United States
1207,Avient,AVNT,3760501760,41.0,United States
1208,Millrose Properties,MRP,3756004096,22.62,United States
1209,Bread Financial,BFH,3751257344,97.64,United States
1210,Itron,ITRI,3747270400,85.58,United States
1211,SL Green Realty,SLG,3728991488,48.6,United States
1212,Penguin Solutions,PENG,3720732416,72.61,United States
1213,Legend Biotech,LEGN,3718618624,19.12,United States
1214,Ionic Digital,IOND,3713984512,82.54,United States
1215,"GPGI, Inc.",GPGI,3710593024,12.8,United States
1216,Boot Barn Holdings,BOOT,3705047808,122.34,United States
1217,Independent Bank Corp.,INDB,3704737280,78.21,United States
1218,Silgan Holdings,SLGN,3704154624,35.05,United States
1219,Envista,NVST,3700632320,23.04,United States
1220,USA Compression Partners,USAC,3698954240,25.52,United States
1221,Otter Tail,OTTR,3697670144,88.07,United States
1222,St. Joe Company,JOE,3694786304,64.9,United States
1223,Atlanta Braves Holdings,BATRA,3693504256,57.56,United States
1224,Tango Therapeutics,TNGX,3680764416,21.83,United States
1225,Dorman Products,DORM,3646243328,122.87,United States
1226,Genworth Financial,GNW,3638705664,9.63,United States
1227,Viking Therapeutics,VKTX,3629296384,28.54,United States
1228,Cohen &amp; Steers,CNS,3625218048,70.5,United States
1229,Lemonade,LMND,3624483584,46.83,United States
1230,Organon,OGN,3621384192,13.79,United States
1231,Magnite,MGNI,3620025856,25.24,United States
1232,WaterBridge Infrastructure,WBI,3618501376,29.31,United States
1233,PVH Corp.,PVH,3613976576,78.33,United States
1234,Firefly Aerospace,FLY,3600873728,21.51,United States
1235,Atmus Filtration Technologies,ATMU,3599994624,44.12,United States
1236,Badger Meter,BMI,3596398336,124.07,United States
1237,Archer Aviation,ACHR,3596025344,4.67,United States
1238,LXP Industrial Trust,LXP,3594034688,60.96,United States
1239,Q2,QTWO,3593501184,57.63,United States
1240,Bath &amp; Body Works,BBWI,3591302912,17.81,United States
1241,Century Aluminum,CENX,3566728448,36.03,United States
1242,BancFirst,BANF,3560493056,106.01,United States
1243,Parabilis Medicines,PBLS,3560227840,28.82,United States
1244,Interparfums,IPAR,3554861568,111.0,United States
1245,Renasant Corp,RNST,3553805568,38.88,United States
1246,Kontoor Brands,KTB,3552485376,65.0,United States
1247,Universal Display Corporation,OLED,3549559040,77.22,United States
1248,Freshworks,FRSH,3548522496,13.6,United States
1249,Marriott Vacations Worldwide,VAC,3545469696,103.08,United States
1250,WisdomTree,WT,3540838144,23.37,United States
1251,Standex International,SXI,3540132352,288.25,United States
1252,Bel Fuse,BELFB,3509026304,246.72,United States
1253,Pulse Biosciences,PLSE,3501226752,49.09,United States
1254,IDEAYA Biosciences,IDYA,3498708736,36.26,United States
1255,WesBanco,WSBC,3497687808,36.47,United States
1256,Independence Realty Trust,IRT,3489517056,14.44,United States
1257,Robert Half,RHI,3472867584,33.95,United States
1258,Veracyte,VCYT,3469663744,43.16,United States
1259,National Healthcare,NHC,3464143872,221.19,United States
1260,iRhythm,IRTC,3460785664,104.99,United States
1261,Tarsus Pharmaceuticals,TARS,3444336128,73.61,United States
1262,Amylyx Pharmaceuticals,AMLX,3442822912,27.43,United States
1263,IPG Photonics,IPGP,3433264128,80.89,United States
1264,Thor Industries,THO,3398289152,65.84,United States
1265,Nicolet Bankshares,NIC,3392811520,161.89,United States
1266,Lionsgate Studios,LION,3365400064,11.31,United States
1267,ACADIA Pharmaceuticals,ACAD,3364784896,19.65,United States
1268,Life360,LIF,3360250624,41.24,United States
1269,NCR Atleos Corporation,NATL,3360093696,45.47,United States
1270,HNI Corporation,HNI,3355010048,46.48,United States
1271,Cohu,COHU,3350614272,70.78,United States
1272,Mueller Water Products,MWA,3339528192,21.39,United States
1273,Palomar Holdings,PLMR,3337608704,126.82,United States
1274,"Atlanta Braves Holdings, Inc.",BATRK,3334163712,51.96,United States
1275,First Interstate BancSystem,FIBK,3310882304,34.74,United States
1276,Stride (K12 Education),LRN,3308994816,79.62,United States
1277,Highwoods Properties,HIW,3299866112,29.38,United States
1278,Acadian Asset Management,AAMI,3284611328,92.55,United States
1279,Exponent,EXPO,3278302464,68.95,United States
1280,Veeco,VECO,3272269568,53.53,United States
1281,M/I Homes,MHO,3269601792,129.32,United States
1282,Planet Fitness,PLNT,3268343040,43.09,United States
1283,AllianceBernstein,AB,3266939904,35.1,United States
1284,Hyperliquid Strategies,PURR,3264122112,11.73,United States
1285,Steve Madden,SHOO,3263698432,44.6,United States
1286,CareDx,CDNA,3261325568,63.04,United States
1287,Knowles,KN,3251571200,38.07,United States
1288,Extreme Networks,EXTR,3251399168,24.6,United States
1289,Bright Horizons,BFAM,3250783488,66.84,United States
1290,First Financial Bank,FFBC,3246503168,30.87,United States
1291,Academy Sports + Outdoors,ASO,3240281344,52.62,United States
1292,Ashland,ASH,3236217344,70.67,United States
1293,Mechanics Bancorp,MCHB,3235041280,14.61,United States
1294,Delek Logistics Partners,DKL,3234915072,55.97,United States
1295,TowneBank,TOWN,3233455616,34.98,United States
1296,Braze,BRZE,3232612608,28.46,United States
1297,American States Water,AWR,3228717824,81.46,United States
1298,Chesapeake Utilities,CPK,3228307200,127.83,United States
1299,Celcuity Inc.,CELC,3218740736,65.78,United States
1300,Simmons First National,SFNC,3209651200,22.21,United States
1301,Atkore,ATKR,3203375104,94.85,United States
1302,UCT (Ultra Clean Holdings),UCTT,3201640704,71.42,United States
1303,Post Holdings,POST,3188626688,72.54,United States
1304,Park National Corp,PRK,3181640704,176.13,United States
1305,Webull,BULL,3178781184,5.89,United States
1306,Wingstop Restaurants,WING,3178660352,116.68,United States
1307,Liberty Energy,LBRT,3167545600,19.41,United States
1308,Alliance Resource Partners,ARLP,3165006592,24.6,United States
1309,United States Lime &amp; Minerals,USLM,3163465728,110.27,United States
1310,PennyMac Financial Services,PFSI,3162744064,60.91,United States
1311,First Advantage,FA,3155115520,18.37,United States
1312,NuScale Power,SMR,3147687680,7.67,United States
1313,CoreCivic,CXW,3146790656,31.82,United States
1314,Pattern Group,PTRN,3141737728,17.71,United States
1315,National Health Investors,NHI,3141103104,63.96,United States
1316,Warby Parker,WRBY,3128519936,25.31,United States
1317,Arcus Biosciences,RCUS,3122214400,24.52,United States
1318,Community Financial System,CBU,3115913984,59.22,United States
1319,Golub Capital,GBDC,3115819008,12.0,United States
1320,Curbline Properties,CURB,3108666368,27.26,United States
1321,Black Stone Minerals,BSM,3106740224,14.62,United States
1322,OSI Systems,OSIS,3093538816,194.05,United States
1323,Seacoast Banking,SBCF,3085748992,31.87,United States
1324,Shift4 Payments,FOUR,3078655232,38.99,United States
1325,Denali Therapeutics,DNLI,3062676224,19.16,United States
1326,Hercules Capital,HTGC,3062003200,16.36,United States
1327,Park Hotels &amp; Resorts,PK,3060342784,15.2,United States
1328,WillScot,WSC,3058503168,16.88,United States
1329,Kadant,KAI,3045098752,257.86,United States
1330,Freshpet,FRPT,3039673088,63.25,United States
1331,Arcutis Biotherapeutics,ARQT,3037974784,24.17,United States
1332,Enliven Therapeutics,ELVN,3030478592,41.36,United States
1333,Peabody Energy,BTU,3029214976,24.85,United States
1334,People Incorporated,PPLI,3022490880,40.59,United States
1335,AvePoint,AVPT,3021154304,14.28,United States
1336,Dana Incorporated,DAN,3014298624,28.02,United States
1337,Asbury Automotive Group,ABG,3011793152,167.77,United States
1338,BankUnited,BKU,3010274560,42.26,United States
1339,Centrus Energy,LEU,3009470208,147.14,United States
1340,Rumble,RUM,3008143360,7.52,United States
1341,CBIZ,CBZ,3007991296,54.75,United States
1342,Ouster,OUST,3004920832,41.67,United States
1343,Polaris,PII,3003937024,52.79,United States
1344,DigitalBridge Group,DBRG,2999924480,16.0,United States
1345,First Hawaiian Bank,FHB,2998228480,24.64,United States
1346,MIAX (Miami International Holdings),MIAX,2994788352,30.18,United States
1347,Benchmark Electronics,BHE,2989616128,83.23,United States
1348,Newmark,NMRK,2984554752,12.195,United States
1349,Dyne Therapeutics,DYN,2982340608,15.97,United States
1350,NMI Holdings,NMIH,2974113792,39.54,United States
1351,FS KKR Capital,FSK,2970658048,10.75,United States
1352,American Eagle Outfitters,AEO,2959344896,17.66,United States
1353,TriNet,TNET,2958560000,64.45,United States
1354,CleanSpark,CLSK,2958532864,11.52,United States
1355,Worthington Enterprises,WOR,2957624064,60.45,United States
1356,Array Digital Infrastructure,AD,2952391424,34.14,United States
1357,Avista,AVA,2950612224,35.23,United States
1358,"Csquare, Inc.",CSQR,2941089792,17.65,United States
1359,The Vita Coco Company,COCO,2930819328,50.65,United States
1360,Cal-Maine Foods,CALM,2928755456,62.7,United States
1361,Aehr Test Systems,AEHR,2918783744,89.37,United States
1362,SPS Commerce,SPSC,2916014336,81.0,United States
1363,Maximus,MMS,2913709568,55.65,United States
1364,NETSCOUT,NTCT,2913381888,40.07,United States
1365,Gulfport Energy,GPOR,2911800320,162.04,United States
1366,Columbia Financial,CLBK,2911087360,10.8,United States
1367,Columbia Sportswear,COLM,2893950976,56.53,United States
1368,Ambarella,AMBA,2883729664,65.33,United States
1369,YETI Holdings,YETI,2880868096,39.47,United States
1370,Slide Insurance,SLDE,2877072640,24.63,United States
1371,Intapp,INTA,2876819200,37.6,United States
1372,ScottsMiracle-Gro,SMG,2876081408,49.4,United States
1373,Agilysys,AGYS,2874733824,101.92,United States
1374,Power Integrations,POWI,2871887616,51.4,United States
1375,ChronoScale,CHRN,2870897408,19.77,United States
1376,Knife River Corporation,KNF,2868339968,50.54,United States
1377,Provident Financial Services,PFS,2865384704,21.97,United States
1378,ABM Industries,ABM,2857461248,48.75,United States
1379,Brighthouse Financial,BHF,2856024320,49.66,United States
1380,Digi International,DGII,2854078464,75.21,United States
1381,"Strive Asset Management, LLC",ASST,2844965120,28.185,United States
1382,ArcBest,ARCB,2835716352,126.87,United States
1383,California Water Service Group,CWT,2807495168,45.4,United States
1384,Harley-Davidson,HOG,2804754176,26.95,United States
1385,TransMedics Group,TMDX,2801853184,81.07,United States
1386,QuantumScape,QS,2798393088,4.52,United States
1387,McGrath RentCorp,MGRC,2790876416,114.26,United States
1388,DXP Enterprises,DXPE,2790759168,179.85,United States
1389,Talos Energy,TALO,2781644800,16.66,United States
1390,Astronics Corporation,ATRO,2779675648,64.63,United States
1391,DNOW Inc.,DNOW,2776871168,15.36,United States
1392,Green Brick Partners,GRBK,2775049984,64.52,United States
1393,Tootsie Roll Industries,TR,2774268416,36.91,United States
1394,Group 1 Automotive,GPI,2773228800,232.61,United States
1395,Crane NXT,CXT,2772152320,48.16,United States
1396,National Beverage,FIZZ,2770918400,29.6,United States
1397,Hawkins,HWKN,2763448064,132.38,United States
1398,Soleno Therapeutics,SLNO,2762888960,53.01,United States
1399,Select Water Solutions,WTTR,2759043584,19.33,United States
1400,Maravai LifeSciences,MRVI,2751757568,7.43,United States
1401,Shake Shack,SHAK,2748974336,64.17,United States
1402,Rogers Corporation,ROG,2747960832,153.96,United States
1403,The Marzetti Company,MZTI,2740835072,100.43,United States
1404,Acadia Healthcare,ACHC,2721320960,29.23,United States
1405,Banc of California,BANC,2720206336,17.17,United States
1406,Energy Fuels,UUUU,2716576768,10.26,United States
1407,Teradata,TDC,2711879936,29.16,United States
1408,AtriCure,ATRC,2711682304,53.31,United States
1409,Quaker Houghton,KWR,2707287808,157.33,United States
1410,Appian,APPN,2704658176,37.76,United States
1411,WD-40 Company,WDFC,2704350720,201.5,United States
1412,Hilton Grand Vacations,HGV,2688478208,34.59,United States
1413,Precigen,PGEN,2688092672,7.54,United States
1414,Aveanna Healthcare,AVAH,2687158528,12.31,United States
1415,H.B. Fuller,FUL,2686611456,49.91,United States
1416,Alarm.com,ALRM,2684253696,54.68,United States
1417,Adeia,ADEA,2680910336,24.31,United States
1418,Cushman &amp; Wakefield,CWK,2680430592,11.42,United States
1419,Liftoff Mobile,LFTO,2678824704,15.82,United States
1420,KB Home,KBH,2673984000,43.98,United States
1421,Resideo Technologies,REZI,2666439936,17.56,United States
1422,MGE Energy,MGEE,2659616512,70.39,United States
1423,Urban Edge Properties,UE,2658738432,19.31,United States
1424,Acadia Realty Trust,AKR,2635939072,18.08,United States
1425,United Natural Foods,UNFI,2629221632,43.59,United States
1426,MBX Biosciences,MBX,2626651648,54.54,United States
1427,Infleqtion,INFQ,2623156224,11.64,United States
1428,Bank of Hawaii,BOH,2619506432,66.4,United States
1429,Dynex Capital,DX,2615330304,10.57,United States
1430,FB Financial,FBK,2611857408,52.26,United States
1431,Curaleaf,CURLF,2608941312,9.85,United States
1432,NBT Bancorp,NBTB,2607355904,50.18,United States
1433,"F&G Annuities & Life, Inc.",FG,2604301312,19.89,United States
1434,Privia Health Group,PRVA,2593004288,20.3,United States
1435,BKV Corporation,BKV,2591488000,23.68,United States
1436,Guardian Pharmacy Services,GRDN,2576764928,40.68,United States
1437,Trustmark,TRMK,2576591360,44.37,United States
1438,Northern Oil and Gas,NOG,2576357888,24.18,United States
1439,Brookdale Senior Living,BKD,2572061952,10.77,United States
1440,AMC Entertainment,AMC,2570701312,2.88,United States
1441,CarGurus,CARG,2562643968,28.77,United States
1442,Redwire,RDW,2559924224,10.24,United States
1443,Beam Therapeutics,BEAM,2558435584,24.77,United States
1444,Skyward Specialty Insurance Group,SKWD,2551466496,57.47,United States
1445,Neogen,NEOG,2547478272,11.68,United States
1446,Fermi Inc.,FRMI,2545800960,3.97,United States
1447,Boise Cascade,BCC,2544277248,72.92,United States
1448,Diamondrock Hospitality Company,DRH,2536555520,12.35,United States
1449,Five9,FIVN,2524160768,33.78,United States
1450,Graphic Packaging,GPK,2520960768,8.52,United States
1451,"Lincoln International, Inc.",LCLN,2519668736,23.95,United States
1452,Central Garden &amp; Pet,CENT,2513092864,40.15,United States
1453,Supernus Pharmaceuticals,SUPN,2506549248,43.05,United States
1454,McGraw Hill,MH,2506145536,13.1,United States
1455,Customers Bancorp,CUBI,2505068800,74.15,United States
1456,"Hayward Holdings, Inc.",HAYW,2503011072,11.8,United States
1457,Ducommun,DCO,2501882368,165.69,United States
1458,Perpetua Resources,PPTA,2500665088,19.99,United States
1459,Callaway Golf Company,CALY,2500427776,13.91,United States
1460,SoundHound AI,SOUN,2500351488,5.63,United States
1461,Kyndryl,KD,2494019072,11.45,United States
1462,Grindr,GRND,2492587776,14.34,United States
1463,Huron Consulting,HURN,2491676416,156.61,United States
1464,Kaiser Aluminum,KALU,2488985856,152.24,United States
1465,Advance Auto Parts,AAP,2488480000,41.2,United States
1466,Plug Power,PLUG,2487007488,1.78,United States
1467,John Wiley &amp; Sons,WLY,2473375744,48.8,United States
1468,First Merchants Corporation,FRME,2467468032,39.29,United States
1469,Coty,COTY,2465922048,2.8,United States
1470,Kennametal,KMT,2465106432,32.27,United States
1471,ManpowerGroup,MAN,2458749440,52.87,United States
1472,Titan America,TTAM,2446634240,13.27,United States
1473,First Bancorp,FBNC,2439218688,58.92,United States
1474,Ingevity,NGVT,2438082048,70.92,United States
1475,Newell Brands,NWL,2436147968,5.72,United States
1476,H2O America,HTO,2426857472,57.98,United States
1477,ePlus,PLUS,2426605568,92.79,United States
1478,Payoneer,PAYO,2426171904,7.16,United States
1479,Clover Health Investments,CLOV,2422072576,4.56,United States
1480,Dorian LPG,LPG,2404814336,56.21,United States
1481,Innospec,IOSP,2399556608,97.42,United States
1482,Artisan Partners,APAM,2396129536,33.75,United States
1483,First Busey,BUSE,2392254464,28.97,United States
1484,Celldex Therapeutics,CLDX,2389653760,30.43,United States
1485,Liquidia Corporation,LQDA,2388097280,26.68,United States
1486,Freddie Mac,FMCC,2385718784,3.67,United States
1487,National Energy Services Reunited,NESR,2383126784,23.63,United States
1488,Euronet Worldwide,EEFT,2380454912,62.52,United States
1489,Kayne Anderson Capital Advisors,KYN,2367764480,14.0,United States
1490,Nurix Therapeutics,NRIX,2358957568,22.73,United States
1491,Stock Yards Bancorp,SYBT,2350502400,75.66,United States
1492,Disc Medicine,IRON,2348874240,61.18,United States
1493,FIGS,FIGS,2335931904,14.06,United States
1494,Intuitive Machines,LUNR,2325960704,14.41,United States
1495,Visteon,VC,2324782080,87.09,United States
1496,HCI Group,HCI,2322709504,186.73,United States
1497,PC Connection,CNXN,2321400576,91.98,United States
1498,Four Corners Property Trust,FCPT,2308025856,21.03,United States
1499,nLIGHT,LASR,2300685056,39.88,United States
1500,Upstart,UPST,2298991872,24.02,United States
1501,Lindblad Expeditions,LIND,2297345280,35.01,United States
1502,StubHub Holdings,STUB,2292539648,6.0,United States
1503,Harmony Biosciences,HRMY,2291019776,39.34,United States
1504,Recursion Pharmaceuticals,RXRX,2289877504,4.27,United States
1505,Beacon Financial Corporation,BBT,2289017344,27.31,United States
1506,LiveRamp,RAMP,2286499328,37.61,United States
1507,InvenTrust Properties,IVT,2285547776,29.31,United States
1508,Trump Media &amp; Technology Group,DJT,2284677376,8.22,United States
1509,SELLAS Life Sciences,SLS,2284006144,11.31,United States
1510,Standard Nuclear,STDN,2283171072,14.21,United States
1511,Helios Technologies,HLIO,2281497856,69.24,United States
1512,Kohl's,KSS,2281134336,20.12,United States
1513,Ichor Systems,ICHR,2279838720,60.87,United States
1514,ADMA Biologics,ADMA,2271204608,10.14,United States
1515,UFP Technologies,UFPT,2268509440,292.87,United States
1516,Merchants Bancorp,MBIN,2265534208,49.32,United States
1517,Federal Agricultural Mortgage Corporation,AGM,2263762688,208.58,United States
1518,Pitney Bowes,PBI,2259246592,16.48,United States
1519,LTC Properties,LTC,2253791744,41.81,United States
1520,Prestige Consumer Healthcare,PBH,2253605888,47.57,United States
1521,Immunome,IMNM,2253269504,19.095,United States
1522,Banner Bank,BANR,2249800704,66.2,United States
1523,Buckle,BKE,2247487488,43.63,United States
1524,"The Andersons, Inc.",ANDE,2245524480,65.94,United States
1525,PDF Solutions,PDFS,2245221120,53.17,United States
1526,Calix,CALX,2237740288,35.54,United States
1527,Ethos Technologies,LIFE,2231580928,35.0,United States
1528,Protolabs,PRLB,2231195136,93.27,United States
1529,Day One Biopharmaceuticals,DAWN,2224784640,21.53,United States
1530,Flywire,FLYW,2208268288,18.15,United States
1531,Diebold Nixdorf,DBD,2207886080,65.04,United States
1532,Butterfly Network,BFLY,2202178560,8.27,United States
1533,Opendoor,OPEN,2189952256,2.27,United States
1534,WaFd Bank,WAFD,2181119488,29.47,United States
1535,Restoration Hardware,RH,2180910848,115.19,United States
1536,Innodata,INOD,2180375808,63.415,United States
1537,Vera Therapeutics,VERA,2179916032,30.25,United States
1538,Alpha Metallurgical Resources,AMR,2158100224,170.21,United States
1539,Northwest Bancshares,NWBI,2155878400,14.72,United States
1540,Custom Truck One Source,CTOS,2147652096,9.44,United States
1541,BioCryst Pharmaceuticals,BCRX,2146494720,8.4,United States
1542,NextNav,NN,2145573888,12.71,United States
1543,PHINIA,PHIN,2142228992,58.47,United States
1544,Sunshine Silver Mining & Refining Company,SSMR,2140089216,14.89,United States
1545,Asana,ASAN,2136291072,9.33,United States
1546,V2X,VVX,2133678464,68.07,United States
1547,OFG Bancorp,OFG,2132716928,50.46,United States
1548,Peloton,PTON,2128528256,4.85,United States
1549,Enterprise Financial Services Corp,EFSC,2125948672,58.74,United States
1550,Monarch Casino &amp; Resort,MCRI,2117904128,118.17,United States
1551,Stagwell,STGW,2114712576,8.65,United States
1552,Axogen,AXGN,2114521344,36.04,United States
1553,Addus HomeCare,ADUS,2114159104,113.27,United States
1554,Progyny,PGNY,2113823232,27.55,United States
1555,PENN Entertainment,PENN,2109081856,15.72,United States
1556,DoubleVerify,DV,2108462848,13.5,United States
1557,Encore Capital Group,ECPG,2105347712,99.265,United States
1558,Chemours,CC,2103975808,13.98,United States
1559,Pebblebrook Hotel Trust,PEB,2103973760,18.71,United States
1560,Pediatrix Medical Group,MD,2098771968,25.83,United States
1561,Hilltop Holdings,HTH,2096682752,36.6,United States
1562,Centuri Holdings,CTRI,2095993088,20.76,United States
1563,Vericel,VCEL,2086157568,40.74,United States
1564,Allegiant Travel Company,ALGT,2085324032,76.28,United States
1565,Patrick Industries,PATK,2085117696,64.92,United States
1566,Sunstone Hotel Investors,SHO,2082572032,11.2,United States
1567,NeoGenomics,NEO,2079482112,15.97,United States
1568,Trulieve Cannabis,TRLV,2075852928,10.78,United States
1569,Viridian Therapeutics,VRDN,2070982784,18.28,United States
1570,A10 Networks,ATEN,2070083328,28.51,United States
1571,Keel Infrastructure,KEEL,2056518656,3.33,United States
1572,Select Medical Holdings,SEM,2046298112,16.51,United States
1573,GeneDx Holdings,WGS,2043738624,68.53,United States
1574,Schrödinger,SDGR,2041445760,27.29,United States
1575,1st Source,SRCE,2032377344,84.44,United States
1576,Minerals Technologies,MTX,2026793728,65.11,United States
1577,Trinity Industries,TRN,2021214976,25.37,United States
1578,Blackbaud,BLKB,2020767104,44.52,United States
1579,Under Armour,UA,2018864000,4.7,United States
1580,nCino,NCNO,2018503552,19.09,United States
1581,"Interface, Inc.",TILE,2016080128,34.88,United States
1582,Perdoceo Education,PRDO,2014355328,32.19,United States
1583,Thermon Group,THR,2013932928,61.14,United States
1584,NW Natural Holdings,NWN,2011229056,47.78,United States
1585,Sonos,SONO,2008631680,16.98,United States
1586,First Commonwealth Financial Corp,FCF,2006970752,19.86,United States
1587,Vertex,VERX,1995202688,12.33,United States
1588,IDT Corporation,IDT,1992311040,80.21,United States
1589,UroGen Pharma,URGN,1989438976,40.7,United States
1590,Douglas Emmett,DEI,1982654464,9.86,United States
1591,Preformed Line Products,PLPC,1978310656,404.67,United States
1592,City Holding Company,CHCO,1967165056,140.06,United States
1593,Porch Group,PRCH,1965028352,17.31,United States
1594,"The Bancorp, Inc.",TBBK,1963069056,48.13,United States
1595,Gorman-Rupp,GRC,1959904128,74.21,United States
1596,Fortrea,FTRE,1955255936,20.56,United States
1597,Inspire Medical Systems,INSP,1950004736,67.45,United States
1598,Vir Biotechnology,VIR,1949367808,11.52,United States
1599,LCI Industries,LCII,1947838080,80.12,United States
1600,Mineralys Therapeutics,MLYS,1947420800,22.09,United States
1601,Sharplink,SBET,1944151168,8.95,United States
1602,Applied Aerospace &amp; Defense,AADX,1941151104,11.26,United States
1603,Werner Enterprises,WERN,1938786816,32.34,United States
1604,Medical Properties Trust,MPT,1928956032,3.23,United States
1605,Driven Brands,DRVN,1928613888,11.69,United States
1606,Alamar Biosciences,ALMR,1927037184,27.77,United States
1607,Allient,ALNT,1926894720,113.33,United States
1608,DXC Technology,DXC,1920539904,12.02,United States
1609,Kimbell Royalty Partners,KRP,1917387136,14.92,United States
1610,TIC Solutions,TIC,1913792640,8.77,United States
1611,Sonic Automotive,SAH,1913327872,60.52,United States
1612,Alamo Group,ALG,1909746176,156.91,United States
1613,Bob's Discount Furniture,BOBS,1909338112,14.61,United States
1614,Western Union,WU,1905580544,6.11,United States
1615,Whirlpool,WHR,1903169792,29.19,United States
1616,Uniti,UNIT,1902965120,7.84,United States
1617,Structure Therapeutics,GPCR,1902546944,26.68,United States
1618,Agios Pharmaceuticals,AGIO,1897922816,31.79,United States
1619,Biolife Solutions,BLFS,1888929920,38.61,United States
1620,Blackstone Mortgage Trust,BXMT,1887688064,11.2,United States
1621,NGL Energy Partners,NGL,1885691520,15.23,United States
1622,Ziff Davis,ZD,1882367744,54.9,United States
1623,Palvella Therapeutics,PVLA,1881593856,130.59,United States
1624,ARMOUR Residential REIT,ARR,1881239936,13.29,United States
1625,Innovex International,INVX,1879564928,26.92,United States
1626,World Kinect,WKC,1876241408,36.68,United States
1627,Trevi Therapeutics,TRVI,1872132608,13.14,United States
1628,EZCorp,EZPW,1870336384,30.44,United States
1629,Securitize Corp.,SECZ,1861228672,11.4,United States
1630,Global Net Lease,GNL,1852856064,8.01,United States
1631,ADARx Pharmaceuticals,ADRX,1850866944,17.33,United States
1632,Novavax,NVAX,1850691072,11.22,United States
1633,Bandwidth,BAND,1849429888,57.47,United States
1634,Sarepta Therapeutics,SRPT,1848472960,17.5,United States
1635,Amplitude,AMPL,1843761152,14.76,United States
1636,Xeris Pharmaceuticals,XERS,1843258240,10.11,United States
1637,Vestis,VSTS,1842311808,13.94,United States
1638,Astrana Health,ASTH,1842306176,37.14,United States
1639,Insperity,NSP,1842157952,48.23,United States
1640,Zenas BioPharma,ZBIO,1836680064,28.18,United States
1641,Midera Food Processing,MFP,1834094976,40.55,United States
1642,Sunrun,RUN,1832845568,7.61,United States
1643,Horace Mann Educators,HMN,1825787648,45.08,United States
1644,German American Bancorp,GABC,1819190144,48.41,United States
1645,SmartStop Self Storage REIT,SMA,1816653824,32.81,United States
1646,UWM Holdings,UWMC,1815866496,1.13,United States
1647,Olin Corporation,OLN,1814601216,15.92,United States
1648,LeMaitre Vascular,LMAT,1813760640,79.31,United States
1649,Weis Markets,WMK,1812789120,73.26,United States
1650,Worthington Steel,WS,1811661824,35.56,United States
1651,Enerpac Tool Group,EPAC,1808134400,35.08,United States
1652,C3 AI,AI,1805557760,11.23,United States
1653,Republic Bank,RBCAA,1804182272,91.89,United States
1654,Xencor,XNCR,1803813504,24.26,United States
1655,Surgery Partners,SGRY,1794889344,13.71,United States
1656,Marqeta,MQ,1794746880,17.06,United States
1657,Biohaven,BHVN,1794400128,11.88,United States
1658,Strategic Education,STRA,1791705984,80.68,United States
1659,Target Hospitality,TH,1788198656,18.26,United States
1660,Evertec,EVTC,1784525056,28.96,United States
1661,Mach Natural Resources LP,MNR,1779666688,10.66,United States
1662,Photronics,PLAB,1776404736,30.11,United States
1663,Alignment Healthcare,ALHC,1773570560,8.55,United States
1664,ACV Auctions,ACVA,1772964864,10.44,United States
1665,NextDecade Corp,NEXT,1772795008,6.66,United States
1666,Spectrum Brands,SPB,1769511040,76.95,United States
1667,Xenia Hotels &amp; Resorts,XHR,1767848448,17.87,United States
1668,Expro Group,XPRO,1763308928,15.55,United States
1669,Soho House & Co,SHCO,1758889344,8.99,United States
1670,Voyager Technologies,VOYG,1755195776,28.76,United States
1671,Boston Beer Company,SAM,1751124480,168.16,United States
1672,Blue Bird Corporation,BLBD,1750420096,55.84,United States
1673,Genesis Energy  L.P.,GEL,1750109056,14.32,United States
1674,"Happen, Inc.",HAPN,1749577088,15.16,United States
1675,Liberty Latin America,LILA,1745468928,8.91,United States
1676,Generate Biomedicines,GENB,1741742464,13.57,United States
1677,Sonida Senior Living,SNDA,1739817728,36.21,United States
1678,Quantum Computing,QUBT,1724763136,7.62,United States
1679,Neutron Holdings (Lime),LIME,1708852224,26.69,United States
1680,Personalis,PSNL,1708014080,16.0,United States
1681,Nuvation Bio,NUVB,1706459008,4.86,United States
1682,Getty Realty,GTY,1706245888,27.55,United States
1683,S&amp;T Bancorp,STBA,1706144512,48.38,United States
1684,RLJ Lodging Trust,RLJ,1704523904,11.13,United States
1685,Hope Bancorp,HOPE,1704076160,13.34,United States
1686,Dime Community Bancshares,DCOM,1703119872,38.57,United States
1687,Dentsply Sirona,XRAY,1702482048,8.54,United States
1688,Wealthfront Corporation,WLTH,1702323200,10.9,United States
1689,FirstSun Capital Bancorp,FSUN,1691210112,38.48,United States
1690,Albany International,AIN,1683717760,59.38,United States
1691,Netstreit,NTST,1680947968,17.21,United States
1692,Septerna,SEPN,1680370176,36.0,United States
1693,Sila Realty Trust,SILA,1677119744,30.36,United States
1694,Hycroft Mining,HYMC,1673542912,17.96,United States
1695,Braveheart Bio,BRVE,1672924032,18.58,United States
1696,National Bank Holdings,NBHC,1669567744,37.7,United States
1697,American Assets Trust,AAT,1664705152,21.46,United States
1698,CTS Corporation,CTS,1664540672,58.29,United States
1699,Wolfspeed,WOLF,1660432000,31.37,United States
1700,Gentherm,THRM,1654949888,30.38,United States
1701,Byline Bancorp,BY,1652467328,36.57,United States
1702,ANI Pharmaceuticals,ANIP,1652257408,71.93,United States
1703,Global Industrial Company,GIC,1647140352,43.05,United States
1704,BlackLine,BL,1646688896,28.33,United States
1705,Central Securities,CET,1646484992,55.72,United States
1706,EverCommerce,EVCM,1642986880,9.3,United States
1707,Intellia Therapeutics,NTLA,1640883584,11.71,United States
1708,Sixth Street Specialty Lending,TSLX,1637995136,17.18,United States
1709,TriCo Bancshares,TCBK,1637650432,51.23,United States
1710,Bank First,BFC,1635459584,147.53,United States
1711,Distribution Solutions Group,DSGR,1622177664,35.07,United States
1712,Ingles Markets,IMKTA,1617750912,85.17,United States
1713,Trinity Capital,TRIN,1617366272,17.08,United States
1714,SharonAI Holdings,SHAZ,1615454080,45.12,United States
1715,Origin Bancorp,OBK,1614055168,52.32,United States
1716,Hub Group,HUBG,1608948864,26.31,United States
1717,Omnicell,OMCL,1606099968,35.21,United States
1718,Century Communities,CCS,1601325184,56.32,United States
1719,QCR Holdings,QCRH,1597604864,97.56,United States
1720,SkyWater Technology,SKYT,1597181312,32.46,United States
1721,Concentrix,CNXC,1594399616,26.16,United States
1722,Global Partners LP,GLP,1593948416,47.09,United States
1723,Anterix,ATEX,1591922432,81.18,United States
1724,OceanFirst Financial,OCFC,1590780160,16.46,United States
1725,Ocular Therapeutix,OCUL,1587822720,7.23,United States
1726,Live Oak Bank,LOB,1585676800,34.26,United States
1727,Absci,ABSI,1582281216,9.22,United States
1728,Kestra Medical Technologies,KMTS,1577792000,26.49,United States
1729,Azenta,AZTA,1572283136,35.89,United States
1730,Eton Pharmaceuticals,ETON,1568642560,54.88,United States
1731,Stoke Therapeutics,STOK,1567342464,24.29,United States
1732,Goosehead Insurance,GSHD,1562473856,43.72,United States
1733,Helix Energy Solutions,HLX,1562253952,10.6,United States
1734,Atlas Energy Solutions,AESI,1557542912,12.46,United States
1735,Wolverine World Wide,WWW,1546950528,18.85,United States
1736,Kemper,KMPR,1546732800,26.25,United States
1737,Sally Beauty Holdings,SBH,1544767744,16.5,United States
1738,Kosmos Energy,KOS,1542313088,2.59,United States
1739,American Superconductor Corporation,AMSC,1537553664,31.74,United States
1740,Stewart Information Services,STC,1534680064,50.4,United States
1741,Ardent Health,ARDT,1534579456,10.88,United States
1742,Phibro Animal Health,PAHC,1531492608,37.72,United States
1743,Safety Insurance,SAFT,1525008384,103.88,United States
1744,Revolve Group,RVLV,1524132992,21.3,United States
1745,Ellington Financial,EFC,1522040576,11.59,United States
1746,Innoviva,INVA,1521489920,21.06,United States
1747,Kennedy Wilson,KW,1521191808,10.92,United States
1748,Progress Software,PRGS,1520928640,37.21,United States
1749,Lucid Motors,LCID,1518098944,3.89,United States
1750,Hawaiian Electric Industries,HE,1517402240,8.77,United States
1751,Huntsman Corporation,HUN,1513517568,8.63,United States
1752,Alkami Technology,ALKT,1513229056,14.15,United States
1753,Syndax Pharmaceuticals,SNDX,1509028736,17.03,United States
1754,ConnectOne Bancorp,CNOB,1507582080,29.96,United States
1755,CBL Properties,CBL,1501961344,48.54,United States
1756,Ambiq Micro,AMBQ,1498957568,61.98,United States
1757,Jetblue Airways,JBLU,1497929472,3.97,United States
1758,Capital Southwest Corporation,CSWC,1497108608,23.49,United States
1759,Fluence Energy,FLNC,1493063552,7.67,United States
1760,United Parks &amp; Resorts,PRKS,1485834624,32.77,United States
1761,ICF International,ICFI,1485822208,82.85,United States
1762,J&amp;J Snack Foods,JJSF,1482012032,79.33,United States
1763,Rapport Therapeutics,RAPP,1480610048,30.86,United States
1764,Lyntris Inc.,LYNX,1479514112,12.76,United States
1765,Triumph Financial,TFIN,1479310720,61.91,United States
1766,Pathward Financial,CASH,1477816960,71.14,United States
1767,Energizer Holdings,ENR,1474919040,21.54,United States
1768,Perella Weinberg Partners,PWP,1472593024,15.13,United States
1769,Corsair Gaming,CRSR,1470124928,13.59,United States
1770,REX American Resources,REX,1470012672,44.31,United States
1771,FuelCell Energy,FCEL,1468358656,18.365,United States
1772,Ultragenyx Pharmaceutical,RARE,1467988352,14.89,United States
1773,Nutex Health,NUTX,1458755200,213.02,United States
1774,Maze Therapeutics,MAZE,1458165632,26.25,United States
1775,Green Thumb Industries,GTII.CN,1458066119,6.67036,United States
1776,Taysha Gene Therapies,TSHA,1443442560,4.43,United States
1777,Agilon Health,AGL,1439006592,85.7,United States
1778,KalVista Pharmaceuticals,KALV,1437504000,27.0,United States
1779,Atlanticus,ATLC,1435692416,94.64,United States
1780,Pursuit Attractions and Hospitality,PRSU,1431368192,52.5,United States
1781,Everforth,EFOR,1431309952,34.91,United States
1782,Healthcare Services Group,HCSG,1426863488,20.79,United States
1783,Dorchester Minerals,DMLP,1424141696,29.01,United States
1784,Lakeland Financial Corp,LKFN,1421619840,57.19,United States
1785,MillerKnoll,MLKN,1420715648,20.65,United States
1786,Savers Value Village,SVV,1415887360,9.24,United States
1787,AMN Healthcare Services,AMN,1414806528,36.53,United States
1788,FMC Corporation,FMC,1413913216,9.09,United States
1789,Innovative Industrial Properties,IIPR,1412480128,51.23,United States
1790,United Fire Group,UFCS,1412371968,55.05,United States
1791,Shoals Technologies,SHLS,1412036608,8.39,United States
1792,MasterBrand,MBC,1410189056,6.93,United States
1793,Tyra Biosciences,TYRA,1401933440,20.39,United States
1794,Esquire Financial Holdings,ESQ,1400500224,115.7,United States
1795,Vistance Networks,VISN,1399902336,6.07,United States
1796,Frontier Airlines,ULCC,1397409792,6.07,United States
1797,Arhaus,ARHS,1394836992,9.84,United States
1798,Amalgamated Financial,AMAL,1394243968,46.63,United States
1799,Stepan Company,SCL,1393959296,61.32,United States
1800,Tompkins Financial,TMP,1391977472,96.78,United States
1801,Olaplex,OLPX,1391282176,2.07,United States
1802,The Pennant Group,PNTG,1383889792,39.62,United States
1803,Burke & Herbert Financial Services,BHRB,1383821056,68.55,United States
1804,HawkEye 360,HAWK,1379355008,14.08,United States
1805,Dauch Corporation,DCH,1375730688,5.79,United States
1806,Nektar Therapeutics,NKTR,1374596864,40.26,United States
1807,Inhibrx Biosciences,INBX,1374040704,93.36,United States
1808,TriMas,TRS,1372175616,38.25,United States
1809,Exzeo Group,XZO,1371107712,15.22,United States
1810,Empire State Realty Trust,ESRT,1369365888,4.47,United States
1811,Certara,CERT,1366747520,8.96,United States
1812,Kailera Therapeutics,KLRA,1365147904,10.53,United States
1813,AnaptysBio,ANAB,1364717952,45.65,United States
1814,Amprius Technologies,AMPX,1362932224,9.33,United States
1815,Ryerson,RYZ,1360263680,26.21,United States
1816,Omeros Corporation,OMER,1357281024,18.75,United States
1817,Community Trust Bancorp,CTBI,1352422528,74.44,United States
1818,Coursera,COUR,1351084032,5.11,United States
1819,Goodyear,GT,1350245120,4.69,United States
1820,Hillman Solutions,HLMN,1350142208,6.94,United States
1821,Westamerica Bancorporation,WABC,1347611264,58.31,United States
1822,Hemab Therapeutics Holdings,COAG,1340637824,28.7,United States
1823,Cricut,CRCT,1332066560,6.36,United States
1824,ADI Global Distribution,ADIG,1330933760,17.53,United States
1825,WEBTOON Entertainment,WBTN,1329968512,9.8,United States
1826,National Vision Holdings,EYE,1329945856,16.82,United States
1827,Herbalife,HLF,1325762688,12.65,United States
1828,CONMED,CNMD,1324743680,44.23,United States
1829,CVR Partners,UAN,1324164224,125.28,United States
1830,"RPC, Inc.",RES,1316642688,5.94,United States
1831,Forestar Group,FOR,1309904256,25.68,United States
1832,First Mid Bancshares,FMBH,1299769472,48.86,United States
1833,Liquidity Services,LQDT,1293995776,41.3,United States
1834,Digital Turbine,APPS,1293903360,10.63,United States
1835,"Kardigan, Inc.",KARD,1293156096,13.83,United States
1836,HBT Financial,HBT,1292070144,35.53,United States
1837,Newsmax,NMAX,1291606528,10.0,United States
1838,i-80 Gold,IAUX,1290193536,1.49,United States
1839,ProAssurance,PRA,1290193152,25.0,United States
1840,Arlo Technologies,ARLO,1285979008,11.95,United States
1841,UMH Properties,UMH,1283345536,15.03,United States
1842,Two Harbors Investment,TWO,1280541440,12.18,United States
1843,Omada Health,OMDA,1278816896,20.89,United States
1844,Oil-Dri Corporation Of America,ODC,1271489408,87.81,United States
1845,Edgewell Personal Care,EPC,1266984320,27.49,United States
1846,Utz Brands,UTZ,1266282880,14.29,United States
1847,Oppenheimer Holdings,OPY,1265900416,118.22,United States
1848,Sylvamo,SLVM,1263182976,31.77,United States
1849,BJ's Restaurants,BJRI,1261959680,59.32,United States
1850,Cracker Barrel,CBRL,1260677120,56.4,United States
1851,Universal Insurance Holdings,UVE,1259323648,45.25,United States
1852,NAPCO Security Technologies,NSSC,1258691200,35.19,United States
1853,Leggett &amp; Platt,LEG,1256618752,9.2,United States
1854,Old Second Bancorp,OSBC,1254595200,24.66,United States
1855,Damora Therapeutics,DMRA,1249526912,20.24,United States
1856,Red Violet,RDVT,1249256960,77.85,United States
1857,InnovAge,INNV,1245801472,9.13,United States
1858,ORIC Pharmaceuticals,ORIC,1244868480,12.01,United States
1859,Replimune,REPL,1243699072,13.2,United States
1860,Flowers Foods,FLO,1238415360,5.84,United States
1861,"U.S. Physical Therapy, Inc.",USPH,1237987072,82.96,United States
1862,"Alexander's, Inc.",ALX,1231571968,241.14,United States
1863,Harmonic Inc.,HLIT,1229178880,11.27,United States
1864,Quantum Corporation,QMCO,1224468736,31.07,United States
1865,Donnelley Financial Solutions,DFIN,1224352128,49.8,United States
1866,XPEL,XPEL,1221935488,44.32,United States
1867,Clear Channel Outdoor,CCO,1221825280,2.4,United States
1868,Preferred Bank,PFBC,1221226496,103.03,United States
1869,Ategrity Specialty Insurance Company,ASIC,1220698880,25.47,United States
1870,PagerDuty,PD,1208848512,15.37,United States
1871,PROG Holdings,PRG,1205305216,30.26,United States
1872,Sprinklr,CXM,1204969344,5.19,United States
1873,BigBear.ai,BBAI,1203531136,2.51,United States
1874,ScanSource,SCSC,1202123008,59.68,United States
1875,The Greenbrier Companies,GBX,1199841024,38.78,United States
1876,Carter's,CRI,1191277952,32.45,United States
1877,Six Flags,FUN,1189938688,11.63,United States
1878,La-Z-Boy,LZB,1187164160,29.64,United States
1879,Bristow Group,VTOL,1184494336,39.96,United States
1880,Grocery Outlet,GO,1183068800,11.94,United States
1881,Genco Shipping &amp; Trading,GNK,1181196928,27.1,United States
1882,Biglari,BH,1174753920,368.9,United States
1883,Avanos Medical,AVNS,1170726912,24.99,United States
1884,Walker &amp; Dunlop,WD,1165702272,33.96,United States
1885,Wendy’s,WEN,1164993280,6.11,United States
1886,Ameresco,AMRC,1163742080,21.93,United States
1887,Seneca Foods,SENEA,1161878144,171.61,United States
1888,MarineMax,HZO,1158891008,52.47,United States
1889,Myers Industries,MYE,1156003328,30.73,United States
1890,G-III Apparel Group,GIII,1155521920,26.95,United States
1891,Lindsay Corporation,LNN,1152439808,113.33,United States
1892,Arteris,AIP,1150159232,23.4,United States
1893,Jefferson Capital,JCAP,1149659264,20.02,United States
1894,"Harrow, Inc.",HROW,1147877888,30.62,United States
1895,P3 Health Partners,PIII,1147326848,5.63,United States
1896,The RealReal,REAL,1143708416,9.4,United States
1897,Gibraltar Industries,ROCK,1140751872,38.43,United States
1898,American Savings Bank,ASBH,1140064640,17.54,United States
1899,ProPetro,PUMP,1139805952,9.28,United States
1900,Piedmont Realty Trust,PDM,1137457408,9.09,United States
1901,Great Lakes Dredge &amp; Dock Corp.,GLDD,1135273600,17.0,United States
1902,Suburban Propane Partners,SPH,1132109184,16.97,United States
1903,Avalyn Pharma,AVLN,1131824000,25.53,United States
1904,Eos Energy Enterprises,EOSE,1128919936,3.1,United States
1905,Ecovyst,ECVT,1128619264,10.31,United States
1906,Univest Financial Corporation,UVSP,1127777536,40.89,United States
1907,Easterly Government Properties,DEA,1126643456,22.99,United States
1908,Amerant Bancorp,AMTB,1123573120,28.67,United States
1909,Tennant Company,TNC,1123037696,65.87,United States
1910,National Healthcare Properties,NHP,1122006144,15.39,United States
1911,STAAR Surgical,STAA,1121219456,22.36,United States
1912,Bowhead Specialty Holdings,BOW,1121075712,34.03,United States
1913,Willdan Group,WLDN,1118340096,73.42,United States
1914,Chaince Digital Holdings,CD,1116538496,10.15,United States
1915,Heritage Financial,HFWA,1114539904,27.24,United States
1916,Turning Point Brands,TPB,1111115392,57.37,United States
1917,MannKind Corp,MNKD,1109328512,3.45,United States
1918,GoodRx,GDRX,1108722432,3.25,United States
1919,Tandem Diabetes Care,TNDM,1102126720,15.84,United States
1920,Ladder Capital,LADR,1099922176,8.67,United States
1921,T1 Energy,TE,1098397440,3.73,United States
1922,CRA International,CRAI,1098073856,174.94,United States
1923,Evolution Metals & Technologies,EMAT,1097601152,1.75,United States
1924,Mission Produce,AVO,1096856832,12.51,United States
1925,Universal Technical Institute,UTI,1095844096,19.89,United States
1926,Janux Therapeutics,JANX,1095570944,17.92,United States
1927,Unusual Machines,UMAC,1093048320,21.88,United States
1928,Boost Run,BRUN,1092952320,13.75,United States
1929,IRadimed,IRMD,1092904192,85.47,United States
1930,Sweetgreen,SG,1090418432,9.16,United States
1931,Bicara Therapeutics,BCAX,1086559616,16.42,United States
1932,Amphastar Pharmaceuticals,AMPH,1086419072,25.54,United States
1933,Northeast Bank,NBN,1086075392,126.27,United States
1934,Trupanion,TRUP,1080582400,24.63,United States
1935,Metropolitan Bank Holding,MCB,1079226624,87.05,United States
1936,HighPeak Energy,HPK,1077377920,8.52,United States
1937,ZoomInfo,GTM,1075651584,3.695,United States
1938,Green Plains,GPRE,1075262336,15.34,United States
1939,"Cadre Holdings, Inc.",CDRE,1069233728,24.97,United States
1940,Marcus &amp; Millichap,MMI,1068719680,28.22,United States
1941,Universal Corporation,UVV,1066435200,42.83,United States
1942,Karat Packaging,KRT,1063955264,53.38,United States
1943,Winmark,WINA,1059402560,294.92,United States
1944,National Presto Industries,NPK,1053854336,147.68,United States
1945,Artivion,AORT,1053621952,21.61,United States
1946,Upwork,UPWK,1049188224,8.4,United States
1947,MeiraGTx,MGTX,1039185152,10.82,United States
1948,Five Star Bancorp,FSBC,1039125568,42.35,United States
1949,Capitol Federal Financial,CFFN,1038770752,8.42,United States
1950,OPKO Health,OPK,1037396288,1.39,United States
1951,USA TODAY Co.,TDAY,1036534592,7.06,United States
1952,LGI Homes,LGIH,1036392000,44.61,United States
1953,Marten Transport,MRTN,1033734336,12.67,United States
1954,Latigo Biotherapeutics,LTGO,1028965888,15.52,United States
1955,Saul Centers,BFS,1027283904,29.58,United States
1956,Heritage Insurance,HRTG,1026957696,34.54,United States
1957,Oaktree Specialty Lending Corporation,OCSL,1026196288,11.65,United States
1958,Andersen Group,ANDG,1026026304,55.34,United States
1959,Deluxe Corporation,DLX,1025805184,22.37,United States
1960,PROCEPT BioRobotics,PRCT,1025771264,17.91,United States
1961,Vor Biopharma,VOR,1017610816,18.78,United States
1962,Lumexa Imaging,LMRI,1017433984,10.59,United States
1963,Flotek Industries,FTK,1016345216,28.06,United States
1964,Enovis,ENOV,1015559872,17.61,United States
1965,York Space Systems,YSS,1013699072,7.38,United States
1966,TripAdvisor,TRIP,1011430336,8.63,United States
1967,Integra LifeSciences,IART,1011042560,13.0,United States
1968,Teladoc Health,TDOC,1010163136,5.56,United States
1969,Castle Biosciences,CSTL,1008133760,33.0,United States
1970,NexPoint Residential Trust,NXRT,1006274112,19.5,United States
1971,Cullinan Therapeutics,CGEM,1005863936,15.63,United States
1972,ASA Gold and Precious Metals,ASA,1005586368,54.78,United States
1973,Ventyx Biosciences,VTYX,1004502016,14.0,United States
1974,Vishay Precision Group,VPG,1003561152,75.34,United States
1975,Mercantile Bank,MBWM,1003102400,58.03,United States
1976,Middlesex Water Company,MSEX,1001367296,53.14,United States
1977,Aktis Oncology,AKTS,1001150976,18.0,United States
1978,Savara,SVRA,1000044864,4.88,United States
1979,Aeva Technologies,AEVA,999580608,14.34,United States
1980,CEVA,CEVA,998906432,35.48,United States
1981,Yelp,YELP,998450560,18.4,United States
1982,Emerald Holding,EEX,997505920,5.04,United States
1983,LegalZoom,LZ,993335936,5.8,United States
1984,Northwest Pipe Company,NWPX,992246336,102.96,United States
1985,Pacira Biosciences,PCRX,991567744,25.2,United States
1986,Business First Bancshares,BFST,990818496,30.44,United States
1987,MetroCity Bankshares,MCBS,990491072,34.56,United States
1988,Horizon Bancorp,HBNC,989922368,19.28,United States
1989,Graham Corporation,GHM,989901312,84.34,United States
1990,Whitestone REIT,WSR,988012416,18.99,United States
1991,CNB Financial Corp,CCNE,987856448,33.35,United States
1992,Orchid Island Capital,ORC,987036544,5.0,United States
1993,Willis Lease Finance Corporation,WLFC,984912704,41.21,United States
1994,AEVEX Corp.,AVEX,984681920,14.23,United States
1995,Prospect Capital,PSEC,982223040,1.84,United States
1996,HealthStream,HSTM,982127936,32.1,United States
1997,Rackspace Technology,RXT,981260416,3.85,United States
1998,Global Medical REIT,GMRE,979776256,35.98,United States
1999,XPLR Infrastructure,XIFR,976947968,10.36,United States
2000,NB Bancorp,NBBK,975837760,22.27,United States
2001,Beta Bionics,BBNX,975347520,18.08,United States
2002,Diversified Energy,DEC.L,970479529,14.0573,United States
2003,NPK International,NPKI,968821888,11.41,United States
2004,Equity Bancshares,EQBK,967847040,47.0,United States
2005,Ibotta,IBTA,964576832,41.53,United States
2006,Centerspace,CSR,963156928,54.42,United States
2007,BrightView,BV,963039936,10.4,United States
2008,Seaport Therapeutics,SPTX,959802816,17.93,United States
2009,Eastman Kodak Company,KODK,958508352,9.79,United States
2010,Riley Exploration Permian,REPX,957264960,43.21,United States
2011,Kura Oncology,KURA,949209792,10.67,United States
2012,Compass Minerals,CMP,947508288,22.57,United States
2013,Camden National Corporation,CAC,945558784,55.96,United States
2014,Unitil Corporation,UTL,944112640,51.77,United States
2015,"Sinclair, Inc.",SBGI,943750720,13.05,United States
2016,Red Cat Holdings,RCAT,939193408,6.15,United States
2017,Nextdoor,NXDR,938213760,2.46,United States
2018,Hanmi Financial,HAFC,930393600,31.38,United States
2019,Phoenix Education Partners,PXED,927138496,25.72,United States
2020,Kforce,KFRC,926611712,51.74,United States
2021,NCR Voyix Corporation,VYX,926449088,6.71,United States
2022,Forum Energy Technologies,FET,925570112,82.3,United States
2023,Trustco Bank,TRST,923925120,54.26,United States
2024,Alto Neuroscience,ANRO,922974336,23.52,United States
2025,Central Pacific Financial,CPF,922015552,35.81,United States
2026,"Forbright, Inc.",FRBT,919342976,18.11,United States
2027,Douglas Dynamics,PLOW,917081856,39.74,United States
2028,Upbound Group,UPBD,910636672,15.62,United States
2029,Tetra Technologies,TTI,906205440,6.12,United States
2030,Mid Penn Bancorp,MPB,905227264,35.73,United States
2031,BellRing Brands,BRBR,903481536,7.77,United States
2032,Astec Industries,ASTE,902824640,39.21,United States
2033,CeriBell,CBLL,901117760,23.48,United States
2034,Resolute Holdings Management,RHLD,899253440,115.0,United States
2035,Southside Bancshares,SBSI,895526528,30.1,United States
2036,Kronos Worldwide,KRO,895458752,7.78,United States
2037,BlackSky Technology,BKSY,894207936,21.85,United States
2038,Frequency Electronics,FEIM,892280704,79.15,United States
2039,Beazer Homes USA,BZH,891632960,33.42,United States
2040,Accel Entertainment,ACEL,890438272,10.94,United States
2041,Taboola.com,TBLA,888811200,3.29,United States
2042,Postal Realty Trust,PSTL,888346176,22.32,United States
2043,O-I Glass,OI,888153344,5.78,United States
2044,Rigel Pharmaceuticals,RIGL,887914880,47.99,United States
2045,Barings BDC,BBDC,887914304,8.48,United States
2046,Alpha &amp; Omega Semiconductor,AOSL,886120320,29.24,United States
2047,Employers Holdings,EIG,883297664,49.18,United States
2048,QuinStreet,QNST,881240192,15.4,United States
2049,CryoPort,CYRX,878761920,17.35,United States
2050,Alumis,ALMS,876276544,6.77,United States
2051,Jade Biosciences,JBIO,875736064,13.77,United States
2052,Corvus Pharmaceuticals,CRVS,875699008,10.41,United States
2053,Simply Good Foods,SMPL,874683584,9.89,United States
2054,Daily Journal,DJCO,874269184,634.47,United States
2055,First Financial,THFF,873102976,73.42,United States
2056,Heartland Express,HTLD,872311808,11.28,United States
2057,Bioventus,BVS,872256704,12.77,United States
2058,Ridgepost Capital,RPC,871986048,7.91,United States
2059,Talkspace,TALK,870574976,5.25,United States
2060,Odyssey Therapeutics,ODTX,868898176,18.08,United States
2061,ProFrac,ACDC,868725568,4.77,United States
2062,Monte Rosa Therapeutics,GLUE,867637312,10.17,United States
2063,Virtus Investment Partners,VRTS,866976384,130.91,United States
2064,Dream Finders Homes,DFH,860083648,9.5,United States
2065,NANO Nuclear Energy,NNE,859707328,16.01,United States
2066,Apogee Enterprises,APOG,857895552,41.11,United States
2067,Daktronics,DAKT,856530048,17.81,United States
2068,SmartFinancial (SmartBank),SMBK,855607552,50.04,United States
2069,Hippo Holdings,HIPO,855279808,32.41,United States
2070,Eagle Bancorp,EGBN,854465728,28.03,United States
2071,BitGo,BTGO,853381248,7.26,United States
2072,Safehold,SAFE,851211712,12.02,United States
2073,Viant Technology,DSP,850174336,12.78,United States
2074,Backblaze,BLZE,849886976,13.73,United States
2075,Kopin Corporation,KOPN,849437824,4.57,United States
2076,Navient,NAVI,847805760,9.04,United States
2077,Great Southern Bancorp,GSBC,847717056,77.79,United States
2078,SI-BONE,SIBN,847071360,19.1,United States
2079,N-Able,NABL,846296704,4.48,United States
2080,PubMatic,PUBM,845864576,18.57,United States
2081,Pacific Biosciences,PACB,845459648,2.72,United States
2082,QuidelOrtho,QDEL,844163520,12.31,United States
2083,Paysign,PAYS,844109248,14.95,United States
2084,Evolv Technologies,EVLV,843596928,4.69,United States
2085,American Public Education,APEI,842786112,46.05,United States
2086,Quanex Building Products,NX,842743936,18.39,United States
2087,Rapid7,RPD,841833984,12.49,United States
2088,Ardelyx,ARDX,841691456,3.26,United States
2089,Babcock &amp; Wilcox,BW,840163008,5.64,United States
2090,Lightwave Logic,LWLG,837128128,5.43,United States
2091,JBG SMITH,JBGS,834860544,10.81,United States
2092,Capital City Bank Group,CCBG,834786560,48.78,United States
2093,SunCoke Energy,SXC,834319744,9.83,United States
2094,ASGN,ASGN,833931008,19.53,United States
2095,ArriVent BioPharma,AVBP,832807488,16.89,United States
2096,Metallus,MTUS,831307328,19.97,United States
2097,Transcat,TRNS,831057536,88.79,United States
2098,Republic Airways,RJET,830109696,17.73,United States
2099,Koppers Holdings,KOP,829839616,43.88,United States
2100,Covenant Logistics,CVLG,829345792,32.68,United States
2101,Oxford Lane Capital,OXLC,829335872,8.46,United States
2102,Heritage Commerce,HTBK,828429632,13.45,United States
2103,Service Properties Trust,SVC,826270528,6.38,United States
2104,Cantaloupe,CTLP,825815936,11.2,United States
2105,Compass Diversified Holdings,CODI,824586240,10.96,United States
2106,Marcus Corporation,MCS,822293696,26.67,United States
2107,World Acceptance Corporation,WRLD,822283264,176.44,United States
2108,CrossAmerica Partners,CAPL,822251968,21.54,United States
2109,Standard Motor Products,SMP,821960256,36.92,United States
2110,"Suncrete, Inc.",RMIX,821571648,11.18,United States
2111,Obsidian Therapeutics,OBX,815401920,13.2,United States
2112,Sana Biotechnology,SANA,814260928,2.72,United States
2113,Abacus Global Management,ABX,810697728,8.29,United States
2114,Orrstown Financial Services,ORRF,802914112,40.82,United States
2115,South Plains Financial,SPFI,801792320,42.56,United States
2116,Montrose Environmental,MEG,800798912,22.14,United States
2117,AdaptHealth,AHCO,799998400,5.88,United States
2118,SpyGlass Pharma,SGP,799406720,23.9,United States
2119,Apollo Commercial Real Estate Finance,ARI,798761344,6.23,United States
2120,Alerus Financial,ALRS,798677952,32.04,United States
2121,Westrock Coffee,WEST,797615744,8.17,United States
2122,Satellogic,SATL,796372672,5.18,United States
2123,The Manitowoc Company,MTW,795166336,22.05,United States
2124,John B. Sanfilippo & Son,JBSS,794571968,67.95,United States
2125,Boxabl Inc.,BXBL,792301184,3.28,United States
2126,Independent Bank Corporation,IBCP,789184960,35.55,United States
2127,GCM Grosvenor,GCMG,787917632,12.89,United States
2128,Mitek Systems,MITK,787836672,17.46,United States
2129,Immix Biopharma,IMMX,786748992,9.49,United States
2130,Lexicon Pharmaceuticals,LXRX,783122432,1.76,United States
2131,Varex Imaging,VREX,783025984,18.44,United States
2132,Fox Factory Holding,FOXF,782617280,18.62,United States
2133,Southern Missouri Bancorp,SMBC,781171904,70.93,United States
2134,Peakstone Realty Trust,PKST,780562688,20.99,United States
2135,LSI Industries,LYTS,778389312,20.89,United States
2136,Sky Harbour Group,SKYH,777112896,9.52,United States
2137,Reformation Inc.,REF,772757504,13.08,United States
2138,ARKO Petroleum,APC,772540416,16.24,United States
2139,Ginkgo Bioworks,DNA,772393024,11.47,United States
2140,"TXO Partners, L.P.",TXO,772368512,13.93,United States
2141,Geron,GERN,770968128,1.2,United States
2142,Sabre,SABR,770843904,1.91,United States
2143,Peapack-Gladstone Financial,PGC,769570368,43.41,United States
2144,Angel Studios,ANGX,769436032,4.12,United States
2145,Barrett Business Services,BBSI,766316416,31.62,United States
2146,River City Bank,RCBC,764819968,54.65,United States
2147,PRA Group,PRAA,763501632,20.28,United States
2148,PureCycle Technologies,PCT,763438272,3.8,United States
2149,Financial Institutions,FISI,762833152,38.71,United States
2150,CTO Realty Growth,CTO,762829056,20.35,United States
2151,Annexon,ANNX,760212352,4.01,United States
2152,Golden Entertainment,GDEN,753686080,28.55,United States
2153,Westlake Chemical Partners,WLKP,753556864,21.38,United States
2154,Dakota Gold,DC,752710528,5.61,United States
2155,"MNTN, Inc.",MNTN,751771776,10.05,United States
2156,"Apnimed, Inc.",APMD,751019328,18.04,United States
2157,Chimera Investment Corporation,CIM,750057856,8.96,United States
2158,Attovia Therapeutics,ATTO,749593728,16.42,United States
2159,Shore Bancshares,SHBI,749541312,22.46,United States
2160,Groupon,GRPN,749461440,18.43,United States
2161,Latham Group,SWIM,749405568,6.37,United States
2162,Verastem Oncology,VSTM,748506880,8.265,United States
2163,Fidus Investment Corporation,FDUS,748482752,18.82,United States
2164,Gyre Therapeutics,GYRE,746477696,7.04,United States
2165,Strawberry Fields REIT,STRW,739838912,13.09,United States
2166,Root Insurance,ROOT,739647872,47.74,United States
2167,Hertz,HTZ,737854336,2.07,United States
2168,Solid Biosciences,SLDB,734492864,6.85,United States
2169,LSB Industries,LXU,734374528,10.2,United States
2170,Design Therapeutics,DSGN,731579456,11.69,United States
2171,LightPath Technologies,LPTH,728377024,10.4,United States
2172,Avalo Therapeutics,AVTX,728295232,13.58,United States
2173,Mesa Laboratories,MLAB,727239168,129.96,United States
2174,Movado Group,MOV,726486720,32.56,United States
2175,HomeTrust Bancshares,HTB,724319744,46.13,United States
2176,TaskUs,TASK,723410624,7.89,United States
2177,MFA Financial,MFA,722778752,7.15,United States
2178,Lincoln Educational Services,LINC,721346432,22.74,United States
2179,Vitesse Energy,VTS,717036544,17.03,United States
2180,Carlyle Secured Lending,CGBD,715567616,10.4,United States
2181,Washington Trust Bancorp,WASH,714142528,37.44,United States
2182,Collegium Pharmaceutical,COLL,713944576,21.93,United States
2183,XOMA Royalty,XOMA,710155008,40.17,United States
2184,Bowman Consulting Group,BWMN,709967936,42.79,United States
2185,Prime Medicine,PRME,707369792,3.9,United States
2186,Green Dot,GDOT,707186048,12.41,United States
2187,Community West Bancshares,CWBC,707117376,26.06,United States
2188,Enhabit,EHAB,706913408,13.8,United States
2189,Lucky Strike Entertainment,LUCK,704815872,5.17,United States
2190,Sable Offshore,SOC,704161344,3.67,United States
2191,"Sturm, Ruger &amp; Co",RGR,702244352,43.95,United States
2192,American Woodmark,AMWD,700651840,48.09,United States
2193,ParkOhio Holdings Corp.,PKOH,699577664,48.28,United States
2194,Bloomin' Brands,BLMN,699522944,8.17,United States
2195,Carter Bankshares,CARE,699319104,30.19,United States
2196,Scholastic,SCHL,698822464,37.96,United States
2197,Bally's Corporation,BALY,697488768,13.82,United States
2198,Kimball Electronics,KE,697447296,29.07,United States
2199,WhiteHawk Minerals Corp,WHK,697394624,26.15,United States
2200,Once Upon A Farm,OFRM,696624896,16.59,United States
2201,4D Molecular Therapeutics,FDMT,695524608,12.59,United States
2202,Olema Pharmaceuticals,OLMA,694731008,7.94,United States
2203,Cytek Biosciences,CTKB,694110592,5.34,United States
2204,Natural Grocers by Vitamin Cottage,NGVC,692297408,30.04,United States
2205,Bain Capital Specialty Finance,BCSF,692147008,10.67,United States
2206,Winnebago Industries,WGO,691174400,24.45,United States
2207,PennyMac Mortgage Investment Trust,PMT,688898624,7.9,United States
2208,Hyliion,HYLN,687599296,3.85,United States
2209,California BanCorp,BCAL,687378496,21.38,United States
2210,Third Coast Bancshares,TCBX,686696768,41.27,United States
2211,EverQuote,EVER,685887872,19.39,United States
2212,Cass Information Systems,CASS,685000960,53.49,United States
2213,Peoples Financial Services,PFIS,684208576,68.35,United States
2214,RE/MAX Holdings,RMAX,681161536,12.36,United States
2215,Arrow Financial,AROW,677968256,36.6,United States
2216,Udemy,UDMY,677283328,4.63,United States
2217,Donegal Group,DGICA,675043776,18.22,United States
2218,Cannae Holdings,CNNE,674035520,15.54,United States
2219,Legacy Housing Corporation,LEGH,672822144,28.29,United States
2220,MiMedx Group,MDXG,672757184,4.61,United States
2221,Five Point Holdings,FPH,671477312,4.54,United States
2222,Aura Biosciences,AURA,669933056,6.46,United States
2223,DoubleDown Interactive,DDI,669467008,13.51,United States
2224,Midland States Bancorp,MSBI,669255616,32.25,United States
2225,New Era Energy & Digital,NUAI,668007872,5.53,United States
2226,Energy Vault,NRGV,665532864,3.66,United States
2227,MISTRAS Group,MG,665244096,20.88,United States
2228,OmniAb,OABI,662980224,4.56,United States
2229,Nuvectis Pharma,NVCT,662348160,20.29,United States
2230,Chatham Lodging Trust,CLDT,661601920,13.48,United States
2231,PennantPark Floating Rate Capital Ltd.,PFLT,660791168,6.66,United States
2232,Red River Bancshares,RRBI,659859136,100.22,United States
2233,Arbor Realty Trust,ABR,658866816,3.25,United States
2234,The Elmet Group,ELMT,658534400,21.62,United States
2235,Zevra Therapeutics,ZVRA,657972288,11.08,United States
2236,Mativ Holdings,MATV,657865920,11.92,United States
2237,Arbutus Biopharma,ABUS,657553600,4.29,United States
2238,Consensus Cloud Solutions,CCSI,657314944,35.87,United States
2239,OneSpan,OSPN,656189440,17.7,United States
2240,Starling Oncology,STLN,655320576,6.43,United States
2241,Yext,YEXT,655239040,6.62,United States
2242,Shentel,SHEN,654964160,11.83,United States
2243,WhiteFiber,WYFI,653813888,16.83,United States
2244,Hovnanian Enterprises,HOV,651938752,111.26,United States
2245,Phreesia,PHR,651744896,10.5,United States
2246,Smith &amp; Wesson,SWBI,650623744,14.51,United States
2247,Village Super Market,VLGEA,648951872,43.82,United States
2248,First Watch Restaurant,FWRG,647980608,10.5,United States
2249,Armada Hoffler Properties,AHH,647902656,6.25,United States
2250,OTC Markets Group,OTCM,647107456,54.0,United States
2251,Bar Harbor Bankshares,BHB,644991104,38.47,United States
2252,ACNB Corporation,ACNB,644584192,63.12,United States
2253,Summit Hotel Properties,INN,643885184,5.97,United States
2254,Hallador Energy Company,HNRG,643506816,13.65,United States
2255,Priority Technology Holdings,PRTH,641633920,7.78,United States
2256,Tiptree,TIPT,641267456,17.22,United States
2257,Sprout Social,SPT,639853760,10.56,United States
2258,Northfield Bancorp,NFBK,639406784,15.31,United States
2259,Reservoir Media,RSVR,638398976,9.7,United States
2260,"Yesway, Inc.",YSWY,638368384,20.47,United States
2261,Papa John's Pizza,PZZA,637363904,19.36,United States
2262,New Mountain Finance Corporation,NMFC,636609088,6.74,United States
2263,Park Aerospace,PKE,636440448,29.26,United States
2264,Petco,WOOF,635851008,2.22,United States
2265,indie Semiconductor,INDI,635156352,2.74,United States
2266,Capital Bancorp,CBNK,633749440,38.89,United States
2267,ADTRAN,ADTN,632295744,7.76,United States
2268,Hudson Pacific Properties,HPP,631145472,11.63,United States
2269,"ERock, Inc.",EROC,630116224,13.08,United States
2270,Sagimet Biosciences,SGMT,629668928,8.88,United States
2271,Hingham Institution for Savings,HIFS,628303680,285.95,United States
2272,NETGEAR,NTGR,627835392,23.1,United States
2273,ProKidney,PROK,626716672,1.57,United States
2274,Entravision Communications,EVC,625714752,6.78,United States
2275,Coastal Financial Corporation,CCB,625669376,40.93,United States
2276,SLR Investment,SLRC,623286656,11.425,United States
2277,Forge Global,FRGE,623007296,45.0,United States
2278,Grid Dynamics,GDYN,622243200,7.67,United States
2279,"AGNT, Inc",AGNT,621966080,3.785,United States
2280,Ironwood Pharmaceuticals,IRWD,619649792,3.75,United States
2281,Gladstone Commercial,GOOD,616669120,12.63,United States
2282,Climb Bio,CLYM,615142272,10.71,United States
2283,EagleRock Land,EROK,611881344,25.02,United States
2284,PAR Technology,PAR,611340800,14.78,United States
2285,Climb Global Solutions,CLMB,611322560,32.76,United States
2286,Matthews International Corporation,MATW,611153920,19.58,United States
2287,Vaalco Energy,EGY,609060352,5.79,United States
2288,Gladstone Investment,GAIN,608877888,15.29,United States
2289,Limbach Holdings,LMB,607616768,50.97,United States
2290,Tron Inc.,TRON,607209024,1.28,United States
2291,Mama's Creations,MAMA,606316416,12.86,United States
2292,Granite Ridge Resources,GRNT,605422144,4.59,United States
2293,Miller Industries,MLR,602233344,53.05,United States
2294,American Bitcoin Corp,ABTC,598578048,8.22,United States
2295,AngioDynamics,ANGO,596752576,14.19,United States
2296,Helen of Troy,HELE,595112128,25.55,United States
2297,Weave Communications,WEAV,592919808,7.37,United States
2298,Tronox,TROX,592487104,3.71,United States
2299,Hyster-Yale Materials Handling,HY,590687296,32.97,United States
2300,"Eve Holding, Inc.",EVEX,588941952,1.69,United States
2301,Peoples Bancorp,PEBO,588609664,36.12,United States
2302,Array Technologies,ARRY,588309376,3.82,United States
2303,OrthoPediatrics,KIDS,586948032,22.48,United States
2304,First Business Financial Services,FBIZ,586619200,70.1,United States
2305,Gemini Space Station,GEMI,582138368,4.49,United States
2306,Velocity Financial,VEL,581956672,14.74,United States
2307,Greene County Bancorp,GCBC,581760768,34.17,United States
2308,NerdWallet,NRDS,580742080,9.085,United States
2309,Aquestive Therapeutics,AQST,579863808,4.62,United States
2310,United States Antimony Corporation,UAMY,577723776,3.86,United States
2311,AH Realty Trust,AHRT,577373376,6.02,United States
2312,Kearny Financial,KRNY,575508544,9.11,United States
2313,Janus International Group,JBI,574394688,4.21,United States
2314,IperionX,IPX,573426176,15.83,United States
2315,IBEX,IBEX,573105856,43.16,United States
2316,Insteel Industries,IIIN,572810560,29.59,United States
2317,Shattuck Labs,STTK,567554240,5.655,United States
2318,CorMedix,CRMD,567434688,7.28,United States
2319,XMax Inc.,XMAX,567012928,8.74,United States
2320,Southern First Bancshares,SFST,566884544,59.85,United States
2321,3D Systems,DDD,566561344,3.41,United States
2322,Fulgent Genetics,FLGT,565989568,20.57,United States
2323,Titan Machinery,TITN,565730816,24.04,United States
2324,Forward Industries,FWDI,563769920,7.39,United States
2325,Bridgewater Bancshares,BWB,563532032,20.21,United States
2326,Monopar Therapeutics,MNPR,562345792,83.78,United States
2327,Enovix,ENVX,559593728,2.55,United States
2328,Investors Title Company,ITIC,559092288,296.13,United States
2329,Cardinal Infrastructure Group,CDNL,558821056,26.07,United States
2330,Wabash National,WNC,558506624,13.71,United States
2331,CytomX Therapeutics,CTMX,555643136,2.55,United States
2332,Enviri Corporation,NVRI,554217728,19.66,United States
2333,Civista Bancshares,CIVB,553126720,26.6,United States
2334,Bluelinx,BXC,552238720,70.96,United States
2335,Kelly Services,KELYA,552237888,15.9,United States
2336,Phathom Pharmaceuticals,PHAT,550935360,6.81,United States
2337,Unity Bancorp,UNTY,548425216,54.61,United States
2338,Solid Power,SLDP,547634944,2.4,United States
2339,Pangaea Logistics Solutions,PANL,546706048,8.35,United States
2340,GMR Solutions Inc.,GMRS,545079104,10.09,United States
2341,Ooma,OOMA,544272000,19.72,United States
2342,Contango Ore,CTGO,543411264,16.25,United States
2343,Factorial Energy,FAC,541537600,5.06,United States
2344,NVE Corporation,NVEC,541375744,111.92,United States
2345,Northrim BanCorp,NRIM,540547776,24.3,United States
2346,W&amp;T Offshore,WTI,538866304,3.57,United States
2347,Methode Electronics,MEI,538596736,15.11,United States
2348,Northpointe Bancshares,NPB,538093440,15.56,United States
2349,GAMCO Investors,GAMI,536938944,25.0,United States
2350,Carriage Services,CSV,536821600,33.8,United States
2351,Delcath Systems,DCTH,533667488,15.38,United States
2352,The Honest Company,HNST,528911968,4.93,United States
2353,BlossomHill Therapeutics,BLSM,527947328,16.61,United States
2354,Bit Digital,BTBT,526524928,1.46,United States
2355,Bank7,BSVN,525160448,55.13,United States
2356,Flushing Financial Corp,FFIC,524179680,15.47,United States
2357,Ramaco Resources,METC,524113312,8.23,United States
2358,Ethan Allen,ETD,523243680,20.76,United States
2359,i3 Verticals,IIIV,522790176,15.03,United States
2360,Zion Oil &amp; Gas,ZNOG,522044800,0.438,United States
2361,Bankwell Financial Group,BWFG,520729216,65.32,United States
2362,Home Bancorp,HBCP,520256576,66.1,United States
2363,MapLight Therapeutics,MPLT,520188736,9.36,United States
2364,Teamshares,TMS,519432256,7.02,United States
2365,Forward Air,FWRD,519211872,15.37,United States
2366,American Integrity Insurance Group,AII,518292224,26.45,United States
2367,Universal Health Realty Income Trust,UHT,518281952,37.29,United States
2368,Neurogene,NGNE,517694464,25.87,United States
2369,Altimmune,ALT,517417088,2.66,United States
2370,Veradigm,MDRX,516615808,4.74,United States
2371,OppFi,OPFI,516361984,6.06,United States
2372,Bright Minds Biosciences,DRUG,512931168,52.0,United States
2373,MediaAlpha,MAX,512275136,9.67,United States
2374,Evolus,EOLS,511230400,7.74,United States
2375,Cars.com,CARS,510702080,9.54,United States
2376,Franklin BSP Realty Trust,FBRT,509898848,6.14,United States
2377,Sierra Bancorp,BSRR,509720768,39.32,United States
2378,Cogent Communications,CCOI,509084384,9.94,United States
2379,SandRidge Energy,SD,508673056,13.72,United States
2380,Krispy Kreme,DNUT,506620000,2.92,United States
2381,Puma Biotechnology,PBYI,506392864,9.81,United States
2382,NioCorp Developments,NB,503181248,3.45,United States
2383,REGENXBIO,RGNX,501370176,7.595,United States
2384,Crescent Biopharma,CBIO,501110752,13.49,United States
2385,Aclaris Therapeutics,ACRS,500476256,3.4,United States
2386,York Water,YORW,500327136,30.83,United States
2387,Onterris,ONT,499369792,14.22,United States
2388,Tactile Medical,TCMD,498803360,22.02,United States
2389,"Nerdy, Inc,",NRDY,498389888,6.9,United States
2390,Orange County Bancorp,OBT,497167296,37.08,United States
2391,ChoiceOne Financial Services,COFS,494878144,33.09,United States
2392,Allogene Therapeutics,ALLO,494051936,1.43,United States
2393,Chiron Real Estate,XRN,493771936,34.1,United States
2394,FrontView REIT,FVR,493236416,16.32,United States
2395,West Bancorporation,WTBA,492564192,28.9,United States
2396,Private Bancorp of America,PBAM,492180832,85.96,United States
2397,Weyco Group,WEYS,492066656,51.52,United States
2398,Gray Media,GTN,491235520,4.77,United States
2399,First Foundation,FFWM,489265120,5.9,United States
2400,Oil States International,OIS,488010016,8.09,United States
2401,Arvinas,ARVN,487127104,7.45,United States
2402,908 Devices,MASS,486911008,11.78,United States
2403,Concrete Pumping Holdings,BBCP,486296480,9.65,United States
2404,Ponce Financial Group,PDLB,485693024,20.08,United States
2405,Kura Sushi USA,KRUS,485385952,39.95,United States
2406,Senseonics Holdings,SENS,484326304,9.16,United States
2407,CompX International,CIX,484296128,39.3,United States
2408,Glass House Brands,GLAS,483464064,5.13,United States
2409,Farmers &amp; Merchants Bancorp,FMAO,480683360,34.9,United States
2410,One Liberty Properties,OLP,480495968,21.94,United States
2411,Aspen Aerogels,ASPN,479675200,5.78,United States
2412,Quad,QUAD,479104768,9.31,United States
2413,Contineum Therapeutics,CTNM,478916992,12.73,United States
2414,Brandywine Realty Trust,BDN,478519840,2.77,United States
2415,BrightSpire Capital,BRSP,478261376,3.78,United States
2416,Industrial Logistics Properties Trust,ILPT,477900480,7.16,United States
2417,ARKO Corp.,ARKO,474545600,4.23,United States
2418,Shoe Carnival,SCVL,473247296,17.43,United States
2419,MasterCraft Boat,MCFT,472670592,19.42,United States
2420,Capricor Therapeutics,CAPR,470925824,8.1,United States
2421,Evolent Health,EVH,468065632,4.14,United States
2422,Alpha Teknova,TKNO,467624640,8.71,United States
2423,Assembly Biosciences,ASMB,467275680,22.95,United States
2424,Sight Sciences,SGHT,466595296,8.47,United States
2425,Columbus McKinnon,CMCO,466446176,16.16,United States
2426,Calavo Growers,CVGW,466334752,26.09,United States
2427,Hamilton Beach Brands,HBB,466045632,34.67,United States
2428,Alight,ALIT,465874144,9.93,United States
2429,Cerus Corporation,CERS,461492000,2.29,United States
2430,Ovid Therapeutics,OVID,460902912,2.36,United States
2431,TPG Real Estate Finance Trust,TRTX,460756928,5.96,United States
2432,Johnson Outdoors,JOUT,460686272,43.96,United States
2433,Rayonier Advanced Materials,RYAM,459304160,6.79,United States
2434,Virgin Galactic,SPCE,456303680,3.01,United States
2435,Farmland Partners,FPI,455049888,10.36,United States
2436,AMERISAFE,AMSF,454314624,24.29,United States
2437,Citizens &amp; Northern Corp,CZNC,451958688,25.2,United States
2438,Universal Logistics Holdings,ULH,450889472,17.1,United States
2439,American Coastal Insurance Corporation,ACIC,449533120,9.51,United States
2440,AdvanSix,ASIX,449299712,16.64,United States
2441,NRC Health,NRC,446992800,20.19,United States
2442,Eightco Holdings,ORBS,446968480,1.04,United States
2443,Clearfield,CLFD,446912128,32.9,United States
2444,El Pollo Loco,LOCO,445233856,14.63,United States
2445,Summit Midstream,SMC,445073024,32.29,United States
2446,Intrepid Potash,IPI,445012192,33.07,United States
2447,Malibu Boats,MBUU,444521920,22.59,United States
2448,Tectonic Therapeutic,TECX,443966080,22.71,United States
2449,Verra Mobility,VRRM,443789792,2.92,United States
2450,AMC Networks,AMCX,443024704,10.74,United States
2451,Titan International,TWI,442115104,6.85,United States
2452,Havertys,HVT,441656480,27.44,United States
2453,ATN International,ATNI,441614240,28.67,United States
2454,Genie Energy,GNE,439011328,16.68,United States
2455,ASP Isotopes,ASPI,438464800,2.86,United States
2456,Radiant Logistics,RLGT,438461472,9.35,United States
2457,NeuroPace,NPCE,437977728,12.76,United States
2458,Ur-Energy,URG,437650080,1.1,United States
2459,RBB Bancorp,RBB,437446848,25.86,United States
2460,Tejon Ranch,TRC,436666528,16.16,United States
2461,Bank of Marin Bancorp,BMRC,435139456,26.87,United States
2462,ARS Pharmaceuticals,SPRY,433590432,4.36,United States
2463,DiaMedica Therapeutics,DMAC,430866304,7.99,United States
2464,AlTi Global,ALTI,430403840,2.76,United States
2465,Caleres,CAL,429586944,12.45,United States
2466,Natural Gas Services Group,NGS,428739008,33.24,United States
2467,Commercial Bancgroup,CBK,428096192,31.245,United States
2468,Cross Country Healthcare,CCRN,428060928,13.25,United States
2469,Plumas Bancorp,PLBC,427074816,61.37,United States
2470,Colony Bankcorp,CBAN,426965824,20.12,United States
2471,Star Group,SGU,426545792,13.0,United States
2472,Monro,MNRO,426207392,13.64,United States
2473,Acacia Research,ACTG,424990560,4.355,United States
2474,Claritev,CTEV,424195040,25.03,United States
2475,Rezolute,RZLT,423643840,4.38,United States
2476,Gladstone Capital Corporation,GLAD,422942208,18.72,United States
2477,Editas Medicine,EDIT,422345088,2.75,United States
2478,"Citi Trends, Inc.",CTRN,419557600,50.31,United States
2479,Everspin Technologies,MRAM,419550624,17.23,United States
2480,Redwood Trust,RWT,419545504,3.34,United States
2481,Pioneer Bancorp,PBFS,419035072,17.33,United States
2482,Fossil Group,FOSL,418697408,7.08,United States
2483,Magnera,MAGN,418012736,11.66,United States
2484,Idaho Strategic Resources,IDR,417019584,26.35,United States
2485,Value Line,VALU,416940416,44.44,United States
2486,Nathan's Famous,NATH,416482880,101.72,United States
2487,Spire Global,SPIR,415792960,10.63,United States
2488,Valhi,VHI,415188672,14.66,United States
2489,Bed Bath &amp; Beyond,BBBY,414399584,4.35,United States
2490,Strata Critical Medical,SRTA,414024640,4.68,United States
2491,Gladstone Land,LAND,412816992,9.57,United States
2492,Eagle Point Credit Company,ECC,411003200,3.09,United States
2493,Myriad Genetics,MYGN,409380512,4.28,United States
2494,Eikon Therapeutics,EIKN,408404352,7.54,United States
2495,Acco Brands,ACCO,407999456,4.42,United States
2496,USCB Financial Holdings,USCB,406068832,21.98,United States
2497,EVgo,EVGO,405725248,1.29,United States
2498,Avidia Bancorp,AVBC,404895296,21.92,United States
2499,Barnes &amp; Noble Education,BNED,404193664,11.66,United States
2500,Serve Robotics,SERV,404056960,4.66,United States
2501,AVITA Medical,RCEL,403595360,13.05,United States
2502,Atea Pharmaceuticals,AVIR,401825536,5.01,United States
2503,Zura Bio,ZURA,399607520,4.17,United States
2504,Investar Holding,ISTR,399395968,28.99,United States
2505,"Suja Life, Inc.",SUJA,399382624,10.34,United States
2506,Vital Farms,VITL,396687232,9.24,United States
2507,Transcontinental Realty Investors,TCI,396495456,45.19,United States
2508,Twin Disc,TWIN,395603904,27.21,United States
2509,Xerox,XRX,395256672,3.01,United States
2510,Genesco,GCO,394610944,36.47,United States
2511,First Carolina Financial Services,FCBM,393953056,12.68,United States
2512,Mayville Engineering Company,MEC,392960128,15.41,United States
2513,Shoulder Innovations,SI,389522656,18.71,United States
2514,Chemung Financial Corporation,CHMG,388755264,80.63,United States
2515,Cooper Standard,CPS,388434912,21.86,United States
2516,PCB Bancorp,PCB,388052352,27.63,United States
2517,Community Healthcare Trust,CHCT,388004928,13.58,United States
2518,Vista Gold,VGZ,385364352,2.64,United States
2519,MVB Financial,MVBF,383578848,29.58,United States
2520,Community Health Systems,CYH,383545472,2.72,United States
2521,Oportun Financial,OPRT,383073792,8.33,United States
2522,Bumble,BMBL,383041920,2.5,United States
2523,FRP Holdings,FRPH,382447008,19.95,United States
2524,Kyverna Therapeutics,KYTX,381574048,6.17,United States
2525,Optimum Communications,OPTU,381431552,1.0,United States
2526,Parke Bancorp,PKBK,380130720,32.32,United States
2527,Citizens Financial Services,CZFS,379689952,78.94,United States
2528,Rimini Street,RMNI,379025344,4.06,United States
2529,Montauk Renewables,MNTK,378627424,2.66,United States
2530,Primis Financial,FRST,378185856,15.25,United States
2531,Oxford Industries,OXM,377003168,25.17,United States
2532,"NN, Inc.",NNBR,376851712,4.02,United States
2533,Northeast Community Bancorp,NECB,376226400,27.33,United States
2534,First Bancorp,FNLC,375814752,33.31,United States
2535,Cerence,CRNC,374958816,8.29,United States
2536,Orthofix Medical,OFIX,374740000,9.2,United States
2537,Simulations Plus,SLP,374159488,18.5,United States
2538,L.B. Foster,FSTR,373661984,35.52,United States
2539,International Money Express,IMXI,372509376,12.33,United States
2540,Advantage Solutions,ADV,371588224,28.98,United States
2541,Richtech Robotics,RR,371418176,1.65,United States
2542,Boston Omaha,BOC,370179776,12.98,United States
2543,Gloo Holdings,GLOO,368472544,3.98,United States
2544,Turn Therapeutics,TTRX,367449216,12.1,United States
2545,Orion Group Holdings,ORN,367292256,9.07,United States
2546,Opus Genetics,IRD,366893568,4.41,United States
2547,Dine Brands Global,DIN,366608960,28.96,United States
2548,GigCapital9,GIX,365833600,10.01,United States
2549,Galectin Therapeutics,GALT,365075712,3.62,United States
2550,KKR Real Estate Finance Trust,KREF,364940608,6.23,United States
2551,Stitch Fix,SFIX,364738080,2.73,United States
2552,J.Jill,JILL,363994304,24.49,United States
2553,Fennec Pharmaceuticals,FENC,363295776,10.36,United States
2554,Arcturus Therapeutics,ARCT,362820480,12.765,United States
2555,Emergent BioSolutions,EBS,362502496,7.07,United States
2556,Southern States Bancshares,SSBK,361068608,36.37,United States
2557,Enanta Pharmaceuticals,ENTA,360281216,12.37,United States
2558,Ranger Energy Services,RNGR,359923136,15.38,United States
2559,Syntec Optics,OPTX,358088160,8.89,United States
2560,Viemed Healthcare,VMD,356886688,9.37,United States
2561,PureTech Health,PRTC.L,354401939,1.45594,United States
2562,Flexsteel Industries,FLXS,353935584,86.5,United States
2563,Funko,FNKO,353333280,6.31,United States
2564,PowerFleet,AIOT,353014176,2.63,United States
2565,Waterstone Financial,WSBF,352889056,19.63,United States
2566,NexPoint Real Estate Finance,NREF,352882976,15.32,United States
2567,Innovative Aerosystems,IA,349928800,19.55,United States
2568,Timberland Bancorp,TSBK,348894208,44.87,United States
2569,ON24,ONTF,348249024,8.1,United States
2570,CapsoVision,CV,347995712,6.54,United States
2571,FS Bancorp,FSBW,346956608,44.13,United States
2572,C4 Therapeutics,CCCC,346930880,2.82,United States
2573,Relmada Therapeutics,RLMD,346676992,3.25,United States
2574,Ring Energy,REI,346517664,1.33,United States
2575,Artesian Resources,ARTNA,346474912,33.55,United States
2576,Rocky Brands,RCKY,346015808,46.21,United States
2577,Energy Recovery,ERII,343532032,6.73,United States
2578,Avidbank Holdings,AVBH,342245248,31.16,United States
2579,Artiva Biotherapeutics,ARTV,342230848,7.0,United States
2580,Agenus,AGEN,341875712,7.57,United States
2581,Kodiak AI,KDK,341050912,1.7,United States
2582,LendingTree,TREE,341020960,24.29,United States
2583,Orchestra BioMed,OBIO,340194560,5.66,United States
2584,Verano Holdings,VRNOF,340106912,0.94,United States
2585,NL Industries,NL,339846208,6.95,United States
2586,Ocugen,OCGN,339110400,1.0,United States
2587,CION Investment Corporation,CION,339006624,6.89,United States
2588,DigiPowerX,DGXX,338664928,3.34,United States
2589,Lantronix,LTRX,338000480,7.21,United States
2590,Alpine Income Property Trust,PINE,337777728,17.63,United States
2591,Clean Energy Fuels,CLNE,337280864,1.53,United States
2592,BayCom (United Business Bank),BCML,336339584,30.8,United States
2593,Ranpak,PACK,336172480,3.92,United States
2594,Repay Holdings,RPAY,335982528,3.81,United States
2595,Embecta,EMBC,334858240,5.91,United States
2596,Cabaletta Bio,CABA,334004512,1.97,United States
2597,Scribe Therapeutics,SCTX,332629600,17.57,United States
2598,C&amp;F Financial Corporation,CFFI,331704992,102.01,United States
2599,PrimeEnergy Resources,PNRG,331665504,209.57,United States
2600,Civeo,CVEO,329125600,31.84,United States
2601,Ribbon Communications,RBBN,329034976,1.84,United States
2602,Bakkt Holdings,BKKT,327654944,7.27,United States
2603,Nano Dimension,NNDM,326800448,1.55,United States
2604,LiveWire Group,LVWR,326605824,1.59,United States
2605,ClearPoint Neuro,CLPT,325175072,10.66,United States
2606,Chain Bridge Bancorp,CBNA,324613088,49.47,United States
2607,Orion S.A.,OEC,323309824,5.72,United States
2608,M-tron Industries,MPTI,322899712,74.29,United States
2609,Public Policy Holding Company,PPHC,322712576,10.68,United States
2610,"TWFG, Inc.",TWFG,322394752,25.03,United States
2611,Telos,TLS,322115584,4.31,United States
2612,Sanara MedTech,SMTI,322040608,35.05,United States
2613,Lifeway Foods,LWAY,321773696,21.3,United States
2614,John Marshall Bancorp,JMSB,321615552,22.79,United States
2615,Gevo,GEVO,321408224,1.3,United States
2616,Perma-Fix Environmental Services,PESI,319972736,15.08,United States
2617,CoastalSouth Bancshares,COSO,319064160,26.69,United States
2618,Jakks Pacific,JAKK,317828000,27.77,United States
2619,NewtekOne,NEWT,315998944,10.94,United States
2620,Movano,MOVE,315522752,10.0,United States
2621,FVCBankcorp,FVCB,315057536,17.47,United States
2622,Build-A-Bear Workshop,BBW,315005408,25.57,United States
2623,Envela Corporation,ELA,314417696,12.11,United States
2624,Lands' End,LE,314054368,10.63,United States
2625,Benitec Biopharma,BNTC,313595712,8.99,United States
2626,ZipRecruiter,ZIP,313281664,3.81,United States
2627,iHeartMedia,IHRT,312674112,2.02,United States
2628,Clearwater Paper,CLW,312023648,19.35,United States
2629,Friedman Industries,FRD,310077888,42.99,United States
2630,8x8,EGHT,309092000,2.14,United States
2631,Amtech Systems,ASYS,308142560,17.6,United States
2632,Maui Land &amp; Pineapple Company,MLP,307816928,15.5,United States
2633,Cadiz Inc.,CDZI,306530976,3.62,United States
2634,Horizon Technology Finance,HRZN,306492384,4.49,United States
2635,Regional Management Corp.,RM,306296352,33.2,United States
2636,Prelude Therapeutics,PRLD,305041504,3.83,United States
2637,First Community Corporation,FCCO,303893312,32.33,United States
2638,The RMR Group,RMR,301124384,17.63,United States
2639,Designer Brands,DBI,301116832,5.89,United States
2640,Gogo Inflight Internet,GOGO,300827456,2.22,United States
2641,NI Holdings,NODK,300765632,14.74,United States
2642,OPAL Fuels,OPAL,300466816,1.72,United States
2643,Presidio Production Company,FTW,299902016,9.52,United States
2644,"Deep Fission, Inc.",FISN,299242144,5.08,United States
2645,Paysafe,PSFE,298150336,5.71,United States
2646,American Battery Technology Company,ABAT,297987520,2.09,United States
2647,Richardson Electronics,RELL,297284352,20.0,United States
2648,Matrix Service Company,MTRX,296499296,10.48,United States
2649,RCM Technologies,RCMT,294385440,41.4,United States
2650,CPI Card Group,PMTS,293045312,25.28,United States
2651,Palmer Square Capital BDC,PSBD,293025664,9.56,United States
2652,Princeton Bancorp,BPRN,292354464,42.91,United States
2653,First Western Financial,MYFW,292172672,29.92,United States
2654,"TSS, Inc.",TSSI,291785184,10.34,United States
2655,ThredUp,TDUP,291560704,2.22,United States
2656,Abeona Therapeutics,ABEO,290494784,5.08,United States
2657,Isabella Bank Corporation,ISBA,290049760,38.02,United States
2658,TechTarget,TTGT,288607296,3.99,United States
2659,Camping World,CWH,288502336,4.52,United States
2660,Seaport Entertainment Group,SEG,288214560,22.5,United States
2661,BioAge Labs,BIOA,287314656,6.26,United States
2662,EyePoint Pharmaceuticals,EYPT,286224288,3.32,United States
2663,Holley,HLLY,286112576,2.36,United States
2664,Larimar Therapeutics,LRMR,285678080,2.75,United States
2665,Franklin Financial Services Corporation,FRAF,285543456,63.46,United States
2666,Silvaco Group,SVCO,284640384,8.4,United States
2667,Alico,ALCO,283611584,38.23,United States
2668,"Mobia Medical, Inc.",MOBI,283307232,8.51,United States
2669,Alto Ingredients,ALTO,282737056,3.645,United States
2670,Ames National Corp.,ATLO,282456736,31.89,United States
2671,QNB Corp.,QNBC,281964448,45.41,United States
2672,Perspective Therapeutics,CATX,280813088,2.46,United States
2673,First United Corporation,FUNC,280354624,43.44,United States
2674,Information Services Group,III,280313952,5.79,United States
2675,Quantum-Si,QSI,280171392,1.28,United States
2676,Commerce.com,CMRC,280063392,3.38,United States
2677,Marine Products Corporation,MPX,280037408,8.18,United States
2678,Fulcrum Therapeutics,FULC,280010944,3.67,United States
2679,fuboTV,FUBO,279389568,9.25,United States
2680,MGP Ingredients,MGPI,279239552,13.04,United States
2681,CS Disco,LAW,279155008,4.3,United States
2682,Hawthorn Bancshares,HWBK,278874400,38.13,United States
2683,Biodesix,BDSX,278760544,26.42,United States
2684,X4 Pharmaceuticals,XFOR,278602336,2.81,United States
2685,Rocket Pharmaceuticals,RCKT,278278624,2.535,United States
2686,BridgeBio Oncology Therapeutics,BBOT,275799488,3.44,United States
2687,Vanda Pharmaceuticals,VNDA,275709856,4.56,United States
2688,Portillo's,PTLO,274845792,3.79,United States
2689,loanDepot,LDI,274527264,0.6178,United States
2690,TrueBlue,TBI,273694656,8.99,United States
2691,Middlefield Banc,MBCN,273627936,33.67,United States
2692,Western New England Bancorp,WNEB,272824320,13.61,United States
2693,National Bankshares,NKSH,272567936,42.8,United States
2694,NACCO Industries,NC,271982880,36.04,United States
2695,Lexeo Therapeutics,LXEO,271711776,3.31,United States
2696,Aimco,AIV,271522240,1.76,United States
2697,USANA,USNA,271050752,14.67,United States
2698,Medallion Financial Corp.,MFIN,270701312,11.79,United States
2699,Inhibikase Therapeutics,IKT,270699648,1.94,United States
2700,AirJoule Technologies Corporation,AIRJ,269918400,3.68,United States
2701,Duos Technologies Group,DUOT,269404608,8.56,United States
2702,SES AI,SES,269294752,0.7253,United States
2703,InfuSystem,INFU,269022112,13.33,United States
2704,Kingstone Companies,KINS,268966560,18.58,United States
2705,NexPoint Diversified Real Estate Trust,NXDT,268716512,5.06,United States
2706,Huuuge,HUG.WA,268008527,5.9894,United States
2707,Aviat Networks,AVNW,267973872,20.84,United States
2708,The Hackett Group,HCKT,267437120,10.75,United States
2709,LCNB Corp.,LCNB,266568288,18.7,United States
2710,Standard BioTools,LAB,266443232,0.6787,United States
2711,Runway Growth Finance,RWAY,265708800,6.34,United States
2712,Omega Flex,OFLX,265682544,26.32,United States
2713,Pure Cycle (water),PCYO,264107184,10.96,United States
2714,E. W. Scripps Company,SSP,263179936,2.84,United States
2715,Virginia National Bankshares,VABK,262095376,48.31,United States
2716,SAB Biotherapeutics,SABS,262040752,2.88,United States
2717,TriSalus Life Sciences,TLSI,261692048,4.25,United States
2718,Anika Therapeutics,ANIK,261369328,19.53,United States
2719,Slam Corp,SLMWF,261266432,11.14,United States
2720,Xperi,XPER,259953824,5.33,United States
2721,Perma-Pipe International,PPIH,259869120,31.71,United States
2722,Outdoor Holding Company,POWW,258815872,2.23,United States
2723,Strattec Security,STRT,258667216,64.91,United States
2724,Gencor Industries,GENC,258415280,17.63,United States
2725,Escalade Sports,ESCA,258389216,18.77,United States
2726,Palisade Bio,PALI,257920432,1.48,United States
2727,Fate Therapeutics,FATE,257614112,2.15,United States
2728,PAMT Corp,PAMT,257589760,12.3,United States
2729,OraSure Technologies,OSUR,257252976,3.73,United States
2730,Palladyne AI,PDYN,257053648,5.21,United States
2731,HireQuest,HQI,256278224,18.45,United States
2732,BCB Bancorp,BCBP,255547648,8.31,United States
2733,American Realty Investors,ARL,255040752,15.79,United States
2734,GBank Financial Holdings,GBFH,253312192,17.45,United States
2735,BRT Apartments,BRT,253145440,13.47,United States
2736,Treace Medical Concepts,TMCI,252984416,3.89,United States
2737,Infinity Natural Resources,INR,252785904,13.56,United States
2738,Upstream Bio,UPB,252494496,4.61,United States
2739,Torrid Holding,CURV,252290160,2.53,United States
2740,Newegg,NEGG,251897744,12.01,United States
2741,GoPro,GPRO,251754768,1.22,United States
2742,OpGen,OPGN,251197920,24.75,United States
2743,Zentalis Pharmaceuticals,ZNTL,250210864,2.55,United States
2744,Immuneering,IMRX,249731952,3.86,United States
2745,Tredegar,TG,249351456,7.16,United States
2746,Aeluma,ALMU,249162512,12.9,United States
2747,Nautilus Biotechnology,NAUT,249074560,1.96,United States
2748,Conduent,CNDT,248833280,1.6,United States
2749,EVI Industries,EVI,248555664,19.3,United States
2750,Soluna Holdings,SLNH,247036480,1.01,United States
2751,Angi Inc.,ANGI,246732896,6.1,United States
2752,Eagle Financial Services,EFSI,246696112,45.58,United States
2753,Chicago Atlantic Real Estate Finance,REFI,246219200,9.61,United States
2754,Lifecore Biomedical,LFCR,244113664,6.44,United States
2755,Richmond Mutual Bancorporation,RMBI,244092928,15.22,United States
2756,Sutro Biopharma,STRO,243079968,14.66,United States
2757,Third Harmonic Bio,THRD,242787568,5.38,United States
2758,Akebia Therapeutics,AKBA,242024576,0.8734,United States
2759,Immersion Corporation,IMMR,241075856,7.26,United States
2760,CAMP4 Therapeutics,CAMP,240972288,3.84,United States
2761,Xponential Fitness,XPOF,240157440,4.85,United States
2762,Pyxis Oncology,PYXS,240106496,2.01,United States
2763,Vogenx,VOGX,240058208,16.16,United States
2764,Saratoga Investment,SAR,239766448,14.91,United States
2765,Lineage Cell Therapeutics,LCTX,239655104,0.9476,United States
2766,Blend Labs,BLND,238878448,1.01,United States
2767,Cresco Labs,CRLBF,238619824,0.6445,United States
2768,Q32 Bio,QTTB,237858032,7.99,United States
2769,Acme United,ACU,237620352,61.98,United States
2770,Black Rifle Coffee Company (BRCC),BRCC,236771936,9.46,United States
2771,Microvast,MVST,236719424,0.6156,United States
2772,Silver Bow Mining,SBMT,236228000,8.0,United States
2773,Community Bancorp,CMTV,236134032,42.16,United States
2774,AIAI Holdings Corporation,AIAI,235916128,3.33,United States
2775,Turtle Beach Corp,TBCH,235512704,13.15,United States
2776,Security National Financial Corporation,SNFCA,235439280,9.04,United States
2777,Jack in the Box,JACK,235138592,12.26,United States
2778,Global Water Resources,GWRS,234682112,8.15,United States
2779,SIGA Technologies,SIGA,234230064,3.26,United States
2780,Nu Skin,NUS,233647840,4.8,United States
2781,KinderCare Learning Companies,KLC,233478560,1.97,United States
2782,Utah Medical Products,UTMD,233116928,73.45,United States
2783,Peoples Bancorp of North Carolina,PEBK,232967696,43.78,United States
2784,Century Therapeutics,IPSC,231776416,1.28,United States
2785,First Internet Bancorp,INBK,231177696,26.47,United States
2786,Spok Holdings,SPOK,231145408,11.05,United States
2787,AerSale,ASLE,230997552,4.84,United States
2788,SEACOR Marine,SMHI,230629024,8.5,United States
2789,Alliance Entertainment,AENT,229308160,4.5,United States
2790,Dave & Buster's,PLAY,228489024,6.56,United States
2791,Kolibri Global Energy,KGEI,228196752,6.35,United States
2792,"AstroNova, Inc.",ALOT,227316416,28.99,United States
2793,U.S. Gold Corp,USAU,227103824,13.74,United States
2794,Vuzix,VUZI,227074288,2.69,United States
2795,Onity Group,ONIT,226992304,27.17,United States
2796,RGC Resources,RGCO,226833744,21.77,United States
2797,MBIA,MBI,226513008,4.44,United States
2798,Lightbridge Corporation,LTBR,226221024,6.42,United States
2799,MacroGenics,MGNX,226135664,3.55,United States
2800,OP Bancorp (Open Bank),OPBK,226079792,15.14,United States
2801,Greenwich LifeSciences,GLSI,225897632,15.39,United States
2802,Evommune,EVMN,225736928,6.22,United States
2803,FutureFuel,FF,224580192,5.12,United States
2804,SmartRent,SMRT,224185792,1.17,United States
2805,GrafTech,EAF,222709408,8.55,United States
2806,Keros Therapeutics,KROS,222262784,11.21,United States
2807,Meridian Corporation,MRBK,221999584,18.61,United States
2808,Nature's Sunshine Products,NATR,221527600,12.59,United States
2809,CF Bankshares,CFBK,221449360,34.11,United States
2810,Smart Sand,SND,221323088,5.22,United States
2811,ChargePoint,CHPT,220709664,8.22,United States
2812,Entrada Therapeutics,TRDA,218434720,5.61,United States
2813,Sionna Therapeutics,SION,217923776,4.82,United States
2814,Limoneira,LMNR,217584096,12.0,United States
2815,Hudson Technologies,HDSN,216756032,5.15,United States
2816,Niagen Bioscience,NAGE,216632576,2.72,United States
2817,Zumiez,ZUMZ,216468256,14.12,United States
2818,CARGO Therapeutics,CRGX,216188416,4.47,United States
2819,HMH Holding,HMH,215767664,18.06,United States
2820,Ohio Valley Banc Corp,OVBC,215387024,45.72,United States
2821,Modiv Industrial,MDV,215101808,18.05,United States
2822,Invivyd,IVVD,214761232,0.7286,United States
2823,Alector,ALEC,214381280,1.92,United States
2824,Asure Software,ASUR,213129440,7.38,United States
2825,Lifetime Brands,LCUT,212186944,9.23,United States
2826,Alta Equipment Group,ALTG,211681328,6.48,United States
2827,American Well,AMWL,211195232,12.64,United States
2828,Forrester Research,FORR,211142512,11.09,United States
2829,DHI Group,DHX,211041584,4.86,United States
2830,Lyell Immunopharma,LYEL,209764016,8.56,United States
2831,Superior Group of Companies,SGC,209679392,13.15,United States
2832,Octave Specialty Group,OSG,208137872,4.62,United States
2833,Chicago Atlantic BDC,LIEN,207667376,9.1,United States
2834,PennantPark Investment,PNNT,207641584,3.18,United States
2835,Expensify,EXFY,206993728,2.27,United States
2836,National CineMedia,NCMI,206954976,2.2,United States
2837,LoveSac,LOVE,206543552,14.32,United States
2838,FreightCar America,RAIL,206257152,6.29,United States
2839,B&amp;G Foods,BGS,205627440,2.53,United States
2840,Quicklogic,QUIK,204975504,11.19,United States
2841,Franklin Covey,FC,203854400,18.05,United States
2842,Ready Capital,RC,203578528,1.23,United States
2843,Stellus Capital Investment Corporation,SCM,203061952,7.13,United States
2844,Kaltura,KLTR,202893120,1.33,United States
2845,Rhinebeck Bancorp,RBKB,202798480,12.97,United States
2846,Ares Commercial Real Estate,ACRE,202506064,3.65,United States
2847,Cartesian Therapeutics,RNAC,202105744,6.68,United States
2848,Pro-Dex,PDEX,201169376,62.8,United States
2849,Swarmer,SWMR,201118272,14.07,United States
2850,Motorcar Parts of America,MPAA,201070672,10.62,United States
2851,RCI Hospitality Holdings,RICK,200851872,26.25,United States
2852,AIRO Group Holdings,AIRO,200064512,6.34,United States
2853,RxSight,RXST,199647632,4.8,United States
2854,Rare Earths Americas,REA,199175216,9.71,United States
2855,One Stop Systems,OSS,198274032,7.95,United States
2856,Core Molding Technologies,CMT,197384032,23.05,United States
2857,Eledon Pharmaceuticals,ELDN,196652000,2.42,United States
2858,Neostellar Capital Corp.,NSLR,195901840,7.4,United States
2859,Neighborhood Intelligence,NXH,195164176,1.775,United States
2860,Whitehawk Therapeutics,WHWK,194400720,3.41,United States
2861,TON Strategy Co.,TONX,193302672,3.51,United States
2862,Crexendo,CXDO,192871456,5.95,United States
2863,Landmark Bancorp,LARK,192166816,31.5,United States
2864,Taylor Devices,TAYD,191175712,59.19,United States
2865,"QumulusAI, Inc.",QMLS,191048128,5.71,United States
2866,RideNow Group,RDNW,190374112,4.88,United States
2867,GCT Semiconductor,GCTS,189457632,2.06,United States
2868,Better Home & Finance Holding Company,BETR,188584256,9.92,United States
2869,inTEST Corporation,INTT,187769504,14.64,United States
2870,Tharimmune,THAR,187371472,4.74,United States
2871,Stoneridge,SRI,185969136,6.52,United States
2872,Bassett Furniture,BSET,185398672,21.43,United States
2873,BV Financial,BVFL,185167408,21.86,United States
2874,United Security Bancshares,UBFO,185027760,10.51,United States
2875,Amplify Energy,AMPY,184895760,4.46,United States
2876,Westwood Holdings Group,WHG,183705680,19.25,United States
2877,Compass Therapeutics,CMPX,183689680,1.02,United States
2878,AN2 Therapeutics,ANTX,183020736,4.85,United States
2879,Epsilon Energy,EPSN,182914032,6.04,United States
2880,ECB Bancorp,ECBK,182880112,20.93,United States
2881,SB Financial Group,SBFG,181461824,29.02,United States
2882,Oramed Pharmaceuticals,ORMP,178846960,4.37,United States
2883,TPG Mortgage Investment Trust,MITT,177781440,5.59,United States
2884,Hanover Bancorp,HNVR,177726128,25.19,United States
2885,MainStreet Bancshares,MNSB,176389056,24.77,United States
2886,Citizens Inc,CIA,175731584,3.47,United States
2887,CuriosityStream,CURI,175047184,2.95,United States
2888,American Resources Corp,AREC,174363168,1.63,United States
2889,Claros Mortgage Trust,CMTG,173533584,1.23,United States
2890,Vince Holding,VNCE,172941840,13.36,United States
2891,Precision BioSciences,DTIL,172509712,6.25,United States
2892,PEDEVCO,PED,170935280,12.86,United States
2893,Atomera,ATOM,170535056,4.37,United States
2894,Organogenesis,ORGO,169850400,1.32,United States
2895,"1-800-Flowers.com, Inc.",FLWS,169448656,2.64,United States
2896,Journey Medical,DERM,167935152,5.95,United States
2897,BRC Group Holdings,RILY,167239728,4.99,United States
2898,"Domo, Inc.",DOMO,166978368,3.55,United States
2899,Unisys,UIS,166977520,2.29,United States
2900,Tingo Group,TIO,166947568,0.69,United States
2901,PepGen,PEPG,166222848,2.4,United States
2902,Sidus Space,SIDU,166009536,1.64,United States
2903,SITE Centers,SITC,165822080,3.16,United States
2904,Angel Oak Mortgage REIT,AOMR,165754208,7.14,United States
2905,Solana Company,HSDT,165365616,2.54,United States
2906,Neuronetics,STIM,165347984,2.17,United States
2907,Shutterstock,SSTK,165156144,4.47,United States
2908,Comstock Inc.,LODE,164731408,2.17,United States
2909,NeoVolta,NEOV,164646960,2.79,United States
2910,Lee Enterprises,LEE,164292368,7.37,United States
2911,"Belpointe PREP, LLC",OZ,163970800,40.45,United States
2912,KORE Group,KORE,163005168,9.25,United States
2913,Nkarta,NKTX,162588272,2.27,United States
2914,Quipt Home Medical,QIPT,162297152,3.65,United States
2915,OptimizeRx,OPRX,161047392,8.55,United States
2916,OneWater Marine,ONEW,160989872,9.66,United States
2917,ACRES Commercial Realty,ACR,160486288,10.24,United States
2918,Quanterix,QTRX,157249440,3.325,United States
2919,ALX Oncology,ALXO,156253008,1.13,United States
2920,Minerva Neurosciences,NERV,156134528,3.27,United States
2921,Coherus BioSciences,CHRS,156045968,1.01,United States
2922,Elme Communities,ELME,155501296,1.75,United States
2923,Red Robin,RRGB,155294320,8.215,United States
2924,Korro Bio,KRRO,154472016,10.49,United States
2925,Inogen,INGN,154453120,5.82,United States
2926,Codexis,CDXS,154403136,1.41,United States
2927,SKYX Platforms,SKYX,154391328,1.14,United States
2928,Seven Hills Realty Trust,SEVN,153838352,6.79,United States
2929,DeFi Development,DFDV,153643920,4.71,United States
2930,Protara Therapeutics,TARA,153057312,2.59,United States
2931,Duluth Holdings,DLTH,152780096,4.02,United States
2932,Jeld-Wen,JELD,152487840,1.77,United States
2933,Voyager Therapeutics,VYGR,152196336,2.47,United States
2934,Acumen Pharmaceuticals,ABOS,151866304,2.1,United States
2935,Assertio Holdings,ASRT,151861232,23.5,United States
2936,FinWise Bancorp,FINW,151043552,10.88,United States
2937,The Eastern Company,EML,150077904,24.94,United States
2938,Digimarc,DMRC,149045264,6.61,United States
2939,WhiteHorse Finance,WHF,148617184,6.92,United States
2940,Datavault AI,DVLT,146733056,0.1545,United States
2941,Stratus Properties,STRS,144167968,18.06,United States
2942,Outlook Therapeutics,OTLK,143634048,0.59,United States
2943,Vera Bradley,VRA,142869552,4.98,United States
2944,ReposiTrak,TRAK,142697440,7.84,United States
2945,"Merlin, Inc.",MRLN,142505568,1.41,United States
2946,Anavex Life Sciences,AVXL,141826160,1.53,United States
2947,Armata Pharmaceuticals,ARMP,141663344,3.81,United States
2948,Lake Shore Bancorp,LSBK,140975504,17.95,United States
2949,Affinity Bancshares,AFBI,140182352,23.0,United States
2950,NCS Multistage,NCSM,140018304,53.35,United States
2951,Douglas Elliman,DOUG,139062416,1.53,United States
2952,"Owlet, Inc.",OWLT,138218528,4.73,United States
2953,Skillz,SKLZ,137970800,8.84,United States
2954,Hurco Companies,HURC,137945648,21.3,United States
2955,Hooker Furnishings,HOFT,137929344,12.9,United States
2956,KORU Medical Systems,KRMD,137592272,2.98,United States
2957,Wheels Up,UP,137485440,3.79,United States
2958,eGain,EGAN,137138480,5.24,United States
2959,First Guaranty Bancshares,FGBI,136943696,8.28,United States
2960,Mammoth Energy Services,TUSK,136922976,2.845,United States
2961,Ellington Credit Company,EARN,136764000,3.48,United States
2962,KLX Energy Services,KLXE,136600320,1.3,United States
2963,Oxford Square Capital,OXSQ,135711792,1.26,United States
2964,Atrium Therapeutics,RNA,135647760,7.93,United States
2965,Tillys,TLYS,135501568,4.43,United States
2966,Clipper Realty,CLPR,135070368,3.18,United States
2967,LifeMD,LFMD,134633776,2.79,United States
2968,Health Catalyst,HCAT,132451232,1.76,United States
2969,1stdibs.com,DIBS,131771944,3.92,United States
2970,Beyond Meat,BYND,131705760,7.66,United States
2971,AirSculpt Technologies,AIRS,131213280,1.82,United States
2972,Humacyte,HUMA,131204048,0.4723,United States
2973,Clarus,CLAR,130562616,3.41,United States
2974,5E Advanced Materials,FEAM,129523320,3.11,United States
2975,Orion Properties,ONL,129491496,2.27,United States
2976,Tonix Pharmaceuticals,TNXP,129490232,7.55,United States
2977,RGP (Resources Connection),RGP,128819152,3.74,United States
2978,Medifast,MED,127907240,11.44,United States
2979,Spruce Biosciences,SPRB,127606184,44.4,United States
2980,Team Inc,TISI,126450736,27.59,United States
2981,Aemetis,AMTX,126296784,1.75,United States
2982,NRx Pharmaceuticals,NRXP,125557728,2.9,United States
2983,Legacy Education,LGCY,125441600,9.79,United States
2984,Shimmick,SHIM,125247544,3.03,United States
2985,flyExclusive,FLYX,124539728,1.22,United States
2986,Foghorn Therapeutics,FHTX,124115304,2.09,United States
2987,Magyar Bancorp,MGYR,123168704,19.08,United States
2988,vTv Therapeutics,VTVT,122611312,31.01,United States
2989,Seer Inc,SEER,122372160,2.21,United States
2990,PLBY Group (Playboy),PLBY,122203840,1.02,United States
2991,Surf Air Mobility,SRFM,121237744,0.9126,United States
2992,KVH Industries,KVHI,121090928,6.675,United States
2993,Fonar Corporation,FONR,120195888,19.09,United States
2994,Streamex Corp.,STEX,119939760,0.5318,United States
2995,KULR Technology Group,KULR,119866024,2.59,United States
2996,Smith-Midland Corporation,SMID,119778000,22.58,United States
2997,Tenaya Therapeutics,TNYA,119604288,0.5334,United States
2998,ALT5 Sigma,ALTS,119560224,0.855,United States
2999,Inovio Pharmaceuticals,INO,119424136,1.155,United States
3000,a.k.a. Brands,AKA,119326632,10.8567,United States
3001,DMC Global,BOOM,119137504,5.8,United States
3002,Lucid Diagnostics,LUCD,119056536,0.6235,United States
3003,Greenland Energy Company,GLND,118508824,2.71,United States
3004,Unifi,UFI,118410880,6.37,United States
3005,Riverview Bancorp,RVSB,116726136,5.85,United States
3006,Commercial Vehicle Group (CVG),CVGI,116615784,2.87,United States
3007,Coya Therapeutics,COYA,115178032,4.91,United States
3008,Vivani Medical,VANI,114558264,1.27,United States
3009,Provident Financial Holdings,PROV,114174944,18.315,United States
3010,Rani Therapeutics,RANI,114115904,0.8121,United States
3011,Genelux,GNLX,114018248,2.52,United States
3012,Union Bankshares,UNB,113903344,23.03,United States
3013,LENZ Therapeutics,LENZ,113741640,3.62,United States
3014,PMV Pharmaceuticals,PMVP,113269584,1.5,United States
3015,Stereotaxis,STXS,113228456,1.13,United States
3016,Insight Molecular Diagnostics,IMDX,113226024,3.46,United States
3017,Sound Financial Bancorp,SFBC,111966672,43.6,United States
3018,Waldencast,WALD,111865064,0.8794,United States
3019,Orion Energy Systems,OESX,111576168,27.285,United States
3020,Oconee Federal Financial,OFED,110508920,18.99,United States
3021,"SoundThinking 
 (ShotSpotter)",SSTI,110161056,8.32,United States
3022,NET Power,NPWR,108831240,1.23,United States
3023,Aardvark Therapeutics,AARD,108548840,4.96,United States
3024,Braemar Hotels &amp; Resorts,BHR,107935224,1.47,United States
3025,Apyx Medical,APYX,107416256,2.55,United States
3026,MaxCyte,MXCT,107334456,1.04,United States
3027,Buzzfeed,BZFD,106914384,1.22,United States
3028,Corbus Pharmaceuticals,CRBP,106183688,5.49,United States
3029,Lakeland Industries,LAKE,106166088,10.69,United States
3030,Pathfinder Bancorp,PBHC,106109064,16.9,United States
3031,Sono-Tek Corporation,SOTK,106087880,6.75,United States
3032,Ultralife Corporation,ULBI,105978392,6.36,United States
3033,Vaxart,VXRT,105278648,0.432,United States
3034,HilleVax,HLVX,104762376,2.09,United States
3035,Immunic,IMUX,104107288,7.63,United States
3036,Definitive Healthcare,DH,103574400,0.9703,United States
3037,Conexeu Sciences,CNXU,102672384,3.64,United States
3038,Virco Manufacturing,VIRC,102622440,6.51,United States
3039,Anixa Biosciences,ANIX,102553208,2.95,United States
3040,The Joint Corp.,JYNT,101830704,7.2,United States
3041,Stabilis Solutions,SLNG,100977904,5.43,United States
3042,INNOVATE Corp.,VATE,99585624,7.3,United States
3043,Park Dental Partners,PARK,99575608,20.94,United States
3044,ReneSola,SOL,99563952,1.94,United States
3045,Wrap Technologies,WRAP,99460136,1.61,United States
3046,Polaryx Therapeutics,PLYX,98947488,2.09,United States
3047,Inspired Entertainment,INSE,98843896,3.75,United States
3048,Logistic Properties of the Americas,LPA,98582752,3.11,United States
3049,Kewaunee Scientific Corporation,KEQU,97978544,33.84,United States
3050,Cherry Hill Mortgage Investment,CHMI,97070880,2.59,United States
3051,Ascend Wellness (AWH),AAWH,96099328,0.4729,United States
3052,Broadwind,BWEN,96048928,4.06,United States
3053,Proficient Auto Logistics,PAL,95941000,3.42,United States
3054,Zomedica Pharmaceuticals,ZOM,95349136,0.0973,United States
3055,OnKure Therapeutics,OKUR,94929376,2.35,United States
3056,Atara Biotherapeutics,ATRA,94053344,9.37,United States
3057,SunPower,SPWR,93751912,0.2927,United States
3058,Seritage Growth Properties,SRG,93498848,1.66,United States
3059,Cullman Bancorp,CULL,92794192,16.8,United States
3060,GrowGeneration,GRWG,91939080,1.53,United States
3061,First Northwest Bancorp,FNWB,91026152,9.57,United States
3062,Hyperfine,HYPR,90035320,0.849,United States
3063,Golden Matrix Group,GMGI,89996768,0.6372,United States
3064,Rallybio,RLYB,89942048,16.93,United States
3065,Arq Inc.,ARQ,89302056,2.045,United States
3066,HF Foods Group,HFFG,88964504,1.6,United States
3067,Siebert Financial,SIEB,88841832,2.17,United States
3068,Upexi,UPXI,88670672,1.08,United States
3069,Equillium,EQ,88137232,1.39,United States
3070,Neumora Therapeutics,NMRA,87991656,0.4683,United States
3071,U.S. GoldMining,USGO,87723352,6.25,United States
3072,PhenixFIN,PFX,87679800,45.4,United States
3073,electroCore,ECOR,87634408,9.72,United States
3074,Fluent,FLNT,87551624,2.77,United States
3075,Marpai,MRAI,87465256,3.26,United States
3076,MediaCo Holding,MDIA,87380648,1.04,United States
3077,AudioEye,AEYE,87359232,6.95,United States
3078,the Marygold Companies,MGLD,87353544,2.02,United States
3079,Zevia,ZVIA,87285184,1.21,United States
3080,Velo3D,VLDX,86513896,6.15,United States
3081,Summit State Bank,SSBI,85665360,12.66,United States
3082,BCP Investment Corporation,BCIC,85199528,6.88,United States
3083,Drilling Tools International,DTI,83266048,2.36,United States
3084,Interlink Electronics,LINK,83020464,5.27,United States
3085,Smith Douglas Homes,SDHC,82917744,9.88,United States
3086,"Air T, Inc.",AIRT,82809792,30.71,United States
3087,Telomir Pharmaceuticals,TELO,82452448,1.12,United States
3088,Jushi Holdings,JUSHF,82261016,0.41193,United States
3089,Chegg,CHGG,82049312,0.739,United States
3090,Townsquare Media,TSQ,81860056,4.49,United States
3091,Usio,USIO,81781832,2.87,United States
3092,Sera Prognostics,SERA,81660384,2.07,United States
3093,Noodles &amp; Company,NDLS,81504576,13.66,United States
3094,Ispire Technology,ISPR,81433800,1.41,United States
3095,Hennessy Advisors,HNNA,81178296,10.27,United States
3096,New Fortress Energy,NFE,80873600,4.955,United States
3097,Acrivon Therapeutics,ACRV,80564320,1.88,United States
3098,Inseego,INSG,80360184,4.57,United States
3099,Venu Holding Corporation,VENU,80252072,1.42,United States
3100,LENSAR,LNSR,79980984,6.51,United States
3101,MediciNova,MNOV,79246208,1.61,United States
3102,Tile Shop Holdings,TTSH,79137824,2.0,United States
3103,Outset Medical,OM,79136064,4.21,United States
3104,Silvercrest Asset Management Group,SAMG,78661848,10.24,United States
3105,Blackboxstocks,BLBX,78138184,18.15,United States
3106,Greenland Mines,GRML,77813776,5.83,United States
3107,Pulmonx,LUNG,77716456,1.84,United States
3108,LanzaTech Global,LNZA,77487848,5.92,United States
3109,PDS Biotechnology,PDSB,77185032,1.065,United States
3110,Steel Connect,STCN,77168096,12.18,United States
3111,Rafael Holdings,RFL,76959992,1.48,United States
3112,Momentus Inc.,MNTS,76871904,3.5,United States
3113,SkinHealth Systems,SKIN,76770040,0.5899,United States
3114,Lifevantage,LFVN,75536664,6.0,United States
3115,Microbot Medical,MBOT,75224576,1.12,United States
3116,Cable One,CABO,74952552,13.21,United States
3117,Saluda Medical,SLD.AX,74511588,0.292479,United States
3118,Regis Corporation,RGS,74254664,29.7,United States
3119,Blink Charging,BLNK,73976720,0.5104,United States
3120,Airship AI,AISP,73700664,2.14,United States
3121,Home Federal Bancorp (HFB Bank),HFBL,73219152,24.16,United States
3122,Heron Therapeutics,HRTX,72960240,0.3843,United States
3123,MAIA Biotechnology,MAIA,72855488,1.18,United States
3124,Martin Midstream Partners,MMLP,72771920,1.86,United States
3125,Northern Technologies International,NTIC,72613808,7.65,United States
3126,OS Therapies,OSTX,72548104,1.55,United States
3127,Atlas Lithium,ATLX,72239536,2.4,United States
3128,TTEC,TTEC,71972072,1.46,United States
3129,United Homes Group,UHG,71769208,1.22,United States
3130,Advanced Flower Capital,AFCG,71338296,3.175,United States
3131,Verrica Pharmaceuticals,VRCA,71120184,4.14,United States
3132,Universal Electronics,UEIC,70867840,5.5,United States
3133,Cingulate,CING,70818688,4.87,United States
3134,MindWalk Holdings,HYFT,70667504,1.5,United States
3135,CarParts.com,PRTS,70418640,8.695,United States
3136,Veritone,VERI,70255520,0.6913,United States
3137,NSTS Bancorp,NSTS,70127400,14.26,United States
3138,Great Elm Capital,GECC,69587648,5.01,United States
3139,AMC Robotics Corporation,AMCI,69518912,2.91,United States
3140,Tigo Energy,TYGO,68995320,0.9089,United States
3141,Research Solutions,RSSS,68200592,2.02,United States
3142,Spero Therapeutics,SPRO,68134744,1.17,United States
3143,Rein Therapeutics,RNTX,68038808,0.7887,United States
3144,Fortress Biotech,FBIO,68036024,2.04,United States
3145,Energous,WATT,67982976,12.3,United States
3146,Forian,FORA,67792720,2.17,United States
3147,Great Elm Group,GEG,67731136,2.16,United States
3148,CleanCore Solutions,ZONE,67165592,0.132,United States
3149,XBiotech,XBIT,66768136,2.19,United States
3150,Aptera Motors,SEV,66719968,1.63,United States
3151,The InterGroup Corporation,INTG,66699128,31.04,United States
3152,Charlotte's Web,CWEB.TO,66599824,0.245492,United States
3153,Elite Express,ETS,66379512,1.49,United States
3154,SelectQuote,SLQT,66326868,0.37,United States
3155,Where Food Comes From,WFCF,65766908,13.2071,United States
3156,Exascale Labs Holdings,XLAB,65621484,1.02,United States
3157,Genasys,GNSS,65580496,1.44,United States
3158,PodcastOne,PODC,65043300,2.15,United States
3159,Off the Hook YS Inc,OTH,64247460,2.57,United States
3160,Thryv,THRY,63992324,1.44,United States
3161,Hour Loop,HOUR,63711672,1.81,United States
3162,Ideal Power,IPWR,63602112,3.87,United States
3163,AMCON Distributing Company,DIT,63580744,65.14,United States
3164,Gossamer Bio,GOSS,62264864,10.18,United States
3165,Comscore,SCOR,62103896,4.09,United States
3166,Pliant Therapeutics,PLRX,61302676,0.99,United States
3167,Westwater Resources,WWR,61068296,0.475,United States
3168,Marchex,MCHX,60742908,1.37,United States
3169,Geospace Technologies,GEOS,60667980,4.69,United States
3170,"FreeCast, Inc.",CAST,60437028,1.19,United States
3171,Boundless Bio,BOLD,60054680,2.64,United States
3172,Fractyl Health,GUTS,59957740,4.52,United States
3173,Castellum,CTM,59788036,0.6308,United States
3174,BranchOut Food,BOF,59673124,3.67,United States
3175,Idaho Copper Corporation,COPR,59503152,3.36,United States
3176,iLearningEngines,AILE,59292656,0.42,United States
3177,GenFlat Holdings,GFLT,58973552,4.5,United States
3178,WM Technology,MAPS,58341988,0.335,United States
3179,MiNK Therapeutics,INKT,58276284,11.42,United States
3180,TechPrecision,TPCS,58164916,5.74,United States
3181,Adicet Bio,ACET,57854008,6.18,United States
3182,Aldeyra Therapeutics,ALDX,57828904,0.9586,United States
3183,Identiv,INVE,57438728,2.37,United States
3184,Myomo,MYO,57431392,1.45,United States
3185,Skillsoft,SKIL,57332800,6.3,United States
3186,Battalion Oil,BATL,57282156,1.0,United States
3187,Rent the Runway,RENT,57002096,1.68,United States
3188,Global Self Storage,SELF,55964960,4.9,United States
3189,Travelzoo,TZOO,55194640,5.41,United States
3190,LeonaBio,LONA,54928296,5.83,United States
3191,tinyBuild,8Z3.F,54622461,0.138889,United States
3192,Hyperion DeFi,HYPD,54576464,3.59,United States
3193,Talphera,TLPH,54501084,1.05,United States
3194,MarketWise,MKTW,54485792,19.51,United States
3195,Allied Esports,AESE,54324936,1.3899,United States
3196,AgEagle Aerial Systems,UAVS,54243588,0.8623,United States
3197,Airgain,AIRG,53972964,4.12,United States
3198,The Arena Group,AREN,53323932,1.12,United States
3199,Playstudios,MYPS,53213764,4.43,United States
3200,Solitario Resources,XPL,52928616,0.559,United States
3201,First Breach Inc.,FBDT,52820064,0.947,United States
3202,GEN Restaurant Group,GENK,52413744,1.59,United States
3203,ImageneBio,IMA,52330212,4.61,United States
3204,Saga Communications,SGA,52199080,8.21,United States
3205,Teads,TEAD,52111828,0.5314,United States
3206,Luna Innovations,LUNA,52045528,1.5,United States
3207,Annovis Bio,ANVS,51641664,1.21,United States
3208,INmune Bio,INMB,51622048,1.86,United States
3209,eXoZymes,EXOZ,51548044,5.54,United States
3210,Greenidge Generation Holdings,GREE,51500392,2.84,United States
3211,Serina Therapeutics,SER,51054948,2.01,United States
3212,American Vanguard,AVD,50446080,1.71,United States
3213,BG Staffing,BGSF,50194892,4.7,United States
3214,iBio,IBIO,50175344,1.01,United States
3215,BBX Capital Corporation,BBXIA,49774468,3.6,United States
3216,AEye,LIDR,49472496,1.06,United States
3217,Sensus Healthcare,SRTS,48398456,2.94,United States
3218,TELA Bio,TELA,48303448,1.07,United States
3219,Solidion Technology,STI,48267412,5.67,United States
3220,Hain Celestial,HAIN,48158404,0.5292,United States
3221,Verde Clean Fuels,VGAS,48113596,1.08,United States
3222,CervoMed,CRVO,48078728,3.18,United States
3223,TransAct Technologies,TACT,47802300,4.63,United States
3224,Celularity,CELU,47701160,1.47,United States
3225,SCYNEXIS,SCYX,47559132,4.78,United States
3226,The ONE Group Hospitality,STKS,47533536,1.5,United States
3227,Cato Fashion,CATO,47191316,2.37,United States
3228,374Water,SCWO,47130308,2.66,United States
3229,Instil Bio,TIL,46795640,6.9,United States
3230,"Xos, Inc.",XOS,46634556,3.28,United States
3231,MicroVision,MVIS,46495056,1.52,United States
3232,"Culp, Inc.",CULP,46483932,3.65,United States
3233,Rekor Systems,REKR,46218336,0.3358,United States
3234,Full House Resorts,FLL,46172044,1.26,United States
3235,Laser Photonics,LASE,46157992,0.7608,United States
3236,Vroom,VRM,46139572,8.86,United States
3237,Prairie Operating,PROP,45773432,0.4058,United States
3238,Intellicheck,IDN,45498836,2.245,United States
3239,Grove Collaborative,GROV,45263108,1.06,United States
3240,Xtant Medical,XTNT,45102584,0.3215,United States
3241,Rapid Micro Biosystems,RPID,45028236,0.8977,United States
3242,Werewolf Therapeutics,HOWL,44718228,0.9201,United States
3243,Heritage Global,HGBL,44684880,1.29,United States
3244,CVRx,CVRX,44491464,1.67,United States
3245,Grace Therapeutics,GRCE,44175452,2.1,United States
3246,Sportsman's Warehouse,SPWH,43838440,1.12,United States
3247,Devolver Digital,DEVO.L,43826499,0.090831,United States
3248,"Stem, Inc",STEM,43031544,4.47,United States
3249,Odyssey Marine Exploration,OMEX,42759104,0.73,United States
3250,The Children's Place,PLCE,42695168,1.92,United States
3251,Phunware,PHUN,42357736,2.07,United States
3252,Sachem Capital,SACH,42200076,0.88,United States
3253,IZEA Worldwide,IZEA,42147412,2.42,United States
3254,Precipio,PRPO,42105224,23.52,United States
3255,Ekso Bionics,EKSO,42047896,11.8,United States
3256,Veru,VERU,41943788,2.46,United States
3257,Manhattan Bridge Capital,LOAN,41831424,3.66,United States
3258,"RYTHM, Inc.",RYM,41693084,19.4,United States
3259,Reading International,RDI,41660036,1.82,United States
3260,AXIL Brands,AXIL,40799632,5.98,United States
3261,Abundia Global Impact Group,AGIG,40082776,0.9105,United States
3262,Elauwit Connection,ELWT,39652576,5.99,United States
3263,Filana Therapeutics,FLNA,39404752,0.8157,United States
3264,Massimo Motor,MAMO,38751068,0.9306,United States
3265,Harvard Bioscience,HBIO,38694592,8.5,United States
3266,Southland Holdings,SLND,38649032,0.71,United States
3267,Pixelworks,PXLW,38474140,6.36,United States
3268,LivePerson,LPSN,38245620,3.1,United States
3269,Vivid Seats,SEAT,37658004,3.35,United States
3270,Cel-Sci,CVM,37464548,2.13,United States
3271,Metagenomi,MGX,37199116,0.9847,United States
3272,Comtech Telecommunications,CMTL,37152176,1.24,United States
3273,NanoViricides,NNVC,36756000,1.44,United States
3274,LiveOne,LVO,36747596,2.68,United States
3275,Enzo Biochem,ENZB,36587800,0.69887,United States
3276,Planet13,PLTH.CN,36455182,0.108718,United States
3277,Accendra Health,ACH,36368236,0.4729,United States
3278,Elutia,ELUT,36321600,0.8201,United States
3279,Allbirds,BIRD,36136128,3.06,United States
3280,U.S. Global Investors,GROW,35664768,2.9,United States
3281,Gaia,GAIA,35596108,1.4,United States
3282,The Beachbody Company,BODI,35476664,4.87,United States
3283,Koss,KOSS,35309812,3.73,United States
3284,Lulu's Fashion Lounge,LVLU,35248596,12.275,United States
3285,Laird Superfood,LSF,34921796,3.12,United States
3286,LianBio,LIAN,34472096,0.319,United States
3287,Kartoon Studios,TOON,34336664,0.552,United States
3288,DocGo,DCGO,34152360,0.345,United States
3289,Pioneer Power Solutions,PPSI,33963752,3.06,United States
3290,Franklin Street Properties,FSP,33845412,0.3254,United States
3291,Actinium Pharmaceuticals,ATNM,33642340,1.07,United States
3292,Milestone Scientific,MLSS,33526098,0.37,United States
3293,Rockwell Medical,RMTI,33130424,8.22,United States
3294,Rave Restaurant Group,RAVE,32970834,2.32,United States
3295,Harte Hanks,HHS,32798656,4.4,United States
3296,Plutus Financial Group,PLUT,32234998,2.1,United States
3297,Workhorse Group,WKHS,32130040,2.94,United States
3298,Salem Media Group,SALM,31670764,1.0,United States
3299,Cryo-Cell International,CCEL,31524962,3.91,United States
3300,Enviva,EVA,31273630,0.4198,United States
3301,Spruce Power,SPRU,31188542,1.62,United States
3302,NOMADAR,NOMA,30943338,1.74,United States
3303,Sangamo Therapeutics,SGMO,30657374,0.074,United States
3304,HeartBeam,BEAT,30597600,0.543,United States
3305,Accuray,ARAY,30265920,0.2534,United States
3306,VirTra,VTSI,30223396,2.67,United States
3307,Quest Resource Holding,QRHC,29108142,1.38,United States
3308,IGC Pharma,IGC,28947522,0.28,United States
3309,Context Therapeutics,CNTX,28721430,0.3126,United States
3310,Katapult Holdings,KPLT,28342708,5.7,United States
3311,Farmer Brothers,FARM,28089448,1.28,United States
3312,Century Casinos,CNTY,27966052,0.9939,United States
3313,PetMed Express,PETS,27749010,1.28,United States
3314,Seres Therapeutics,MCRB,27321804,2.72,United States
3315,aTyr Pharma,ATYR,27297728,0.2783,United States
3316,Old Market Capital Corporation,OMCC,27270148,4.0,United States
3317,Zeo Energy,ZEO,27009432,0.2966,United States
3318,Zoom Telephonics,MINM,26534076,3.61,United States
3319,Latch,LTCH,26504992,0.16,United States
3320,BeyondSpring,BYSI,26501724,0.6445,United States
3321,Crown Crafts,CRWS,26255100,2.44,United States
3322,Hoth Therapeutics,HOTH,26013596,1.36,United States
3323,Local Bounti,LOCL,25719668,1.1,United States
3324,MariMed,MRMD,25637524,0.0635,United States
3325,Lument Finance Trust,LFT,25178184,4.79,United States
3326,Kyntra Bio,KYNB,24821130,6.13,United States
3327,BioLargo,BLGO,24654852,0.075,United States
3328,Scilex Holding,SCLX,24551232,3.49,United States
3329,Motorsport Gaming,MSGM,24550090,5.35,United States
3330,Atossa Therapeutics,ATOS,24549074,2.46,United States
3331,Beam Global,BEEM,24443982,1.08,United States
3332,SPI Energy,SPI,24207974,0.766,United States
3333,GEE Group,JOB,23896874,0.2175,United States
3334,Ascent Solar Technologies,ASTI,23853928,2.43,United States
3335,TherapeuticsMD,TXMD,23148724,2.0,United States
3336,Live Ventures,LIVE,23037420,7.5,United States
3337,eHealth,EHTH,22650288,0.7071,United States
3338,Quoin Pharmaceuticals,QNRX,22579556,4.7,United States
3339,Aytu BioScience,AYTU,22276750,2.05,United States
3340,Mobix Labs,MOBX,22260534,1.24,United States
3341,PAVmed,PAVM,21908816,2.74,United States
3342,Beasley Broadcast Group,BBGI,21841272,10.64,United States
3343,PermRock Royalty Trust,PRT,21655002,1.78,United States
3344,180 Life Sciences,ATNF,21620372,3.58,United States
3345,VIDA Global Inc.,VIDA,21291082,1.46,United States
3346,Greenland Technologies,GTEC,21041604,0.7927,United States
3347,SolarMax Technology,SMXT,20818324,4.39,United States
3348,Destination XL,DXLG,20689720,0.3731,United States
3349,Retractable Technologies,RVP,20680590,0.6908,United States
3350,System1,SST,20465966,2.35,United States
3351,Cocrystal Pharma,COCP,20418990,1.06,United States
3352,Exyn Technologies,EXYN,20123510,2.53,United States
3353,Energy Focus,EFOI,20090436,3.1543,United States
3354,SeaStar Medical,ICU,19570336,3.72,United States
3355,T Stamp Inc. (TrustStamp),IDAI,19455554,3.45,United States
3356,SPAR Group,SGRP,19311022,0.68,United States
3357,Getty Images,GETY,19008984,0.04515,United States
3358,Jasper Therapeutics,JSPR,18956516,0.5697,United States
3359,Urban One,UONE,18882920,4.18,United States
3360,Neuphoria Therapeutics,NEUP,18506762,3.42,United States
3361,Avant Technologies Inc.,AVAI,18239112,0.1185,United States
3362,Lipocine,LPCN,18137356,2.2,United States
3363,TScan Therapeutics,TCRX,18095640,0.2769,United States
3364,Reborn Coffee,REBN,17671250,2.05,United States
3365,Bionano Genomics,BNGO,17194420,1.46,United States
3366,Palatin Technologies,PTN,16954540,9.52,United States
3367,HeartSciences Inc.,HSCS,16905246,3.49,United States
3368,Know Labs,KNW,16795408,2.24,United States
3369,Camber Energy,CEI,16771320,0.0954,United States
3370,Femasys,FEMY,16750054,2.0,United States
3371,Knightscope,KSCP,15994351,0.6772,United States
3372,Psychemedics,PMD,15738209,2.67,United States
3373,Cyclerion Therapeutics,CYCN,15729330,23.52,United States
3374,Dare Bioscience,DARE,15538577,0.79,United States
3375,AEON Biopharma,AEON,15526019,0.31125,United States
3376,SUNation Energy Inc.,SUNE,15240672,2.34,United States
3377,FGI Industries,FGI,14841818,7.685,United States
3378,Office Properties Income Trust,OPI,14795239,0.2,United States
3379,Ashford Hospitality Trust,AHT,14730202,2.2,United States
3380,Karyopharm Therapeutics,KPTI,14629541,0.645,United States
3381,Smith Micro Software,SMSI,14533687,2.6,United States
3382,The Cannabist Company,CBSTF,14475953,0.0291,United States
3383,SINTX Technologies,SINT,14462039,2.17,United States
3384,Astrotech,ASTC,14410555,6.86,United States
3385,Offerpad,OPAD,14401592,2.98,United States
3386,The Glimpse Group,VRAR,14332026,0.68,United States
3387,Super League Enterprise,SLE,14320451,4.76,United States
3388,HOOKIPA Pharma,HOOK,14232977,1.15,United States
3389,Biofrontera,BFRI,13892897,0.9354,United States
3390,Citius Pharmaceuticals,CTXR,13756483,0.5011,United States
3391,Lantern Pharma,LTRN,13591375,0.91,United States
3392,Synlogic,SYBX,13473845,1.1,United States
3393,Cardlytics,CDLX,13426272,2.28,United States
3394,Austin Gold,AUST,13419141,0.98,United States
3395,Barfresh Food Group,BRFH,13415102,0.8226,United States
3396,Tempest Therapeutics,TPST,13366563,0.7914,United States
3397,FingerMotion,FNGR,13236435,0.2028,United States
3398,Bullfrog AI,BFRG,13138614,0.7086,United States
3399,Dolphin Entertainment,DLPN,13085966,1.004,United States
3400,Air Industries Group,AIRI,12674632,2.61,United States
3401,Netcapital,NCPL,12478160,1.59,United States
3402,Intensity Therapeutics,INTS,12406540,3.8,United States
3403,Passage Bio,PASG,12404658,3.855,United States
3404,Clean Energy Technologies,CETY,11921567,0.9799,United States
3405,Urgent.ly Inc.,ULY,11787284,5.38,United States
3406,Hepion Pharmaceuticals,HEPA,11786457,0.12,United States
3407,Aterian,ATER,11762936,0.6547,United States
3408,Phio Pharmaceuticals,PHIO,11611442,0.9995,United States
3409,Cambium Networks,CMBM,11325767,0.401,United States
3410,VistaGen Therapeutics,VTGN,10965535,0.2471,United States
3411,Flux Power,FLUX,10789200,0.499,United States
3412,Upland Software,UPLD,10675459,3.61,United States
3413,Phoenix Motor,PEV,10575262,0.23,United States
3414,Adial Pharmaceuticals,ADIL,10477301,3.99,United States
3415,Carver Bancorp,CARV,10378381,1.78,United States
3416,Dragonfly Energy,DFLI,10321894,0.6891,United States
3417,Senti Biosciences,SNTI,10277979,0.33,United States
3418,NextNRG,NXXT,10167700,0.5981,United States
3419,Ryvyl Inc.,RVYL,9994965,7.81,United States
3420,BrainStorm Cell Therapeutics,BCLI,9931849,0.90005,United States
3421,Arrive AI,ARAI,9897980,0.1908,United States
3422,Aethlon Medical,AEMD,9736857,6.07,United States
3423,Jaguar Health,JAGX,9727710,5.0,United States
3424,Rocky Mountain Chocolate Factory,RMCF,9628379,1.02,United States
3425,Superior Industries International,SUP,9576233,0.3249,United States
3426,CISO Global,CISO,9514862,0.209,United States
3427,America's Car-Mart,CRMT,9339095,1.12,United States
3428,Cyngn,CYN,9328685,0.6078,United States
3429,OLB Group,OLB,9295861,0.387,United States
3430,GoHealth,GOCO,8937260,0.305,United States
3431,Wellgistics Health,WGRX,8847256,3.52,United States
3432,Biomerica,BMRA,8784029,1.91,United States
3433,Northann Corp,NCL,8543560,0.159,United States
3434,Trio Petroleum,TPET,8465012,1.59,United States
3435,Vislink Technologies,VISL,8430253,3.4,United States
3436,Natural Health Trends,NHTC,8406292,0.98,United States
3437,SeaChange International,SEAC,8398952,3.25,United States
3438,Inuvo,INUV,8370107,0.5078,United States
3439,Ensysce Biosciences,ENSC,8354747,0.4294,United States
3440,Purple Innovation,PRPL,8340265,1.91,United States
3441,Trinseo,TSE,8278525,0.23,United States
3442,DataMEDS AI,MEDS,8160578,2.88,United States
3443,Azitra,AZTR,7999694,0.132,United States
3444,Innovative Eyewear,LUCY,7945584,0.912,United States
3445,FibroBiologics,FBLG,7930639,1.14,United States
3446,SurgePays,SURG,7883355,0.149,United States
3447,Co-Diagnostics,CODX,7819077,1.12,United States
3448,Longeveron,LGVN,7779203,2.44,United States
3449,Soligenix,SNGX,7694097,0.3535,United States
3450,Aprea Therapeutics,APRE,7617637,0.605,United States
3451,"Reed's, Inc.",REED,7469964,0.63,United States
3452,Signing Day Sports,SGN,7408163,0.5401,United States
3453,Skye Bioscience,SKYE,7305665,1.65,United States
3454,AIM ImmunoTech,AIM,7292777,0.1828,United States
3455,Game Your Game,GYGY,7273134,0.5055,United States
3456,bioAffinity Technologies,BIAF,7186410,6.16,United States
3457,AppTech Payments,APCX,7145852,0.1698,United States
3458,KALA BIO,KALA,6962323,0.36,United States
3459,Mangoceuticals,MGRX,6795266,0.4437,United States
3460,VolitionRx,VNRX,6793710,0.226,United States
3461,reAlpha Tech,AIRE,6727419,1.12,United States
3462,"DSS, Inc. (Document Security Systems)",DSS,6497509,0.647,United States
3463,Imunon,IMNN,6396999,1.14,United States
3464,ESS Tech,GWH,6310959,0.1567,United States
3465,TPI Composites,TPIC,6193621,0.1271,United States
3466,authID,AUID,6077843,0.3635,United States
3467,Solo Brands,SBDS,6034823,2.35,United States
3468,Bakhu Holdings,BKUH,6026059,0.02,United States
3469,Sonoma Pharmaceuticals,SNOA,5841878,1.22,United States
3470,enVVeno Medical Corporation,NVNO,5836538,8.4,United States
3471,Sonim Technologies,SONM,5760359,3.87,United States
3472,Socket Mobile,SCKT,5507334,0.6642,United States
3473,Pulmatrix,PULM,5441904,1.49,United States
3474,Jet.AI,JTAI,5336281,1.5,United States
3475,CaliberCos,CWD,5262942,0.5068,United States
3476,Origin Materials,ORGN,5228483,0.9501,United States
3477,Xenetic Biosciences,XBIO,5178430,2.21,United States
3478,Talis Biomedical,TLIS,5176808,2.84,United States
3479,"Cyabra, Inc.",CYAB,5126026,0.1874,United States
3480,Gaxos.ai,GXAI,5022159,0.4544,United States
3481,Polar Power,POLA,4955716,1.15,United States
3482,Lunai Bioworks,LNAI,4941940,1.09,United States
3483,Vertex Energy,VTNR,4872095,0.0521,United States
3484,Sonendo,SONX,4764978,1.0,United States
3485,AquaBounty Technologies,AQB,4753443,0.9235,United States
3486,Hydrofarm,HYFM,4723418,0.9801,United States
3487,Kidpik,PIK,4644903,2.38,United States
3488,cbdMD,YCBD,4560453,0.407,United States
3489,AMASS Brands Inc.,AMSS,4478400,0.3859,United States
3490,zSpace,ZSPC,4448148,0.12,United States
3491,Focus Universal,FCUV,4428874,4.51,United States
3492,CXApp,CXAI,4417699,1.89,United States
3493,"Bark, Inc.",BARK,4377870,0.5066,United States
3494,CASI Pharmaceuticals,CASI,4263766,0.2075,United States
3495,QVC Group,QVCGA,4255453,0.34,United States
3496,Golden Minerals,AUMN,4162138,0.2203,United States
3497,Tivic Health Systems,TIVC,4029097,1.4,United States
3498,Eterna Therapeutics,ERNA,3901462,2.39,United States
3499,Expion360,XPON,3898117,3.85,United States
3500,Cheetah Net Supply Chain Service,CTNT,3733514,2.8,United States
3501,Avalon GloboCare,ALBT,3707637,0.282,United States
3502,Granite Point Mortgage Trust,GPMT,3581606,0.7431,United States
3503,Unity Biotechnology,UBX,3444161,0.2001,United States
3504,AiRWA Inc.,YYAI,3420859,0.7466,United States
3505,Cemtrex,CETX,3373436,1.96,United States
3506,Eagle Pharmaceuticals,EGRX,3289388,0.25,United States
3507,ShiftPixy,PIXY,3265294,6.53,United States
3508,VivoSim Labs,VIVS,3176313,0.1915,United States
3509,Forza X1,FRZA,3150960,0.2,United States
3510,Advent Technologies,ADN,3023365,0.9185,United States
3511,Cadrenal Therapeutics,CVKD,3012761,0.9723,United States
3512,ATI Physical Therapy,ATIP,2977762,0.675,United States
3513,Sleep Number,SNBR,2881125,0.125,United States
3514,Marin Software,MRIN,2863609,0.8981,United States
3515,Inotiv,NOTV,2787563,0.0799,United States
3516,Vaccinex,VCNX,2783702,1.04,United States
3517,iSpecimen,ISPC,2770449,1.1,United States
3518,Boxlight,BOXL,2736238,3.2399,United States
3519,Matinas BioPharma,MTNB,2713270,2.77,United States
3520,PREIT (Pennsylvania Real Estate Investment Trust),PRET,2690436,0.4974,United States
3521,Xilio Therapeutics,XLO,2676465,0.5101,United States
3522,Staffing 360 Solutions,STAF,2654640,1.615,United States
3523,BioAtla,BCAB,2649099,1.59,United States
3524,Vivakor,VIVK,2604749,4.35,United States
3525,PMGC Holdings,ELAB,2542078,3.14,United States
3526,BIO-key International,BKYI,2527965,1.76,United States
3527,Nuwellis,NUWE,2519165,0.6907,United States
3528,Beyond Air,XAIR,2500393,2.54,United States
3529,Alaunos Therapeutics,TCRT,2453232,0.8381,United States
3530,LM Funding America,LMFA,2430118,2.6,United States
3531,Cloudastructure,CSAI,2329438,2.63,United States
3532,BioXcel Therapeutics,BTAI,2313476,0.0739,United States
3533,Oragenics,OGEN,2255527,0.4999,United States
3534,Edible Garden,EDBL,2224720,1.14,United States
3535,Sow Good,SOWG,2203871,0.1099,United States
3536,Genprex,GNPX,2147637,2.62,United States
3537,Clearside Biomedical,CLSD,2145948,0.41,United States
3538,Fly-E Group,FLYE,2073130,1.27,United States
3539,"Greenlane Holdings, Inc.",GNLN,2048904,2.95,United States
3540,Lakewood-Amedex Biotherapeutics,LABT,2013760,0.8498,United States
3541,Cutera,CUTR,1956013,0.0969,United States
3542,Nauticus Robotics,KITT,1917803,1.54,United States
3543,Trinity Place Holdings,TPHS,1882347,0.0285,United States
3544,Cue Biopharma,CUE,1804119,0.5542,United States
3545,Curis,CRIS,1786312,0.7366,United States
3546,Sonder Holdings,SOND,1680861,0.1263,United States
3547,Traeger,COOK,1642351,0.5983,United States
3548,CorEnergy Infrastructure Trust,CORR,1627350,0.0198,United States
3549,Lazydays Holdings,GORV,1573084,0.4211,United States
3550,Benson Hill,BHIL,1522391,0.249,United States
3551,Maison Solutions,MSS,1453800,1.67,United States
3552,Synergy CHC,SNYR,1348439,0.0905,United States
3553,iPower,IPW,1313087,1.04,United States
3554,Actelis Networks,ASNS,1193875,0.0414,United States
3555,Cytosorbents,CTSO,1100062,0.3501,United States
3556,Danimer Scientific,DNMR,1056961,0.35,United States
3557,Wheeler Real Estate Investment Trust,WHLR,1038276,0.689,United States
3558,LMP Automotive Holdings,LMPX,1036332,0.095,United States
3559,Evofem Biosciences,EVFM,980722,0.0074,United States
3560,Leslie's,LESL,955278,0.102,United States
3561,Quince Therapeutics,QNCX,900311,0.9206,United States
3562,La Rosa Holdings,LRHC,860154,1.51,United States
3563,Greene Concepts,INKW,848174,0.0133,United States
3564,BNB Plus Corp.,BNBX,805638,0.13,United States
3565,Direct Digital Holdings,DRCT,730481,0.91,United States
3566,Onfolio Holdings,ONFO,694450,0.817,United States
3567,Yellow Corporation,YELLQ,693890,0.0102,United States
3568,Arcadia Biosciences,RKDA,691443,0.287,United States
3569,Alkaline Water Company,WTER,676591,0.019,United States
3570,Tapinator,TAPM,673183,0.247,United States
3571,22nd Century Group,XXII,636525,0.8915,United States
3572,Tevogen Bio,TVGN,627896,0.1551,United States
3573,Kaival Brands Innovations,KAVL,593876,0.0304,United States
3574,Ocean Power Technologies,OPTT,546280,1.82,United States
3575,Vicarious Surgical,RBOT,499194,0.07,United States
3576,Ayr Wellness,AYRWF,432062,0.0037,United States
3577,Ontrak,OTRK,425780,0.0601,United States
3578,Gauzy,GAUZ,395961,0.3445,United States
3579,Viracta Therapeutics,VIRX,388698,0.00978,United States
3580,Impac Mortgage Holdings,IMPM,365688,0.01,United States
3581,VYNE Therapeutics,VYNE,339859,0.509,United States
3582,Lyra Therapeutics,LYRA,337227,0.19,United States
3583,NantHealth,NHIQ,329655,0.012,United States
3584,SOBR Safe,SOBR,266666,0.0495,United States
3585,Allurion Technologies,ALUR,263659,0.4339,United States
3586,Scienture Holdings,SCNX,260839,0.1588,United States
3587,Leafly Holdings,LFLY,232138,37.0,United States
3588,Trulite,TRUL,212013,0.0001,United States
3589,Ampio Pharmaceuticals,AMPE,207884,0.1831,United States
3590,BloomZ,BLMZ,187531,0.128,United States
3591,Ocean Biomedical,OCEA,185892,0.0008,United States
3592,Wearable Health Solutions,WHSI,182670,0.0001,United States
3593,Faraday Future,FFAI,174605,0.0717,United States
3594,ProPhase Labs,PRPH,157484,0.0101,United States
3595,"Freight Technologies, Inc.",FRGT,155109,0.2523,United States
3596,Hallmark Financial Services,HALL,145478,0.08,United States
3597,Petros Pharmaceuticals,PTPI,139828,0.0033,United States
3598,Cenntro Inc.,CENN,113554,0.0775,United States
3599,Solar Integrated Roofing,SIRC,109754,1e-05,United States
3600,Loop Media,LPTV,103383,0.0007,United States
3601,PaxMedica,PXMD,88385,0.0007,United States
3602,Vincerx Pharma,VINC,68045,0.013,United States
3603,Exela Technologies,XELA,55502,0.002,United States
3604,ToughBuilt Industries,TBLT,47699,0.011,United States
3605,Presto Automation,PRST,41851,0.0001,United States
3606,Vinco Ventures,BBIG,32500,0.0025,United States
3607,Novo Integrated Sciences,NVOS,27622,0.0014,United States
3608,Gaming Technologies (Gametech),GMGT,27420,0.0006,United States
3609,Carisma Therapeutics,CARM,20922,0.0005,United States
3610,Movella,MVLA,20362,0.0004,United States
3611,Remark Holdings,MARK,18570,0.0003,United States
3612,Gamer Pakistan,GPAK,17905,0.0007,United States
3613,T2 Biosystems,TTOO,16827,0.0006,United States
3614,Mobile Global Esports (Mogo),MGAM,15091,0.0002,United States
3615,iEntertainment Network,IENT,13087,0.0001,United States
3616,Vaxxinity,VAXX,12678,0.0001,United States
3617,Syros Pharmaceuticals,SYRS,10732,0.0004,United States
3618,Trevena,TRVN,10365,0.012,United States
3619,4Front Ventures,FFNTF,9152,1e-05,United States
3620,Adamas One,JEWL,7609,0.0002,United States
3621,Freeze Tag,FRZT,7505,0.0001,United States
3622,USD Partners,USDP,6754,0.0002,United States
3623,Stryve Foods,SNAX,4792,0.0011,United States
3624,Lipella Pharmaceuticals,LIPO,2310,0.0005,United States
3625,Viveve Medical,VIVE,2144,0.0002,United States
3626,Lightning eMotors,ZEVY,1318,0.0002,United States
3627,Hempacco,HPCO,1184,0.0002,United States
3628,eFFECTOR Therapeutics,EFTR,940,0.0002,United States
3629,Grom Social Enterprises,GROM,902,0.0001,United States
3630,Minerva Surgical,UTRS,887,0.0001,United States
3631,Calithera Biosciences,CALA,487,0.0001,United States
3632,Telesis Bio,TBIO,177,0.0001,United States
3633,Pershing Square USA,PSUS,0,0.0,United States
